date,spy_return,spy_index,qqq_return,qqq_index
2021-09-29,,100.0,,100.0
2021-09-30,-0.012222288229554956,98.7777711770445,-0.0036738305691794704,99.63261694308206
2021-10-01,0.01188432818373153,99.95167862697004,0.00620164204154805,100.25050276902572
2021-10-04,-0.012896262074442832,98.66267558461615,-0.02098928627923702,98.14631626676919
2021-10-05,0.010404999515108093,99.68926067623335,0.013498697881253685,99.47116373821228
2021-10-06,0.004156130750530895,100.10358227802753,0.0064078227699866375,100.10855732617108
2021-10-07,0.008645707407810121,100.96904856087701,0.009174878973652767,101.02704122386568
2021-10-08,-0.001823706669300651,100.78491063362361,-0.004986497681437108,100.52327011704041
2021-10-11,-0.007239821364831811,100.05524588436563,-0.007669851613410383,99.75227155154793
2021-10-12,-0.0024614229820133504,99.80896760267485,-0.0034875676823349355,99.40437875304525
2021-10-13,0.003597479318952379,100.16802829947147,0.008008160473823134,100.20042496990034
2021-10-14,0.0168206797850734,101.85292262819905,0.01841660871462447,102.04577698961008
2021-10-15,0.007615912889028298,102.62862561442836,0.006300441784785837,102.68871046691636
2021-10-18,0.002960478436147218,102.9324554474913,0.010055875349077148,103.72133533912915
2021-10-19,0.007714726580820841,103.72655119756122,0.007567526245147338,104.50624926648975
2021-10-20,0.0039278962523918715,104.13397832928366,-0.0013050707576302,104.36986121658245
2021-10-21,0.0026082800432354336,104.40558890678264,0.0061070655889452485,105.00725480454123
2021-10-22,-0.0010361379361145673,104.29741031537394,-0.00840248097219276,104.12493334410387
2021-10-25,0.005362556364772786,104.85671105688996,0.010237742324151755,105.19093758120029
2021-10-26,0.0009001774928265593,104.95110070815518,0.0031487562263148305,105.52215820086097
2021-10-27,-0.004430288575587471,104.48613704569252,0.002321352520217257,105.7671123287393
2021-10-28,0.009648694120597545,105.49429182188923,0.01110500262139169,106.94165638840698
2021-10-29,0.002029247678350332,105.708365868648,0.004919230829034893,107.46772708142089
2021-11-01,0.0017202733140799786,105.89021314952684,0.0034186245368297286,107.83511889013877
2021-11-02,0.004043178875095865,106.3183462224124,0.004181316220236209,108.2860116218652
2021-11-03,0.006105052249498977,106.96742528118055,0.010615534681607919,109.43552553377009
2021-11-04,0.004712719110861574,107.47153271054282,0.012818824176716204,110.83836029427403
2021-11-05,0.0034694970703756933,107.84440487843084,0.0009543108858400817,110.94413454807153
2021-11-08,0.0008537203550849082,107.93647384205755,-0.0013549244039586794,110.79381363269627
2021-11-09,-0.0033055097906576902,107.57968877100356,-0.00688334320993822,110.03118178792448
2021-11-10,-0.00804481573074367,106.71422999847009,-0.014696948221366801,108.41405920645155
2021-11-11,0.0003237380199339057,106.74877745198856,0.002772604606369411,108.71464852640256
2021-11-12,0.007546845912582478,107.55439402677528,0.010522721988836636,109.85862254895997
2021-11-15,0.0003422273814306376,107.59120208540442,-0.00022807862124207823,109.83356614579745
2021-11-16,0.003957897188071158,108.01703700159943,0.007120975223082748,110.61568824898448
2021-11-17,-0.00242927354229161,107.75463407149472,0.000528277398723187,110.67412401703064
2021-11-18,0.0033963289899670013,108.12060425899503,0.010361643761955586,111.8208898637616
2021-11-19,-0.0017883093263195704,107.92725117403137,0.005575295169360839,112.44432433085265
2021-11-22,-0.002814926710448029,107.62344387191635,-0.01160899825398809,111.13895836602492
2021-11-23,0.0013258123714854353,107.76613236526362,-0.004557924047933648,110.63239543502613
2021-11-24,0.002669857393654773,108.0538525705446,0.003220130650001929,110.98864620244959
2021-11-26,-0.022303070793029844,105.64391984720413,-0.018958653214115828,108.88445094839317
2021-11-29,0.012266583860045532,106.93980984931379,0.021702258383275552,111.24748943679627
2021-11-30,-0.01945753988185739,104.85902423421251,-0.014686284357391721,109.61367717288155
2021-12-01,-0.011107363637542056,103.69431692136529,-0.017013020909640852,107.74881739115669
2021-12-02,0.015316452230685895,105.28254597308498,0.007207176181067254,108.52538210139639
2021-12-03,-0.008701212571399997,104.36646016051496,-0.017388460809573902,106.63829274788223
2021-12-06,0.011843271220906448,105.60250045456188,0.008012900083850916,107.49277473278347
2021-12-07,0.020684669994501803,107.78685332705871,0.030113833153590397,110.72979421630298
2021-12-08,0.0026479531544387758,108.07226786533313,0.004474151633810708,111.22521610600738
2021-12-09,-0.006751428768194345,107.3426256470231,-0.014713932562997911,109.58865577691871
2021-12-10,0.009413482737435475,108.35309360054235,0.010870205837128388,110.77990702262804
2021-12-13,-0.008858454166720042,107.39325268705961,-0.0144468021182248,109.17949162719678
2021-12-14,-0.006880133420683943,106.65437278009142,-0.010350306089976224,108.0494504701073
2021-12-15,0.01562525306227336,108.32087434497839,0.02279731951376185,110.51268831576073
2021-12-16,-0.008818656661312763,107.36562974487683,-0.025714587551665335,107.6709001164952
2021-12-17,-0.010642880396514953,106.22295018880558,-0.004989061357594693,107.13372338938656
2021-12-20,-0.010633497567734795,105.09342870633532,-0.009700330094688958,106.09449090823642
2021-12-21,0.01775925609634954,106.95980982077458,0.022380446556350853,108.46893299193145
2021-12-22,0.009998582334056705,108.02925628570263,0.012178491031878513,109.78992091961113
2021-12-23,0.006222280187395679,108.70144458674827,0.007539116285190994,110.61763990036599
2021-12-27,0.014151886556629911,110.23977509908171,0.016527029413384353,112.44582088863851
2021-12-28,-0.0008171845427517033,110.14968885887433,-0.004634540205605164,111.92468621077782
2021-12-29,0.0012792459962367442,110.29059740733376,-0.00014958445547752497,111.9079440175365
2021-12-30,-0.0027645494304679996,109.98569359908534,-0.0029881482138406357,111.57354649450593
2021-12-31,-0.0025199704792532307,109.70853289807545,-0.006244666097717122,110.87680695130962
2022-01-03,0.005789681505221411,110.34371036196042,0.009626862484883425,111.94420272459284
2022-01-04,-0.00033486960436235336,110.30675960732763,-0.012970690623526293,110.49220910395485
2022-01-05,-0.01920208157133141,108.18864021147847,-0.03072098371781129,107.09777974712726
2022-01-06,-0.0009394434202100177,108.08700310529034,-0.0007027734791920093,107.02251426784063
2022-01-07,-0.003953430441838268,107.65968865684681,-0.01083277610270128,105.86316333282898
2022-01-10,-0.00124444468007745,107.52571213003901,0.0006580601329728708,105.9328276601687
2022-01-11,0.009108358701072294,108.50509488570765,0.015022158985713796,107.52416743908597
2022-01-12,0.00270358680001781,108.79844782797534,0.003965587029540751,107.95056388284459
2022-01-13,-0.013778589136642316,107.29935871664927,-0.025016234726993103,105.25004723784008
2022-01-14,0.00040890520216718684,107.34323398261772,0.006222714041281829,105.90498818463257
2022-01-18,-0.0177096507241562,105.44222280118419,-0.024894268526952534,103.26856097042058
2022-01-19,-0.01038344825071158,104.34736893728808,-0.010983505165472751,102.13431019757104
2022-01-20,-0.01106818891090977,103.19243254553379,-0.012988500861861207,100.80773862154429
2022-01-21,-0.019630436244531646,101.16672007753056,-0.02772857438654197,98.01248374243772
2022-01-24,0.004246580345837581,101.59633268266465,0.004577947755373346,98.46117977238498
2022-01-25,-0.012209139393908885,100.35592889503206,-0.0231815922502967,96.17869285041839
2022-01-26,-0.0025086790100977696,100.10416808267424,-0.0015643895723136403,96.02823190624444
2022-01-27,-0.004937845907487137,99.6098691259848,-0.010070815878169714,95.06114926361047
2022-01-28,0.024835270076550175,102.08370712801845,0.03136901408658166,98.04312379394732
2022-01-31,0.01801115544531484,103.92235264553517,0.03197840077467573,101.17838609983131
2022-02-01,0.006757035576570258,104.62455967956194,0.0068035560657826455,101.86675892230693
2022-02-02,0.009714172501468,105.64090070017936,0.008125334367282022,102.69446039946197
2022-02-03,-0.023505154873708634,103.15779496822357,-0.04054389873749131,98.53082659612488
2022-02-04,0.00470220188883097,103.6428637465708,0.012615170073767557,99.7738097311439
2022-02-07,-0.003209187317713802,103.31025438266374,-0.008044559232081472,98.97117340895127
2022-02-08,0.008227668660010456,104.1602569249057,0.01123510157918739,100.08312459561222
2022-02-09,0.01463621131450532,105.68476845583177,0.021190884455975167,102.20397452491079
2022-02-10,-0.017965459932445693,103.78609298266872,-0.022632541797210748,99.89083879963468
2022-02-11,-0.019719174958669594,101.73951685686673,-0.03172148184803103,96.72215336986748
2022-02-14,-0.0032690034632952836,101.40693002390763,0.0012388153953328818,96.84197426253182
2022-02-15,0.01612659779570258,103.04227879810016,0.024863859146971645,99.24983947011006
2022-02-16,0.0011210560506889067,103.15779496822353,-0.000252634229901183,99.2247655633477
2022-02-17,-0.021361248387387954,100.95421568681206,-0.029743753572722964,96.27344858812027
2022-02-18,-0.006475191735679453,100.30051778371482,-0.011405294908365726,95.17542151512738
2022-02-22,-0.010731834208122182,99.22410925587118,-0.010043996507939412,94.21947991378778
2022-02-23,-0.017738658942609176,97.46400662289709,-0.025615179134226396,91.80603105786246
2022-02-24,0.015049065098108327,98.93074880328753,0.03360479925566917,94.89115430202165
2022-02-25,0.022064204554771427,101.11357708163997,0.015506886666906805,96.36262067747506
2022-02-28,-0.002558512435145932,100.8548767373145,0.0029788551147866826,96.64967096295442
2022-03-01,-0.015230199229330665,99.31883687135561,-0.015311400786261142,95.16982911498036
2022-03-02,0.01839625502161857,101.14593152289162,0.016779355757121195,96.76671753504505
2022-03-03,-0.004978689595770636,100.64235732596407,-0.014284630270714471,95.38444075254627
2022-03-04,-0.008124592507366635,99.82467918370983,-0.014492096725549741,94.0021202110479
2022-03-07,-0.029479204088273314,96.88192709300684,-0.03688102196372922,90.53522595090712
2022-03-08,-0.0075817178296765375,96.14739565899237,-0.004648249281882677,90.11439565189573
2022-03-09,0.026810796775889933,98.72518394453668,0.03599814308897953,93.35834656094958
2022-03-10,-0.004515462093343525,98.27939411877676,-0.011104933370868486,92.32160834277579
2022-03-11,-0.012714887451551027,97.02978268374989,-0.020738427837443507,90.40700333032242
2022-03-14,-0.007308390534828901,96.32065113838748,-0.019204356509866738,88.6707950073782
2022-03-15,0.02199052749086894,98.43879306518457,0.03136663554000352,91.452099517417
2022-03-16,0.02217393812107349,100.62156877132513,0.037086970223222604,94.84378080907064
2022-03-17,0.012510877734156045,101.88043291564215,0.012106143179054119,95.99197319918807
2022-03-18,0.010953013619429797,102.99633068492058,0.02046779546974431,97.95671727336622
2022-03-21,-0.000292548166721196,102.9661992971997,-0.00278010294341402,97.68438751534735
2022-03-22,0.011701412308080306,104.1710492489722,0.01965267809354776,99.60414733795186
2022-03-23,-0.012878436410787009,102.82948901537435,-0.014371157517931055,98.17272044711893
2022-03-24,0.015074315468143196,104.37957317222006,0.02222647750394202,100.35475420963762
2022-03-25,0.004883740005871218,104.88933586951698,-0.0008342376867529477,100.2710344916311
2022-03-28,0.007113114065659953,105.63542567982817,0.015472554788739545,101.82248356652646
2022-03-29,0.012370589142402633,106.94219812979613,0.017209820273597742,103.57483020851774
2022-03-30,-0.006174779874452363,106.28185359705458,-0.011045664148842449,102.43077741976107
2022-03-31,-0.015391144751325303,104.64605420390313,-0.012394600907538411,101.16118881299425
2022-04-01,0.0028341477411288896,104.94263658204319,-0.001903554671849883,100.96862295941939
2022-04-04,0.008566440222564253,105.84162140512154,0.020588723242590756,103.04743799371639
2022-04-05,-0.012631314983390096,104.50470254680073,-0.02220422087595253,100.75934991980289
2022-04-06,-0.009999338115811884,103.45972469134293,-0.021711222440468525,98.57174126073704
2022-04-07,0.005039024565172356,103.98106078556857,0.002377780392034845,98.80612321431556
2022-04-08,-0.0026739427918821557,103.70302137758873,-0.013979159606462566,97.42489664780683
2022-04-11,-0.017092387303460188,101.93048917166398,-0.023657418120615392,95.12007513245193
2022-04-12,-0.0037051107333415656,101.5528254221793,-0.004224267455972042,94.7182624946603
2022-04-13,0.011453449391048975,102.71595556867025,0.020327148873323875,96.64361471741184
2022-04-14,-0.012451661221985044,101.43697128783671,-0.02286720663663,94.43364520955791
2022-04-18,0.0004112139236411849,101.47868358280225,0.0007681972812916271,94.50618887907035
2022-04-19,0.016142504247735445,103.11680366359224,0.02235081843880704,96.61847954805006
2022-04-20,-0.0007415137426584062,103.04034113657667,-0.014584268016178847,95.2093697470056
2022-04-21,-0.014953453177773524,101.49953221996905,-0.020690914181695774,93.23940084827697
2022-04-22,-0.027439269381255293,98.71445921331392,-0.026185921563695036,90.79784121101807
2022-04-25,0.005797540735594353,99.28676031179528,0.012845692267446696,91.9642023377633
2022-04-26,-0.02896062957699619,96.41135322450538,-0.037745028018088655,88.49301094386324
2022-04-27,0.0028116745175539304,96.6824305695696,-0.0011982506489947031,88.38697413606825
2022-04-28,0.025259599648388198,99.12459005879002,0.0355156614459371,91.52609598571566
2022-04-29,-0.03695575649822136,95.46136584559136,-0.04499848632249426,87.40756020735112
2022-05-02,0.006019417185475051,96.03598763171124,0.016695968642830294,88.86691409171937
2022-05-03,0.004583877171016937,96.4762048030123,0.0010677428790057952,88.96180110642001
2022-05-04,0.030453162798029787,99.4142103740145,0.033811898350531555,91.96976848251049
2022-05-05,-0.03554281586468733,95.88074940035762,-0.050364227857971344,87.33778210661247
2022-05-06,-0.005969119275857082,95.30842577092832,-0.011980570390548229,86.29142566032982
2022-05-09,-0.032017042891302694,92.25693181511797,-0.039127171217328005,82.91508627393077
2022-05-10,0.0023105613240217426,92.4700971136429,0.012149277907330447,83.92244469978304
2022-05-11,-0.01588616559340006,91.00110183845777,-0.02965847700592039,81.43343280337389
2022-05-12,-0.0010438387516716885,90.90611136191397,-0.0023643802250116197,81.24089320519879
2022-05-13,0.023907884277198255,93.0794841524447,0.037060082535761874,84.25168741266246
2022-05-16,-0.004057836208524956,92.7017828513801,-0.01159203322729585,83.27503905271915
2022-05-17,0.020570497583296543,94.60870465149169,0.02590163727681749,85.43199890847549
2022-05-18,-0.04031160339463624,90.79487607190049,-0.04909037397267635,81.23811013282516
2022-05-19,-0.006124727084282022,90.23878223530889,-0.0053585014122353725,80.80279560495109
2022-05-20,0.0004366928163574979,90.2781888632679,-0.0031077562742710674,80.55168020993115
2022-05-23,0.018709946742905048,91.96728896894555,0.016627421104250972,81.89104691743664
2022-05-24,-0.007633603370783559,91.26524716187039,-0.021262038513839565,80.14987632393947
2022-05-25,0.008834606033499837,92.0715396650955,0.013995257969391384,81.27159451930781
2022-05-26,0.019981494930030097,93.91126666811367,0.02770724355263332,83.52340638256514
2022-05-27,0.024549069228408715,96.21670085487675,0.0326394664302212,86.24956580132658
2022-05-31,-0.005610840203845502,95.67684432143882,-0.002652747328125482,86.02076749609515
2022-06-01,-0.008088691844742923,94.90294381104526,-0.007395825565018721,85.38457290472499
2022-06-02,0.0190435604599275,96.710233759336,0.027385578240775477,87.72287880656253
2022-06-03,-0.016411449076670692,95.12307868280175,-0.026019488377707956,85.4403743809961
2022-06-06,0.0030446903026577488,95.41269899802623,0.0033311802197080187,85.72499166609852
2022-06-07,0.009592403909284064,96.32793614489023,0.008625921848690599,86.46444874468993
2022-06-08,-0.010872220302956093,95.2806376017939,-0.007197038671228118,85.84216076338798
2022-06-09,-0.023782902243187465,93.01458751204187,-0.026784482666336373,83.54292289638016
2022-06-10,-0.02899552762192059,90.3175804705949,-0.0352703843858434,80.59633189310796
2022-06-13,-0.03796827538252534,86.88837770340396,-0.046496433153457195,76.84888993482622
2022-06-14,-0.0030132583019540915,86.62656057794585,0.0018154125921143738,76.98840237730391
2022-06-15,0.01425620861110155,87.86152689680728,0.024971964444151507,78.91095402408197
2022-06-16,-0.0330960179690547,84.95366022384195,-0.04034640782384369,75.72718049125778
2022-06-17,0.0021556639752693396,85.13679176875377,0.0121594798419693,76.6479836159304
2022-06-21,0.02517373883863594,87.2800031302997,0.02522971081876535,78.58179007740179
2022-06-22,-0.001812784385014199,87.1217833035011,-0.0014585258442293414,78.4671765056881
2022-06-23,0.009802434113239666,87.97578884416161,0.014892760103829783,79.63576934141217
2022-06-24,0.03179394080225251,90.77288586670436,0.03426351240785208,82.3643705123505
2022-06-27,-0.003819904757626058,90.4261420881187,-0.0073314217679376625,81.76052257347376
2022-06-28,-0.020432867800673327,88.57847668110725,-0.030466901687814962,79.26953277028336
2022-06-29,-0.0008142109356593652,88.50635511672945,0.0009170288706215057,79.3422252203944
2022-06-30,-0.008124475270262832,87.78728742332248,-0.012403183033235399,78.35812907872165
2022-07-01,0.010576706401820513,88.71578778821119,0.006600529208377726,78.8753341984196
2022-07-05,0.0018883347877218792,88.88331289651181,0.017119724115586488,80.22565815942122
2022-07-06,0.0033774038156864084,89.18350773663934,0.006412079468418597,80.74007145494562
2022-07-07,0.014977177301750189,90.51922494440299,0.021398858104659357,82.46781678737005
2022-07-08,-0.0008225575582866407,90.44476767175473,0.0012545958247704991,82.57128056598943
2022-07-11,-0.011423731048537444,89.41155097112515,-0.021364468921734936,80.80718900850948
2022-07-12,-0.00884868038368225,88.62037673397235,-0.00968742391593469,80.024375513129
2022-07-13,-0.005251775027076633,88.15496245255076,-0.0020612959961119337,79.85942158829242
2022-07-14,-0.0024284685866662326,87.940880895476,0.003570773379343528,80.14458148498967
2022-07-15,0.019105167710063986,89.62100617355482,0.01813934528179484,81.59835172101084
2022-07-18,-0.00825689718658773,88.88101473982123,-0.008462818256623428,80.90779970035588
2022-07-19,0.0270189151671838,91.28248333704967,0.030753283177049173,83.3959801757729
2022-07-20,0.006372981369525688,91.86422490272072,0.015856633150414634,84.7183596396394
2022-07-21,0.010183343513134213,92.79970986147295,0.014355109917689957,85.9345010043128
2022-07-22,-0.009278020870165049,91.93871221663294,-0.017535476388487514,84.42759859099522
2022-07-25,0.0012149499042493073,92.05041314623735,-0.005695517848043008,83.94673969635281
2022-07-26,-0.011831081064542892,90.96135724627953,-0.019648684207782763,82.29729671778622
2022-07-27,0.025966430973745513,93.32329905049326,0.0422591828060086,85.77511322422349
2022-07-28,0.012542315456725461,94.49378930664687,0.009778535625568852,86.61386822467377
2022-07-29,0.014578918580121503,95.87140656727563,0.018236901784959958,88.1934368327026
2022-08-01,-0.002961466776798649,95.58748658188169,-0.0006022519997416209,88.14032215900602
2022-08-02,-0.006597136340765308,94.95688290042995,-0.002981697743684175,87.87751435929691
2022-08-03,0.015659317214255175,96.44384285144466,0.027232730665698313,90.27065903941467
2022-08-04,-0.0006755432925520388,96.3786908602984,0.00467612420348984,90.69277585301386
2022-08-05,-0.0016900388620103568,96.21580712727481,-0.008168675575428441,89.95193599003554
2022-08-08,-0.0011610196209506096,96.10409868735445,-0.0032324045663272294,89.66117494139138
2022-08-09,-0.003971076279283947,95.72246198071514,-0.011318820203332747,88.6463162230102
2022-08-10,0.021004178427713516,97.7330336516981,0.027911158184225737,91.12053757755953
2022-08-11,0.0,97.7330336516981,-0.0056761503525767365,90.60332370606169
2022-08-12,0.01692892401637347,99.38754875227737,0.019470591553605754,92.36742401534154
2022-08-15,0.004120838742911914,99.7971088137388,0.008081309776498458,93.11387378206669
2022-08-16,0.0019587591936305326,99.99258731812546,-0.002342050024075615,92.89579643173363
2022-08-17,-0.0070980751736213765,99.28283241653651,-0.011405929579774932,91.83623351937617
2022-08-18,0.0029065334253992603,99.57140128752347,0.0024049377271126993,92.05709394208284
2022-08-19,-0.013438275643046227,98.23333335085736,-0.019496899173439552,90.2622660632942
2022-08-22,-0.020822357428297522,96.18788377245271,-0.02632746035658262,87.88588983181751
2022-08-23,-0.0024193759328078324,95.95516912142593,-0.0008269239425152675,87.81321488530632
2022-08-24,0.003201202462437047,96.262341045101,0.0028971274098212874,88.06762095709507
2022-08-25,0.014117427870615096,97.62131770146176,0.017681955550944428,89.62482871633584
2022-08-26,-0.03384904961011426,94.31692887558026,-0.040987991970495075,85.95128695655367
2022-08-29,-0.006611952859606807,93.69330978799204,-0.009855733396979316,85.10417398718262
2022-08-30,-0.010977948233955925,92.66474948327146,-0.011136659080431488,84.15639781516563
2022-08-31,-0.007608890960842385,91.95967350853948,-0.005813082837002548,83.66718970340234
2022-09-01,0.0031376669654687994,92.24821233826252,0.0004341005092263206,83.70350967305814
2022-09-02,-0.010544443736140718,91.27550625350216,-0.014128179530471519,82.52093146106661
2022-09-06,-0.0037731157439623297,90.93111320381894,-0.007182079502608074,81.92825957068395
2022-09-07,0.017964987803009702,92.56468954343964,0.02020113864478712,83.58330370119744
2022-09-08,0.006536305134456022,93.16972059897175,0.005184592540657729,84.0166490740902
2022-09-09,0.015535284726227117,94.6171387363398,0.021862247300188153,85.85344183348109
2022-09-12,0.010747569709857352,95.63404303065586,0.011885660508609508,86.8738666966095
2022-09-13,-0.043482443542881666,91.47564115379785,-0.05483669809800129,82.10999069596151
2022-09-14,0.003815845961892217,91.82469810970608,0.007932685210479518,82.76134340478798
2022-09-15,-0.011353230481129462,90.78219114820645,-0.01665352931012254,81.38307494665122
2022-09-16,-0.007628850764076489,90.08962735990092,-0.006114844483445014,80.8854300997679
2022-09-19,0.007754773038546103,90.78825197320414,0.007787583579055513,81.5153321469977
2022-09-20,-0.011478620997043887,89.7461280378196,-0.007971121701004114,80.86556351395619
2022-09-21,-0.017443597394883437,88.18063271257822,-0.017906080578120154,79.4175782176802
2022-09-22,-0.008400029707183232,87.43991277819435,-0.012307662808057951,78.44013344394443
2022-09-23,-0.016754875461675756,85.97486792921592,-0.016281734286032967,77.16299203384915
2022-09-26,-0.009892579822617376,85.12435468548716,-0.0041377758451066615,76.84370886927535
2022-09-27,-0.002552953312433992,84.90703618222403,0.0004006682207460255,76.87449770138352
2022-09-28,0.019676812507452235,86.57773601374512,0.019892188505040487,78.40369970088975
2022-09-29,-0.02088916555240783,84.76919935300134,-0.028827336475200305,76.14352986871164
2022-09-30,-0.015463494177168746,83.45837133240293,-0.016956831972312014,74.85237682694917
2022-10-03,0.026401354582920922,85.66178538686279,0.023460509648421723,76.60845173570512
2022-10-04,0.030986377819235855,88.31613383353042,0.03144085686890796,79.01708710167607
2022-10-05,-0.0023282828669367595,88.11050889225172,-0.0005316399419759144,78.97507846207422
2022-10-06,-0.010315693128437275,87.2015879211288,-0.007872899722480398,78.35331558876729
2022-10-07,-0.02789385636334385,84.76919935300134,-0.03810418233444357,75.36772656506471
2022-10-10,-0.007635397604419558,84.12195281133286,-0.00999630385837491,74.61432786920541
2022-10-11,-0.006332999251664195,83.58920854713017,-0.013738039255427936,73.5892733039209
2022-10-12,-0.003298406753903582,83.31349733710486,-0.0003425116546131868,73.56406812015979
2022-10-13,0.026391103457178433,85.51223246470775,0.023452479795298187,75.28932794140776
2022-10-14,-0.022788660079027134,83.56352326647077,-0.030057859573565326,73.02629189475682
2022-10-17,0.025696852172457874,85.71084277085902,0.03302165572256621,75.43774096440112
2022-10-18,0.011749660347963209,86.71791606155429,0.007908063440384083,76.03430740574686
2022-10-19,-0.007086385519014526,86.10339947693657,-0.0036467028428673887,75.75703288077487
2022-10-20,-0.008385403383119883,85.38138773966455,-0.005101796800107583,75.37053589283809
2022-10-21,0.024301608261670715,87.45629277735169,0.02344750420459607,77.13778685008806
2022-10-24,0.01223625401916828,88.52643019135013,0.011001103480012597,77.98638762544505
2022-10-25,0.015968697186321767,89.94008194806185,0.020686020722717302,79.59961565595486
2022-10-26,-0.00753427465770018,89.26244866792908,-0.022096092588333116,77.84077517842515
2022-10-27,-0.0053399523714648955,88.78579144348201,-0.01820601356448015,76.42360496965709
2022-10-28,0.023790787309425854,90.89807532381293,0.030600538458807724,78.7622084326918
2022-10-31,-0.007223441010465237,90.24147843874655,-0.011627922481405761,77.84636757857214
2022-11-01,-0.004375785952843381,89.84660104503047,-0.01021776753370307,77.0509514913111
2022-11-02,-0.02509593673608801,87.59181642925184,-0.03427721361579239,74.40985956774337
2022-11-03,-0.010297125055100054,86.68987254167646,-0.01953474586388171,72.95628187132037
2022-11-04,0.01439324848543766,87.93762141833973,0.0160851309466028,74.12979321859783
2022-11-07,0.00956536436223665,88.77877680835458,0.01099473757159486,74.9448308412729
2022-11-08,0.005395523238437283,89.2577847617041,0.007286974438310612,75.49095190789677
2022-11-09,-0.02060205015006278,87.41889140375996,-0.02307633539201115,73.74889738260796
2022-11-10,0.05495409645594851,92.22291759403427,0.07378844797353934,79.19071406023043
2022-11-11,0.009678489325989803,93.11549611757977,0.018426246277562175,80.64990166040023
2022-11-14,-0.008506618544118827,92.32339811156113,-0.008751050976882224,79.94413025968954
2022-11-15,0.008529003541725588,93.11082470103878,0.0138382739110543,81.05041903180413
2022-11-16,-0.0076287389524076765,92.40050652575117,-0.013649389914695997,79.94413025968953
2022-11-17,-0.003059705465553675,92.1177881909144,-0.00220732330384088,79.76766771796203
2022-11-18,0.004540295581892728,92.53603017765133,3.5109162064950183e-05,79.77046829393547
2022-11-21,-0.003636093591609435,92.1995605113294,-0.010286842754875125,78.949882030113
2022-11-22,0.013457133038062175,93.44030226318122,0.01440285698196253,80.08698588973554
2022-11-23,0.006301523743661663,94.02911854650758,0.010036153757722266,80.89075119411746
2022-11-25,-0.00022388187854704977,94.00806713080925,-0.00657790814774295,80.35865926276063
2022-11-28,-0.015956933471980017,92.5079866577735,-0.014673449824100682,79.1795205081365
2022-11-29,-0.0017174812721068022,92.34910592316848,-0.00756972274488088,78.5801534908173
2022-11-30,0.03150061144404326,95.25815922605899,0.045585896108831125,82.1623002040657
2022-12-01,-0.0007360661866679941,95.18804291604846,0.0012273054478004752,82.26313844270996
2022-12-02,-0.0011534359356638602,95.07824960670357,-0.003983587330822047,81.93543604661592
2022-12-05,-0.017989386309472,93.36785024490017,-0.01678337095300164,80.56028322924962
2022-12-06,-0.014414717179859315,92.02197908992848,-0.020720378368442538,78.89104367927067
2022-12-07,-0.0017013331870802118,91.86541904296199,-0.004082529191231865,78.5689686905233
2022-12-08,0.007834025430885516,92.58509507196351,0.011834745313375583,79.49881242451022
2022-12-09,-0.007470317105600088,91.8934550525238,-0.006376689700573701,78.99187316611501
2022-12-12,0.014417319384672611,93.2183123433771,0.012551261463544572,79.98332081971807
2022-12-13,0.007569829800686989,93.92395910212375,0.010750107970492806,80.8431501543686
2022-12-14,-0.006393494702899627,93.32345676712896,-0.007413624540545727,80.24380939244915
2022-12-15,-0.024461622354868484,91.04061361084055,-0.03357678483689586,77.549480269986
2022-12-16,-0.011806312038161737,89.96575971840525,-0.009534278112735883,76.81010195759383
2022-12-19,-0.008479702491652419,89.20287684155768,-0.01405379279101493,75.73062870042509
2022-12-20,0.0013685678154609082,89.32495702784958,-0.0007783293688808923,75.67168532798372
2022-12-21,0.01495245145828017,90.66058411182145,0.014506245016720376,76.76939733617962
2022-12-22,-0.014266360512394716,89.36718753461793,-0.024465103733640414,74.89122606678093
2022-12-23,0.0057524595231062126,89.88126866360466,0.002249207308387069,75.05967195978441
2022-12-27,-0.003943612260593254,89.52681179050519,-0.014138311224040079,73.99845495724263
2022-12-28,-0.01242773800319985,88.41419602931101,-0.013202898041649314,73.02146090120257
2022-12-29,0.018000118412890176,90.00566202721909,0.0243754085095349,74.80138884063243
2022-12-30,-0.002633869010472134,89.76859890323857,-0.00060068056851037,74.75645709985827
2023-01-03,-0.004209925350794896,89.39067980301049,-0.006759669288974868,74.25112817264778
2023-01-04,0.0077202167699819135,90.08079522830577,0.004764089240836267,74.60486717349505
2023-01-05,-0.011413445164463853,89.05266301159621,-0.0156546112817888,73.4369569781645
2023-01-06,0.022932049317138326,91.09482307160064,0.027601727503372864,75.46394385335272
2023-01-09,-0.0005667271785750883,91.04319715953847,0.0064729317820904075,75.95241681392297
2023-01-10,0.007012709262070649,91.68165663150769,0.008464720422018068,76.5953327876294
2023-01-11,0.012647952927028694,92.84124190885501,0.017300026325555606,77.92043406127009
2023-01-12,0.0036408042855147205,93.17925870026927,0.005404588222357898,78.34156192147864
2023-01-13,0.003879393585923152,93.54073771881217,0.006880314763592077,78.88057652656985
2023-01-17,-0.0018318796027320117,93.36938234936058,0.002028831688740018,79.04061193985305
2023-01-18,-0.01578793565168246,91.89527254899154,-0.012999931903905915,78.0130893669919
2023-01-19,-0.007279823842565203,91.22629115287036,-0.009824378603061179,77.24665924105612
2023-01-20,0.01862886005019604,92.92573296365563,0.027366957257872748,79.36066526281958
2023-01-23,0.01199854943139056,94.04070696406825,0.022215997595921966,81.12374161150913
2023-01-24,-0.0010730311244512292,93.9397983585304,-0.00204199246163006,80.95808754267921
2023-01-25,0.00037455722698753746,93.97498418890734,-0.0022192433881594864,80.7784218421821
2023-01-26,0.010990357304092147,95.00780284278984,0.019497241634029105,82.35337825165465
2023-01-27,0.002297809847618737,95.22611270776262,0.009954750746529184,83.17318560528452
2023-01-30,-0.012546911815448314,94.03131906909039,-0.02021886132679651,81.49151849942336
2023-01-31,0.014703415768071881,95.41390064858344,0.014985822219448997,82.71273590804866
2023-02-01,0.01062783155319913,96.42794351251027,0.021383693050638364,84.48143966408489
2023-02-02,0.014556834007573016,97.8316290799135,0.035889848540914926,87.51346573814735
2023-02-03,-0.010628958338131267,96.79178077027159,-0.01777232060620737,85.95814836768865
2023-02-06,-0.006111262675122409,96.20026077319159,-0.008459169469284933,85.23101382338044
2023-02-07,0.013078453781586008,97.4584114374903,0.02071871312386775,86.99689074804346
2023-02-08,-0.010934754434248739,96.39272764086937,-0.01778127504600646,85.44997510550512
2023-02-09,-0.008669147958933365,95.55708482278551,-0.008837732978973278,84.69479104246275
2023-02-10,0.002333644884199515,95.78008112493123,-0.006563323631705753,84.13891171893138
2023-02-13,0.011738995020518894,96.9044430203217,0.016016292246911812,85.48650511835889
2023-02-14,-0.00046036358648038345,96.85983174338698,0.00738901605742992,86.11816627737201
2023-02-15,0.003247523339902081,97.17438630767262,0.007661036750618688,86.77792071411885
2023-02-16,-0.013768600273843301,95.83643102574625,-0.018764276350099363,85.14959582875211
2023-02-17,-0.002498385856695595,95.59699464191534,-0.007055741778433822,84.54880226804643
2023-02-21,-0.020060873181814154,93.67923545584131,-0.023674911624200767,82.5471168464184
2023-02-22,-0.0013780516118770958,93.55014063442198,0.0007480903340282286,82.6088695466331
2023-02-23,0.005319110076661415,94.04774413014361,0.008734121320401078,83.33038543539459
2023-02-24,-0.010682073631610334,93.04311920245858,-0.016744290876429924,81.93507722281932
2023-02-27,0.0034056010194443154,93.35998694406675,0.0071612268338145935,82.52183289645805
2023-02-28,-0.0036957903289384086,93.01494800720906,-0.001292802610464383,82.4151484554692
2023-03-01,-0.0038359435696107003,92.65814791552313,-0.008039132044740271,81.75260219454881
2023-03-02,0.007777214902593199,93.37877024433841,0.00827620936122675,82.42920384613598
2023-03-03,0.016037928801620804,94.87637231310002,0.020673579767061634,84.13331056698445
2023-03-06,0.0006926409941987455,94.94208757794493,0.0011346829555598514,84.22877520047963
2023-03-07,-0.015328807994141824,93.48673854689962,-0.012265997905688608,83.19562522027184
2023-03-08,0.0016323396538997503,93.63934065734348,0.004994048042334054,83.61110816953389
2023-03-09,-0.01845005043272041,91.9116900997288,-0.017325947628064386,82.16246648826412
2023-03-10,-0.014429412376586792,90.58545842105077,-0.014043575539794406,81.00861168360035
2023-03-13,-0.001425033480576321,90.45637110994743,0.007416632032309467,81.60942274790585
2023-03-14,0.016530000166884218,91.95161493949058,0.022979615915412532,83.48477593773126
2023-03-15,-0.0062544028913595895,91.37651249314786,0.00524616698229563,83.92275101278014
2023-03-16,0.017545287174935087,92.97973964588418,0.026360595916301355,86.1350047404124
2023-03-17,-0.011692798299229201,91.89254630429001,-0.004726185066901145,85.7279147672708
2023-03-20,0.00961561880134143,92.77615000023667,0.003549092788996955,86.03217109138708
2023-03-21,0.013130565275514039,93.99435329382567,0.014282275911052356,87.26090629614113
2023-03-22,-0.0170464850968004,92.39207995121907,-0.013597945324184346,86.07433726338742
2023-03-23,0.002703213934813764,92.64183550920964,0.011858309937403444,87.09503343231326
2023-03-24,0.006562316633642151,93.24978056734287,0.0036802864564151605,87.41556810427524
2023-03-27,0.0018698113259216775,93.4241400631874,-0.006851218666327097,86.81666493235164
2023-03-28,-0.0022448756141957293,93.21441448938235,-0.0053116655631568754,86.35552384292234
2023-03-29,0.01453488723417129,94.56927549258482,0.01823389536192388,87.9301214285983
2023-03-30,0.005855264134920768,95.123003579642,0.009465128708909809,88.76239134531005
2023-03-31,0.01409474100255137,96.46373767848182,0.016631126994601786,90.23860994811844
2023-04-03,0.003810601934808533,96.83132258391831,-0.0024306403838360024,90.01927233859732
2023-04-04,-0.005548235107606714,96.29407964044222,-0.0033733882271298476,89.7156023850755
2023-04-05,-0.0026182430785609556,96.04195833291723,-0.009872401047965274,88.82989397807025
2023-04-06,0.003900764818280944,96.41659542506108,0.006742135390496395,89.42879714999383
2023-04-10,0.0010264149367871234,96.51555885875952,-0.0005660415026640386,89.37817673927361
2023-04-11,0.0002684602404547931,96.54146944889838,-0.006417497376756565,88.80459252451004
2023-04-12,-0.004075766374693979,96.14798897395501,-0.008833834679756403,88.02010743534538
2023-04-13,0.013282718811559846,97.42509567579302,0.019581954411152402,89.74371316640905
2023-04-14,-0.00244284495192415,97.18710127263068,-0.0018796964984983955,89.57502222300792
2023-04-17,0.003588274655323964,97.53583528495167,0.0008473831074427007,89.65092658368849
2023-04-18,0.0006522719213917227,97.59945517163753,6.267258756653682e-05,89.65654523923523
2023-04-19,-0.0001689061025199612,97.58297002805641,-0.00047030779390211386,89.61437906723488
2023-04-20,-0.0054570120611634465,97.05045858364916,-0.007624465832781313,88.93111729591084
2023-04-21,0.0007766427103808038,97.12583211484727,0.0010433533901506031,89.0239038786314
2023-04-24,0.0010432000499833727,97.22715378776415,-0.0020844335684739868,88.83833946499018
2023-04-25,-0.015873702495648567,95.68379887403852,-0.01886381111363411,87.1625098096737
2023-04-26,-0.004235687717635939,95.278512182371,0.006064633936587072,87.69111852466355
2023-04-27,0.01990808705292113,97.17532509717046,0.02719091365370163,90.0755201566642
2023-04-28,0.008535106465280329,98.00472684267302,0.006898409168549335,90.69689795077477
2023-05-01,-0.001009705619008705,97.90577091929057,-0.0011466504452087856,90.59290031236046
2023-05-02,-0.011239265637182472,96.80538195251552,-0.00872176514259737,89.80277031224931
2023-05-03,-0.006863876496306487,96.14092176661569,-0.006543961380999219,89.21510445141921
2023-05-04,-0.0070829396847884585,95.45996141650278,-0.0035298508963435005,88.900188435004
2023-05-05,0.01851239352120526,97.22715378776415,0.021254621511543892,90.78972829249493
2023-05-08,0.00026657265429563815,97.25307188821897,0.0024773866173888326,91.01464955036313
2023-05-09,-0.00438519097415957,96.82659859516546,-0.0063332639392049694,90.43822975242644
2023-05-10,0.004672180992330466,97.2789899886738,0.010881804647950855,91.42236090129884
2023-05-11,-0.0017439585643659328,97.10933946095018,0.0032602532557299835,91.72042095107382
2023-05-12,-0.0013100412702830022,96.98212221852641,-0.0035868665589458004,91.39143204039199
2023-05-15,0.003449961388310996,97.31670679553679,0.005414845957232739,91.88630256670162
2023-05-16,-0.006682570677073563,96.66638102431557,0.0011323793243098734,91.99035271591544
2023-05-17,0.012138933694098908,97.83980781401824,0.012103771841003752,93.10378295676233
2023-05-18,0.009633089178499255,98.7823074078979,0.01857355405647776,94.83305110237234
2023-05-19,-0.0014550422139389951,98.63857498062912,-0.0022531722062187898,94.61937590739754
2023-05-22,0.00040605326203624337,98.67862749576261,0.003357931091191535,94.93710125158613
2023-05-23,-0.011222705276580314,97.5711863422802,-0.012676300823684428,93.73364999679244
2023-05-24,-0.007244822855837496,96.86430038139648,-0.0051297761183857205,93.25281735754977
2023-05-25,0.008659895328551936,97.70313508377278,0.024333022720300024,95.52194028104302
2023-05-26,0.012950690016004796,98.96845809983456,0.02555039384132085,97.9625634757108
2023-05-30,0.0003807957234318593,99.00614486543363,0.004535343490670751,98.40685735029979
2023-05-31,-0.005545151758514777,98.4571407671293,-0.005686228036980934,97.84729351900332
2023-06-01,0.009501062085327305,99.39258817430161,0.011552069327979142,98.97763223728997
2023-06-02,0.014461081043259272,100.82991244698948,0.007499688533515014,99.71993365085444
2023-06-05,-0.0019162010981771394,100.63670205802946,0.0007049188097123515,99.7902281077882
2023-06-06,0.0021773465805001724,100.85582303712832,-0.00016908940444393394,99.77335463754812
2023-06-07,-0.003457747919944909,100.50708902480736,-0.01696539501859773,98.08066026379147
2023-06-08,0.006048703168262781,101.11502657262459,0.012413320242603776,99.29816690925193
2023-06-09,0.0017942605499245978,101.29645327580843,0.0038228356214173864,99.67776747885408
2023-06-12,0.009071934145345573,102.21540802908365,0.0168970240930999,101.36202511749069
2023-06-13,0.006592725452408077,102.88928615122526,0.00768383355714608,102.14087404750873
2023-06-14,0.0011909725506960012,103.01182446679206,0.0072675990301298565,102.88319296467303
2023-06-15,0.01239767093193933,104.28893116863006,0.011915791038887624,104.10912759345364
2023-06-16,-0.0034061421605259268,103.93370824330039,-0.006292925559311602,103.45397660346316
2023-06-20,-0.005188169228342421,103.39448257640498,-0.0014316193041465919,103.3058698934669
2023-06-21,-0.005123776103645006,102.86471239733126,-0.013627548795713151,101.8980641106101
2023-06-22,0.0036096198899919774,103.23601490917898,0.011798749782918616,103.10033387241498
2023-06-23,-0.007559929709924362,102.45555789293289,-0.009913439801053858,102.07825491910224
2023-06-26,-0.004085698135981364,102.0369554110288,-0.013405452323952072,100.70984973947196
2023-06-27,0.010963371764373342,103.1556244869047,0.01719417101968923,102.44147211925964
2023-06-28,0.0005044705967320873,103.20766346634586,0.0019515276515398305,102.64138948476483
2023-06-29,0.003941240507287169,103.61442969026189,-0.0020024672511125274,102.43585346371289
2023-06-30,0.011800571472848409,104.83713917344024,0.015420161070736071,104.01543082354165
2023-07-03,0.0011505768465485122,104.9577623584316,0.002354894597263568,104.26037619962005
2023-07-05,-0.0014871400985723149,104.80167546137196,-2.6777422788004657e-05,104.25758437544653
2023-07-06,-0.00783074082278068,103.98100070304078,-0.007615988379462535,103.46355982437228
2023-07-07,-0.0025247939883379367,103.71847009756436,-0.003320003637294122,103.12006042942797
2023-07-10,0.002531184708272738,103.98100070304078,0.0003273436045274636,103.15381612170802
2023-07-11,0.006368611543875913,104.64321530446192,0.004940702491977422,103.66346843807752
2023-07-12,0.008045853433911843,105.4851592776549,0.012629996731903903,104.97273770566827
2023-07-13,0.007936850929299188,106.32237926209503,0.016978732688716747,106.75504175877558
2023-07-14,-0.0006227376226836112,106.25616831639529,-0.0002109350604483362,106.73252337758903
2023-07-17,0.0034722857862392598,106.62512009934055,0.009338449102594515,107.72923961474213
2023-07-18,0.007430502801441641,107.41739835294275,0.008180671310767051,108.61053711458919
2023-07-19,0.002223644336604158,107.65625644244304,-0.0002331975297498179,108.58520940562926
2023-07-20,-0.006634296632637038,106.94203290284463,-0.023051963595935643,106.08210711135364
2023-07-21,0.0,106.94203290284463,-0.0029992964379034204,105.76393542536925
2023-07-24,0.004467197664612899,107.41976410247717,0.0015972930008645303,105.9328714191681
2023-07-25,0.002730203715845647,107.71304194158502,0.00677777260047896,106.65086033256298
2023-07-26,0.00015360466857794464,107.72958716769398,-0.00332647774365058,106.29608861932553
2023-07-27,-0.0066300595745393265,107.01533358683164,-0.0023839858069071296,106.04268025272732
2023-07-28,0.009790224120633129,108.06303768699104,0.018214739015361525,107.97421999802017
2023-07-31,0.0019042139847520456,108.2688128345894,0.0005216669707561739,108.0305465822863
2023-08-01,-0.0028616095171389855,107.9589897693726,-0.00231986739263379,107.77993003986165
2023-08-02,-0.013910701813456328,106.45720445460887,-0.02194406850801045,105.41479987127835
2023-08-03,-0.002866002243277266,106.15209786782893,-0.0016025002391046872,105.24587262927945
2023-08-04,-0.00452279765662944,105.67199340834601,-0.004682001585613937,104.75311128674984
2023-08-07,0.008728489892785074,106.59435033476122,0.00846706271249098,105.6400624493433
2023-08-08,-0.004348604789749855,106.13081363233519,-0.008502595589788053,104.74184772025659
2023-08-09,-0.00668514191649805,105.42131408148963,-0.010994536697127022,103.59025963177133
2023-08-10,0.00035884073284719875,105.45914354309234,0.0018483579369901193,103.7817315103566
2023-08-11,-0.0005829693335769326,105.39766409646143,-0.00637560263544712,103.1200604294279
2023-08-14,0.005520062073353538,105.97946574466037,0.011222105988037079,104.27728467705973
2023-08-15,-0.011648843690388766,104.7449275138099,-0.010611623898138745,103.17073335094761
2023-08-16,-0.007338310482105315,103.97627671428795,-0.010589034277088016,102.07825491910212
2023-08-17,-0.0076198705027230584,103.18399095036979,-0.010922875416667255,100.96326685786995
2023-08-18,0.00048125885437677596,103.23364915964459,-0.0012549966254302714,100.83655829867091
2023-08-21,0.006506236913975227,103.90531173857144,0.01611153388426545,102.46118992447266
2023-08-22,-0.0027085628837907327,103.62387766776764,-0.0014289201688977293,102.31478106366032
2023-08-23,0.011137783339478124,104.77801796602782,0.01576841378280358,103.92812286756907
2023-08-24,-0.013859081644011728,103.32589086053892,-0.021375476345081967,101.70660973562458
2023-08-25,0.007049787241651284,104.05431640765978,0.0077514223547230365,102.49498062395239
2023-08-28,0.006341388561927674,104.71416525954653,0.007526916518170612,103.2664517866404
2023-08-29,0.014454792902183877,106.22778683229835,0.02183982596481382,105.52177312166447
2023-08-30,0.0041188468812414225,106.66532282079373,0.005576856423213039,106.11025289988685
2023-08-31,-0.0014634035059160055,106.50922841341813,0.002998583351643491,106.42843333767114
2023-09-01,0.0018652880284513174,106.70789880209726,-0.0010582408253176911,106.31580642453862
2023-09-05,-0.004322088611367958,106.24669780794171,0.001271168407258605,106.45095171885772
2023-09-06,-0.006722454202967021,105.53245924771136,-0.00880803852829326,105.51332763474454
2023-09-07,-0.003070098373381569,105.208464216236,-0.007151598357888811,104.75873869409654
2023-09-08,0.0015059399178800614,105.36690184219808,0.0013975813630200395,104.9051475549089
2023-09-11,0.006576655694882083,106.05986367725065,0.011782982029907352,106.14124302339316
2023-09-12,-0.005485667606413336,105.47805451873573,-0.011088699121276302,104.96427471514849
2023-09-13,0.001166156843894539,105.60105847389343,0.003809245880042722,105.36410944615884
2023-09-14,0.008622339509676724,106.51158665263655,0.00817724793540009,106.2256978925927
2023-09-15,-0.012048338891772925,105.22829896074515,-0.01712301370050362,104.40679381223228
2023-09-18,0.0005863893716784307,105.29000371685552,0.001042435839607947,104.51563119600071
2023-09-19,-0.002073700242464338,105.07166381061882,-0.0021312679160022663,104.29288038451195
2023-09-20,-0.009193361806369982,104.10570198961051,-0.014410490792989838,102.78996879195654
2023-09-21,-0.01652835504809147,102.38500598459544,-0.018324464459754775,100.90639766200904
2023-09-22,-0.0022485834122557558,102.15478475847478,0.00013972503223813604,100.9204968116754
2023-09-25,0.004205138844644685,102.58435981202896,0.004749640524970067,101.39983289313226
2023-09-26,-0.014691129235418932,101.07727972449771,-0.015016180067803253,99.87719474356382
2023-09-27,0.00039900556222671746,101.11761012132254,0.002343371635362912,100.1112441287455
2023-09-28,0.005797459251747794,101.70383534563503,0.00836529144504028,100.94870386280803
2023-09-29,-0.002426767026894705,101.45702383150952,0.0007260749420312518,101.02200018711336
2023-10-02,-0.00039788224491754676,101.41665588310478,0.008345839473058891,101.86511358392234
2023-10-03,-0.013385865314755385,100.05910618678064,-0.017549716981205,100.07740967026619
2023-10-04,0.0072818290387317575,100.7877194918011,0.013608579084720684,101.439321014358
2023-10-05,-0.00037675381284396625,100.74974733419471,-0.002946418765213177,101.14043829539081
2023-10-06,0.01187288890638194,101.94593789163966,0.01675528900111023,102.83507556872904
2023-10-09,0.006402182505961251,102.59861439176332,0.005100184567652377,103.35955343415803
2023-10-10,0.005204807106348186,103.13262038905104,0.005537975956324104,103.93195615593281
2023-10-11,0.004096233300476149,103.55507566305404,0.007135281518791503,104.67353992190407
2023-10-12,-0.006096438609385468,102.92375850158398,-0.003475016784794449,104.30979761375161
2023-10-13,-0.004980765916260843,102.41111935326582,-0.012569860994533943,102.99863795737878
2023-10-16,0.010521294274152604,103.48861687692687,0.011306285438885677,104.16316995794135
2023-10-17,-4.5865138060929844e-05,103.48387035722608,-0.0032751875034554567,103.8220160453748
2023-10-18,-0.013325086906448291,102.10493879130043,-0.013118088081589985,102.46006969408332
2023-10-19,-0.00878627689644329,101.20781652658566,-0.009356800372826712,101.50137127576988
2023-10-20,-0.01228806515957448,99.96416828244872,-0.01491803899214772,99.98716986132148
2023-10-23,-0.0017331758206158288,99.79091280305362,0.003017570179841833,100.28888816346178
2023-10-24,0.0075392225844177485,100.54325870657806,0.009727966015168787,101.264495059215
2023-10-25,-0.014352051943946509,99.10025663500758,-0.02447569097993596,98.7859765709064
2023-10-26,-0.011974716901229088,97.91355911696422,-0.019067191471205724,96.90240544095889
2023-10-27,-0.004532641917453395,97.46975201462362,0.004801177860067396,97.3676511245493
2023-10-30,0.011955664443128677,98.63506766306543,0.011265169395951347,98.46451420815323
2023-10-31,0.006280305647988316,99.25452603559948,0.004782515832467693,98.93542230628996
2023-11-01,0.010664692054387581,100.31304499077334,0.017356770441714797,100.65262171981435
2023-11-02,0.019164387972748553,102.2354831037043,0.018153273109649648,102.4797962510964
2023-11-03,0.009123189169152113,103.16819675585904,0.011748768186836678,103.68380762108478
2023-11-06,0.0023005976982375387,103.40554527184689,0.0040793808396473175,104.10677335927592
2023-11-07,0.0028459956474460313,103.69983700361234,0.009452674001111605,105.09086074914877
2023-11-08,0.0007325647595575191,103.77580384977306,0.000643908675561633,105.1585296661074
2023-11-09,-0.007798944084167592,102.96646215825913,-0.007695466394399442,104.34928573497741
2023-11-10,0.015605101209306804,104.57326422140302,0.022482089509678005,106.69527571714215
2023-11-13,-0.000953321435368526,104.47357228705431,-0.003118551208663334,106.36254103609579
2023-11-14,0.019400710648425745,106.50043383340284,0.021526642447568856,108.6521694267947
2023-11-15,0.00211712476939363,106.72590853982271,0.0007525672709194353,108.7339374934197
2023-11-16,0.0012231032171463596,106.85644534191063,0.0008557506410886706,108.8269866301378
2023-11-17,0.0012437485749885457,106.98934789353298,0.00023321623197847252,108.85236684989725
2023-11-20,0.007697576776408699,107.81290661320135,0.012174827653189002,110.17762565593645
2023-11-21,-0.0021794724167900625,107.57793135706393,-0.005809452099941104,109.53755401720304
2023-11-22,0.0038609267704279304,107.99328187214768,0.004092920079996842,109.9858824715538
2023-11-24,0.0006151887786673971,108.05971812732689,-0.001409936795936706,109.83080932882356
2023-11-27,-0.001800784700099367,107.86512584022614,-0.0008729423799859193,109.73493336073228
2023-11-28,0.000990164362688617,107.97193004381005,0.002621035468518107,110.02255251320622
2023-11-29,-0.0007035100309303877,107.8959707079653,-0.0009741143005322916,109.91537797142206
2023-11-30,0.003937459771498286,108.32080675213467,-0.002514098459023062,109.63903988904116
2023-12-01,0.005915924469192646,108.96162446332231,0.002854976440417767,109.95205676487438
2023-12-04,-0.005249491996318523,108.38963128779623,-0.009283420484878069,108.93132558874888
2023-12-05,-0.00019685284885773147,108.3682944800906,0.00251077913290354,109.20482808795661
2023-12-06,-0.0040298673687956255,107.93158462635324,-0.005783866545760241,108.57320193614319
2023-12-07,0.007630307775091216,108.75513583570562,0.013972239145290999,110.09021267836496
2023-12-08,0.004299357900033884,109.22271308813012,0.004456660071892049,110.58084733351474
2023-12-11,0.003889424655461937,109.64752660135153,0.008542238943042735,111.52545535396175
2023-12-12,0.0045673203540181895,110.14832198136564,0.00796428197277832,112.4136755275432
2023-12-13,0.013790145688031163,111.66728338878083,0.01271713832273158,113.84325578859362
2023-12-14,0.0032091963423392933,112.02564562619106,-0.0008669292439057452,113.74456174092904
2023-12-15,-0.0016465279846739067,111.84119226566638,0.004834148347600431,114.29441982611748
2023-12-18,0.005625155959611217,112.47031641486961,0.0062986172629602155,115.01431663189427
2023-12-19,0.00608075460066515,113.15422080884761,0.005109577918989805,115.6019912445243
2023-12-20,-0.01385716104317758,111.58622454838414,-0.014859861189456591,113.8841617014059
2023-12-21,0.009482002193202277,112.64428537428309,0.01163567222556261,115.20928047864642
2023-12-22,0.002009586489626347,112.87065380830485,0.0014958143254664158,115.38161217081307
2023-12-26,0.004222507142810139,113.34725095022407,0.0061216991391983555,116.08794368671845
2023-12-27,0.0018080853378115158,113.55219245274841,0.0020357398507968583,116.32426853987856
2023-12-28,0.0003777903707902208,113.59509137763919,-0.00048595083703317776,116.26774066421433
2023-12-29,-0.002895034567458543,113.26622966140731,-0.004327735118583642,115.76456467978342
2024-01-02,-0.005596223697768465,112.63236650281927,-0.016922301732411604,113.80556178635084
2024-01-03,-0.008166888610744771,111.71251051162616,-0.010581547139558611,112.60132286956461
2024-01-04,-0.00322100673755199,111.35268376259937,-0.005146402057627952,112.02183118985704
2024-01-05,0.0013696975395152133,111.50520325956741,0.001185950286026305,112.15468351259786
2024-01-08,0.01427587194909341,113.09703726295864,0.020668055555338904,114.47270274222767
2024-01-09,-0.0015170438834410938,112.92546409434354,0.0019755496676427953,114.69884925208424
2024-01-10,0.005655409297403935,113.56410381389634,0.006777562571037565,115.47622787971625
2024-01-11,-0.0004407092032170379,113.51405506819046,0.0020807803574334205,115.71650854643887
2024-01-12,0.0006929145402752024,113.5927106074728,0.0005130833221902442,115.77588075707612
2024-01-16,-0.0036712330687209693,113.17568529192499,-9.774123261896417e-05,115.76456467978338
2024-01-17,-0.005558761471287088,112.54656865303771,-0.00564081764413038,115.11155788077258
2024-01-18,0.008892872269286256,113.54743091241563,0.01419413101337863,116.7454664144864
2024-01-19,0.012466083756833113,114.96292269654302,0.019831036849319528,119.06065006094306
2024-01-22,0.002114345834856257,115.20599407330936,0.0013058531550671493,119.21612578646949
2024-01-23,0.002916549867337803,115.5419981000404,0.004149568584348451,119.71082127678076
2024-01-24,0.0010930525318473272,115.66829157359835,0.005549177708570552,120.37511789768456
2024-01-25,0.005438907413714,116.29740070216963,0.0012212883989162204,120.52213063269117
2024-01-26,-0.001270388977838599,116.1496577661663,-0.005957610580108574,119.80410671209663
2024-01-29,0.007919381580072882,117.06949122641146,0.010240423718697711,121.03095152806857
2024-01-30,-0.0007734241306917022,116.97894685692916,-0.0066565364577608754,120.22530458670451
2024-01-31,-0.016317396592104072,115.07015498813797,-0.019586220170341728,117.87054530102293
2024-02-01,0.013088243385340759,116.57622118301161,0.011775486000340507,119.25852825706762
2024-02-02,0.01052741032071225,117.80346689704328,0.0169006636435427,121.27407652976426
2024-02-05,-0.003641184748718551,117.3745227100316,-0.0013053288998721158,121.11577397286464
2024-02-06,0.002903424781999897,117.71531080804331,-0.0020073768570403328,120.87264897116899
2024-02-07,0.008340342900541975,118.69709686482628,0.010290144734959483,122.11644602358027
2024-02-08,0.00044164522082601465,118.74951887038254,0.0018520356661275716,122.34261003703668
2024-02-09,0.005779393392957077,119.43581905515886,0.009843025359863145,123.54683145022307
2024-02-12,-0.00043891360205827734,119.38339704960256,-0.003912519708878848,123.06345203720454
2024-02-13,-0.013773092243406837,117.73911850970713,-0.015597053572228625,121.14402478299688
2024-02-14,0.009087652435231908,118.80909069675394,0.010897268812493754,122.4641637860846
2024-02-15,0.006899732879512399,119.6288416862193,0.002977697604506613,122.82882503322834
2024-02-16,-0.004979909412018091,119.03310089155727,-0.00906767251695495,121.71505347218468
2024-02-20,-0.005505486684568517,118.3777657395759,-0.0075481949182418795,120.7963245240924
2024-02-21,0.0009058482471346885,118.4849980311708,-0.004001751862259262,120.31292760747402
2024-02-22,0.02069547359013213,120.93710117875176,0.029275880557968703,123.83519450568998
2024-02-23,0.0006896938035241273,121.02051074805091,-0.0029447302812366516,123.47053325854624
2024-02-26,-0.003662551297314298,120.577266919409,-0.0005267927113209447,123.40548988156273
2024-02-27,0.0018577522132512403,120.80126960389632,0.002405148609447627,123.70229842394957
2024-02-28,-0.001321627642447032,120.64161530674511,-0.005324419728242158,123.04365546579218
2024-02-29,0.003594930455181,121.07531352377356,0.008569453256363824,124.09807231979843
2024-03-01,0.009388320386303661,122.21200735800693,0.01505699689415585,125.96661660928837
2024-03-04,-0.0010724808253800289,122.08093732348426,-0.003568206817318953,125.51714166914849
2024-03-05,-0.009994155680371097,120.86084143026774,-0.017949616876911434,123.26415706470226
2024-03-06,0.005067097737326387,121.47325512641041,0.006283745141356434,124.03871761276098
2024-03-07,0.009926619495619793,122.67907390894463,0.015178010374419015,125.92137855551708
2024-03-08,-0.0060022374396854206,121.94272497846244,-0.014434890608911344,124.10371723074488
2024-03-11,-0.0008598423681860368,121.8378734570339,-0.0037126688911038874,123.64296122051192
2024-03-12,0.010757309987661667,123.14852123004871,0.014334940717247946,125.41537573971296
2024-03-13,-0.0015674580534820182,122.95549108867228,-0.007685985396753359,124.45143499324918
2024-03-14,-0.0019768443385344003,122.7124272222219,-0.0025214316415304028,124.13763920722334
2024-03-15,-0.006866438793175944,121.86982985153847,-0.011886783367541454,122.66204198220905
2024-03-18,0.005943122788445665,122.59411721455314,0.009537419493485633,123.83192133252092
2024-03-19,0.0055572878984377905,123.27540801856924,0.0024915704364079083,124.14045728679662
2024-03-20,0.009249096389065459,124.41559414973436,0.011856762876657045,125.61236125224593
2024-03-21,0.0033046681266886146,124.82674639818401,0.004731986478406114,126.20675724721222
2024-03-22,-0.001895828125220933,124.59009634158251,0.0011439141182343349,126.35112693864387
2024-03-25,-0.0027627621472892105,124.24588353948288,-0.0036291073610812408,125.89258513378994
2024-03-26,-0.0018469642478375903,124.01640583464446,-0.003237800548010372,125.48497005265331
2024-03-27,0.00840377966000716,125.05861238350484,0.003406078452022232,125.9123817052023
2024-03-28,-0.00019121310905190203,125.03469953741728,-0.0018432578183108506,125.68029272320207
2024-04-01,-0.0017396873235941968,124.81717825562262,0.0021170560261516425,125.94636494428022
2024-04-02,-0.006358099744810719,124.02357818640755,-0.008630239505354464,124.85941764998229
2024-04-03,0.0010984776758633519,124.15981531832601,0.0022443151411259965,125.13964153152632
2024-04-04,-0.012206035808460802,122.64431616657865,-0.015290656542132575,123.22617425306217
2024-04-05,0.010446957075743724,123.92557607315484,0.011783940378243152,124.67826414349925
2024-04-08,0.0005591879236255259,123.99487375872329,0.0002950298939758955,124.7150479585506
2024-04-09,0.0011567576165172344,124.13830577335278,0.00369959278514842,125.17644285017748
2024-04-10,-0.01001316531469254,122.89528839575836,-0.008728556939039844,124.08383314133324
2024-04-11,0.007547026372242138,123.82278237830546,0.015968297005810372,126.06524064255346
2024-04-12,-0.013803216310618094,122.11362972895512,-0.01594190090550207,124.0555210686016
2024-04-15,-0.012528035229721346,120.58378587368162,-0.016450958450518693,122.01468884594459
2024-04-16,-0.0018237698460005225,120.3638688010886,9.281529297644475e-05,122.02601367503728
2024-04-17,-0.005918145927562901,119.65153786111773,-0.012201352911956675,120.5371312177489
2024-04-18,-0.0020577310851842556,119.40532717227082,-0.005706376150915404,119.84930100686817
2024-04-19,-0.008728371538002655,118.36311311309447,-0.020689127389708184,117.3697235507696
2024-04-22,0.009209032116670235,119.45312282318203,0.010056503190980726,118.55005255018244
2024-04-23,0.011866554887751901,120.87061986167669,0.014923011878745118,120.3191763926147
2024-04-24,-0.00047452625975019647,120.81326357852005,0.0033876360340661105,120.72677397015148
2024-04-25,-0.003798882639889589,120.3543081688432,-0.004829748186742089,120.14369405247791
2024-04-26,0.009473891712670879,121.49453185158825,0.015431657202231497,121.99771035410554
2024-04-29,0.003541443356069429,121.92479785421281,0.0040602657383270735,122.49305347761066
2024-04-30,-0.015841264581001546,119.9933548724191,-0.01885608988701104,120.18331345070239
2024-05-01,-0.003247077167387702,119.60372718957464,-0.00723055842124154,119.31432098153869
2024-05-02,0.009353380061197347,120.72242630671451,0.012763331176331105,120.83716917430513
2024-05-03,0.01239531836517771,122.21881921460293,0.020098395596127805,123.26580240308654
2024-05-06,0.010326753519334764,123.48094283605629,0.010953505819786491,124.61599508708939
2024-05-07,0.001103487386287183,123.61720249892272,0.00015900105759580896,124.63580916210158
2024-05-08,9.666059809032568e-05,123.62915141165051,-0.0005905416573070976,124.56220652479917
2024-05-09,0.00576171486421595,124.34146733098943,0.0021815877785555937,124.83394991222359
2024-05-10,0.0012882268699916377,124.50164735025939,0.0023581368867755526,125.12832545423349
2024-05-13,0.00013439969963946474,124.51838033426787,0.0023072663572825114,125.41702982989713
2024-05-14,0.00458815586291772,125.08969007103956,0.006432257740819569,126.22374449085108
2024-05-15,0.012383136215819324,126.63869274238387,0.01563025650569072,128.19665399435186
2024-05-16,-0.002057648556520686,126.37811481906283,-0.002031330759563299,127.93624418782004
2024-05-17,0.0014373097953499503,126.55975932141013,-0.0004866510268858315,127.87398388321012
2024-05-20,0.0011523039908243327,126.70559463715396,0.006972613543999806,128.7655997551594
2024-05-21,0.002452510759075155,127.01634147123659,0.001956495468442121,129.01752906757162
2024-05-22,-0.0028790965128826507,126.65064916542765,-0.00019746533469255922,128.99205257801307
2024-05-23,-0.007304389737918915,125.72554346336292,-0.004498430922706187,128.4117907399128
2024-05-24,0.006616456735151877,126.55740108219173,0.009456255752638532,129.62608547480372
2024-05-28,0.0006988250410566721,126.64584256319901,0.0037779102436419354,130.11580119096217
2024-05-29,-0.00700258401303977,125.758994410748,-0.007048614481198645,129.19866507045478
2024-05-30,-0.006633687739155736,124.92474851143686,-0.010713275676078271,127.8145241545737
2024-05-31,0.009108467036364587,126.06262146527942,-0.0018600596944614578,127.57678150982701
2024-06-03,0.0008150006833376189,126.16536258791695,0.005369273464975066,128.26177613753464
2024-06-04,0.0011178084905585361,126.30639130143213,0.0027365201562228325,128.61276707320795
2024-06-05,0.011885202036899134,127.80756828060129,0.020159668428171518,131.20555781303347
2024-06-06,-1.868653409564658e-05,127.80518000011894,-0.00034518785122850115,131.16026724846276
2024-06-07,-0.0012157051618812975,127.64980658307763,-0.0008847200263809585,131.04422713336254
2024-06-10,0.003089795156630215,128.0442183372028,0.00403902840256154,131.57351848874592
2024-06-11,0.002408219266786471,128.35257689080308,0.006862832025875454,132.4764854451876
2024-06-12,0.008213025382427519,129.40673986270724,0.013097725211560274,134.21162604854194
2024-06-13,0.002013518793267721,129.6673027653963,0.005420233569348509,134.93908440944708
2024-06-14,0.0006082746904094716,129.74617610384215,0.005181199288799343,135.63823069762054
2024-06-17,0.007959027833732923,130.77882953077304,0.012249905215557577,137.29978616727234
2024-06-18,0.0025408272998925785,131.11111595109284,0.0003091500051279894,137.34223239687003
2024-06-20,-0.002716659401390875,130.75493170531743,-0.007707881978409881,136.2836146789036
2024-06-21,-0.0013406054574014448,130.57964093029116,-0.0026793488622929296,135.9184633309645
2024-06-24,-0.0032507598910063162,130.15515787097297,-0.011384615820486665,134.3710838430306
2024-06-25,0.0038510843277832496,130.65639635963004,0.011435606010523847,135.90769861706656
2024-06-26,0.001247921759041981,130.81944531960522,0.0020650888389381894,136.18836008860643
2024-06-27,0.0015767022833133026,131.0257086377424,0.002581359013643203,136.53991113947447
2024-06-28,-0.003935206600352736,130.51009540429527,-0.005190896276168866,135.83114662319213
2024-07-01,0.0020578400367741168,130.77866430382144,0.0058650674948601544,136.6278054660414
2024-07-02,0.006729835589131206,131.65878321315236,0.010499702300787339,138.06235674944475
2024-07-03,0.004462535692299374,132.24631523244577,0.008337142027636801,139.21340222633512
2024-07-05,0.005766493255406457,133.00891271728602,0.01042677828160743,140.66494950517733
2024-07-08,0.0011540267107663649,133.16240855533175,0.0023781958562252292,140.9994783052067
2024-07-09,0.0009724431209321427,133.29190142349813,0.0008646934450389221,141.1213996298511
2024-07-10,0.009895400240772956,134.61087813693732,0.010426396089561862,142.5927872391053
2024-07-11,-0.008622551979907467,133.45018884314058,-0.02193013709534919,139.46570786614376
2024-07-12,0.0063075309368865184,134.29193003780202,0.005874874338433367,140.285051374378
2024-07-15,0.0027499586712060875,134.66122729528246,0.0026878312687781403,140.6621139220042
2024-07-16,0.005930340418450086,135.45981421430977,0.00038295548806632773,140.71598125049366
2024-07-17,-0.014021234718487485,133.5605003642882,-0.02935494245458803,136.58527171844452
2024-07-18,-0.007684830624340222,132.53411054088653,-0.0047325687604583555,135.9388725283711
2024-07-19,-0.006640697294749476,131.65399163155564,-0.008863508129571374,134.7339772265911
2024-07-22,0.010310013477656366,133.01134605966425,0.014897757077264373,136.74121128936653
2024-07-23,-0.0015687881179545782,132.8026794404127,-0.0035246259477111908,136.25924966793457
2024-07-24,-0.022662486762486833,129.79304047557156,-0.03587037373525803,131.37157945745992
2024-07-25,-0.005210401963480105,129.1167665626316,-0.011027654942202592,129.9228590099909
2024-07-26,0.011200027547821678,130.56287790501872,0.010255924562653673,131.25533805096165
2024-07-29,0.000587535819321916,130.63958827246168,0.0020088647960245787,131.51901227886253
2024-07-30,-0.005066259891095437,129.97773416620768,-0.013731485548674871,129.71306086237934
2024-07-31,0.016254530074145235,132.09046115518154,0.02959362339378968,133.55174033479634
2024-08-01,-0.01416112354708099,130.21991181537211,-0.024221429251548354,130.31692630485588
2024-08-02,-0.018618352382511194,127.79543160997397,-0.023734914675997087,127.22386517817195
2024-08-05,-0.02912367229263113,124.07355933926974,-0.029816095338201842,123.43054628472503
2024-08-06,0.009219560909415225,125.21746307684607,0.009555039984196823,124.60993008974684
2024-08-07,-0.006684088729565496,124.38049844314934,-0.010829735150622022,123.26043754973735
2024-08-08,0.023117587419383634,127.25587548917534,0.030590861551504034,127.03108052959917
2024-08-09,0.004409783108547671,127.81704629937096,0.005222443880240846,127.69449321871136
2024-08-12,0.0005250644226313383,127.88415848298857,0.002153638750282294,127.96950102750483
2024-08-13,0.016445812142496408,129.98731732940107,0.024812615553001516,131.14475905900974
2024-08-14,0.0031546404761404467,130.3973805820333,0.00032439343899071105,131.18730155840652
2024-08-15,0.017140221567987446,132.63242057709454,0.02526312812000686,134.50150316539452
2024-08-16,0.0022420117925041616,132.92978402809675,0.0012857519231459502,134.67443873175546
2024-08-19,0.009561557967383116,134.2007998636731,0.013135975171623349,136.4435188151881
2024-08-20,-0.0016260688565393755,133.98258012249212,-0.0020985433413951426,136.15718617730198
2024-08-21,0.0034362481296041913,134.44297751283756,0.0046640164328468625,136.7922255310831
2024-08-22,-0.007848341007718584,133.38782317922377,-0.015854901753543316,134.62339823463924
2024-08-23,0.010625308336750017,134.8051099288709,0.010845600030216396,136.08346976660067
2024-08-26,-0.0023838221000610504,134.4837585286213,-0.009708346372591103,134.7623243065225
2024-08-27,0.0013731297473582593,134.6684221779935,0.0029874191474208445,135.16491585450672
2024-08-28,-0.005805101140887614,133.8866583667665,-0.011347400539307939,133.6311454154438
2024-08-29,8.941476187240838e-05,133.89862981044226,-0.0014639475171572824,133.43551643189798
2024-08-30,0.009545883171716785,135.17681048746567,0.011919415409443967,135.02598978262347
2024-09-03,-0.02057868466695978,132.39504953015876,-0.030360955870381123,130.9264716654787
2024-09-04,-0.002046921262284007,132.12404728825433,-0.002598538444117504,130.58625419550327
2024-09-05,-0.002432308330522437,131.80268086737277,0.0009335789099362835,130.70816676834778
2024-09-06,-0.016830059251654927,129.58443393884792,-0.02678727103119627,127.20685167913324
2024-09-09,0.011196119760345846,131.03527678030386,0.012859636946457975,128.84268560882882
2024-09-10,0.004355842243748853,131.60604577432485,0.00924177328256981,130.03342049834302
2024-09-11,0.010258871438541872,132.9561752784585,0.02171544227026323,132.85715373437966
2024-09-12,0.008423364442692094,134.0761135977354,0.00981611208867772,134.16129444721903
2024-09-13,0.005222532049163453,134.77633039802683,0.004479905041016918,134.7623243065225
2024-09-16,0.0014768052637614826,134.9753687921891,-0.00441797215668982,134.16694810996546
2024-09-17,0.0004088583149028935,135.03055459402685,0.000528368426998993,134.23783768929357
2024-09-18,-0.0029657366809379138,134.63008952521997,-0.004329485539217082,133.656656912202
2024-09-19,0.017064131685211592,136.92743510167017,0.025284141041998387,137.0360506767721
2024-09-20,-0.0017285074951538526,136.69075500380472,-0.0019033669727033242,136.77522078384425
2024-09-23,0.0024988461792048167,137.03232417467862,0.0026507145174834434,137.137772847208
2024-09-24,0.0028613582902003998,137.42442275148125,0.004823587485756731,137.79926889213831
2024-09-25,-0.00220569493380951,137.12130639843662,0.0009272003256346473,137.92703641912732
2024-09-26,0.003964896398938489,137.66497817239355,0.007513080075391532,138.96329328830566
2024-09-27,-0.0014505089383494152,137.4652938910568,-0.005557034517588266,138.1910694708248
2024-09-30,0.0040073144360677215,138.01616054772472,0.0027117766877642335,138.565812791473
2024-10-01,-0.00895843135052643,136.7797522481947,-0.01393243762519858,136.63525324777086
2024-10-02,0.0004220236379359754,136.83747653683446,0.0014130574165944765,136.82832670574086
2024-10-03,-0.0018279976395086939,136.5873379527288,-0.0007470750062666953,136.72610568270974
2024-10-04,0.009087005124093883,137.8285077925916,0.011898062982621527,138.3528814994912
2024-10-07,-0.009040266801918828,136.58250130923625,-0.010711575148214636,136.87090421233736
2024-10-08,0.009457612031593898,137.87424561692364,0.01493461418545694,138.91501835996326
2024-10-09,0.0069262514801462505,138.8291973147019,0.007868460240977981,140.00806565880336
2024-10-10,-0.0017499467409866076,138.58625361330726,-0.001135668149865432,139.84906295791038
2024-10-11,0.005988147264049948,139.41612850871672,0.0015631939571436604,140.0676741680384
2024-10-14,0.008178509793848932,140.55634468114576,0.008391545297236735,141.24305840049806
2024-10-15,-0.007769767135678229,139.46425461353112,-0.013366901414385124,139.35507636339239
2024-10-16,0.0043464371945425295,140.0704272370925,0.00012208740063668344,139.3720898624311
2024-10-17,8.589626262245353e-05,140.0824587632961,0.0006927488622736622,139.468639719116
2024-10-18,0.0038466639995720087,140.6213089143924,0.00655465818105494,140.3828089794515
2024-10-21,-0.001642298868058223,140.39036669793742,0.0019212677948561296,140.6525219492952
2024-10-22,-0.0005312147796041611,140.31578926023346,0.0010900197793977107,140.80583598024208
2024-10-23,-0.009137468491534073,139.03365815700332,-0.015323903245403447,138.6481409732927
2024-10-24,0.002162879520804406,139.33437120893365,0.008108763386598827,139.7724059424369
2024-10-25,-0.00034540009329253607,139.28624510411922,0.006093782716153351,140.6241486139641
2024-10-28,0.0030913421176221867,139.71682654001503,0.00016137638811386523,140.64684203114902
2024-10-29,0.0016184206240155152,139.94294713360938,0.009608466232694512,141.99824246354044
2024-10-30,-0.0030252079193149317,139.5195906216885,-0.007557580930652064,140.92507925411186
2024-10-31,-0.019603209549842626,136.78455885042328,-0.025242741599379004,137.3677438936283
2024-11-01,0.004220637142155814,137.36187683998077,0.007398855067124899,138.3841079215952
2024-11-04,-0.0021539921792302907,137.06600043154307,-0.002913090338433899,137.98098251381597
2024-11-05,0.012091813620813241,138.7233769625116,0.01275693561567759,139.74119702393267
2024-11-06,0.024865622105604945,142.1728200312748,0.027163164744990587,143.53701018035594
2024-11-07,0.00773203309946191,143.27210498160045,0.015744178230697292,145.7968824513369
2024-11-08,0.0043316698038256,143.89271243247978,0.001168492318360581,145.96724498852217
2024-11-11,0.0009528510947818258,144.0298207610522,-0.0005833843969554886,145.8820899753293
2024-11-12,-0.0031062284233926984,143.58243123798806,-0.0018101472150682252,145.61802191643213
2024-11-13,0.0004857195522467439,143.65217203219947,-0.0012867039529740332,145.430654632008
2024-11-14,-0.006430280801580368,142.72844822827548,-0.006949654900323954,144.41996177038735
2024-11-15,-0.012808456182594297,140.90031715313393,-0.023825966516023978,140.97901659700062
2024-11-18,0.004097457137459903,141.4776501633234,0.006947666503565042,141.95849178831713
2024-11-19,0.0036554208946959488,141.99481052186292,0.0068797547497174705,142.93513139646055
2024-11-20,0.00033882283447983497,142.04292160604535,-0.0005760440614926976,142.85279446284093
2024-11-21,0.005368147546016111,142.8054289670938,0.0035971430174808194,143.36665639497056
2024-11-22,0.0030995178960133707,143.24805694982518,0.0016040762350402193,143.59662744139092
2024-11-25,0.0033921398614391585,143.7339743938784,0.0015816994834365605,143.8237541528382
2024-11-26,0.00522138804441763,144.48446524935522,0.005369236966657365,144.59597797031907
2024-11-27,-0.003030023597922704,144.04667391011645,-0.007873449568862045,143.45750882990947
2024-11-29,0.006212042831218234,144.94149801814063,0.008786786443832906,144.71803932376216
2024-12-02,0.0017924255924715027,145.2012948685995,0.010887950225338283,146.2937221326278
2024-12-03,0.000463856150800801,145.26864738232854,0.0030663124159331367,146.74230438917618
2024-12-04,0.00620952317140433,146.17069641432767,0.012362901157624062,148.55646499398154
2024-12-05,-0.0016458185357640653,145.93012597278343,-0.0027711157808910647,148.14479782948334
2024-12-06,0.0018958732359803943,146.20679099293847,0.008949539183683353,149.47062550251715
2024-12-09,-0.005149618373468501,145.45388181571536,-0.007787646517527724,148.3066011063498
2024-12-10,-0.0031091723475737965,145.00164062852667,-0.00340732592777937,147.8012721791393
2024-12-11,0.007730565645738041,146.12258533014523,0.017902428337113196,150.44727386246052
2024-12-12,-0.005152585929971143,145.36967615292212,-0.006453936775781988,149.47629666886343
2024-12-13,-0.00019849142384786855,145.3408215189182,0.007654560217599027,150.62047198281894
2024-12-16,0.004269911396961534,145.9614139491656,0.014400622699478394,152.78950057066086
2024-12-17,-0.004120137135518287,145.3600329072009,-0.00440403879788287,152.11660968223853
2024-12-18,-0.029803382286777036,141.02781227724907,-0.03607689466422881,146.62871477805282
2024-12-19,-0.00030706341716957297,140.9845077952953,-0.0044531133564094105,145.97576048984152
2024-12-20,0.012011113932080208,142.67788878108283,0.008732329295225716,147.25046889955985
2024-12-23,0.0059880233216975665,143.53224730659454,0.009742906517880012,148.68511645276226
2024-12-24,0.011115177340204063,145.12763368944533,0.013559760999559023,150.7012510960533
2024-12-26,6.665365333424766e-05,145.1373069764305,-0.0006794638948566245,150.59885503702384
2024-12-27,-0.010526539115531808,143.60951343742016,-0.013292957746151468,148.5969508203979
2024-12-30,-0.011411681658586303,141.97068738692786,-0.013299887343294792,146.62062811492947
2024-12-31,-0.0036379652702070997,141.45420295682678,-0.008494796545399641,145.37511570973444
2025-01-02,-0.002457066638973049,141.10664055379905,-0.0019560069116136836,145.09076097862956
2025-01-03,0.012503475553182541,142.8709639843552,0.016365098398270383,147.46518555872476
2025-01-06,0.00576051594844551,143.69397445095686,0.011493024978845412,149.16000661986126
2025-01-07,-0.011304100584961563,142.06964331031037,-0.01784425974420978,146.49835671828842
2025-01-08,0.0014610447966336704,142.2772134234285,0.00017467952221927874,146.52394698124587
2025-01-10,-0.01526754467506164,140.104989711243,-0.01568114011641286,144.2262844382231
2025-01-13,0.0015505757543041732,140.3222331113463,-0.003213788866656686,143.76277161101626
2025-01-14,0.0013759416379806044,140.51530831461864,-0.000949432665889538,143.62627853950997
2025-01-15,0.018190088104314217,143.07129415286641,0.023006319642075335,146.93059061259166
2025-01-16,-0.0019231526348860717,142.79614621653977,-0.007005998231896959,145.90119515454828
2025-01-17,0.010039901471251778,144.2298054550283,0.016878478684503095,148.36378536700784
2025-01-21,0.009153506108499299,145.55001386028857,0.005864901281672941,149.23392432196064
2025-01-22,0.005621461947495243,146.36821772466158,0.012785865748585534,151.1420092434758
2025-01-23,0.005457962961176621,147.16709003569622,0.0021260210007978397,151.4633403292302
2025-01-24,-0.002919267584524987,146.73746992024616,-0.005651159769927361,150.60739679374282
2025-01-27,-0.014145371801854822,144.66181385096078,-0.02911469257413124,146.2225087367028
2025-01-28,0.00859247042376432,145.90481620792326,0.014780065271673637,148.38368696001913
2025-01-29,-0.004483083404376087,145.25071274776298,-0.001878187031662315,148.1049946434606
2025-01-30,0.0053671737979417156,146.03029856735512,0.004262532379385897,148.73629697867713
2025-01-31,-0.005321857757179305,145.25314609014123,-0.0014531385757335924,148.52016252792563
2025-02-03,-0.006729614419163421,144.27564842378416,-0.008003185811964242,147.33152807039153
2025-02-04,0.006708265813236913,145.24348782378803,0.01227532200979109,149.14007001965015
2025-02-05,0.004054356338871967,145.83235667932627,0.004537859526928978,149.81684670723567
2025-02-06,0.003475814680759415,146.33924292560204,0.005219762309617071,150.59885503702378
2025-02-07,-0.009153661942064684,144.9997029670034,-0.01261314809285441,148.6993293758275
2025-02-10,0.006791307780734446,145.9844405779674,0.01210496510034842,150.4993295683671
2025-02-11,0.0007605777098049771,146.09547308944934,-0.0023807327888545338,150.14103087976304
2025-02-12,-0.0032214650556428026,145.6248316281041,0.0005872187758919623,150.22919651212743
2025-02-13,0.010557414878431537,147.16225339220372,0.014385698772888977,152.39034848004405
2025-02-14,-4.899288490622933e-05,147.15504348886074,0.0041987179523994556,153.0301925719796
2025-02-18,0.0029357362526629682,147.5870518847932,0.0022668980498661284,153.37709641709168
2025-02-19,0.0023549654159298328,147.93461428782092,0.0002782278279638284,153.4197701934872
2025-02-20,-0.004160320267696638,147.31915891370542,-0.004244589386404485,152.76856626525932
2025-02-21,-0.017104164272735534,144.79938781912415,-0.020754626833658807,149.59791168051078
2025-02-24,-0.004550399360666035,144.14049277736717,-0.011804213418662224,147.83202600404783
2025-02-25,-0.004973235667949494,143.42364813749094,-0.012599328874079219,145.96944169030138
2025-02-26,0.0005046896127463008,143.49603256292812,0.0024155228037812115,146.32203420535953
2025-02-27,-0.015961877733490448,141.20556643591772,-0.027771326399019913,142.25847723407392
2025-02-28,0.015605736293628603,143.4091832689091,0.015791674172156656,144.50497675478158
2025-03-03,-0.017519911013167855,140.89666713956674,-0.02188256179436121,141.34283767135233
2025-03-04,-0.011836836471340928,139.22889633127872,-0.003017743803538586,140.91630119879505
2025-03-05,0.010747771889564772,140.72529674948316,0.013036064920533663,142.75329524958403
2025-03-06,-0.017751259499615757,138.22724548872267,-0.027509506135835693,138.82622259800485
2025-03-07,0.005605003514265405,139.0020096854542,0.007353590595634785,139.847093802929
2025-03-10,-0.026635625916893613,135.29960415377602,-0.038756353713487623,134.42713036969943
2025-03-11,-0.008312883898723533,134.1748742529024,-0.002390503973941027,134.10578178034515
2025-03-12,0.005306567271615936,134.88688224928606,0.011280916553912945,135.61861791400648
2025-03-13,-0.013330464770631378,133.08877741744166,-0.01799054638517361,133.17876487773142
2025-03-14,0.020655618404500586,135.83780841769783,0.02417038502231006,136.3977469016219
2025-03-17,0.007711467404735828,136.88531724964164,0.006483817757310328,137.28212503503977
2025-03-18,-0.010808443576004967,135.40580002176537,-0.017047449283154714,134.94181497102122
2025-03-19,0.010890933806222636,136.88049562678103,0.013381434941224235,136.74753008890664
2025-03-20,-0.0028918562308621887,136.48465691261924,-0.0033894877304587734,136.28402601349975
2025-03-21,0.00032983072981296324,136.529673746617,0.0032966622258223666,136.73330841404146
2025-03-24,0.017908733132691035,138.97474723843854,0.02194438488298034,139.73383676020242
2025-03-25,0.002403737812298079,139.30880609333013,0.005706457796695208,140.53122200244482
2025-03-26,-0.011938221555303774,137.64570670158312,-0.018400541357608935,137.94537143995353
2025-03-27,-0.002655782943625007,137.28014958146184,-0.005698028472758687,137.1593547858034
2025-03-28,-0.020138325776888455,134.51555720649037,-0.026327817193462666,133.54824836662948
2025-03-31,0.006712943473346611,135.41855253830326,-4.266189797086373e-05,133.5425509448835
2025-04-01,0.0028243571101911336,135.8010228900166,0.008061083434307337,134.61904859008044
2025-04-02,0.006328416675828619,136.6604283478684,0.0072985274222185925,135.6015694077681
2025-04-03,-0.04928083976346476,129.92568767645062,-0.05353354672590627,128.34233645577115
2025-04-04,-0.058543043984177645,122.31944242813367,-0.0621090308216089,120.37111832512235
2025-04-07,-0.0017811908092518758,122.10156816148785,0.0024132844064981285,120.66160806796911
2025-04-08,-0.0156627135192009,120.18912627912928,-0.018008477803320266,118.48867617736416
2025-04-09,0.1050192758263111,132.8113012831605,0.12003077382611615,132.71096366856528
2025-04-10,-0.04381896476163283,126.99164755228709,-0.042532212140348524,127.06647280846377
2025-04-11,0.017842727424663973,129.25752490477154,0.018423026103362217,129.40742175387626
2025-04-14,0.009701426975740057,130.51150734370006,0.0067782657794897005,130.28457965236257
2025-04-15,-0.0028007268193963597,130.1459802648427,0.0011147606263994803,130.42981577198603
2025-04-16,-0.02222810575728651,127.25308165163007,-0.0301535260986584,126.49689691806223
2025-04-17,0.0014268369522441038,127.43465105081755,-0.00018009086182435574,126.47411598287815
2025-04-21,-0.023802760357351405,124.40135459063224,-0.024746644087706993,123.34430604834247
2025-04-22,0.026017648808891236,127.63798534572166,0.026251999756201405,126.5823407406524
2025-04-23,0.01549571398024674,129.6158270596539,0.02267820590451386,129.45300112784426
2025-04-24,0.02104879880906485,132.3440845259031,0.0281372126018129,133.09544774252115
2025-04-25,0.007225320685248393,133.30031297739836,0.011147846694257835,134.57917538965836
2025-04-28,0.0003812053910532409,133.35112777533445,-0.000317415642289709,134.53645785426323
2025-04-29,0.006299488255282926,134.19117163858388,0.0066043546912841755,135.42498434084177
2025-04-30,0.00039680807361719417,134.24441977889822,-0.00012608280312009779,135.4079095792036
2025-05-01,0.007086900065847335,135.19579656626894,0.013060619737310208,137.17642079564166
2025-05-02,0.014844334418104177,137.20268818242062,0.014843996276400429,139.2126670751421
2025-05-05,-0.0057344408679302905,136.41590748011748,-0.005932514045769333,138.3867859723698
2025-05-06,-0.00835827120794741,135.27570632832038,-0.00930176229005375,137.0995449851703
2025-05-07,0.004205310841347565,135.8445827227138,0.003925875136615575,137.6377806800689
2025-05-08,0.006967927211659175,136.79113788722387,0.01032498861656328,139.05888919879962
2025-05-09,-0.0012742010630860667,136.61683847390722,-0.0006553517942025078,138.96775670626337
2025-05-12,0.033047474409526156,141.13167994728403,0.04074020123607869,144.62933107980297
2025-05-13,0.006603869472230128,142.06369514005246,0.015240716153847256,146.83358566231107
2025-05-14,0.0012779787149457267,142.24524951860798,0.005993015658443124,147.71356164037064
2025-05-15,0.004884481938789653,142.94004387076023,0.0010990587909358585,147.87590752883193
2025-05-16,0.0063340096153452485,143.84542748305552,0.004352466066010363,148.51953239833168
2025-05-19,0.0010939252169079872,144.00278362351614,0.0009586232783760362,148.66190667938224
2025-05-20,-0.0033621574384226083,143.51862359340276,-0.0033331296414234046,148.16639727167868
2025-05-21,-0.016850962127172964,141.10019670268633,-0.013896780946282883,146.10736130519422
2025-05-22,0.0003946237070804326,141.15587818537892,0.0018713292661376446,146.38077628640278
2025-05-23,-0.006825669813543378,140.1923947686448,-0.009260787725973607,145.02517499005117
2025-05-27,0.020790668102954157,143.107088318838,0.02352528049628222,148.43693291071455
2025-05-28,-0.005785543289605233,142.27913606432,-0.004432002109342914,147.77906011094984
2025-05-29,0.0039474266243269,142.84077251410653,0.001965703007101638,148.06954985379662
2025-05-30,-0.0011185494127116113,142.68099805189962,-0.0015771847028451802,147.83601682481003
2025-06-02,0.005632908134234338,143.48470700642685,0.007898262320721994,149.00366446614305
2025-06-03,0.005702795538093275,144.3029709533277,0.007817103392278701,150.1684415171033
2025-06-04,-0.0002685546265092098,144.26421772285917,0.0027877601512200645,150.58707511433548
2025-06-05,-0.004832678841914628,143.56703509022455,-0.007526845224907985,149.4536295070783
2025-06-06,0.0102688965220612,145.0413101175452,0.00977530936231874,150.91458497083136
2025-06-09,0.0009013954749408359,145.17204969816464,0.001471946436041982,151.13672315632593
2025-06-10,0.005669621327526908,145.99512024729415,0.006613849754383727,152.13631873565177
2025-06-11,-0.0028521635422879,145.5787182879729,-0.0033695302515637238,151.62369080731045
2025-06-12,0.003974342743545911,146.15729801061542,0.0023479557523646832,151.97969652433622
2025-06-13,-0.011180074561920939,144.52324852108782,-0.012554752125128799,150.0716291064209
2025-06-16,0.009514169556590568,145.8982672123867,0.01390988642319968,152.15910842263577
2025-06-17,-0.0085449776494666,144.65156977996097,-0.009751158918571257,150.67538077549852
2025-06-18,-0.0001506719699877479,144.6297748429804,-0.0001701855580187317,150.64973800174155
2025-06-20,-0.002348489797368125,144.29011329236602,-0.004083289627510145,150.0345914891719
2025-06-23,0.009877340797457723,145.7153159150585,0.01028251063215202,151.5773237713499
2025-06-24,0.011047302183246677,147.3250770426994,0.015291843441750164,153.8952204757809
2025-06-25,0.0005603485498484329,147.4076304359766,0.0025565830820122315,154.2886663928518
2025-06-26,0.00782377492146935,148.56091455821482,0.009350422397540914,155.73133059477826
2025-06-27,0.004968425624821915,149.29902841295282,0.0034233615144165785,156.2644552385253
2025-06-30,0.004781079152404333,150.01283888517221,0.0064771330041877295,157.27660089893217
2025-07-01,-0.00032361685086557124,149.9642922026628,-0.008429465356301846,155.9508432402977
2025-07-02,0.004533304513562708,150.64412600537835,0.006965261462747563,157.03708163880233
2025-07-03,0.00788122858304896,151.83138679712036,0.009840496262581988,158.58240445375574
2025-07-07,-0.00745177993802848,150.69997271502254,-0.007533012185005128,157.3878012686782
2025-07-08,-0.0005477996564291487,150.61741932174536,0.0005616266219470312,157.4761944478404
2025-07-09,0.005996687665528189,151.52062494240576,0.0070788589128854,158.59094621047475
2025-07-10,0.002820223048327186,151.9479469011653,-0.0014382246583953817,158.3628568010366
2025-07-11,-0.0035154388382148127,151.41378318724193,-0.0022504696077180197,158.00646600481446
2025-07-14,0.0019083592723176945,151.702735084344,0.0036269741147860746,158.57955136698274
2025-07-15,-0.004273426416666615,151.05444460875398,0.0009166843730425978,158.72491876360496
2025-07-16,0.0033433222651619854,151.55946829666613,0.0010241361780212177,158.88747469526422
2025-07-17,0.006119571230611909,152.48694725858124,0.00809272064949762,160.17330664267712
2025-07-18,-0.0007322815495487411,152.37528388055676,-0.0009611099612517604,160.01936248213622
2025-07-21,0.0018961202137257605,152.6642057363949,0.005184704623661718,160.84901561067275
2025-07-22,0.00014305906725886608,152.68604573527136,-0.005175808603792853,160.01649189176342
2025-07-23,0.008507550549488707,153.98502998756572,0.004561186770523751,160.74635699764573
2025-07-24,0.00033107130538478913,154.0360100124534,0.002128355309242602,161.08848236000307
2025-07-25,0.004224296491786017,154.68670378915775,0.0024069985503896163,161.47622210352807
2025-07-28,-0.0002511098453120697,154.6478604348974,0.0031253133361841545,161.98088589394487
2025-07-29,-0.002637607015591792,154.23996015326807,-0.0015489271998813114,161.72998929392287
2025-07-30,-0.0012592832087132688,154.04572836133448,0.0013397457286201675,161.94666635626916
2025-07-31,-0.003751215554337106,153.46786962902627,-0.005299176670782502,161.08848236000304
2025-08-01,-0.016390402087159806,150.9524695383467,-0.019698662296864677,157.91525474607892
2025-08-04,0.015199795018246753,153.2469161328277,0.018451490061986098,160.82902649966218
2025-08-05,-0.005070067634880604,152.4699439031974,-0.0067894744861422,159.73708192761163
2025-08-06,0.007659766552083447,153.63782807970514,0.012583229636434767,161.74709031096074
2025-08-07,-0.0008375655634337287,153.50914632566483,0.0033843426806583476,162.29449789217242
2025-08-08,0.007797542947152181,154.70614048691988,0.009328128019823856,163.80840174542362
2025-08-11,-0.0019775571343907394,154.4002002550659,-0.0029587901123624416,163.3237270660174
2025-08-12,0.010646053664834954,156.0439530728426,0.012568716833862625,165.37649674376124
2025-08-13,0.0034231618938416197,156.57811678676597,0.0004998866443794991,165.4591662457777
2025-08-14,9.295674690901201e-05,156.5926717791396,-0.0007753204980712747,165.33088236259357
2025-08-15,-0.0023411604144276676,156.22606321478082,-0.004397315303228955,164.60387034348418
2025-08-18,-0.00021767629592628346,156.19205650401307,-0.0003984474267920701,164.5382843549058
2025-08-19,-0.005425012701349985,155.34471261362881,-0.013567612109204763,162.3058927356644
2025-08-20,-0.002657200107251012,154.931930626611,-0.005937311779775412,161.342232046798
2025-08-21,-0.004011786002919404,154.31037687591785,-0.004629699945539301,160.59526592387775
2025-08-22,0.015356808979611891,156.68009185717327,0.01542749116211084,163.07284796959522
2025-08-25,-0.004401211313363129,155.9905096643127,-0.002884871752708018,162.60240371685407
2025-08-26,0.004187063309941674,156.64365180402723,0.004015219079718246,163.25528799066603
2025-08-27,0.0022786450217604504,157.00058708140085,0.0015369431931429034,163.50620209428786
2025-08-28,0.003541316007178885,157.5565757735687,0.006259949107671359,164.52974259818674
2025-08-29,-0.005963766656904346,156.61694512039426,-0.01157550092204418,162.62522841103774
2025-09-02,-0.007410335762077502,155.45636097102127,-0.008380082185272753,161.2624156315545
2025-09-03,0.005419573966797708,156.2988682179129,0.007867493026234351,162.53114656192943
2025-09-04,0.008357605492113285,157.60515249734203,0.009051450075730383,164.00228912078597
2025-09-05,-0.002896333007960439,157.14867549193934,0.0014428528249561534,164.23892028694317
2025-09-08,0.002456656294075321,157.53473577469222,0.004878105446667114,165.0400950585496
2025-09-09,0.00231180914368867,157.89892601730472,0.0028329852730795135,165.50765121731814
2025-09-10,0.002890849205147372,158.35538800207547,0.0003273180489729022,165.5618248588047
2025-09-11,0.008310153402529386,159.67134556848978,0.005820548847466744,166.52548554767108
2025-09-12,-0.0003344266088812775,159.61794722185581,0.004417169402083365,167.26105682709934
2025-09-15,0.005323914184996559,160.46773947525028,0.00855699397089249,168.69230868193392
2025-09-16,-0.001376934061145807,160.24678597905174,-0.0008450255863039491,168.549759364885
2025-09-17,-0.0012423553760646522,160.04770252299357,-0.0019960674739554207,168.21332267247377
2025-09-18,0.004672464341558991,160.79551970598072,0.009017073815117405,169.73011461969762
2025-09-19,0.00495274300916293,161.59189859210923,0.006769298419933234,170.87906841640782
2025-09-22,0.004731178557790816,162.3564187178409,0.005919993935985746,171.89067146521984
2025-09-23,-0.005443665189056368,161.47260473304675,-0.00664225873251989,170.74892915164128
2025-09-24,-0.0031815654135318727,160.95886907859517,-0.003510480442231345,170.14951837532251
2025-09-25,-0.0046134455757694814,160.21629409616367,-0.004311257372055732,169.41596000987516
2025-09-26,0.005729103921045642,161.1341898948854,0.0041106854782677615,170.11237573647452
2025-09-29,0.002810340950996748,161.5870319073527,0.004631068244873804,170.90017775780774
2025-09-30,0.0037668930601342243,162.1957129764522,0.0027393258878074533,171.36832903897061
2025-10-01,0.0034076065490575846,162.7484121502198,0.004796913567510996,172.19036810157934
2025-10-02,0.0011516391661055003,162.9358395958735,0.004111034736119068,172.89824868607008
2025-10-03,-1.4749984535544769e-05,162.93343629475916,-0.004209612843581234,172.1704139977685
2025-10-06,0.0035862350745239358,163.51775389881215,0.007510151697500467,173.46343992471319
2025-10-07,-0.0037075345781497626,162.91150617209092,-0.005265708175389294,172.55003207097047
2025-10-08,0.005963110863889121,163.88296554439825,0.011463714552300441,174.52809638462236
2025-10-09,-0.002896927773588187,163.4082084298947,-0.0012100110891775095,174.3169154526239
2025-10-10,-0.02702787419005037,158.99163193082998,-0.034714413754586615,168.26560592517822
2025-10-13,0.01534405245669701,161.43120787135248,0.021221445512420445,171.83644531293382
2025-10-14,-0.0012216093756775015,161.2340019942899,-0.006661162045494384,170.6918149053826
2025-10-15,0.004439561180749063,161.94981021056057,0.007056842359143056,171.8963601351659
2025-10-16,-0.00681025770778676,160.84689026729947,-0.0037029196398723485,171.25984172719885
2025-10-17,0.005676199715046071,161.75988934000077,0.006566768844340265,172.38446552013963
2025-10-20,0.01040051331670555,163.44227522319025,0.01260078296067979,174.5566447559517
2025-10-21,-1.4888084340025642e-05,163.43984188081203,-0.00026151618823311296,174.5109953675844
2025-10-22,-0.005198959693403782,162.5901247305774,-0.009633996208226914,172.82975709991916
2025-10-23,0.005929999418908372,163.55428407574993,0.008406459215177797,174.28264340414873
2025-10-24,0.008172552647061071,164.8909400730114,0.010678359659976433,176.14369615290963
2025-10-27,0.011797628449856656,166.83626211874036,0.01780919628224753,179.28067381157737
2025-10-28,0.0026560392684344958,167.27938578232659,0.0076899172009028405,180.6593273489105
2025-10-29,0.0004803961984587435,167.35974616333692,0.004502935540762643,181.47282465480018
2025-10-30,-0.010998034372851295,165.51911792240085,-0.015288669867684845,178.69834654869666
2025-10-31,0.0032800182150636292,166.0620236441276,0.004823966225085963,179.5603813369263
2025-11-03,0.0018767872737739388,166.37368673676005,0.004784918003958305,180.41956303838296
2025-11-04,-0.011853550232820531,164.4015678836063,-0.020298190582085818,176.75737236309322
2025-11-05,0.0034654021681033154,164.97128543338974,0.006507997746957317,177.90770894419032
2025-11-06,-0.010729420496934372,163.20123914205513,-0.01862729317721734,174.59376989119983
2025-11-07,0.000984617038458202,163.36192986281188,-0.0031553720474779556,174.04286159002135
2025-11-10,0.015604225734922705,165.91106629288382,0.022124230672412093,177.89342600672566
2025-11-11,0.002289339276604352,166.2908930133714,-0.002663420197952515,177.41962106281636
2025-11-12,0.000556507406128004,166.383435126905,-0.0007883641360318938,177.2797497965421
2025-11-13,-0.016594034139048364,163.62246272423698,-0.020416090222653893,173.66039043004636
2025-11-14,-0.000163772180045485,163.59566591681224,0.0007561425240969477,173.79170243600183
2025-11-17,-0.00931643571527141,162.07153741200122,-0.008540613513343676,172.3074146736699
2025-11-18,-0.008397461039591714,160.7105479909572,-0.01217580497095061,170.2094331975546
2025-11-19,0.0038631427043962496,161.331395771948,0.005970021553326488,171.22558718232347
2025-11-20,-0.015242276237766972,158.87233807176747,-0.02367161447703492,167.17240109393958
2025-11-21,0.00996129221104658,160.45491185555252,0.0075127131456984575,168.42831938923598
2025-11-24,0.014718458129947765,162.81656075744294,0.02557309454844159,172.73555272561205
2025-11-25,0.009405944613086525,164.34800431002068,0.006163809093776784,173.80026169632075
2025-11-26,0.006903451122352244,165.48257272483104,0.008835779721254156,175.33592252416577
2025-11-28,0.005458464350335035,166.38585344865126,0.008107008640694247,176.75737236309328
2025-12-01,-0.004565522877085559,165.62621502830805,-0.00335886755293735,176.1636677603204
2025-12-02,0.0018523420813758573,165.933011436184,0.007826080476529995,177.54233880125338
2025-12-03,0.003462748187155862,166.50759567072396,0.0024438071257661953,177.97621803394108
2025-12-04,0.000731151162097321,166.62933789279663,-0.0009302734525979961,177.8106514831103
2025-12-05,0.0018993336917458858,166.94582260828975,0.004077366001874916,178.53565058823878
2025-12-08,-0.003004021617295183,166.4443137482573,-0.001918344805787564,178.19315765028492
2025-12-09,-0.000863185659548793,166.30064140351638,0.0012332555234719766,178.41291534620206
2025-12-10,0.006632175045054867,167.40357636740939,0.004095683212486545,179.14363812847625
2025-12-11,0.0023269817636015766,167.79312143677802,-0.0032343971092777535,178.56421646316804
2025-12-12,-0.010752098118288811,165.98899333151584,-0.01911832991212825,175.1503668623245
2025-12-15,-0.001510850004248554,165.73820886023572,-0.005019520245471587,174.27119604985728
2025-12-16,-0.0027322728752857683,165.28536684776844,0.001982060414776221,174.6166120889834
2025-12-17,-0.01100356428531768,163.46663868823669,-0.018537114927365983,171.37972388246263
2025-12-18,0.0075511768241409705,164.70100418181954,0.014490078911355564,173.86302960532583
2025-12-19,0.009063578290348762,166.19378462772053,0.013035454491181708,176.12941321544503
2025-12-22,0.006229909040435855,167.229156789037,0.004793555616773082,176.9736993534429
2025-12-23,0.004570434077165064,167.9934666259212,0.004683254962587702,177.8025123091874
2025-12-24,0.0035176469336466454,168.58440832867055,0.002925560348468359,178.3226842890572
2025-12-26,-0.00010139418790333643,168.5673148494949,-6.399829128489465e-05,178.3112719419654
2025-12-29,-0.0035636809822511273,167.9665947153366,-0.004840720439142743,177.44811692334636
2025-12-30,-0.0012212056239845337,167.76147296522873,-0.0023192392595361433,177.036572284047
2025-12-31,-0.0074088956888227475,166.51854571142607,-0.008265726874685742,175.5732363307165
2026-01-02,0.0018330346379591411,166.8237799735777,-0.0019371542923305451,175.23312388234007
2026-01-05,0.006660178462529753,167.93485611999554,0.00794295464447936,176.62499263754793
2026-01-06,0.005947257666825578,168.93360798058242,0.008786534957006875,178.17691430963885
2026-01-07,-0.0032235029947706995,168.3890499893396,0.0009626262495279203,178.3484320844132
2026-01-08,-0.00010151182144413351,168.37195651016395,-0.00568913706346974,177.33378340923005
2026-01-09,0.0066134796584182975,169.485481019592,0.009960345563613693,179.100089172089
2026-01-12,0.0015703444104990805,169.75163159737184,0.0008297347213976902,179.24869473468053
2026-01-13,-0.001999516689819014,169.4122103768689,-0.0014828122674713784,178.9829025711997
2026-01-14,-0.004915311552799784,168.57949658201815,-0.010682812199433789,177.07086183612202
2026-01-15,0.0027232884465351326,169.03858717738265,0.0035994548970399443,177.70822041688112
2026-01-16,-0.0008377644449499844,168.89697265922086,-0.0008363319707028749,177.55959735068978
2026-01-20,-0.020356834003122604,165.45876502316716,-0.02124716684726291,173.78695896044684
2026-01-21,0.011541171372927428,167.36835298545247,0.013518466424559117,176.13629213017987
2026-01-22,0.005223034841890906,168.2425237245254,0.007269304425451262,177.41668045804437
2026-01-23,0.00036283245729173963,168.30356757282934,0.003157455136937104,177.97686566713494
2026-01-26,0.005078168996109245,169.15824153161225,0.004400072187147552,178.7599767237126
2026-01-27,0.0039842915730679,169.83221728786165,0.009065330559677509,180.3804950035533
2026-01-28,-0.00010064921396324422,169.81512380868597,0.0033113909811974818,180.977805347892
2026-01-29,-0.001984439728138443,169.47813593056128,-0.0059851276594469205,179.89463007935834
2026-01-30,-0.0029825340247910948,168.97266162369021,-0.012010999866797434,177.73391570143758
2026-02-02,0.004971211279279464,169.81266042504376,0.006866463760822672,178.95431919267062
2026-02-03,-0.00845533075035465,168.37683821555237,-0.015363965344589059,176.20487123432991
2026-02-04,-0.00484383887388995,167.56124794114118,-0.017469043474581114,173.12674067830443
2026-02-05,-0.012489370624430896,165.4685134133121,-0.014395321285518126,170.63452562312565
2026-02-06,0.019184951600759614,168.64301883459615,0.021137936669279433,174.24138741933982
2026-02-09,0.004821764563112119,169.45617576662903,0.007660174895975258,175.57610692108935
2026-02-10,-0.0026371350560441265,169.0092969450517,-0.00463928455963436,174.7615593992096
2026-02-11,-0.00023116280847257364,168.9702282813119,0.0026820051158211733,175.23027079556718
2026-02-12,-0.015448908452140975,166.35982269345655,-0.02033892582622543,171.66627531534672
2026-02-13,0.0007046233276368774,166.4770437053079,0.002131025653470342,172.03210055187944
2026-02-17,0.0016134293041962788,166.745642646098,-0.001030077782878669,171.854894107159
2026-02-18,0.005037695790158558,167.58565646808353,0.007467209057409274,173.13817052899608
2026-02-19,-0.002637440014283343,167.14365935189466,-0.0038297237800856143,172.47509916008067
2026-02-20,0.007231834702975171,168.35241466797794,0.008848966575272899,174.00132554761512
2026-02-23,-0.010211295817177612,166.63331836026708,-0.012155050937099343,171.88633057246105
2026-02-24,0.007268586321031556,167.8445070187286,0.010741486606593798,173.7326452901617
2026-02-25,0.008438139639442843,169.26080240666607,0.014493219410373515,176.2505906370966
2026-02-26,-0.005554395000458845,168.32066105200485,-0.012064483343630195,174.12421832205035
2026-02-27,-0.004801907270092998,167.51240084599237,-0.0032007731474020806,173.56688619973278
2026-03-02,0.0005685897092166936,167.6076466732796,0.0013172559930003658,173.79551822076579
2026-03-03,-0.008814360718000014,166.1302924164062,-0.010705570377263718,171.93493806920034
2026-03-04,0.007055426061514547,167.30241241112796,0.015243260269211634,174.55578707955993
2026-03-05,-0.0055756895160732345,166.36958610423346,-0.0030127655222101923,174.02989142254438
2026-03-06,-0.013106994348447198,164.1889808794118,-0.015043369286659725,171.41189549895776
2026-03-09,0.008759848345474275,165.62725145191342,0.01335562691981207,173.70120882485966
2026-03-10,-0.0016071064194473905,165.36107083286961,1.6526024154916996e-05,173.70407941523246
2026-03-11,-0.0012550721328115078,165.15353076101542,-0.00013160140775214657,173.68121971384912
2026-03-12,-0.015184929448649576,162.64568604821403,-0.01716334428476407,170.70026914410258
2026-03-13,-0.005660153274538393,161.72508653573868,-0.005927220208166384,169.6884910592922
2026-03-16,0.01017678036768932,163.37092722135847,0.011217504869518224,171.591972534051
2026-03-17,0.002630641382033616,163.8006975431282,0.004880223770939329,172.42937975731405
2026-03-18,-0.013953630828001051,161.5150830802423,-0.013939789958076654,170.02575042089566
2026-03-19,-0.0024643625774001254,161.11705135381368,-0.00316015663966962,169.48844241678825
2026-03-20,-0.014335866992629342,158.8072987353608,-0.01848165384048972,166.3560156940774
2026-03-23,0.010500055284356824,160.47478415164144,0.011478937044348214,168.2656059251783
2026-03-24,-0.0033568197458091475,159.93609922749675,-0.0068368493321682156,167.11519932968187
2026-03-25,0.005572814791767078,160.8273934870093,0.006575664604969944,168.21409283086655
2026-03-26,-0.017858712243157604,157.9552233459077,-0.02386793610202098,164.19916961172
2026-03-27,-0.01705191879256185,155.26178370455236,-0.019536759877538112,160.9912498629247
2026-03-30,-0.003343469515220132,154.74267066385747,-0.007643182879722654,159.7607642981872
2026-03-31,0.02906792539862124,159.2407190706979,0.03385378976432163,165.1692716253254
2026-04-01,0.00753442967227369,160.44050706949838,0.012353248936580297,167.20964875438668
2026-04-02,0.0009005422726844348,160.58499052836538,0.0011465661844940467,167.4013656833696
2026-04-06,0.004726703240241825,161.34402812343004,0.006017362300125839,168.40868035022228
2026-04-07,0.0004400691374961685,161.41503065072646,0.0001529927014582988,168.4344456491781
2026-04-08,0.0254696046172882,165.52620766068793,0.029732056399946583,173.4423480869132
2026-04-09,0.005769096571727417,166.48114433783425,0.006764589558553746,174.61561438379297
2026-04-10,-0.0006617946789001516,166.37096800237427,0.0014421636444248431,174.86743867460618
2026-04-13,0.009772337225445238,167.99680120621724,0.010342659981562141,176.6760331346643
2026-04-14,0.012184915010662545,170.04382795097817,0.018156875523408278,179.88391787625994
2026-04-15,0.00789104262604634,171.38565104563543,0.013999461125057566,182.40219579159168
2026-04-16,0.0024573146961406334,171.8067995246575,0.0048164068171479,183.28071897086505
2026-04-17,0.012085709684531931,173.88320662554108,0.013084099653997816,185.67878216253624
2026-04-20,-0.0019997769579219726,173.53547899556173,-0.0031748578483062895,185.08927842372356
2026-04-21,-0.006546877598048839,172.39936345565903,-0.003803257976491281,184.38533614919552
2026-04-22,0.010126679110719516,174.14519648826678,0.01673046242606646,187.47018808755726
2026-04-23,-0.0038807172806204493,173.46938821491773,-0.0056326671539821405,186.41423091676563
2026-04-24,0.0077492429694283604,174.8136446519532,0.019127514037256654,189.97987173537047
2026-04-27,0.0017229416659827468,175.11483836410636,0.0005271905772745722,190.0800273336212
2026-04-28,-0.004865980739709008,174.26273293338937,-0.01005674119631117,188.16844169213923
2026-04-29,-0.0001546344034137892,174.23578591964497,0.006113613321933942,189.31883078403584
2026-04-30,0.009949685183250345,175.96937713720163,0.009326281061176722,191.08447141010112
2026-05-01,0.00276905737155686,176.45664643813168,0.009599640629495587,192.91881366551522
2026-05-04,-0.0036633809509297732,175.8102185209053,-0.0018839258859709718,192.55536891855996
2026-05-05,0.008022242913074518,177.2206108004807,0.012974028218234235,195.05358770848184
2026-05-06,0.013899418730159985,179.6838742776113,0.020774385215872604,199.10570607727584
2026-05-07,-0.0030660889376450395,179.13294753841552,-0.0011929535040877681,198.8681822275271
2026-05-08,0.008256054754597786,180.61187896164517,0.023440885181338134,203.529828453344
2026-05-11,0.0022775635209937306,181.02323398862634,0.002896399723285814,204.11933219215666
2026-05-12,-0.0015148976832113359,180.74900231084953,-0.008481881888388387,202.38801612536608
2026-05-13,0.005594852718878274,181.76026635786292,0.010562283683906104,204.52569576590514
2026-05-14,0.007894249484761584,183.19512724690864,0.0071077082416364235,205.9794047393269
2026-05-15,-0.012029288059682064,180.99142029012546,-0.01508774216760933,202.8716405887823
2026-05-18,-0.0007035134425675826,180.86409039296194,-0.004302225286858863,201.99884108665472
2026-05-19,-0.006660884222331576,179.6593756268771,-0.006162428965955091,200.75403757725297
2026-05-20,0.010249029332388027,181.5007098375155,0.016563696127924077,204.07926645213644
2026-05-21,0.0019831294549137457,181.86064924128203,0.0019070655685766713,204.4684589944477
2026-05-22,0.003931565762728351,182.5756463434266,0.004240633637315083,205.33553481942954
2026-05-26,0.006638589859918387,183.78769117791012,0.01775510896470789,208.98128961447512
2026-05-27,-0.000173263723814987,183.75584743814528,-0.0011365795004276702,208.74376576472636
2026-05-28,0.005516626676954184,184.76955984816888,0.008431075515342279,210.50370021724572
2026-05-29,0.002491413132097442,185.22989715598646,0.0036840064561787234,211.27919720789555
2026-06-01,0.0027230637662387647,185.73428997735607,0.0060001918709355895,212.5469129294802
2026-06-02,0.0013579961566574372,185.98651642930483,0.004604530661185269,213.52559170700425
2026-06-03,-0.00701716271996522,184.6814187798009,-0.0026132570557489965,212.96759444789296
2026-06-04,0.003778634283035931,185.379262320242,-0.004837399690344579,211.9373850724573
2026-06-05,-0.025809369612244448,180.59474042057363,-0.04800103929422472,201.76417032367902
2026-06-08,0.002264222440912178,181.0036470845446,0.015615844872174156,204.91488830821655
2026-06-09,-0.002935437064612745,180.47232227006256,-0.011507289561625167,202.55687335296582
2026-06-10,-0.015765592933211114,177.62706910144146,-0.01997658546297376,198.51047866131753
2026-06-11,0.016996857394830034,180.64617106442026,0.033775932065986725,205.21535510296874
2026-06-12,0.005408207317551872,181.6231430086586,0.005884675943221618,206.42298096632285
2026-06-15,0.017634009390668393,184.82588721803597,0.03141368315380433,212.90748708606267
2026-06-16,-0.005961575485861181,183.7240337396444,-0.019005412853389303,208.86109239441438
2026-06-17,-0.01248789492983049,181.42970731021907,-0.010070341710618935,206.75778982394948
2026-06-18,0.010396979807429707,183.31602831359132,0.02506539581068923,211.94025566283008
2026-06-22,-0.0031469282666526377,182.7391459223608,-0.0025101621760993398,211.4082512494724
2026-06-23,-0.014522012225013592,180.0854058112877,-0.03292899719133657,204.4467895378532
2026-06-24,-0.0004635003677893046,180.00193615946068,-0.004245791899862628,203.57875101488045
2026-06-25,0.0014456368287247834,180.26215358761456,0.008105545686541538,205.22886788204065
2026-06-26,-0.007231332133985857,178.95861808383495,-0.013763553147168484,202.40418945161295
2026-06-29,0.01647481275894025,181.90692780836483,0.024854164910073306,207.43477655473308
2026-06-30,0.007786815227913024,183.3234034438859,0.017014713891123634,210.96421992888105
2026-07-01,-0.0013525036475483532,183.07545787204705,-0.015249963514154086,207.7470232721736
2026-07-02,-0.0013140507435593918,182.83488743050282,-0.01733382526666305,204.14597267110435
2026-07-06,0.008727392224116226,184.43055920536096,0.014341917254311332,207.0738173189542
2026-07-07,-0.004751890339538711,183.5541654127573,-0.018524717261255708,203.23783340091168
2026-07-08,-0.0030894091522385425,182.9870914941996,0.002833298395807704,203.81366682825393
2026-07-09,0.008465256756416295,184.53612420680784,0.016642333885830585,207.2056019221052
2026-07-10,0.004310118179872147,185.33149671059476,0.003083152100227471,207.84444830885022
2026-07-13,-0.007656140611366324,183.91257271206348,-0.01897984931090735,203.89959199983957
2026-07-14,0.0035506379166867497,184.56557966609034,0.011169877197279243,206.1771254030531
2026-07-15,0.003963630921285599,185.29712950465984,-0.0027095386610569427,205.61848051074793
2026-07-16,-0.005418616825605738,184.29307536098943,-0.016440498089291156,202.23801027478805
2026-07-17,-0.009897199757215702,182.46908998027013,-0.015029581322824392,199.19845765279695
2026-07-20,-0.0016143534967409945,182.1745203668133,0.0010498726409937653,199.40759066361474
2026-07-21,0.008341327043244195,183.69409762013908,0.01854722842715173,203.10604879776076
2026-07-22,-0.001162766737217713,183.48050423360314,-0.005106055642898566,202.06897801119013
2026-07-23,-0.012349253784127878,181.2146569223826,-0.01898336374339682,198.23302910034727
2026-07-24,0.0010159657563921787,181.3987648083721,-0.011171210722356162,196.0185261601363
2026-07-27,0.00021661654234961247,181.4380587815914,-0.0030837356474000543,195.41405684346546
2026-07-28,0.0023947666975516757,181.87256060242999,-0.009719710851298968,193.51468871466767
2026-07-29,-0.015387445003102407,179.07400657858668,-0.02037047288151972,189.57270299602982
2026-07-30,0.01676574369337569,182.07631547502913,0.03297419933967949,195.82371109398275
2026-07-31,0.007199869193782904,183.3872411297353,0.006495569881900698,197.09569769392687
2026-08-03,0.014242990614400597,185.99922388394694,0.017558420982753953,200.5563869279264
2026-08-04,0.01802895214665101,189.35259499066487,0.03396794626081601,207.36887550135762
2026-08-05,-0.0019965624761277834,188.97454070474907,-0.009048794851582387,205.4924370883425
2026-08-06,-0.0015978064697251826,188.67259596099768,-0.0036943750473806825,204.73327095633792
2026-08-07,0.0061153280785064545,189.82639078472266,0.011726019049234537,207.13397719158402
2026-08-10,-0.0002974431285415191,189.76992822916793,-0.0029874614166396363,206.51517242664906
2026-08-11,-0.003195199981383512,189.16357535802294,-0.0033570539834080204,205.82188984441996
2026-08-12,0.0025046088948632583,189.63735613144877,0.007307443460370822,207.32592166736472
2026-08-13,0.006977515074108265,190.96055364247,0.011565537129121894,209.72375731223804
2026-08-14,-0.0019797506799419384,190.5824993565542,-0.0013659941160515388,209.4372758937533
2026-08-17,-0.004727362317670902,189.6815468306885,-0.0016414852746460262,209.09348768941177
2026-08-18,-0.00675574496080833,188.40010667652874,-0.01693448594486635,205.55259696097235
2026-08-19,0.0020977847370853286,188.79532954478,-0.0019930264086855942,205.14292520685524
2026-08-20,-0.008399827926766523,187.20948126322668,-0.0071919537489711916,203.66754677683886
2026-08-21,0.004091229991858514,187.97539830773107,0.003530669955839505,204.38662966522338
2026-08-24,-0.0029384361156037375,187.42304460849863,-0.009979845564302758,202.34688266575614
2026-08-25,0.003195939766817757,188.022037369981,0.006229422572993526,203.60738690420908
2026-08-26,0.00022200767959623668,188.06377970621045,0.0009146072815255923,203.79360770284407
2026-08-27,0.006552844629756693,189.29613243511005,0.013691886096947492,206.58392656679743
2026-08-28,-0.0022694869107554583,188.86652734029195,-0.006489968792703249,205.2432033303048
2026-08-31,-0.002989548034258882,188.30190178474447,0.00046060937059055895,205.33774027300876
2026-09-01,-0.006870413937474118,187.00818977426968,-0.01272396313002655,202.72503043657207
2026-09-02,0.004436916429827686,187.83792948399147,0.0022610270072151994,203.1833972054277
2026-09-03,0.010468417941536634,189.80429543510277,0.01188593267524074,205.59842138533807
2026-09-04,-0.0038542322600894074,189.07274559653325,0.0017975381542669755,205.9679923922353
2026-09-08,-0.005492178930014524,188.03432424692798,-0.0008345245704174387,205.7961070418644
2026-09-09,-0.004647717444469568,187.1603938379665,-0.002853702094152255,205.20882626023064
2026-09-10,-0.005994275703456675,186.0385028365342,-0.010637841445189311,203.0258473033209
2026-09-11,0.008524301461116268,187.62435111808756,0.008734391341528314,204.79915450611347
2026-09-14,-0.004461653484890693,186.7872362780712,-0.007973401255785939,203.16620867039052
2026-09-15,-0.004586752409134642,185.93048947207714,-0.006542800059618603,201.8369327881894
2026-09-16,-0.0044098804847823025,185.11055823502824,0.00025548151370968775,201.88849839330067
2026-09-17,0.011338753705953053,187.2094812632267,0.01731186438003518,205.38356469737442
2026-09-18,0.0012869590529585029,187.45041219993809,0.006318759752816483,206.6813340998742
2026-09-21,0.015504992215651825,190.35682938191886,0.02882053954743813,212.6380016630169
2026-09-22,-0.00015513266604716414,190.32729881947654,0.008078616135797079,214.35582245433537
2026-09-23,-0.007202161019229769,188.9565309670236,-0.008361651213807164,212.56345383132347
2026-09-24,-0.000820521854125067,188.8014880038855,-0.00014846856283168286,212.5318948408226
2026-09-25,0.005435468794763754,189.8277126003356,0.004587808023302609,213.506950373181
2026-09-28,-0.007441486246259066,188.41511228786138,-0.010705131904801934,211.22133030684412
