date,avg_pairwise_corr,avg_corr_equity,avg_corr_cross,avg_corr_crypto
2022-02-07,0.38282801505412906,0.43199340611063264,0.24600335887184133,0.7144091708108218
2022-02-08,0.38463073224583105,0.43349467062871727,0.24882742378327888,0.7114425157830931
2022-02-09,0.38731562590048196,0.43819715714892593,0.24831448836453276,0.6914790952441815
2022-02-10,0.3938951329242123,0.4412708032856417,0.26348610337786377,0.69188211346941
2022-02-11,0.40418971236798573,0.4520094552355412,0.27297767489769004,0.69867927405798
2022-02-14,0.4045509284310738,0.45157769703865297,0.2739450698466207,0.7177019059326001
2022-02-15,0.41221909029039805,0.45659004941740416,0.28778453549196265,0.7257538428217143
2022-02-16,0.41268162475962467,0.4569004874626058,0.28854884642332734,0.7270131051997457
2022-02-17,0.42686439447087077,0.46760874243734324,0.3097861521411179,0.7569858505906274
2022-02-18,0.42839895528557265,0.46862731306925604,0.3122266481151423,0.7629910404131103
2022-02-22,0.4290840160369,0.4687999631259832,0.31381144773919506,0.7681143923845618
2022-02-23,0.43069583604738115,0.47116975394913807,0.3135847743803246,0.7707746344917412
2022-02-24,0.44330535588548586,0.48741077009381073,0.3185037539533054,0.7716398875768223
2022-02-25,0.44589787343539894,0.48848862477631816,0.32463338250359125,0.7741889404803438
2022-02-28,0.44485813203848923,0.4879871167327412,0.3221247226563999,0.776344808471011
2022-03-01,0.44551152911727215,0.48850774468329666,0.32336384211968505,0.7728592892702196
2022-03-02,0.44782256317999625,0.4901549608583504,0.32613156079261585,0.7915536802483025
2022-03-03,0.4593947452147482,0.50364312461951,0.33365621216220476,0.7967794618362363
2022-03-04,0.46034583017784314,0.5044592106945072,0.33496843033779133,0.7970385096953782
2022-03-07,0.4718785561498103,0.5165709492974326,0.3458402776021924,0.7982189741973017
2022-03-08,0.4767501923793377,0.5217817666067088,0.35038096147507325,0.7961835579853198
2022-03-09,0.4881044526767378,0.5315520394078229,0.36606108040849644,0.7980895011123779
2022-03-10,0.4871458916911055,0.5302351387393007,0.36584715008725494,0.7985033690620306
2022-03-11,0.49161092276327556,0.5356291236309354,0.36830228827184,0.8006034097667145
2022-03-14,0.49073259046688505,0.5375355331904623,0.3611026327322517,0.797078961161179
2022-03-15,0.49480921354304813,0.5440194913044696,0.3593157033445072,0.8048521448714072
2022-03-16,0.5104014406771918,0.5589989907984686,0.3769905144492219,0.8106510798520524
2022-03-17,0.5115663695274373,0.5602304000958958,0.3780659920959528,0.810830961103654
2022-03-18,0.5183350750728792,0.566577752108966,0.3861372067368772,0.8128094038498662
2022-03-21,0.5206067519824924,0.5694513878475843,0.3871552802130794,0.8128165732454691
2022-03-22,0.5221882307377197,0.5708784139917709,0.38916427640931495,0.8133911317719994
2022-03-23,0.5189454634782785,0.569432355685537,0.38148279850912387,0.8138442107615523
2022-03-24,0.523004899437768,0.5718300887506345,0.38967354679561544,0.8140935631197239
2022-03-25,0.5234189592984093,0.5721874729543579,0.39008702031438897,0.8165000661005184
2022-03-28,0.5296040529852033,0.5738925876131223,0.4070258020956573,0.818179104351232
2022-03-29,0.5317639787183444,0.5761049895832948,0.40922489504134196,0.8179148536001054
2022-03-30,0.5367365520689161,0.5797210824318343,0.418489761281934,0.8059798511715162
2022-03-31,0.5382578341777569,0.580997550367502,0.42091212073093665,0.8025534692389836
2022-04-01,0.5359562690130215,0.5800831011592056,0.4150656682080036,0.8048761559718393
2022-04-04,0.540541883493419,0.5849137901974072,0.4194098329525688,0.8045059069665889
2022-04-05,0.5444687757857044,0.5880831531172374,0.42534596950383424,0.8048076634100992
2022-04-06,0.5477924197165973,0.5910067224319442,0.4297025427174694,0.8066399796663805
2022-04-07,0.5421653275848602,0.5874179014899478,0.41921071106252955,0.8026444887417558
2022-04-08,0.5462864530018269,0.590202095734077,0.42651629256220536,0.8057913639673971
2022-04-11,0.5554112392588524,0.5952170958795377,0.44491399157636563,0.8196649727721675
2022-04-12,0.5558825086602113,0.5960136172371475,0.444523908722879,0.8216727075274338
2022-04-13,0.5575514224165417,0.5989649765847629,0.44355030045632454,0.8180938559320587
2022-04-14,0.5642188992997402,0.6035910787842903,0.45438830643461314,0.833651510317397
2022-04-18,0.5618715333431604,0.597186220587281,0.461328788892736,0.8339986465553074
2022-04-19,0.5663289615374637,0.6019876279287908,0.465226212569488,0.8348168723606532
2022-04-20,0.5531091793470201,0.5876058988004972,0.4540334531470496,0.8318598914748779
2022-04-21,0.5713625024557456,0.604048535788351,0.47758694597636747,0.833984683005225
2022-04-22,0.5727040658693491,0.6063935871384408,0.47661708913237594,0.8348754725057407
2022-04-25,0.5748837308409923,0.6088697869509152,0.4782558773019652,0.8347895700790998
2022-04-26,0.5763436063737762,0.6117029010351365,0.4766334148160801,0.8344211665916035
2022-04-27,0.5730818107847679,0.6073185750508564,0.47567653053507264,0.835874265217098
2022-04-28,0.5806112091936315,0.6197218754041071,0.4722861775301336,0.8366133667794607
2022-04-29,0.5874833222947452,0.6271790154022401,0.47813919678128963,0.8382959462342593
2022-05-02,0.5849159661818183,0.6281812650121879,0.46747650794738604,0.8322223806353689
2022-05-03,0.5859318989031695,0.6294263325401805,0.46802118454783415,0.8322874369378107
2022-05-04,0.5932886732838312,0.6353712352100376,0.4790102474550546,0.8345753932982558
2022-05-05,0.6061475566767536,0.6465154229726569,0.49634461433908106,0.8403163713852253
2022-05-06,0.6069719630183502,0.6462394435689195,0.5000162890423494,0.8369452533884406
2022-05-09,0.6137995552257338,0.6510054647055172,0.510524417977107,0.860719782162714
2022-05-10,0.6164674304314379,0.6527510627897237,0.5154719764318927,0.8614721078846067
2022-05-11,0.6194026286812481,0.6547877732206436,0.5207652444641493,0.8604833330588858
2022-05-12,0.6190049498650975,0.6553834090027235,0.5184307741498411,0.854371515777031
2022-05-13,0.6249874827111559,0.6622068106422345,0.5229596422767702,0.8527286116391828
2022-05-16,0.6219544780783858,0.6629085522778493,0.511426703153105,0.8464785049763778
2022-05-17,0.6255995975611198,0.6662151375345485,0.5160379583294301,0.8474802869664609
2022-05-18,0.6365178087315527,0.6758436202188705,0.5305516519028528,0.8496067591059303
2022-05-19,0.633988487413583,0.6745109711920253,0.5248402702037148,0.8529248133161302
2022-05-20,0.6305072117308671,0.6712410529926193,0.5205937935356445,0.8535240404978861
2022-05-23,0.6283311271815114,0.6687269861415595,0.5191391657189798,0.8523554855178079
2022-05-24,0.6259321568813362,0.6684039721560092,0.5117658601337516,0.8519130734815469
2022-05-25,0.6251889496648301,0.6689508761784084,0.5079713634286909,0.85178531523168
2022-05-26,0.620734036122972,0.6710716986179817,0.4880514273759634,0.8491549800027623
2022-05-27,0.6194373044287046,0.6757318442650114,0.47275642463831813,0.8493416070137599
2022-05-31,0.6125526235815548,0.6733393312562818,0.45454300177696355,0.855162182034989
2022-06-01,0.6045107777768624,0.6673283012120819,0.44123024045100956,0.855105517431967
2022-06-02,0.6108290653744497,0.6720724006553227,0.45060823615367757,0.8706247688554732
2022-06-03,0.6133979966652764,0.672185753997762,0.4590247830492168,0.8714246942691745
2022-06-06,0.6149139748227404,0.6748166424967814,0.4578950302555307,0.8736047747394456
2022-06-07,0.621153053616867,0.6836937648974801,0.45840964051597505,0.8733793553087876
2022-06-08,0.6198485452892604,0.6825944610605913,0.45650732207630385,0.8738598414870218
2022-06-09,0.6144024225734985,0.6793108466055778,0.44564436259571105,0.873978481117535
2022-06-10,0.6192907803409607,0.6833968101216011,0.4524628591830719,0.8779985553868802
2022-06-13,0.6397944894692718,0.7002804232976937,0.4819880346484319,0.8898836277870926
2022-06-14,0.6403771406336173,0.6976537445775295,0.4902813751039725,0.8871324855413597
2022-06-15,0.6458473185659263,0.7043686849915664,0.49407699846316827,0.8741542952098916
2022-06-16,0.6555807566831222,0.7095638394710855,0.5148456644049535,0.8771992432769408
2022-06-17,0.6555580369656574,0.7090167492491034,0.5159897339742554,0.8780276519160752
2022-06-21,0.6522631734588148,0.7045327526211368,0.5157735035325904,0.8701729516709141
2022-06-22,0.6500715111390161,0.7027759002038593,0.512381445098328,0.8707688844798286
2022-06-23,0.6457107428766458,0.6979634277325469,0.5085698977767245,0.8739794494189349
2022-06-24,0.6518086412042463,0.7040733485809261,0.5152402951439764,0.8710690739245098
2022-06-27,0.6490710415108073,0.7027444609552964,0.5092137425614065,0.8683608451946984
2022-06-28,0.6497783633758971,0.7031076684892945,0.510796741444985,0.8679770133706618
2022-06-29,0.6443240736431127,0.6986330687807148,0.5028245165179819,0.8660026007040007
2022-06-30,0.6458027805304404,0.700695839742989,0.5030483346986626,0.8658623955679056
2022-07-01,0.6427328792680741,0.6970089752767671,0.5012508915356673,0.865299334949929
2022-07-05,0.6438050501236804,0.69661137532163,0.5056936957825175,0.8672539833128908
2022-07-06,0.6393687471437676,0.6902281740122073,0.5054604843863689,0.8679127481093558
2022-07-07,0.6404380871960639,0.6908612594498469,0.5075700779886361,0.8686471964250778
2022-07-08,0.6418602492670484,0.691588441399544,0.5105992754169892,0.87028813238059
2022-07-11,0.6459885323539787,0.6934436709130093,0.5199949319600479,0.8749626886968671
2022-07-12,0.6449391758306379,0.6914248407595572,0.5211584783032166,0.8746513662297818
2022-07-13,0.6424563374607116,0.6899597158045481,0.5160875713662876,0.8753695868427921
2022-07-14,0.6419892553498263,0.6895934503915248,0.5154539249035264,0.8738723855848783
2022-07-15,0.6404657609875793,0.6879496794157969,0.51416814699376,0.872992825907254
2022-07-18,0.6311713769152815,0.6879104425611412,0.483534464104556,0.8598577714710748
2022-07-19,0.6284878731789189,0.6882035981936309,0.473947442343186,0.8565439601999927
2022-07-20,0.6294962024108426,0.6919364252941611,0.4687483194036792,0.8553066466021452
2022-07-21,0.6297266364556405,0.6921390487313206,0.46911320858164346,0.8544936249167954
2022-07-22,0.6301736330709806,0.6901031480185325,0.47535743419898674,0.8548835929865751
2022-07-25,0.6289363440235988,0.687207450209829,0.47778048667507134,0.8567854877334528
2022-07-26,0.6248061300750979,0.684615958260506,0.46986781721050563,0.8555368365546966
2022-07-27,0.6342674002461849,0.691336221252951,0.4860861519090203,0.8595773900668396
2022-07-28,0.6295949771659336,0.6860064081808116,0.48255596594744654,0.8607800599225138
2022-07-29,0.619305573416795,0.6731307588455783,0.47762954422548776,0.860564521278996
2022-08-01,0.6177829860140872,0.672063316082906,0.4750171433060807,0.859459074225532
2022-08-02,0.6223175448465641,0.6759136650629013,0.4815033465208479,0.8586663121605026
2022-08-03,0.6219036995601155,0.6779487141537552,0.47536937472610485,0.8583430612928824
2022-08-04,0.6212813533480788,0.6771948044358013,0.474949629036091,0.8592864299576121
2022-08-05,0.6194914659212388,0.6777276121495932,0.46774014299164907,0.8574961918726864
2022-08-08,0.6165303764584513,0.6750778473638201,0.46382269276563526,0.8579841501627805
2022-08-09,0.6174276020690113,0.6741986936518772,0.46865218806783715,0.862070606686311
2022-08-10,0.6230457415156135,0.6793569030610112,0.47557195913185635,0.8642618231830609
2022-08-11,0.6250555056330251,0.680779763624062,0.479055155597089,0.8647117264857745
2022-08-12,0.6255791555075236,0.6799209721554248,0.4827717823113954,0.8657261707729086
2022-08-15,0.6239639063892101,0.6784343217685916,0.48076844090234755,0.8654313504137923
2022-08-16,0.6205815244177489,0.6759839606032115,0.47508957624201786,0.8638754805625211
2022-08-17,0.6211024889302382,0.676151055978254,0.47645598897049657,0.86410014164581
2022-08-18,0.6192521439755828,0.6742725103808631,0.4745094454123732,0.8646797982389217
2022-08-19,0.6200082214593208,0.6750886521338736,0.47519981919426724,0.864319181825774
2022-08-22,0.621647857439373,0.6799092635117301,0.46961675291242866,0.8629652128110411
2022-08-23,0.6203958678661393,0.6788719323108267,0.46778675127959696,0.8628703611002231
2022-08-24,0.6182697640060848,0.6764919486783024,0.4661324169979755,0.8625535056001074
2022-08-25,0.6177214153338091,0.6757267323506952,0.4660375836151731,0.8627927955223349
2022-08-26,0.6235596930325131,0.6803395302934894,0.4749638519906708,0.8652030045259722
2022-08-29,0.6427672612341545,0.7050952752054188,0.48249684176260205,0.8653430643131875
2022-08-30,0.6435310422087676,0.7060118298009893,0.48296190509152404,0.8652405332396604
2022-08-31,0.6422349602851071,0.7042342743962523,0.48269577177899425,0.8653467939867209
2022-09-01,0.6398796142545178,0.7016291983254338,0.4807600826216988,0.8654371462647453
2022-09-02,0.6342451881399833,0.695980550670853,0.4748020418120474,0.8651546944785803
2022-09-06,0.6393555432525173,0.7020972070207074,0.47813948363297826,0.8616382056589456
2022-09-07,0.6422125269490419,0.7025431051666999,0.48674899896520735,0.8625952090885288
2022-09-08,0.6396552199195336,0.6981883993450474,0.4882502932513254,0.8620678400496771
2022-09-09,0.64393233735324,0.7001375948583684,0.49855704941643375,0.8573776437258404
2022-09-12,0.6438575180372674,0.6997415825342117,0.4994176908448624,0.8545126685302971
2022-09-13,0.65058539868314,0.7069942629720105,0.5053632646018958,0.8546071597913357
2022-09-14,0.6367097031752884,0.6914947896071483,0.4944537884718367,0.853070398611968
2022-09-15,0.6255704249631701,0.6765758867901679,0.4915858798447959,0.8501474377938564
2022-09-16,0.6149086565453777,0.6693076697954677,0.47315335472704034,0.8372727200672889
2022-09-19,0.6127496236385852,0.6679348939103332,0.4691694939686957,0.834967109175746
2022-09-20,0.607465482319934,0.6646023142325105,0.45885895808506066,0.8367742289028599
2022-09-21,0.6115464301897643,0.668511052089303,0.4632483476722952,0.8422559014679472
2022-09-22,0.6032433831846785,0.6603816895115682,0.4537791178273732,0.8453666421031208
2022-09-23,0.6053794085038756,0.6620806255566742,0.4568687393082589,0.848496849590172
2022-09-26,0.6024703294405872,0.6595476916723829,0.45289954256686077,0.8483244544336342
2022-09-27,0.5880968217993344,0.6456341583906023,0.43666881848346406,0.8457100908430167
2022-09-28,0.5900715380313281,0.6460428521083508,0.4424862045324936,0.8448555478180512
2022-09-29,0.5935198688373081,0.6532170533698187,0.4375060980321932,0.8443249722761598
2022-09-30,0.5966202401559488,0.6569289833466136,0.439385462476361,0.8443358936764863
2022-10-03,0.594218959413045,0.6523953265387717,0.44180368153315835,0.8442752782109048
2022-10-04,0.5985587777476693,0.6558443361300712,0.4484673960804638,0.8449349593716904
2022-10-05,0.6003707894294444,0.6507214753051599,0.46640437979202576,0.8475929283406819
2022-10-06,0.6021895990292381,0.6458303449258502,0.484031874736175,0.8471293570437618
2022-10-07,0.6116342343420909,0.6564596885296248,0.49173064478274886,0.8412971811685299
2022-10-10,0.6170025670994257,0.6606095896467328,0.5003829172235664,0.8400515260815672
2022-10-11,0.6130370183698387,0.6541593446621117,0.5019670970275258,0.8398044182749796
2022-10-12,0.6098091380647813,0.6505915021973422,0.49931218258033155,0.8398807256919
2022-10-13,0.6116513492688807,0.6541338004520534,0.49745170640561864,0.8377602008067687
2022-10-14,0.6143384228960408,0.657477176048434,0.4986626021555148,0.8396193736701733
2022-10-17,0.6216148782466417,0.6671823334787476,0.5006990660286045,0.8404911283934945
2022-10-18,0.6203213345155644,0.663957235371364,0.5037931494265284,0.8409875808981204
2022-10-19,0.6087300368402664,0.6516575368242512,0.4931904014260249,0.8393620686144198
2022-10-20,0.5850213857238592,0.6323027647994763,0.46025865206128697,0.8016141230158408
2022-10-21,0.5933998903241235,0.6442344970746311,0.4606654341363283,0.8052054968732881
2022-10-24,0.5912192507361956,0.6418239295442304,0.45782665085372004,0.8209444906921136
2022-10-25,0.5801838743930321,0.6338225041674208,0.4396134861530007,0.8113876558898999
2022-10-26,0.5675866273549756,0.6227231729525047,0.4227870831348932,0.8098006947427
2022-10-27,0.5587910610429364,0.6107498407117795,0.41927835132883395,0.8329244183449633
2022-10-28,0.5524113603099061,0.6014417357129309,0.4194745907326792,0.8303997648624443
2022-10-31,0.5535307747817115,0.6035303685296965,0.418746851402333,0.8253038442929084
2022-11-01,0.5415870083923294,0.5910656258982653,0.4067742770353352,0.8320263660394865
2022-11-02,0.5489480312580074,0.5992282895064466,0.4125516595091552,0.8350845687954088
2022-11-03,0.541179518114933,0.5925620302122669,0.40163869350838655,0.8359039638064442
2022-11-04,0.5379098762050498,0.5866381246158855,0.4041270877555026,0.8391630085690078
2022-11-07,0.5299748446827762,0.5835253896942001,0.38475206302040643,0.8340474942184882
2022-11-08,0.5249208778831218,0.5868964435729569,0.35862395005100206,0.8502299962206861
2022-11-09,0.5207150620740291,0.5841665728675371,0.3510050208954221,0.8455628019803462
2022-11-10,0.5664495416535732,0.6214149917243558,0.4186628156547444,0.8594596791586194
2022-11-11,0.5623154704121424,0.6214271983776783,0.4045863894205276,0.8593412064925993
2022-11-14,0.5610089238586211,0.6204598879425836,0.4025895561983859,0.8565156958234684
2022-11-15,0.5579836204783392,0.619375921112815,0.39515156881750996,0.8517338731841173
2022-11-16,0.5586109609827867,0.6207714324940067,0.3940214567912293,0.8518370209634504
2022-11-17,0.5587577309639502,0.6198887371778034,0.3967559894727379,0.8491986358472726
2022-11-18,0.5603641977831545,0.6219040398844919,0.39756324787407304,0.8484839728725652
2022-11-21,0.559422535321874,0.6196354992224818,0.3994436343749754,0.851652313004084
2022-11-22,0.5724391836677283,0.6226091393886379,0.43613984197302735,0.8609808588564062
2022-11-23,0.567883197654692,0.6154529020850156,0.4371990156750328,0.8632062722882551
2022-11-25,0.5688538698082621,0.6142758688343049,0.44322706942666273,0.8634859096207603
2022-11-28,0.5690039563766518,0.6141265336973647,0.44398797986534416,0.8649533978213103
2022-11-29,0.5682180223209967,0.6144922455371107,0.44054667869095965,0.8636903642075687
2022-11-30,0.58316225618102,0.6310619658290558,0.4527371526259527,0.8630489718257733
2022-12-01,0.578293711607943,0.6241608260221705,0.45228433333961376,0.8630853811349121
2022-12-02,0.5646237089590098,0.6140884080089848,0.42961054705124513,0.8585566708263612
2022-12-05,0.5672557981749142,0.6181046002588746,0.42940075392594307,0.8553733889708696
2022-12-06,0.5771069704566608,0.6322327698408248,0.4299260941505095,0.8554171366031893
2022-12-07,0.5782312392927313,0.6326664392204362,0.43253961796103796,0.858373561798464
2022-12-08,0.5788912768454704,0.6329584554879095,0.43407713151566324,0.8587522043072097
2022-12-09,0.5772808835189505,0.6289368134014488,0.437990436826969,0.8586800380112244
2022-12-12,0.575997765756048,0.6272298005414192,0.4376037500408327,0.8587867839962863
2022-12-13,0.5780073539304444,0.6264235437128349,0.44624652027592326,0.8598532163645981
2022-12-14,0.5793347245771603,0.6275243370619982,0.4482800136077713,0.8585189521486761
2022-12-15,0.5822109249162779,0.6320530878758469,0.44759153219611114,0.857026112133858
2022-12-16,0.5740545015021017,0.6245768854487803,0.4370953365985364,0.8601585369218238
2022-12-19,0.5737191039493152,0.623843793833125,0.43767740649386433,0.8599804198477382
2022-12-20,0.5671820517615899,0.6175592054062143,0.4301353920356266,0.8596815700891794
2022-12-21,0.5680716443645898,0.618825424456025,0.4302049811401389,0.8596892895311258
2022-12-22,0.5683978071518138,0.6206331269116652,0.42712200943634493,0.8592985812890448
2022-12-23,0.5679356835554318,0.6204249472538597,0.42605767913441267,0.8589815204257341
2022-12-27,0.5667873226310084,0.6188407178835131,0.4258996766536948,0.8582331784530446
2022-12-28,0.5640472844913232,0.6161065685354231,0.4231230292361267,0.8558361717757746
2022-12-29,0.5669801898212741,0.6176059119324365,0.4294954351101137,0.8573512365979976
2022-12-30,0.5673060917386027,0.6179344105472556,0.42986770304702626,0.8568907638093971
2023-01-03,0.5569860725030534,0.611842197052697,0.4125844223098176,0.8030464661640632
2023-01-04,0.5552878919926869,0.6095535111005593,0.41218715960413477,0.802502209045434
2023-01-05,0.5439220696736218,0.6009702080573659,0.39376376766528653,0.7996117563676016
2023-01-06,0.5456841700858248,0.602645628741921,0.3958064655544678,0.8001986850928118
2023-01-09,0.5442875877572695,0.6002765131109393,0.3970073811371462,0.7938782996806669
2023-01-10,0.5450236742692883,0.6006374871949627,0.3986858532120485,0.7936075377292805
2023-01-11,0.5475291445594718,0.6030257580958959,0.40166432973577226,0.7931198931401223
2023-01-12,0.5475757091708638,0.602974237011621,0.40219246459307384,0.7893759034112149
2023-01-13,0.5467069661549797,0.602282184005528,0.40040008877232447,0.7961775021256184
2023-01-17,0.5400631294880547,0.5979281857515627,0.3875564808567681,0.8023858897345724
2023-01-18,0.5409245745743401,0.5983905029273887,0.389310108792776,0.803834068941101
2023-01-19,0.5343803573838996,0.5920513825967123,0.38076028915016674,0.8201954984414441
2023-01-20,0.5433465446176333,0.598390640774716,0.39576544216155407,0.8305197159609214
2023-01-23,0.5244543011628864,0.5847821995866914,0.3633004653260203,0.8302853938827001
2023-01-24,0.5275074501968394,0.5887567039535698,0.3642673159976361,0.8323855816993225
2023-01-25,0.53640004194371,0.602771170902108,0.36125938277034175,0.8405204160003041
2023-01-26,0.5367459545645477,0.6048204888086766,0.35758301563073325,0.8415813400272486
2023-01-27,0.531950241179747,0.5979434670315936,0.3571530819451217,0.8441447248844943
2023-01-30,0.5333292382124754,0.6001920935287922,0.3565744379323055,0.8444513063439326
2023-01-31,0.5323376026075636,0.5997840600602962,0.35402956781664235,0.8463321136257456
2023-02-01,0.5383455365815848,0.6033700837396371,0.36603089952410567,0.8472059419119415
2023-02-02,0.5296905650738253,0.5941506863870327,0.3580494649833963,0.8482028204680027
2023-02-03,0.5267613699451218,0.5908826258873259,0.3557219448120143,0.8481087889645966
2023-02-06,0.5278098354902235,0.591278231194096,0.35829262623145125,0.8491741247362757
2023-02-07,0.5286991529478925,0.5916572625224992,0.3603688814629231,0.8501193901111956
2023-02-08,0.5254853452852555,0.5846273118181144,0.3658169361456068,0.8505426537299261
2023-02-09,0.5238733568990069,0.582080995021404,0.36607663037479166,0.8535569204783364
2023-02-10,0.5254805344696153,0.5829143378341843,0.36957822891774467,0.8538319999877594
2023-02-13,0.5220454547692482,0.5798675512171777,0.36500822533801247,0.8538305205602518
2023-02-14,0.5215688421699968,0.5789934254061375,0.365379888459634,0.8545427345605191
2023-02-15,0.5185736547523007,0.5781857719273729,0.35734911308563355,0.850517678624784
2023-02-16,0.5145509469553926,0.5702547234461486,0.36210593561270227,0.8515939399192937
2023-02-17,0.5137821898170398,0.5725982780030608,0.3540572847214066,0.8510926797408084
2023-02-21,0.5150360208651271,0.576358616813323,0.34989204359803866,0.8459048216845981
2023-02-22,0.5152664756115612,0.5766455575220585,0.34999460787797076,0.8460766247480102
2023-02-23,0.5092310410982887,0.5681342046005795,0.34930968100435617,0.8464407199271026
2023-02-24,0.5062155478096417,0.5621054888274228,0.35310889801345724,0.8466673591300724
2023-02-27,0.4996939497670638,0.553921972524294,0.3501058947526504,0.8455339784802072
2023-02-28,0.5008338286591144,0.5553211297765924,0.3507168247239802,0.845533348574398
2023-03-01,0.5053657808466651,0.5616265734316535,0.351440263849356,0.8451207953317018
2023-03-02,0.5031073660392522,0.5597580516731179,0.34811282192761744,0.8452515305284818
2023-03-03,0.4989940468218091,0.5586438818840408,0.33687592030066305,0.8430217174608949
2023-03-06,0.4993027314293685,0.5591107684826453,0.33679798315981196,0.8435926586080288
2023-03-07,0.49645368116809774,0.5574226427368061,0.33108259604028595,0.8431063031804861
2023-03-08,0.5058710473731536,0.5660620625445011,0.3426403231733016,0.8476463793737677
2023-03-09,0.5135492462639093,0.5756157407762423,0.3465193694009778,0.846670091276224
2023-03-10,0.5190769987268954,0.5842052054779329,0.345439013685097,0.8441595380675588
2023-03-13,0.5110620431964796,0.5830061821655361,0.32247159400596787,0.8218739171371793
2023-03-14,0.5144739823105023,0.5869596920553664,0.3248420829373367,0.8219526318377454
2023-03-15,0.5035447198297424,0.574115700774829,0.31763027436730207,0.8222770686883147
2023-03-16,0.510663323024066,0.5823345878635737,0.32267033947147095,0.8220638069302298
2023-03-17,0.511272875420013,0.5879724235304574,0.31168701388549963,0.8205766145721558
2023-03-20,0.5134228914897505,0.5876588821294436,0.3200236846314916,0.8161513219743743
2023-03-21,0.5175568296273014,0.5866737139371706,0.33705080732032106,0.8060562133865821
2023-03-22,0.5125908707321823,0.5856049642278077,0.32555792651034343,0.7625917617128869
2023-03-23,0.4515428736616522,0.5365981609260465,0.23414855468729534,0.735522604023202
2023-03-24,0.45156537387948575,0.5327046638348286,0.24315998830330926,0.7377710090851323
2023-03-27,0.4517016581021263,0.5325819019109388,0.24403436044819773,0.7359025896026171
2023-03-28,0.450157028231795,0.5314055770466151,0.2416168209907557,0.7345609283286832
2023-03-29,0.4492383044640353,0.5303218787535479,0.24102763875503272,0.7344731899661303
2023-03-30,0.4499758048972836,0.532430614248317,0.23860955532257744,0.7345512212317082
2023-03-31,0.4515209564389663,0.5342186343429142,0.23962957490070888,0.7354729528746528
2023-04-03,0.4466018638549221,0.5313855008205031,0.23002357647251656,0.7278488807956704
2023-04-04,0.4428202470496261,0.5279941508353213,0.22517904183872098,0.7263516927138697
2023-04-05,0.44118001734124235,0.5277308466102165,0.22030977229136137,0.7249546686753591
2023-04-06,0.4388126717763013,0.5250911823962211,0.21835273390561266,0.7259638681394377
2023-04-10,0.4336564288176107,0.5214445710899651,0.20969899643516673,0.7204329350218613
2023-04-11,0.4334793519498917,0.5217097875068888,0.20868967867828883,0.7172592065290361
2023-04-12,0.4069104027762949,0.4930585553651676,0.18536585115274262,0.7148933365190376
2023-04-13,0.4124969997492961,0.4999987936203157,0.1884724546726934,0.7103023904126498
2023-04-14,0.4122152835996327,0.49988709534314896,0.1880126674560604,0.706741114730152
2023-04-17,0.407266503706022,0.4940076788436612,0.18487245089933688,0.707236165988926
2023-04-18,0.4040448053454203,0.488236640181156,0.18743212806617007,0.7065207452834246
2023-04-19,0.40203956106495065,0.4867173949856288,0.1838305540744177,0.7114504786992071
2023-04-20,0.40255373073827544,0.4876256995545044,0.1834181944816471,0.7120678660196873
2023-04-21,0.4036550262439992,0.4892603938002193,0.18323140385006906,0.7138214976852512
2023-04-24,0.405280428396787,0.4909986423994549,0.1846903427055185,0.7139942236724387
2023-04-25,0.40753692058717533,0.4981663498637158,0.1757024784247032,0.7130235283453397
2023-04-26,0.4025162741785756,0.49163668022070134,0.1738405158062054,0.713438438289729
2023-04-27,0.3928421719986451,0.4791100926839219,0.1700874956914706,0.7147850926215719
2023-04-28,0.3897123633839534,0.4777003834576504,0.16346976879783984,0.7037705795962607
2023-05-01,0.38789629771067696,0.47526373970611174,0.16275513015822063,0.7071533411573024
2023-05-02,0.3889560912062077,0.4770935584008774,0.1620859287438545,0.7071971763280679
2023-05-03,0.3837672092718187,0.46929566084244684,0.1626951674760631,0.7063520312361676
2023-05-04,0.3740324399144757,0.4556686034082189,0.16134228988009444,0.7071189681491812
2023-05-05,0.3773583610289582,0.457436222471573,0.16861771921857382,0.7057428376932048
2023-05-08,0.37275744063850164,0.4542210675725777,0.15986616918510219,0.7148995697468369
2023-05-09,0.3693683628420781,0.45212369690959925,0.15317162706305273,0.715882707164215
2023-05-10,0.3629200547964434,0.44217568349820974,0.15444520040471554,0.716095866110536
2023-05-11,0.3605023245493896,0.4387963766295313,0.15397241089568875,0.7181592065499444
2023-05-12,0.37185564136757016,0.44746479398840167,0.16815177090926017,0.7810933565131154
2023-05-15,0.3738238557727442,0.4504544736909049,0.1677745800292367,0.7824913647897319
2023-05-16,0.36956691645638623,0.44485134288139366,0.16638799251009187,0.7822958507755428
2023-05-17,0.3670831708445803,0.4411110068796869,0.1666848075936883,0.7820843583792302
2023-05-18,0.3676517409777084,0.44779092176899987,0.15179840985138035,0.8005803801774282
2023-05-19,0.36722420639736847,0.4472220681757301,0.15164083262781333,0.8010496506980366
2023-05-22,0.3662351356547701,0.4470677304852843,0.14863189244365393,0.8011429647535171
2023-05-23,0.3655048636718478,0.44859876966235357,0.14241121182072938,0.8036229317709243
2023-05-24,0.36599221772639356,0.44856778064160713,0.14405318852239596,0.8049329537538857
2023-05-25,0.35643918299564104,0.43181416281676127,0.1503720470184663,0.8093219289140529
2023-05-26,0.356629675684865,0.4348690452777023,0.14392608426195536,0.8088056112792031
2023-05-30,0.35733753811720664,0.4322599297950154,0.15237284152753172,0.8095242782390226
2023-05-31,0.33719961258849507,0.41784398728324507,0.11780417624662698,0.8055780434002626
2023-06-01,0.33073831924564956,0.4050917458787158,0.1253602092514692,0.809040037001037
2023-06-02,0.3303002159159921,0.4048776847003304,0.12432930377551554,0.8096524905713025
2023-06-05,0.3321260792859231,0.40440024715921613,0.1313643406134859,0.8139562838072262
2023-06-06,0.3296532967678516,0.39917678438541443,0.13526282584112045,0.8121882940541173
2023-06-07,0.3395080051794865,0.40811830407237926,0.14784403220116404,0.8131071386030743
2023-06-08,0.33498218435551974,0.4029269862609238,0.1445853026742426,0.8128673428855352
2023-06-09,0.3311735069434304,0.3998671050363344,0.1391983217082181,0.806525352219973
2023-06-12,0.31855705388533584,0.3959379726797098,0.10570172551428664,0.8030548216479806
2023-06-13,0.3236582501711165,0.39960669043284575,0.1144592493283227,0.8034478536524965
2023-06-14,0.3244979824331758,0.4020905130630193,0.11146308668813223,0.8042828465643067
2023-06-15,0.32046879110556115,0.39867296280284725,0.10581301248999586,0.8031594609340241
2023-06-16,0.3166521006588566,0.3981493462838948,0.09402872888866214,0.8035990803354339
2023-06-20,0.3107935710050613,0.39400387101990286,0.08351397030213954,0.8076270810294292
2023-06-21,0.3086751322763162,0.4034856242875046,0.054480089625689065,0.8032335516441278
2023-06-22,0.30367300604893,0.39831356796573636,0.04955391170565974,0.8030397541097604
2023-06-23,0.3009795562358512,0.3962453454634089,0.04508530711263704,0.8050906701195467
2023-06-26,0.30429778513409916,0.39920229059011053,0.0494620497585349,0.8051761248071653
2023-06-27,0.3078442262948435,0.40352195542075836,0.05209579468941273,0.7953501809692841
2023-06-28,0.2960768505912318,0.39168684560135225,0.03969261549494809,0.7954905516812736
2023-06-29,0.29559514456154173,0.3893100305320189,0.04466474209958785,0.7795301725241526
2023-06-30,0.2904322471305599,0.3774537344492144,0.05406200571550429,0.790233812203487
2023-07-03,0.28869837470600934,0.37554293526106713,0.05263074065440278,0.7901532660530854
2023-07-05,0.291871583157996,0.37916419600071455,0.05494595813917596,0.7905145089451482
2023-07-06,0.28738177478296095,0.3763655697908075,0.04690198344940955,0.7801458195116077
2023-07-07,0.2872168596974573,0.37734862601190583,0.04430640332405877,0.7762618842927352
2023-07-10,0.28483763424699343,0.3741948993532342,0.043646681890474145,0.7751976408763565
2023-07-11,0.2857213886677607,0.37373718146287876,0.047852358915068255,0.7732040871290177
2023-07-12,0.2947231368372495,0.3854243042135928,0.05120832391484979,0.7729044725012325
2023-07-13,0.3022854068253171,0.3838156731629688,0.08093868066032546,0.7689269774823853
2023-07-14,0.3031251240409141,0.3849056721404929,0.08163808621313332,0.7631115079723626
2023-07-17,0.29927886923052455,0.38079796569369023,0.07818702373804139,0.7624881754069736
2023-07-18,0.2980407232689501,0.37874017727432674,0.07876812474094093,0.7626488110009059
2023-07-19,0.28442262923089645,0.3681249764752286,0.057742362818729256,0.7550444718617787
2023-07-20,0.2985058882693808,0.3849332815324414,0.06612779234081483,0.7592185629907505
2023-07-21,0.2988516839027078,0.3835913863203965,0.07137849738955893,0.7450598969808365
2023-07-24,0.2912001021236031,0.37485285192519324,0.06565230638199175,0.7465707951921203
2023-07-25,0.2930110051040861,0.37672219889851266,0.06754141820878362,0.7451630257286966
2023-07-26,0.27368359076974497,0.3540738360728756,0.05499230284070175,0.7403943240958237
2023-07-27,0.2768564930644959,0.3530545222873807,0.0689731001228146,0.7281763643887471
2023-07-28,0.28207576774353454,0.36048427240621894,0.06887407858800396,0.735803441882541
2023-07-31,0.2796195161688307,0.35895579109125253,0.06403996143375318,0.7365432149102262
2023-08-01,0.27403658970346656,0.35544437604862333,0.053535624038754136,0.7322785525936678
2023-08-02,0.2849970633890415,0.37077362272318165,0.055051842437039616,0.7319958009741657
2023-08-03,0.2832477847180972,0.36766256756536625,0.05675726867240311,0.7260881257490909
2023-08-04,0.2734478552264845,0.35549029488470735,0.05195195733992446,0.7244009354870863
2023-08-07,0.2724674627822482,0.3524803321687109,0.05554138660195307,0.7259081769604766
2023-08-08,0.2670230908371836,0.3505437444072362,0.04134243894924436,0.729009994204433
2023-08-09,0.2730234380604015,0.3581840149399023,0.043915974955045615,0.7290151938582131
2023-08-10,0.2692711668406887,0.3548163541648577,0.03910569238141136,0.7276717273839345
2023-08-11,0.27042040701359576,0.35716345738718625,0.03754071226168848,0.7276090652165418
2023-08-14,0.27317786144117345,0.36020227633862023,0.03983652691184145,0.7274433579705165
2023-08-15,0.27520830646053834,0.36048653279789605,0.04597535454353483,0.728964663408073
2023-08-16,0.28228952146262903,0.3675566376198181,0.05348909720988579,0.7299468197521614
2023-08-17,0.2908356704792816,0.3712560370805384,0.07315069120744616,0.7413975285128251
2023-08-18,0.2917932517316088,0.3693778008912261,0.08006047341951886,0.7523257058263525
2023-08-21,0.2940882278015261,0.37119339421111713,0.08354182397476635,0.7536034608672377
2023-08-22,0.28899929021919435,0.3667879713989966,0.0762222216927672,0.7580514768225259
2023-08-23,0.29652653692532005,0.3725376853135393,0.08784573672232052,0.7663483463826375
2023-08-24,0.3092249495860013,0.3884089855835275,0.09377399274149648,0.7695480423401556
2023-08-25,0.3093132837607311,0.3887705152317689,0.09314525037942241,0.7708306829940369
2023-08-28,0.30968146715749134,0.390317439402251,0.09139032326892177,0.7617895969194443
2023-08-29,0.320984217538393,0.3984190298569366,0.11046830579080513,0.7685044626031892
2023-08-30,0.3206321892701048,0.3989267634511599,0.1081576430328241,0.7674402864923885
2023-08-31,0.31773791725430744,0.39714256856933483,0.1022176792103848,0.7713786918871876
2023-09-01,0.3113687007430916,0.38295390781120087,0.11366598496733889,0.7714271899955571
2023-09-05,0.3177739556840381,0.3915008391657087,0.11553589476507986,0.7709039476099399
2023-09-06,0.31407541388484306,0.39168687162391114,0.10277662280644473,0.7671562591934354
2023-09-07,0.31193372452861695,0.39021841271812463,0.09864665017779504,0.7712757531581786
2023-09-08,0.31148854524119857,0.39116346694537796,0.09520026552111041,0.7671904813962415
2023-09-11,0.307014500384071,0.3882760986374573,0.08634711660084311,0.7728693182639703
2023-09-12,0.30560267809910713,0.3895672216997197,0.0785161653259211,0.7731413436754591
2023-09-13,0.3058044754376398,0.3898795058539963,0.07843410121871706,0.7737340241490002
2023-09-14,0.2989719173654052,0.3860822259731852,0.06385726319202258,0.7768309286938443
2023-09-15,0.3040239848068293,0.39326449595663365,0.06513666046217144,0.7639159597335451
2023-09-18,0.3031316993034291,0.3920655347205449,0.0649411422013432,0.7633058162356664
2023-09-19,0.30210169107648965,0.391067130184103,0.06375504520920558,0.7635110103192836
2023-09-20,0.30989713293357696,0.40159914378103667,0.06590442495464233,0.7602173729565099
2023-09-21,0.3172569027914801,0.4071837631012615,0.07759857674685704,0.7646916826184817
2023-09-22,0.3169726980814775,0.40727736885134624,0.0764057316250376,0.7648137179826707
2023-09-25,0.31847935653120046,0.4095080109775633,0.07630089565419546,0.7651533640635783
2023-09-26,0.31959575033662857,0.41177335354953565,0.07482852743065263,0.7648879814745154
2023-09-27,0.31746521221543444,0.40451504740697986,0.08456820045786782,0.7641761568748441
2023-09-28,0.32061867968531677,0.40655494236417217,0.09035870993384416,0.7667490321974669
2023-09-29,0.3215502662650974,0.40759177224792337,0.0910152835718756,0.7681222972645171
2023-10-02,0.32361905519140177,0.4059360710925462,0.10309977378183537,0.7503127197948443
2023-10-03,0.32786605239677846,0.4122753253814089,0.10295991637583636,0.7471335382488441
2023-10-04,0.34237677401296607,0.43210287081807836,0.10618503841238523,0.7448394198427467
2023-10-05,0.32961811657475465,0.41564602635237324,0.10113337292582458,0.7459124290920558
2023-10-06,0.3335179708527083,0.42219798013245236,0.0996051234242529,0.7384103574884969
2023-10-09,0.33663397660911076,0.4280424327804097,0.09654409888131692,0.7386861765305541
2023-10-10,0.34115394796530424,0.4333636957804732,0.09949835897501258,0.7386466092887648
2023-10-11,0.33979147176148783,0.4331559698250809,0.09556709851969539,0.7353996381626177
2023-10-12,0.3383896159351447,0.43303185447022774,0.09147916124878264,0.7295680875026705
2023-10-13,0.34225932590681607,0.44209490643730054,0.08303304906955486,0.7364081598987756
2023-10-16,0.341415112172391,0.44241494680971266,0.07927001306902054,0.7385973864166931
2023-10-17,0.33698196669285135,0.43684202536949857,0.07730482455158075,0.7370370451292559
2023-10-18,0.3423573156693713,0.4415460773324239,0.08418761000000992,0.7432962425029515
2023-10-19,0.33423153965145364,0.4153238633796488,0.11820960875496081,0.7363291726120152
2023-10-20,0.33559019980577176,0.4249078127389648,0.10008776434004733,0.7420102791298818
2023-10-23,0.3398090675004584,0.42384919301106116,0.11423134506534216,0.7820705111561067
2023-10-24,0.3406158777507484,0.4264898685454868,0.11157754159108171,0.7706012423299001
2023-10-25,0.3402227612512652,0.43110819306791864,0.09969169619666744,0.7671986234873613
2023-10-26,0.34721738777023115,0.43982198940020123,0.10363766708884987,0.7597521409419964
2023-10-27,0.3464906919980834,0.42968037944625564,0.12455436121769438,0.7638965930178885
2023-10-30,0.3507819257389141,0.4313407548151629,0.13526308838669557,0.7640054683534854
2023-10-31,0.3529401107006262,0.4323291167935148,0.14070542043668807,0.7578452514085966
2023-11-01,0.3598298315862387,0.4399708687154255,0.1462694671670124,0.7582989983530967
2023-11-02,0.3541590817883975,0.4378670728910666,0.13178417003810214,0.7600030694494079
2023-11-03,0.35631403472735984,0.44105066670249443,0.13217404496198654,0.75263176207825
2023-11-06,0.35831421175022776,0.44203101411894813,0.136452636174419,0.7561497624821457
2023-11-07,0.35573260913135174,0.4403957681577838,0.1310889835600911,0.7621764267751397
2023-11-08,0.35647591430453585,0.4415680114933631,0.13085187856860817,0.7626130487344963
2023-11-09,0.3532018615663371,0.44443990313497167,0.11560170735988164,0.7238727197609621
2023-11-10,0.3614821340469971,0.4529785553236202,0.12696317338276794,0.6768917993286285
2023-11-13,0.361506146349834,0.4517952942892166,0.12971450726060485,0.6782605548098825
2023-11-14,0.3668048667536253,0.4629362259990605,0.1232059024506419,0.6561917577081474
2023-11-15,0.365286862173504,0.46300541718614374,0.11685684524341647,0.6715876906824257
2023-11-16,0.3594779417386574,0.4577668250795923,0.10836623303861538,0.6860426553065615
2023-11-17,0.35132738099395194,0.45461006461275555,0.08909142744657562,0.6699727575464726
2023-11-20,0.35381101156121897,0.4574334271770872,0.09106371116794228,0.6682359709049831
2023-11-21,0.3570206345584556,0.4581018925036885,0.099738970835326,0.678401562322247
2023-11-22,0.35985057830484474,0.4594789931323288,0.10538987501850844,0.6897666086379459
2023-11-24,0.3622006443137796,0.46289250759606404,0.10543659444474189,0.6894461774693893
2023-11-27,0.3485805410838058,0.4448827205927919,0.10097663249729107,0.6920628870670126
2023-11-28,0.3504137329591365,0.44719948706783524,0.10175357718589376,0.6928146757533251
2023-11-29,0.34925306407704326,0.44514266630296045,0.10291650997093252,0.6881652977616022
2023-11-30,0.3380045000067034,0.42858219096350997,0.10336787561306182,0.6873346824230987
2023-12-01,0.34373513805221956,0.43555412085111483,0.10653881018111176,0.6880156581575031
2023-12-04,0.34273795936563844,0.4442541155143236,0.0834610156800837,0.678826649444975
2023-12-05,0.3384551430432755,0.43705406896023374,0.08622072730032712,0.6710089720939604
2023-12-06,0.34347043560772283,0.44245024627851826,0.09083081199703573,0.6687714162901913
2023-12-07,0.3477944823664335,0.44522676190239363,0.0997895616457341,0.6577385094183233
2023-12-08,0.3360726724173573,0.4326316910482108,0.08972067358584918,0.6517870028101038
2023-12-11,0.32985804790589923,0.42848510965132547,0.07758907345239764,0.6619455036185037
2023-12-12,0.3308080250892121,0.4297031521098236,0.07801548439128225,0.6613666898367542
2023-12-13,0.3333245140265392,0.431920905851127,0.08136931474384673,0.6617787894063484
2023-12-14,0.3275105742729472,0.42277313808127703,0.0830824171364066,0.6597431980295133
2023-12-15,0.3205700491336222,0.4163597600924699,0.0741510983212498,0.6642144277595374
2023-12-18,0.31940126636052935,0.4145092583288646,0.07453053529795306,0.6636825134074391
2023-12-19,0.31811784392342574,0.413810878156915,0.07173428996308459,0.6646149551564192
2023-12-20,0.316722906204931,0.41608308885856865,0.06170210953388407,0.6644284633933194
2023-12-21,0.3171306657566003,0.41657389395093375,0.06238097775325878,0.6578629990050548
2023-12-22,0.31161155897896287,0.4119337041597213,0.05472804165778218,0.653589237470129
2023-12-26,0.3029705794245125,0.40873107953642523,0.03570727754265775,0.6103026037353896
2023-12-27,0.30211061096678554,0.4088979990695128,0.03381878871788198,0.5889293611048821
2023-12-28,0.30180209223867804,0.4065096155818067,0.03814021724160265,0.5919669001853047
2023-12-29,0.3028949329696996,0.4083741165087455,0.037780236250825855,0.5878439598861995
2024-01-02,0.29994705196673793,0.41332508696526843,0.017017095681794107,0.5756651712923255
2024-01-03,0.2927896011623846,0.4009220866521281,0.020787524745052764,0.588183755281342
2024-01-04,0.29247640511399636,0.4007251670943154,0.02004658732926513,0.5902170025738003
2024-01-05,0.29156578470915995,0.3994090914527268,0.020073479682558015,0.5894346240833511
2024-01-08,0.2898600928284857,0.4006062301332869,0.012563747292043067,0.5731904702070812
2024-01-09,0.29013751985319475,0.40026634885583934,0.014596917612923472,0.5687375383647043
2024-01-10,0.29225025505278446,0.3994170433051507,0.025489866018642702,0.5428185017320932
2024-01-11,0.2949066807543746,0.40384584480599856,0.024371364083425585,0.5400656890117735
2024-01-12,0.29492634911570165,0.4035894366419976,0.024192843672389056,0.5527208673450305
2024-01-16,0.2914647421881078,0.39968455475830095,0.021539158945456143,0.5526550508711208
2024-01-17,0.2983702295810504,0.4088077101482856,0.023887378801595402,0.5503011714196465
2024-01-18,0.29562696855931436,0.41001094656345893,0.011343551559833574,0.5564389934064677
2024-01-19,0.30424212102606324,0.4175290620653599,0.023940020832901383,0.5437306875481084
2024-01-22,0.3054335874792211,0.41460314451272134,0.03337172114956334,0.5654270862515789
2024-01-23,0.3073297921576265,0.41780462988628286,0.03250641904691156,0.5630610683153786
2024-01-24,0.3081767658183142,0.41912511056098395,0.03237367955885276,0.562030993716795
2024-01-25,0.3005127032211319,0.4077125228253604,0.03289242475839501,0.5628231940141853
2024-01-26,0.2962763764060567,0.40395621028194306,0.027130294475359598,0.5646734197104912
2024-01-29,0.29873047852790163,0.40540086789657137,0.03186314596539427,0.5682768390620709
2024-01-30,0.29372949876554616,0.399119501270926,0.029577445638416182,0.5673602079841971
2024-01-31,0.28985521172657486,0.3943484264992245,0.02761546355987995,0.5661889171842597
2024-02-01,0.28734939546861166,0.39066379273055546,0.02770582850548327,0.5659989957475068
2024-02-02,0.2701550823236034,0.36737460579140224,0.02362054608585314,0.565489804516898
2024-02-05,0.2620837494366175,0.35704813538083113,0.020205216282371957,0.5665082387028224
2024-02-06,0.2613648117374784,0.35681056336762984,0.01840799621402141,0.5651157375340282
2024-02-07,0.26230430314166775,0.3580195765648522,0.018802751660651776,0.5647930055454528
2024-02-08,0.26220070358660064,0.35792969172933414,0.0187095248207721,0.564053800078353
2024-02-09,0.2626013723492016,0.35814809796249875,0.019108346136535895,0.5708613690737862
2024-02-12,0.25497020135816245,0.35181229251350754,0.007784795025158813,0.5732781059161373
2024-02-13,0.2592295250603234,0.3556839075047428,0.013145226201180596,0.5745906223927864
2024-02-14,0.26305224793219933,0.358669778369667,0.019246358321183918,0.5735270267860638
2024-02-15,0.25656936098076266,0.3506347223319566,0.01609467303841861,0.5714020328241355
2024-02-16,0.25978630421693993,0.35299415811921825,0.02182091915811335,0.5669921935195988
2024-02-20,0.25986916917923664,0.3550793684299753,0.018220367353833603,0.5522442227844264
2024-02-21,0.26157844523994656,0.3558696313819975,0.022065176108804756,0.5540859672352867
2024-02-22,0.2609078954764488,0.359700101861909,0.010909600555446597,0.5531550958003745
2024-02-23,0.25557857139526563,0.3511546272854065,0.012599469750507157,0.5551031399117146
2024-02-26,0.2498447457798409,0.3462580984351049,0.0038956748751937022,0.5646134664153085
2024-02-27,0.24986361917268118,0.3472392170719959,0.002091706957986256,0.5582963759170896
2024-02-28,0.24340985319554304,0.3424484902256934,-0.008829833467336732,0.560652857083476
2024-02-29,0.25324130445073095,0.3573965194287981,-0.00999773616742708,0.5563943894907549
2024-03-01,0.25082135643629333,0.34807900998973507,0.003622666099962541,0.5547838371107916
2024-03-04,0.24645822306151366,0.34633570698582494,-0.00431773056488869,0.5123855901066552
2024-03-05,0.2643150657277602,0.3606810555409031,0.02222183056517258,0.522903949706573
2024-03-06,0.2596052457032361,0.34963397670189644,0.031837582081167395,0.5251146150811585
2024-03-07,0.2576847730798192,0.3459263722297827,0.034021642157449454,0.5241757666666422
2024-03-08,0.2633725177051214,0.35248857622369045,0.03823250610018492,0.521410643629252
2024-03-11,0.2601528835843602,0.35021034847231947,0.03260413343038741,0.5213728648153756
2024-03-12,0.2583747205554118,0.3498577493169769,0.027109956485639068,0.5254401749472216
2024-03-13,0.25188612720099246,0.34517234581039025,0.016090152211184983,0.5238081007191803
2024-03-14,0.249645638265938,0.3387698189224676,0.02426484118817034,0.5110112714539132
2024-03-15,0.24884931288436388,0.333909260395147,0.03304486472680336,0.5088178723703597
2024-03-18,0.2474656691650042,0.3349067758699682,0.026813766915860102,0.4968054682284264
2024-03-19,0.24667895590290914,0.33169941751928456,0.029160585602627343,0.5337383538339945
2024-03-20,0.251981836412004,0.33346851667112065,0.04154667333768317,0.5564754734577337
2024-03-21,0.2501349733664828,0.32673566095380013,0.050360407514977765,0.5657293955829503
2024-03-22,0.2399035918448105,0.31586250550658435,0.03867924471823595,0.5997068205813425
2024-03-25,0.23753361920382796,0.31643914293444314,0.02876937472759003,0.6073039557758656
2024-03-26,0.23352177563710066,0.30847570712273853,0.032729472700720366,0.6220187176854802
2024-03-27,0.23342667362839695,0.3076919373886552,0.03464850138065701,0.6158150257354592
2024-03-28,0.2368217726302355,0.30999767527753624,0.04160695314704519,0.6038874722225599
2024-04-01,0.23722814961279806,0.3110926577151273,0.04045294951748689,0.6035983674609434
2024-04-02,0.23948134037895655,0.3106264947633005,0.04816771333097772,0.6191053426465986
2024-04-03,0.23453102099939419,0.30665181801948893,0.04119692542666757,0.6103145588869777
2024-04-04,0.2377981569143857,0.31332841688718965,0.03748756061598186,0.5988980023423038
2024-04-05,0.23623978396193424,0.31300761291651913,0.03288366909749726,0.5997074935180157
2024-04-08,0.2347729925896585,0.3123418232824034,0.029799049637211104,0.594473062630298
2024-04-09,0.23457065506231448,0.3123998367969238,0.02854002346485223,0.6010087683129225
2024-04-10,0.23625111439039118,0.3153038872830234,0.027483149197517,0.6009235410413754
2024-04-11,0.244703292422238,0.32880172850426653,0.024663306548054563,0.601857817663991
2024-04-12,0.2562729710767896,0.33704894912030847,0.043845818037837506,0.6155210351379127
2024-04-15,0.2663670451945446,0.33685245632626404,0.07791344647338913,0.6261816364016972
2024-04-16,0.2659826502616153,0.3366094257848233,0.07689527589074721,0.6303561225123601
2024-04-17,0.2676849130092494,0.33674806901762416,0.08209049088923051,0.6343907845164153
2024-04-18,0.2617480540406019,0.3336520882974209,0.06856346075254487,0.6428757543727969
2024-04-19,0.2680766239295029,0.34331368835724,0.06725386763540586,0.647120713370156
2024-04-22,0.276044318597892,0.35038479992272287,0.07799289201305966,0.6448988710012972
2024-04-23,0.28695999277745665,0.36724705347216885,0.07576097581273561,0.6448981229333427
2024-04-24,0.2815542125011292,0.3619152933429964,0.06967502495350254,0.6471041962501789
2024-04-25,0.27965258270884774,0.3581211825125126,0.0720121022063541,0.6478587971179831
2024-04-26,0.2729225478311144,0.34796257205092695,0.07301364823660514,0.6451551940553119
2024-04-29,0.26868049280150536,0.34262043577416756,0.07114180204746803,0.6438628500688867
2024-04-30,0.28032718944473445,0.35047789855793726,0.09183755320737136,0.6523969140430819
2024-05-01,0.2767513448647725,0.3415676344359762,0.10089847957889979,0.6459741891607332
2024-05-02,0.27339080555951495,0.3381604120215492,0.09680398764698099,0.6552568480763278
2024-05-03,0.2776753713894366,0.33996994792192353,0.10697758394139832,0.6578320044729676
2024-05-06,0.2809786257511749,0.34265166811633085,0.10971543778441172,0.6913699624721623
2024-05-07,0.28129749102280444,0.3420810367607617,0.1111023911297914,0.7067998885894958
2024-05-08,0.2811870462044171,0.341841867027227,0.1112936836237799,0.7066687561156288
2024-05-09,0.2798122718899738,0.34057359557673667,0.10925901071530691,0.7114648604732786
2024-05-10,0.27594411058383167,0.32966788032413435,0.12095807896253405,0.7204026439927017
2024-05-13,0.2714094447493532,0.3267935318139581,0.11278809385943604,0.7122866608369393
2024-05-14,0.27141434609685555,0.3268583529175591,0.11264205623009058,0.7124584553737042
2024-05-15,0.27559214674494986,0.32798768843721215,0.12356264430423826,0.722190724126444
2024-05-16,0.2670211942592242,0.3173422769254777,0.11870769732600131,0.7304857549386954
2024-05-17,0.26714776913211497,0.31738909287620426,0.1187907754784736,0.7340563428936105
2024-05-20,0.2684854605416439,0.318079578173535,0.12122225522695275,0.7416394231458242
2024-05-21,0.26831636311475976,0.3180014394857319,0.12118380194276807,0.7363271077106114
2024-05-22,0.2695168675649775,0.31860529613381156,0.12408755831354104,0.7328615064273305
2024-05-23,0.2710334813194566,0.32013754741812356,0.12565485701835327,0.7330705323826612
2024-05-24,0.26910351643381486,0.3185584489682683,0.12259335501179722,0.735833299058208
2024-05-28,0.2700798229438563,0.31544877837077645,0.13342502077216117,0.7319884155770803
2024-05-29,0.26701681679455674,0.30951993702102887,0.13680516473308457,0.7325823897901161
2024-05-30,0.2606656731359939,0.3033043654048249,0.13039081171706812,0.7224343650107978
2024-05-31,0.25837631879046247,0.2999551203735704,0.13029422056589143,0.7243497367502515
2024-06-03,0.2589975828493011,0.3006570962536563,0.13064595698907422,0.7261890016002716
2024-06-04,0.2612397362777362,0.303366215488709,0.13197181065090793,0.7258318482961134
2024-06-05,0.26845529115210764,0.3109583119364289,0.1388340029911597,0.7251688861150809
2024-06-06,0.26632367660069206,0.30943627449379907,0.13501332892056941,0.7270379655437867
2024-06-07,0.2643529998379282,0.3070248665230719,0.1337516092657324,0.7298585244408344
2024-06-10,0.25854291062986123,0.30166956969006214,0.12656629313292223,0.7287591059769151
2024-06-11,0.25630899120196443,0.3007210773567054,0.12091423062695578,0.7328073844111569
2024-06-12,0.2622802130761376,0.30743986178986726,0.12549363192285864,0.7334912253947828
2024-06-13,0.25734425122557486,0.30165102257073834,0.12206083453889832,0.7358585044450036
2024-06-14,0.25143761102708984,0.2940402505300112,0.11973290567968202,0.7359158086359602
2024-06-17,0.2494330664234699,0.29270319130284617,0.11609141376121004,0.7351034855791988
2024-06-18,0.2487353231454015,0.2914542801487977,0.11655124076483757,0.7363330637349926
2024-06-20,0.24292554186342682,0.2849987246706932,0.11199285544271598,0.7343544399197665
2024-06-21,0.24265880563743902,0.2819296681907362,0.11850793903718967,0.730441615275779
2024-06-24,0.2431918096651663,0.2796531184434973,0.12567394066326998,0.7298140374520258
2024-06-25,0.23995279408452141,0.2770757842488594,0.12080150434131465,0.7279174844807944
2024-06-26,0.23946915741914582,0.27674535364691377,0.11981798712901881,0.7295698437991737
2024-06-27,0.23695906880912782,0.27296638328380196,0.12025750278599108,0.7272265525425863
2024-06-28,0.2363192436347547,0.26936976996876855,0.12566913229459548,0.7393024920466575
2024-07-01,0.23664337067845054,0.26893036683163557,0.12776950211027732,0.7397065338395731
2024-07-02,0.23375884390540155,0.26100350168325154,0.13668597772475188,0.7362888143903973
2024-07-03,0.23185221759118904,0.26133930153517215,0.12929126278217298,0.7382186016870199
2024-07-05,0.23128484341491876,0.26511270908418255,0.1190772196916494,0.7304239008397252
2024-07-08,0.2303224387338097,0.2635504618581706,0.11913304087405804,0.7351825972774507
2024-07-09,0.2314056586434254,0.26166568170220805,0.12740249612849827,0.7323522893099402
2024-07-10,0.23064858208702899,0.2600655666814072,0.1280505746904991,0.7400242322317431
2024-07-11,0.23772640938294842,0.27087172071216403,0.12706600362685574,0.7375465992017913
2024-07-12,0.24090770995213737,0.27257256539889096,0.1334295399929566,0.7448103187034706
2024-07-15,0.2271401405474218,0.25936189948566435,0.11594497273555004,0.7673060948870075
2024-07-16,0.22742743113961508,0.2605604044974815,0.11417739736094376,0.7665238702943612
2024-07-17,0.2341497809317495,0.2708122034025043,0.11277554265230301,0.7715785686470301
2024-07-18,0.23184231010411854,0.2665632260188189,0.11483555257128834,0.7717116160820597
2024-07-19,0.2339247741960229,0.27158214076894777,0.1100527502615951,0.773997303160067
2024-07-22,0.2366211867920452,0.27328208137103865,0.11548097449066866,0.7705930610479236
2024-07-23,0.236075357058552,0.26992169395692395,0.12147630051940185,0.7704394137027869
2024-07-24,0.2607718873250269,0.3045421385892769,0.12407546978979372,0.7792593561047733
2024-07-25,0.2619780810493658,0.30568307558729507,0.12528575178935983,0.7826882111219319
2024-07-26,0.2642848671449549,0.30487581826369253,0.1336088848773559,0.8037413120031259
2024-07-29,0.26587747920914995,0.3056260613392298,0.1383466384718461,0.7876397157159122
2024-07-30,0.2631277908913813,0.3054435993184845,0.13061768139140953,0.7697261384423454
2024-07-31,0.2661652296712941,0.31509882121646665,0.11825876095055966,0.7720865564012694
2024-08-01,0.2687621614211781,0.3184342523932415,0.11948878294737549,0.7693396545059973
2024-08-02,0.2854683640587267,0.32685919625097437,0.15660278241532943,0.7697729619810184
2024-08-05,0.30625040541781223,0.3381970880052597,0.19898140722662813,0.7971514877249121
2024-08-06,0.30692325916197466,0.33855746796610203,0.20063176092523294,0.794098424568642
2024-08-07,0.3071190679343364,0.3381041920359508,0.2025647905316966,0.7909538854174291
2024-08-08,0.32897167662656995,0.3535372343544597,0.23961316653349427,0.8095548075465654
2024-08-09,0.3273499588102667,0.3531924611726683,0.23508234423476632,0.8068765947587142
2024-08-12,0.3276017719873624,0.35442806769764,0.23395056905370296,0.7934494661325346
2024-08-13,0.33245764651515897,0.3591288429223909,0.23934138533755103,0.7957096899261575
2024-08-14,0.33283702868265436,0.35812388501409487,0.24289413529802095,0.796940457851736
2024-08-15,0.3372747494566254,0.36525926043339013,0.24119896666743654,0.7989536071076953
2024-08-16,0.33789953063385664,0.3654489526046387,0.2432175868305941,0.7938989187054224
2024-08-19,0.34002790947641603,0.36669817488484446,0.24749671496511583,0.7945365378509258
2024-08-20,0.3388036054826577,0.3639418086568029,0.24977785153161186,0.7943528036532643
2024-08-21,0.3329960874313331,0.3598269285442674,0.24009797370088606,0.7873883544353376
2024-08-22,0.33017891190234006,0.3607035031965557,0.228715225908154,0.7837735065175785
2024-08-23,0.33303288991860786,0.3627098374556232,0.23343343160738195,0.7883316007914624
2024-08-26,0.3310995792085767,0.36166858339945357,0.22959859331854052,0.7836992208784261
2024-08-27,0.3316299817179469,0.36089334296657455,0.2329326718917532,0.7878719854088857
2024-08-28,0.33115728295357477,0.35778918245337804,0.2387761274480802,0.7847581330428804
2024-08-29,0.3295412595724547,0.3562533469897521,0.2371819541302959,0.7800077815994304
2024-08-30,0.3288077034038367,0.3553576957370127,0.23675427689532416,0.7803593693703661
2024-09-03,0.3467009711141149,0.37492078909281584,0.2519035632071859,0.7809684604635181
2024-09-04,0.35332665706772837,0.3836275554017343,0.2540966358373749,0.781245533832824
2024-09-05,0.3635964788045009,0.395384234563163,0.2614657535186139,0.7829859065396336
2024-09-06,0.37908030114055763,0.4125102229129446,0.27393804623991075,0.7861668626167225
2024-09-09,0.3722348901494802,0.40633029700932033,0.2650495412011478,0.7866758842800597
2024-09-10,0.37405810626969627,0.40793397588370867,0.26666500982403457,0.7992991164641872
2024-09-11,0.37518889505798453,0.4124607316493054,0.2599479690408055,0.7992885046194411
2024-09-12,0.372840122630928,0.41148662354600174,0.2542093381657228,0.7996743575814259
2024-09-13,0.3674761882177802,0.4048947785802354,0.2510128281819253,0.8047759260696741
2024-09-16,0.36523976033131256,0.40241007689650565,0.24903455312002573,0.8073567887188569
2024-09-17,0.36451117071852007,0.4015810021049287,0.24861704132861182,0.8054790130428438
2024-09-18,0.36418489390767866,0.40129203441133793,0.24815168451730837,0.8059331171351599
2024-09-19,0.37522343063051805,0.4129413124722938,0.25857153673571376,0.8048759745904323
2024-09-20,0.37455477117389313,0.4124524493682815,0.2573950428667051,0.8055319589781195
2024-09-23,0.3744848000194081,0.4111821863009015,0.26033886669446915,0.8022652800412259
2024-09-24,0.3711518237152264,0.4093969134477538,0.25359524195252586,0.7959224095172761
2024-09-25,0.37089561043185526,0.40964405595240666,0.25200807748558707,0.7980130114065798
2024-09-26,0.37048023797357943,0.4089955817044628,0.2522160994542928,0.7964052851819626
2024-09-27,0.3714433933068215,0.40972528982610373,0.253868253945735,0.795204105548243
2024-09-30,0.3721035613895251,0.4107207823488849,0.25312409039180106,0.805192892777793
2024-10-01,0.37572717499371927,0.4132064813478309,0.25946803047652006,0.8078386203577993
2024-10-02,0.37664256342106056,0.4143760931383128,0.2597797265816081,0.8089115759090207
2024-10-03,0.37733128926809534,0.4141782803461568,0.2624095474293658,0.8115127291168888
2024-10-04,0.38062224071613776,0.41709995932054816,0.26656366840973783,0.81478067415777
2024-10-07,0.38130522062358785,0.4196113208691098,0.2630133934287583,0.8149691199527623
2024-10-08,0.38926413443858693,0.4275127130194113,0.271618874470972,0.8152427836239603
2024-10-09,0.39209578208511786,0.43150949221917145,0.2718209232649177,0.8167388096962513
2024-10-10,0.3927878556685187,0.43242662534799453,0.2719871877627627,0.8174409354732042
2024-10-11,0.3901826504137805,0.42996008230625016,0.2688359960448493,0.8181723497113089
2024-10-14,0.3859107327107173,0.4241136192395647,0.26753667479004783,0.8244205730111012
2024-10-15,0.38672934712622353,0.42534606526260693,0.2675539159684159,0.822775679719918
2024-10-16,0.38702320512925625,0.42571189793253816,0.2677770656315095,0.821611049480588
2024-10-17,0.3882465072679911,0.42727897041130236,0.26827588020610893,0.8216697031803321
2024-10-18,0.3854203566715786,0.4203696505324795,0.2749071756575053,0.8198927867511435
2024-10-21,0.38967906770128413,0.4275781079137512,0.2731605334954535,0.8109906733523987
2024-10-22,0.3936573397219047,0.43234290707084,0.2756384297587735,0.809946131956138
2024-10-23,0.40828691445699855,0.4502469823531234,0.28379989537550254,0.8069898243150716
2024-10-24,0.4037688682563181,0.44353728155920086,0.28406954617678254,0.8073642338484541
2024-10-25,0.4039994229801048,0.44624191504572674,0.2784469625416364,0.8087991072603637
2024-10-28,0.4081693071734215,0.45225613204744153,0.27818044516594886,0.8149633666948061
2024-10-29,0.4124574884293599,0.4569360005770294,0.28193717867358026,0.8135142095976265
2024-10-30,0.40603840652062334,0.4502910967317045,0.275555262768775,0.8144414054105066
2024-10-31,0.41259684238168753,0.45649432382954735,0.28329411478522715,0.8157259056535012
2024-11-01,0.4107475131472196,0.45445728308127037,0.2817450973742572,0.8159418020498795
2024-11-04,0.41168017721378924,0.45602942113052997,0.28084754864658334,0.8219460686359534
2024-11-05,0.4163445688559018,0.4612701707470986,0.2844508017681811,0.8223550089798312
2024-11-06,0.4318081904407913,0.47238552817464474,0.3102952746360866,0.8342951068264898
2024-11-07,0.43560989646148546,0.47570102266498016,0.3154191047379777,0.8352823551917864
2024-11-08,0.43581446241296545,0.4726479251713046,0.3232400111423337,0.8352600349305715
2024-11-11,0.432189653496505,0.4653038467787636,0.3277783242675824,0.8393628270512933
2024-11-12,0.4306521702123943,0.4640061572686933,0.3255014785880841,0.8405229976065836
2024-11-13,0.4307467451535466,0.46388658304315983,0.32627238510960976,0.8379678196761365
2024-11-14,0.4296587073690189,0.461919259282872,0.32706200828496157,0.839489876645022
2024-11-15,0.4245092415897747,0.4608026900694186,0.31207030101084454,0.8408226534861939
2024-11-18,0.4248623327491586,0.4613970118469535,0.31253440053995024,0.8310675474644634
2024-11-19,0.42747441356629196,0.46260608592398067,0.3197139973288934,0.8142721246081681
2024-11-20,0.42638702263479233,0.4613349050640841,0.31910022845048025,0.8125130503742594
2024-11-21,0.4139098686935911,0.44807149425347337,0.3074421711069849,0.8152684378968029
2024-11-22,0.4151604588780904,0.4494709028324905,0.3083843797595907,0.8159361072515802
2024-11-25,0.41149041154213156,0.44364506090894434,0.3105223336072208,0.8005988527273457
2024-11-26,0.4076060510146641,0.43920953642638216,0.30730412718254463,0.8060129190863212
2024-11-27,0.404443298221808,0.4406561386635305,0.2930039812569381,0.8085836372345755
2024-11-29,0.38933504623883664,0.4176533267170393,0.29506133696759856,0.8123008685703107
2024-12-02,0.38759223732242803,0.4185697979097019,0.28729538884137457,0.8078303439836453
2024-12-03,0.38513275392390484,0.41648470906610713,0.2839820520511885,0.8050748520375697
2024-12-04,0.3826139400694455,0.4138074721226719,0.28203968325632595,0.7994541704033141
2024-12-05,0.3810548485781915,0.412401477017775,0.2802185430876488,0.7964674355509084
2024-12-06,0.385422547506563,0.4111772165141283,0.29800790536161154,0.7952287644160491
2024-12-09,0.38769429733465494,0.4121760990675697,0.3031834366966837,0.7984941462522112
2024-12-10,0.3730083003731049,0.39962013207815167,0.2829384120562158,0.7926425154498066
2024-12-11,0.3518301834569998,0.38615307438985064,0.24414346981700033,0.7658297054072106
2024-12-12,0.34919956402875413,0.38247378112695274,0.24348713764121888,0.7702883614048308
2024-12-13,0.33259231518702664,0.36145852207462015,0.23593832876883214,0.7720848703941696
2024-12-16,0.308131229776851,0.34415190941437473,0.19550912265648498,0.7367390492690068
2024-12-17,0.3094735190426788,0.3450375411641663,0.1983894338147583,0.7309940232094249
2024-12-18,0.3353154895435367,0.3684915547039589,0.22978962033843,0.7570412470053615
2024-12-19,0.3294416745891461,0.35962332151062193,0.23017756447514068,0.7620456840475721
2024-12-20,0.32953770269085325,0.3598535159251987,0.22999750296850846,0.7615872353239345
2024-12-23,0.32568037162914476,0.35232120301776887,0.23443661725086,0.761907588701569
2024-12-24,0.32894401898363823,0.3553065497123072,0.2383242292721552,0.7655522891524679
2024-12-26,0.327734215845742,0.3537118403309467,0.2376971929577065,0.769072702184113
2024-12-27,0.3311146144532283,0.357601858919,0.2401448464484727,0.7686075782225578
2024-12-30,0.332852478020356,0.3609286621713641,0.23844013420298163,0.7663711899956881
2024-12-31,0.3286076434876656,0.35501722143783576,0.237786308840439,0.766592434940109
2025-01-02,0.3227650897556427,0.3514698957537546,0.22650978408735503,0.7619264648460446
2025-01-03,0.3221655091743518,0.3499017344088642,0.22784144163637285,0.766258639036104
2025-01-06,0.32331614027778643,0.3491517928855336,0.23417277227741884,0.7562188190121488
2025-01-07,0.32714063067461374,0.34924669937554575,0.2461327519154447,0.7685464075295282
2025-01-08,0.3295262247800339,0.35187141029883817,0.24799377220633229,0.7704315202274081
2025-01-10,0.3373477425174043,0.3591952952839793,0.257553029940019,0.7696040843480564
2025-01-13,0.31908898298983013,0.3402320486336832,0.23996545606756972,0.765934589288879
2025-01-14,0.31931719865484937,0.3408562621665193,0.23915357602383108,0.767904315211672
2025-01-15,0.3301189574293765,0.34913054580563513,0.256429306947784,0.7700581214842112
2025-01-16,0.3163535019933787,0.33536766016844494,0.24227267182776302,0.7620704183502948
2025-01-17,0.32004407732610884,0.3394136585821423,0.24563293890803098,0.7582758096361037
2025-01-21,0.3195625950377443,0.3397145342435135,0.2456018290895571,0.7236562120586293
2025-01-22,0.3143261327948312,0.3324342843721084,0.24511838345336276,0.7186570677121482
2025-01-23,0.31293056185723955,0.33100454314914535,0.24388700601312938,0.7159945543021901
2025-01-24,0.3157562956503481,0.3342981552263326,0.2458178504495643,0.7158678885026474
2025-01-27,0.31139007535841673,0.3243440476970627,0.2543470504884251,0.71364641655568
2025-01-28,0.30984022850046455,0.3260296097048837,0.2449211293190356,0.7169983740672304
2025-01-29,0.30939037129412095,0.325084661133013,0.24564879253866492,0.7162139082647423
2025-01-30,0.28860537820526116,0.30025006527486287,0.23303867554712498,0.7145418706412464
2025-01-31,0.2890681413829207,0.3004580006465842,0.2342394996478766,0.7128526931803606
2025-02-03,0.2921410676039829,0.3028032932127974,0.23940532145312465,0.7099993635583481
2025-02-04,0.29062480217742603,0.30524153634312845,0.2281876834687051,0.7155958870086558
2025-02-05,0.28518728778352126,0.2975994326509241,0.22797245843545533,0.708984657645409
2025-02-06,0.2841308281442855,0.29632929549601683,0.22742607363558232,0.7077557884642357
2025-02-07,0.2856404429421109,0.2979196395699555,0.22892313135137954,0.7066282348285203
2025-02-10,0.28871089878359146,0.3007073035035657,0.23301535247610394,0.7042699281968057
2025-02-11,0.2808372983091336,0.2938149513038417,0.22263060019799272,0.6997199151614627
2025-02-12,0.279668627056999,0.2920093646227254,0.22313547602158418,0.6957400777877966
2025-02-13,0.2802408184508506,0.29450670793323513,0.21919104954769653,0.696681220114697
2025-02-14,0.27683753213974477,0.2911485806322487,0.21552929475562904,0.6955743956638459
2025-02-18,0.26677661518673607,0.280261375376451,0.20736533016073022,0.6859792839368026
2025-02-19,0.2631540296797345,0.2746823777300291,0.20806942804209733,0.6859308724839814
2025-02-20,0.264026906466244,0.27607062951516587,0.20792051500905664,0.6840924716117898
2025-02-21,0.2754418744901946,0.28882383738493506,0.21679271063830927,0.6868106309525576
2025-02-24,0.28087734280930327,0.2922296106413176,0.22692528191573824,0.6928288820922764
2025-02-25,0.28338213376879395,0.2968890015690083,0.22544183959502165,0.6797461733678754
2025-02-26,0.27978990656140845,0.2941224260108699,0.21915196293907305,0.6877208801652871
2025-02-27,0.2888171220659288,0.30889147669336237,0.21543229752598012,0.6869870782049879
2025-02-28,0.2910948348473157,0.31249420023700114,0.21540380088488295,0.6774825556448153
2025-03-03,0.3006966468196886,0.32533015653894876,0.21846714861027658,0.6719662797867674
2025-03-04,0.2991372023863888,0.32342027251307476,0.2171036345421773,0.6797332656155549
2025-03-05,0.3029511799444996,0.32711978728668517,0.2214360820673983,0.6797763911245241
2025-03-06,0.3038180294321019,0.32866055689930807,0.22050134244255734,0.6840798729230543
2025-03-07,0.30425855132139423,0.3306581220989125,0.21731168041502835,0.6844766377037464
2025-03-10,0.3338047936516993,0.35265787210437366,0.26481697211561694,0.7087643708493339
2025-03-11,0.3319756332841968,0.3504629038833254,0.26394053031191544,0.7054477068989193
2025-03-12,0.3320542685009895,0.35219350239265995,0.26013518813687286,0.7059672877542749
2025-03-13,0.3345518763468549,0.3540657834917458,0.2641798702060377,0.7071452183879346
2025-03-14,0.3360395583822173,0.3557805639093459,0.26525018752359586,0.7069449278120391
2025-03-17,0.33691394285761866,0.3567916356608429,0.2659702617041351,0.7053499120470236
2025-03-18,0.33887750264153294,0.3598091427315564,0.26582609497205967,0.7020412145328078
2025-03-19,0.3380465178972669,0.3577397917305972,0.2673808560111019,0.7087668620231814
2025-03-20,0.32191569290329647,0.3463867854550915,0.2402121043375594,0.6909812820765285
2025-03-21,0.3171120130578751,0.34192056237030827,0.23416710122363169,0.6929864646363693
2025-03-24,0.32569273676758775,0.3488355537128339,0.24678342466087452,0.6993338252846698
2025-03-25,0.33435293530531035,0.3544500283894005,0.26458050455932447,0.6775411385519426
2025-03-26,0.3438188724911381,0.3658167467148055,0.2702663267470802,0.6771814608236459
2025-03-27,0.3450098480788016,0.36729931755970885,0.2706219013882845,0.6806976166048012
2025-03-28,0.3578744876012023,0.3804450777846707,0.2834482013487479,0.6842981249666263
2025-03-31,0.3588374723177507,0.3754521552827457,0.29828704794309624,0.685579934162745
2025-04-01,0.3591127573063868,0.37551540389469223,0.29856520970305933,0.6932333407656092
2025-04-02,0.3573054933451082,0.37550390555679763,0.2918734650019076,0.7018414910839872
2025-04-03,0.3738697869186138,0.40760848819629647,0.2731250351696595,0.7041865184340318
2025-04-04,0.39408798948371326,0.444765352981546,0.25599166295125453,0.6918251650464488
2025-04-07,0.38820295417448974,0.442080914281192,0.24117074831998342,0.7079574382575085
2025-04-08,0.3940496018988675,0.4459723672950308,0.25093553503681437,0.7234638159639498
2025-04-09,0.5044988734630445,0.5640705817360814,0.3494315295230723,0.74549924300633
2025-04-10,0.5198741633171259,0.5748714160102041,0.3765328886359361,0.7450894392772408
2025-04-11,0.5198047698658579,0.5732261127269824,0.37983205847397067,0.7496484406048122
2025-04-14,0.5203503357489477,0.5723147940232762,0.38333532239359214,0.7568194964777809
2025-04-15,0.5196431089138058,0.5714997762727261,0.3827367174465475,0.7582556233604736
2025-04-16,0.5244740757530936,0.5815984151175192,0.37520358229357975,0.7641795998909003
2025-04-17,0.5249179035252232,0.582180777948243,0.37512377909511285,0.7676291651711828
2025-04-21,0.522922146123312,0.5830614447447221,0.3663339224494396,0.7668700494820434
2025-04-22,0.5308470602970788,0.5886819891960341,0.37973902860403086,0.7732450242293684
2025-04-23,0.5379534597124725,0.5979400066772053,0.382337147061587,0.772669005710112
2025-04-24,0.5390598105328178,0.6035277778629252,0.37336755812149125,0.7680647401489583
2025-04-25,0.5455815976234097,0.6115775666109645,0.3766884214966399,0.7691203249605417
2025-04-28,0.5555530488666006,0.6246709942119462,0.3800507529758578,0.7689594001406518
2025-04-29,0.5584854300277605,0.6282387921695326,0.38102146851963054,0.7790771776876927
2025-04-30,0.5588966123760248,0.6285062762244554,0.38165270972022175,0.7812169175179932
2025-05-01,0.5419444633762704,0.6099785166276807,0.3674951693345139,0.7774920102032535
2025-05-02,0.5421106842335387,0.6100755081823573,0.3680407533228662,0.7743908096849718
2025-05-05,0.5424221004910755,0.6104594169933296,0.368235456893911,0.773915676869645
2025-05-06,0.5439747316441496,0.6109402433666979,0.37239372145394234,0.7738969742080699
2025-05-07,0.5380359917585694,0.6041337323642295,0.3680944762168778,0.7737378036858401
2025-05-08,0.5351333799141416,0.6042377714666343,0.35806376829863584,0.772523849809485
2025-05-09,0.5335009207495073,0.6029343452428466,0.35576449766076756,0.7693774098137304
2025-05-12,0.5352673820861555,0.6049570014061681,0.35711920714470374,0.7683533300074922
2025-05-13,0.536076588018741,0.6048276855558812,0.3601622019249824,0.7685039656252147
2025-05-14,0.5364228533588822,0.6044060511533799,0.36242119330114403,0.7670358314175392
2025-05-15,0.5366094390010725,0.6051727824233178,0.3613811395145039,0.7653169115210149
2025-05-16,0.5370373732788482,0.6060641088879338,0.3605555635802604,0.768328772439666
2025-05-19,0.5350471702535567,0.6052900378305659,0.3560866979081149,0.7609538902398597
2025-05-20,0.5353334373150148,0.6058892822307919,0.35567917165191826,0.760692850209268
2025-05-21,0.5324882902649971,0.6041382303978614,0.3500529525243116,0.7612704517250278
2025-05-22,0.5320602054499526,0.6037337457322438,0.34945292545639894,0.762595495473061
2025-05-23,0.5342346027910576,0.6051301179281368,0.35357070598737833,0.7628500250484782
2025-05-27,0.5341624107328532,0.6067965354486908,0.34986857279754296,0.7563756147081939
2025-05-28,0.5351546422164842,0.6079279514555678,0.3504233883296425,0.7590576271511834
2025-05-29,0.531870700097627,0.605288436718879,0.3454807382059218,0.7580993467293858
2025-05-30,0.5339193004255359,0.6066375753922619,0.3474316525664706,0.7860943944761069
2025-06-02,0.5373119228155085,0.608969339613756,0.3531842188764935,0.7912178939620795
2025-06-03,0.5372433728326,0.6090948182263013,0.3525523181659411,0.7928086040529397
2025-06-04,0.5371560746815234,0.6090178155324234,0.3524378324918538,0.792768777745068
2025-06-05,0.5502548747503878,0.6294716188983264,0.34917175987038973,0.7939155527725168
2025-06-06,0.5521203874043956,0.6292962826594607,0.35591546717891803,0.7940378568592782
2025-06-09,0.5514215354777792,0.6281318427687029,0.3557356621853851,0.8018488796813593
2025-06-10,0.557657784498665,0.6360009010451764,0.3587095226864766,0.7998726325535981
2025-06-11,0.5583315648219938,0.6364326505600388,0.3597737371377596,0.8031609792539189
2025-06-12,0.5502761350919588,0.6270347735091794,0.353730175895934,0.8119131784296103
2025-06-13,0.5490521742445537,0.62180085598136,0.36192754941440436,0.8097176859085709
2025-06-16,0.5550670236631715,0.6295991851987296,0.36396147875280493,0.8130245435741341
2025-06-17,0.5574078194206551,0.632400857223802,0.3653531336122932,0.8134717834359376
2025-06-18,0.5578958579961222,0.6327998093723285,0.3659932158834923,0.8147971915183497
2025-06-20,0.5565190707126856,0.6312472636187144,0.364843973576873,0.8161587760388702
2025-06-23,0.5580864831749558,0.632790831091119,0.3665988880563925,0.8157482328876945
2025-06-24,0.5598335459717303,0.6348462553643439,0.3675631614607168,0.8184444848954611
2025-06-25,0.5590656161266352,0.6328752062716227,0.3696430531514419,0.8170684056799717
2025-06-26,0.5589518881824537,0.6332928121852536,0.36832692336733747,0.8163940203112
2025-06-27,0.565798227421524,0.6384512959493756,0.3786155361644506,0.8306811978028166
2025-06-30,0.5652116910241621,0.6382862798099844,0.3774620515476373,0.8238456756682525
2025-07-01,0.5647797270775223,0.6361981216032141,0.38080341967205034,0.8247805297603877
2025-07-02,0.5579809044728962,0.6292128886281629,0.3739867494471217,0.8247737844251782
2025-07-03,0.5582628472718999,0.6297684074663707,0.37346036101117847,0.8276055343762495
2025-07-07,0.5588924414943056,0.6299967457861767,0.3747119897445504,0.8329485675251486
2025-07-08,0.5617088440023049,0.6303935275854569,0.38362032558849984,0.8290726947990635
2025-07-09,0.5601743657334533,0.6266321211836187,0.38706469642115704,0.8307979646621028
2025-07-10,0.5574268239843405,0.6236605168959639,0.38362517387544776,0.846272323710915
2025-07-11,0.5565296638392695,0.622507031215613,0.38282928308675457,0.8528275169549747
2025-07-14,0.5583221769519842,0.6245647837487165,0.38419901629733794,0.8516783488860442
2025-07-15,0.5562672618393438,0.6228821487907533,0.381359237246077,0.8483665874390173
2025-07-16,0.5550172738914073,0.6227810735680426,0.3775550498665538,0.8452176455819739
2025-07-17,0.5595410500828657,0.6268425052007099,0.3834693072775141,0.845066263038598
2025-07-18,0.5416448258611474,0.6146245748546549,0.3524826389432812,0.8247864148563727
2025-07-21,0.5434375024777873,0.616637237617944,0.35467537078386874,0.8128787479810863
2025-07-22,0.5415667282403238,0.6148218209454113,0.3527362635429433,0.8100954540229762
2025-07-23,0.5525908680668085,0.6335841302507323,0.34654888229057984,0.8084564782729009
2025-07-24,0.547394387333048,0.6295285116253042,0.3384353321548086,0.8070858647776706
2025-07-25,0.5488488123942157,0.6310165770212428,0.33985637867635776,0.8078635562161366
2025-07-28,0.5466188310123062,0.6291715637192107,0.3366291693359902,0.8071181114153904
2025-07-29,0.5477030636718959,0.6308574365052897,0.33666872896783434,0.8028150350640383
2025-07-30,0.547388314018081,0.630143593714457,0.3374850914202426,0.799501863612495
2025-07-31,0.5363283643334872,0.6147331394597946,0.3357143265497149,0.8013718016693132
2025-08-01,0.5362079929376414,0.6142682799699508,0.3363829401844066,0.8014737381053392
2025-08-04,0.5361570213536658,0.6132508797844177,0.338474022314584,0.8031169618635823
2025-08-05,0.5309935252333084,0.6078706494734881,0.3334326131846188,0.8037078575573607
2025-08-06,0.5286387051837135,0.6044552836714786,0.33337829135016483,0.803964665615163
2025-08-07,0.5157363660791688,0.5939894951475455,0.31413313250446295,0.8009253523065691
2025-08-08,0.5148007286201608,0.5934043342353719,0.31257465492674763,0.797065637488971
2025-08-11,0.5134454600226931,0.5923567636166851,0.310606785464176,0.7941299526107328
2025-08-12,0.5164280445744438,0.5924186941010959,0.32122680619195637,0.7847738868789347
2025-08-13,0.5041965193308638,0.5709553599673969,0.32962774687553814,0.7861686838820945
2025-08-14,0.48523408759859804,0.5367510037934059,0.34454777160186995,0.7924367607312393
2025-08-15,0.49157412659540783,0.5390259361008746,0.36212828558230375,0.7724484091006348
2025-08-18,0.4885304233002861,0.5371337283201657,0.35608608379504053,0.7740798401831878
2025-08-19,0.3256577078531287,0.3506638837817123,0.23872538348578765,0.7544264158628193
2025-08-20,0.28141758770545205,0.3083635078959017,0.18755813414738087,0.7462021844107851
2025-08-21,0.280759519458138,0.3093518770848829,0.18270626575070928,0.7508258081334996
2025-08-22,0.29061837982051497,0.31595855487936636,0.199891136893138,0.7646208966713708
2025-08-25,0.2913500741969433,0.3177364545125251,0.19756782170314877,0.774560550558502
2025-08-26,0.278278797950745,0.29589839198446305,0.20374245283905731,0.7796381834459297
2025-08-27,0.27858965113947515,0.29601447691213395,0.20482694516691816,0.7751613386847699
2025-08-28,0.27316225544606326,0.28352511605091973,0.21541368236838684,0.7766907304412355
2025-08-29,0.2620040321909775,0.27468804001255676,0.1987255958118468,0.7672403041226645
2025-09-02,0.25341389035780065,0.26410936845087934,0.1945680323155546,0.7617600277337364
2025-09-03,0.23422566834944478,0.23427185595559707,0.19888766611933456,0.7626791355857648
2025-09-04,0.23122589044475522,0.23042201876707455,0.19752998597671104,0.7647999661842446
2025-09-05,0.22346561925047023,0.2206358219786353,0.19392046465368434,0.7656858427164802
2025-09-08,0.2233994028745467,0.22031305800954212,0.19471795640049802,0.7616431702604382
2025-09-09,0.222620778607969,0.21937225053064985,0.19429853230705302,0.7611529558278787
2025-09-10,0.21814079418667695,0.21338731918624865,0.1930960443908564,0.7601836661389778
2025-09-11,0.21540820438346203,0.20853618102623672,0.19503546691995707,0.7615200838389224
2025-09-12,0.21147184193480592,0.20486529155513858,0.1902883545823275,0.7604534155103404
2025-09-15,0.2104858820415103,0.20523015962665853,0.18576870192665068,0.765193868284218
2025-09-16,0.2133757807037394,0.20861460666588197,0.1877974214472497,0.7636922608760922
2025-09-17,0.2113172532344926,0.20573958522746652,0.18907873968312275,0.7401133367509544
2025-09-18,0.20759158248204287,0.19992656591306956,0.1896476872265422,0.7450255912286202
2025-09-19,0.18020658700263228,0.1626219408710882,0.18303865154631754,0.7531882334513965
2025-09-22,0.1708214305636195,0.15535703580187385,0.1676917039584649,0.7590211463020388
2025-09-23,0.17573736856404484,0.1586663414357873,0.1766967786556853,0.758832166678451
2025-09-24,0.17440988702400095,0.15751735117277296,0.1748387482665389,0.7592157231789115
2025-09-25,0.17541656723490567,0.1571091424491882,0.1785106702152612,0.7697648900296876
2025-09-26,0.17562894000466625,0.15690541060801713,0.17953485211382336,0.7723637872500282
2025-09-29,0.1734024945277652,0.1552835756382257,0.17570250510383326,0.7730644970206267
2025-09-30,0.1734781208827423,0.15196976823883165,0.1835489704677316,0.7752077196447759
2025-10-01,0.17270404124106498,0.15131039813337746,0.18233223171026403,0.7770586929721435
2025-10-02,0.16448304530594268,0.14382879090440995,0.1719122325275358,0.7759441410356925
2025-10-03,0.15188014963591706,0.12938662969011797,0.16285323558055748,0.7745570585692797
2025-10-06,0.1492471882021004,0.12735389603684097,0.15875197112097283,0.7729406702030929
2025-10-07,0.15087148158553532,0.12835950479251096,0.16170406748486177,0.7763018808514898
2025-10-08,0.1523164599948159,0.1305473346021239,0.16166859536451322,0.7739538181935758
2025-10-09,0.15208330425514754,0.13066861672011162,0.16039173415024213,0.7769709195549869
2025-10-10,0.1929292283947438,0.16508926030758447,0.21728259838272473,0.8020275616256064
2025-10-13,0.2040275872885177,0.17484531820820876,0.2322431570834575,0.8021734581752319
2025-10-14,0.2093746627179404,0.18062346495066411,0.2371580636313696,0.7989155708711712
2025-10-15,0.20735005198411158,0.18026603597642266,0.23089131499789006,0.8021716670465467
2025-10-16,0.20712768098374573,0.1802037467783088,0.23069209023357362,0.7959992394266187
2025-10-17,0.2065889067222392,0.17987866201186783,0.22945485255397027,0.7984582841092727
2025-10-20,0.21202277482695095,0.18489170222034945,0.236286632075712,0.797652457326587
2025-10-21,0.21118772988545287,0.183197179237187,0.2375592408087862,0.7952843387247581
2025-10-22,0.21068480400082706,0.18150770774556596,0.2396671421412679,0.7971481008283522
2025-10-23,0.20804977520720905,0.17679383347149086,0.2416918105664625,0.7973772055685425
2025-10-24,0.2044107353294759,0.17294717451023137,0.23829092421678008,0.7974325306934732
2025-10-27,0.20996945503501865,0.17922941930085903,0.24248518403455901,0.7981347707374997
2025-10-28,0.20639130100119765,0.17716144563161126,0.235222829459875,0.7969633120565605
2025-10-29,0.20357547435416753,0.17388088792211084,0.23333450528243632,0.7965005355521203
2025-10-30,0.2040942551479568,0.17244825801229058,0.2383551970739553,0.7977900260062958
2025-10-31,0.20076146410280188,0.1679190700107909,0.23739349743979624,0.8007647572682725
2025-11-03,0.19862184990296528,0.16556977873431966,0.23530795905917354,0.8051527034624378
2025-11-04,0.21074139342406534,0.17613899249444392,0.25143454719765546,0.8114281193569618
2025-11-05,0.21165420074557453,0.17618647115367114,0.25385436097398373,0.8200223330360545
2025-11-06,0.22108606816956564,0.1871783298077557,0.26020946303261955,0.8210059878871069
2025-11-07,0.22132821948692574,0.1890849729144432,0.2565709584558944,0.8212007649892833
2025-11-10,0.22554433122832757,0.19291961985060874,0.2618752415416862,0.8224455747481061
2025-11-11,0.22102128919724212,0.18838581825244602,0.2569323099736025,0.8245974606196995
2025-11-12,0.21990075047102636,0.1871947768970356,0.2559367135419518,0.8240703794968226
2025-11-13,0.22955596733471387,0.19756378480595876,0.26453574057514934,0.8245857572346118
2025-11-14,0.23027740186751475,0.19750494605871274,0.2673696070768106,0.8209302770361463
2025-11-17,0.23257568516068935,0.19898147743243866,0.2715527527990094,0.8237169410746611
2025-11-18,0.23063477688397635,0.1996913297786897,0.26322271418774756,0.8248363660124411
2025-11-19,0.22994170732764577,0.19851772487905217,0.263143962970195,0.8317472583901818
2025-11-20,0.2419650005969776,0.2101532281679648,0.27705389870716,0.8290435639596861
2025-11-21,0.2390182741267855,0.2076494705892413,0.2728198226643268,0.8299031698777158
2025-11-24,0.2483672698009628,0.21564809212907377,0.28550217488426527,0.836514912067542
2025-11-25,0.24633404515749163,0.21309606371829723,0.2838817352718535,0.846448043813866
2025-11-26,0.2475440539286213,0.21259029794346307,0.28909943295593327,0.8475948279994793
2025-11-28,0.24869098687224425,0.21349483744620434,0.29090712072017616,0.8473142090646624
2025-12-01,0.24917313750389,0.21494226402667924,0.2886146092996967,0.8556316322691645
2025-12-02,0.24981896490306624,0.21599199241594716,0.28798418869063014,0.8612846451387762
2025-12-03,0.24657057799993606,0.2131289372873817,0.2834211065820455,0.8642700742076967
2025-12-04,0.24454890006117644,0.21101747647448899,0.28146538424091166,0.8644014628992077
2025-12-05,0.24247213120024205,0.2105921017946156,0.27529741375727224,0.8658939220417134
2025-12-08,0.2520095156452307,0.2230919602706648,0.2786742866717243,0.8641523883576329
2025-12-09,0.24342236521757535,0.2146047809255416,0.26931437915580997,0.8636576063652365
2025-12-10,0.2407046465980067,0.2122923743707791,0.2654636431863584,0.8637492257256962
2025-12-11,0.23910250452619491,0.21087451541395583,0.26344954401262155,0.8618765311581642
2025-12-12,0.23983136692523171,0.21138794817083711,0.2647152951436838,0.86209210005226
2025-12-15,0.24356552260863487,0.21407199247742922,0.27126518463984006,0.8603441467327548
2025-12-16,0.2421764622155444,0.21228947586720903,0.2706857272222386,0.860582009306872
2025-12-17,0.24619697660892267,0.21521286192927533,0.27716985342330935,0.8660478381807789
2025-12-18,0.24321822194061588,0.21409021437951492,0.2694852876979813,0.8686925002186664
2025-12-19,0.24666846348225646,0.21717795579439225,0.27395289585832344,0.8695697469164987
2025-12-22,0.24853707799203867,0.21783191527215778,0.2788279320909004,0.8688549617049461
2025-12-23,0.24892230023748987,0.2183089868008936,0.2790033131539742,0.8691730767710913
2025-12-24,0.24930547984883353,0.21883885665742692,0.2790814774716425,0.8689973272059285
2025-12-26,0.24719751836096646,0.21738762790574187,0.2753560232230656,0.8681661113623398
2025-12-29,0.24895432110544902,0.21525574095600725,0.28626825522384597,0.8686956145599538
2025-12-30,0.24785484075963146,0.21444961917377653,0.28443738256121615,0.8682994692407834
2025-12-31,0.24038348967402862,0.20926680211125587,0.27118375377834997,0.8674635928062552
2026-01-02,0.2378257283426571,0.2083821141524449,0.26456826415741796,0.8672141877786738
2026-01-05,0.23761950336729418,0.20789066350891688,0.2650568105235521,0.8665692910666313
2026-01-06,0.23553043007530242,0.2050521094928119,0.2643326155445332,0.8702388684240076
2026-01-07,0.23349637579268012,0.2036332743453203,0.26046721679524104,0.8741423114118597
2026-01-08,0.2303014569816566,0.20111856505410583,0.25559999544365347,0.8722245975159811
2026-01-09,0.22892207337745962,0.1980429228839321,0.25785103838092616,0.8757578655989234
2026-01-12,0.22864995756954898,0.1985972678209893,0.25559416340257596,0.876331011273732
2026-01-13,0.22495384151424197,0.19729160847298371,0.24599255524176394,0.8775512920454519
2026-01-14,0.22987426472518827,0.20544658133575106,0.24371967678803677,0.8771620024127641
2026-01-15,0.2295886661116216,0.20513317474072623,0.24329448711835594,0.879943548991945
2026-01-16,0.22999165865621804,0.20587421809152112,0.24294689651048004,0.879773510606681
2026-01-20,0.2596963603997053,0.23524283134081686,0.2747418439414907,0.8898876243340225
2026-01-21,0.2610061265029692,0.23609905359342048,0.2772108648052553,0.8896826038028847
2026-01-22,0.2636897115666568,0.2399811357848829,0.27707851059298066,0.8926578785338867
2026-01-23,0.25970942705535727,0.23283597324749344,0.2801415677878002,0.8937981993439438
2026-01-26,0.25823867348677376,0.23157735250884512,0.27803301742052505,0.8944697487080063
2026-01-27,0.2585982972894672,0.23156406657361395,0.2791698483527012,0.8962231063958241
2026-01-28,0.2600971457936456,0.23319386151899713,0.2804698938548983,0.8961208744875521
2026-01-29,0.2520316452619792,0.2197635539254391,0.28431644428802105,0.897142856650254
2026-01-30,0.25707155642405155,0.22272841226726173,0.2947633883664391,0.8937041227758797
2026-02-02,0.2486930317001822,0.21777401228372234,0.27747720984132196,0.8990960391591822
2026-02-03,0.260732713391346,0.22993753267455103,0.28986734918364065,0.9015445015947522
2026-02-04,0.2594580307677625,0.22725738444205634,0.29185970441871373,0.9004555474032103
2026-02-05,0.26847107913815216,0.23303904969323533,0.30851355691288057,0.9079549430893175
2026-02-06,0.2672257101904117,0.22941665103723563,0.31249455034221635,0.9115101782745038
2026-02-09,0.2670135308791132,0.2298110135777132,0.310911648779573,0.9106298679212173
2026-02-10,0.26770840400309087,0.2302474457501451,0.3123599015940193,0.9090694789922669
2026-02-11,0.2684017279975882,0.23085509593325151,0.31324241445977297,0.9099235533166019
2026-02-12,0.27021818418971616,0.23402104676142402,0.3120189436613887,0.9101066021048512
2026-02-13,0.26879812709723794,0.23377514224548177,0.3075544891010452,0.9132571668515955
2026-02-17,0.2679943077146463,0.23299907196394817,0.3068074289915896,0.9106307398349274
2026-02-18,0.26593421995838523,0.2319606552771136,0.30225194267601035,0.9102431430385117
2026-02-19,0.26694574271703053,0.23309782566497642,0.30303950196661644,0.9102164507951408
2026-02-20,0.24640418803120342,0.21441679898788135,0.27705790158485505,0.9061571012427027
2026-02-23,0.24277802363240347,0.21113629876923254,0.2718386200453967,0.9143294476484889
2026-02-24,0.24684182736754948,0.21757870784337083,0.27069906806096977,0.9131924003124977
2026-02-25,0.2546183221569568,0.22224740108167368,0.2859789692556408,0.9171908533116033
2026-02-26,0.2533910661408912,0.22044959970640157,0.2859944455177365,0.9172917006953475
2026-02-27,0.24873322218526248,0.21478957860539233,0.28334800156517553,0.9175390567820229
2026-03-02,0.2427165818004771,0.20966437049314168,0.27480278828168747,0.91825088033906
2026-03-03,0.24292127849863523,0.20959090876393757,0.27573237505330067,0.9173177708930703
2026-03-04,0.24468143826334923,0.20982819623390558,0.28118201218147565,0.91703630052198
2026-03-05,0.2420092289432195,0.20805301274917876,0.27610633218093317,0.9190202471689405
2026-03-06,0.24437326449926128,0.2102905279408282,0.2788920899093014,0.9194866628938178
2026-03-09,0.23958486475496601,0.2053725483521558,0.274099251032655,0.9193001446879882
2026-03-10,0.24058143206547292,0.20611348999533818,0.2757415160960477,0.9195581440615664
2026-03-11,0.24142401581425968,0.20708574954152512,0.2762317408700302,0.9211474595234108
2026-03-12,0.24259204509970136,0.2106915740286441,0.27174881562036324,0.9217569747767772
2026-03-13,0.24775098253972522,0.2200837053019597,0.2673785765709702,0.9216917753928442
2026-03-16,0.25487459266137025,0.2247425981140561,0.2803773837515052,0.9269525354653395
2026-03-17,0.24693180678586196,0.21758981085150358,0.27010714324487756,0.9262716176031708
2026-03-18,0.24772925490136288,0.2184635105007547,0.27076125266808415,0.9265503424218308
2026-03-19,0.2405398588483197,0.21020610598383832,0.26562159695791077,0.9259951374613032
2026-03-20,0.24305052766677165,0.21385197087770996,0.26567809648800694,0.9255864829654007
2026-03-23,0.23880600122483728,0.2098187878354545,0.2607128657053894,0.9247555026449535
2026-03-24,0.2420120593658444,0.21374060823498692,0.26240215039440024,0.9256614835175184
2026-03-25,0.24565497580755513,0.2181052219367764,0.264586157564926,0.925928634924249
2026-03-26,0.2424625297841765,0.21340951129380759,0.2646000721918234,0.927255040832382
2026-03-27,0.25125606127364647,0.22233246095047499,0.2736191629657552,0.9281355472030174
2026-03-30,0.25012539473443707,0.22152684885964147,0.27164667505537926,0.9282552955381522
2026-03-31,0.2713594095277862,0.24610945653307398,0.28625441737012564,0.9316826467076215
2026-04-01,0.2737093618462288,0.249044576793106,0.28751454087140693,0.9298991533278541
2026-04-02,0.26333107610608725,0.238429219132267,0.2768232307065531,0.9325137511828063
2026-04-06,0.26598474783132187,0.2407638670764996,0.28042583063420934,0.9320993322067886
2026-04-07,0.25399426553811466,0.23031409463394695,0.2639874818709034,0.9329020021921535
2026-04-08,0.25668513103980684,0.2376599132954234,0.25597478836410353,0.9332228922287772
2026-04-09,0.2539950417997465,0.23470189950196643,0.2537175117339102,0.9334179732095956
2026-04-10,0.25298233266941,0.23208700376674066,0.2561732404589428,0.9364552274198448
2026-04-13,0.26051158651877,0.23917886235264277,0.2654040783676167,0.9337695546005199
2026-04-14,0.2605388877265654,0.2425232141149099,0.25784793423437574,0.9314517665173523
2026-04-15,0.2688192483608295,0.2530622909531848,0.26138614948350086,0.9318092407883246
2026-04-16,0.2712511488938171,0.25558311311111426,0.2640347761183666,0.9278779929201718
2026-04-17,0.2706598059983014,0.2525468116254638,0.2692564009963447,0.9256656840769698
2026-04-20,0.2716728489718659,0.25290585701392576,0.27179766396110233,0.9266453426612234
2026-04-21,0.2705066266199315,0.2516862599554384,0.27063137867316106,0.9273481790787484
2026-04-22,0.2769898594113525,0.2591449192454581,0.2752776720045911,0.927245576319077
2026-04-23,0.28095943164036724,0.26485886573667605,0.275362725049994,0.9284298371251586
2026-04-24,0.2843256816786577,0.27462270218716606,0.2640500128753117,0.9280649959310563
2026-04-27,0.2829409143732399,0.2736778565752019,0.2615410275890578,0.9281462390673019
2026-04-28,0.2821555229881034,0.2727091581205495,0.2611071726691211,0.9285035481372264
2026-04-29,0.2779489209332125,0.26909820050719285,0.2552278961735736,0.9285395072384804
2026-04-30,0.2609805735471194,0.24648682392351778,0.25024319278325724,0.929322521831106
2026-05-01,0.2602488033664122,0.24640966638170536,0.24802283856180418,0.9280080699002718
2026-05-04,0.2585521783363265,0.244927208257791,0.2457386601937809,0.9276289032232525
2026-05-05,0.25879543846227787,0.24438849842890312,0.24786140006478716,0.9270489155927534
2026-05-06,0.25810741243237845,0.2439466726580556,0.24667989652146344,0.9251460431974023
2026-05-07,0.2558536165907397,0.24174739229285638,0.24417572297434892,0.9247398712625169
2026-05-08,0.2560059748482951,0.24156322983914266,0.24526781313030233,0.9225744759385227
2026-05-11,0.2527037755105321,0.2380650358453683,0.24237212998648724,0.9200343466519351
2026-05-12,0.2532340392760479,0.23805974372002614,0.2441547414825937,0.9205238506386202
2026-05-13,0.25454989331530137,0.23759566925646503,0.2497903030665859,0.9193415891053043
2026-05-14,0.25326684241167113,0.2358318263541005,0.24958351946445692,0.9187422486348593
2026-05-15,0.25220492819542556,0.23414226154359205,0.2498242197975638,0.9201088869775266
2026-05-18,0.2515919793173949,0.23319529621054952,0.24993795141359446,0.9202863066139901
2026-05-19,0.253330337822928,0.2353171258998288,0.25078285191708194,0.9220050437190931
2026-05-20,0.25610666078463684,0.23814285842007818,0.2536328293084456,0.9219472156870571
2026-05-21,0.2561118512766587,0.2379449066858567,0.25408667744754565,0.9223325193914255
2026-05-22,0.2577863564699682,0.23815725435942928,0.25930293432097934,0.9220562625736681
2026-05-26,0.2569384790122126,0.23506786908414307,0.2636395717856316,0.9218934348933612
2026-05-27,0.25579156722365626,0.23366753019076125,0.2629960597218807,0.9220654759016166
2026-05-28,0.25574908630366494,0.23392614174332743,0.26219852175922287,0.9228106140821057
2026-05-29,0.23763620703653474,0.21887584571778299,0.23606572760697625,0.9178060446362205
2026-06-01,0.2297516706080883,0.20985318884085857,0.23043317331338745,0.9159759918816427
2026-06-02,0.228056247249529,0.20651309051015443,0.23225734492707112,0.9190502679645091
2026-06-03,0.23097397968866767,0.20938894187541018,0.23551305261752198,0.9183642092198642
2026-06-04,0.22743024085897695,0.20490390741624828,0.2340198288183592,0.9170080919637486
2026-06-05,0.2499526096097319,0.22759033140274326,0.2576634487484189,0.9169697597740302
2026-06-08,0.24810491972421925,0.22578274029361664,0.25550057738265214,0.918446334918817
2026-06-09,0.259274935105597,0.23974617268931783,0.2609821873447842,0.917172836087559
2026-06-10,0.26388284402422946,0.24619796712352782,0.26147174487185865,0.919020022834347
2026-06-11,0.26514531704677796,0.24355084169529373,0.27209739523988025,0.9166707814521926
2026-06-12,0.2556871052013914,0.23431930398806458,0.26155902979456136,0.9154812787702782
2026-06-15,0.2655822157382917,0.24409837025733847,0.2724402376626557,0.9146464787061946
2026-06-16,0.25794964343555327,0.24066366192786026,0.25536841576314045,0.9016774112910011
2026-06-17,0.26612782508807703,0.24964724597215857,0.26276546484279145,0.8933834978245075
2026-06-18,0.2661881255554219,0.25239052542832235,0.2564013875411886,0.8959052002174054
2026-06-22,0.2651051821933528,0.25508117529173935,0.2465163566601014,0.8947778067485905
2026-06-23,0.2646470833611935,0.25435338710781263,0.24669654848158326,0.8941844754236786
2026-06-24,0.2634450013012665,0.2517261186108897,0.24867032267600012,0.8952260748434493
2026-06-25,0.26744670212944954,0.2532613137344977,0.25898334665834655,0.8908856280193113
2026-06-26,0.26483864338883845,0.24956196223659172,0.2589535655559559,0.8877986512107138
2026-06-29,0.2651990500065664,0.24849588655500557,0.26279493564790213,0.8858714861911604
2026-06-30,0.2632527942492337,0.24708452036275924,0.2594511408791104,0.8861671808276895
2026-07-01,0.2605877555779816,0.2433719035641864,0.2590255718019836,0.8865753327007836
2026-07-02,0.2479745224985092,0.23267225421953852,0.2412967605570143,0.8837203413849078
2026-07-06,0.2468417293001044,0.22931953776640246,0.24540863100954594,0.8816149073380483
2026-07-07,0.24145880292947866,0.22494765342478962,0.2380090047650379,0.8710960080602081
2026-07-08,0.24128005059861612,0.2250167735935301,0.2372503407452068,0.870940393577767
2026-07-09,0.2458830203603498,0.2307815896036764,0.23963415784335354,0.8681660345988624
2026-07-10,0.24559558994381966,0.2295427399330332,0.24192522240661155,0.8625008533794677
2026-07-13,0.24523139638811517,0.22847698896507207,0.24315197811291817,0.8628269303225792
2026-07-14,0.24077564816220406,0.22622225371486593,0.23315538602164476,0.8644483859274259
2026-07-15,0.24159394635475506,0.2264044887359853,0.23562644318130074,0.8627375106135106
2026-07-16,0.23760402834679134,0.22236895382167876,0.23161483966051905,0.8606694670198148
2026-07-17,0.2391465134773333,0.22468484967113694,0.23149066357936465,0.8601424951637373
2026-07-20,0.23802427460740186,0.2232912817398101,0.23078078426866475,0.8623313800541675
2026-07-21,0.23819853603653904,0.22339378489398465,0.2312196171015687,0.8610486100504975
2026-07-22,0.23711727605032734,0.22089344081026546,0.23339428862308034,0.8607963208611978
2026-07-23,0.24304516475891583,0.2255845780926835,0.2425567779504216,0.8614915002044602
2026-07-24,0.23973351764340867,0.22137955036694784,0.24176821897959178,0.8516018522767914
2026-07-27,0.23815380265064967,0.21936479513158802,0.2412217751010957,0.8497494790611159
2026-07-28,0.2343266623735987,0.21604914651875434,0.23628672581069765,0.844638765736669
2026-07-29,0.23301419091392897,0.21476527736646914,0.23481300632720306,0.8447439338759125
2026-07-30,0.22209920630841018,0.19940070871882867,0.23356721953940876,0.8445264234787851
2026-07-31,0.2076705731760775,0.18459118202814734,0.21901891571448712,0.8452241252774905
2026-08-03,0.20823634830901946,0.18512664601586679,0.21971496940203059,0.8448966121741973
2026-08-04,0.21028645649889124,0.18803862171017915,0.21989855973292866,0.8447791255932519
2026-08-05,0.20439301471400195,0.18443820686411833,0.20862099116398652,0.8393916427101619
2026-08-06,0.19691017345710776,0.1778203090575665,0.19879891008631428,0.8367243780029537
2026-08-07,0.19815645948602248,0.17882497280672688,0.20060150884817204,0.838082752829126
2026-08-10,0.1854549350914694,0.1650125232923794,0.19017128939568376,0.8301940334964034
2026-08-11,0.18663590381120418,0.1664794933672229,0.1905268431832012,0.8337461787705932
2026-08-12,0.1872433740651484,0.16651940804576973,0.1925842909447488,0.8324684315493981
2026-08-13,0.18965857605575484,0.16928852927182714,0.1942837377153544,0.8332327885992311
2026-08-14,0.19227873698511838,0.1703051900227464,0.20148306789061737,0.8232879170856529
2026-08-17,0.19338904148342517,0.17088008638421273,0.20404164599064017,0.8214134023476367
2026-08-18,0.1932051153299078,0.1712897285590401,0.2024465436446171,0.8216222275896383
2026-08-19,0.1908260500411907,0.17103989996469318,0.19391164281430262,0.8370574111219248
2026-08-20,0.1855187828121992,0.16925422184017827,0.1803504627730957,0.8323032174194833
2026-08-21,0.18494747303064243,0.1665729573487464,0.1840533022540926,0.8414680835452516
2026-08-24,0.1795186921265421,0.16085305887028042,0.17955705475865685,0.8322404166139784
2026-08-25,0.1788037169678061,0.16057173719610326,0.1773754560779578,0.8383469223251293
2026-08-26,0.18033330766500327,0.16260154925743295,0.17786501084624107,0.8379693042113979
2026-08-27,0.18144023668505146,0.1635324020677208,0.18007678374222552,0.8286662424340134
2026-08-28,0.1797076963047673,0.1622996621419441,0.17694482306179554,0.8304319906481558
2026-08-31,0.17526537827819338,0.1576394326008684,0.17276281527615273,0.829711922015178
2026-09-01,0.1732563331704434,0.1544010126965581,0.1733874267263247,0.8312261464182105
2026-09-02,0.17047059604806225,0.14830288626401814,0.17814787201404741,0.8311812989998284
2026-09-03,0.17390397388105194,0.15064774348183813,0.18430145492147304,0.8319098222472193
2026-09-04,0.17461894467301714,0.15100673359681074,0.1858365716876223,0.8327819271211635
2026-09-08,0.17406066085553962,0.15008645409293783,0.1863172160503028,0.8293095696251552
2026-09-09,0.17962848937881923,0.15709937996864226,0.1888812283735252,0.8293562338144267
2026-09-10,0.1784827280438588,0.1556757509928178,0.18820665748697857,0.8308679831834985
2026-09-11,0.18113861052557362,0.15775137760987568,0.1923145887794616,0.8320520887666824
2026-09-14,0.17887331069405102,0.15532752071326061,0.19031817452439523,0.8313030025665525
2026-09-15,0.17894337311548167,0.15425747917694965,0.19264882574422518,0.8373678715329501
2026-09-16,0.179576316235879,0.15466117863221396,0.19385257009734316,0.8374623244421926
2026-09-17,0.18079508864085148,0.15606694365070067,0.19459611025587004,0.8392648390708507
2026-09-18,0.1786926883851195,0.1575819364308563,0.18326269563813075,0.8490188979891644
2026-09-21,0.18826285060784853,0.16532807742428818,0.19770941512271756,0.849281444309426
2026-09-22,0.18952187709675733,0.16574970168022857,0.20096656437418414,0.849877707513862
2026-09-23,0.19181424382760967,0.16793049114028086,0.20353160673020573,0.8519851443451772
2026-09-24,0.19198786820482475,0.16872476831375355,0.20239153403377003,0.850141376958138
2026-09-25,0.19207231952534717,0.16848708095229856,0.2037003320638471,0.8431354815045516
2026-09-28,0.19399984207384474,0.1718508196873876,0.20240081217708644,0.8432010740512204
