date,ticker,drawdown
2021-10-06,AAPL,0.0
2021-10-06,MSFT,0.0
2021-10-06,NVDA,0.0
2021-10-06,GOOGL,0.0
2021-10-06,AMZN,0.0
2021-10-06,META,0.0
2021-10-06,TSLA,0.0
2021-10-06,AMD,0.0
2021-10-06,NFLX,0.0
2021-10-06,CRM,0.0
2021-10-06,ORCL,0.0
2021-10-06,ADBE,0.0
2021-10-06,AVGO,0.0
2021-10-06,QCOM,0.0
2021-10-06,INTC,0.0
2021-10-06,BTC-USD,0.0
2021-10-06,ETH-USD,0.0
2021-10-06,SOL-USD,0.0
2021-10-07,AAPL,0.0
2021-10-07,MSFT,0.0
2021-10-07,NVDA,0.0
2021-10-07,GOOGL,0.0
2021-10-07,AMZN,0.0
2021-10-07,META,-0.013247669521439631
2021-10-07,TSLA,0.0
2021-10-07,AMD,0.0
2021-10-07,NFLX,-0.011344053760789508
2021-10-07,CRM,-0.002506587333203969
2021-10-07,ORCL,0.0
2021-10-07,ADBE,0.0
2021-10-07,AVGO,0.0
2021-10-07,QCOM,-0.0017179377945119034
2021-10-07,INTC,0.0
2021-10-07,BTC-USD,-0.02809653406297008
2021-10-07,ETH-USD,0.0
2021-10-07,SOL-USD,0.0
2021-10-08,AAPL,-0.0027214753853157525
2021-10-08,MSFT,0.0
2021-10-08,NVDA,-0.011577673311719994
2021-10-08,GOOGL,0.0
2021-10-08,AMZN,-0.004181805261295635
2021-10-08,META,-0.010760089644481607
2021-10-08,TSLA,-0.010231834522373306
2021-10-08,AMD,-0.013057768243283974
2021-10-08,NFLX,-0.010076686099478316
2021-10-08,CRM,-0.010135488581164864
2021-10-08,ORCL,0.0
2021-10-08,ADBE,-0.0036272567040784853
2021-10-08,AVGO,-0.0021661667766174064
2021-10-08,QCOM,-0.011791170497139958
2021-10-08,INTC,-0.006828727007931801
2021-10-08,BTC-USD,-0.025172779653824695
2021-10-08,ETH-USD,-0.00674909305681104
2021-10-08,SOL-USD,0.0
2021-10-11,AAPL,-0.003349684530704611
2021-10-11,MSFT,-0.0021025515869810274
2021-10-11,NVDA,-0.018030863796329677
2021-10-11,GOOGL,-0.0062344132780716155
2021-10-11,AMZN,-0.016996594619015704
2021-10-11,META,-0.02454742123440956
2021-10-11,TSLA,-0.0021043249582560763
2021-10-11,AMD,-0.016627493600840815
2021-10-11,NFLX,-0.018870306440583073
2021-10-11,CRM,-0.005521813275173981
2021-10-11,ORCL,0.0
2021-10-11,ADBE,-0.01017343931342407
2021-10-11,AVGO,-0.0031987113357918595
2021-10-11,QCOM,-0.02436343314442313
2021-10-11,INTC,-0.013658065552782706
2021-10-11,BTC-USD,0.0
2021-10-11,ETH-USD,-0.011878803879467936
2021-10-11,SOL-USD,-0.08865136876199675
2021-10-12,AAPL,-0.012421924215311742
2021-10-12,MSFT,-0.006681230812302541
2021-10-12,NVDA,-0.01916985996164866
2021-10-12,GOOGL,-0.023868739125590843
2021-10-12,AMZN,-0.016684712693908588
2021-10-12,META,-0.029582697348111253
2021-10-12,TSLA,0.0
2021-10-12,AMD,-0.013245618347931254
2021-10-12,NFLX,-0.02215616287891875
2021-10-12,CRM,0.0
2021-10-12,ORCL,0.0
2021-10-12,ADBE,0.0
2021-10-12,AVGO,-0.017492762780607518
2021-10-12,QCOM,-0.03990311534884594
2021-10-12,INTC,-0.037098504990982106
2021-10-12,BTC-USD,-0.025114999851183484
2021-10-12,ETH-USD,-0.02658926420140517
2021-10-12,SOL-USD,-0.03908218331854163
2021-10-13,AAPL,-0.016609439295497408
2021-10-13,MSFT,0.0
2021-10-13,NVDA,-0.006453099583080157
2021-10-13,GOOGL,-0.015763285581529396
2021-10-13,AMZN,-0.0054959601818729276
2021-10-13,META,-0.027274820138038613
2021-10-13,TSLA,0.0
2021-10-13,AMD,0.0
2021-10-13,NFLX,-0.014614271790644895
2021-10-13,CRM,0.0
2021-10-13,ORCL,0.0
2021-10-13,ADBE,0.0
2021-10-13,AVGO,-0.018039155864870815
2021-10-13,QCOM,-0.023582739510683015
2021-10-13,INTC,-0.03543734139216681
2021-10-13,BTC-USD,-0.001455887855115967
2021-10-13,ETH-USD,0.0
2021-10-13,SOL-USD,-0.06777739431951657
2021-10-14,AAPL,0.0
2021-10-14,MSFT,0.0
2021-10-14,NVDA,0.0
2021-10-14,GOOGL,0.0
2021-10-14,AMZN,-0.0007782724661488105
2021-10-14,META,-0.015316004738757494
2021-10-14,TSLA,0.0
2021-10-14,AMD,0.0
2021-10-14,NFLX,-0.008292892826823217
2021-10-14,CRM,0.0
2021-10-14,ORCL,-0.01161823604687895
2021-10-14,ADBE,0.0
2021-10-14,AVGO,0.0
2021-10-14,QCOM,0.0
2021-10-14,INTC,-0.005167792735461196
2021-10-14,BTC-USD,-0.002840153502563836
2021-10-14,ETH-USD,0.0
2021-10-14,SOL-USD,-0.05783230031597708
2021-10-15,AAPL,0.0
2021-10-15,MSFT,0.0
2021-10-15,NVDA,0.0
2021-10-15,GOOGL,0.0
2021-10-15,AMZN,0.0
2021-10-15,META,-0.026615571762450108
2021-10-15,TSLA,0.0
2021-10-15,AMD,0.0
2021-10-15,NFLX,-0.016914430986061935
2021-10-15,CRM,0.0
2021-10-15,ORCL,-0.011099541442922689
2021-10-15,ADBE,0.0
2021-10-15,AVGO,0.0
2021-10-15,QCOM,0.0
2021-10-15,INTC,0.0
2021-10-15,BTC-USD,0.0
2021-10-15,ETH-USD,0.0
2021-10-15,SOL-USD,0.0
2021-10-18,AAPL,0.0
2021-10-18,MSFT,0.0
2021-10-18,NVDA,0.0
2021-10-18,GOOGL,0.0
2021-10-18,AMZN,0.0
2021-10-18,META,0.0
2021-10-18,TSLA,0.0
2021-10-18,AMD,0.0
2021-10-18,NFLX,-0.001768095175592732
2021-10-18,CRM,0.0
2021-10-18,ORCL,0.0
2021-10-18,ADBE,0.0
2021-10-18,AVGO,0.0
2021-10-18,QCOM,-0.0006146683423656762
2021-10-18,INTC,0.0
2021-10-18,BTC-USD,0.0
2021-10-18,ETH-USD,-0.02948104561481224
2021-10-18,SOL-USD,-0.03299541427968811
2021-10-19,AAPL,0.0
2021-10-19,MSFT,0.0
2021-10-19,NVDA,0.0
2021-10-19,GOOGL,0.0
2021-10-19,AMZN,-0.0007514424560826072
2021-10-19,META,0.0
2021-10-19,TSLA,-0.006711860640270406
2021-10-19,AMD,-0.0008588720592545007
2021-10-19,NFLX,-0.00015644377338563942
2021-10-19,CRM,0.0
2021-10-19,ORCL,0.0
2021-10-19,ADBE,0.0
2021-10-19,AVGO,0.0
2021-10-19,QCOM,0.0
2021-10-19,INTC,0.0
2021-10-19,BTC-USD,0.0
2021-10-19,ETH-USD,0.0
2021-10-19,SOL-USD,-0.04046329241861668
2021-10-20,AAPL,0.0
2021-10-20,MSFT,-0.002660490869798582
2021-10-20,NVDA,-0.008389333992028125
2021-10-20,GOOGL,-0.01024874775465856
2021-10-20,AMZN,-0.00919129137781094
2021-10-20,META,0.0
2021-10-20,TSLA,-0.004953428700277596
2021-10-20,AMD,-0.0003435619292493364
2021-10-20,NFLX,-0.021843215643565506
2021-10-20,CRM,-0.007696530300692839
2021-10-20,ORCL,-0.004327222520762786
2021-10-20,ADBE,-0.005816988954716273
2021-10-20,AVGO,-0.0019594212497675567
2021-10-20,QCOM,-0.00256614425383328
2021-10-20,INTC,0.0
2021-10-20,BTC-USD,0.0
2021-10-20,ETH-USD,0.0
2021-10-20,SOL-USD,0.0
2021-10-21,AAPL,0.0
2021-10-21,MSFT,0.0
2021-10-21,NVDA,0.0
2021-10-21,GOOGL,-0.009431966650811363
2021-10-21,AMZN,-0.003403227722923008
2021-10-21,META,0.0
2021-10-21,TSLA,0.0
2021-10-21,AMD,0.0
2021-10-21,NFLX,0.0
2021-10-21,CRM,-0.008654088585577369
2021-10-21,ORCL,-0.007830244102074002
2021-10-21,ADBE,0.0
2021-10-21,AVGO,0.0
2021-10-21,QCOM,0.0
2021-10-21,INTC,0.0
2021-10-21,BTC-USD,-0.057319313661295834
2021-10-21,ETH-USD,-0.02446333607159845
2021-10-21,SOL-USD,0.0
2021-10-22,AAPL,-0.005284954582650547
2021-10-22,MSFT,-0.005148631602040266
2021-10-22,NVDA,0.0
2021-10-22,GOOGL,-0.03958823478171192
2021-10-22,AMZN,-0.0322595211486737
2021-10-22,META,-0.050514917164911854
2021-10-22,TSLA,0.0
2021-10-22,AMD,0.0
2021-10-22,NFLX,0.0
2021-10-22,CRM,0.0
2021-10-22,ORCL,0.0
2021-10-22,ADBE,0.0
2021-10-22,AVGO,0.0
2021-10-22,QCOM,-0.010747573215241446
2021-10-22,INTC,-0.11678569053999999
2021-10-22,BTC-USD,-0.08032038989080614
2021-10-22,ETH-USD,-0.044709011555227995
2021-10-22,SOL-USD,0.0
2021-10-25,AAPL,-0.005619646743831419
2021-10-25,MSFT,-0.008463209646933478
2021-10-25,NVDA,0.0
2021-10-25,GOOGL,-0.040422437681322476
2021-10-25,AMZN,-0.03666369820186821
2021-10-25,META,-0.038580644521736485
2021-10-25,TSLA,0.0
2021-10-25,AMD,0.0
2021-10-25,NFLX,0.0
2021-10-25,CRM,0.0
2021-10-25,ORCL,-0.0036641480201897725
2021-10-25,ADBE,0.0
2021-10-25,AVGO,0.0
2021-10-25,QCOM,-0.008417767790177777
2021-10-25,INTC,-0.11767858221847605
2021-10-25,BTC-USD,-0.044747458974891074
2021-10-25,ETH-USD,0.0
2021-10-25,SOL-USD,0.0
2021-10-26,AAPL,-0.0010704288381985227
2021-10-26,MSFT,-0.00209180745752946
2021-10-26,NVDA,0.0
2021-10-26,GOOGL,-0.027426745919347573
2021-10-26,AMZN,-0.020503479726636797
2021-10-26,META,-0.07625478250016104
2021-10-26,TSLA,-0.006274050392506725
2021-10-26,AMD,0.0
2021-10-26,NFLX,-0.004675028868930897
2021-10-26,CRM,0.0
2021-10-26,ORCL,-0.012926005633304927
2021-10-26,ADBE,-0.006909085282995497
2021-10-26,AVGO,0.0
2021-10-26,QCOM,-0.008342460173266342
2021-10-26,INTC,-0.13785720936627321
2021-10-26,BTC-USD,-0.08529778859755488
2021-10-26,ETH-USD,-0.02057312323429894
2021-10-26,SOL-USD,-0.049009197571861396
2021-10-27,AAPL,-0.00421473505787362
2021-10-27,MSFT,0.0
2021-10-27,NVDA,-0.010761897380251129
2021-10-27,GOOGL,0.0
2021-10-27,AMZN,-0.01573956298932966
2021-10-27,META,-0.08675553296573812
2021-10-27,TSLA,0.0
2021-10-27,AMD,-0.005287574426627084
2021-10-27,NFLX,-0.013012544212117283
2021-10-27,CRM,0.0
2021-10-27,ORCL,-0.022595303526452892
2021-10-27,ADBE,-0.01064957250765941
2021-10-27,AVGO,-0.020154746010593416
2021-10-27,QCOM,-0.013904483858982353
2021-10-27,INTC,-0.1448215130021019
2021-10-27,BTC-USD,-0.11380703847706952
2021-10-27,ETH-USD,-0.06819061629883594
2021-10-27,SOL-USD,-0.12531727065713494
2021-10-28,AAPL,0.0
2021-10-28,MSFT,0.0
2021-10-28,NVDA,0.0
2021-10-28,GOOGL,-0.0025202835258389955
2021-10-28,AMZN,-4.931700813459727e-05
2021-10-28,META,-0.07300806699803408
2021-10-28,TSLA,0.0
2021-10-28,AMD,-0.014398410792096028
2021-10-28,NFLX,0.0
2021-10-28,CRM,0.0
2021-10-28,ORCL,-0.020559592155756534
2021-10-28,ADBE,-0.011886087074323703
2021-10-28,AVGO,-0.008054451636914983
2021-10-28,QCOM,0.0
2021-10-28,INTC,-0.14142855420698563
2021-10-28,BTC-USD,-0.08138306442590892
2021-10-28,ETH-USD,0.0
2021-10-28,SOL-USD,-0.07253688342879261
2021-10-29,AAPL,-0.01815552952935673
2021-10-29,MSFT,0.0
2021-10-29,NVDA,0.0
2021-10-29,GOOGL,0.0
2021-10-29,AMZN,-0.021559501191665387
2021-10-29,META,-0.053556882406933015
2021-10-29,TSLA,0.0
2021-10-29,AMD,-0.021963694310090265
2021-10-29,NFLX,0.0
2021-10-29,CRM,0.0
2021-10-29,ORCL,-0.023511506090330037
2021-10-29,ADBE,0.0
2021-10-29,AVGO,-0.004120778760133503
2021-10-29,QCOM,-0.004861890882239983
2021-10-29,INTC,-0.12499995377641848
2021-10-29,BTC-USD,-0.05704969395944137
2021-10-29,ETH-USD,0.0
2021-10-29,SOL-USD,-0.04722197307870091
2021-11-01,AAPL,-0.023661054946975013
2021-11-01,MSFT,-0.006784705995274476
2021-11-01,NVDA,0.0
2021-11-01,GOOGL,-0.030726921383331107
2021-11-01,AMZN,-0.0373193399347882
2021-11-01,META,-0.03480754421799048
2021-11-01,TSLA,0.0
2021-11-01,AMD,0.0
2021-11-01,NFLX,-0.013240449772994767
2021-11-01,CRM,0.0
2021-11-01,ORCL,-0.039389342878793365
2021-11-01,ADBE,-0.01562207603999366
2021-11-01,AVGO,-0.010901552174830687
2021-11-01,QCOM,0.0
2021-11-01,INTC,-0.1151787369750269
2021-11-01,BTC-USD,-0.07559047306626443
2021-11-01,ETH-USD,-0.02041331868811036
2021-11-01,SOL-USD,-0.031218800826034787
2021-11-02,AAPL,-0.016713550054416437
2021-11-02,MSFT,0.0
2021-11-02,NVDA,0.0
2021-11-02,GOOGL,-0.01765331153583316
2021-11-02,AMZN,-0.03887446368860403
2021-11-02,META,-0.0403650899004141
2021-11-02,TSLA,-0.03027499529203259
2021-11-02,AMD,0.0
2021-11-02,NFLX,-0.0182381116952407
2021-11-02,CRM,0.0
2021-11-02,ORCL,-0.024223822955361074
2021-11-02,ADBE,-0.015314535275592012
2021-11-02,AVGO,0.0
2021-11-02,QCOM,0.0
2021-11-02,INTC,-0.10964277898538421
2021-11-02,BTC-USD,-0.04192021079939667
2021-11-02,ETH-USD,0.0
2021-11-02,SOL-USD,0.0
2021-11-03,AAPL,-0.007078547327954543
2021-11-03,MSFT,0.0
2021-11-03,NVDA,0.0
2021-11-03,GOOGL,-0.009780677914465352
2021-11-03,AMZN,-0.0182027571837704
2021-11-03,META,-0.030010422256857905
2021-11-03,TSLA,0.0
2021-11-03,AMD,0.0
2021-11-03,NFLX,-0.0029261615040885314
2021-11-03,CRM,-0.00019833474778585547
2021-11-03,ORCL,-0.02137389325991823
2021-11-03,ADBE,0.0
2021-11-03,AVGO,0.0
2021-11-03,QCOM,0.0
2021-11-03,INTC,-0.10017863010610628
2021-11-03,BTC-USD,-0.045804806227191075
2021-11-03,ETH-USD,0.0
2021-11-03,SOL-USD,0.0
2021-11-04,AAPL,-0.010552197237116867
2021-11-04,MSFT,0.0
2021-11-04,NVDA,0.0
2021-11-04,GOOGL,0.0
2021-11-04,AMZN,0.0
2021-11-04,META,-0.017637630790762304
2021-11-04,TSLA,0.0
2021-11-04,AMD,0.0
2021-11-04,NFLX,-0.03173939169748641
2021-11-04,CRM,0.0
2021-11-04,ORCL,-0.026666891826675254
2021-11-04,ADBE,0.0
2021-11-04,AVGO,0.0
2021-11-04,QCOM,0.0
2021-11-04,INTC,-0.09535961835444495
2021-11-04,BTC-USD,-0.06880452103998502
2021-11-04,ETH-USD,-0.015165333002385761
2021-11-04,SOL-USD,0.0
2021-11-05,AAPL,-0.007007899254411587
2021-11-05,MSFT,-0.0011293440617708983
2021-11-05,NVDA,-0.001644018290812399
2021-11-05,GOOGL,0.0
2021-11-05,AMZN,0.0
2021-11-05,META,-0.0021937656609841705
2021-11-05,TSLA,-0.006358169933862068
2021-11-05,AMD,-0.008436390269886407
2021-11-05,NFLX,-0.06459416418887154
2021-11-05,CRM,-0.0025646226449859144
2021-11-05,ORCL,-0.033587747587021544
2021-11-05,ADBE,-0.016852667485623862
2021-11-05,AVGO,0.0
2021-11-05,QCOM,0.0
2021-11-05,INTC,-0.08439094736672392
2021-11-05,BTC-USD,-0.07375285645944285
2021-11-05,ETH-USD,-0.02625257099943379
2021-11-05,SOL-USD,-0.044114698227728066
2021-11-08,AAPL,-0.01252162764138176
2021-11-08,MSFT,0.0
2021-11-08,NVDA,0.0
2021-11-08,GOOGL,0.0
2021-11-08,AMZN,-0.008527948857282919
2021-11-08,META,-0.00953548636522783
2021-11-08,TSLA,-0.0544511395315892
2021-11-08,AMD,0.0
2021-11-08,NFLX,-0.05629357370680976
2021-11-08,CRM,0.0
2021-11-08,ORCL,-0.03165410323487072
2021-11-08,ADBE,-0.011957033815348184
2021-11-08,AVGO,0.0
2021-11-08,QCOM,0.0
2021-11-08,INTC,-0.07306284180951783
2021-11-08,BTC-USD,0.0
2021-11-08,ETH-USD,0.0
2021-11-08,SOL-USD,0.0
2021-11-09,AAPL,-0.010092830953412624
2021-11-09,MSFT,-0.003086213269065996
2021-11-09,NVDA,-0.004772147420939343
2021-11-09,GOOGL,-0.0007549484316680122
2021-11-09,AMZN,0.0
2021-11-09,META,-0.019041774189841876
2021-11-09,TSLA,-0.16782531531989564
2021-11-09,AMD,-0.008257894665175458
2021-11-09,NFLX,-0.049716783684759736
2021-11-09,CRM,-0.0008065012954389106
2021-11-09,ORCL,-0.03725164726896657
2021-11-09,ADBE,-0.009138431675043246
2021-11-09,AVGO,-0.00205751897671147
2021-11-09,QCOM,0.0
2021-11-09,INTC,-0.07935612695791072
2021-11-09,BTC-USD,-0.008806096371717143
2021-11-09,ETH-USD,-0.01600522772092372
2021-11-09,SOL-USD,-0.037244531212337395
2021-11-10,AAPL,-0.02906281280229228
2021-11-10,MSFT,-0.018368380463185785
2021-11-10,NVDA,-0.04366303749705214
2021-11-10,GOOGL,-0.021052663131239546
2021-11-10,AMZN,-0.026334994227121156
2021-11-10,META,-0.041651988542276364
2021-11-10,TSLA,-0.13168442485453047
2021-11-10,AMD,-0.06852695986926383
2021-11-10,NFLX,-0.06287025320757633
2021-11-10,CRM,-0.033197692350759644
2021-11-10,ORCL,-0.044987218030548726
2021-11-10,ADBE,-0.03943154583427011
2021-11-10,AVGO,-0.018212811744282797
2021-11-10,QCOM,-0.0416218572674274
2021-11-10,INTC,-0.08726797703494138
2021-11-10,BTC-USD,-0.038060061832301706
2021-11-10,ETH-USD,-0.03655650266281962
2021-11-10,SOL-USD,-0.059113049400483564
2021-11-11,AAPL,-0.02939103411348354
2021-11-11,MSFT,-0.013531517034185536
2021-11-11,NVDA,-0.013439851775047695
2021-11-11,GOOGL,-0.021904977584626062
2021-11-11,AMZN,-0.02900536668660647
2021-11-11,META,-0.04135946242242461
2021-11-11,TSLA,-0.13529447188704813
2021-11-11,AMD,-0.027637247296635636
2021-11-11,NFLX,-0.04741340961364959
2021-11-11,CRM,-0.022519025223082245
2021-11-11,ORCL,-0.04284993631779632
2021-11-11,ADBE,-0.045855140926937876
2021-11-11,AVGO,-0.006351192849552878
2021-11-11,QCOM,-0.013914115519336856
2021-11-11,INTC,-0.09140384123139034
2021-11-11,BTC-USD,-0.03873005822707476
2021-11-11,ETH-USD,-0.016978728391385034
2021-11-11,SOL-USD,-0.05725675827960086
2021-11-12,AAPL,-0.015475106756519308
2021-11-12,MSFT,-0.0008011114028914079
2021-11-12,NVDA,-0.013439851775047695
2021-11-12,GOOGL,-0.002368516335114035
2021-11-12,AMZN,-0.01428311767883339
2021-11-12,META,-0.0028957923010477504
2021-11-12,TSLA,-0.15975967360774013
2021-11-12,AMD,-0.015117236395178257
2021-11-12,NFLX,-0.011154360545404862
2021-11-12,CRM,-0.010678767463743077
2021-11-12,ORCL,-0.047938800847462715
2021-11-12,ADBE,-0.024448197671033678
2021-11-12,AVGO,0.0
2021-11-12,QCOM,-0.0107953711299702
2021-11-12,INTC,-0.09535961835444495
2021-11-12,BTC-USD,-0.05048167589634056
2021-11-12,ETH-USD,-0.030126669747964407
2021-11-12,SOL-USD,-0.0803530189525683
2021-11-15,AAPL,-0.015409585538821324
2021-11-15,MSFT,-0.0027301008503953783
2021-11-15,NVDA,-0.025288904820992664
2021-11-15,GOOGL,-0.0038851316606705044
2021-11-15,AMZN,-0.008542495300202457
2021-11-15,META,0.0
2021-11-15,TSLA,-0.1760454170521033
2021-11-15,AMD,-0.024440583906774282
2021-11-15,NFLX,-0.015905891569115926
2021-11-15,CRM,-0.014421202375235587
2021-11-15,ORCL,-0.04305340811956804
2021-11-15,ADBE,-0.02128832817659554
2021-11-15,AVGO,0.0
2021-11-15,QCOM,0.0
2021-11-15,INTC,-0.09517975315424176
2021-11-15,BTC-USD,-0.05933321339035402
2021-11-15,ETH-USD,-0.05290500250883923
2021-11-15,SOL-USD,-0.043923605087221484
2021-11-16,AAPL,-0.008845774537696083
2021-11-16,MSFT,0.0
2021-11-16,NVDA,-0.01951037305999559
2021-11-16,GOOGL,-0.007750004573722324
2021-11-16,AMZN,-0.00993498364564338
2021-11-16,META,-0.013235316670275998
2021-11-16,TSLA,-0.14243320460176223
2021-11-16,AMD,0.0
2021-11-16,NFLX,-0.0042155027983435955
2021-11-16,CRM,-0.009259112471311393
2021-11-16,ORCL,-0.026870198069617324
2021-11-16,ADBE,-0.004524667273384297
2021-11-16,AVGO,0.0
2021-11-16,QCOM,0.0
2021-11-16,INTC,-0.08996514150295565
2021-11-16,BTC-USD,-0.10960381353923443
2021-11-16,ETH-USD,-0.12379703819980503
2021-11-16,SOL-USD,-0.11763384447305536
2021-11-17,AAPL,0.0
2021-11-17,MSFT,0.0
2021-11-17,NVDA,-0.05009097386062511
2021-11-17,GOOGL,-0.006602801309335216
2021-11-17,AMZN,-0.007614141291742427
2021-11-17,META,-0.019536375203077272
2021-11-17,TSLA,-0.11456124756651032
2021-11-17,AMD,-0.007281079911916399
2021-11-17,NFLX,0.0
2021-11-17,CRM,-0.006258863437196505
2021-11-17,ORCL,-0.0297200449856454
2021-11-17,ADBE,-0.005058797313721608
2021-11-17,AVGO,0.0
2021-11-17,QCOM,0.0
2021-11-17,INTC,-0.09679831808287953
2021-11-17,BTC-USD,-0.10654364879955658
2021-11-17,ETH-USD,-0.10899503863713966
2021-11-17,SOL-USD,-0.11974192351849688
2021-11-18,AAPL,0.0
2021-11-18,MSFT,0.0
2021-11-18,NVDA,0.0
2021-11-18,GOOGL,0.0
2021-11-18,AMZN,0.0
2021-11-18,META,-0.025520789610455896
2021-11-18,TSLA,-0.10856894317412136
2021-11-18,AMD,0.0
2021-11-18,NFLX,-0.01398018270000645
2021-11-18,CRM,-0.022486717009953083
2021-11-18,ORCL,-0.03653933040393553
2021-11-18,ADBE,-0.004628523377175897
2021-11-18,AVGO,0.0
2021-11-18,QCOM,0.0
2021-11-18,INTC,-0.10668779786938132
2021-11-18,BTC-USD,-0.15724715368603814
2021-11-18,ETH-USD,-0.1686246436509624
2021-11-18,SOL-USD,-0.21322641967704203
2021-11-19,AAPL,0.0
2021-11-19,MSFT,0.0
2021-11-19,NVDA,0.0
2021-11-19,GOOGL,-0.0060866098489872345
2021-11-19,AMZN,-0.005273114275827551
2021-11-19,META,-0.006502639927317255
2021-11-19,TSLA,-0.07549335833079562
2021-11-19,AMD,0.0
2021-11-19,NFLX,-0.01863553743338242
2021-11-19,CRM,-0.028358584242060503
2021-11-19,ORCL,-0.043562418741657005
2021-11-19,ADBE,0.0
2021-11-19,AVGO,-0.010594752336236524
2021-11-19,QCOM,-0.007084739037334864
2021-11-19,INTC,-0.10956482753759877
2021-11-19,BTC-USD,-0.1398208301642101
2021-11-19,ETH-USD,-0.10676879257606808
2021-11-19,SOL-USD,-0.1335675984559871
2021-11-22,AAPL,0.0
2021-11-22,MSFT,-0.009559774515834119
2021-11-22,NVDA,-0.031196084145932224
2021-11-22,GOOGL,-0.023602036093639533
2021-11-22,AMZN,-0.033411252629683474
2021-11-22,META,-0.018845821525293904
2021-11-22,TSLA,-0.05938649075543756
2021-11-22,AMD,-0.018595967579615014
2021-11-22,NFLX,-0.04697191819344093
2021-11-22,CRM,-0.042327872977751646
2021-11-22,ORCL,-0.03704825824660962
2021-11-22,ADBE,-0.021500047791085386
2021-11-22,AVGO,-0.037455980561050595
2021-11-22,QCOM,-0.026406190183111966
2021-11-22,INTC,-0.10399048548590639
2021-11-22,BTC-USD,-0.1669094047397981
2021-11-22,ETH-USD,-0.15037749279438017
2021-11-22,SOL-USD,-0.1317272743742226
2021-11-23,AAPL,0.0
2021-11-23,MSFT,-0.015825741816615224
2021-11-23,NVDA,-0.03756240198371441
2021-11-23,GOOGL,-0.027072285765335158
2021-11-23,AMZN,-0.0313901563744583
2021-11-23,META,-0.029664023030984588
2021-11-23,TSLA,-0.09828361792561013
2021-11-23,AMD,-0.03532594661731281
2021-11-23,NFLX,-0.05440299206308674
2021-11-23,CRM,-0.05981414148549147
2021-11-23,ORCL,-0.05404576940072192
2021-11-23,ADBE,-0.03371736440764683
2021-11-23,AVGO,-0.03425472499840143
2021-11-23,QCOM,-0.028874988507396893
2021-11-23,INTC,-0.11711709512968382
2021-11-23,BTC-USD,-0.1479683771414273
2021-11-23,ETH-USD,-0.09794579588043006
2021-11-23,SOL-USD,-0.10717825878824305
2021-11-24,AAPL,0.0
2021-11-24,MSFT,-0.015155527996667528
2021-11-24,NVDA,-0.009428381160382693
2021-11-24,GOOGL,-0.024816767404243767
2021-11-24,AMZN,-0.03129008411931766
2021-11-24,META,-0.018701860142402937
2021-11-24,TSLA,-0.09261653561881555
2021-11-24,AMD,0.0
2021-11-24,NFLX,-0.048287475600088614
2021-11-24,CRM,-0.06707305448870449
2021-11-24,ORCL,-0.047531774464504295
2021-11-24,ADBE,-0.02912676022370131
2021-11-24,AVGO,-0.02797466429083373
2021-11-24,QCOM,-0.03010957027296568
2021-11-24,INTC,-0.10524939397186805
2021-11-24,BTC-USD,-0.16704058273787736
2021-11-24,ETH-USD,-0.11888935283108182
2021-11-24,SOL-USD,-0.13501034326370565
2021-11-26,AAPL,-0.03167849356535879
2021-11-26,MSFT,-0.039141967198283334
2021-11-26,NVDA,-0.04492954443313968
2021-11-26,GOOGL,-0.05109160303617033
2021-11-26,AMZN,-0.05181191469187052
2021-11-26,META,-0.04154686505916294
2021-11-26,TSLA,-0.12032584439198846
2021-11-26,AMD,-0.018948069932440692
2021-11-26,NFLX,-0.037661319027469164
2021-11-26,CRM,-0.08307525224988577
2021-11-26,ORCL,-0.06025439107545205
2021-11-26,ADBE,-0.0381626446788661
2021-11-26,AVGO,-0.04909442514930029
2021-11-26,QCOM,-0.05678418749281566
2021-11-26,INTC,-0.12287108050838835
2021-11-26,BTC-USD,-0.20715879209403099
2021-11-26,ETH-USD,-0.1623367161652962
2021-11-26,SOL-USD,-0.22922717381258217
2021-11-29,AAPL,-0.010497632642761268
2021-11-29,MSFT,-0.018886246167084675
2021-11-29,NVDA,0.0
2021-11-29,GOOGL,-0.02875097124018766
2021-11-29,AMZN,-0.03638732883784335
2021-11-29,META,-0.027419856547446164
2021-11-29,TSLA,-0.07555022939360034
2021-11-29,AMD,0.0
2021-11-29,NFLX,-0.040263645337106246
2021-11-29,CRM,-0.042650553764779775
2021-11-29,ORCL,-0.05404576940072192
2021-11-29,ADBE,-0.0012783893677159597
2021-11-29,AVGO,-0.018214735258426984
2021-11-29,QCOM,-0.013847000423731215
2021-11-29,INTC,-0.10093381249067668
2021-11-29,BTC-USD,-0.14445345429999046
2021-11-29,ETH-USD,-0.07626262600638956
2021-11-29,SOL-USD,-0.1776806586035169
2021-11-30,AAPL,0.0
2021-11-30,MSFT,-0.03648969660729351
2021-11-30,NVDA,-0.020973257796221945
2021-11-30,GOOGL,-0.052996971190430564
2021-11-30,AMZN,-0.051132793983510894
2021-11-30,META,-0.06646353100927305
2021-11-30,TSLA,-0.06923270291561712
2021-11-30,AMD,-0.021864050798921175
2021-11-30,NFLX,-0.07198306132977073
2021-11-30,CRM,-0.08065564802750336
2021-11-30,ORCL,-0.07643768390481775
2021-11-30,ADBE,-0.02690416442119503
2021-11-30,AVGO,-0.036760064895096645
2021-11-30,QCOM,-0.030914668779753463
2021-11-30,INTC,-0.1153188868740338
2021-11-30,BTC-USD,-0.1563104653101547
2021-11-30,ETH-USD,-0.03753223566752628
2021-11-30,SOL-USD,-0.16016678186475963
2021-12-01,AAPL,-0.0032062852565689637
2021-12-01,MSFT,-0.03797619293203325
2021-12-01,NVDA,-0.058040282632778384
2021-12-01,GOOGL,-0.058643168976568294
2021-12-01,AMZN,-0.06827264471236627
2021-12-01,META,-0.10634136594708732
2021-12-01,TSLA,-0.10969095564749376
2021-12-01,AMD,-0.07905628288706723
2021-12-01,NFLX,-0.10686866122097005
2021-12-01,CRM,-0.18860491329659557
2021-12-01,ORCL,-0.08651392540150926
2021-12-01,ADBE,-0.0449758446653179
2021-12-01,AVGO,-0.03488096934911622
2021-12-01,QCOM,-0.053811129806658586
2021-12-01,INTC,-0.12610769266155164
2021-12-01,BTC-USD,-0.15298927427637032
2021-12-01,ETH-USD,-0.0467774479447558
2021-12-01,SOL-USD,-0.07513241127776538
2021-12-02,AAPL,-0.009316447351261359
2021-12-02,MSFT,-0.03969580710718967
2021-12-02,NVDA,-0.03733421727825326
2021-12-02,GOOGL,-0.04586597615318777
2021-12-02,AMZN,-0.06999344163430232
2021-12-02,META,-0.10694566689977658
2021-12-02,TSLA,-0.11814687875007523
2021-12-02,AMD,-0.06935958700713807
2021-12-02,NFLX,-0.10874813136690575
2021-12-02,CRM,-0.15731049577454748
2021-12-02,ORCL,-0.08407127042726936
2021-12-02,ADBE,-0.023955126387470993
2021-12-02,AVGO,-0.038899793509011404
2021-12-02,QCOM,-0.0462686039794582
2021-12-02,INTC,-0.10992448398027477
2021-12-02,BTC-USD,-0.1641191695166614
2021-12-02,ETH-USD,-0.06250617062846808
2021-12-02,SOL-USD,-0.05825371563747328
2021-12-03,AAPL,-0.020931860201124253
2021-12-03,MSFT,-0.05858186826010736
2021-12-03,NVDA,-0.08027453951635588
2021-12-03,GOOGL,-0.05230294181687867
2021-12-03,AMZN,-0.08286387308195886
2021-12-03,META,-0.1171598333912931
2021-12-03,TSLA,-0.17476075631665178
2021-12-03,AMD,-0.11055530078690523
2021-12-03,NFLX,-0.12947993512990508
2021-12-03,CRM,-0.16660206696308621
2021-12-03,ORCL,-0.10188308268554314
2021-12-03,ADBE,-0.10436243056771022
2021-12-03,AVGO,-0.02903561124943066
2021-12-03,QCOM,-0.049070105746557235
2021-12-03,INTC,-0.1144197087884784
2021-12-03,BTC-USD,-0.20673727654357021
2021-12-03,ETH-USD,-0.12289497222519585
2021-12-03,SOL-USD,-0.14989014984145033
2021-12-06,AAPL,0.0
2021-12-06,MSFT,-0.049313768578544526
2021-12-06,NVDA,-0.09993163776625968
2021-12-06,GOOGL,-0.04460467465946705
2021-12-06,AMZN,-0.07269630076963995
2021-12-06,META,-0.08542423797313015
2021-12-06,TSLA,-0.17960663238671548
2021-12-06,AMD,-0.1411278215470947
2021-12-06,NFLX,-0.11421298352690934
2021-12-06,CRM,-0.16521492085591483
2021-12-06,ORCL,-0.09475817566752087
2021-12-06,ADBE,-0.09635808876090213
2021-12-06,AVGO,-0.017101226693640115
2021-12-06,QCOM,-0.054780845302303205
2021-12-06,INTC,-0.08313233471168346
2021-12-06,BTC-USD,-0.25136895716902496
2021-12-06,ETH-USD,-0.09421069480896038
2021-12-06,SOL-USD,-0.218410978690451
2021-12-07,AAPL,0.0
2021-12-07,MSFT,-0.023869880276407685
2021-12-07,NVDA,-0.028314822149134167
2021-12-07,GOOGL,-0.017145126466318272
2021-12-07,AMZN,-0.04674431183769745
2021-12-07,META,-0.07121088809014753
2021-12-07,TSLA,-0.14485610541751215
2021-12-07,AMD,-0.10536716183514094
2021-12-07,NFLX,-0.09557750124391706
2021-12-07,CRM,-0.13863062943021354
2021-12-07,ORCL,-0.08346060668370947
2021-12-07,ADBE,-0.05579844185101701
2021-12-07,AVGO,0.0
2021-12-07,QCOM,-0.010227070099720681
2021-12-07,INTC,-0.05472176842991505
2021-12-07,BTC-USD,-0.24963051626896238
2021-12-07,ETH-USD,-0.10328695997171022
2021-12-07,SOL-USD,-0.23290911162157846
2021-12-08,AAPL,0.0
2021-12-08,MSFT,-0.023724274126980638
2021-12-08,NVDA,-0.04632376491657053
2021-12-08,GOOGL,-0.01102541374986199
2021-12-08,AMZN,-0.0467794857491578
2021-12-08,META,-0.04891256411445177
2021-12-08,TSLA,-0.13086321861779948
2021-12-08,AMD,-0.10295842005991174
2021-12-08,NFLX,-0.09196316527502013
2021-12-08,CRM,-0.14082457784102076
2021-12-08,ORCL,-0.09475817566752087
2021-12-08,ADBE,-0.05123700884906479
2021-12-08,AVGO,-0.0031165825924386326
2021-12-08,QCOM,-0.016099139782648986
2021-12-08,INTC,-0.06946649925594828
2021-12-08,BTC-USD,-0.25252082602478976
2021-12-08,ETH-USD,-0.0774569248276663
2021-12-08,SOL-USD,-0.21671061184772722
2021-12-09,AAPL,-0.002969900470057296
2021-12-09,MSFT,-0.02917451396547066
2021-12-09,NVDA,-0.08635757293980562
2021-12-09,GOOGL,-0.014682560977640757
2021-12-09,AMZN,-0.05753147342606879
2021-12-09,META,-0.05104166786708353
2021-12-09,TSLA,-0.18384270774146916
2021-12-09,AMD,-0.14705698857423866
2021-12-09,NFLX,-0.1166563112617428
2021-12-09,CRM,-0.1472446813356657
2021-12-09,ORCL,-0.09648843099731497
2021-12-09,ADBE,-0.08106104012199056
2021-12-09,AVGO,-0.011822459680615682
2021-12-09,QCOM,-0.018092530086425307
2021-12-09,INTC,-0.0923027234860242
2021-12-09,BTC-USD,-0.29444488639372546
2021-12-09,ETH-USD,-0.14386095398803977
2021-12-09,SOL-USD,-0.2708168276625268
2021-12-10,AAPL,0.0
2021-12-10,MSFT,-0.0016615197267192405
2021-12-10,NVDA,-0.09510730746933449
2021-12-10,GOOGL,-0.012259883416224193
2021-12-10,AMZN,-0.06813194906652498
2021-12-10,META,-0.05124307196925604
2021-12-10,TSLA,-0.1730858141907743
2021-12-10,AMD,-0.14427768564011423
2021-12-10,NFLX,-0.11570209921136043
2021-12-10,CRM,-0.14172800377584682
2021-12-10,ORCL,0.0
2021-12-10,ADBE,-0.049275801023810906
2021-12-10,AVGO,0.0
2021-12-10,QCOM,-0.009364999323910772
2021-12-10,INTC,-0.09032487190336214
2021-12-10,BTC-USD,-0.30079143866130686
2021-12-10,ETH-USD,-0.18777533179336092
2021-12-10,SOL-USD,-0.32403613586599234
2021-12-13,AAPL,-0.020673903153733852
2021-12-13,MSFT,-0.010813060483073844
2021-12-13,NVDA,-0.15614668893748673
2021-12-13,GOOGL,-0.026775285193539666
2021-12-13,AMZN,-0.08244178614443498
2021-12-13,META,-0.037605124386978495
2021-12-13,TSLA,-0.2142433427917455
2021-12-13,AMD,-0.17361497112318292
2021-12-13,NFLX,-0.12596680012693418
2021-12-13,CRM,-0.14259902116147827
2021-12-13,ORCL,-0.016953778394351304
2021-12-13,ADBE,-0.04368291403970859
2021-12-13,AVGO,-0.01586250333239647
2021-12-13,QCOM,-0.012381790530679337
2021-12-13,INTC,-0.10093381249067668
2021-12-13,BTC-USD,-0.3082777190267876
2021-12-13,ETH-USD,-0.21359973536692223
2021-12-13,SOL-USD,-0.3753176596373824
2021-12-14,AAPL,-0.028531208547427855
2021-12-14,MSFT,-0.043047431249429335
2021-12-14,NVDA,-0.15087292430791133
2021-12-14,GOOGL,-0.03958588929619811
2021-12-14,AMZN,-0.08501749076416487
2021-12-14,META,-0.03976294949925108
2021-12-14,TSLA,-0.22066657203043916
2021-12-14,AMD,-0.16249766514427477
2021-12-14,NFLX,-0.13546529667214824
2021-12-14,CRM,-0.17540961697108304
2021-12-14,ORCL,-0.026697780992371634
2021-12-14,ADBE,-0.10678851531451583
2021-12-14,AVGO,-0.02654833803722667
2021-12-14,QCOM,-0.019600925689809534
2021-12-14,INTC,-0.10632806746897494
2021-12-14,BTC-USD,-0.3101254845607717
2021-12-14,ETH-USD,-0.22165993330394096
2021-12-14,SOL-USD,-0.38285029457651876
2021-12-15,AAPL,-0.0008353408732220124
2021-12-15,MSFT,-0.024657023049897475
2021-12-15,NVDA,-0.08728628909590808
2021-12-15,GOOGL,-0.022674230569079468
2021-12-15,AMZN,-0.06216344821248421
2021-12-15,META,-0.016975653240287936
2021-12-15,TSLA,-0.20645416590584253
2021-12-15,AMD,-0.09517635299588145
2021-12-15,NFLX,-0.1252728427676716
2021-12-15,CRM,-0.1610528303499742
2021-12-15,ORCL,0.0
2021-12-15,ADBE,-0.08431508990664693
2021-12-15,AVGO,0.0
2021-12-15,QCOM,0.0
2021-12-15,INTC,-0.08888639404811849
2021-12-15,BTC-USD,-0.2763205849209013
2021-12-15,ETH-USD,-0.1649385524631526
2021-12-15,SOL-USD,-0.2822360241581302
2021-12-16,AAPL,-0.04006650344034046
2021-12-16,MSFT,-0.0530736264802637
2021-12-16,NVDA,-0.14937440807259827
2021-12-16,GOOGL,-0.035995256215166194
2021-12-16,AMZN,-0.08621067901419599
2021-12-16,META,-0.03642542113358416
2021-12-16,TSLA,-0.2463513751817511
2021-12-16,AMD,-0.14372184390177156
2021-12-16,NFLX,-0.14548424744921173
2021-12-16,CRM,-0.18337845780657747
2021-12-16,ORCL,-0.004148771348345126
2021-12-16,ADBE,-0.17763698175267195
2021-12-16,AVGO,-0.029975314408646758
2021-12-16,QCOM,-0.058801877630272115
2021-12-16,INTC,-0.08600936437990103
2021-12-16,BTC-USD,-0.29454397810316035
2021-12-16,ETH-USD,-0.17655906984720182
2021-12-16,SOL-USD,-0.2878147233910061
2021-12-17,AAPL,-0.0463078821323234
2021-12-17,MSFT,-0.05627936695182589
2021-12-17,NVDA,-0.1669342609015091
2021-12-17,GOOGL,-0.05414816966843883
2021-12-17,AMZN,-0.08000677717054627
2021-12-17,META,-0.039619076762531846
2021-12-17,TSLA,-0.24175754808898708
2021-12-17,AMD,-0.14921872099100797
2021-12-17,NFLX,-0.15174425793440394
2021-12-17,CRM,-0.18399151116750445
2021-12-17,ORCL,-0.06782452171586328
2021-12-17,ADBE,-0.19136508186462198
2021-12-17,AVGO,-0.007657919432477067
2021-12-17,QCOM,-0.0659339144125144
2021-12-17,INTC,-0.08978542421821312
2021-12-17,BTC-USD,-0.31620077760975995
2021-12-17,ETH-USD,-0.1938038011578712
2021-12-17,SOL-USD,-0.2936560190056895
2021-12-20,AAPL,-0.05405358821385908
2021-12-20,MSFT,-0.06761694259833706
2021-12-20,NVDA,-0.1693913407837262
2021-12-20,GOOGL,-0.054935853427904746
2021-12-20,AMZN,-0.09590753191516432
2021-12-20,META,-0.06361497492687351
2021-12-20,TSLA,-0.2682878988874189
2021-12-20,AMD,-0.161262429867154
2021-12-20,NFLX,-0.14160965678919502
2021-12-20,CRM,-0.20244537052403333
2021-12-20,ORCL,-0.11587087672053031
2021-12-20,ADBE,-0.20134517275457708
2021-12-20,AVGO,0.0
2021-12-20,QCOM,-0.06662074094355519
2021-12-20,INTC,-0.10812627572462485
2021-12-20,BTC-USD,-0.30616430214808166
2021-12-20,ETH-USD,-0.18250768252757055
2021-12-20,SOL-USD,-0.30102726402635294
2021-12-21,AAPL,-0.035998699807077705
2021-12-21,MSFT,-0.04610784309281524
2021-12-21,NVDA,-0.12875840178166564
2021-12-21,GOOGL,-0.042485679925701514
2021-12-21,AMZN,-0.0778449852694798
2021-12-21,META,-0.03843937350913762
2021-12-21,TSLA,-0.2369116720189235
2021-12-21,AMD,-0.10907296190891391
2021-12-21,NFLX,-0.12544634589508474
2021-12-21,CRM,-0.18521736704919456
2021-12-21,ORCL,-0.11712501044588342
2021-12-21,ADBE,-0.19008669249690602
2021-12-21,AVGO,0.0
2021-12-21,QCOM,-0.05124651718243722
2021-12-21,INTC,-0.0870880378770078
2021-12-21,BTC-USD,-0.2757301972098457
2021-12-21,ETH-USD,-0.164549669690634
2021-12-21,SOL-USD,-0.275185778035434
2021-12-22,AAPL,-0.021231203306960933
2021-12-22,MSFT,-0.028882839131199378
2021-12-22,NVDA,-0.11901968212422298
2021-12-22,GOOGL,-0.02284776361345142
2021-12-22,AMZN,-0.07449008768624954
2021-12-22,META,-0.04922903094753095
2021-12-22,TSLA,-0.1797204489508889
2021-12-22,AMD,-0.1113581518837079
2021-12-22,NFLX,-0.11197211287431807
2021-12-22,CRM,-0.18441076541768997
2021-12-22,ORCL,-0.13304394803776298
2021-12-22,ADBE,-0.18070226118333566
2021-12-22,AVGO,0.0
2021-12-22,QCOM,-0.04173695573518954
2021-12-22,INTC,-0.08349176928116853
2021-12-22,BTC-USD,-0.28029015023783166
2021-12-22,ETH-USD,-0.1724797834229903
2021-12-22,SOL-USD,-0.28120436919601965
2021-12-23,AAPL,-0.017664813119900646
2021-12-23,MSFT,-0.024540186603438707
2021-12-23,NVDA,-0.11182810141258981
2021-12-23,GOOGL,-0.01950118707705173
2021-12-23,AMZN,-0.0743196676081882
2021-12-23,META,-0.03544729927470591
2021-12-23,TSLA,-0.1324568738319194
2021-12-23,AMD,-0.0973998141916631
2021-12-23,NFLX,-0.11218896420838942
2021-12-23,CRM,-0.18331394171638482
2021-12-23,ORCL,-0.13439467430618746
2021-12-23,ADBE,-0.17250897169012158
2021-12-23,AVGO,0.0
2021-12-23,QCOM,-0.03455182442382365
2021-12-23,INTC,-0.07737827537524855
2021-12-23,BTC-USD,-0.2483805963401512
2021-12-23,ETH-USD,-0.14631317315658654
2021-12-23,SOL-USD,-0.23516531566068688
2021-12-27,AAPL,0.0
2021-12-27,MSFT,-0.0019236848013544083
2021-12-27,NVDA,-0.07272323914154022
2021-12-27,GOOGL,-0.012893978094948522
2021-12-27,AMZN,-0.0818899025195503
2021-12-27,META,-0.003970639324168634
2021-12-27,TSLA,-0.11055280534010337
2021-12-27,AMD,-0.04663086208999134
2021-12-27,NFLX,-0.11359132832913399
2021-12-27,CRM,-0.16666673355737716
2021-12-27,ORCL,-0.13613129994652506
2021-12-27,ADBE,-0.16080015576879192
2021-12-27,AVGO,0.0
2021-12-27,QCOM,-0.01558516931021614
2021-12-27,INTC,-0.06604994794485153
2021-12-27,BTC-USD,-0.25051361187083987
2021-12-27,ETH-USD,-0.1609571336016531
2021-12-27,SOL-USD,-0.21345947703648072
2021-12-28,AAPL,-0.005767306336942335
2021-12-28,MSFT,-0.005421377628438417
2021-12-28,NVDA,-0.09139163925863436
2021-12-28,GOOGL,-0.021032760119145677
2021-12-28,AMZN,-0.07652472507170827
2021-12-28,META,-0.0038555765932619668
2021-12-28,TSLA,-0.11500028621627811
2021-12-28,AMD,-0.05410419101654951
2021-12-28,NFLX,-0.1170755645276661
2021-12-28,CRM,-0.175861329938496
2021-12-28,ORCL,-0.1447178356051414
2021-12-28,ADBE,-0.17288668973052035
2021-12-28,AVGO,-0.007830196413542101
2021-12-28,QCOM,-0.023562958069020867
2021-12-28,INTC,-0.06928670801347536
2021-12-28,BTC-USD,-0.29567723113019817
2021-12-28,ETH-USD,-0.2101363195200887
2021-12-28,SOL-USD,-0.28591925161259424
2021-12-29,AAPL,-0.005268166707438682
2021-12-29,MSFT,-0.003380856380625241
2021-12-29,NVDA,-0.10101050976070347
2021-12-29,GOOGL,-0.02124607828684233
2021-12-29,AMZN,-0.08442498374857965
2021-12-29,META,-0.013292848035729388
2021-12-29,TSLA,-0.11685410421116071
2021-12-29,AMD,-0.08430615061784386
2021-12-29,NFLX,-0.11732131466617635
2021-12-29,CRM,-0.1787972635545496
2021-12-29,ORCL,-0.14896296409637144
2021-12-29,ADBE,-0.17298838986956666
2021-12-29,AVGO,-0.002476455829751756
2021-12-29,QCOM,-0.016271995841256826
2021-12-29,INTC,-0.06802794744297436
2021-12-29,BTC-USD,-0.31261075550895556
2021-12-29,ETH-USD,-0.24595473130559586
2021-12-29,SOL-USD,-0.3131585290549447
2021-12-30,AAPL,-0.011811816216823035
2021-12-30,MSFT,-0.011046270840573968
2021-12-30,NVDA,-0.11344612240915175
2021-12-30,GOOGL,-0.02427941122952071
2021-12-30,AMZN,-0.08743631643606709
2021-12-30,META,-0.009207234626825822
2021-12-30,TSLA,-0.12974120614442708
2021-12-30,AMD,-0.10351435604066528
2021-12-30,NFLX,-0.11508044401358508
2021-12-30,CRM,-0.17624847664768362
2021-12-30,ORCL,-0.15089253942266545
2021-12-30,ADBE,-0.17118695854872568
2021-12-30,AVGO,-0.013643720382675917
2021-12-30,QCOM,-0.034604829417484995
2021-12-30,INTC,-0.06964636445615147
2021-12-30,BTC-USD,-0.3017561085934134
2021-12-30,ETH-USD,-0.2282243150919493
2021-12-30,SOL-USD,-0.30473235404207133
2021-12-31,AAPL,-0.015305360492812503
2021-12-31,MSFT,-0.019789670344532495
2021-12-31,NVDA,-0.11868992474988371
2021-12-31,GOOGL,-0.03327897061184992
2021-12-31,AMZN,-0.09786637199846204
2021-12-31,META,-0.03225355499958649
2021-12-31,TSLA,-0.14076637627934774
2021-12-31,AMD,-0.11123469432568334
2021-12-31,NFLX,-0.12903178305954288
2021-12-31,CRM,-0.18011989357152847
2021-12-31,ORCL,-0.15861084072784182
2021-12-31,ADBE,-0.1762278983963298
2021-12-31,AVGO,-0.013154582588598251
2021-12-31,QCOM,-0.03386490835732059
2021-12-31,INTC,-0.07396179802188219
2021-12-31,BTC-USD,-0.31465710915373835
2021-12-31,ETH-USD,-0.23471198575770746
2021-12-31,SOL-USD,-0.3146013352743521
2022-01-03,AAPL,0.0
2022-01-03,MSFT,-0.02436553322979329
2022-01-03,NVDA,-0.0974146333063558
2022-01-03,GOOGL,-0.03234808096920261
2022-01-03,AMZN,-0.07791269092064756
2022-01-03,META,-0.02595258511295695
2022-01-03,TSLA,-0.024497731373107845
2022-01-03,AMD,-0.0720770669198395
2022-01-03,NFLX,-0.13636165596326277
2022-01-03,CRM,-0.17582912206143253
2022-01-03,ORCL,-0.15195364499533337
2022-01-03,ADBE,-0.1801356841227374
2022-01-03,AVGO,-0.016253990556846398
2022-01-03,QCOM,-0.016219259453982282
2022-01-03,INTC,-0.043213649757045114
2022-01-03,BTC-USD,-0.3124123408375551
2022-01-03,ETH-USD,-0.21834745369301645
2022-01-03,SOL-USD,-0.31460667809128784
2022-01-04,AAPL,-0.012691343860131599
2022-01-04,MSFT,-0.041094699223856335
2022-01-04,NVDA,-0.12231582089209558
2022-01-04,GOOGL,-0.03629914465068973
2022-01-04,AMZN,-0.09351033902448891
2022-01-04,META,-0.03173550677199133
2022-01-04,TSLA,-0.06530562203953183
2022-01-04,AMD,-0.1080230072112408
2022-01-04,NFLX,-0.14535409252845677
2022-01-04,CRM,-0.19915474891601936
2022-01-04,ORCL,-0.14288508822210488
2022-01-04,ADBE,-0.19520024996776986
2022-01-04,AVGO,-0.004982880177207272
2022-01-04,QCOM,-0.010830567657516776
2022-01-04,INTC,-0.04447248428527639
2022-01-04,BTC-USD,-0.32070846756579197
2022-01-04,ETH-USD,-0.21155699732779443
2022-01-04,SOL-USD,-0.32410024966922124
2022-01-05,AAPL,-0.03895366790926347
2022-01-05,MSFT,-0.07790493287547262
2022-01-05,NVDA,-0.17283734839483633
2022-01-05,GOOGL,-0.08051008023436013
2022-01-05,AMZN,-0.11063673119097805
2022-01-05,META,-0.06729778013143228
2022-01-05,TSLA,-0.11528486484599365
2022-01-05,AMD,-0.15910079169279534
2022-01-05,NFLX,-0.17951683625595471
2022-01-05,CRM,-0.2654858683675101
2022-01-05,ORCL,-0.165846571651305
2022-01-05,ADBE,-0.2526838817426882
2022-01-05,AVGO,-0.04639003718736867
2022-01-05,QCOM,-0.014687218159152637
2022-01-05,INTC,-0.031346096514690225
2022-01-05,BTC-USD,-0.35517168534763155
2022-01-05,ETH-USD,-0.2621939989781997
2022-01-05,SOL-USD,-0.3757737642509662
2022-01-06,AAPL,-0.054996538615167956
2022-01-06,MSFT,-0.08519134581432741
2022-01-06,NVDA,-0.15563733002714975
2022-01-06,GOOGL,-0.08069368806448352
2022-01-06,AMZN,-0.11660523204501883
2022-01-06,META,-0.04344584334998136
2022-01-06,TSLA,-0.134326919433728
2022-01-06,AMD,-0.1586066787334649
2022-01-06,NFLX,-0.20008964144415042
2022-01-06,CRM,-0.26071112584490497
2022-01-06,ORCL,-0.16391009125288225
2022-01-06,ADBE,-0.2531342174063468
2022-01-06,AVGO,-0.05524376902010619
2022-01-06,QCOM,-0.01759300205152603
2022-01-06,INTC,-0.02882872328914876
2022-01-06,BTC-USD,-0.3612112498806159
2022-01-06,ETH-USD,-0.28962050825177277
2022-01-06,SOL-USD,-0.3945624862399435
2022-01-07,AAPL,-0.054062659905594224
2022-01-07,MSFT,-0.08472529512766114
2022-01-07,NVDA,-0.18353491869428706
2022-01-07,GOOGL,-0.08556865072095377
2022-01-07,AMZN,-0.12039303295638637
2022-01-07,META,-0.04537345435426898
2022-01-07,TSLA,-0.1650120586751559
2022-01-07,AMD,-0.18473227710209106
2022-01-07,NFLX,-0.21777096682715058
2022-01-07,CRM,-0.26342110264118657
2022-01-07,ORCL,-0.15258004489081567
2022-01-07,ADBE,-0.25810245096448436
2022-01-07,AVGO,-0.08176099431611439
2022-01-07,QCOM,-0.046861786524357796
2022-01-07,INTC,-0.03907815534924797
2022-01-07,BTC-USD,-0.38493631420928864
2022-01-07,ETH-USD,-0.33641885896264445
2022-01-07,SOL-USD,-0.4510227963259843
2022-01-10,AAPL,-0.053952801919356363
2022-01-10,MSFT,-0.0840548037864629
2022-01-10,NVDA,-0.17895028670810875
2022-01-10,GOOGL,-0.07454015285300453
2022-01-10,AMZN,-0.12617220569075915
2022-01-10,META,-0.05607677042139647
2022-01-10,TSLA,-0.13967689345839107
2022-01-10,AMD,-0.18473227710209106
2022-01-10,NFLX,-0.21952028205233132
2022-01-10,CRM,-0.2591624386720883
2022-01-10,ORCL,-0.13543985113292234
2022-01-10,ADBE,-0.2361229849939539
2022-01-10,AVGO,-0.07878010937894853
2022-01-10,QCOM,-0.05071834749053139
2022-01-10,INTC,-0.007251185671843463
2022-01-10,BTC-USD,-0.38103855280316223
2022-01-10,ETH-USD,-0.3593013504100139
2022-01-10,SOL-USD,-0.4528253522190653
2022-01-11,AAPL,-0.038074632366256966
2022-01-11,MSFT,-0.08198542032859812
2022-01-11,NVDA,-0.1664547494819737
2022-01-11,GOOGL,-0.06742272793534532
2022-01-11,AMZN,-0.10519848118059516
2022-01-11,META,-0.03795048987204186
2022-01-11,TSLA,-0.13457085460756468
2022-01-11,AMD,-0.15193629514612006
2022-01-11,NFLX,-0.21808901912714806
2022-01-11,CRM,-0.24235389011956643
2022-01-11,ORCL,-0.14318679279408653
2022-01-11,ADBE,-0.23022499759271253
2022-01-11,AVGO,-0.07746014356025377
2022-01-11,QCOM,-0.02049860687297489
2022-01-11,INTC,0.0
2022-01-11,BTC-USD,-0.3675024171670779
2022-01-11,ETH-USD,-0.327087955491314
2022-01-11,SOL-USD,-0.4358053482825761
2022-01-12,AAPL,-0.03560205523693882
2022-01-12,MSFT,-0.07239659858854541
2022-01-12,NVDA,-0.16100098152325526
2022-01-12,GOOGL,-0.05611388373327153
2022-01-12,AMZN,-0.10603720557640273
2022-01-12,META,-0.04114396820864619
2022-01-12,TSLA,-0.10056836076679765
2022-01-12,AMD,-0.15094806922745918
2022-01-12,NFLX,-0.2233225705508608
2022-01-12,CRM,-0.23270748043496892
2022-01-12,ORCL,-0.14483310322965148
2022-01-12,ADBE,-0.22662231228344387
2022-01-12,AVGO,-0.07753438933464674
2022-01-12,QCOM,-0.01510973600558485
2022-01-12,INTC,-0.003040670149488167
2022-01-12,BTC-USD,-0.3495461784709907
2022-01-12,ETH-USD,-0.29921092057912835
2022-01-12,SOL-USD,-0.38944406761549777
2022-01-13,AAPL,-0.053952801919356363
2022-01-13,MSFT,-0.11165530972620397
2022-01-13,NVDA,-0.2036717579598093
2022-01-13,GOOGL,-0.07509077073550252
2022-01-13,AMZN,-0.12764397792498539
2022-01-13,META,-0.06065144475973938
2022-01-13,TSLA,-0.1612719674715386
2022-01-13,AMD,-0.18016180291009254
2022-01-13,NFLX,-0.24937473245166975
2022-01-13,CRM,-0.26238869469400816
2022-01-13,ORCL,-0.14986854861268872
2022-01-13,ADBE,-0.24909564902510617
2022-01-13,AVGO,-0.11432909669790536
2022-01-13,QCOM,-0.028476395631779727
2022-01-13,INTC,-0.017349394576847477
2022-01-13,BTC-USD,-0.3696378608493397
2022-01-13,ETH-USD,-0.3249730724681651
2022-01-13,SOL-USD,-0.41235683016198255
2022-01-14,AAPL,-0.04911793477971671
2022-01-14,MSFT,-0.09591680208932796
2022-01-14,NVDA,-0.19267456477192502
2022-01-14,GOOGL,-0.06912773121787508
2022-01-14,AMZN,-0.12264408072198019
2022-01-14,META,-0.04505707616736154
2022-01-14,TSLA,-0.14659610684822133
2022-01-14,AMD,-0.15459204627980916
2022-01-14,NFLX,-0.239991886274601
2022-01-14,CRM,-0.2540005996083282
2022-01-14,ORCL,-0.15083690651199322
2022-01-14,ADBE,-0.24372070357698983
2022-01-14,AVGO,-0.11554527810078208
2022-01-14,QCOM,-0.0031170875833206324
2022-01-14,INTC,-0.0037559445274301106
2022-01-14,BTC-USD,-0.3621174707355703
2022-01-14,ETH-USD,-0.31214851516795017
2022-01-14,SOL-USD,-0.41175720643140057
2022-01-18,AAPL,-0.06708400685719818
2022-01-18,MSFT,-0.11792136953406862
2022-01-18,NVDA,-0.22380831023022751
2022-01-18,GOOGL,-0.09236943951499565
2022-01-18,AMZN,-0.14007077222175857
2022-01-18,META,-0.08461853291826849
2022-01-18,TSLA,-0.16212570336068532
2022-01-18,AMD,-0.18516466128240927
2022-01-18,NFLX,-0.26151884836278894
2022-01-18,CRM,-0.27068011598046493
2022-01-18,ORCL,-0.17155989110387393
2022-01-18,ADBE,-0.2542672828613365
2022-01-18,AVGO,-0.14310053178766202
2022-01-18,QCOM,-0.05505069990318534
2022-01-18,INTC,-0.020568828146925844
2022-01-18,BTC-USD,-0.37283377082457947
2022-01-18,ETH-USD,-0.34248385743298815
2022-01-18,SOL-USD,-0.4301573766646022
2022-01-19,AAPL,-0.08669820620790314
2022-01-19,MSFT,-0.11593986780552756
2022-01-19,NVDA,-0.24885936665920483
2022-01-19,GOOGL,-0.09825249757022891
2022-01-19,AMZN,-0.15423991365382728
2022-01-19,META,-0.08047538814391142
2022-01-19,TSLA,-0.19046922869812088
2022-01-19,AMD,-0.20776974015671001
2022-01-19,NFLX,-0.2542034800116787
2022-01-19,CRM,-0.27000249636131246
2022-01-19,ORCL,-0.19257367339244247
2022-01-19,ADBE,-0.249560525946658
2022-01-19,AVGO,-0.16359648005020955
2022-01-19,QCOM,-0.08881013548595684
2022-01-19,INTC,-0.04095874574287417
2022-01-19,BTC-USD,-0.3821771824515404
2022-01-19,ETH-USD,-0.35665633873845715
2022-01-19,SOL-USD,-0.45347957094109426
2022-01-20,AAPL,-0.09614813868815486
2022-01-20,MSFT,-0.12098168887037097
2022-01-20,NVDA,-0.2763377128786182
2022-01-20,GOOGL,-0.11032548343036996
2022-01-20,AMZN,-0.17930173840864816
2022-01-20,META,-0.0891932959027828
2022-01-20,TSLA,-0.1899651307435214
2022-01-20,AMD,-0.24717437692101374
2022-01-20,NFLX,-0.2652054864931731
2022-01-20,CRM,-0.2807458300832808
2022-01-20,ORCL,-0.19896494538127196
2022-01-20,ADBE,-0.2578845537616018
2022-01-20,AVGO,-0.1876964496211101
2022-01-20,QCOM,-0.12035079277832028
2022-01-20,INTC,-0.06921844706083125
2022-01-20,BTC-USD,-0.3979232250847945
2022-01-20,ETH-USD,-0.3763371555292636
2022-01-20,SOL-USD,-0.4880398893484189
2022-01-21,AAPL,-0.10768623117244391
2022-01-21,MSFT,-0.13721557193938227
2022-01-21,NVDA,-0.2995906875828699
2022-01-21,GOOGL,-0.13005314757895703
2022-01-21,AMZN,-0.22813476958487122
2022-01-21,META,-0.12771901078318648
2022-01-21,TSLA,-0.23254547805450643
2022-01-21,AMD,-0.2661973017643875
2022-01-21,NFLX,-0.42532058094538583
2022-01-21,CRM,-0.29465090373697667
2022-01-21,ORCL,-0.20380657794433665
2022-01-21,ADBE,-0.2737771733106915
2022-01-21,AVGO,-0.20918590337425258
2022-01-21,QCOM,-0.12864526846715918
2022-01-21,INTC,-0.06921844706083125
2022-01-21,BTC-USD,-0.46042581222248247
2022-01-21,ETH-USD,-0.4684361636118356
2022-01-21,SOL-USD,-0.549372848479861
2022-01-24,AAPL,-0.11202673737401303
2022-01-24,MSFT,-0.13622463606094481
2022-01-24,NVDA,-0.29965072695859807
2022-01-24,GOOGL,-0.12703338475586223
2022-01-24,AMZN,-0.2178481344079377
2022-01-24,META,-0.11177945399808864
2022-01-24,TSLA,-0.24384711301567963
2022-01-24,AMD,-0.28027919125686773
2022-01-24,NFLX,-0.4402839296506035
2022-01-24,CRM,-0.2804555076774148
2022-01-24,ORCL,-0.20187001907918523
2022-01-24,ADBE,-0.24508625182585886
2022-01-24,AVGO,-0.19680227318576093
2022-01-24,QCOM,-0.10148969997472412
2022-01-24,INTC,-0.07100696404905771
2022-01-24,BTC-USD,-0.45751000687513776
2022-01-24,ETH-USD,-0.492870330299219
2022-01-24,SOL-USD,-0.6311377528664673
2022-01-25,AAPL,-0.12213581777169213
2022-01-25,MSFT,-0.15919109215990446
2022-01-25,NVDA,-0.3310543626125738
2022-01-25,GOOGL,-0.15285454661716447
2022-01-25,AMZN,-0.24251231231394887
2022-01-25,META,-0.13640828582858866
2022-01-25,TSLA,-0.25327870237504424
2022-01-25,AMD,-0.3136310620723869
2022-01-25,NFLX,-0.47025403041808733
2022-01-25,CRM,-0.3051038147170132
2022-01-25,ORCL,-0.2149431253533456
2022-01-25,ADBE,-0.2696950698219778
2022-01-25,AVGO,-0.20783627609233868
2022-01-25,QCOM,-0.12589805187845848
2022-01-25,INTC,-0.08781970053816612
2022-01-25,BTC-USD,-0.4530747567743695
2022-01-25,ETH-USD,-0.48963207580195345
2022-01-25,SOL-USD,-0.6187812297629294
2022-01-26,AAPL,-0.12263043618941782
2022-01-26,MSFT,-0.13523379268959068
2022-01-26,NVDA,-0.31762976483621186
2022-01-26,GOOGL,-0.1375181526050414
2022-01-26,AMZN,-0.2485376198606768
2022-01-26,META,-0.15229039989440463
2022-01-26,TSLA,-0.23782227897087493
2022-01-26,AMD,-0.31622508442706365
2022-01-26,NFLX,-0.4799693231469827
2022-01-26,CRM,-0.3192670028995116
2022-01-26,ORCL,-0.22927499488985437
2022-01-26,ADBE,-0.27246974576029237
2022-01-26,AVGO,-0.1737554390863778
2022-01-26,QCOM,-0.11770886989324414
2022-01-26,INTC,-0.07547847721520418
2022-01-26,BTC-USD,-0.4545826389012545
2022-01-26,ETH-USD,-0.48711856891139715
2022-01-26,SOL-USD,-0.6287717140217318
2022-01-27,AAPL,-0.12521269965187032
2022-01-27,MSFT,-0.12611129915745478
2022-01-27,NVDA,-0.34244106555542175
2022-01-27,GOOGL,-0.1390397536653203
2022-01-27,AMZN,-0.24439807983470585
2022-01-27,META,-0.1522614125962487
2022-01-27,TSLA,-0.3258856309528054
2022-01-27,AMD,-0.3663146429899573
2022-01-27,NFLX,-0.4409345388032079
2022-01-27,CRM,-0.31365335053227295
2022-01-27,ORCL,-0.22743487163431686
2022-01-27,ADBE,-0.2837427672758567
2022-01-27,AVGO,-0.19571972189461218
2022-01-27,QCOM,-0.14835148649908192
2022-01-27,INTC,-0.14058308508145678
2022-01-27,BTC-USD,-0.4503481159971945
2022-01-27,ETH-USD,-0.4964760574541953
2022-01-27,SOL-USD,-0.6392582204919137
2022-01-28,AAPL,-0.06417216943603199
2022-01-28,MSFT,-0.10157092753984909
2022-01-28,NVDA,-0.3155920995987809
2022-01-28,GOOGL,-0.11003516511443001
2022-01-28,AMZN,-0.2209109068767393
2022-01-28,META,-0.1319196869229965
2022-01-28,TSLA,-0.3118602145006769
2022-01-28,AMD,-0.35000929230169564
2022-01-28,NFLX,-0.4443175188854238
2022-01-28,CRM,-0.2833590829123065
2022-01-28,ORCL,-0.22065636633918584
2022-01-28,ADBE,-0.247265312520892
2022-01-28,AVGO,-0.16933588106674413
2022-01-28,QCOM,-0.11871283103163033
2022-01-28,INTC,-0.14630660427847808
2022-01-28,BTC-USD,-0.44078576603672703
2022-01-28,ETH-USD,-0.4706887410700288
2022-01-28,SOL-USD,-0.6324951354265917
2022-01-31,AAPL,-0.03972301711913562
2022-01-31,MSFT,-0.09364371803359917
2022-01-31,NVDA,-0.2662692358468365
2022-01-31,GOOGL,-0.09700435498034699
2022-01-31,AMZN,-0.19063269197091082
2022-01-31,META,-0.09868792141836003
2022-01-31,TSLA,-0.23838332242684313
2022-01-31,AMD,-0.29436108074934775
2022-01-31,NFLX,-0.38246900355047186
2022-01-31,CRM,-0.24948372077436165
2022-01-31,ORCL,-0.2140712815303838
2022-01-31,ADBE,-0.2238185981624461
2022-01-31,AVGO,-0.1311025006210177
2022-01-31,QCOM,-0.07142861619630259
2022-01-31,INTC,-0.12681101874183653
2022-01-31,BTC-USD,-0.4304435169162383
2022-01-31,ETH-USD,-0.44134871546921384
2022-01-31,SOL-USD,-0.5985834472776045
2022-02-01,AAPL,-0.04065689582870946
2022-02-01,MSFT,-0.10011394097474524
2022-02-01,NVDA,-0.26171450875048075
2022-02-01,GOOGL,-0.08138432490813952
2022-02-01,AMZN,-0.18186662663776476
2022-02-01,META,-0.08217296233255733
2022-02-01,TSLA,-0.24283080330301776
2022-02-01,AMD,-0.2787351235998641
2022-02-01,NFLX,-0.33911142132592786
2022-02-01,CRM,-0.25112908174640136
2022-02-01,ORCL,-0.21523337378293206
2022-02-01,ADBE,-0.22137806082395373
2022-02-01,AVGO,-0.12095834161101049
2022-02-01,QCOM,-0.06419056942673751
2022-02-01,INTC,-0.12448569653548403
2022-02-01,BTC-USD,-0.4265932779051851
2022-02-01,ETH-USD,-0.4197700594257523
2022-02-01,SOL-USD,-0.5573701856690296
2022-02-02,AAPL,-0.0338992564502516
2022-02-02,MSFT,-0.08641558455734855
2022-02-02,NVDA,-0.243615506919452
2022-02-02,GOOGL,-0.012269958201975628
2022-02-02,AMZN,-0.18501048075223303
2022-02-02,META,-0.07066411850291154
2022-02-02,TSLA,-0.2636372007318504
2022-02-02,AMD,-0.24180100451100717
2022-02-02,NFLX,-0.3790859683178657
2022-02-02,CRM,-0.27406751172376753
2022-02-02,ORCL,-0.2010951601329385
2022-02-02,ADBE,-0.22557631704340053
2022-02-02,AVGO,-0.10507484299536562
2022-02-02,QCOM,-0.0057058264038108986
2022-02-02,INTC,-0.1144697954188747
2022-02-02,BTC-USD,-0.4530898460020022
2022-02-02,ETH-USD,-0.44247604426312925
2022-02-02,SOL-USD,-0.5901366072314107
2022-02-03,AAPL,-0.05005198514239395
2022-02-03,MSFT,-0.12200176448011069
2022-02-03,NVDA,-0.2823905544171418
2022-02-03,GOOGL,-0.04503861007433341
2022-02-03,AMZN,-0.24868368241789107
2022-02-03,META,-0.3159166949374085
2022-02-03,TSLA,-0.27544293364762285
2022-02-03,AMD,-0.25835341167893433
2022-02-03,NFLX,-0.4136101125520192
2022-02-03,CRM,-0.31355652622895114
2022-02-03,ORCL,-0.20651815268919227
2022-02-03,ADBE,-0.2579136362773883
2022-02-03,AVGO,-0.13856238932604903
2022-02-03,QCOM,-0.053782519615652946
2022-02-03,INTC,-0.13646939301726535
2022-02-03,BTC-USD,-0.450105878971213
2022-02-03,ETH-USD,-0.44324315548563165
2022-02-03,SOL-USD,-0.5916602005275878
2022-02-04,AAPL,-0.051647329086292215
2022-02-04,MSFT,-0.10833282531526645
2022-02-04,NVDA,-0.27127333987682156
2022-02-04,GOOGL,-0.04368365419469877
2022-02-04,AMZN,-0.1469862439456081
2022-02-04,META,-0.31784448323403947
2022-02-04,TSLA,-0.2492783739521004
2022-02-04,AMD,-0.23661295980165364
2022-02-04,NFLX,-0.4070031509623908
2022-02-04,CRM,-0.29271527052710344
2022-02-04,ORCL,-0.20487168532016986
2022-02-04,ADBE,-0.2539768123682974
2022-02-04,AVGO,-0.12475519313573558
2022-02-04,QCOM,-0.051827781403466555
2022-02-04,INTC,-0.13475723670005657
2022-02-04,BTC-USD,-0.38578032813346597
2022-02-04,ETH-USD,-0.37998073089667284
2022-02-04,SOL-USD,-0.5485349473962826
2022-02-07,AAPL,-0.05566323926914918
2022-02-07,MSFT,-0.12287614143334002
2022-02-07,NVDA,-0.25901761575947524
2022-02-07,GOOGL,-0.07099280022912946
2022-02-07,AMZN,-0.14538450988828666
2022-02-07,META,-0.3528887970120569
2022-02-07,TSLA,-0.26227125308464105
2022-02-07,AMD,-0.2361806227425408
2022-02-07,NFLX,-0.418670215998709
2022-02-07,CRM,-0.3000064917434455
2022-02-07,ORCL,-0.21813868288103155
2022-02-07,ADBE,-0.26333220549918457
2022-02-07,AVGO,-0.12850727611659596
2022-02-07,QCOM,-0.07496813209059305
2022-02-07,INTC,-0.13169354064495342
2022-02-07,BTC-USD,-0.35115667890840485
2022-02-07,ETH-USD,-0.3469630868312066
2022-02-07,SOL-USD,-0.527683498894129
2022-02-08,AAPL,-0.03822422804595427
2022-02-08,MSFT,-0.11235503330578778
2022-02-08,NVDA,-0.24763079801858578
2022-02-08,GOOGL,-0.06967166684451742
2022-02-08,AMZN,-0.1265644856281959
2022-02-08,META,-0.36649793458852176
2022-02-08,TSLA,-0.2503516291661311
2022-02-08,AMD,-0.20801684375758067
2022-02-08,NFLX,-0.41660279332314076
2022-02-08,CRM,-0.29852237082885436
2022-02-08,ORCL,-0.21765430776455752
2022-02-08,ADBE,-0.2572163208950605
2022-02-08,AVGO,-0.10983535431477565
2022-02-08,QCOM,-0.05647717888800363
2022-02-08,INTC,-0.12033956222088904
2022-02-08,BTC-USD,-0.3470398635425066
2022-02-08,ETH-USD,-0.3510906221160398
2022-02-08,SOL-USD,-0.5428149398672095
2022-02-09,AAPL,-0.030247679979566455
2022-02-09,MSFT,-0.09297304167823395
2022-02-09,NVDA,-0.1997762012180072
2022-02-09,GOOGL,-0.05503588165786566
2022-02-09,AMZN,-0.12777658191983354
2022-02-09,META,-0.33248945132717944
2022-02-09,TSLA,-0.24222100258770785
2022-02-09,AMD,-0.17948240937131454
2022-02-09,NFLX,-0.40307070754310637
2022-02-09,CRM,-0.2836494053181726
2022-02-09,ORCL,-0.191895720856182
2022-02-09,ADBE,-0.24205005491098175
2022-02-09,AVGO,-0.0933438264085894
2022-02-09,QCOM,-0.028158992418047535
2022-02-09,INTC,-0.10051514026859387
2022-02-09,BTC-USD,-0.34377862472732434
2022-02-09,ETH-USD,-0.32680835562708044
2022-02-09,SOL-USD,-0.541108892443261
2022-02-10,AAPL,-0.05313264339084911
2022-02-10,MSFT,-0.11870851230755863
2022-02-10,NVDA,-0.22617573284199766
2022-02-10,GOOGL,-0.07487066750801408
2022-02-10,AMZN,-0.1396054197217811
2022-02-10,META,-0.3437967580853951
2022-02-10,TSLA,-0.2645396938803387
2022-02-10,AMD,-0.2232104638479515
2022-02-10,NFLX,-0.41264150624980767
2022-02-10,CRM,-0.2977479269063801
2022-02-10,ORCL,-0.20738968264523905
2022-02-10,ADBE,-0.2808809324563891
2022-02-10,AVGO,-0.1229755053425945
2022-02-10,QCOM,-0.08035709249344536
2022-02-10,INTC,-0.11943838859857203
2022-02-10,BTC-USD,-0.35522926722779324
2022-02-10,ETH-USD,-0.360468353871654
2022-02-10,SOL-USD,-0.572568074089518
2022-02-11,AAPL,-0.07227677071762839
2022-02-11,MSFT,-0.14010096038078879
2022-02-11,NVDA,-0.28236059212829834
2022-02-11,GOOGL,-0.10381840548216381
2022-02-11,AMZN,-0.1705031413357947
2022-02-11,META,-0.36831052718498847
2022-02-11,TSLA,-0.3007618712574617
2022-02-11,AMD,-0.3009696884364751
2022-02-11,NFLX,-0.4342696693039215
2022-02-11,CRM,-0.3292682510801679
2022-02-11,ORCL,-0.22772551239754713
2022-02-11,ADBE,-0.3114603998101124
2022-02-11,AVGO,-0.14958146938467198
2022-02-11,QCOM,-0.13017730976198882
2022-02-11,INTC,-0.14160571483850415
2022-02-11,BTC-USD,-0.3723556562172128
2022-02-11,ETH-USD,-0.39166035440335545
2022-02-11,SOL-USD,-0.6120941109567971
2022-02-14,AAPL,-0.07095658669863536
2022-02-14,MSFT,-0.140217704320164
2022-02-14,NVDA,-0.27283155109373836
2022-02-14,GOOGL,-0.09551945492530578
2022-02-14,AMZN,-0.16036529345569572
2022-02-14,META,-0.3736333308896539
2022-02-14,TSLA,-0.28794786799392613
2022-02-14,AMD,-0.2942375760701179
2022-02-14,NFLX,-0.42666509230686256
2022-02-14,CRM,-0.3341075598609985
2022-02-14,ORCL,-0.23547229712525386
2022-02-14,ADBE,-0.31140227911164264
2022-02-14,AVGO,-0.14192893469595924
2022-02-14,QCOM,-0.1275884814060363
2022-02-14,INTC,-0.14250674133043384
2022-02-14,BTC-USD,-0.36970671629037644
2022-02-14,ETH-USD,-0.39039365692371153
2022-02-14,SOL-USD,-0.611887276388526
2022-02-15,AAPL,-0.049446650472912856
2022-02-15,MSFT,-0.12427494104292303
2022-02-15,NVDA,-0.20606885586531898
2022-02-15,GOOGL,-0.08829480550214897
2022-02-15,AMZN,-0.15309544044549006
2022-02-15,META,-0.3641386167279048
2022-02-15,TSLA,-0.2500020656701477
2022-02-15,AMD,-0.2497683992756905
2022-02-15,NFLX,-0.41092108982906583
2022-02-15,CRM,-0.3087817335383132
2022-02-15,ORCL,-0.22753177804430325
2022-02-15,ADBE,-0.30342693115441455
2022-02-15,AVGO,-0.10605367128159326
2022-02-15,QCOM,-0.0860099139035948
2022-02-15,INTC,-0.12700780563487313
2022-02-15,BTC-USD,-0.340279773936776
2022-02-15,ETH-USD,-0.3391896423749804
2022-02-15,SOL-USD,-0.5779188745448243
2022-02-16,AAPL,-0.0507670061450094
2022-02-16,MSFT,-0.12529723682266658
2022-02-16,NVDA,-0.20558951664284586
2022-02-16,GOOGL,-0.08075670687739833
2022-02-16,AMZN,-0.1444917035394121
2022-02-16,META,-0.37697090357840657
2022-02-16,TSLA,-0.24922150288929568
2022-02-16,AMD,-0.27311469471019245
2022-02-16,NFLX,-0.424482074413539
2022-02-16,CRM,-0.31687955638615983
2022-02-16,ORCL,-0.23314842648707212
2022-02-16,ADBE,-0.30604178625521283
2022-02-16,AVGO,-0.11429955805648007
2022-02-16,QCOM,-0.08812312988399162
2022-02-16,INTC,-0.1307923670226364
2022-02-16,BTC-USD,-0.349357360779617
2022-02-16,ETH-USD,-0.3500055554681788
2022-02-16,SOL-USD,-0.5897530605282817
2022-02-17,AAPL,-0.07095658669863536
2022-02-17,MSFT,-0.15091022807343912
2022-02-17,NVDA,-0.2656398555840638
2022-02-17,GOOGL,-0.11545426900541511
2022-02-17,AMZN,-0.16314939937243478
2022-02-17,META,-0.40237658613487004
2022-02-17,TSLA,-0.2874681858882795
2022-02-17,AMD,-0.30597245256638095
2022-02-17,NFLX,-0.44097788700986607
2022-02-17,CRM,-0.35465864366107847
2022-02-17,ORCL,-0.26859051392176325
2022-02-17,ADBE,-0.3350814319308645
2022-02-17,AVGO,-0.14130616679015362
2022-02-17,QCOM,-0.11876565695436714
2022-02-17,INTC,-0.14268697605489733
2022-02-17,BTC-USD,-0.4000308606502312
2022-02-17,ETH-USD,-0.40119916936872124
2022-02-17,SOL-USD,-0.6240532697272001
2022-02-18,AAPL,-0.07964849907384564
2022-02-18,MSFT,-0.15908794676180338
2022-02-18,NVDA,-0.2915600479855813
2022-02-18,GOOGL,-0.12970957682404505
2022-02-18,AMZN,-0.17424767668470875
2022-02-18,META,-0.4068362863884778
2022-02-18,TSLA,-0.30321730172562733
2022-02-18,AMD,-0.2969551031040246
2022-02-18,NFLX,-0.4342985681083603
2022-02-18,CRM,-0.3649502142476009
2022-02-18,ORCL,-0.27788709500869224
2022-02-18,ADBE,-0.35708993608407824
2022-02-18,AVGO,-0.13983795506626084
2022-02-18,QCOM,-0.11432792130262637
2022-02-18,INTC,-0.1882829037800371
2022-02-18,BTC-USD,-0.4075350630868466
2022-02-18,ETH-USD,-0.42109789242279805
2022-02-18,SOL-USD,-0.6375156638189043
2022-02-22,AAPL,-0.09604197124364222
2022-02-22,MSFT,-0.15970126872539947
2022-02-22,NVDA,-0.29911140575941764
2022-02-22,GOOGL,-0.1336438834639252
2022-02-22,AMZN,-0.18725616160645375
2022-02-22,META,-0.41857521135685105
2022-02-22,TSLA,-0.3320405836072734
2022-02-22,AMD,-0.28571429244588653
2022-02-22,NFLX,-0.45440877182397466
2022-02-22,CRM,-0.37046714264758374
2022-02-22,ORCL,-0.28224458785546913
2022-02-22,ADBE,-0.36313320306494246
2022-02-22,AVGO,-0.1435899766362243
2022-02-22,QCOM,-0.12357326360072773
2022-02-22,INTC,-0.19459089844067534
2022-02-22,BTC-USD,-0.4333605941525023
2022-02-22,ETH-USD,-0.4515271449307494
2022-02-22,SOL-USD,-0.6520047999376057
2022-02-23,AAPL,-0.11942215385851285
2022-02-23,MSFT,-0.18145930479261618
2022-02-23,NVDA,-0.32916656621838036
2022-02-23,GOOGL,-0.148496584956042
2022-02-23,AMZN,-0.2163168307414043
2022-02-23,META,-0.42901945898709515
2022-02-23,TSLA,-0.37878383316471753
2022-02-23,AMD,-0.32209252267519517
2022-02-23,NFLX,-0.46875046533141684
2022-02-23,CRM,-0.3852755920680728
2022-02-23,ORCL,-0.2982226893608141
2022-02-23,ADBE,-0.376134905278778
2022-02-23,AVGO,-0.16178725361564328
2022-02-23,QCOM,-0.14613243960228706
2022-02-23,INTC,-0.19531161664294805
2022-02-23,BTC-USD,-0.4480047184766378
2022-02-23,ETH-USD,-0.46169730460860336
2022-02-23,SOL-USD,-0.6582937560586469
2022-02-24,AAPL,-0.10473396944540425
2022-02-24,MSFT,-0.139637407385377
2022-02-24,NVDA,-0.28838364357504065
2022-02-24,GOOGL,-0.1144400053704776
2022-02-24,AMZN,-0.18097646246064314
2022-02-24,META,-0.4026930972910351
2022-02-24,TSLA,-0.34891982572145674
2022-02-24,AMD,-0.2797850782975373
2022-02-24,NFLX,-0.43612024064541843
2022-02-24,CRM,-0.34091496056892956
2022-02-24,ORCL,-0.2755629889703244
2022-02-24,ADBE,-0.3262053683132158
2022-02-24,AVGO,-0.13982303221830594
2022-02-24,QCOM,-0.1125316608586504
2022-02-24,INTC,-0.15800582415638176
2022-02-24,BTC-USD,-0.43267117254514453
2022-02-24,ETH-USD,-0.4600956047875452
2022-02-24,SOL-USD,-0.6410199990235541
2022-02-25,AAPL,-0.0931262716276473
2022-02-25,MSFT,-0.13169326908284684
2022-02-25,NVDA,-0.2761278046596525
2022-02-25,GOOGL,-0.10263718825477364
2022-02-25,AMZN,-0.1678246397213039
2022-02-25,META,-0.3944067634192353
2022-02-25,TSLA,-0.34152093022597985
2022-02-25,AMD,-0.2523006928513549
2022-02-25,NFLX,-0.4350069748698423
2022-02-25,CRM,-0.3286552478872736
2022-02-25,ORCL,-0.26064991637408397
2022-02-25,ADBE,-0.32370671027625375
2022-02-25,AVGO,-0.12794364690453763
2022-02-25,QCOM,-0.09694622294204758
2022-02-25,INTC,-0.1401639841731842
2022-02-25,BTC-USD,-0.41962321100151545
2022-02-25,ETH-USD,-0.425501780540235
2022-02-25,SOL-USD,-0.6273196960489869
2022-02-28,AAPL,-0.09164087149653866
2022-02-28,MSFT,-0.12737096811345583
2022-02-28,NVDA,-0.26929571401511876
2022-02-28,GOOGL,-0.09864942356804907
2022-02-28,AMZN,-0.1690448276639347
2022-02-28,META,-0.39282438493075356
2022-02-28,TSLA,-0.29228153230592735
2022-02-28,AMD,-0.2382188033588749
2022-02-28,NFLX,-0.42962887427354524
2022-02-28,CRM,-0.32078333169116635
2022-02-28,ORCL,-0.2643297705515153
2022-02-28,ADBE,-0.3205979400712201
2022-02-28,AVGO,-0.12878896790083127
2022-02-28,QCOM,-0.09134595884824803
2022-02-28,INTC,-0.14034407176726038
2022-02-28,BTC-USD,-0.36073313527324913
2022-02-28,ETH-USD,-0.393360733545033
2022-02-28,SOL-USD,-0.5994628012512018
2022-03-01,AAPL,-0.1022033735671043
2022-03-01,MSFT,-0.13858578686016432
2022-03-01,NVDA,-0.29650428483690083
2022-03-01,GOOGL,-0.10529353916326234
2022-03-01,AMZN,-0.1821452931898272
2022-03-01,META,-0.4145183636306742
2022-03-01,TSLA,-0.2972087697263125
2022-03-01,AMD,-0.2969551031040246
2022-03-01,NFLX,-0.4415995422076414
2022-03-01,CRM,-0.3260743032713771
2022-03-01,ORCL,-0.263942458778485
2022-03-01,ADBE,-0.3220506472012422
2022-03-01,AVGO,-0.15447561081580985
2022-03-01,QCOM,-0.13519622009929666
2022-03-01,INTC,-0.15620362404213517
2022-03-01,BTC-USD,-0.3435441924742564
2022-03-01,ETH-USD,-0.3822877976044009
2022-03-01,SOL-USD,-0.6029513536518
2022-03-02,AAPL,-0.08371933824982147
2022-03-02,MSFT,-0.12328206251573204
2022-03-02,NVDA,-0.2741164281737354
2022-03-02,GOOGL,-0.10188959803044106
2022-03-02,AMZN,-0.17721838598149553
2022-03-02,META,-0.40122569288728827
2022-03-02,TSLA,-0.2845899443772719
2022-03-02,AMD,-0.26947071765784236
2022-03-02,NFLX,-0.45057758452100616
2022-03-02,CRM,-0.3212350446585793
2022-03-02,ORCL,-0.24196047552406963
2022-03-02,ADBE,-0.31551346511614287
2022-03-02,AVGO,-0.13125080793711275
2022-03-02,QCOM,-0.10209182595846145
2022-03-02,INTC,-0.11925822743930226
2022-03-02,BTC-USD,-0.3499159512676917
2022-03-02,ETH-USD,-0.38693582191249143
2022-03-02,SOL-USD,-0.5949177835661706
2022-03-03,AAPL,-0.08553456981929908
2022-03-03,MSFT,-0.13575266492093463
2022-03-03,NVDA,-0.2892813068609049
2022-03-03,GOOGL,-0.10637441974888284
2022-03-03,AMZN,-0.19969641446559327
2022-03-03,META,-0.41601457804023356
2022-03-03,TSLA,-0.31760046991576607
2022-03-03,AMD,-0.30838119434161027
2022-03-03,NFLX,-0.4678685554425218
2022-03-03,CRM,-0.3394308396543383
2022-03-03,ORCL,-0.24225095935384233
2022-03-03,ADBE,-0.3330912302560307
2022-03-03,AVGO,-0.1418992732327402
2022-03-03,QCOM,-0.12278230732707185
2022-03-03,INTC,-0.13619911449576394
2022-03-03,BTC-USD,-0.371706645989607
2022-03-03,ETH-USD,-0.4109689294587452
2022-03-03,SOL-USD,-0.6154856328889071
2022-03-04,AAPL,-0.10236833219956454
2022-03-04,MSFT,-0.15345130515006355
2022-03-04,NVDA,-0.3125983388723388
2022-03-04,GOOGL,-0.11967560423527546
2022-03-04,AMZN,-0.21191208272573714
2022-03-04,META,-0.4243872089602132
2022-03-04,TSLA,-0.31841356234903395
2022-03-04,AMD,-0.3304304785987737
2022-03-04,NFLX,-0.47703449513512897
2022-03-04,CRM,-0.34504449202157705
2022-03-04,ORCL,-0.25929432516847795
2022-03-04,ADBE,-0.3431875182098222
2022-03-04,AVGO,-0.11610890731284018
2022-03-04,QCOM,-0.13917535511331203
2022-03-04,INTC,-0.1336759019184699
2022-03-04,BTC-USD,-0.4207570999730128
2022-03-04,ETH-USD,-0.45612874683351
2022-03-04,SOL-USD,-0.6448384857228571
2022-03-07,AAPL,-0.12365795166694904
2022-03-07,MSFT,-0.18543128143679777
2022-03-07,NVDA,-0.3600716339779243
2022-03-07,GOOGL,-0.15656859582365168
2022-03-07,AMZN,-0.25621874341779294
2022-03-07,META,-0.460611181668539
2022-03-07,TSLA,-0.3458220648855652
2022-03-07,AMD,-0.36415295769439326
2022-03-07,NFLX,-0.49361705929516253
2022-03-07,CRM,-0.36691825600666883
2022-03-07,ORCL,-0.28030779359013147
2022-03-07,ADBE,-0.3637578564909072
2022-03-07,AVGO,-0.1536155512042523
2022-03-07,QCOM,-0.20368655103042332
2022-03-07,INTC,-0.14070468834657446
2022-03-07,BTC-USD,-0.4366756569942213
2022-03-07,ETH-USD,-0.48093809787872444
2022-03-07,SOL-USD,-0.669453058286755
2022-03-08,AAPL,-0.1338902789929387
2022-03-08,MSFT,-0.19436811325235204
2022-03-08,NVDA,-0.3552164804068443
2022-03-08,GOOGL,-0.1517232921027868
2022-03-08,AMZN,-0.2640027465375372
2022-03-08,META,-0.45249744189309926
2022-03-08,TSLA,-0.32970708350674416
2022-03-08,AMD,-0.3482181681650267
2022-03-08,NFLX,-0.5059058346796463
2022-03-08,CRM,-0.38030710060275896
2022-03-08,ORCL,-0.2898947015733757
2022-03-08,ADBE,-0.3731132939548977
2022-03-08,AVGO,-0.14582932499291468
2022-03-08,QCOM,-0.2001853563139826
2022-03-08,INTC,-0.14394847199575378
2022-03-08,BTC-USD,-0.42668213669013344
2022-03-08,ETH-USD,-0.46452602724158065
2022-03-08,SOL-USD,-0.6689512019649284
2022-03-09,AAPL,-0.10357865823231982
2022-03-09,MSFT,-0.1574233743013287
2022-03-09,NVDA,-0.3102605341552873
2022-03-09,GOOGL,-0.109574706284014
2022-03-09,AMZN,-0.2463379293085297
2022-03-09,META,-0.4288756305734618
2022-03-09,TSLA,-0.30159930510111843
2022-03-09,AMD,-0.31412512791051206
2022-03-09,NFLX,-0.48128493570402064
2022-03-09,CRM,-0.3445604708410349
2022-03-09,ORCL,-0.2630709288224381
2022-03-09,ADBE,-0.34501794338024305
2022-03-09,AVGO,-0.11458137266250934
2022-03-09,QCOM,-0.16649710142371232
2022-03-09,INTC,-0.14160571483850415
2022-03-09,BTC-USD,-0.3786458984935517
2022-03-09,ETH-USD,-0.4327236354983762
2022-03-09,SOL-USD,-0.6450152285635591
2022-03-10,AAPL,-0.12794902177471112
2022-03-10,MSFT,-0.16592190755526626
2022-03-10,NVDA,-0.3209301511316217
2022-03-10,GOOGL,-0.11618499938420446
2022-03-10,AMZN,-0.20554585245501944
2022-03-10,META,-0.4383415347293983
2022-03-10,TSLA,-0.31840544854557096
2022-03-10,AMD,-0.34247423459612514
2022-03-10,NFLX,-0.48420536946404524
2022-03-10,CRM,-0.35427149695189064
2022-03-10,ORCL,-0.2577447642094419
2022-03-10,ADBE,-0.3623341875435683
2022-03-10,AVGO,-0.1283589073896041
2022-03-10,QCOM,-0.17922976044160321
2022-03-10,INTC,-0.15908715893796876
2022-03-10,BTC-USD,-0.4163191904681407
2022-03-10,ETH-USD,-0.45802136039463615
2022-03-10,SOL-USD,-0.6661970105403952
2022-03-11,AAPL,-0.14879852268473004
2022-03-11,MSFT,-0.18204348702491024
2022-03-11,NVDA,-0.3376535854298326
2022-03-11,GOOGL,-0.13326330329196712
2022-03-11,AMZN,-0.21254248839240297
2022-03-11,META,-0.46020837346419396
2022-03-11,TSLA,-0.35332666314175254
2022-03-11,AMD,-0.35587673054982716
2022-03-11,NFLX,-0.5079876516070438
2022-03-11,CRM,-0.36153040995510366
2022-03-11,ORCL,-0.24641511018101891
2022-03-11,ADBE,-0.39512179810811143
2022-03-11,AVGO,-0.14301160880890185
2022-03-11,QCOM,-0.19180295680119874
2022-03-11,INTC,-0.17404561115572026
2022-03-11,BTC-USD,-0.42582812109400026
2022-03-11,ETH-USD,-0.4680971532157536
2022-03-11,SOL-USD,-0.6750275201130957
2022-03-14,AAPL,-0.17140849782421108
2022-03-14,MSFT,-0.1926447062867721
2022-03-14,NVDA,-0.3607309765295402
2022-03-14,GOOGL,-0.15942166206413444
2022-03-14,AMZN,-0.23240963834531037
2022-03-14,META,-0.46302798657152333
2022-03-14,TSLA,-0.3768893717139561
2022-03-14,AMD,-0.36847632828552135
2022-03-14,NFLX,-0.521447435225591
2022-03-14,CRM,-0.376951862568487
2022-03-14,ORCL,-0.25367767672570907
2022-03-14,ADBE,-0.4022110159959157
2022-03-14,AVGO,-0.1579163405492161
2022-03-14,QCOM,-0.2504258082746704
2022-03-14,INTC,-0.19981719049375857
2022-03-14,BTC-USD,-0.41292561739222533
2022-03-14,ETH-USD,-0.4616273919588276
2022-03-14,SOL-USD,-0.673303571181828
2022-03-15,AAPL,-0.14681816082968868
2022-03-15,MSFT,-0.1613661187071247
2022-03-15,NVDA,-0.31148956198807254
2022-03-15,GOOGL,-0.1377515175403048
2022-03-15,AMZN,-0.20257514315823255
2022-03-15,META,-0.44749114934459877
2022-03-15,TSLA,-0.3480092187695052
2022-03-15,AMD,-0.32474832093008976
2022-03-15,NFLX,-0.5030288042766701
2022-03-15,CRM,-0.3672086787486005
2022-03-15,ORCL,-0.21949435255336636
2022-03-15,ADBE,-0.387451506234919
2022-03-15,AVGO,-0.12089920291726342
2022-03-15,QCOM,-0.23493469596756456
2022-03-15,INTC,-0.19242815531230817
2022-03-15,BTC-USD,-0.4177796080130852
2022-03-15,ETH-USD,-0.45550663586721873
2022-03-15,SOL-USD,-0.6661326203845661
2022-03-16,AAPL,-0.12206269354960253
2022-03-16,MSFT,-0.14022121958933698
2022-03-16,NVDA,-0.2658444830931185
2022-03-16,GOOGL,-0.11050559592666132
2022-03-16,AMZN,-0.1715285516795172
2022-03-16,META,-0.4141155111032434
2022-03-16,TSLA,-0.3168362091804039
2022-03-16,AMD,-0.28744364068233763
2022-03-16,NFLX,-0.48310660824107865
2022-03-16,CRM,-0.3367853287802165
2022-03-16,ORCL,-0.2256918117222232
2022-03-16,ADBE,-0.35738049524332405
2022-03-16,AVGO,-0.09960221091511146
2022-03-16,QCOM,-0.201829854149418
2022-03-16,INTC,-0.1596278631113589
2022-03-16,BTC-USD,-0.39106317657263867
2022-03-16,ETH-USD,-0.4239390450987326
2022-03-16,SOL-USD,-0.6462163490812352
2022-03-17,AAPL,-0.11639659625628018
2022-03-17,MSFT,-0.13779707146625486
2022-03-17,NVDA,-0.25775236914458244
2022-03-17,GOOGL,-0.10677813080649479
2022-03-17,AMZN,-0.14915340275804767
2022-03-17,META,-0.4020025436132516
2022-03-17,TSLA,-0.29133028189809707
2022-03-17,AMD,-0.3101723184782792
2022-03-17,NFLX,-0.46305425728473226
2022-03-17,CRM,-0.32117042823232134
2022-03-17,ORCL,-0.21949435255336636
2022-03-17,ADBE,-0.35447508098327984
2022-03-17,AVGO,-0.10620197859768832
2022-03-17,QCOM,-0.18920365279616114
2022-03-17,INTC,-0.1504365542504682
2022-03-17,BTC-USD,-0.39391295932244863
2022-03-17,ETH-USD,-0.4150450195861962
2022-03-17,SOL-USD,-0.6463241265952837
2022-03-18,AAPL,-0.09791238928589396
2022-03-18,MSFT,-0.1225812288511462
2022-03-18,NVDA,-0.20719238429792386
2022-03-18,GOOGL,-0.09151853133474253
2022-03-18,AMZN,-0.12744647558645694
2022-03-18,META,-0.37711473199203993
2022-03-18,TSLA,-0.2638567200567341
2022-03-18,AMD,-0.2992403402000239
2022-03-18,NFLX,-0.4497534722409887
2022-03-18,CRM,-0.2941024166342747
2022-03-18,ORCL,-0.20903591461407522
2022-03-18,ADBE,-0.3414442962536577
2022-03-18,AVGO,-0.09472299233192838
2022-03-18,QCOM,-0.18304934326186106
2022-03-18,INTC,-0.14484957205287718
2022-03-18,BTC-USD,-0.38133611699713044
2022-03-18,ETH-USD,-0.38792819595430006
2022-03-18,SOL-USD,-0.6384953644921914
2022-03-21,AAPL,-0.09021074366475601
2022-03-21,MSFT,-0.12629030036402467
2022-03-21,NVDA,-0.19877068517211094
2022-03-21,GOOGL,-0.09167869986740351
2022-03-21,AMZN,-0.1261423986906719
2022-03-21,META,-0.3915006759713825
2022-03-21,TSLA,-0.25103460298973557
2022-03-21,AMD,-0.2840467201096528
2022-03-21,NFLX,-0.4584423610587949
2022-03-21,CRM,-0.3104916106005454
2022-03-21,ORCL,-0.21600815426245012
2022-03-21,ADBE,-0.3410665782132589
2022-03-21,AVGO,-0.10221831512449064
2022-03-21,QCOM,-0.17456111283267906
2022-03-21,INTC,-0.14593098039965757
2022-03-21,BTC-USD,-0.3920390044393548
2022-03-21,ETH-USD,-0.3977714201349446
2022-03-21,SOL-USD,-0.6427809792032386
2022-03-22,AAPL,-0.07128650396355596
2022-03-22,MSFT,-0.11197954705386692
2022-03-22,NVDA,-0.20506443040081745
2022-03-22,GOOGL,-0.06654138978996538
2022-03-22,AMZN,-0.10775791993047135
2022-03-22,META,-0.3766544367453274
2022-03-22,TSLA,-0.191827062541867
2022-03-22,AMD,-0.291087664855893
2022-03-22,NFLX,-0.44639939096321146
2022-03-22,CRM,-0.2960057416310191
2022-03-22,ORCL,-0.20787390082825563
2022-03-22,ADBE,-0.32238474146796114
2022-03-22,AVGO,-0.08721274669141121
2022-03-22,QCOM,-0.16384452381862658
2022-03-22,INTC,-0.12790897925719014
2022-03-22,BTC-USD,-0.37308277198708595
2022-03-22,ETH-USD,-0.38215355314046306
2022-03-22,SOL-USD,-0.6357145818063572
2022-03-23,AAPL,-0.0636399589886405
2022-03-23,MSFT,-0.12532628404688517
2022-03-23,NVDA,-0.23173827194508057
2022-03-23,GOOGL,-0.07716967193413471
2022-03-23,AMZN,-0.11577187456058424
2022-03-23,META,-0.3858326840739972
2022-03-23,TSLA,-0.18765597205338114
2022-03-23,AMD,-0.29639926136568173
2022-03-23,NFLX,-0.4585869102313791
2022-03-23,CRM,-0.31891206406738726
2022-03-23,ORCL,-0.22152789629523273
2022-03-23,ADBE,-0.3856501635802847
2022-03-23,AVGO,-0.10507011435630176
2022-03-23,QCOM,-0.1889912746796667
2022-03-23,INTC,-0.13007142812478278
2022-03-23,BTC-USD,-0.36517728859645204
2022-03-23,ETH-USD,-0.370113864266975
2022-03-23,SOL-USD,-0.6172424677795898
2022-03-24,AAPL,-0.042405096861271474
2022-03-24,MSFT,-0.11186280311449148
2022-03-24,NVDA,-0.15633260436576957
2022-03-24,GOOGL,-0.055169218363168016
2022-03-24,AMZN,-0.11446507292517905
2022-03-24,META,-0.3682529958195352
2022-03-24,TSLA,-0.1756144922057985
2022-03-24,AMD,-0.2555741087448098
2022-03-24,NFLX,-0.45682314560397896
2022-03-24,CRM,-0.30965280109197746
2022-03-24,ORCL,-0.20361315745800768
2022-03-24,ADBE,-0.3722271195523704
2022-03-24,AVGO,-0.0646820097698596
2022-03-24,QCOM,-0.15933515979707324
2022-03-24,INTC,-0.06969735647154851
2022-03-24,BTC-USD,-0.3493710624920652
2022-03-24,ETH-USD,-0.35411355782836496
2022-03-24,SOL-USD,-0.5885827072667531
2022-03-25,AAPL,-0.038829648541987116
2022-03-25,MSFT,-0.1130895395487671
2022-03-25,NVDA,-0.17005900619335435
2022-03-25,GOOGL,-0.0544953385611191
2022-03-25,AMZN,-0.10838295868576409
2022-03-25,META,-0.3617792988672881
2022-03-25,TSLA,-0.1782813281953851
2022-03-25,AMD,-0.26088570525459864
2022-03-25,NFLX,-0.45951222347732257
2022-03-25,CRM,-0.3191701785961901
2022-03-25,ORCL,-0.20855169643105864
2022-03-25,ADBE,-0.37298255563316807
2022-03-25,AVGO,-0.06103874689836586
2022-03-25,QCOM,-0.16193455333757312
2022-03-25,INTC,-0.06591279508378534
2022-03-25,BTC-USD,-0.3436316059308874
2022-03-25,ETH-USD,-0.35440254364340285
2022-03-25,SOL-USD,-0.6029330529685029
2022-03-28,AAPL,-0.033988430237518075
2022-03-28,MSFT,-0.09258691711171052
2022-03-28,NVDA,-0.15426480464243264
2022-03-28,GOOGL,-0.0559468273368825
2022-03-28,AMZN,-0.08556409004554377
2022-03-28,META,-0.3566866649475219
2022-03-28,TSLA,-0.11226027711839681
2022-03-28,AMD,-0.2573652328814787
2022-03-28,NFLX,-0.4527750518165491
2022-03-28,CRM,-0.30545875354913743
2022-03-28,ORCL,-0.19044338017404716
2022-03-28,ADBE,-0.3462672502321724
2022-03-28,AVGO,-0.055051614323600395
2022-03-28,QCOM,-0.1593884333971214
2022-03-28,INTC,-0.0716798648754523
2022-03-28,BTC-USD,-0.30249790889899053
2022-03-28,ETH-USD,-0.3066138990203604
2022-03-28,SOL-USD,-0.5715117930401519
2022-03-29,AAPL,-0.015504223267131856
2022-03-29,MSFT,-0.07883139131671157
2022-03-29,NVDA,-0.1411676108805584
2022-03-29,GOOGL,-0.048939402630999496
2022-03-29,AMZN,-0.08380811921214748
2022-03-29,META,-0.33864654847708975
2022-03-29,TSLA,-0.10597520585426556
2022-03-29,AMD,-0.23889814977644763
2022-03-29,NFLX,-0.43353236373800075
2022-03-29,CRM,-0.2860691098766207
2022-03-29,ORCL,-0.18376138895525873
2022-03-29,ADBE,-0.3225591035633707
2022-03-29,AVGO,-0.042225887088082614
2022-03-29,QCOM,-0.14548832148674706
2022-03-29,INTC,-0.05834345161267773
2022-03-29,BTC-USD,-0.2974995010726649
2022-03-29,ETH-USD,-0.29303283408530867
2022-03-29,SOL-USD,-0.5504021390919484
2022-03-30,AAPL,-0.022050729328288776
2022-03-30,MSFT,-0.08335831795480164
2022-03-30,NVDA,-0.17011898817006177
2022-03-30,GOOGL,-0.05272330711216133
2022-03-30,AMZN,-0.10011741976405586
2022-03-30,META,-0.34442973607463934
2022-03-30,TSLA,-0.11051216188422464
2022-03-30,AMD,-0.26366500818872307
2022-03-30,NFLX,-0.4484957124432185
2022-03-30,CRM,-0.3065556775865085
2022-03-30,ORCL,-0.19276732927895757
2022-03-30,ADBE,-0.3316675613086919
2022-03-30,AVGO,-0.05772427796905566
2022-03-30,QCOM,-0.18973406087462363
2022-03-30,INTC,-0.07312152197557842
2022-03-30,BTC-USD,-0.3034649491695375
2022-03-30,ETH-USD,-0.29653024229451486
2022-03-30,SOL-USD,-0.5142236226816703
2022-03-31,AAPL,-0.03943455407870944
2022-03-31,MSFT,-0.0995675016325187
2022-03-31,NVDA,-0.18222702460696016
2022-03-31,GOOGL,-0.07188400755238833
2022-03-31,AMZN,-0.11799319789395801
2022-03-31,META,-0.3602255974153614
2022-03-31,TSLA,-0.1238383024672588
2022-03-31,AMD,-0.3246865921510774
2022-03-31,NFLX,-0.4584423610587949
2022-03-31,CRM,-0.3150083389304136
2022-03-31,ORCL,-0.1988679605045569
2022-03-31,ADBE,-0.3381175845126382
2022-03-31,AVGO,-0.05982962774863665
2022-03-31,QCOM,-0.18925665778982248
2022-03-31,INTC,-0.1068229877988448
2022-03-31,BTC-USD,-0.3260202225713108
2022-03-31,ETH-USD,-0.3180417253711383
2022-03-31,SOL-USD,-0.5063273077207697
2022-04-01,AAPL,-0.04108508449538195
2022-04-01,MSFT,-0.096325498384225
2022-04-01,NVDA,-0.19943008512274785
2022-04-01,GOOGL,-0.06465627401114438
2022-04-01,AMZN,-0.11494941603463038
2022-04-01,META,-0.3530613911084166
2022-04-01,TSLA,-0.11815499255353823
2022-04-01,AMD,-0.3317892656763298
2022-04-01,NFLX,-0.4600615765136107
2022-04-01,CRM,-0.31523414524608717
2022-04-01,ORCL,-0.2058402001529318
2022-04-01,ADBE,-0.3343841165485366
2022-04-01,AVGO,-0.06386094607785486
2022-04-01,QCOM,-0.22018605648129752
2022-04-01,INTC,-0.13295503658580998
2022-04-01,BTC-USD,-0.3150241647332028
2022-04-01,ETH-USD,-0.28314846392573223
2022-04-01,SOL-USD,-0.4589589674729919
2022-04-04,AAPL,-0.018364993890007786
2022-04-04,MSFT,-0.08011640721359137
2022-04-04,NVDA,-0.1800091264443029
2022-04-04,GOOGL,-0.045829377951886574
2022-04-04,AMZN,-0.08904886688400193
2022-04-04,META,-0.32705145192234986
2022-04-04,TSLA,-0.06867165945964893
2022-04-04,AMD,-0.3173368150249545
2022-04-04,NFLX,-0.43399496521058234
2022-04-04,CRM,-0.29394112640879366
2022-04-04,ORCL,-0.18589191757384027
2022-04-04,ADBE,-0.31895637392099874
2022-04-04,AVGO,-0.05211015518226603
2022-04-04,QCOM,-0.1840045971087746
2022-04-04,INTC,-0.1133109229231718
2022-04-04,BTC-USD,-0.3099768469966193
2022-04-04,ETH-USD,-0.2682507783997309
2022-04-04,SOL-USD,-0.4670820143893728
2022-04-05,AAPL,-0.03695897302008011
2022-04-05,MSFT,-0.09206147687743815
2022-04-05,NVDA,-0.22283694660169096
2022-04-05,GOOGL,-0.06171628704257126
2022-04-05,AMZN,-0.11227091442013959
2022-04-05,META,-0.33294979089697796
2022-04-05,TSLA,-0.11273184542058046
2022-04-05,AMD,-0.3402507734003435
2022-04-05,NFLX,-0.450404081393593
2022-04-05,CRM,-0.3220414957859856
2022-04-05,ORCL,-0.1968344952294192
2022-04-05,ADBE,-0.33381758382104176
2022-04-05,AVGO,-0.08306204557855357
2022-04-05,QCOM,-0.22830289381300106
2022-04-05,INTC,-0.13259464070207683
2022-04-05,BTC-USD,-0.325763936954085
2022-04-05,ETH-USD,-0.2909953217377098
2022-04-05,SOL-USD,-0.4894205469386427
2022-04-06,AAPL,-0.05472790150819562
2022-04-06,MSFT,-0.12529723682266658
2022-04-06,NVDA,-0.2685120451845091
2022-04-06,GOOGL,-0.08869861936369705
2022-04-06,AMZN,-0.14094467052902648
2022-04-06,META,-0.3575210470389386
2022-04-06,TSLA,-0.1497263973365286
2022-04-06,AMD,-0.35970603530282996
2022-04-06,NFLX,-0.4674637515788178
2022-04-06,CRM,-0.35210995709027815
2022-04-06,ORCL,-0.2047750927770985
2022-04-06,ADBE,-0.3545186604238564
2022-04-06,AVGO,-0.10115830163251671
2022-04-06,QCOM,-0.26108939229506156
2022-04-06,INTC,-0.14322775379348118
2022-04-06,BTC-USD,-0.3605332752735313
2022-04-06,ETH-USD,-0.3408906303350886
2022-04-06,SOL-USD,-0.545680900565571
2022-04-07,AAPL,-0.05302261375150774
2022-04-07,MSFT,-0.11983580362707325
2022-04-07,NVDA,-0.27447603303887624
2022-04-07,GOOGL,-0.093100169893785
2022-04-07,AMZN,-0.14620160150286743
2022-04-07,META,-0.35852806754980115
2022-04-07,TSLA,-0.14037609488892167
2022-04-07,AMD,-0.3593972029229472
2022-04-07,NFLX,-0.476427289339573
2022-04-07,CRM,-0.3542391887387618
2022-04-07,ORCL,-0.20730258457634454
2022-04-07,ADBE,-0.3423304263230815
2022-04-07,AVGO,-0.099590481433797
2022-04-07,QCOM,-0.26140760132795404
2022-04-07,INTC,-0.142867137214167
2022-04-07,BTC-USD,-0.35613600840094195
2022-04-07,ETH-USD,-0.3280931147201642
2022-04-07,SOL-USD,-0.5218824586415304
2022-04-08,AAPL,-0.06429996517158532
2022-04-08,MSFT,-0.13268624011712138
2022-04-08,NVDA,-0.3071137476394653
2022-04-08,GOOGL,-0.11045882013567243
2022-04-08,AMZN,-0.16418835084639094
2022-04-08,META,-0.36031193878662704
2022-04-08,TSLA,-0.16620731869538674
2022-04-08,AMD,-0.3761966665705394
2022-04-08,NFLX,-0.48549202806625413
2022-04-08,CRM,-0.36388559842335944
2022-04-08,ORCL,-0.2131356442569614
2022-04-08,ADBE,-0.35305141203594104
2022-04-08,AVGO,-0.12355461010068014
2022-04-08,QCOM,-0.2748297729407537
2022-04-08,INTC,-0.15259915024844806
2022-04-08,BTC-USD,-0.3741357225728139
2022-04-08,ETH-USD,-0.33665502977883144
2022-04-08,SOL-USD,-0.5580869829020647
2022-04-11,AAPL,-0.0881751953369404
2022-04-11,MSFT,-0.16688573885823876
2022-04-11,NVDA,-0.34313823406172694
2022-04-11,GOOGL,-0.140250886838156
2022-04-11,AMZN,-0.1822535396638284
2022-04-11,META,-0.3772010290402198
2022-04-11,TSLA,-0.20650292316518448
2022-04-11,AMD,-0.39861651198659787
2022-04-11,NFLX,-0.4968844441596233
2022-04-11,CRM,-0.36943473470040544
2022-04-11,ORCL,-0.22460708766420645
2022-04-11,ADBE,-0.36888591088656086
2022-04-11,AVGO,-0.13309552987010675
2022-04-11,QCOM,-0.28188565981233904
2022-04-11,INTC,-0.16070912432775208
2022-04-11,BTC-USD,-0.4150694439787276
2022-04-11,ETH-USD,-0.3805074603088434
2022-04-11,SOL-USD,-0.6001922492921534
2022-04-12,AAPL,-0.07766796556570088
2022-04-12,MSFT,-0.17623145198285695
2022-04-12,NVDA,-0.35551593109821544
2022-04-12,GOOGL,-0.1476522562277084
2022-04-12,AMZN,-0.18406350988242426
2022-04-12,META,-0.38387617441772537
2022-04-12,TSLA,-0.19754290210800352
2022-04-12,AMD,-0.41263667270006577
2022-04-12,NFLX,-0.5025227994470401
2022-04-12,CRM,-0.37149955059476214
2022-04-12,ORCL,-0.22878748110423097
2022-04-12,ADBE,-0.3800281940803958
2022-04-12,AVGO,-0.12643643926109183
2022-04-12,QCOM,-0.27801280339203305
2022-04-12,INTC,-0.16197069383380225
2022-04-12,BTC-USD,-0.4061111834417638
2022-04-12,ETH-USD,-0.3702573932119789
2022-04-12,SOL-USD,-0.5842252101738288
2022-04-13,AAPL,-0.06259467741489744
2022-04-13,MSFT,-0.15999322108092118
2022-04-13,NVDA,-0.334566780890718
2022-04-13,GOOGL,-0.13310652728920203
2022-04-13,AMZN,-0.1583415550287176
2022-04-13,META,-0.3814306481551003
2022-04-13,TSLA,-0.16874403607531008
2022-04-13,AMD,-0.3963313220118041
2022-04-13,NFLX,-0.4933713091566524
2022-04-13,CRM,-0.3685636671467415
2022-04-13,ORCL,-0.22470430794110774
2022-04-13,ADBE,-0.37290989367680494
2022-04-13,AVGO,-0.11528293074908091
2022-04-13,QCOM,-0.25461682896013793
2022-04-13,INTC,-0.15277938497291144
2022-04-13,BTC-USD,-0.3907257213171127
2022-04-13,ETH-USD,-0.35197680807658527
2022-04-13,SOL-USD,-0.5774011433014126
2022-04-14,AAPL,-0.09070587704179223
2022-04-14,MSFT,-0.1827445982107465
2022-04-14,NVDA,-0.3628887205184279
2022-04-14,GOOGL,-0.1542227128026059
2022-04-14,AMZN,-0.17909069493988616
2022-04-14,META,-0.39526991119337884
2022-04-14,TSLA,-0.19912836908009646
2022-04-14,AMD,-0.42523627043575984
2022-04-14,NFLX,-0.5068166433729802
2022-04-14,CRM,-0.38892115250821124
2022-04-14,ORCL,-0.22762083778141617
2022-04-14,ADBE,-0.38922381070686995
2022-04-14,AVGO,-0.14318884065745274
2022-04-14,QCOM,-0.27366249911919494
2022-04-14,INTC,-0.17692914605155363
2022-04-14,BTC-USD,-0.4089479004235853
2022-04-14,ETH-USD,-0.3724325492597529
2022-04-14,SOL-USD,-0.5946836822080204
2022-04-18,AAPL,-0.09191603142144389
2022-04-18,MSFT,-0.18072914638256143
2022-04-18,NVDA,-0.3471542713481308
2022-04-18,GOOGL,-0.14790582213644254
2022-04-18,AMZN,-0.17325471551282623
2022-04-18,META,-0.3935723813278186
2022-04-18,TSLA,-0.1834443125475802
2022-04-18,AMD,-0.42010995450541866
2022-04-18,NFLX,-0.5115441899670631
2022-04-18,CRM,-0.39666403652393334
2022-04-18,ORCL,-0.23957838257316744
2022-04-18,ADBE,-0.38191669561618313
2022-04-18,AVGO,-0.12430124378560103
2022-04-18,QCOM,-0.26087701417856723
2022-04-18,INTC,-0.15944755482170192
2022-04-18,BTC-USD,-0.39576540772018076
2022-04-18,ETH-USD,-0.3645986795742938
2022-04-18,SOL-USD,-0.5888449658842715
2022-04-19,AAPL,-0.07909835087713879
2022-04-19,MSFT,-0.16676899491886343
2022-04-19,NVDA,-0.33471636273885164
2022-04-19,GOOGL,-0.13233919870911148
2022-04-19,AMZN,-0.1444105393258781
2022-04-19,META,-0.3747555471006807
2022-04-19,TSLA,-0.16404450622183575
2022-04-19,AMD,-0.40133408614171007
2022-04-19,NFLX,-0.49600253427072805
2022-04-19,CRM,-0.3825332067225967
2022-04-19,ORCL,-0.22655133626877377
2022-04-19,ADBE,-0.36603861732498666
2022-04-19,AVGO,-0.10769807086878902
2022-04-19,QCOM,-0.25169895778035856
2022-04-19,INTC,-0.13619911449576394
2022-04-19,BTC-USD,-0.3857525778297737
2022-04-19,ETH-USD,-0.3549355641793559
2022-04-19,SOL-USD,-0.5629924564951919
2022-04-20,AAPL,-0.08003325950533347
2022-04-20,MSFT,-0.16367296784833052
2022-04-20,NVDA,-0.3561752736498315
2022-04-20,GOOGL,-0.14547990625103446
2022-04-20,AMZN,-0.1666909829035801
2022-04-20,META,-0.4233513784435381
2022-04-20,TSLA,-0.20547031140703265
2022-04-20,AMD,-0.4193070562874107
2022-04-20,NFLX,-0.6729893463785331
2022-04-20,CRM,-0.39918051521767006
2022-04-20,ORCL,-0.21945464838862694
2022-04-20,ADBE,-0.37808157184613855
2022-04-20,AVGO,-0.10754865815654924
2022-04-20,QCOM,-0.25546580421334175
2022-04-20,INTC,-0.13295503658580998
2022-04-20,BTC-USD,-0.3876524908094463
2022-04-20,ETH-USD,-0.3604135602129038
2022-04-20,SOL-USD,-0.5754087024662013
2022-04-21,AAPL,-0.08448954572521117
2022-04-21,MSFT,-0.17988224403313124
2022-04-21,NVDA,-0.39510702047423063
2022-04-21,GOOGL,-0.16700648507790583
2022-04-21,AMZN,-0.1975454389551401
2022-04-21,META,-0.4588848417971664
2022-04-21,TSLA,-0.1797936220591836
2022-04-21,AMD,-0.44506209349714176
2022-04-21,NFLX,-0.684511834667072
2022-04-21,CRM,-0.42821651840675157
2022-04-21,ORCL,-0.22732909848398364
2022-04-21,ADBE,-0.3935238113984665
2022-04-21,AVGO,-0.1149994580488346
2022-04-21,QCOM,-0.2779067038692481
2022-04-21,INTC,-0.14394847199575378
2022-04-21,BTC-USD,-0.40018845924995095
2022-04-21,ETH-USD,-0.3791715604675928
2022-04-21,SOL-USD,-0.5903839735143668
2022-04-22,AAPL,-0.10996003400791288
2022-04-22,MSFT,-0.19968338525601748
2022-04-22,NVDA,-0.4151271675305219
2022-04-22,GOOGL,-0.20157040208881138
2022-04-22,AMZN,-0.21889790227250727
2022-04-22,META,-0.47027853424973387
2022-04-22,TSLA,-0.1828263980288073
2022-04-22,AMD,-0.45562351061650186
2022-04-22,NFLX,-0.6884153241315275
2022-04-22,CRM,-0.44692859262814877
2022-04-22,ORCL,-0.2591185596961142
2022-04-22,ADBE,-0.4063221576673127
2022-04-22,AVGO,-0.12362928575135157
2022-04-22,QCOM,-0.295414065251117
2022-04-22,INTC,-0.16124968137075502
2022-04-22,BTC-USD,-0.41183682266422805
2022-04-22,ETH-USD,-0.3838774225265863
2022-04-22,SOL-USD,-0.5950690405559722
2022-04-25,AAPL,-0.10396367614346291
2022-04-25,MSFT,-0.18014514916443436
2022-04-25,NVDA,-0.40352860480200203
2022-04-25,GOOGL,-0.17862225043162228
2022-04-25,AMZN,-0.20956905435599593
2022-04-25,META,-0.46199224470101974
2022-04-25,TSLA,-0.1885422375949436
2022-04-25,AMD,-0.43987400166658286
2022-04-25,NFLX,-0.6965259059582165
2022-04-25,CRM,-0.43679821193104185
2022-04-25,ORCL,-0.2516330691750912
2022-04-25,ADBE,-0.39865186579412015
2022-04-25,AVGO,-0.1222407853716787
2022-04-25,QCOM,-0.2755192855356625
2022-04-25,INTC,-0.15187828491578803
2022-04-25,BTC-USD,-0.4012104798096884
2022-04-25,ETH-USD,-0.37461785228136946
2022-04-25,SOL-USD,-0.5925110287716833
2022-04-26,AAPL,-0.1374111416253111
2022-04-26,MSFT,-0.2108108773159033
2022-04-26,NVDA,-0.4369157210177994
2022-04-26,GOOGL,-0.20814743811562852
2022-04-26,AMZN,-0.24573188116271094
2022-04-26,META,-0.4793704402071377
2022-04-26,TSLA,-0.2874112403869108
2022-04-26,AMD,-0.47402877070010996
2022-04-26,NFLX,-0.7131662953023228
2022-04-26,CRM,-0.4512840809005684
2022-04-26,ORCL,-0.2756453790354949
2022-04-26,ADBE,-0.4201955373588855
2022-04-26,AVGO,-0.1637637019225603
2022-04-26,QCOM,-0.29175336310864963
2022-04-26,INTC,-0.17963229909253642
2022-04-26,BTC-USD,-0.4358554042675804
2022-04-26,ETH-USD,-0.4164074537640453
2022-04-26,SOL-USD,-0.6145078359779765
2022-04-27,AAPL,-0.1386763108246335
2022-04-27,MSFT,-0.1728436575709693
2022-04-27,NVDA,-0.4480945821064294
2022-04-27,GOOGL,-0.23721535389124204
2022-04-27,AMZN,-0.2523551452042644
2022-04-27,META,-0.4966337059516065
2022-04-27,TSLA,-0.28327275398940455
2022-04-27,AMD,-0.4755728383571135
2022-04-27,NFLX,-0.7274212372460587
2022-04-27,CRM,-0.4364433734349832
2022-04-27,ORCL,-0.27321510751315015
2022-04-27,ADBE,-0.4219678418308366
2022-04-27,AVGO,-0.16455504274044896
2022-04-27,QCOM,-0.2832649088408121
2022-04-27,INTC,-0.18503904656566406
2022-04-27,BTC-USD,-0.4192250519566624
2022-04-27,ETH-USD,-0.3996514514485059
2022-04-27,SOL-USD,-0.6040568868756773
2022-04-28,AAPL,-0.09978254984849044
2022-04-28,MSFT,-0.15412299908334726
2022-04-28,NVDA,-0.40712511264557816
2022-04-28,GOOGL,-0.20899839769784978
2022-04-28,AMZN,-0.21756410094450218
2022-04-28,META,-0.40807360965349726
2022-04-28,TSLA,-0.2865250492839122
2022-04-28,AMD,-0.44635910467448014
2022-04-28,NFLX,-0.711547079847507
2022-04-28,CRM,-0.4007613099314845
2022-04-28,ORCL,-0.25979925856788033
2022-04-28,ADBE,-0.40362014368536125
2022-04-28,AVGO,-0.13558905792920617
2022-04-28,QCOM,-0.2138199060432766
2022-04-28,INTC,-0.15584322815840201
2022-04-28,BTC-USD,-0.411340901611992
2022-04-28,ETH-USD,-0.3896742364782695
2022-04-28,SOL-USD,-0.6048342053281395
2022-04-29,AAPL,-0.13273505360640592
2022-04-29,MSFT,-0.18949086228905265
2022-04-29,NVDA,-0.44413846939771207
2022-04-29,GOOGL,-0.23845008056744488
2022-04-29,AMZN,-0.32749194571096685
2022-04-29,META,-0.4232075943529906
2022-04-29,TSLA,-0.29201325572170156
2022-04-29,AMD,-0.4718053566255336
2022-04-29,NFLX,-0.7247900121319828
2022-04-29,CRM,-0.4323782075684297
2022-04-29,ORCL,-0.28643635897116004
2022-04-29,ADBE,-0.42480059413451754
2022-04-29,AVGO,-0.1722444853782189
2022-04-29,QCOM,-0.2589141730070458
2022-04-29,INTC,-0.2144151732625832
2022-04-29,BTC-USD,-0.428568347957358
2022-04-29,ETH-USD,-0.4148897201515349
2022-04-29,SOL-USD,-0.6216347545942853
2022-05-02,AAPL,-0.13102950837006277
2022-05-02,MSFT,-0.16919314304194555
2022-05-02,NVDA,-0.4145877315333001
2022-05-02,GOOGL,-0.22194233850581058
2022-05-02,AMZN,-0.32630961513548284
2022-05-02,META,-0.3925365064880576
2022-05-02,TSLA,-0.2658486960261791
2022-05-02,AMD,-0.4451238693973594
2022-05-02,NFLX,-0.7116338314112136
2022-05-02,CRM,-0.42711959436938085
2022-05-02,ORCL,-0.2806035346907294
2022-05-02,ADBE,-0.40832690060003973
2022-05-02,AVGO,-0.13945622493092047
2022-05-02,QCOM,-0.22931106311811367
2022-05-02,INTC,-0.18972470801055075
2022-05-02,BTC-USD,-0.4297597031827517
2022-05-02,ETH-USD,-0.406201475268527
2022-05-02,SOL-USD,-0.647514745714155
2022-05-03,AAPL,-0.12266777073942836
2022-05-03,MSFT,-0.17704939961515198
2022-05-03,NVDA,-0.41251981701192175
2022-05-03,GOOGL,-0.21693023539839718
2022-05-03,AMZN,-0.32764345774742154
2022-05-03,META,-0.3899471518117994
2022-05-03,TSLA,-0.2607182413264
2022-05-03,AMD,-0.43715647463267615
2022-05-03,NFLX,-0.7110410750178771
2022-05-03,CRM,-0.42457080746251497
2022-05-03,ORCL,-0.287505703550345
2022-05-03,ADBE,-0.40790564745216773
2022-05-03,AVGO,-0.13225935909745634
2022-05-03,QCOM,-0.23466940239287104
2022-05-03,INTC,-0.18792250789630394
2022-05-03,BTC-USD,-0.4412871793365689
2022-05-03,ETH-USD,-0.42156571865181214
2022-05-03,SOL-USD,-0.6545122084902274
2022-05-04,AAPL,-0.08669013851203877
2022-05-04,MSFT,-0.1531008883177707
2022-05-04,NVDA,-0.39058150947944803
2022-05-04,GOOGL,-0.18404808798043104
2022-05-04,AMZN,-0.3185797765366728
2022-05-04,META,-0.3572045358827738
2022-05-04,TSLA,-0.22545550259913416
2022-05-04,AMD,-0.38595518547189145
2022-05-04,NFLX,-0.7050557410508289
2022-05-04,CRM,-0.4016001696080853
2022-05-04,ORCL,-0.2688404304527806
2022-05-04,ADBE,-0.38499642763853337
2022-05-04,AVGO,-0.09867975783226901
2022-05-04,QCOM,-0.20925744749259967
2022-05-04,INTC,-0.16124968137075502
2022-05-04,BTC-USD,-0.41245767789621246
2022-05-04,ETH-USD,-0.3889045377774373
2022-05-04,SOL-USD,-0.6266273406681407
2022-05-05,AAPL,-0.13757592860466794
2022-05-05,MSFT,-0.18998744031327353
2022-05-05,NVDA,-0.4352373736504054
2022-05-05,GOOGL,-0.2224594423050945
2022-05-05,AMZN,-0.37010220828586726
2022-05-05,META,-0.40073663195784914
2022-05-05,TSLA,-0.28996433425088786
2022-05-05,AMD,-0.4202334591846485
2022-05-05,NFLX,-0.727739289546056
2022-05-05,CRM,-0.4441217915285457
2022-05-05,ORCL,-0.29226926171831946
2022-05-05,ADBE,-0.41817625316826523
2022-05-05,AVGO,-0.1340212991413835
2022-05-05,QCOM,-0.2485688875550095
2022-05-05,INTC,-0.18985911161936486
2022-05-05,BTC-USD,-0.4586819947010795
2022-05-05,ETH-USD,-0.4286859516669195
2022-05-05,SOL-USD,-0.659528376652627
2022-05-06,AAPL,-0.13349908157006973
2022-05-06,MSFT,-0.1976390712177808
2022-05-06,NVDA,-0.44030243544045133
2022-05-06,GOOGL,-0.2275249006554162
2022-05-06,AMZN,-0.37894675437686076
2022-05-06,META,-0.41371274722198415
2022-05-06,TSLA,-0.29616804416469766
2022-05-06,AMD,-0.41115438094327983
2022-05-06,NFLX,-0.7383654461186755
2022-05-06,CRM,-0.4525099869502913
2022-05-06,ORCL,-0.29528309030225786
2022-05-06,ADBE,-0.431976970903475
2022-05-06,AVGO,-0.13385708640298255
2022-05-06,QCOM,-0.25419256517219135
2022-05-06,INTC,-0.19530845333962066
2022-05-06,BTC-USD,-0.4665885187281018
2022-05-06,ETH-USD,-0.4399561955139214
2022-05-06,SOL-USD,-0.6709259255278872
2022-05-09,AAPL,-0.16225767087680232
2022-05-09,MSFT,-0.22728278111075662
2022-05-09,NVDA,-0.49200138905630275
2022-05-09,GOOGL,-0.2491181478349388
2022-05-09,AMZN,-0.41132446372789466
2022-05-09,META,-0.43546439025661565
2022-05-09,TSLA,-0.36002635720669884
2022-05-09,AMD,-0.4666172647949747
2022-05-09,NFLX,-0.7497433852346302
2022-05-09,CRM,-0.47218990286064144
2022-05-09,ORCL,-0.3045183888740457
2022-05-09,ADBE,-0.4524601503034069
2022-05-09,AVGO,-0.15950829523043053
2022-05-09,QCOM,-0.2842199836168011
2022-05-09,INTC,-0.21765086474046014
2022-05-09,BTC-USD,-0.5516001865745419
2022-05-09,ETH-USD,-0.5333770498789719
2022-05-09,SOL-USD,-0.7453601166085149
2022-05-10,AAPL,-0.1487597290833398
2022-05-10,MSFT,-0.21291337830966062
2022-05-10,NVDA,-0.4726703172443878
2022-05-10,GOOGL,-0.23654466101121663
2022-05-10,AMZN,-0.410945683636758
2022-05-10,META,-0.43132128980534457
2022-05-10,TSLA,-0.34951339882984067
2022-05-10,AMD,-0.4519794864429465
2022-05-10,NFLX,-0.7431508178968311
2022-05-10,CRM,-0.4607367918104901
2022-05-10,ORCL,-0.2948942091946529
2022-05-10,ADBE,-0.4290425184607476
2022-05-10,AVGO,-0.13193099503155137
2022-05-10,QCOM,-0.27419313103631293
2022-05-10,INTC,-0.2005761625967336
2022-05-10,BTC-USD,-0.5408559627424423
2022-05-10,ETH-USD,-0.5129949249910326
2022-05-10,SOL-USD,-0.7312878430341796
2022-05-11,AAPL,-0.1928893388488908
2022-05-11,MSFT,-0.2390525035978317
2022-05-11,NVDA,-0.5015918470430895
2022-05-11,GOOGL,-0.24183371792285868
2022-05-11,AMZN,-0.42981442293854255
2022-05-11,META,-0.45695709782362126
2022-05-11,TSLA,-0.4032083542102489
2022-05-11,AMD,-0.45698229769405785
2022-05-11,NFLX,-0.759473182516135
2022-05-11,CRM,-0.47970698056068994
2022-05-11,ORCL,-0.3094764660625514
2022-05-11,ADBE,-0.4489446238752913
2022-05-11,AVGO,-0.15325236715978596
2022-05-11,QCOM,-0.29811978215305757
2022-05-11,INTC,-0.22201033811666482
2022-05-11,BTC-USD,-0.5717372522620545
2022-05-11,ETH-USD,-0.5693950526399636
2022-05-11,SOL-USD,-0.7979175756876037
2022-05-12,AAPL,-0.21459590370466874
2022-05-12,MSFT,-0.2542392989887218
2022-05-12,NVDA,-0.5152285342012065
2022-05-12,GOOGL,-0.2468957837432847
2022-05-12,AMZN,-0.42138114739445953
2022-05-12,META,-0.44976412583395
2022-05-12,TSLA,-0.40808675993272836
2022-05-12,AMD,-0.4622938942038467
2022-05-12,NFLX,-0.7479940424342544
2022-05-12,CRM,-0.4824493157381333
2022-05-12,ORCL,-0.3123929174361312
2022-05-12,ADBE,-0.4356378212443167
2022-05-12,AVGO,-0.14659303090718323
2022-05-12,QCOM,-0.30093137473912723
2022-05-12,INTC,-0.22182885278390918
2022-05-12,BTC-USD,-0.5700885662504969
2022-05-12,ETH-USD,-0.5923387557070386
2022-05-12,SOL-USD,-0.8201630081164759
2022-05-13,AAPL,-0.1895287143886326
2022-05-13,MSFT,-0.23738774612319002
2022-05-13,NVDA,-0.4693435847984433
2022-05-13,GOOGL,-0.22549606497373254
2022-05-13,AMZN,-0.38824042838191186
2022-05-13,META,-0.428530398057656
2022-05-13,TSLA,-0.3742712929837113
2022-05-13,AMD,-0.41251312089963044
2022-05-13,NFLX,-0.7287224004008772
2022-05-13,CRM,-0.46151113539689836
2022-05-13,ORCL,-0.3081155391193915
2022-05-13,ADBE,-0.4109998763993078
2022-05-13,AVGO,-0.12170331720171423
2022-05-13,QCOM,-0.2841669786231398
2022-05-13,INTC,-0.2080236085419489
2022-05-13,BTC-USD,-0.5666053250057755
2022-05-13,ETH-USD,-0.5813837022350232
2022-05-13,SOL-USD,-0.8044266773604888
2022-05-16,AAPL,-0.1981784001003828
2022-05-16,MSFT,-0.2362777998818314
2022-05-16,NVDA,-0.4825905900045345
2022-05-16,GOOGL,-0.23621106223811983
2022-05-16,AMZN,-0.40038579010306885
2022-05-16,META,-0.4244448289718382
2022-05-16,TSLA,-0.4110382117713125
2022-05-16,AMD,-0.41794826920985473
2022-05-16,NFLX,-0.7303560928331075
2022-05-16,CRM,-0.4705122838435054
2022-05-16,ORCL,-0.3223088364129564
2022-05-16,ADBE,-0.41476242687919607
2022-05-16,AVGO,-0.13001976509717805
2022-05-16,QCOM,-0.28957818858836515
2022-05-16,INTC,-0.21746915871212358
2022-05-16,BTC-USD,-0.5580239771874003
2022-05-16,ETH-USD,-0.5796572707380047
2022-05-16,SOL-USD,-0.784090350104968
2022-05-17,AAPL,-0.17779356414152936
2022-05-17,MSFT,-0.22074058765864846
2022-05-17,NVDA,-0.4552275010188326
2022-05-17,GOOGL,-0.2226764100125277
2022-05-17,AMZN,-0.3757216947649248
2022-05-17,META,-0.4170214655818385
2022-05-17,TSLA,-0.38075958152723666
2022-05-17,AMD,-0.36711754120796525
2022-05-17,NFLX,-0.7245008586364243
2022-05-17,CRM,-0.4717704981063574
2022-05-17,ORCL,-0.30121321332631856
2022-05-17,ADBE,-0.4048985330530772
2022-05-17,AVGO,-0.09197589867938938
2022-05-17,QCOM,-0.2589141730070458
2022-05-17,INTC,-0.19349205514299783
2022-05-17,BTC-USD,-0.5496923821022566
2022-05-17,ETH-USD,-0.5655920175786175
2022-05-17,SOL-USD,-0.7700878402092419
2022-05-18,AAPL,-0.22418212874909693
2022-05-18,MSFT,-0.25621996815351145
2022-05-18,NVDA,-0.49236093652242297
2022-05-18,GOOGL,-0.25319925849576874
2022-05-18,AMZN,-0.4203962778735705
2022-05-18,META,-0.4468868927149956
2022-05-18,TSLA,-0.42287647433950104
2022-05-18,AMD,-0.40534867147416054
2022-05-18,NFLX,-0.7438303258538742
2022-05-18,CRM,-0.4924183560417261
2022-05-18,ORCL,-0.3360164246556586
2022-05-18,ADBE,-0.42199688001351987
2022-05-18,AVGO,-0.14808617545523128
2022-05-18,QCOM,-0.3079343013847824
2022-05-18,INTC,-0.2307293584342679
2022-05-18,BTC-USD,-0.5749353302297702
2022-05-18,ETH-USD,-0.601699643486074
2022-05-18,SOL-USD,-0.7997473523117969
2022-05-19,AAPL,-0.24329939236517895
2022-05-19,MSFT,-0.25897177636634583
2022-05-19,NVDA,-0.48678645842301926
2022-05-19,GOOGL,-0.2633135209587414
2022-05-19,AMZN,-0.41927888692570037
2022-05-19,META,-0.4496202087741449
2022-05-19,TSLA,-0.4231935826216324
2022-05-19,AMD,-0.4029399296989312
2022-05-19,NFLX,-0.7347366607475592
2022-05-19,CRM,-0.49799970019583595
2022-05-19,ORCL,-0.34826555181138497
2022-05-19,ADBE,-0.4270813549685971
2022-05-19,AVGO,-0.18445794597130694
2022-05-19,QCOM,-0.30729774901580387
2022-05-19,INTC,-0.2369053771374825
2022-05-19,BTC-USD,-0.5513429470406267
2022-05-19,ETH-USD,-0.5805695090538912
2022-05-19,SOL-USD,-0.7898556334016948
2022-05-20,AAPL,-0.2419769768558404
2022-05-20,MSFT,-0.26066960512333825
2022-05-20,NVDA,-0.49967380136494877
2022-05-20,GOOGL,-0.27316403992329186
2022-05-20,AMZN,-0.4178070321236067
2022-05-20,META,-0.44314655614498366
2022-05-20,TSLA,-0.46020439936378843
2022-05-20,AMD,-0.42251869628064787
2022-05-20,NFLX,-0.7305873935693983
2022-05-20,CRM,-0.4849334862187411
2022-05-20,ORCL,-0.33280823398464654
2022-05-20,ADBE,-0.420239116799462
2022-05-20,AVGO,-0.1889669796677732
2022-05-20,QCOM,-0.3018333549859926
2022-05-20,INTC,-0.24344466076698335
2022-05-20,BTC-USD,-0.5678243149085963
2022-05-20,ETH-USD,-0.5924189421678299
2022-05-20,SOL-USD,-0.8006235282304929
2022-05-23,AAPL,-0.21156588312174518
2022-05-23,MSFT,-0.23698765298705837
2022-05-23,NVDA,-0.49355982986930247
2022-05-23,GOOGL,-0.2559455628484668
2022-05-23,AMZN,-0.4179910346158354
2022-05-23,META,-0.435406903214248
2022-05-23,TSLA,-0.45126068035209743
2022-05-23,AMD,-0.41282195327951343
2022-05-23,NFLX,-0.7290115538964358
2022-05-23,CRM,-0.4827719463571286
2022-05-23,ORCL,-0.31910072420867297
2022-05-23,ADBE,-0.4090968336056272
2022-05-23,AVGO,-0.21409570458410854
2022-05-23,QCOM,-0.29907458832265954
2022-05-23,INTC,-0.23708693603543196
2022-05-23,BTC-USD,-0.56933141655819
2022-05-23,ETH-USD,-0.5901608346088925
2022-05-23,SOL-USD,-0.8025620496028353
2022-05-24,AAPL,-0.2267164151691221
2022-05-24,MSFT,-0.24000255134536275
2022-05-24,NVDA,-0.5158578570649585
2022-05-24,GOOGL,-0.29277178328025566
2022-05-24,AMZN,-0.4366974454905519
2022-05-24,META,-0.4784210397079002
2022-05-24,TSLA,-0.48926342817724444
2022-05-24,AMD,-0.4369711469320231
2022-05-24,NFLX,-0.7392762548120093
2022-05-24,CRM,-0.4937088785177072
2022-05-24,ORCL,-0.3289197367755119
2022-05-24,ADBE,-0.4212269470079323
2022-05-24,AVGO,-0.2173208206583801
2022-05-24,QCOM,-0.31812039278491
2022-05-24,INTC,-0.24308132227550394
2022-05-24,BTC-USD,-0.5610925248313186
2022-05-24,ETH-USD,-0.5887475387246573
2022-05-24,SOL-USD,-0.800161389918473
2022-05-25,AAPL,-0.22583489065611484
2022-05-25,MSFT,-0.23151336130685873
2022-05-25,NVDA,-0.49125210223913585
2022-05-25,GOOGL,-0.29387301904525165
2022-05-25,AMZN,-0.42222255524595365
2022-05-25,META,-0.47108419498150966
2022-05-25,TSLA,-0.4643510367840398
2022-05-25,AMD,-0.4277685168902191
2022-05-25,NFLX,-0.728447696307538
2022-05-25,CRM,-0.4849334862187411
2022-05-25,ORCL,-0.32114227155687025
2022-05-25,ADBE,-0.4152853801661144
2022-05-25,AVGO,-0.20622718777087967
2022-05-25,QCOM,-0.3037961513897828
2022-05-25,INTC,-0.2334541396421863
2022-05-25,BTC-USD,-0.5624722641495907
2022-05-25,ETH-USD,-0.5958452708252686
2022-05-25,SOL-USD,-0.8068862615603666
2022-05-26,AAPL,-0.20787482643725574
2022-05-26,MSFT,-0.22161884990938474
2022-05-26,NVDA,-0.46499796233476254
2022-05-26,GOOGL,-0.28060884397590524
2022-05-26,AMZN,-0.3989410175614424
2022-05-26,META,-0.44864190962292316
2022-05-26,TSLA,-0.42456764407230474
2022-05-26,AMD,-0.390093275483572
2022-05-26,NFLX,-0.7232864470453123
2022-05-26,CRM,-0.4758678216819415
2022-05-26,ORCL,-0.30335182401795957
2022-05-26,ADBE,-0.40642385780635903
2022-05-26,AVGO,-0.17781353256665922
2022-05-26,QCOM,-0.2846445160111343
2022-05-26,INTC,-0.21020341879524485
2022-05-26,BTC-USD,-0.5668403353901704
2022-05-26,ETH-USD,-0.625128727046911
2022-05-26,SOL-USD,-0.8249619477822551
2022-05-27,AAPL,-0.17559013907849408
2022-05-27,MSFT,-0.20013232213223642
2022-05-27,NVDA,-0.43622635877831917
2022-05-27,GOOGL,-0.25041630453980124
2022-05-27,AMZN,-0.37692297466594904
2022-05-27,META,-0.43857174883738326
2022-05-27,TSLA,-0.38236942712900057
2022-05-27,AMD,-0.36841455238530363
2022-05-27,NFLX,-0.7178071179078942
2022-05-27,CRM,-0.4673505439117781
2022-05-27,ORCL,-0.2924638592055794
2022-05-27,ADBE,-0.37792175100862246
2022-05-27,AVGO,-0.12910898008475313
2022-05-27,QCOM,-0.25854291421276077
2022-05-27,INTC,-0.19076734750027313
2022-05-27,BTC-USD,-0.5763072647751288
2022-05-27,ETH-USD,-0.641543740306469
2022-05-27,SOL-USD,-0.8350633415512408
2022-05-31,AAPL,-0.17999767581697868
2022-05-31,MSFT,-0.20414250420190305
2022-05-31,NVDA,-0.4403923797060023
2022-05-31,GOOGL,-0.24076918316310025
2022-05-31,AMZN,-0.3495262131923802
2022-05-31,META,-0.44285876634845933
2022-05-31,TSLA,-0.3834833630181921
2022-05-31,AMD,-0.37088507006075055
2022-05-31,NFLX,-0.714554210020848
2022-05-31,CRM,-0.48303006088593137
2022-05-31,ORCL,-0.3008243322187135
2022-05-31,ADBE,-0.3949765185284886
2022-05-31,AVGO,-0.13381207221553015
2022-05-31,QCOM,-0.24018648804222564
2022-05-31,INTC,-0.19312864308632471
2022-05-31,BTC-USD,-0.5294686545288381
2022-05-31,ETH-USD,-0.5963647705185764
2022-05-31,SOL-USD,-0.8157992470312823
2022-06-01,AAPL,-0.18071381256476682
2022-06-01,MSFT,-0.20253269593485945
2022-06-01,NVDA,-0.45094186053185936
2022-06-01,GOOGL,-0.23990167214714453
2022-06-01,AMZN,-0.34154747375766126
2022-06-01,META,-0.4572448432970596
2022-06-01,TSLA,-0.39802914225112784
2022-06-01,AMD,-0.3748378794929834
2022-06-01,NFLX,-0.7211033740015986
2022-06-01,CRM,-0.4319588529821785
2022-06-01,ORCL,-0.3039353026128244
2022-06-01,ADBE,-0.3925359811899962
2022-06-01,AVGO,-0.1435321275713125
2022-06-01,QCOM,-0.2532528009602498
2022-06-01,INTC,-0.19875969083491718
2022-06-01,BTC-USD,-0.5589687883084271
2022-06-01,ETH-USD,-0.6210440119916937
2022-06-01,SOL-USD,-0.837927613428157
2022-06-02,AAPL,-0.1669406250198474
2022-06-02,MSFT,-0.1962095592564762
2022-06-02,NVDA,-0.41281949729937606
2022-06-02,GOOGL,-0.2150047690746022
2022-06-02,AMZN,-0.32083891595325975
2022-06-02,META,-0.42783984437987266
2022-06-02,TSLA,-0.3698725693668784
2022-06-02,AMD,-0.32931879512208817
2022-06-02,NFLX,-0.7034943232048907
2022-06-02,CRM,-0.39217961640719423
2022-06-02,ORCL,-0.2889640861705922
2022-06-02,ADBE,-0.3589493994371824
2022-06-02,AVGO,-0.1388738039844004
2022-06-02,QCOM,-0.22029412578425234
2022-06-02,INTC,-0.18549949111277286
2022-06-02,BTC-USD,-0.5490762386405866
2022-06-02,ETH-USD,-0.6188451373925625
2022-06-02,SOL-USD,-0.8354255630453934
2022-06-03,AAPL,-0.19905975296028655
2022-06-03,MSFT,-0.209558053884081
2022-06-03,NVDA,-0.4389536732503343
2022-06-03,GOOGL,-0.23557023390157183
2022-06-03,AMZN,-0.3379436340545885
2022-06-03,META,-0.45108770182406344
2022-06-03,TSLA,-0.42796628558340144
2022-06-03,AMD,-0.34346241339358075
2022-06-03,NFLX,-0.712327761195281
2022-06-03,CRM,-0.4034390788507025
2022-06-03,ORCL,-0.30208811735170094
2022-06-03,ADBE,-0.37568456961511953
2022-06-03,AVGO,-0.15891119707954338
2022-06-03,QCOM,-0.24685320902707275
2022-06-03,INTC,-0.2118381109635311
2022-06-03,BTC-USD,-0.5603702075514589
2022-06-03,ETH-USD,-0.6311208702450646
2022-06-03,SOL-USD,-0.8460190179718237
2022-06-06,AAPL,-0.1948727904597951
2022-06-06,MSFT,-0.21327591356989184
2022-06-06,NVDA,-0.43697570299450694
2022-06-06,GOOGL,-0.22035715321096783
2022-06-06,AMZN,-0.3247403715339352
2022-06-06,META,-0.4411037494405319
2022-06-06,TSLA,-0.41878674520133663
2022-06-06,AMD,-0.3474769987260311
2022-06-06,NFLX,-0.7149879126889908
2022-06-06,CRM,-0.4100207234109928
2022-06-06,ORCL,-0.2906166739444559
2022-06-06,ADBE,-0.3761204083539881
2022-06-06,AVGO,-0.16203166898543975
2022-06-06,QCOM,-0.2510128923007471
2022-06-06,INTC,-0.2127464939748267
2022-06-06,BTC-USD,-0.535708975165097
2022-06-06,ETH-USD,-0.6136209679096879
2022-06-06,SOL-USD,-0.8292203724680345
2022-06-07,AAPL,-0.18071381256476682
2022-06-07,MSFT,-0.20229846799944085
2022-06-07,NVDA,-0.43277989197504285
2022-06-07,GOOGL,-0.2181615695447039
2022-06-07,AMZN,-0.33442636676035653
2022-06-07,META,-0.4370756673970816
2022-06-07,TSLA,-0.417306943770672
2022-06-07,AMD,-0.34976223582203037
2022-06-07,NFLX,-0.7128626924045448
2022-06-07,CRM,-0.39621232355652025
2022-06-07,ORCL,-0.2933386847642331
2022-06-07,ADBE,-0.37036765619926626
2022-06-07,AVGO,-0.1444728811014413
2022-06-07,QCOM,-0.24328011733443256
2022-06-07,INTC,-0.20929518291433669
2022-06-07,BTC-USD,-0.5388938717385588
2022-06-07,ETH-USD,-0.6230225704212669
2022-06-07,SOL-USD,-0.8412765310010811
2022-06-08,AAPL,-0.18484550276593226
2022-06-08,MSFT,-0.2084164239666242
2022-06-08,NVDA,-0.44099340485251326
2022-06-08,GOOGL,-0.21786462037487664
2022-06-08,AMZN,-0.34427469041384595
2022-06-08,META,-0.43422724428393966
2022-06-08,TSLA,-0.4100381296655765
2022-06-08,AMD,-0.3706380135810853
2022-06-08,NFLX,-0.7067616804941563
2022-06-08,CRM,-0.389630929836394
2022-06-08,ORCL,-0.306074070237923
2022-06-08,ADBE,-0.37702107968130527
2022-06-08,AVGO,-0.15586515518073074
2022-06-08,QCOM,-0.25890598051224845
2022-06-08,INTC,-0.2510738127405351
2022-06-08,BTC-USD,-0.5528226452653241
2022-06-08,ETH-USD,-0.627277703902171
2022-06-08,SOL-USD,-0.8436680096379505
2022-06-09,AAPL,-0.21415527018799274
2022-06-09,MSFT,-0.2248678836960244
2022-06-09,NVDA,-0.4589795602087028
2022-06-09,GOOGL,-0.23360477684657976
2022-06-09,AMZN,-0.371492857590493
2022-06-09,META,-0.47059500108281294
2022-06-09,TSLA,-0.415306816778482
2022-06-09,AMD,-0.3897844431036892
2022-06-09,NFLX,-0.7213057759334507
2022-06-09,CRM,-0.3963414560729708
2022-06-09,ORCL,-0.32707247304765963
2022-06-09,ADBE,-0.38053660610942086
2022-06-09,AVGO,-0.169512068930047
2022-06-09,QCOM,-0.2709055679328384
2022-06-09,INTC,-0.2732345916782317
2022-06-09,BTC-USD,-0.5543375516878313
2022-06-09,ETH-USD,-0.6280562051028117
2022-06-09,SOL-USD,-0.8391231915409083
2022-06-10,AAPL,-0.2445114349289691
2022-06-10,MSFT,-0.25941086123817214
2022-06-10,NVDA,-0.4911744413640303
2022-06-10,GOOGL,-0.25812454367902815
2022-06-10,AMZN,-0.40666544796494575
2022-06-10,META,-0.4948498347147805
2022-06-10,TSLA,-0.43354392995569346
2022-06-10,AMD,-0.414366020936517
2022-06-10,NFLX,-0.7355173420953331
2022-06-10,CRM,-0.42428053522468157
2022-06-10,ORCL,-0.3472932313422794
2022-06-10,ADBE,-0.42786582923207794
2022-06-10,AVGO,-0.19183376315843614
2022-06-10,QCOM,-0.28962492609966783
2022-06-10,INTC,-0.28831111603180515
2022-06-10,BTC-USD,-0.5695549799423117
2022-06-10,ETH-USD,-0.6539875324132396
2022-06-10,SOL-USD,-0.8507256865750057
2022-06-13,AAPL,-0.2734350686947138
2022-06-13,MSFT,-0.29082127141180514
2022-06-13,NVDA,-0.5309537134296489
2022-06-13,GOOGL,-0.28995223112298707
2022-06-13,AMZN,-0.439024249274373
2022-06-13,META,-0.5273909578954619
2022-06-13,TSLA,-0.4737745123399414
2022-06-13,AMD,-0.46272623126295953
2022-06-13,NFLX,-0.754673333760565
2022-06-13,CRM,-0.46435019454159765
2022-06-13,ORCL,-0.3773331199038312
2022-06-13,ADBE,-0.4601014039939161
2022-06-13,AVGO,-0.22714527453894995
2022-06-13,QCOM,-0.3138373744119647
2022-06-13,INTC,-0.3139231324647981
2022-06-13,BTC-USD,-0.6671830053902652
2022-06-13,ETH-USD,-0.7496756266136859
2022-06-13,SOL-USD,-0.8865348654116778
2022-06-14,AAPL,-0.2685867267864497
2022-06-14,MSFT,-0.2842932315434724
2022-06-14,NVDA,-0.5252880282862374
2022-06-14,GOOGL,-0.2877965867859522
2022-06-14,AMZN,-0.4463834407169731
2022-06-14,META,-0.5289159379877478
2022-06-14,TSLA,-0.4612044814695244
2022-06-14,AMD,-0.46272623126295953
2022-06-14,NFLX,-0.757781664899832
2022-06-14,CRM,-0.4694476178512309
2022-06-14,ORCL,-0.3124900592463037
2022-06-14,ADBE,-0.4613071314052688
2022-06-14,AVGO,-0.22333798316174613
2022-06-14,QCOM,-0.30530437625164986
2022-06-14,INTC,-0.31101693948931775
2022-06-14,BTC-USD,-0.6713358672443972
2022-06-14,ETH-USD,-0.7482043154065054
2022-06-14,SOL-USD,-0.8804082741196712
2022-06-15,AAPL,-0.25387717156195566
2022-06-15,MSFT,-0.26301146819564836
2022-06-15,NVDA,-0.5045741853643977
2022-06-15,GOOGL,-0.26744788405854303
2022-06-15,AMZN,-0.41737957827470973
2022-06-15,META,-0.5127460341254075
2022-06-15,TSLA,-0.4316657333311399
2022-06-15,AMD,-0.44845901406982647
2022-06-15,NFLX,-0.7396087840894212
2022-06-15,CRM,-0.4562201638166876
2022-06-15,ORCL,-0.32240613515658634
2022-06-15,ADBE,-0.45244560904551356
2022-06-15,AVGO,-0.21357309785120193
2022-06-15,QCOM,-0.30119796657802345
2022-06-15,INTC,-0.2979384457955101
2022-06-15,BTC-USD,-0.6659183142060511
2022-06-15,ETH-USD,-0.743727343709967
2022-06-15,SOL-USD,-0.8611971932401697
2022-06-16,AAPL,-0.28346218473547313
2022-06-16,MSFT,-0.28288809519866964
2022-06-16,NVDA,-0.5323326101056717
2022-06-16,GOOGL,-0.2923480768570451
2022-06-16,AMZN,-0.43907833122744
2022-06-16,META,-0.5371447404940943
2022-06-16,TSLA,-0.48020585538209803
2022-06-16,AMD,-0.49323697612293127
2022-06-16,NFLX,-0.7493819571527796
2022-06-16,CRM,-0.4842881748127177
2022-06-16,ORCL,-0.33203047176943656
2022-06-16,ADBE,-0.46964570047810594
2022-06-16,AVGO,-0.2576642795227514
2022-06-16,QCOM,-0.35564931609680184
2022-06-16,INTC,-0.3217339904666866
2022-06-16,BTC-USD,-0.6983482730176629
2022-06-16,ETH-USD,-0.7781148546116221
2022-06-16,SOL-USD,-0.8793009906626598
2022-06-17,AAPL,-0.2751982035472801
2022-06-17,MSFT,-0.2750428932219412
2022-06-17,NVDA,-0.5239690561879015
2022-06-17,GOOGL,-0.2849400252116373
2022-06-17,AMZN,-0.4252257549985142
2022-06-17,META,-0.5288870393357636
2022-06-17,TSLA,-0.4712784011966147
2022-06-17,AMD,-0.49620160675770864
2022-06-17,NFLX,-0.746259149036098
2022-06-17,CRM,-0.47328692723407784
2022-06-17,ORCL,-0.34165488684901557
2022-06-17,ADBE,-0.47587778214606624
2022-06-17,AVGO,-0.2554694540663379
2022-06-17,QCOM,-0.3547426800058986
2022-06-17,INTC,-0.32845483299413647
2022-06-17,BTC-USD,-0.6970187444051341
2022-06-17,ETH-USD,-0.774210400546719
2022-06-17,SOL-USD,-0.8762696943448125
2022-06-21,AAPL,-0.2514530006078236
2022-06-21,MSFT,-0.25721529811841515
2022-06-21,NVDA,-0.5034049673112577
2022-06-21,GOOGL,-0.2555717163343325
2022-06-21,AMZN,-0.41191428728779345
2022-06-21,META,-0.5481356247423166
2022-06-21,TSLA,-0.42181948395167834
2022-06-21,AMD,-0.4824902784241236
2022-06-21,NFLX,-0.7529095415579699
2022-06-21,CRM,-0.46176930009373396
2022-06-21,ORCL,-0.34204380718998495
2022-06-21,ADBE,-0.47268185305987964
2022-06-21,AVGO,-0.24158899467598227
2022-06-21,QCOM,-0.33660991342010327
2022-06-21,INTC,-0.3146498094477571
2022-06-21,BTC-USD,-0.6934798002070635
2022-06-21,ETH-USD,-0.7662501756694846
2022-06-21,SOL-USD,-0.8546240238228223
2022-06-22,AAPL,-0.2543177192520799
2022-06-22,MSFT,-0.25900096235118986
2022-06-22,NVDA,-0.5095801261630477
2022-06-22,GOOGL,-0.2559489039763946
2022-06-22,AMZN,-0.4104532901602469
2022-06-22,META,-0.5515881715158043
2022-06-22,TSLA,-0.4241367192259997
2022-06-22,AMD,-0.4827373349037889
2022-06-22,NFLX,-0.7413725762920165
2022-06-22,CRM,-0.45976895012153707
2022-06-22,ORCL,-0.35322351129979757
2022-06-22,ADBE,-0.4692825236956004
2022-06-22,AVGO,-0.2531359628046479
2022-06-22,QCOM,-0.34850290887286584
2022-06-22,INTC,-0.3210074606141149
2022-06-22,BTC-USD,-0.7041887291216543
2022-06-22,ETH-USD,-0.7815039946099275
2022-06-22,SOL-USD,-0.8626714575972247
2022-06-23,AAPL,-0.23823064787202508
2022-06-23,MSFT,-0.2422273929570471
2022-06-23,NVDA,-0.5136270441226273
2022-06-23,GOOGL,-0.2509134129734867
2022-06-23,AMZN,-0.39156828498860874
2022-06-23,META,-0.543244394924723
2022-06-23,TSLA,-0.42661656554311833
2022-06-23,AMD,-0.4908900102479198
2022-06-23,NFLX,-0.7372956112753428
2022-06-23,CRM,-0.44170213713813045
2022-06-23,ORCL,-0.3425297124076693
2022-06-23,ADBE,-0.4528523652685956
2022-06-23,AVGO,-0.2524131565477372
2022-06-23,QCOM,-0.3595425418347733
2022-06-23,INTC,-0.3204624160942988
2022-06-23,BTC-USD,-0.6879256058295988
2022-06-23,ETH-USD,-0.7623927781957767
2022-06-23,SOL-USD,-0.8463570432605431
2022-06-24,AAPL,-0.21955427525227422
2022-06-24,MSFT,-0.21634955392621802
2022-06-24,NVDA,-0.48661804969607214
2022-06-24,GOOGL,-0.21265230660163714
2022-06-24,AMZN,-0.36981540879887786
2022-06-24,META,-0.5104154376244315
2022-06-24,TSLA,-0.4006715996110436
2022-06-24,AMD,-0.46217034240341137
2022-06-24,NFLX,-0.7240816053705008
2022-06-24,CRM,-0.40018066511975214
2022-06-24,ORCL,-0.31268481366702106
2022-06-24,ADBE,-0.4367563897745165
2022-06-24,AVGO,-0.23357984690877498
2022-06-24,QCOM,-0.3328234587208838
2022-06-24,INTC,-0.2986649756480818
2022-06-24,BTC-USD,-0.6857680486240821
2022-06-24,ETH-USD,-0.7450493675644878
2022-06-24,SOL-USD,-0.8301101664287476
2022-06-27,AAPL,-0.21955427525227422
2022-06-27,MSFT,-0.22457542255154328
2022-06-27,NVDA,-0.49432208886516393
2022-06-27,GOOGL,-0.22694431542550453
2022-06-27,AMZN,-0.3873475807491037
2022-06-27,META,-0.5123431815979766
2022-06-27,TSLA,-0.402590439691476
2022-06-27,AMD,-0.46785250007209545
2022-06-27,NFLX,-0.726553804334578
2022-06-27,CRM,-0.41505348012633514
2022-06-27,ORCL,-0.3155037308967845
2022-06-27,ADBE,-0.4464168833225426
2022-06-27,AVGO,-0.23866835382870843
2022-06-27,QCOM,-0.32173046262346594
2022-06-27,INTC,-0.2983017107217959
2022-06-27,BTC-USD,-0.6931115594583788
2022-06-27,ETH-USD,-0.7519411921983977
2022-06-27,SOL-USD,-0.8452461518668078
2022-06-28,AAPL,-0.24280365820228045
2022-06-28,MSFT,-0.24919433268303925
2022-06-28,NVDA,-0.5209114390508498
2022-06-28,GOOGL,-0.2524785000987946
2022-06-28,AMZN,-0.4188405754022563
2022-06-28,META,-0.5376913327889867
2022-06-28,TSLA,-0.43248693956787077
2022-06-28,AMD,-0.5010808662083847
2022-06-28,NFLX,-0.7403461172305371
2022-06-28,CRM,-0.44683186866089275
2022-06-28,ORCL,-0.333294256902424
2022-06-28,ADBE,-0.46884668495673176
2022-06-28,AVGO,-0.24959808103229264
2022-06-28,QCOM,-0.29815796902771385
2022-06-28,INTC,-0.31374172069723616
2022-06-28,BTC-USD,-0.6998433206290902
2022-06-28,ETH-USD,-0.7621449637271053
2022-06-28,SOL-USD,-0.8578225134637452
2022-06-29,AAPL,-0.23294175827363672
2022-06-29,MSFT,-0.2381290978903482
2022-06-29,NVDA,-0.5341011887337201
2022-06-29,GOOGL,-0.2545207002921893
2022-06-29,AMZN,-0.410615618587315
2022-06-29,META,-0.5283116813581444
2022-06-29,TSLA,-0.4426665248363896
2022-06-29,AMD,-0.5183126669150897
2022-06-29,NFLX,-0.7421388082375711
2022-06-29,CRM,-0.4495741536703033
2022-06-29,ORCL,-0.32716985025801837
2022-06-29,ADBE,-0.46467742258686495
2022-06-29,AVGO,-0.2617021074070446
2022-06-29,QCOM,-0.3054644208904499
2022-06-29,INTC,-0.3226422999127885
2022-06-29,BTC-USD,-0.7024571968909485
2022-06-29,ETH-USD,-0.7716284523175942
2022-06-29,SOL-USD,-0.8636685070726307
2022-06-30,AAPL,-0.24677004646477863
2022-06-30,MSFT,-0.24816977047975008
2022-06-30,NVDA,-0.5455823130657391
2022-06-30,GOOGL,-0.2727970812728855
2022-06-30,AMZN,-0.42527987823551483
2022-06-30,META,-0.53605133428888
2022-06-30,TSLA,-0.4524640169565094
2022-06-30,AMD,-0.5277005775363413
2022-06-30,NFLX,-0.7471844347068464
2022-06-30,CRM,-0.46754419251842116
2022-06-30,ORCL,-0.32075354738272277
2022-06-30,ADBE,-0.46822203153076714
2022-06-30,AVGO,-0.26862723002157674
2022-06-30,QCOM,-0.3187439177441289
2022-06-30,INTC,-0.3204624160942988
2022-06-30,BTC-USD,-0.7071828423572311
2022-06-30,ETH-USD,-0.7782046045952601
2022-06-30,SOL-USD,-0.8648174890664164
2022-07-01,AAPL,-0.23459469183375814
2022-07-01,MSFT,-0.2401197578201556
2022-07-01,NVDA,-0.5646475413129453
2022-07-01,GOOGL,-0.2743020280954932
2022-07-01,AMZN,-0.40715247453008363
2022-07-01,META,-0.5395615453970786
2022-07-01,TSLA,-0.44565862013085256
2022-07-01,AMD,-0.5449941541432639
2022-07-01,NFLX,-0.7398400848257121
2022-07-01,CRM,-0.4573492957311218
2022-07-01,ORCL,-0.31103199049297126
2022-07-01,ADBE,-0.46470646076954825
2022-07-01,AVGO,-0.28062593670808744
2022-07-01,QCOM,-0.34119650177786087
2022-07-01,INTC,-0.33989870808485156
2022-07-01,BTC-USD,-0.7148102445796141
2022-07-01,ETH-USD,-0.7797697245756154
2022-07-01,SOL-USD,-0.8679782565774221
2022-07-05,AAPL,-0.22010536754105037
2022-07-05,MSFT,-0.2305471248197153
2022-07-05,NVDA,-0.5514278293412314
2022-07-05,GOOGL,-0.244099465275606
2022-07-05,AMZN,-0.38583246038455665
2022-07-05,META,-0.5160835624910745
2022-07-05,TSLA,-0.43150312228834264
2022-07-05,AMD,-0.5355444676217946
2022-07-05,NFLX,-0.7312669015264415
2022-07-05,CRM,-0.4444444723155738
2022-07-05,ORCL,-0.30014371181367616
2022-07-05,ADBE,-0.4530703068045816
2022-07-05,AVGO,-0.2829441980673376
2022-07-05,QCOM,-0.32893023298291235
2022-07-05,INTC,-0.3335410569184938
2022-07-05,BTC-USD,-0.7011830243529728
2022-07-05,ETH-USD,-0.7642310039771064
2022-07-05,SOL-USD,-0.8575443492187973
2022-07-06,AAPL,-0.21261262374686796
2022-07-06,MSFT,-0.22071107789901245
2022-07-06,NVDA,-0.5464516786343625
2022-07-06,GOOGL,-0.2353633409798901
2022-07-06,AMZN,-0.38134118124398253
2022-07-06,META,-0.5115376981585442
2022-07-06,TSLA,-0.43475538036356853
2022-07-06,AMD,-0.5346180176033515
2022-07-06,NFLX,-0.7338981266405173
2022-07-06,CRM,-0.44273454508530874
2022-07-06,ORCL,-0.30335182401795957
2022-07-06,ADBE,-0.4438601489202141
2022-07-06,AVGO,-0.2734447306533413
2022-07-06,QCOM,-0.3223704173400106
2022-07-06,INTC,-0.32809149450265696
2022-07-06,BTC-USD,-0.695882629628028
2022-07-06,ETH-USD,-0.7533349044231166
2022-07-06,SOL-USD,-0.8507909057886351
2022-07-07,AAPL,-0.1937157627156757
2022-07-07,MSFT,-0.2143005220267229
2022-07-07,NVDA,-0.5246285709365799
2022-07-07,GOOGL,-0.20725982893013795
2022-07-07,AMZN,-0.37051884574415095
2022-07-07,META,-0.5045748073076004
2022-07-07,TSLA,-0.4035091976661723
2022-07-07,AMD,-0.510221720349971
2022-07-07,NFLX,-0.7263658518049454
2022-07-07,CRM,-0.43011999390759414
2022-07-07,ORCL,-0.3016991577773672
2022-07-07,ADBE,-0.4321512886657811
2022-07-07,AVGO,-0.24946254718275973
2022-07-07,QCOM,-0.2832251998632973
2022-07-07,INTC,-0.3072023635025418
2022-07-07,BTC-USD,-0.6797601945943796
2022-07-07,ETH-USD,-0.7428156888450765
2022-07-07,SOL-USD,-0.8449762781998638
2022-07-08,AAPL,-0.18991441891218963
2022-07-08,MSFT,-0.21646676040101076
2022-07-08,NVDA,-0.52522804630953
2022-07-08,GOOGL,-0.20345227954364098
2022-07-08,AMZN,-0.3747936732206564
2022-07-08,META,-0.5083439095603389
2022-07-08,TSLA,-0.38833735289171856
2022-07-08,AMD,-0.5099129350912935
2022-07-08,NFLX,-0.7296765848760642
2022-07-08,CRM,-0.4337979127288941
2022-07-08,ORCL,-0.30131035513649107
2022-07-08,ADBE,-0.43425773173755433
2022-07-08,AVGO,-0.24923680072563115
2022-07-08,QCOM,-0.2746389281029342
2022-07-08,INTC,-0.3099269975800729
2022-07-08,BTC-USD,-0.6783759458517574
2022-07-08,ETH-USD,-0.7459509515578395
2022-07-08,SOL-USD,-0.8459083387554737
2022-07-11,AAPL,-0.20186954261142387
2022-07-11,MSFT,-0.2256878664841564
2022-07-11,NVDA,-0.5457922212847048
2022-07-11,GOOGL,-0.2279921445456241
2022-07-11,AMZN,-0.3953020039469093
2022-07-11,META,-0.531361464250373
2022-07-11,TSLA,-0.42838905940696137
2022-07-11,AMD,-0.5247359940227694
2022-07-11,NFLX,-0.7436134745198029
2022-07-11,CRM,-0.43747588171822704
2022-07-11,ORCL,-0.30111505144867245
2022-07-11,ADBE,-0.4419280236107468
2022-07-11,AVGO,-0.27306840467693094
2022-07-11,QCOM,-0.29474478767068035
2022-07-11,INTC,-0.32427713921146195
2022-07-11,BTC-USD,-0.7044325271022185
2022-07-11,ETH-USD,-0.7719832412580016
2022-07-11,SOL-USD,-0.8653198366817545
2022-07-12,AAPL,-0.19641517942126474
2022-07-12,MSFT,-0.25742020130836485
2022-07-12,NVDA,-0.5478904998880719
2022-07-12,GOOGL,-0.2390439789070996
2022-07-12,AMZN,-0.40899225174876686
2022-07-12,META,-0.5302393810086037
2022-07-12,TSLA,-0.43149497126559777
2022-07-12,AMD,-0.5283799710751194
2022-07-12,NFLX,-0.7477916405024024
2022-07-12,CRM,-0.4633823026846119
2022-07-12,ORCL,-0.31244242994196214
2022-07-12,ADBE,-0.4544503519782406
2022-07-12,AVGO,-0.2753114376874376
2022-07-12,QCOM,-0.2909582434359985
2022-07-12,INTC,-0.3240953596179318
2022-07-12,BTC-USD,-0.7140029419946965
2022-07-12,ETH-USD,-0.7842533679074555
2022-07-12,SOL-USD,-0.868161278763316
2022-07-13,AAPL,-0.19845347419873616
2022-07-13,MSFT,-0.2602012417595846
2022-07-13,NVDA,-0.5454325016215223
2022-07-13,GOOGL,-0.2568431440157726
2022-07-13,AMZN,-0.4026070721525089
2022-07-13,META,-0.5296064030193595
2022-07-13,TSLA,-0.42181137014821535
2022-07-13,AMD,-0.5212155216496492
2022-07-13,NFLX,-0.7447411345472081
2022-07-13,CRM,-0.47254479152473294
2022-07-13,ORCL,-0.3161532000105146
2022-07-13,ADBE,-0.45968010651294067
2022-07-13,AVGO,-0.2747695479328939
2022-07-13,QCOM,-0.27661193154942276
2022-07-13,INTC,-0.3240953596179318
2022-07-13,BTC-USD,-0.700858027827542
2022-07-13,ETH-USD,-0.7685854255970606
2022-07-13,SOL-USD,-0.8594947691058673
2022-07-14,AAPL,-0.1820361422475536
2022-07-14,MSFT,-0.25621996815351145
2022-07-14,NVDA,-0.5391972746944937
2022-07-14,GOOGL,-0.26342346976854913
2022-07-14,AMZN,-0.40136252668903116
2022-07-14,META,-0.5452583916233622
2022-07-14,TSLA,-0.41870542107029707
2022-07-14,AMD,-0.5145451380623044
2022-07-14,NFLX,-0.7473145344772112
2022-07-14,CRM,-0.48044911627003484
2022-07-14,ORCL,-0.32181716389071
2022-07-14,ADBE,-0.4581983612002354
2022-07-14,AVGO,-0.27038849454563774
2022-07-14,QCOM,-0.24322648559253535
2022-07-14,INTC,-0.3150130743740429
2022-07-14,BTC-USD,-0.6955618534612837
2022-07-14,ETH-USD,-0.7523889020517689
2022-07-14,SOL-USD,-0.850653021194095
2022-07-15,AAPL,-0.17267031978801528
2022-07-15,MSFT,-0.24849178763740887
2022-07-15,NVDA,-0.5275063856410609
2022-07-15,GOOGL,-0.25401351707275255
2022-07-15,AMZN,-0.38556188548348747
2022-07-15,META,-0.5261250462400593
2022-07-15,TSLA,-0.41442870225966444
2022-07-15,AMD,-0.49904268559205056
2022-07-15,NFLX,-0.7265971801164313
2022-07-15,CRM,-0.45999470626917793
2022-07-15,ORCL,-0.30921995832632043
2022-07-15,ADBE,-0.44817469086970374
2022-07-15,AVGO,-0.2556049879158707
2022-07-15,QCOM,-0.23005367024214596
2022-07-15,INTC,-0.29848334318493885
2022-07-15,BTC-USD,-0.6916189689050909
2022-07-15,ETH-USD,-0.743743401296073
2022-07-15,SOL-USD,-0.8494129963714904
2022-07-18,AAPL,-0.1897488594938671
2022-07-18,MSFT,-0.255722418804914
2022-07-18,NVDA,-0.5173441473088469
2022-07-18,GOOGL,-0.2723499355522123
2022-07-18,AMZN,-0.384425545210077
2022-07-18,META,-0.5188457328791222
2022-07-18,TSLA,-0.4132578953076683
2022-07-18,AMD,-0.4970662808759342
2022-07-18,NFLX,-0.7239804044045748
2022-07-18,CRM,-0.4583494456332039
2022-07-18,ORCL,-0.31439546682014774
2022-07-18,ADBE,-0.45490068764189917
2022-07-18,AVGO,-0.26072352476440475
2022-07-18,QCOM,-0.24434657422548023
2022-07-18,INTC,-0.29684850388626527
2022-07-18,BTC-USD,-0.6672081541029864
2022-07-18,ETH-USD,-0.671926595776525
2022-07-18,SOL-USD,-0.8239358659309137
2022-07-19,AAPL,-0.1680974811108633
2022-07-19,MSFT,-0.24026601151916693
2022-07-19,NVDA,-0.4906349479677876
2022-07-19,GOOGL,-0.24044889749974663
2022-07-19,AMZN,-0.36034586523652523
2022-07-19,META,-0.49424566673134884
2022-07-19,TSLA,-0.4011025244573484
2022-07-19,AMD,-0.46958189542975204
2022-07-19,NFLX,-0.7084965738923127
2022-07-19,CRM,-0.43925017453458615
2022-07-19,ORCL,-0.2945724171401154
2022-07-19,ADBE,-0.4365966132701037
2022-07-19,AVGO,-0.2337153807583079
2022-07-19,QCOM,-0.21405439941895066
2022-07-19,INTC,-0.2694199421262622
2022-07-19,BTC-USD,-0.6538325944429555
2022-07-19,ETH-USD,-0.6793542820990639
2022-07-19,SOL-USD,-0.819292528131927
2022-07-20,AAPL,-0.15685866581252084
2022-07-20,MSFT,-0.2322451385908747
2022-07-20,NVDA,-0.46620385836217637
2022-07-20,GOOGL,-0.23984816269833198
2022-07-20,AMZN,-0.335670953507768
2022-07-20,META,-0.4732133430572275
2022-07-20,TSLA,-0.39629729184316365
2022-07-20,AMD,-0.4476561158518185
2022-07-20,NFLX,-0.6870852621722702
2022-07-20,CRM,-0.41137566164110073
2022-07-20,ORCL,-0.29115472030338385
2022-07-20,ADBE,-0.4167526285540297
2022-07-20,AVGO,-0.22954515098022532
2022-07-20,QCOM,-0.19090822892677695
2022-07-20,INTC,-0.26324392342304737
2022-07-20,BTC-USD,-0.6561665973294495
2022-07-20,ETH-USD,-0.684087059006175
2022-07-20,SOL-USD,-0.8305865983113627
2022-07-21,AAPL,-0.1441322188927242
2022-07-21,MSFT,-0.2247217225040965
2022-07-21,NVDA,-0.4589195208329746
2022-07-21,GOOGL,-0.23691177386752726
2022-07-21,AMZN,-0.32560617819021
2022-07-21,META,-0.47298308462615646
2022-07-21,TSLA,-0.3372523252188103
2022-07-21,AMD,-0.4374035311123413
2022-07-21,NFLX,-0.6763289782540909
2022-07-21,CRM,-0.40201957436236946
2022-07-21,ORCL,-0.2721128069078971
2022-07-21,ADBE,-0.40597352214270044
2022-07-21,AVGO,-0.22064775599976783
2022-07-21,QCOM,-0.16877595800930079
2022-07-21,INTC,-0.2623357611073326
2022-07-21,BTC-USD,-0.6571597402294072
2022-07-21,ETH-USD,-0.6723356456595558
2022-07-21,SOL-USD,-0.8261718348185239
2022-07-22,AAPL,-0.15107378457157872
2022-07-22,MSFT,-0.23783649798524198
2022-07-22,NVDA,-0.48083251539728733
2022-07-22,GOOGL,-0.2798913239029227
2022-07-22,AMZN,-0.3375648539634517
2022-07-22,META,-0.5129762925564785
2022-07-22,TSLA,-0.33594324863440594
2022-07-22,AMD,-0.455870567096167
2022-07-22,NFLX,-0.681302302561879
2022-07-22,CRM,-0.41131109538287536
2022-07-22,ORCL,-0.2685973405271631
2022-07-22,ADBE,-0.4161570133107483
2022-07-22,AVGO,-0.22841611164009779
2022-07-22,QCOM,-0.18029523244256596
2022-07-22,INTC,-0.28794777754032563
2022-07-22,BTC-USD,-0.6638146388402038
2022-07-22,ETH-USD,-0.6805117981401612
2022-07-22,SOL-USD,-0.8365236654549117
2022-07-25,AAPL,-0.15735457162852273
2022-07-25,MSFT,-0.24231518217928738
2022-07-25,NVDA,-0.48967569553263424
2022-07-25,GOOGL,-0.2824942167645669
2022-07-25,AMZN,-0.34449114207791465
2022-07-25,META,-0.5205144527388698
2022-07-25,TSLA,-0.34523668001920815
2022-07-25,AMD,-0.45932926356906945
2022-07-25,NFLX,-0.6840925814011486
2022-07-25,CRM,-0.42802291996814135
2022-07-25,ORCL,-0.2689881048362577
2022-07-25,ADBE,-0.430596925729816
2022-07-25,AVGO,-0.22752780301595055
2022-07-25,QCOM,-0.1826953200440622
2022-07-25,INTC,-0.2886745280884784
2022-07-25,BTC-USD,-0.6838433627170508
2022-07-25,ETH-USD,-0.6996348357788387
2022-07-25,SOL-USD,-0.8522460864633592
2022-07-26,AAPL,-0.1647919572968275
2022-07-26,MSFT,-0.2626016155622076
2022-07-26,NVDA,-0.5043941820352544
2022-07-26,GOOGL,-0.2991120618419133
2022-07-26,AMZN,-0.3787438438430256
2022-07-26,META,-0.5420935016771413
2022-07-26,TSLA,-0.36858798306999074
2022-07-26,AMD,-0.4734729289617672
2022-07-26,NFLX,-0.6907429463478254
2022-07-26,CRM,-0.4500581246828126
2022-07-26,ORCL,-0.2770931686473632
2022-07-26,ADBE,-0.44904627968123434
2022-07-26,AVGO,-0.23056887063211162
2022-07-26,QCOM,-0.2001883109842374
2022-07-26,INTC,-0.29230739804691763
2022-07-26,BTC-USD,-0.6856482020000106
2022-07-26,ETH-USD,-0.7003781016128108
2022-07-26,SOL-USD,-0.8543435259336957
2022-07-27,AAPL,-0.1361988415818658
2022-07-27,MSFT,-0.21330523831536086
2022-07-27,NVDA,-0.4667134468685964
2022-07-27,GOOGL,-0.24545421554736824
2022-07-27,AMZN,-0.3454110306872562
2022-07-27,META,-0.5120842461303508
2022-07-27,TSLA,-0.32965825180883845
2022-07-27,AMD,-0.4452473740765893
2022-07-27,NFLX,-0.6721797386511251
2022-07-27,CRM,-0.4183119941933512
2022-07-27,ORCL,-0.2591254647682427
2022-07-27,ADBE,-0.4294056952432531
2022-07-27,AVGO,-0.20542749507100788
2022-07-27,QCOM,-0.18178886302408348
2022-07-27,INTC,-0.2701466191092211
2022-07-27,BTC-USD,-0.6606241632994372
2022-07-27,ETH-USD,-0.6599744499198643
2022-07-27,SOL-USD,-0.8377739460295655
2022-07-28,AAPL,-0.13311337704651272
2022-07-28,MSFT,-0.19085228903690232
2022-07-28,NVDA,-0.4608981224780305
2022-07-28,GOOGL,-0.23771256512886374
2022-07-28,AMZN,-0.3383224141457253
2022-07-28,META,-0.5375762700580801
2022-07-28,TSLA,-0.3148279311654689
2022-07-28,AMD,-0.43382128283900356
2022-07-28,NFLX,-0.6732351240922383
2022-07-28,CRM,-0.4151180463845604
2022-07-28,ORCL,-0.24770015979749316
2022-07-28,ADBE,-0.4138326730360923
2022-07-28,AVGO,-0.19666563394008318
2022-07-28,QCOM,-0.2189606741447282
2022-07-28,INTC,-0.27868400696368123
2022-07-28,BTC-USD,-0.6471066145855133
2022-07-28,ETH-USD,-0.6414304239760815
2022-07-28,SOL-USD,-0.8275616581033184
2022-07-29,AAPL,-0.10468556327021816
2022-07-29,MSFT,-0.17817696845591713
2022-07-29,NVDA,-0.45553211762207335
2022-07-29,GOOGL,-0.22369756151119324
2022-07-29,AMZN,-0.2697629286624361
2022-07-29,META,-0.5422373300907746
2022-07-29,TSLA,-0.27519088467032315
2022-07-29,AMD,-0.416527706232081
2022-07-29,NFLX,-0.6748543395470543
2022-07-29,CRM,-0.40631044620853085
2022-07-29,ORCL,-0.23988824768493733
2022-07-29,ADBE,-0.4042157589286427
2022-07-29,AVGO,-0.19385049701374157
2022-07-29,QCOM,-0.22637385227848505
2022-07-29,INTC,-0.3404435319090867
2022-07-29,BTC-USD,-0.64768757875594
2022-07-29,ETH-USD,-0.6410275130122256
2022-07-29,SOL-USD,-0.8312573981893991
2022-08-01,AAPL,-0.11019494128004814
2022-08-01,MSFT,-0.18616837787811502
2022-08-01,NVDA,-0.4471984685941258
2022-08-01,GOOGL,-0.2334414213918954
2022-08-01,AMZN,-0.2673820016416144
2022-08-01,META,-0.5398493795166887
2022-08-01,TSLA,-0.27488189019165477
2022-08-01,AMD,-0.40226053616015334
2022-08-01,NFLX,-0.6729604199988992
2022-08-01,CRM,-0.4096657845788685
2022-08-01,ORCL,-0.24379408604112218
2022-08-01,ADBE,-0.40280663123919713
2022-08-01,AVGO,-0.19251063406444024
2022-08-01,QCOM,-0.21373439967681285
2022-08-01,INTC,-0.32863653902247303
2022-08-01,BTC-USD,-0.6549460753786125
2022-08-01,ETH-USD,-0.6601899209094124
2022-08-01,SOL-USD,-0.8318229230797103
2022-08-02,AAPL,-0.11845866498858593
2022-08-02,MSFT,-0.19550706046438737
2022-08-02,NVDA,-0.4446506408600669
2022-08-02,GOOGL,-0.23163942259552384
2022-08-02,AMZN,-0.27403771485500805
2022-08-02,META,-0.5391012058272802
2022-08-02,TSLA,-0.26680813467603626
2022-08-02,AMD,-0.3867580836898995
2022-08-02,NFLX,-0.6798854890389152
2022-08-02,CRM,-0.40705258191787597
2022-08-02,ORCL,-0.25443809779386883
2022-08-02,ADBE,-0.4044481973894186
2022-08-02,AVGO,-0.20027886688297636
2022-08-02,QCOM,-0.2158674925298325
2022-08-02,INTC,-0.3458929471945361
2022-08-02,BTC-USD,-0.6599201438760746
2022-08-02,ETH-USD,-0.6606575695663843
2022-08-02,SOL-USD,-0.8400009795164383
2022-08-03,AAPL,-0.08474196161390313
2022-08-03,MSFT,-0.17311276067686698
2022-08-03,NVDA,-0.4336492001446455
2022-08-03,GOOGL,-0.21195149216829323
2022-08-03,AMZN,-0.24503385241274467
2022-08-03,META,-0.514328501260061
2022-08-03,TSLA,-0.2501971691460788
2022-08-03,AMD,-0.39416963671624006
2022-08-03,NFLX,-0.672208637455564
2022-08-03,CRM,-0.3881468590898355
2022-08-03,ORCL,-0.24447776664858023
2022-08-03,ADBE,-0.3832677026071589
2022-08-03,AVGO,-0.17689887866772747
2022-08-03,QCOM,-0.2045079493612495
2022-08-03,INTC,-0.3366289559223108
2022-08-03,BTC-USD,-0.6618679839427493
2022-08-03,ETH-USD,-0.6635816483860477
2022-08-03,SOL-USD,-0.8448711874472051
2022-08-04,AAPL,-0.08650483898681416
2022-08-04,MSFT,-0.16965854617902731
2022-08-04,NVDA,-0.4239965216193412
2022-08-04,GOOGL,-0.21121731785763997
2022-08-04,AMZN,-0.228529774261928
2022-08-04,META,-0.5092358230172089
2022-08-04,TSLA,-0.24718069522194486
2022-08-04,AMD,-0.35822369642483876
2022-08-04,NFLX,-0.6676112182070408
2022-08-04,CRM,-0.38292035343178443
2022-08-04,ORCL,-0.24418485035021675
2022-08-04,ADBE,-0.3744788422037666
2022-08-04,AVGO,-0.16777573723014116
2022-08-04,QCOM,-0.19464167863233506
2022-08-04,INTC,-0.34571109403581224
2022-08-04,BTC-USD,-0.6650581704178525
2022-08-04,ETH-USD,-0.6657987114357917
2022-08-04,SOL-USD,-0.8437191041631291
2022-08-05,AAPL,-0.08777378455441343
2022-08-05,MSFT,-0.17182487706039873
2022-08-05,NVDA,-0.4307713280411436
2022-08-05,GOOGL,-0.21602247664140362
2022-08-05,AMZN,-0.23810756429828184
2022-08-05,META,-0.5191910097180139
2022-08-05,TSLA,-0.2970948787235751
2022-08-05,AMD,-0.3681057671266261
2022-08-05,NFLX,-0.6721363628692718
2022-08-05,CRM,-0.38646924007269945
2022-08-05,ORCL,-0.24467299186967006
2022-08-05,ADBE,-0.3703531592744763
2022-08-05,AVGO,-0.16982311512301673
2022-08-05,QCOM,-0.19890804340929913
2022-08-05,INTC,-0.3506652684375525
2022-08-05,BTC-USD,-0.6553143739404298
2022-08-05,ETH-USD,-0.6400201214491299
2022-08-05,SOL-USD,-0.8367549725812162
2022-08-08,AAPL,-0.0904219628086087
2022-08-08,MSFT,-0.17940629508853068
2022-08-08,NVDA,-0.46662350260304564
2022-08-08,GOOGL,-0.2171571236856773
2022-08-08,AMZN,-0.24562908416795004
2022-08-08,META,-0.5101565464798916
2022-08-08,TSLA,-0.29159855848232275
2022-08-08,AMD,-0.3819406001394411
2022-08-08,NFLX,-0.6624354643922057
2022-08-08,CRM,-0.38782432880690576
2022-08-08,ORCL,-0.25326635413368626
2022-08-08,ADBE,-0.3690311904661838
2022-08-08,AVGO,-0.17872038728168038
2022-08-08,QCOM,-0.2117077644884271
2022-08-08,INTC,-0.3508485929001496
2022-08-08,BTC-USD,-0.6476157459385696
2022-08-08,ETH-USD,-0.6310299533594348
2022-08-08,SOL-USD,-0.8302771755167564
2022-08-09,AAPL,-0.09014611627128954
2022-08-09,MSFT,-0.17361035627900623
2022-08-09,NVDA,-0.48781723003805555
2022-08-09,GOOGL,-0.22162868369634436
2022-08-09,AMZN,-0.2541787391209611
2022-08-09,META,-0.5151053519860245
2022-08-09,TSLA,-0.3088924978358849
2022-08-09,AMD,-0.4099190985449537
2022-08-09,NFLX,-0.6675678424251877
2022-08-09,CRM,-0.4120531307561547
2022-08-09,ORCL,-0.250336798816408
2022-08-09,ADBE,-0.38031870890653807
2022-08-09,AVGO,-0.1978851315313943
2022-08-09,QCOM,-0.23997339364203307
2022-08-09,INTC,-0.36662788554874304
2022-08-09,BTC-USD,-0.6571643363734562
2022-08-09,ETH-USD,-0.6460943282982359
2022-08-09,SOL-USD,-0.8375132534101143
2022-08-10,AAPL,-0.06631285528973929
2022-08-10,MSFT,-0.15352901110020245
2022-08-10,NVDA,-0.457510547070067
2022-08-10,GOOGL,-0.20113991060580927
2022-08-10,AMZN,-0.22788046055365563
2022-08-10,META,-0.48688005632223164
2022-08-10,TSLA,-0.2820043952994429
2022-08-10,AMD,-0.38824037544668555
2022-08-10,NFLX,-0.6470817888006986
2022-08-10,CRM,-0.3915020469560747
2022-08-10,ORCL,-0.24281756760202944
2022-08-10,ADBE,-0.36313320306494246
2022-08-10,AVGO,-0.17137374027059482
2022-08-10,QCOM,-0.21608085553641188
2022-08-10,INTC,-0.35103213805832767
2022-08-10,BTC-USD,-0.6455710110615023
2022-08-10,ETH-USD,-0.6151893095542383
2022-08-10,SOL-USD,-0.8294910905457011
2022-08-11,AAPL,-0.07045072500263061
2022-08-11,MSFT,-0.15979322076639713
2022-08-11,NVDA,-0.4621569404025967
2022-08-11,GOOGL,-0.20687940296408425
2022-08-11,AMZN,-0.2389733709545565
2022-08-11,META,-0.4893255825848568
2022-08-11,TSLA,-0.30085127197268224
2022-08-11,AMD,-0.393984309015587
2022-08-11,NFLX,-0.6491202575214378
2022-08-11,CRM,-0.3975674624587594
2022-08-11,ORCL,-0.2465283376705819
2022-08-11,ADBE,-0.36823217494480975
2022-08-11,AVGO,-0.178871089622756
2022-08-11,QCOM,-0.21160085914648175
2022-08-11,INTC,-0.3469956158822839
2022-08-11,BTC-USD,-0.6454246860226577
2022-08-11,ETH-USD,-0.6090627696875391
2022-08-11,SOL-USD,-0.8276561553396389
2022-08-12,AAPL,-0.05053441618977139
2022-08-12,MSFT,-0.14547858215873233
2022-08-12,NVDA,-0.4391647868487364
2022-08-12,GOOGL,-0.187925646847507
2022-08-12,AMZN,-0.2232268529860134
2022-08-12,META,-0.48066529483761045
2022-08-12,TSLA,-0.26816596851978247
2022-08-12,AMD,-0.3772466212682126
2022-08-12,NFLX,-0.6395784127695654
2022-08-12,CRM,-0.3873725155034272
2022-08-12,ORCL,-0.2270962092331016
2022-08-12,ADBE,-0.35257199385649585
2022-08-12,AVGO,-0.1596010256848006
2022-08-12,QCOM,-0.1931484061926665
2022-08-12,INTC,-0.3374545780907404
2022-08-12,BTC-USD,-0.6388343357745121
2022-08-12,ETH-USD,-0.5932645656004396
2022-08-12,SOL-USD,-0.8175422642919585
2022-08-15,AAPL,-0.04452089301497175
2022-08-15,MSFT,-0.14091196998182143
2022-08-15,NVDA,-0.4294823756306716
2022-08-15,GOOGL,-0.18525598282927536
2022-08-15,AMZN,-0.22522904119963194
2022-08-15,META,-0.47954321159584123
2022-08-15,TSLA,-0.24550575309606737
2022-08-15,AMD,-0.3761348906703217
2022-08-15,NFLX,-0.6398531168629047
2022-08-15,CRM,-0.38359792288290395
2022-08-15,ORCL,-0.2274865027418238
2022-08-15,ADBE,-0.3448000461773605
2022-08-15,AVGO,-0.15850201627327354
2022-08-15,QCOM,-0.18866867840912316
2022-08-15,INTC,-0.333234657886906
2022-08-15,BTC-USD,-0.6427688952395973
2022-08-15,ETH-USD,-0.6042823020033679
2022-08-15,SOL-USD,-0.8236257061960403
2022-08-16,AAPL,-0.04540370492625523
2022-08-16,MSFT,-0.14313667283288045
2022-08-16,NVDA,-0.434068786986494
2022-08-16,GOOGL,-0.18779215593630016
2022-08-16,AMZN,-0.21657113977261977
2022-08-16,META,-0.4836288250047448
2022-08-16,TSLA,-0.2522298630099665
2022-08-16,AMD,-0.38113770192143304
2022-08-16,NFLX,-0.644797514791059
2022-08-16,CRM,-0.3883404575284458
2022-08-16,ORCL,-0.2234830517750941
2022-08-16,ADBE,-0.34982640043396784
2022-08-16,AVGO,-0.16950691041470456
2022-08-16,QCOM,-0.1998682217066372
2022-08-16,INTC,-0.33598687891205903
2022-08-16,BTC-USD,-0.6465234246094781
2022-08-16,ETH-USD,-0.6097038047600469
2022-08-16,SOL-USD,-0.8262997707194595
2022-08-17,AAPL,-0.03701802168768298
2022-08-17,MSFT,-0.14539560330483403
2022-08-17,NVDA,-0.4503761931821443
2022-08-17,GOOGL,-0.20214091253297184
2022-08-17,AMZN,-0.2310730297098178
2022-08-17,META,-0.496921407101959
2022-08-17,TSLA,-0.25849044398658116
2022-08-17,AMD,-0.39305790611834923
2022-08-17,NFLX,-0.651361155749224
2022-08-17,CRM,-0.3935991208955275
2022-08-17,ORCL,-0.2261194553938226
2022-08-17,ADBE,-0.36397575369378976
2022-08-17,AVGO,-0.18916840740971597
2022-08-17,QCOM,-0.2078677675827726
2022-08-17,INTC,-0.34350950848519335
2022-08-17,BTC-USD,-0.6546234491916221
2022-08-17,ETH-USD,-0.6190843015660332
2022-08-17,SOL-USD,-0.8373907831494923
2022-08-18,AAPL,-0.03922479398623646
2022-08-18,MSFT,-0.1487691516258629
2022-08-18,NVDA,-0.43724622457940865
2022-08-18,GOOGL,-0.1980032083052422
2022-08-18,AMZN,-0.22999081267340815
2022-08-18,META,-0.4974680880430232
2022-08-18,TSLA,-0.2612386413264892
2022-08-18,AMD,-0.37965536304344183
2022-08-18,NFLX,-0.6455492973343943
2022-08-18,CRM,-0.3936959953668818
2022-08-18,ORCL,-0.22543585325309334
2022-08-18,ADBE,-0.362217990479732
2022-08-18,AVGO,-0.15926983671763673
2022-08-18,QCOM,-0.19266831704399745
2022-08-18,INTC,-0.33580333375388105
2022-08-18,BTC-USD,-0.6564477136871667
2022-08-18,ETH-USD,-0.6161732616077575
2022-08-18,SOL-USD,-0.8408432408299298
2022-08-19,AAPL,-0.05373445917170849
2022-08-19,MSFT,-0.16056204713735445
2022-08-19,NVDA,-0.46494481084152706
2022-08-19,GOOGL,-0.21775770428118768
2022-08-19,AMZN,-0.2520143050481417
2022-08-19,META,-0.5167453504861312
2022-08-19,TSLA,-0.27636984264506415
2022-08-19,AMD,-0.4073868520904945
2022-08-19,NFLX,-0.6513467063470046
2022-08-19,CRM,-0.4071170980080684
2022-08-19,ORCL,-0.23188087495110554
2022-08-19,ADBE,-0.3825123108594646
2022-08-19,AVGO,-0.17435456379686376
2022-08-19,QCOM,-0.21282758451498507
2022-08-19,INTC,-0.3508485929001496
2022-08-19,BTC-USD,-0.691008838009221
2022-08-19,ETH-USD,-0.6648050690222529
2022-08-19,SOL-USD,-0.8555533208524311
2022-08-22,AAPL,-0.07552633561992428
2022-08-22,MSFT,-0.18520389902555812
2022-08-22,NVDA,-0.48937584304811765
2022-08-22,GOOGL,-0.23757912561962502
2022-08-22,AMZN,-0.27912422575078766
2022-08-22,META,-0.5308723589978479
2022-08-22,TSLA,-0.29284257576189543
2022-08-22,AMD,-0.42659505751331595
2022-08-22,NFLX,-0.6724833415489031
2022-08-22,CRM,-0.42902312003825616
2022-08-22,ORCL,-0.25336420214441735
2022-08-22,ADBE,-0.40242891319879837
2022-08-22,AVGO,-0.2039823124334651
2022-08-22,QCOM,-0.24477312116771432
2022-08-22,INTC,-0.3791045423932302
2022-08-22,BTC-USD,-0.683292692628155
2022-08-22,ETH-USD,-0.6628270179413718
2022-08-22,SOL-USD,-0.857227096433854
2022-08-23,AAPL,-0.07740190325528096
2022-08-23,MSFT,-0.18904692079534258
2022-08-23,NVDA,-0.484969320223397
2022-08-23,GOOGL,-0.24011514452074556
2022-08-23,AMZN,-0.27695979167796825
2022-08-23,META,-0.5364541868163109
2022-08-23,TSLA,-0.2768901682065896
2022-08-23,AMD,-0.4287567428088801
2022-08-23,NFLX,-0.6753603443766842
2022-08-23,CRM,-0.43218470946588505
2022-08-23,ORCL,-0.25385210826368443
2022-08-23,ADBE,-0.4037944614476674
2022-08-23,AVGO,-0.20243162587499008
2022-08-23,QCOM,-0.24951970939654078
2022-08-23,INTC,-0.377086354870402
2022-08-23,BTC-USD,-0.6813808123300149
2022-08-23,ETH-USD,-0.6544597472084406
2022-08-23,SOL-USD,-0.8565353705228191
2022-08-24,AAPL,-0.07574682403136579
2022-08-24,MSFT,-0.1909535842933333
2022-08-24,NVDA,-0.4837402923906118
2022-08-24,GOOGL,-0.24124974016305112
2022-08-24,AMZN,-0.27598573854769237
2022-08-24,META,-0.5302681910144162
2022-08-24,TSLA,-0.27532092884142256
2022-08-24,AMD,-0.42727440393088867
2022-08-24,NFLX,-0.6680449208751837
2022-08-24,CRM,-0.4192477283413064
2022-08-24,ORCL,-0.25619575251750704
2022-08-24,ADBE,-0.4107093615731655
2022-08-24,AVGO,-0.20083580230726883
2022-08-24,QCOM,-0.2463731198784037
2022-08-24,INTC,-0.37873752564206786
2022-08-24,BTC-USD,-0.6833502456017503
2022-08-24,ETH-USD,-0.6556464865342047
2022-08-24,SOL-USD,-0.8593056978686152
2022-08-25,AAPL,-0.061954497165406464
2022-08-25,MSFT,-0.18197706693895832
2022-08-25,NVDA,-0.4630264207692617
2022-08-25,GOOGL,-0.22149508998120138
2022-08-25,AMZN,-0.2571548978969883
2022-08-25,META,-0.5143859883024284
2022-08-25,TSLA,-0.2778251910074939
2022-08-25,AMD,-0.3997900184847064
2022-08-25,NFLX,-0.6617270576307237
2022-08-25,CRM,-0.43892754391559086
2022-08-25,ORCL,-0.24916505515622545
2022-08-25,ADBE,-0.41320801961012754
2022-08-25,AVGO,-0.17179520325625142
2022-08-25,QCOM,-0.22002739964216256
2022-08-25,INTC,-0.3598391423475462
2022-08-25,BTC-USD,-0.6803031177234946
2022-08-25,ETH-USD,-0.6474592231172417
2022-08-25,SOL-USD,-0.8578626613553744
2022-08-26,AAPL,-0.09731829789469182
2022-08-26,MSFT,-0.21354214895620094
2022-08-26,NVDA,-0.5125779622199645
2022-08-26,GOOGL,-0.26360712900064076
2022-08-26,AMZN,-0.29248981669850904
2022-08-26,META,-0.5345264428427657
2022-08-26,TSLA,-0.29729005663807007
2022-08-26,AMD,-0.43684764225279316
2022-08-26,NFLX,-0.6771964387407665
2022-08-26,CRM,-0.46693113915749407
2022-08-26,ORCL,-0.27103875432498814
2022-08-26,ADBE,-0.4464895452789057
2022-08-26,AVGO,-0.2158604081183978
2022-08-26,QCOM,-0.26199916212714414
2022-08-26,INTC,-0.38791158346504573
2022-08-26,BTC-USD,-0.7001484294368747
2022-08-26,ETH-USD,-0.6866676120263964
2022-08-26,SOL-USD,-0.8723116572589077
2022-08-29,AAPL,-0.10967620560128111
2022-08-29,MSFT,-0.22193189387994416
2022-08-29,NVDA,-0.5263372536864521
2022-08-29,GOOGL,-0.2697470940925363
2022-08-29,AMZN,-0.29768457406828985
2022-08-29,META,-0.5420358816655162
2022-08-29,TSLA,-0.30526622319644103
2022-08-29,AMD,-0.4534618253209378
2022-08-29,NFLX,-0.6753314179970503
2022-08-29,CRM,-0.4831267848531873
2022-08-29,ORCL,-0.2755308176115435
2022-08-29,ADBE,-0.45485710820132264
2022-08-29,AVGO,-0.22591699518937736
2022-08-29,QCOM,-0.26893229587996303
2022-08-29,INTC,-0.3956178685441485
2022-08-29,BTC-USD,-0.6995863990674047
2022-08-29,ETH-USD,-0.6772632698318799
2022-08-29,SOL-USD,-0.869337681076203
2022-08-30,AAPL,-0.1233028013958144
2022-08-30,MSFT,-0.22856201531491782
2022-08-30,NVDA,-0.5363195460885437
2022-08-30,GOOGL,-0.2729504647457546
2022-08-30,AMZN,-0.30342039867234183
2022-08-30,META,-0.5478191135861517
2022-08-30,TSLA,-0.32263333565829777
2022-08-30,AMD,-0.46303501652163703
2022-08-30,NFLX,-0.6809986996641011
2022-08-30,CRM,-0.48486891996051573
2022-08-30,ORCL,-0.27601880219753927
2022-08-30,ADBE,-0.455133126102675
2022-08-30,AVGO,-0.23764469558771917
2022-08-30,QCOM,-0.28317170242459344
2022-08-30,INTC,-0.40809437825824846
2022-08-30,BTC-USD,-0.7070040263378132
2022-08-30,ETH-USD,-0.6833310079851611
2022-08-30,SOL-USD,-0.8735766382565958
2022-08-31,AAPL,-0.13262691215120304
2022-08-31,MSFT,-0.2329622072486145
2022-08-31,NVDA,-0.5475307802248893
2022-08-31,GOOGL,-0.27775567493148634
2022-08-31,AMZN,-0.3140262825081047
2022-08-31,META,-0.5312177244829114
2022-08-31,TSLA,-0.32773133514422514
2022-08-31,AMD,-0.4758198948367788
2022-08-31,NFLX,-0.6767916073018676
2022-08-31,CRM,-0.4963220811786999
2022-08-31,ORCL,-0.27592134652045186
2022-08-31,ADBE,-0.4575010458179075
2022-08-31,AVGO,-0.24860439130900713
2022-08-31,QCOM,-0.2906265145483039
2022-08-31,INTC,-0.4143326698978952
2022-08-31,BTC-USD,-0.7032602502106132
2022-08-31,ETH-USD,-0.6771286955912921
2022-08-31,SOL-USD,-0.8733315365296684
2022-09-01,AAPL,-0.1285439714314307
2022-09-01,MSFT,-0.236101111352349
2022-09-01,NVDA,-0.582213937630224
2022-09-01,GOOGL,-0.2676114451210999
2022-09-01,AMZN,-0.30834453985711974
2022-09-01,META,-0.5242260679492409
2022-09-01,TSLA,-0.32395052604616514
2022-09-01,AMD,-0.49150762788648017
2022-09-01,NFLX,-0.6674232656774084
2022-09-01,CRM,-0.5046779683873165
2022-09-01,ORCL,-0.26469158063770704
2022-09-01,ADBE,-0.4617284288862443
2022-09-01,AVGO,-0.25929320356391994
2022-09-01,QCOM,-0.3032297052877585
2022-09-01,INTC,-0.41726832573343575
2022-09-01,BTC-USD,-0.7021150587716745
2022-09-01,ETH-USD,-0.6703765694197605
2022-09-01,SOL-USD,-0.8728778653542579
2022-09-02,AAPL,-0.14040545836270746
2022-09-02,MSFT,-0.24883290750780995
2022-09-02,NVDA,-0.5909071915233126
2022-09-02,GOOGL,-0.2802249226760195
2022-09-02,AMZN,-0.31002198864873476
2022-09-02,META,-0.5387270746594901
2022-09-02,TSLA,-0.34090301570720694
2022-09-02,AMD,-0.5044160580020571
2022-09-02,NFLX,-0.6731049967466785
2022-09-02,CRM,-0.5041617894977437
2022-09-02,ORCL,-0.2707456810931672
2022-09-02,ADBE,-0.46520037587378327
2022-09-02,AVGO,-0.2469333393925418
2022-09-02,QCOM,-0.31095254181776155
2022-09-02,INTC,-0.42717623314575437
2022-09-02,BTC-USD,-0.7044441475418897
2022-09-02,ETH-USD,-0.6722377780968437
2022-09-02,SOL-USD,-0.8743176854302918
2022-09-06,AAPL,-0.1474671812140097
2022-09-06,MSFT,-0.2570761212112914
2022-09-06,NVDA,-0.5963629397482479
2022-09-06,GOOGL,-0.28716583323515554
2022-09-06,AMZN,-0.3175976317554037
2022-09-06,META,-0.5438486958774122
2022-09-06,TSLA,-0.3306339180656216
2022-09-06,AMD,-0.5138039686233087
2022-09-06,NFLX,-0.6842660569533667
2022-09-06,CRM,-0.5105174772382619
2022-09-06,ORCL,-0.27904604859209126
2022-09-06,ADBE,-0.46496798174611065
2022-09-06,AVGO,-0.24997440700870288
2022-09-06,QCOM,-0.3206597080302296
2022-09-06,INTC,-0.44295548901175097
2022-09-06,BTC-USD,-0.7211994629391225
2022-09-06,ETH-USD,-0.6754529989634865
2022-09-06,SOL-USD,-0.8756707307898863
2022-09-07,AAPL,-0.13957800457730163
2022-09-07,MSFT,-0.24287762524695922
2022-09-07,NVDA,-0.588776625970761
2022-09-07,GOOGL,-0.26954683202474217
2022-09-07,AMZN,-0.299362022859905
2022-09-07,META,-0.5385257148804035
2022-09-07,TSLA,-0.30799811849085934
2022-09-07,AMD,-0.5083070915340724
2022-09-07,NFLX,-0.6689846559481516
2022-09-07,CRM,-0.5054845198507882
2022-09-07,ORCL,-0.27260141922772274
2022-09-07,ADBE,-0.4483780468146932
2022-09-07,AVGO,-0.23954143255041593
2022-09-07,QCOM,-0.31030896091499516
2022-09-07,INTC,-0.43763451855442925
2022-09-07,BTC-USD,-0.714500077122719
2022-09-07,ETH-USD,-0.6612891172183492
2022-09-07,SOL-USD,-0.868349137119712
2022-09-08,AAPL,-0.14785322904377374
2022-09-08,MSFT,-0.24161633741699684
2022-09-08,NVDA,-0.5805004907616276
2022-09-08,GOOGL,-0.27668785044576816
2022-09-08,AMZN,-0.29752216307335444
2022-09-08,META,-0.5337208264340756
2022-09-08,TSLA,-0.2944361565374515
2022-09-08,AMD,-0.48872832495235574
2022-09-08,NFLX,-0.6711821783940847
2022-09-08,CRM,-0.4938056526529959
2022-09-08,ORCL,-0.27103875432498814
2022-09-08,ADBE,-0.4426979566163344
2022-09-08,AVGO,-0.22930417462065722
2022-09-08,QCOM,-0.30896821213529624
2022-09-08,INTC,-0.4357998026245854
2022-09-08,BTC-USD,-0.713915326192101
2022-09-08,ETH-USD,-0.6601583638207618
2022-09-08,SOL-USD,-0.8647360725198352
2022-09-09,AAPL,-0.1317991150595902
2022-09-09,MSFT,-0.22419096311252296
2022-09-09,NVDA,-0.5685962208484723
2022-09-09,GOOGL,-0.26153819978382387
2022-09-09,AMZN,-0.27885365084971847
2022-09-09,META,-0.5133215693953701
2022-09-09,TSLA,-0.2690197044089292
2022-09-09,AMD,-0.4722376936846464
2022-09-09,NFLX,-0.6623198140240604
2022-09-09,CRM,-0.47544846709569033
2022-09-09,ORCL,-0.2587346219924195
2022-09-09,ADBE,-0.4265002809832089
2022-09-09,AVGO,-0.21354208534825048
2022-09-09,QCOM,-0.29180645763777346
2022-09-09,INTC,-0.42277276778374184
2022-09-09,BTC-USD,-0.6835554822228086
2022-09-09,ETH-USD,-0.6427568110293547
2022-09-09,SOL-USD,-0.8601836854321341
2022-09-12,AAPL,-0.09836632591809091
2022-09-12,MSFT,-0.2177663924170834
2022-09-12,NVDA,-0.56505794431147
2022-09-12,GOOGL,-0.260136776525009
2022-09-12,AMZN,-0.26164617703756243
2022-09-12,META,-0.5138681173671769
2022-09-12,TSLA,-0.25745783222842933
2022-09-12,AMD,-0.4772404578145524
2022-09-12,NFLX,-0.6580404470755348
2022-09-12,CRM,-0.46564066684954586
2022-09-12,ORCL,-0.24730955242185604
2022-09-12,ADBE,-0.4242050232243395
2022-09-12,AVGO,-0.20351546679497445
2022-09-12,QCOM,-0.28671139738980844
2022-09-12,INTC,-0.4209379782887043
2022-09-12,BTC-USD,-0.6689137282371134
2022-09-12,ETH-USD,-0.6438623999318123
2022-09-12,SOL-USD,-0.8493797726477865
2022-09-13,AAPL,-0.1512738462637041
2022-09-13,MSFT,-0.2607724730001889
2022-09-13,NVDA,-0.6062582152348481
2022-09-13,GOOGL,-0.3037836783125022
2022-09-13,AMZN,-0.3137557076070355
2022-09-13,META,-0.5594141658178057
2022-09-13,TSLA,-0.28743565623586365
2022-09-13,AMD,-0.5242418810634388
2022-09-13,NFLX,-0.6846419620126318
2022-09-13,CRM,-0.4899341353930856
2022-09-13,ORCL,-0.2574652657216919
2022-09-13,ADBE,-0.46483719909127774
2022-09-13,AVGO,-0.24176966553476154
2022-09-13,QCOM,-0.3299914072816863
2022-09-13,INTC,-0.46258779546080686
2022-09-13,BTC-USD,-0.699605448494627
2022-09-13,ETH-USD,-0.6714964148204671
2022-09-13,SOL-USD,-0.8654517796953919
2022-09-14,AAPL,-0.1431638379093476
2022-09-14,MSFT,-0.26009758757252444
2022-09-14,NVDA,-0.6063481308008886
2022-09-14,GOOGL,-0.29924555275312037
2022-09-14,AMZN,-0.3043943692347504
2022-09-14,META,-0.5641903772275786
2022-09-14,TSLA,-0.261872857890752
2022-09-14,AMD,-0.5216478587087621
2022-09-14,NFLX,-0.6759819995744596
2022-09-14,CRM,-0.48290107887357914
2022-09-14,ORCL,-0.2957443962004842
2022-09-14,ADBE,-0.46029026301411546
2022-09-14,AVGO,-0.23108073045805466
2022-09-14,QCOM,-0.3160474229948018
2022-09-14,INTC,-0.46460609333142566
2022-09-14,BTC-USD,-0.7004285918779023
2022-09-14,ETH-USD,-0.6602815227157767
2022-09-14,SOL-USD,-0.8627924539773126
2022-09-15,AAPL,-0.15938376879150895
2022-09-15,MSFT,-0.2801632528006751
2022-09-15,NVDA,-0.6123152756013983
2022-09-15,GOOGL,-0.31319378521420327
2022-09-15,AMZN,-0.3166777431460621
2022-09-15,META,-0.5697145850344164
2022-09-15,TSLA,-0.2590921308984281
2022-09-15,AMD,-0.5265270710382328
2022-09-15,NFLX,-0.659703038312204
2022-09-15,CRM,-0.5006452110699577
2022-09-15,ORCL,-0.31410262898851293
2022-09-15,ADBE,-0.5509246378029791
2022-09-15,AVGO,-0.24705376616142882
2022-09-15,QCOM,-0.32972333810766263
2022-09-15,INTC,-0.4708443849710723
2022-09-15,BTC-USD,-0.7084188871341961
2022-09-15,ETH-USD,-0.6941673418632177
2022-09-15,SOL-USD,-0.8669937657923996
2022-09-16,AAPL,-0.16859716329514218
2022-09-16,MSFT,-0.2820407765673637
2022-09-16,NVDA,-0.6042491347097618
2022-09-16,GOOGL,-0.31392795952485675
2022-09-16,AMZN,-0.33155845445833054
2022-09-16,META,-0.5790943694345163
2022-09-16,TSLA,-0.2600677971552112
2022-09-16,AMD,-0.5274535210566761
2022-09-16,NFLX,-0.6528357944562607
2022-09-16,CRM,-0.5111949463533159
2022-09-16,ORCL,-0.32787142127962765
2022-09-16,ADBE,-0.5649142145583882
2022-09-16,AVGO,-0.24350083871932482
2022-09-16,QCOM,-0.32988427810108534
2022-09-16,INTC,-0.46350522699092245
2022-09-16,BTC-USD,-0.7073625544802056
2022-09-16,ETH-USD,-0.7023229974566609
2022-09-16,SOL-USD,-0.8703697659201359
2022-09-19,AAPL,-0.14774302775132886
2022-09-19,MSFT,-0.2826861059818503
2022-09-19,NVDA,-0.5987318547345583
2022-09-19,GOOGL,-0.3121259607284851
2022-09-19,AMZN,-0.3254438084792082
2022-09-19,META,-0.574116709599485
2022-09-19,TSLA,-0.24611555381137729
2022-09-19,AMD,-0.5258477246206601
2022-09-19,NFLX,-0.6477757185847659
2022-09-19,CRM,-0.5069363325522505
2022-09-19,ORCL,-0.3255276985590764
2022-09-19,ADBE,-0.5699115306323125
2022-09-19,AVGO,-0.24449452844261044
2022-09-19,QCOM,-0.3207669715140241
2022-09-19,INTC,-0.4598356112182507
2022-09-19,BTC-USD,-0.7107437266391584
2022-09-19,ETH-USD,-0.7137330919706488
2022-09-19,SOL-USD,-0.8684522319924808
2022-09-20,AAPL,-0.13439210684101133
2022-09-20,MSFT,-0.288758594717494
2022-09-20,NVDA,-0.6049088790545233
2022-09-20,GOOGL,-0.3250065229097544
2022-09-20,AMZN,-0.33880939942692967
2022-09-20,META,-0.5796697717352213
2022-09-20,TSLA,-0.24694487385157116
2022-09-20,AMD,-0.5352356352419119
2022-09-20,NFLX,-0.6489034061873664
2022-09-20,CRM,-0.5167118245852659
2022-09-20,ORCL,-0.334902197107638
2022-09-20,ADBE,-0.5771750662824229
2022-09-20,AVGO,-0.25771248707684435
2022-09-20,QCOM,-0.33084947038431045
2022-09-20,INTC,-0.46864268907266293
2022-09-20,BTC-USD,-0.7204132621476376
2022-09-20,ETH-USD,-0.7247788593888174
2022-09-20,SOL-USD,-0.8734921818314132
2022-09-21,AAPL,-0.15193591228389092
2022-09-21,MSFT,-0.2990260484220928
2022-09-21,NVDA,-0.6023600755371114
2022-09-21,GOOGL,-0.3374199954067201
2022-09-21,AMZN,-0.358560169970909
2022-09-21,META,-0.5910922741936013
2022-09-21,TSLA,-0.2662878091145109
2022-09-21,AMD,-0.5399913428921526
2022-09-21,NFLX,-0.6575488916481242
2022-09-21,CRM,-0.523712623059676
2022-09-21,ORCL,-0.34818257324574875
2022-09-21,ADBE,-0.5840899664079209
2022-09-21,AVGO,-0.26806593442360194
2022-09-21,QCOM,-0.3316540360482305
2022-09-21,INTC,-0.4776332017374627
2022-09-21,BTC-USD,-0.7254954701098011
2022-09-21,ETH-USD,-0.739695545123339
2022-09-21,SOL-USD,-0.875933803112283
2022-09-22,AAPL,-0.157342555911278
2022-09-22,MSFT,-0.2930709511754088
2022-09-22,NVDA,-0.6233500364483782
2022-09-22,GOOGL,-0.33168045164647697
2022-09-22,AMZN,-0.36521592446823614
2022-09-22,META,-0.5890781888487903
2022-09-22,TSLA,-0.29607045520745023
2022-09-22,AMD,-0.570749191352995
2022-09-22,NFLX,-0.6572886645321996
2022-09-22,CRM,-0.5155825923347661
2022-09-22,ORCL,-0.3552134275404879
2022-09-22,ADBE,-0.5829858948025112
2022-09-22,AVGO,-0.2749427266622473
2022-09-22,QCOM,-0.3366952854833738
2022-09-22,INTC,-0.4849723965002094
2022-09-22,BTC-USD,-0.7126763040388023
2022-09-22,ETH-USD,-0.7240947504123476
2022-09-22,SOL-USD,-0.8695646433255166
2022-09-23,AAPL,-0.17008659727418307
2022-09-23,MSFT,-0.30204760729040925
2022-09-23,NVDA,-0.6246994300277238
2022-09-23,GOOGL,-0.3410237873915908
2022-09-23,AMZN,-0.3843173400200096
2022-09-23,META,-0.5960121810477499
2022-09-23,TSLA,-0.32841430896782964
2022-09-23,AMD,-0.5802606537746818
2022-09-23,NFLX,-0.6726712665033406
2022-09-23,CRM,-0.5257128726958074
2022-09-23,ORCL,-0.3696657435056032
2022-09-23,ADBE,-0.5866176626275663
2022-09-23,AVGO,-0.28849942780396787
2022-09-23,QCOM,-0.3500493653771203
2022-09-23,INTC,-0.4950637755055124
2022-09-23,BTC-USD,-0.7143918220317523
2022-09-23,ETH-USD,-0.7239743565677049
2022-09-23,SOL-USD,-0.864462437386945
2022-09-26,AAPL,-0.16821094381227464
2022-09-26,MSFT,-0.30342647162349834
2022-09-26,NVDA,-0.63333531359955
2022-09-26,GOOGL,-0.34482794424819174
2022-09-26,AMZN,-0.3769040253404088
2022-09-26,META,-0.6076361762544741
2022-09-26,TSLA,-0.32675559444887814
2022-09-26,AMD,-0.5905132385141592
2022-09-26,NFLX,-0.6760543017359468
2022-09-26,CRM,-0.5279390791517107
2022-09-26,ORCL,-0.38040736786889473
2022-09-26,ADBE,-0.5976582456823547
2022-09-26,AVGO,-0.29824558279094715
2022-09-26,QCOM,-0.35782578888128935
2022-09-26,INTC,-0.5051551177282185
2022-09-26,BTC-USD,-0.7155013427678198
2022-09-26,ETH-USD,-0.7225070787826269
2022-09-26,SOL-USD,-0.863641731576263
2022-09-27,AAPL,-0.16274911371211342
2022-09-27,MSFT,-0.3064772627302004
2022-09-27,NVDA,-0.6277878704389304
2022-09-27,GOOGL,-0.3492992986509863
2022-09-27,AMZN,-0.38090827791584514
2022-09-27,META,-0.6133042567980311
2022-09-27,TSLA,-0.30985193648574205
2022-09-27,AMD,-0.5851399132253579
2022-09-27,NFLX,-0.6756350208948283
2022-09-27,CRM,-0.5196476578652538
2022-09-27,ORCL,-0.3904653116247283
2022-09-27,ADBE,-0.5967720712798275
2022-09-27,AVGO,-0.29446568067377576
2022-09-27,QCOM,-0.35460792913518857
2022-09-27,INTC,-0.5066230008198841
2022-09-27,BTC-USD,-0.7171608109286246
2022-09-27,ETH-USD,-0.7235861333484861
2022-09-27,SOL-USD,-0.8681913244321184
2022-09-28,AAPL,-0.1733416550757908
2022-09-28,MSFT,-0.292806889705562
2022-09-28,NVDA,-0.6181025318708062
2022-09-28,GOOGL,-0.33228098084001934
2022-09-28,AMZN,-0.3614280822729349
2022-09-28,META,-0.5925595013050047
2022-09-28,TSLA,-0.2979730304616748
2022-09-28,AMD,-0.577790136099235
2022-09-28,NFLX,-0.6455059215525408
2022-09-28,CRM,-0.5155180762445736
2022-09-28,ORCL,-0.3841180202373541
2022-09-28,ADBE,-0.5912082224784084
2022-09-28,AVGO,-0.2926286965137955
2022-09-28,QCOM,-0.3621699152072312
2022-09-28,INTC,-0.502219461892678
2022-09-28,BTC-USD,-0.7124813870619296
2022-09-28,ETH-USD,-0.7220726107301204
2022-09-28,SOL-USD,-0.8662381103132026
2022-09-29,AAPL,-0.2139463683610373
2022-09-29,MSFT,-0.30327980164261126
2022-09-29,NVDA,-0.6335751841073591
2022-09-29,GOOGL,-0.3498333136977816
2022-09-29,AMZN,-0.3787979257960927
2022-09-29,META,-0.6075209362312239
2022-09-29,TSLA,-0.3457814214296864
2022-09-29,AMD,-0.6038540056888488
2022-09-29,NFLX,-0.6534430002518167
2022-09-29,CRM,-0.5263581841018307
2022-09-29,ORCL,-0.40042568200338124
2022-09-29,ADBE,-0.5957842410713573
2022-09-29,AVGO,-0.31666013152371797
2022-09-29,QCOM,-0.38410489473360465
2022-09-29,INTC,-0.5159804566706527
2022-09-29,BTC-USD,-0.7103156782047033
2022-09-29,ETH-USD,-0.7224380539930625
2022-09-29,SOL-USD,-0.8633523750510101
2022-09-30,AAPL,-0.23755879762493903
2022-09-30,MSFT,-0.3167740411802684
2022-09-30,NVDA,-0.6360040236713562
2022-09-30,GOOGL,-0.3616458971874281
2022-09-30,AMZN,-0.38853804425951455
2022-09-30,META,-0.6096214072703867
2022-09-30,TSLA,-0.35300144105615816
2022-09-30,AMD,-0.6086714892393073
2022-09-30,NFLX,-0.6596162867484974
2022-09-30,CRM,-0.5359401278642686
2022-09-30,ORCL,-0.40364815361902284
2022-09-30,ADBE,-0.6002149800846833
2022-09-30,AVGO,-0.32595086329903633
2022-09-30,QCOM,-0.3940801301200967
2022-09-30,INTC,-0.527172665233862
2022-09-30,BTC-USD,-0.7124063745222612
2022-09-30,ETH-USD,-0.7240327270347346
2022-09-30,SOL-USD,-0.8663306577284
2022-10-03,AAPL,-0.21411192777935983
2022-10-03,MSFT,-0.2937750225879171
2022-10-03,NVDA,-0.624819336582118
2022-10-03,GOOGL,-0.3416911391436884
2022-10-03,AMZN,-0.37295389600197326
2022-10-03,META,-0.6011912006618678
2022-10-03,TSLA,-0.408737241323199
2022-10-03,AMD,-0.5916867450122676
2022-10-03,NFLX,-0.6544116617044184
2022-10-03,CRM,-0.5228416056740446
2022-10-03,ORCL,-0.38402032916008044
2022-10-03,ADBE,-0.585629832419096
2022-10-03,AVGO,-0.30656479417677296
2022-10-03,QCOM,-0.37134076400072735
2022-10-03,INTC,-0.5051551177282185
2022-10-03,BTC-USD,-0.7095678364267599
2022-10-03,ETH-USD,-0.7249760658254487
2022-10-03,SOL-USD,-0.8673159929241452
2022-10-04,AAPL,-0.19397504472850746
2022-10-04,MSFT,-0.2698959378567015
2022-10-04,NVDA,-0.6051787405506861
2022-10-04,GOOGL,-0.32166960994336125
2022-10-04,AMZN,-0.34476171697898383
2022-10-04,META,-0.59638631221554
2022-10-04,TSLA,-0.39156523233727336
2022-10-04,AMD,-0.5806312149335771
2022-10-04,NFLX,-0.6519539121425606
2022-10-04,CRM,-0.49758034560958475
2022-10-04,ORCL,-0.35853359023340325
2022-10-04,ADBE,-0.5714949760840641
2022-10-04,AVGO,-0.27152711398568696
2022-10-04,QCOM,-0.343720819833251
2022-10-04,INTC,-0.49176110291880937
2022-10-04,BTC-USD,-0.6990114185562118
2022-10-04,ETH-USD,-0.7169364408778959
2022-10-04,SOL-USD,-0.8626680953072565
2022-10-05,AAPL,-0.1923199655045923
2022-10-05,MSFT,-0.26895712971981567
2022-10-05,NVDA,-0.6039192912368915
2022-10-05,GOOGL,-0.3230711874080804
2022-10-05,AMZN,-0.3455192771612573
2022-10-05,META,-0.600126604462466
2022-10-05,TSLA,-0.4126155649399428
2022-10-05,AMD,-0.5803841584539118
2022-10-05,NFLX,-0.6577512935799762
2022-10-05,CRM,-0.4959671925146084
2022-10-05,ORCL,-0.3492567042953866
2022-10-05,ADBE,-0.5679939465807384
2022-10-05,AVGO,-0.26402767666303006
2022-10-05,QCOM,-0.33020611332019967
2022-10-05,INTC,-0.49286200604190944
2022-10-05,BTC-USD,-0.7016181259896164
2022-10-05,ETH-USD,-0.7188668772840203
2022-10-05,SOL-USD,-0.8628636454776892
2022-10-06,AAPL,-0.19767125100610172
2022-10-06,MSFT,-0.2760268910691164
2022-10-06,NVDA,-0.6062881775236915
2022-10-06,GOOGL,-0.32313790716269974
2022-10-06,AMZN,-0.34903650317155577
2022-10-06,META,-0.5998676689948401
2022-10-06,TSLA,-0.41915261074280974
2022-10-06,AMD,-0.5809400473134598
2022-10-06,NFLX,-0.6529948206062595
2022-10-06,CRM,-0.4984513629952162
2022-10-06,ORCL,-0.3623419729125007
2022-10-06,ADBE,-0.5664976600101399
2022-10-06,AVGO,-0.2720737937901915
2022-10-06,QCOM,-0.32811429631528444
2022-10-06,INTC,-0.5013020671451591
2022-10-06,BTC-USD,-0.7046562061126056
2022-10-06,ETH-USD,-0.7191012216449157
2022-10-06,SOL-USD,-0.8658059409053741
2022-10-07,AAPL,-0.22713190150613582
2022-10-07,MSFT,-0.31284309142761835
2022-10-07,NVDA,-0.6378931115435171
2022-10-07,GOOGL,-0.3414243115271791
2022-10-07,AMZN,-0.38009663578050457
2022-10-07,META,-0.6160375728571805
2022-10-07,TSLA,-0.4558869998779952
2022-10-07,AMD,-0.639058752980652
2022-10-07,NFLX,-0.6750711908811257
2022-10-07,CRM,-0.5151309295353859
2022-10-07,ORCL,-0.38196975813807876
2022-10-07,ADBE,-0.5805017780234423
2022-10-07,AVGO,-0.3009480307214153
2022-10-07,QCOM,-0.3515510093825106
2022-10-07,INTC,-0.5280901335465744
2022-10-07,BTC-USD,-0.7107034597922381
2022-10-07,ETH-USD,-0.723089616550932
2022-10-07,SOL-USD,-0.8671797817981282
2022-10-10,AAPL,-0.2253113486904499
2022-10-10,MSFT,-0.3274815973346118
2022-10-10,NVDA,-0.6500673290513663
2022-10-10,GOOGL,-0.34689671925910437
2022-10-10,AMZN,-0.384912571775215
2022-10-10,META,-0.6150593623521304
2022-10-10,TSLA,-0.45615531368150286
2022-10-10,AMD,-0.642949786512667
2022-10-10,NFLX,-0.667510017241115
2022-10-10,CRM,-0.5301328770584195
2022-10-10,ORCL,-0.38900065166618225
2022-10-10,ADBE,-0.5849325170367683
2022-10-10,AVGO,-0.3355300420572528
2022-10-10,QCOM,-0.38539205653913744
2022-10-10,INTC,-0.5376310242077305
2022-10-10,BTC-USD,-0.7167029309177002
2022-10-10,ETH-USD,-0.7316470923085431
2022-10-10,SOL-USD,-0.8713277345320076
2022-10-11,AAPL,-0.2332558834530356
2022-10-11,MSFT,-0.3387464161599514
2022-10-11,NVDA,-0.6525860267823831
2022-10-11,GOOGL,-0.35143494762242244
2022-10-11,AMZN,-0.3928128717360201
2022-10-11,META,-0.6301646035304402
2022-10-11,TSLA,-0.4719125805415957
2022-10-11,AMD,-0.6440615171105579
2022-10-11,NFLX,-0.690193565736342
2022-10-11,CRM,-0.540037351103787
2022-10-11,ORCL,-0.38743017932393864
2022-10-11,ADBE,-0.5862254476623776
2022-10-11,AVGO,-0.3460656341243159
2022-10-11,QCOM,-0.4099012701411141
2022-10-11,INTC,-0.5405666432606742
2022-10-11,BTC-USD,-0.7180359283181905
2022-10-11,ETH-USD,-0.7340913461026235
2022-10-11,SOL-USD,-0.8761330610134341
2022-10-12,AAPL,-0.23678635865920383
2022-10-12,MSFT,-0.33774895853212716
2022-10-12,NVDA,-0.6551648499876592
2022-10-12,GOOGL,-0.34889898012327014
2022-10-12,AMZN,-0.38907915277771943
2022-10-12,META,-0.6331568993803012
2022-10-12,TSLA,-0.4701075570253367
2022-10-12,AMD,-0.6427027535936045
2022-10-12,NFLX,-0.6806806473641036
2022-10-12,CRM,-0.5409408272066459
2022-10-12,ORCL,-0.3739832183207258
2022-10-12,ADBE,-0.5843078636108037
2022-10-12,AVGO,-0.3463540811072139
2022-10-12,QCOM,-0.41735585842616896
2022-10-12,INTC,-0.5352458199337398
2022-10-12,BTC-USD,-0.7164667064575188
2022-10-12,ETH-USD,-0.7309054753578204
2022-10-12,SOL-USD,-0.874569005090722
2022-10-13,AAPL,-0.21113271651507126
2022-10-13,MSFT,-0.31284309142761835
2022-10-13,NVDA,-0.6413714635028327
2022-10-13,GOOGL,-0.3388880870181862
2022-10-13,AMZN,-0.39108129970740435
2022-10-13,META,-0.6251295231376702
2022-10-13,TSLA,-0.4591799386283816
2022-10-13,AMD,-0.6359706176666446
2022-10-13,NFLX,-0.6638523054903647
2022-10-13,CRM,-0.5307781382964101
2022-10-13,ORCL,-0.3600456440961046
2022-10-13,ADBE,-0.5718291146838863
2022-10-13,AVGO,-0.33512012432021976
2022-10-13,QCOM,-0.39472380055832523
2022-10-13,INTC,-0.5152465702987151
2022-10-13,BTC-USD,-0.7131298769713411
2022-10-13,ETH-USD,-0.73231494075943
2022-10-13,SOL-USD,-0.8770681921534899
2022-10-14,AAPL,-0.23656578442121068
2022-10-14,MSFT,-0.3295057910821877
2022-10-14,NVDA,-0.6633508687341794
2022-10-14,GOOGL,-0.3555728574580247
2022-10-14,AMZN,-0.42154615927721417
2022-10-14,META,-0.63528598097139
2022-10-14,TSLA,-0.49998779207552346
2022-10-14,AMD,-0.6544994295506881
2022-10-14,NFLX,-0.6674810908614811
2022-10-14,CRM,-0.5411666836903525
2022-10-14,ORCL,-0.3687810703724934
2022-10-14,ADBE,-0.5817075054347951
2022-10-14,AVGO,-0.35162190784619396
2022-10-14,QCOM,-0.4103303240762918
2022-10-14,INTC,-0.5246039893668868
2022-10-14,BTC-USD,-0.7160491800132138
2022-10-14,ETH-USD,-0.7303826778980138
2022-10-14,SOL-USD,-0.879229852897511
2022-10-17,AAPL,-0.2143325020173531
2022-10-17,MSFT,-0.3031916423920371
2022-10-17,NVDA,-0.643530384171646
2022-10-17,GOOGL,-0.3328149958868145
2022-10-17,AMZN,-0.384263216783009
2022-10-17,META,-0.6143399543454486
2022-10-17,TSLA,-0.4649608374993497
2022-10-17,AMD,-0.6420233600548264
2022-10-17,NFLX,-0.6456504983003201
2022-10-17,CRM,-0.5251645862652368
2022-10-17,ORCL,-0.3421818301658277
2022-10-17,ADBE,-0.5736304573385207
2022-10-17,AVGO,-0.33906712548794793
2022-10-17,QCOM,-0.40153494224380704
2022-10-17,INTC,-0.5152465702987151
2022-10-17,BTC-USD,-0.7106456177529793
2022-10-17,ETH-USD,-0.7232565596380778
2022-10-17,SOL-USD,-0.8743299754445362
2022-10-18,AAPL,-0.2069398319825092
2022-10-18,MSFT,-0.30034607825007675
2022-10-18,NVDA,-0.6411614691853357
2022-10-18,GOOGL,-0.3274758220562556
2022-10-18,AMZN,-0.37035651731708275
2022-10-18,META,-0.6179076968191006
2022-10-18,TSLA,-0.4629119160285359
2022-10-18,AMD,-0.6422704165344917
2022-10-18,NFLX,-0.6517804090151476
2022-10-18,CRM,-0.5046779683873165
2022-10-18,ORCL,-0.3420837859882748
2022-10-18,ADBE,-0.5743858490862149
2022-10-18,AVGO,-0.3398870223729109
2022-10-18,QCOM,-0.4035727245972448
2022-10-18,INTC,-0.5253378757388245
2022-10-18,BTC-USD,-0.7138475113874527
2022-10-18,ETH-USD,-0.727675972625494
2022-10-18,SOL-USD,-0.8785983257945368
2022-10-19,AAPL,-0.20633278078199313
2022-10-19,MSFT,-0.3062718507512917
2022-10-19,NVDA,-0.6386427140552982
2022-10-19,GOOGL,-0.33508403296552136
2022-10-19,AMZN,-0.3773369286685462
2022-10-19,META,-0.6166705065233389
2022-10-19,TSLA,-0.45839941306681153
2022-10-19,AMD,-0.6465320347860046
2022-10-19,NFLX,-0.6062108549424512
2022-10-19,CRM,-0.504226355755969
2022-10-19,ORCL,-0.3492488183891489
2022-10-19,ADBE,-0.5644348407120463
2022-10-19,AVGO,-0.3391734277505404
2022-10-19,QCOM,-0.3947773427647602
2022-10-19,INTC,-0.5229526714648338
2022-10-19,BTC-USD,-0.7167317796709138
2022-10-19,ETH-USD,-0.7328094535296502
2022-10-19,SOL-USD,-0.8836836358421953
2022-10-20,AAPL,-0.20892585838996602
2022-10-20,MSFT,-0.30724002988718857
2022-10-20,NVDA,-0.634354777607494
2022-10-20,GOOGL,-0.3328149958868145
2022-10-20,AMZN,-0.376362916822204
2022-10-20,META,-0.6215618249871042
2022-10-20,TSLA,-0.49440203389976867
2022-10-20,AMD,-0.6431968429923323
2022-10-20,NFLX,-0.6123118668528397
2022-10-20,CRM,-0.4918698689390244
2022-10-20,ORCL,-0.3202937323523424
2022-10-20,ADBE,-0.5607304109306281
2022-10-20,AVGO,-0.34676387602245295
2022-10-20,QCOM,-0.39944325954208515
2022-10-20,INTC,-0.5214848619383619
2022-10-20,BTC-USD,-0.7180015584108048
2022-10-20,ETH-USD,-0.7333379840296779
2022-10-20,SOL-USD,-0.8869665742318396
2022-10-21,AAPL,-0.18752002977151427
2022-10-21,MSFT,-0.2897267275998492
2022-10-21,NVDA,-0.626198635051286
2022-10-21,GOOGL,-0.32507334546831
2022-10-21,AMZN,-0.35433946573140407
2022-10-21,META,-0.6259350952232745
2022-10-21,TSLA,-0.4769373324806644
2022-10-21,AMD,-0.6367117635450377
2022-10-21,NFLX,-0.5813586828057298
2022-10-21,CRM,-0.48325596753767064
2022-10-21,ORCL,-0.2864311801670636
2022-10-21,ADBE,-0.5549341236684331
2022-10-21,AVGO,-0.3172674852943931
2022-10-21,QCOM,-0.37927812749831913
2022-10-21,INTC,-0.5051551177282185
2022-10-21,BTC-USD,-0.7162443571491836
2022-10-21,ETH-USD,-0.7298581047177848
2022-10-21,SOL-USD,-0.88687167014308
2022-10-24,AAPL,-0.17549306924846664
2022-10-24,MSFT,-0.2746775364956633
2022-10-24,NVDA,-0.6222105797875088
2022-10-24,GOOGL,-0.3157967294778157
2022-10-24,AMZN,-0.3516338818564462
2022-10-24,META,-0.6267694773146912
2022-10-24,TSLA,-0.48471839556310425
2022-10-24,AMD,-0.6374529094234306
2022-10-24,NFLX,-0.5916523101009373
2022-10-24,CRM,-0.48170733053288683
2022-10-24,ORCL,-0.28427169732557933
2022-10-24,ADBE,-0.540624949571095
2022-10-24,AVGO,-0.3069595434222635
2022-10-24,QCOM,-0.3758457855523609
2022-10-24,INTC,-0.5013020671451591
2022-10-24,BTC-USD,-0.7136823970804831
2022-10-24,ETH-USD,-0.7204958217298459
2022-10-24,SOL-USD,-0.8860611509962972
2022-10-25,AAPL,-0.15954924238327972
2022-10-25,MSFT,-0.2646741442609114
2022-10-25,NVDA,-0.6023600755371114
2022-10-25,GOOGL,-0.30271590522875214
2022-10-25,AMZN,-0.3474131776169411
2022-10-25,META,-0.6043561349311747
2022-10-25,TSLA,-0.45747250406937023
2022-10-25,AMD,-0.6203446369565582
2022-10-25,NFLX,-0.5792623889009176
2022-10-25,CRM,-0.46680215714514195
2022-10-25,ORCL,-0.28211260681773875
2022-10-25,ADBE,-0.5296279459568831
2022-10-25,AVGO,-0.30157018451825146
2022-10-25,QCOM,-0.3608827534016984
2022-10-25,INTC,-0.49708199981093737
2022-10-25,BTC-USD,-0.7025780552448421
2022-10-25,ETH-USD,-0.6962512766161466
2022-10-25,SOL-USD,-0.8754766084412209
2022-10-26,AAPL,-0.17604476232310506
2022-10-26,MSFT,-0.32140901609188466
2022-10-26,NVDA,-0.6133048634190301
2022-10-26,GOOGL,-0.3664511587751281
2022-10-26,AMZN,-0.3741443182284504
2022-10-26,META,-0.6264817318412528
2022-10-26,TSLA,-0.45205747073987546
2022-10-26,AMD,-0.6310913582159685
2022-10-26,NFLX,-0.5682748042464476
2022-10-26,CRM,-0.48409467671017303
2022-10-26,ORCL,-0.26562282377432034
2022-10-26,ADBE,-0.5344364030106079
2022-10-26,AVGO,-0.29988525373907926
2022-10-26,QCOM,-0.36656753897187677
2022-10-26,INTC,-0.500751652366206
2022-10-26,BTC-USD,-0.6925941030142149
2022-10-26,ETH-USD,-0.6744517463195657
2022-10-26,SOL-USD,-0.8740891188006051
2022-10-27,AAPL,-0.20114696887225458
2022-10-27,MSFT,-0.3348154664073014
2022-10-27,NVDA,-0.6049088790545233
2022-10-27,GOOGL,-0.3845373524737814
2022-10-27,AMZN,-0.3995768314234148
2022-10-27,META,-0.7182069840240983
2022-10-27,TSLA,-0.4509598368961738
2022-10-27,AMD,-0.6380705506225937
2022-10-27,NFLX,-0.5707036274286715
2022-10-27,CRM,-0.484610805431713
2022-10-27,ORCL,-0.2623837172121871
2022-10-27,ADBE,-0.5370948818850861
2022-10-27,AVGO,-0.30865970410387533
2022-10-27,QCOM,-0.3848556495847032
2022-10-27,INTC,-0.5179987177586745
2022-10-27,BTC-USD,-0.6997663424429101
2022-10-27,ETH-USD,-0.685297719822773
2022-10-27,SOL-USD,-0.8767216459929333
2022-10-28,AAPL,-0.1407915061924715
2022-10-28,MSFT,-0.3080614465351148
2022-10-28,NVDA,-0.5851783387575408
2022-10-28,GOOGL,-0.35737475345045977
2022-10-28,AMZN,-0.44043112316491895
2022-10-28,META,-0.7145816880234501
2022-10-28,TSLA,-0.442593351728095
2022-10-28,AMD,-0.6170094687234884
2022-10-28,NFLX,-0.5724674196312667
2022-10-28,CRM,-0.47406101998032213
2022-10-28,ORCL,-0.2406920608540869
2022-10-28,ADBE,-0.5268823525343551
2022-10-28,AVGO,-0.2820930430358354
2022-10-28,QCOM,-0.3606681816663785
2022-10-28,INTC,-0.4666244279846411
2022-10-28,BTC-USD,-0.6951854610608894
2022-10-28,ETH-USD,-0.6767560987117909
2022-10-28,SOL-USD,-0.8707625550824467
2022-10-31,AAPL,-0.154032311636896
2022-10-31,MSFT,-0.3190329253986801
2022-10-31,NVDA,-0.5952834650640861
2022-10-31,GOOGL,-0.36925415949866225
2022-10-31,AMZN,-0.44567996248776665
2022-10-31,META,-0.7319599721757396
2022-10-31,TSLA,-0.44498379732999294
2022-10-31,AMD,-0.6290531775996344
2022-10-31,NFLX,-0.5780190509301719
2022-10-31,CRM,-0.47544846709569033
2022-10-31,ORCL,-0.2337231952750476
2022-10-31,ADBE,-0.5373127790879688
2022-10-31,AVGO,-0.28631338410581586
2022-10-31,QCOM,-0.3689809673572507
2022-10-31,INTC,-0.47836705132680346
2022-10-31,BTC-USD,-0.6966592334394859
2022-10-31,ETH-USD,-0.6731741662104757
2022-10-31,SOL-USD,-0.868751122682438
2022-11-01,AAPL,-0.1688729240059097
2022-11-01,MSFT,-0.330649918690899
2022-11-01,NVDA,-0.5939041378954075
2022-11-01,GOOGL,-0.39621649645418944
2022-11-01,AMZN,-0.4762530685315777
2022-11-01,META,-0.7260905318530959
2022-11-01,TSLA,-0.44430078628710645
2022-11-01,AMD,-0.6315236952750813
2022-11-01,NFLX,-0.5854356753975984
2022-11-01,CRM,-0.48438499911603927
2022-11-01,ORCL,-0.2431458723950518
2022-11-01,ADBE,-0.5409155087303408
2022-11-01,AVGO,-0.28968342989685114
2022-11-01,QCOM,-0.3707507700721272
2022-11-01,INTC,-0.48075232916598776
2022-11-01,BTC-USD,-0.6968146351401634
2022-11-01,ETH-USD,-0.6717215508026002
2022-11-01,SOL-USD,-0.8702105254107751
2022-11-02,AAPL,-0.19987819495775871
2022-11-02,MSFT,-0.3543236376967476
2022-11-02,NVDA,-0.6036194961513957
2022-11-02,GOOGL,-0.41957504142484614
2022-11-02,AMZN,-0.5015232120155403
2022-11-02,META,-0.7394982653273885
2022-11-02,TSLA,-0.475620179312079
2022-11-02,AMD,-0.6378852464825434
2022-11-02,NFLX,-0.6053145232265317
2022-11-02,CRM,-0.5160343053021792
2022-11-02,ORCL,-0.262678281311854
2022-11-02,ADBE,-0.5624155565214262
2022-11-02,AVGO,-0.3077033522059255
2022-11-02,QCOM,-0.3966544984988932
2022-11-02,INTC,-0.4968985282179531
2022-11-02,BTC-USD,-0.7016360769673173
2022-11-02,ETH-USD,-0.6841886555817742
2022-11-02,SOL-USD,-0.8760879541279248
2022-11-03,AAPL,-0.2338070615683635
2022-11-03,MSFT,-0.3714848117707493
2022-11-03,NVDA,-0.5975624070853351
2022-11-03,GOOGL,-0.4432005168159483
2022-11-03,AMZN,-0.5167827034189456
2022-11-03,META,-0.7441880688812668
2022-11-03,TSLA,-0.4748152379015562
2022-11-03,AMD,-0.6287443687803542
2022-11-03,NFLX,-0.6110107036980212
2022-11-03,CRM,-0.5279068211066145
2022-11-03,ORCL,-0.26356165974393964
2022-11-03,ADBE,-0.5846274609527327
2022-11-03,AVGO,-0.3257839484811702
2022-11-03,QCOM,-0.44288407512419237
2022-11-03,INTC,-0.4974489797795031
2022-11-03,BTC-USD,-0.7008889000403998
2022-11-03,ETH-USD,-0.6817302721266181
2022-11-03,SOL-USD,-0.8758633639050956
2022-11-04,AAPL,-0.23529932782361207
2022-11-04,MSFT,-0.3505393579249847
2022-11-04,NVDA,-0.575522876379729
2022-11-04,GOOGL,-0.4221778828845222
2022-11-04,AMZN,-0.5076919399477297
2022-11-04,META,-0.7387789238053355
2022-11-04,TSLA,-0.4939385794010479
2022-11-04,AMD,-0.6158977381255977
2022-11-04,NFLX,-0.6229669222298979
2022-11-04,CRM,-0.5490708077635231
2022-11-04,ORCL,-0.25404097767974676
2022-11-04,ADBE,-0.5848889375961918
2022-11-04,AVGO,-0.29363049247547635
2022-11-04,QCOM,-0.42781377948973565
2022-11-04,INTC,-0.4755989402198202
2022-11-04,BTC-USD,-0.6870175638609646
2022-11-04,ETH-USD,-0.658133103944078
2022-11-04,SOL-USD,-0.8640429955516443
2022-11-07,AAPL,-0.23231531027242547
2022-11-07,MSFT,-0.33152989232267993
2022-11-07,NVDA,-0.5711750440537484
2022-11-07,GOOGL,-0.40943086301642784
2022-11-07,AMZN,-0.510126990205552
2022-11-07,META,-0.721717128647668
2022-11-07,TSLA,-0.5192818956405576
2022-11-07,AMD,-0.6104008374757586
2022-11-07,NFLX,-0.6261330785532377
2022-11-07,CRM,-0.5335204233058205
2022-11-07,ORCL,-0.24677770493449802
2022-11-07,ADBE,-0.5648560938599183
2022-11-07,AVGO,-0.2785712509184767
2022-11-07,QCOM,-0.40957947968973085
2022-11-07,INTC,-0.4716938422622474
2022-11-07,BTC-USD,-0.6950749801643141
2022-11-07,ETH-USD,-0.6740310020491813
2022-11-07,SOL-USD,-0.8808641637923438
2022-11-08,AAPL,-0.22911011769738343
2022-11-08,MSFT,-0.3285964001978542
2022-11-08,NVDA,-0.562149306332834
2022-11-08,GOOGL,-0.4066944792435768
2022-11-08,AMZN,-0.5131031076976454
2022-11-08,META,-0.7224364258466351
2022-11-08,TSLA,-0.5333804852009807
2022-11-08,AMD,-0.6056451298255178
2022-11-08,NFLX,-0.6191068085472957
2022-11-08,CRM,-0.5254225502899411
2022-11-08,ORCL,-0.25757433447463196
2022-11-08,ADBE,-0.5610354670146638
2022-11-08,AVGO,-0.2681115627200237
2022-11-08,QCOM,-0.3964399267635733
2022-11-08,INTC,-0.47039214294305653
2022-11-08,BTC-USD,-0.7255861789149955
2022-11-08,ETH-USD,-0.7230234075466089
2022-11-08,SOL-USD,-0.9027922436422782
2022-11-09,AAPL,-0.25469595686563495
2022-11-09,MSFT,-0.34138670708362817
2022-11-09,NVDA,-0.5869175290869537
2022-11-09,GOOGL,-0.4172392331895517
2022-11-09,AMZN,-0.5338820133249677
2022-11-09,META,-0.7080504153826638
2022-11-09,TSLA,-0.5668219728050616
2022-11-09,AMD,-0.6299178752784628
2022-11-09,NFLX,-0.6318292865999222
2022-11-09,CRM,-0.5416828124118924
2022-11-09,ORCL,-0.2573781676527974
2022-11-09,ADBE,-0.5658294271435986
2022-11-09,AVGO,-0.28730013439774804
2022-11-09,QCOM,-0.40775591092976404
2022-11-09,INTC,-0.4882440981403823
2022-11-09,BTC-USD,-0.7649618797546965
2022-11-09,ETH-USD,-0.7713736871718405
2022-11-09,SOL-USD,-0.9438925614784741
2022-11-10,AAPL,-0.1883828440962404
2022-11-10,MSFT,-0.2872038744186739
2022-11-10,NVDA,-0.5277257646984542
2022-11-10,GOOGL,-0.3730582649532952
2022-11-10,AMZN,-0.47711887518785234
2022-11-10,META,-0.6781275233686821
2022-11-10,TSLA,-0.5347952273268137
2022-11-10,AMD,-0.5771107425604569
2022-11-10,NFLX,-0.6024664192031894
2022-11-10,CRM,-0.49574128586286914
2022-11-10,ORCL,-0.24255697959590428
2022-11-10,ADBE,-0.5206792647159746
2022-11-10,AVGO,-0.23097884978004135
2022-11-10,QCOM,-0.35278436037522165
2022-11-10,INTC,-0.446589499230692
2022-11-10,BTC-USD,-0.7397129335146662
2022-11-10,ETH-USD,-0.7299582299821769
2022-11-10,SOL-USD,-0.9288380539986839
2022-11-11,AAPL,-0.1727439589694154
2022-11-11,MSFT,-0.2750881291857722
2022-11-11,NVDA,-0.510424006566448
2022-11-11,GOOGL,-0.35657385938518726
2022-11-11,AMZN,-0.4546083975319144
2022-11-11,META,-0.6748187828472849
2022-11-11,TSLA,-0.521989412305305
2022-11-11,AMD,-0.5530232776869595
2022-11-11,NFLX,-0.5805490750783218
2022-11-11,CRM,-0.4911278837337779
2022-11-11,ORCL,-0.23696253723736704
2022-11-11,ADBE,-0.5044089714595894
2022-11-11,AVGO,-0.21349037737303223
2022-11-11,QCOM,-0.3487622483393187
2022-11-11,INTC,-0.4341303141196987
2022-11-11,BTC-USD,-0.7478897050304594
2022-11-11,ETH-USD,-0.73250255830578
2022-11-11,SOL-USD,-0.9342901300054749
2022-11-14,AAPL,-0.18059108059576667
2022-11-14,MSFT,-0.29139874688054557
2022-11-14,NVDA,-0.5113836033957261
2022-11-14,GOOGL,-0.3613124012182678
2022-11-14,AMZN,-0.46705409987029434
2022-11-14,META,-0.6713661252660825
2022-11-14,TSLA,-0.5342342210901274
2022-11-14,AMD,-0.5458588282614896
2022-11-14,NFLX,-0.5673350691734799
2022-11-14,CRM,-0.48812738385949905
2022-11-14,ORCL,-0.22920821970370187
2022-11-14,ADBE,-0.5055420812476825
2022-11-14,AVGO,-0.22088351243309667
2022-11-14,QCOM,-0.35214100331111087
2022-11-14,INTC,-0.435618059813652
2022-11-14,BTC-USD,-0.7540479599248614
2022-11-14,ETH-USD,-0.7419821910462088
2022-11-14,SOL-USD,-0.9436490718083808
2022-11-15,AAPL,-0.17086504409854053
2022-11-15,MSFT,-0.29016673754251043
2022-11-15,NVDA,-0.5002588695836849
2022-11-15,GOOGL,-0.3430259968537883
2022-11-15,AMZN,-0.464619049612472
2022-11-15,META,-0.6631373227597361
2022-11-15,TSLA,-0.525770184184083
2022-11-15,AMD,-0.5283181951749016
2022-11-15,NFLX,-0.5515331863612203
2022-11-15,CRM,-0.4771259857767607
2022-11-15,ORCL,-0.2228282469238101
2022-11-15,ADBE,-0.49742145371083146
2022-11-15,AVGO,-0.20388086163173047
2022-11-15,QCOM,-0.3241456817180852
2022-11-15,INTC,-0.42892351684293495
2022-11-15,BTC-USD,-0.7501049886489695
2022-11-15,ETH-USD,-0.7398766686064298
2022-11-15,SOL-USD,-0.9424419175922687
2022-11-16,AAPL,-0.17777287994255797
2022-11-16,MSFT,-0.2888723784301973
2022-11-16,NVDA,-0.5229280388476573
2022-11-16,GOOGL,-0.34028966448290543
2022-11-16,AMZN,-0.4744673732659612
2022-11-16,META,-0.6742144818945957
2022-11-16,TSLA,-0.5440642056433811
2022-11-16,AMD,-0.5509851441918308
2022-11-16,NFLX,-0.557576373087536
2022-11-16,CRM,-0.4995483873686526
2022-11-16,ORCL,-0.2158596167449569
2022-11-16,ADBE,-0.5083893748092568
2022-11-16,AVGO,-0.22314539858896187
2022-11-16,QCOM,-0.3525162912011979
2022-11-16,INTC,-0.45086654280740224
2022-11-16,BTC-USD,-0.7532895961567679
2022-11-16,ETH-USD,-0.7473856068220135
2022-11-16,SOL-USD,-0.9425054518226835
2022-11-17,AAPL,-0.1671073860098944
2022-11-17,MSFT,-0.2890194184394185
2022-11-17,NVDA,-0.5299147050551318
2022-11-17,GOOGL,-0.34355985769467934
2022-11-17,AMZN,-0.48675074717727307
2022-11-17,META,-0.6793359479817173
2022-11-17,TSLA,-0.5532112163730301
2022-11-17,AMD,-0.5435735911654902
2022-11-17,NFLX,-0.5731035518064566
2022-11-17,CRM,-0.5170666630813245
2022-11-17,ORCL,-0.22263200163524677
2022-11-17,ADBE,-0.5092319697712075
2022-11-17,AVGO,-0.22256862744495975
2022-11-17,QCOM,-0.34109295401575057
2022-11-17,INTC,-0.44417207340187903
2022-11-17,BTC-USD,-0.7530220369786672
2022-11-17,ETH-USD,-0.7504599369568515
2022-11-17,SOL-USD,-0.9451085052425623
2022-11-18,AAPL,-0.1639575515607301
2022-11-18,MSFT,-0.29037256580329485
2022-11-18,NVDA,-0.5379508836579249
2022-11-18,GOOGL,-0.3497665425411941
2022-11-18,AMZN,-0.4905926713256412
2022-11-18,META,-0.6776096302718876
2022-11-18,TSLA,-0.5604800304781257
2022-11-18,AMD,-0.5456117717818243
2022-11-18,NFLX,-0.5836574062175888
2022-11-18,CRM,-0.5223899428746643
2022-11-18,ORCL,-0.21743012832056496
2022-11-18,ADBE,-0.5193573402407855
2022-11-18,AVGO,-0.21793836863794624
2022-11-18,QCOM,-0.33578359063885255
2022-11-18,INTC,-0.44454394545582276
2022-11-18,BTC-USD,-0.7528701907856504
2022-11-18,ETH-USD,-0.7480718466629901
2022-11-18,SOL-USD,-0.9466831124610765
2022-11-21,AAPL,-0.18208300354480822
2022-11-21,MSFT,-0.28793088758788987
2022-11-21,NVDA,-0.5407095666947921
2022-11-21,GOOGL,-0.3619797015683974
2022-11-21,AMZN,-0.49968343479685706
2022-11-21,META,-0.6839107109662317
2022-11-21,TSLA,-0.5905310275938546
2022-11-21,AMD,-0.5524674359486168
2022-11-21,NFLX,-0.5878934249594562
2022-11-21,CRM,-0.5326816137972525
2022-11-21,ORCL,-0.2165465144882931
2022-11-21,ADBE,-0.5329691989557959
2022-11-21,AVGO,-0.21447706625406726
2022-11-21,QCOM,-0.35535886305721165
2022-11-21,INTC,-0.46183801900703914
2022-11-21,BTC-USD,-0.7663456370856909
2022-11-21,ETH-USD,-0.7696731304581206
2022-11-21,SOL-USD,-0.9523228433980439
2022-11-22,AAPL,-0.17009148938763274
2022-11-22,MSFT,-0.2791643613130568
2022-11-22,NVDA,-0.5190899385256488
2022-11-22,GOOGL,-0.35230256144231453
2022-11-22,AMZN,-0.4956791822214207
2022-11-22,META,-0.6793647136644438
2022-11-22,TSLA,-0.5855550329141276
2022-11-22,AMD,-0.5352356352419119
2022-11-22,NFLX,-0.5855223993861101
2022-11-22,CRM,-0.5184862679057234
2022-11-22,ORCL,-0.19397147969810724
2022-11-22,ADBE,-0.5193282577249989
2022-11-22,AVGO,-0.19533387722917717
2022-11-22,QCOM,-0.3368561807090653
2022-11-22,INTC,-0.4454737727210698
2022-11-22,BTC-USD,-0.7603887886923062
2022-11-22,ETH-USD,-0.7640995752984099
2022-11-22,SOL-USD,-0.9499506326785722
2022-11-23,AAPL,-0.16517311301314197
2022-11-23,MSFT,-0.2716625918838169
2022-11-23,NVDA,-0.5046667125858832
2022-11-23,GOOGL,-0.34289245454061335
2022-11-23,AMZN,-0.49064679456264193
2022-11-23,META,-0.6770629936539092
2022-11-23,TSLA,-0.5531380432647355
2022-11-23,AMD,-0.5281329145954541
2022-11-23,NFLX,-0.5785684315416552
2022-11-23,CRM,-0.5088399083891586
2022-11-23,ORCL,-0.1896529063487824
2022-11-23,ADBE,-0.5122100016545115
2022-11-23,AVGO,-0.1898840285916854
2022-11-23,QCOM,-0.3288115537276791
2022-11-23,INTC,-0.44826314416902047
2022-11-23,BTC-USD,-0.7541588455133656
2022-11-23,ETH-USD,-0.7541192655011515
2022-11-23,SOL-USD,-0.9422398078858135
2022-11-25,AAPL,-0.18153062385775587
2022-11-25,MSFT,-0.2719273471567901
2022-11-25,NVDA,-0.5121331772079969
2022-11-25,GOOGL,-0.3495663832773359
2022-11-25,AMZN,-0.49454280066407696
2022-11-25,META,-0.6794510328741669
2022-11-25,TSLA,-0.5539673633049292
2022-11-25,AMD,-0.5359150287806898
2022-11-25,NFLX,-0.5871849906227792
2022-11-25,CRM,-0.5052586633670817
2022-11-25,ORCL,-0.18808231630644567
2022-11-25,ADBE,-0.5143600241668613
2022-11-25,AVGO,-0.19554654316525888
2022-11-25,QCOM,-0.33792890508247164
2022-11-25,INTC,-0.4543997319284343
2022-11-25,BTC-USD,-0.755474065375553
2022-11-25,ETH-USD,-0.7508511789007885
2022-11-25,SOL-USD,-0.9434004197181879
2022-11-28,AAPL,-0.20302699948830205
2022-11-28,MSFT,-0.28878408041899783
2022-11-28,NVDA,-0.5254168890878721
2022-11-28,GOOGL,-0.3589764387770691
2022-11-28,AMZN,-0.49162080640898387
2022-11-28,META,-0.6870181138700853
2022-11-28,TSLA,-0.55382101708834
2022-11-28,AMD,-0.5479587376568358
2022-11-28,NFLX,-0.5935028538672391
2022-11-28,CRM,-0.5041617894977437
2022-11-28,ORCL,-0.20113666903243865
2022-11-28,ADBE,-0.5221029336633135
2022-11-28,AVGO,-0.207235861753017
2022-11-28,QCOM,-0.3588984237192332
2022-11-28,INTC,-0.4657431905298054
2022-11-28,BTC-USD,-0.7599810037608599
2022-11-28,ETH-USD,-0.756844362163761
2022-11-28,SOL-USD,-0.9460511516380493
2022-11-29,AAPL,-0.21988153189409076
2022-11-29,MSFT,-0.29299093254818254
2022-11-29,NVDA,-0.5310541617160012
2022-11-29,GOOGL,-0.3647159825373122
2022-11-29,AMZN,-0.49989988646092576
2022-11-29,META,-0.6850615598907277
2022-11-29,TSLA,-0.5589189421357035
2022-11-29,AMD,-0.5467235023797151
2022-11-29,NFLX,-0.5938064567650171
2022-11-29,CRM,-0.5106465094186468
2022-11-29,ORCL,-0.2064369396249527
2022-11-29,ADBE,-0.5252843658247102
2022-11-29,AVGO,-0.20848072204476176
2022-11-29,QCOM,-0.36511957147611473
2022-11-29,INTC,-0.46258191024531414
2022-11-29,BTC-USD,-0.75661159657441
2022-11-29,ETH-USD,-0.7471157226852343
2022-11-29,SOL-USD,-0.9461911472593959
2022-11-30,AAPL,-0.18197263059925983
2022-11-30,MSFT,-0.24942236264386353
2022-11-30,NVDA,-0.4924227552677951
2022-11-30,GOOGL,-0.3260077304447895
2022-11-30,AMZN,-0.4776058604690566
2022-11-30,META,-0.6602026025984142
2022-11-30,TSLA,-0.5250872103604785
2022-11-30,AMD,-0.5205361281108714
2022-11-30,NFLX,-0.558284779849018
2022-11-30,CRM,-0.4829977526728023
2022-11-30,ORCL,-0.18503961196633323
2022-11-30,ADBE,-0.4989177402814301
2022-11-30,AVGO,-0.16348452798509927
2022-11-30,QCOM,-0.3172998450409754
2022-11-30,INTC,-0.4408248203078189
2022-11-30,BTC-USD,-0.7459024364072884
2022-11-30,ETH-USD,-0.7307429208368615
2022-11-30,SOL-USD,-0.9431899004485816
2022-12-01,AAPL,-0.18042526369778888
2022-12-01,MSFT,-0.25074627776935454
2022-12-01,NVDA,-0.4860642639436571
2022-12-01,GOOGL,-0.3260077304447895
2022-12-01,AMZN,-0.483233479883041
2022-12-01,META,-0.6534699258554555
2022-12-01,TSLA,-0.5250872103604785
2022-12-01,AMD,-0.5214625310081091
2022-12-01,NFLX,-0.5417744902752766
2022-12-01,CRM,-0.5257451809089364
2022-12-01,ORCL,-0.17443907078130516
2022-12-01,ADBE,-0.500108970767993
2022-12-01,AVGO,-0.16390949139188105
2022-12-01,QCOM,-0.3155726164384065
2022-12-01,INTC,-0.4452877999115009
2022-12-01,BTC-USD,-0.748883686220841
2022-12-01,ETH-USD,-0.7347774844738617
2022-12-01,SOL-USD,-0.9457434637236548
2022-12-02,AAPL,-0.1831883637047752
2022-12-02,MSFT,-0.24977541592803632
2022-12-02,NVDA,-0.49383241781895204
2022-12-02,GOOGL,-0.3296781907823112
2022-12-02,AMZN,-0.49064679456264193
2022-12-02,META,-0.6446945310542167
2022-12-02,TSLA,-0.5246969289700523
2022-12-02,AMD,-0.5369032075781454
2022-12-02,NFLX,-0.5367722395878545
2022-12-02,CRM,-0.5336171472730764
2022-12-02,ORCL,-0.18189874574857468
2022-12-02,ADBE,-0.5038569356568845
2022-12-02,AVGO,-0.17901454547799334
2022-12-02,QCOM,-0.3217794832890566
2022-12-02,INTC,-0.45309799582664656
2022-12-02,BTC-USD,-0.7470850618496456
2022-12-02,ETH-USD,-0.7310307904847768
2022-12-02,SOL-USD,-0.944798986492192
2022-12-05,AAPL,-0.1897090359738559
2022-12-05,MSFT,-0.26395504044733464
2022-12-05,NVDA,-0.5018105947112542
2022-12-05,GOOGL,-0.3360851890985884
2022-12-05,AMZN,-0.5075296115206616
2022-12-05,META,-0.6477443139464452
2022-12-05,TSLA,-0.5549674454106652
2022-12-05,AMD,-0.5453029394019414
2022-12-05,NFLX,-0.5480778765423221
2022-12-05,CRM,-0.5679119643333381
2022-12-05,ORCL,-0.2203746707830314
2022-12-05,ADBE,-0.514665080250897
2022-12-05,AVGO,-0.1944384449409856
2022-12-05,QCOM,-0.33451702198964106
2022-12-05,INTC,-0.45756101221292567
2022-12-05,BTC-USD,-0.7487698232560033
2022-12-05,ETH-USD,-0.7382265423527078
2022-12-05,SOL-USD,-0.9443342458598543
2022-12-06,AAPL,-0.21026612582206816
2022-12-06,MSFT,-0.2788995597865418
2022-12-06,NVDA,-0.5204965015296839
2022-12-06,GOOGL,-0.35276980533252245
2022-12-06,AMZN,-0.5224644460699306
2022-12-06,META,-0.6716538264164351
2022-12-06,TSLA,-0.5613825236266141
2022-12-06,AMD,-0.5659934837027542
2022-12-06,NFLX,-0.5582414040671648
2022-12-06,CRM,-0.57004134648592
2022-12-06,ORCL,-0.22547853915352456
2022-12-06,ADBE,-0.5189360427598102
2022-12-06,AVGO,-0.20175543048885225
2022-12-06,QCOM,-0.35351546219235275
2022-12-06,INTC,-0.4681605427934249
2022-12-06,BTC-USD,-0.747072574212984
2022-12-06,ETH-USD,-0.7357375911388506
2022-12-06,SOL-USD,-0.9424919834716581
2022-12-07,AAPL,-0.22115253729893203
2022-12-07,MSFT,-0.2811059462350681
2022-12-07,NVDA,-0.516507499182064
2022-12-07,GOOGL,-0.36638443902050877
2022-12-07,AMZN,-0.5213281057965203
2022-12-07,META,-0.6722005295190423
2022-12-07,TSLA,-0.5754811504063192
2022-12-07,AMD,-0.5667963819207621
2022-12-07,NFLX,-0.5541066138664184
2022-12-07,CRM,-0.5790423945964613
2022-12-07,ORCL,-0.22675432969600828
2022-12-07,ADBE,-0.525429645404333
2022-12-07,AVGO,-0.21286803934350507
2022-12-07,QCOM,-0.3619892326443789
2022-12-07,INTC,-0.47318147760841023
2022-12-07,BTC-USD,-0.7506449922148836
2022-12-07,ETH-USD,-0.7438871331805537
2022-12-07,SOL-USD,-0.9455877697393289
2022-12-08,AAPL,-0.2117029481248872
2022-12-08,MSFT,-0.27219205617622133
2022-12-08,NVDA,-0.4850442833445261
2022-12-08,GOOGL,-0.37459328192725305
2022-12-08,AMZN,-0.5111010020518941
2022-12-08,META,-0.6681724474755919
2022-12-08,TSLA,-0.5769446497914938
2022-12-08,AMD,-0.5647582013044281
2022-12-08,NFLX,-0.5514464623727088
2022-12-08,CRM,-0.5801716017629448
2022-12-08,ORCL,-0.21409278141405685
2022-12-08,ADBE,-0.5168586822038235
2022-12-08,AVGO,-0.19377035579324298
2022-12-08,QCOM,-0.3428828126741744
2022-12-08,INTC,-0.4711359238335411
2022-12-08,BTC-USD,-0.744941784487904
2022-12-08,ETH-USD,-0.7337711837104541
2022-12-08,SOL-USD,-0.9449053093168595
2022-12-09,AAPL,-0.21441060417944413
2022-12-09,MSFT,-0.27801694970288116
2022-12-09,NVDA,-0.4900831711810997
2022-12-09,GOOGL,-0.380466316598703
2022-12-09,AMZN,-0.5179190849762895
2022-12-09,META,-0.6665324268139422
2022-12-09,TSLA,-0.5632607202511677
2022-12-09,AMD,-0.5763696202426667
2022-12-09,NFLX,-0.5373505465789716
2022-12-09,CRM,-0.5770099872512995
2022-12-09,ORCL,-0.21615394544443767
2022-12-09,ADBE,-0.5196768932496112
2022-12-09,AVGO,-0.17306358392152177
2022-12-09,QCOM,-0.357455425441627
2022-12-09,INTC,-0.4748550857641419
2022-12-09,BTC-USD,-0.7464265702682784
2022-12-09,ETH-USD,-0.7372689470637448
2022-12-09,SOL-USD,-0.945344138054705
2022-12-12,AAPL,-0.20153481905960535
2022-12-12,MSFT,-0.25715942383998214
2022-12-12,NVDA,-0.47406689281880854
2022-12-12,GOOGL,-0.37726284314154845
2022-12-12,AMZN,-0.5100187437315509
2022-12-12,META,-0.6699563187124179
2022-12-12,TSLA,-0.590652957961491
2022-12-12,AMD,-0.5635229660273073
2022-12-12,NFLX,-0.5443334408030602
2022-12-12,CRM,-0.5705573748713942
2022-12-12,ORCL,-0.20221629275308772
2022-12-12,ADBE,-0.508738010333869
2022-12-12,AVGO,-0.1549831718789676
2022-12-12,QCOM,-0.34579728150638755
2022-12-12,INTC,-0.46648697142029016
2022-12-12,BTC-USD,-0.7453419380858349
2022-12-12,ETH-USD,-0.7351213907848227
2022-12-12,SOL-USD,-0.946397168122789
2022-12-13,AAPL,-0.19611933529738812
2022-12-13,MSFT,-0.24418599918242245
2022-12-13,NVDA,-0.45796032579684187
2022-12-13,GOOGL,-0.3617794909025712
2022-12-13,AMZN,-0.4995211063697891
2022-12-13,META,-0.6543043079468722
2022-12-13,TSLA,-0.6074103069273198
2022-12-13,AMD,-0.5574702000785228
2022-12-13,NFLX,-0.5368734405537804
2022-12-13,CRM,-0.5624597025276461
2022-12-13,ORCL,-0.20928324174304436
2022-12-13,ADBE,-0.5025059286659088
2022-12-13,AVGO,-0.1331072593514211
2022-12-13,QCOM,-0.3334916171080422
2022-12-13,INTC,-0.4657431905298054
2022-12-13,BTC-USD,-0.7368336082540503
2022-12-13,ETH-USD,-0.725576639839759
2022-12-13,SOL-USD,-0.9443226812711851
2022-12-14,AAPL,-0.20860821432194532
2022-12-14,MSFT,-0.24330334284522004
2022-12-14,NVDA,-0.46989777234400376
2022-12-14,GOOGL,-0.3655168766025848
2022-12-14,AMZN,-0.504445247554567
2022-12-14,META,-0.6501611631725153
2022-12-14,TSLA,-0.6175329839137519
2022-12-14,AMD,-0.574269663726115
2022-12-14,NFLX,-0.5405022259248968
2022-12-14,CRM,-0.5652665036272491
2022-12-14,ORCL,-0.1969160221605737
2022-12-14,ADBE,-0.5061957728563304
2022-12-14,AVGO,-0.1279457962859304
2022-12-14,QCOM,-0.34309872744142844
2022-12-14,INTC,-0.47448314014500437
2022-12-14,BTC-USD,-0.7363254886308161
2022-12-14,ETH-USD,-0.7279083636939246
2022-12-14,SOL-USD,-0.9430889588231555
2022-12-15,AAPL,-0.24568828860654246
2022-12-15,MSFT,-0.2674557860081741
2022-12-15,NVDA,-0.49155304530504706
2022-12-15,GOOGL,-0.39361380920041766
2022-12-15,AMZN,-0.5213822290335208
2022-12-15,META,-0.6658131074534321
2022-12-15,TSLA,-0.6154108893346435
2022-12-15,AMD,-0.5890927226575908
2022-12-15,NFLX,-0.5801442712146179
2022-12-15,CRM,-0.5791715521969284
2022-12-15,ORCL,-0.21409278141405685
2022-12-15,ADBE,-0.5224806517037123
2022-12-15,AVGO,-0.15290324621071738
2022-12-15,QCOM,-0.3704629583286737
2022-12-15,INTC,-0.4951245035728775
2022-12-15,BTC-USD,-0.7429971819566601
2022-12-15,ETH-USD,-0.7368389690471636
2022-12-15,SOL-USD,-0.9435679546437831
2022-12-16,AAPL,-0.25668533050860987
2022-12-16,MSFT,-0.2801644091392188
2022-12-16,NVDA,-0.5029804441536228
2022-12-16,GOOGL,-0.3976181253208768
2022-12-16,AMZN,-0.5245747981896831
2022-12-16,META,-0.6563759024955937
2022-12-16,TSLA,-0.6335585645773523
2022-12-16,AMD,-0.5960101156033955
2022-12-16,NFLX,-0.5797105685464752
2022-12-16,CRM,-0.586172375755355
2022-12-16,ORCL,-0.21890224261834068
2022-12-16,ADBE,-0.5082005157890574
2022-12-16,AVGO,-0.15607610161169816
2022-12-16,QCOM,-0.3818511080774508
2022-12-16,INTC,-0.49940154714958784
2022-12-16,BTC-USD,-0.7536145348690659
2022-12-16,ETH-USD,-0.7572239858226482
2022-12-16,SOL-USD,-0.95063087844201
2022-12-19,AAPL,-0.26851119942091106
2022-12-19,MSFT,-0.2926378330104683
2022-12-19,NVDA,-0.5124883623485383
2022-12-19,GOOGL,-0.40976451319149265
2022-12-19,AMZN,-0.5404836445852943
2022-12-19,META,-0.6706180402228459
2022-12-19,TSLA,-0.63443667909617
2022-12-19,AMD,-0.6010747027547245
2022-12-19,NFLX,-0.5831947771698122
2022-12-19,CRM,-0.5837850295780688
2022-12-19,ORCL,-0.20987221300892056
2022-12-19,ADBE,-0.5224079897473493
2022-12-19,AVGO,-0.15864768292080056
2022-12-19,QCOM,-0.3922137186414355
2022-12-19,INTC,-0.5018189361958041
2022-12-19,BTC-USD,-0.75669007790204
2022-12-19,ETH-USD,-0.7573589659421897
2022-12-19,SOL-USD,-0.9519749231509478
2022-12-20,AAPL,-0.2688980196896409
2022-12-20,MSFT,-0.28866631890170424
2022-12-20,NVDA,-0.5175573846710175
2022-12-20,GOOGL,-0.40589368798224046
2022-12-20,AMZN,-0.5390226061738141
2022-12-20,META,-0.6631085570770094
2022-12-20,TSLA,-0.663877838277307
2022-12-20,AMD,-0.5982335767991771
2022-12-20,NFLX,-0.5833538033198109
2022-12-20,CRM,-0.5855917058596062
2022-12-20,ORCL,-0.20555348272613827
2022-12-20,ADBE,-0.5086653927106093
2022-12-20,AVGO,-0.16723525992622712
2022-12-20,QCOM,-0.39496639689333435
2022-12-20,INTC,-0.5083275063569523
2022-12-20,BTC-USD,-0.7497839523231282
2022-12-20,ETH-USD,-0.7469489825375654
2022-12-20,SOL-USD,-0.9505749016875625
2022-12-21,AAPL,-0.25149085011714467
2022-12-21,MSFT,-0.28092939646621085
2022-12-21,NVDA,-0.5050800429344675
2022-12-21,GOOGL,-0.40215625088025875
2022-12-21,AMZN,-0.5304729925047368
2022-12-21,META,-0.6554264133501844
2022-12-21,TSLA,-0.6644388445139933
2022-12-21,AMD,-0.581990002011133
2022-12-21,NFLX,-0.5692289887216349
2022-12-21,CRM,-0.5796231146602431
2022-12-21,ORCL,-0.20005688837833213
2022-12-21,ADBE,-0.5040748328597671
2022-12-21,AVGO,-0.1408909063050875
2022-12-21,QCOM,-0.3815272583104353
2022-12-21,INTC,-0.5010751920879163
2022-12-21,BTC-USD,-0.7510977557635646
2022-12-21,ETH-USD,-0.7478017595867341
2022-12-21,SOL-USD,-0.9511847581408103
2022-12-22,AAPL,-0.2692848399583707
2022-12-22,MSFT,-0.2992863171015162
2022-12-22,NVDA,-0.539932183056957
2022-12-22,GOOGL,-0.41430274155481084
2022-12-22,AMZN,-0.5465982492804831
2022-12-22,META,-0.6630222157057437
2022-12-22,TSLA,-0.6942459250655264
2022-12-22,AMD,-0.6055833539253
2022-12-22,NFLX,-0.5695325916194127
2022-12-22,CRM,-0.583204234262238
2022-12-22,ORCL,-0.20997037488656667
2022-12-22,ADBE,-0.5111350125648881
2022-12-22,AVGO,-0.15335123870384937
2022-12-22,QCOM,-0.40263058769555315
2022-12-22,INTC,-0.5170675663199417
2022-12-22,BTC-USD,-0.7509082154080324
2022-12-22,ETH-USD,-0.7468495421939076
2022-12-22,SOL-USD,-0.9525296280693178
2022-12-23,AAPL,-0.27132940007411976
2022-12-23,MSFT,-0.2976978317172192
2022-12-23,NVDA,-0.5439212715031081
2022-12-23,GOOGL,-0.4044921105175212
2022-12-23,AMZN,-0.538697949319678
2022-12-23,META,-0.6603752188563172
2022-12-23,TSLA,-0.6996121639163975
2022-12-23,AMD,-0.6015070398138374
2022-12-23,NFLX,-0.5735661808542332
2022-12-23,CRM,-0.5823977078827827
2022-12-23,ORCL,-0.2064369396249527
2022-12-23,ADBE,-0.508331254110787
2022-12-23,AVGO,-0.15436157078020396
2022-12-23,QCOM,-0.4017670181619999
2022-12-23,INTC,-0.5148360029529069
2022-12-23,BTC-USD,-0.7514023731597212
2022-12-23,ETH-USD,-0.7464386404881507
2022-12-23,SOL-USD,-0.9525644945557002
2022-12-27,AAPL,-0.2814423426666275
2022-12-27,MSFT,-0.3029047779261077
2022-12-27,NVDA,-0.5764641055223597
2022-12-27,GOOGL,-0.41677209210328015
2022-12-27,AMZN,-0.5506566250929199
2022-12-27,META,-0.663712769383527
2022-12-27,TSLA,-0.7338829715606723
2022-12-27,AMD,-0.6092273545382527
2022-12-27,NFLX,-0.5891656617346408
2022-12-27,CRM,-0.5784616996166961
2022-12-27,ORCL,-0.20516091368228284
2022-12-27,ADBE,-0.5132123731208749
2022-12-27,AVGO,-0.15266245408384005
2022-12-27,QCOM,-0.4092152941969649
2022-12-27,INTC,-0.5176253744008574
2022-12-27,BTC-USD,-0.7525831196752659
2022-12-27,ETH-USD,-0.7479697427386987
2022-12-27,SOL-USD,-0.9553847304134327
2022-12-28,AAPL,-0.3034913983771571
2022-12-28,MSFT,-0.310053447817633
2022-12-28,NVDA,-0.5790135404290002
2022-12-28,GOOGL,-0.42591521718256764
2022-12-28,AMZN,-0.5572582563532466
2022-12-28,META,-0.6673379988995465
2022-12-28,TSLA,-0.7250774477428255
2022-12-28,AMD,-0.6135507486899834
2022-12-28,NFLX,-0.5997050667435536
2022-12-28,CRM,-0.5855271396013808
2022-12-28,ORCL,-0.21154072952871716
2022-12-28,ADBE,-0.5230326875064173
2022-12-28,AVGO,-0.16590362603711495
2022-12-28,QCOM,-0.42265438801213273
2022-12-28,INTC,-0.5250636982620591
2022-12-28,BTC-USD,-0.7550192494606613
2022-12-28,ETH-USD,-0.7527089629741998
2022-12-28,SOL-USD,-0.960735634500964
2022-12-29,AAPL,-0.2837630497126269
2022-12-29,MSFT,-0.2909904206139825
2022-12-29,NVDA,-0.5620073011554423
2022-12-29,GOOGL,-0.4096977934368733
2022-12-29,AMZN,-0.5444878971607305
2022-12-29,META,-0.6539877967907072
2022-12-29,TSLA,-0.7028563081881601
2022-12-29,AMD,-0.5996541397769508
2022-12-29,NFLX,-0.5791178121531385
2022-12-29,CRM,-0.5723965349541755
2022-12-29,ORCL,-0.20103842868806387
2022-12-29,ADBE,-0.509595146553713
2022-12-29,AVGO,-0.1461259396251049
2022-12-29,QCOM,-0.4071642605951119
2022-12-29,INTC,-0.5126045867162594
2022-12-29,BTC-USD,-0.7536906458582556
2022-12-29,ETH-USD,-0.7502964438408122
2022-12-29,SOL-USD,-0.9611546963514395
2022-12-30,AAPL,-0.28199489400678335
2022-12-30,MSFT,-0.29449116617482196
2022-12-30,NVDA,-0.5616773428845304
2022-12-30,GOOGL,-0.4111659364503075
2022-12-30,AMZN,-0.5454619090070727
2022-12-30,META,-0.6537576491673509
2022-12-30,TSLA,-0.6995389908081029
2022-12-30,AMD,-0.5999629721568337
2022-12-30,NFLX,-0.5736818312223786
2022-12-30,CRM,-0.5722350942245958
2022-12-30,ORCL,-0.19770139564847078
2022-12-30,ADBE,-0.5111204713069948
2022-12-30,AVGO,-0.14410558252688033
2022-12-30,QCOM,-0.40662458559630477
2022-12-30,INTC,-0.5085134791665211
2022-12-30,BTC-USD,-0.7542790390162333
2022-12-30,ETH-USD,-0.7507874051701876
2022-12-30,SOL-USD,-0.9602354861917353
2023-01-03,AAPL,-0.30885160984004845
2023-01-03,MSFT,-0.2951971339825421
2023-01-03,NVDA,-0.5706453945895683
2023-01-03,GOOGL,-0.40522623342620645
2023-01-03,AMZN,-0.5356135853535833
2023-01-03,META,-0.6410979785747521
2023-01-03,TSLA,-0.736322174421912
2023-01-03,AMD,-0.6045951751278446
2023-01-03,NFLX,-0.5735806302564526
2023-01-03,CRM,-0.5651696793239276
2023-01-03,ORCL,-0.1782671486093147
2023-01-03,ADBE,-0.5105538942463966
2023-01-03,AVGO,-0.152754140552962
2023-01-03,QCOM,-0.421413023595549
2023-01-03,INTC,-0.5029347362706198
2023-01-03,BTC-USD,-0.7531354085318771
2023-01-03,ETH-USD,-0.7475567862707385
2023-01-03,SOL-USD,-0.946294533837687
2023-01-04,AAPL,-0.3017229422783826
2023-01-04,MSFT,-0.32602757099618007
2023-01-04,NVDA,-0.557628215062651
2023-01-04,GOOGL,-0.41216704118140635
2023-01-04,AMZN,-0.5392931810748834
2023-01-04,META,-0.6335308975788336
2023-01-04,TSLA,-0.7228089883374869
2023-01-04,AMD,-0.6006423185744063
2023-01-04,NFLX,-0.5526753233660401
2023-01-04,CRM,-0.5496515027432884
2023-01-04,ORCL,-0.17080731670858762
2023-01-04,ADBE,-0.5040312534191906
2023-01-04,AVGO,-0.14240646583051642
2023-01-04,QCOM,-0.3980428801445174
2023-01-04,INTC,-0.48526875388286284
2023-01-04,BTC-USD,-0.7504213421110627
2023-01-04,ETH-USD,-0.7388811743701647
2023-01-04,SOL-USD,-0.9459280173635409
2023-01-05,AAPL,-0.3091279284234023
2023-01-05,MSFT,-0.3460026255360438
2023-01-05,NVDA,-0.5721450014062761
2023-01-05,GOOGL,-0.4247139017856427
2023-01-05,AMZN,-0.5502237217647825
2023-01-05,META,-0.6347681321976812
2023-01-05,TSLA,-0.7308583652234344
2023-01-05,AMD,-0.6150330404467693
2023-01-05,NFLX,-0.5522560701001167
2023-01-05,CRM,-0.5601367219364539
2023-01-05,ORCL,-0.1724762255620279
2023-01-05,ADBE,-0.5228728666689011
2023-01-05,AVGO,-0.1503968832741588
2023-01-05,QCOM,-0.4095390991962491
2023-01-05,INTC,-0.487500243684704
2023-01-05,BTC-USD,-0.7508135753098149
2023-01-05,ETH-USD,-0.7401463244362976
2023-01-05,SOL-USD,-0.9459915400792641
2023-01-06,AAPL,-0.2837080348929564
2023-01-06,MSFT,-0.3382950278460197
2023-01-06,NVDA,-0.554329005447167
2023-01-06,GOOGL,-0.4171057936803131
2023-01-06,AMZN,-0.5342066701791038
2023-01-06,META,-0.6259063295405478
2023-01-06,TSLA,-0.7242237304633197
2023-01-06,AMD,-0.6049657362867398
2023-01-06,NFLX,-0.5437985095937965
2023-01-06,CRM,-0.5466833612501714
2023-01-06,ORCL,-0.1592256275474715
2023-01-06,ADBE,-0.5166117024851542
2023-01-06,AVGO,-0.09925431818398156
2023-01-06,QCOM,-0.37747927052593755
2023-01-06,INTC,-0.4657431905298054
2023-01-06,BTC-USD,-0.7491081168019533
2023-01-06,ETH-USD,-0.7362103132827439
2023-01-06,SOL-USD,-0.9455628634612426
2023-01-09,AAPL,-0.2807789892481646
2023-01-09,MSFT,-0.3318523720157561
2023-01-09,NVDA,-0.5312641273339878
2023-01-09,GOOGL,-0.41256746251305865
2023-01-09,AMZN,-0.527280382064641
2023-01-09,META,-0.6274888853213729
2023-01-09,TSLA,-0.707856681497558
2023-01-09,AMD,-0.5847075761662451
2023-01-09,NFLX,-0.5443478902052798
2023-01-09,CRM,-0.5254225502899411
2023-01-09,ORCL,-0.14858530373097534
2023-01-09,ADBE,-0.5032031997151332
2023-01-09,AVGO,-0.1169192855087785
2023-01-09,QCOM,-0.3814191890074805
2023-01-09,INTC,-0.45495765035714064
2023-01-09,BTC-USD,-0.7454882053115468
2023-01-09,ETH-USD,-0.725370960679969
2023-01-09,SOL-USD,-0.9343878590319246
2023-01-10,AAPL,-0.2775740541527778
2023-01-10,MSFT,-0.3267629560564528
2023-01-10,NVDA,-0.5228359995178482
2023-01-10,GOOGL,-0.40989795270073137
2023-01-10,AMZN,-0.5136983394528509
2023-01-10,META,-0.6173610602011221
2023-01-10,TSLA,-0.7101007436635847
2023-01-10,AMD,-0.5797047649151338
2023-01-10,NFLX,-0.5264641353152324
2023-01-10,CRM,-0.5243256764206032
2023-01-10,ORCL,-0.1477971054408439
2023-01-10,ADBE,-0.5079680773282815
2023-01-10,AVGO,-0.11991963770027247
2023-01-10,QCOM,-0.3690055448416426
2023-01-10,INTC,-0.4525401141805371
2023-01-10,BTC-USD,-0.7417920382991192
2023-01-10,ETH-USD,-0.7222440184857569
2023-01-10,SOL-USD,-0.9348134266831946
2023-01-11,AAPL,-0.2623220751212343
2023-01-11,MSFT,-0.3064055234869473
2023-01-11,NVDA,-0.5200765989932212
2023-01-11,GOOGL,-0.3892090203463382
2023-01-11,AMZN,-0.4854520784767947
2023-01-11,META,-0.6176488499976465
2023-01-11,TSLA,-0.6994414204604963
2023-01-11,AMD,-0.5734667655081069
2023-01-11,NFLX,-0.5268689391789365
2023-01-11,CRM,-0.5325203737398041
2023-01-11,ORCL,-0.12710794000904735
2023-01-11,ADBE,-0.5018231545414742
2023-01-11,AVGO,-0.11500584478211562
2023-01-11,QCOM,-0.36101768334333284
2023-01-11,INTC,-0.44491585429236336
2023-01-11,BTC-USD,-0.7345606271291132
2023-01-11,ETH-USD,-0.7115736637323309
2023-01-11,SOL-USD,-0.9341586475795043
2023-01-12,AAPL,-0.26276416768929
2023-01-12,MSFT,-0.298344965019834
2023-01-12,NVDA,-0.5047801330509302
2023-01-12,GOOGL,-0.39181186180601446
2023-01-12,AMZN,-0.48447806663045245
2023-01-12,META,-0.6066578771032523
2023-01-12,TSLA,-0.6986121004203024
2023-01-12,AMD,-0.562720020688094
2023-01-12,NFLX,-0.5227196995759706
2023-01-12,CRM,-0.5173569854871908
2023-01-12,ORCL,-0.12533459193966234
2023-01-12,ADBE,-0.49948427300892495
2023-01-12,AVGO,-0.10918875898095981
2023-01-12,QCOM,-0.3437463374399966
2023-01-12,INTC,-0.4367337127580806
2023-01-12,BTC-USD,-0.7207270429253261
2023-01-12,ETH-USD,-0.7053381707339965
2023-01-12,SOL-USD,-0.9331137276925878
2023-01-13,AAPL,-0.2553037805051167
2023-01-13,MSFT,-0.29622696908959056
2023-01-13,NVDA,-0.4931426537863264
2023-01-13,GOOGL,-0.38520465282391103
2023-01-13,AMZN,-0.46905620551604543
2023-01-13,META,-0.6058810707003748
2023-01-13,TSLA,-0.7014415660623272
2023-01-13,AMD,-0.5614847854109732
2023-01-13,NFLX,-0.5188306595137346
2023-01-13,CRM,-0.5176473580610899
2023-01-13,ORCL,-0.1211966489998828
2023-01-13,ADBE,-0.49971671146970087
2023-01-13,AVGO,-0.1136892565627523
2023-01-13,QCOM,-0.351032688591454
2023-01-13,INTC,-0.4400810026347374
2023-01-13,BTC-USD,-0.7053350768232469
2023-01-13,ETH-USD,-0.698339878977043
2023-01-13,SOL-USD,-0.9263949281314358
2023-01-17,AAPL,-0.2487829365829326
2023-01-17,MSFT,-0.2929319130289104
2023-01-17,NVDA,-0.469057795074016
2023-01-17,GOOGL,-0.39074398591832815
2023-01-17,AMZN,-0.480257321107014
2023-01-17,META,-0.6105421307330693
2023-01-17,TSLA,-0.6792692023766447
2023-01-17,AMD,-0.5578408083586233
2023-01-17,NFLX,-0.5283725042656069
2023-01-17,CRM,-0.5210025960953618
2023-01-17,ORCL,-0.12710794000904735
2023-01-17,ADBE,-0.49971671146970087
2023-01-17,AVGO,-0.11332189657729441
2023-01-17,QCOM,-0.3508169081273935
2023-01-17,INTC,-0.44956484348821135
2023-01-17,BTC-USD,-0.6868060834215755
2023-01-17,ETH-USD,-0.6741858702374544
2023-01-17,SOL-USD,-0.9078990477810575
2023-01-18,AAPL,-0.2528169561682083
2023-01-18,MSFT,-0.3062879007302787
2023-01-18,NVDA,-0.4788056985747823
2023-01-18,GOOGL,-0.3918785815606337
2023-01-18,AMZN,-0.4834499315471097
2023-01-18,META,-0.6172747631529423
2023-01-18,TSLA,-0.6858794585070884
2023-01-18,AMD,-0.5643876401455329
2023-01-18,NFLX,-0.5282135056908033
2023-01-18,CRM,-0.5307458802513138
2023-01-18,ORCL,-0.14572833013777597
2023-01-18,ADBE,-0.5041765329988135
2023-01-18,AVGO,-0.12089914150636627
2023-01-18,QCOM,-0.34131773279376887
2023-01-18,INTC,-0.46425551840104595
2023-01-18,BTC-USD,-0.693802686553151
2023-01-18,ETH-USD,-0.6850624622342317
2023-01-18,SOL-USD,-0.9160829460046938
2023-01-19,AAPL,-0.25248549402535625
2023-01-19,MSFT,-0.31770216474901025
2023-01-19,NVDA,-0.4971616184227897
2023-01-19,GOOGL,-0.3789980193793645
2023-01-19,AMZN,-0.4930818035365304
2023-01-19,META,-0.6082691542437183
2023-01-19,TSLA,-0.6898065766024557
2023-01-19,AMD,-0.5818047214316855
2023-01-19,NFLX,-0.5434660078915796
2023-01-19,CRM,-0.5276487065778117
2023-01-19,ORCL,-0.15331441500503573
2023-01-19,ADBE,-0.5024042285268624
2023-01-19,AVGO,-0.13784486440627486
2023-01-19,QCOM,-0.36538943135938384
2023-01-19,INTC,-0.47150786945267864
2023-01-19,BTC-USD,-0.6879120486499823
2023-01-19,ETH-USD,-0.6773631921567951
2023-01-19,SOL-USD,-0.913764201836885
2023-01-20,AAPL,-0.23811770012992428
2023-01-20,MSFT,-0.29331442981917755
2023-01-20,NVDA,-0.46494882877298116
2023-01-20,GOOGL,-0.34582904897929057
2023-01-20,AMZN,-0.47376393632068836
2023-01-20,META,-0.5990045212206968
2023-01-20,TSLA,-0.6745615587197074
2023-01-20,AMD,-0.5672287189798749
2023-01-20,NFLX,-0.5048359722611186
2023-01-20,CRM,-0.5120337558618837
2023-01-20,ORCL,-0.14040797206270605
2023-01-20,ADBE,-0.482284225909436
2023-01-20,AVGO,-0.12627222652269088
2023-01-20,QCOM,-0.33667590105579326
2023-01-20,INTC,-0.45663125851287223
2023-01-20,BTC-USD,-0.6643833466264997
2023-01-20,ETH-USD,-0.6550864496803956
2023-01-20,SOL-USD,-0.8971764747786799
2023-01-23,AAPL,-0.22021316569004634
2023-01-23,MSFT,-0.28637177320260343
2023-01-23,NVDA,-0.42433781619685573
2023-01-23,GOOGL,-0.3340162084798033
2023-01-23,AMZN,-0.4723029391931419
2023-01-23,META,-0.5877835115106611
2023-01-23,TSLA,-0.6493645886967869
2023-01-23,AMD,-0.5273300163774461
2023-01-23,NFLX,-0.48326560681588226
2023-01-23,CRM,-0.49712863264217166
2023-01-23,ORCL,-0.12346245425880142
2023-01-23,ADBE,-0.4697909357246255
2023-01-23,AVGO,-0.10966334239246411
2023-01-23,QCOM,-0.2927961826376593
2023-01-23,INTC,-0.4371056951598149
2023-01-23,BTC-USD,-0.6605666970455408
2023-01-23,ETH-USD,-0.6616330996316141
2023-01-23,SOL-USD,-0.9019677072775001
2023-01-24,AAPL,-0.21236612989024672
2023-01-24,MSFT,-0.2879603510939842
2023-01-24,NVDA,-0.4221782928383242
2023-01-24,GOOGL,-0.3479646465487588
2023-01-24,AMZN,-0.4787963239794675
2023-01-24,META,-0.5881574210630218
2023-01-24,TSLA,-0.6490231017849847
2023-01-24,AMD,-0.538632602935802
2023-01-24,NFLX,-0.4739984661573491
2023-01-24,CRM,-0.5003871968772206
2023-01-24,ORCL,-0.11627066470342928
2023-01-24,ADBE,-0.47510784914047854
2023-01-24,AVGO,-0.10445876887732586
2023-01-24,QCOM,-0.2945773563562434
2023-01-24,INTC,-0.4436142285383663
2023-01-24,BTC-USD,-0.6649765960876235
2023-01-24,ETH-USD,-0.6765220333926762
2023-01-24,SOL-USD,-0.9082547903420293
2023-01-25,AAPL,-0.2160684298530151
2023-01-25,MSFT,-0.2921672032231688
2023-01-25,NVDA,-0.42043870071576583
2023-01-25,GOOGL,-0.36451572046951797
2023-01-25,AMZN,-0.47414271641182515
2023-01-25,META,-0.5928761011073413
2023-01-25,TSLA,-0.6477059486163992
2023-01-25,AMD,-0.5373355446372581
2023-01-25,NFLX,-0.46802755401732543
2023-01-25,CRM,-0.49616079095321874
2023-01-25,ORCL,-0.11686175457098136
2023-01-25,ADBE,-0.4796838677334275
2023-01-25,AVGO,-0.10346372811430782
2023-01-25,QCOM,-0.292040458568405
2023-01-25,INTC,-0.447705262522911
2023-01-25,BTC-USD,-0.6578519368671341
2023-01-25,ETH-USD,-0.6650702855510644
2023-01-25,SOL-USD,-0.9011078822209783
2023-01-26,AAPL,-0.20446382179112121
2023-01-26,MSFT,-0.2704271135301508
2023-01-26,NVDA,-0.40607184061439916
2023-01-26,GOOGL,-0.3491658591417476
2023-01-26,AMZN,-0.4631039292479249
2023-01-26,META,-0.5761882819866635
2023-01-26,TSLA,-0.6090689470077074
2023-01-26,AMD,-0.5357914769802545
2023-01-26,NFLX,-0.4724949010706786
2023-01-26,CRM,-0.46738285212490716
2023-01-26,ORCL,-0.11498969535684911
2023-01-26,ADBE,-0.4685706670553792
2023-01-26,AVGO,-0.08371693138345537
2023-01-26,QCOM,-0.27698216068589165
2023-01-26,INTC,-0.4404529114712781
2023-01-26,BTC-USD,-0.6591111647103087
2023-01-26,ETH-USD,-0.6668585121187846
2023-01-26,SOL-USD,-0.9019963251245352
2023-01-27,AAPL,-0.1935773244877056
2023-01-27,MSFT,-0.2699563449822262
2023-01-27,NVDA,-0.38918573749131846
2023-01-27,GOOGL,-0.3368192092033373
2023-01-27,AMZN,-0.44676222080811
2023-01-27,META,-0.5634133935323575
2023-01-27,TSLA,-0.5660658258731626
2023-01-27,AMD,-0.5343091852234685
2023-01-27,NFLX,-0.47842240985365403
2023-01-27,CRM,-0.4692218115355572
2023-01-27,ORCL,-0.12326550276967951
2023-01-27,ADBE,-0.4614669522427851
2023-01-27,AVGO,-0.09533544320704901
2023-01-27,QCOM,-0.2800047883565221
2023-01-27,INTC,-0.47634272111030473
2023-01-27,BTC-USD,-0.6584310799238808
2023-01-27,ETH-USD,-0.6678870601223421
2023-01-27,SOL-USD,-0.9017662692613924
2023-01-30,AAPL,-0.2097686751281348
2023-01-30,MSFT,-0.2859893026658784
2023-01-30,NVDA,-0.42526756553533196
2023-01-30,GOOGL,-0.35303678715493614
2023-01-30,AMZN,-0.45590706623239285
2023-01-30,META,-0.5768788799875328
2023-01-30,TSLA,-0.5934824422131568
2023-01-30,AMD,-0.5525292118488344
2023-01-30,NFLX,-0.4894967184966357
2023-01-30,CRM,-0.468479776162278
2023-01-30,ORCL,-0.13942297921691005
2023-01-30,ADBE,-0.4720571553008116
2023-01-30,AVGO,-0.10993895449790292
2023-01-30,QCOM,-0.2895577745029685
2023-01-30,INTC,-0.48024785585047436
2023-01-30,BTC-USD,-0.6619622482556043
2023-01-30,ETH-USD,-0.67429383403914
2023-01-30,SOL-USD,-0.903623803968976
2023-01-31,AAPL,-0.20264017921957234
2023-01-31,MSFT,-0.2709859488215661
2023-01-31,NVDA,-0.4140201700158995
2023-01-31,GOOGL,-0.3403563842375248
2023-01-31,AMZN,-0.4419462848133997
2023-01-31,META,-0.5713833492172499
2023-01-31,TSLA,-0.5774812773985092
2023-01-31,AMD,-0.5358532528804721
2023-01-31,NFLX,-0.4884124066758886
2023-01-31,CRM,-0.45809133110440103
2023-01-31,ORCL,-0.1284871497000022
2023-01-31,ADBE,-0.4620044467875968
2023-01-31,AVGO,-0.10448935150399896
2023-01-31,QCOM,-0.2810300141671962
2023-01-31,INTC,-0.47448314014500437
2023-01-31,BTC-USD,-0.6575348607408822
2023-01-31,ETH-USD,-0.6703020398968864
2023-01-31,SOL-USD,-0.9035987479998981
2023-02-01,AAPL,-0.1963402528415884
2023-02-01,MSFT,-0.25645340977872044
2023-02-01,NVDA,-0.37184945384831736
2023-02-01,GOOGL,-0.3297449619388988
2023-02-01,AMZN,-0.4310157028395668
2023-02-01,META,-0.55944306446979
2023-02-01,TSLA,-0.5575042000098707
2023-02-01,AMD,-0.4772404578145524
2023-02-01,NFLX,-0.47665859007586375
2023-02-01,CRM,-0.44567032819726393
2023-02-01,ORCL,-0.11282220890903405
2023-02-01,ADBE,-0.4422766591353591
2023-02-01,AVGO,-0.07733363711257013
2023-02-01,QCOM,-0.2526945025852918
2023-02-01,INTC,-0.4594206299608229
2023-02-01,BTC-USD,-0.6488843684158069
2023-02-01,ETH-USD,-0.6588190140084047
2023-02-01,SOL-USD,-0.899409818316589
2023-02-02,AAPL,-0.16655457719008337
2023-02-02,MSFT,-0.22159257789767106
2023-02-02,NVDA,-0.3488746347987304
2023-02-02,GOOGL,-0.28095909698667265
2023-02-02,AMZN,-0.3890250295407188
2023-02-02,META,-0.45687084509852705
2023-02-02,TSLA,-0.5407712668929947
2023-02-02,AMD,-0.45457355591882864
2023-02-02,NFLX,-0.46957452246104425
2023-02-02,CRM,-0.43657240561536814
2023-02-02,ORCL,-0.1194233009304978
2023-02-02,ADBE,-0.4302046664315239
2023-02-02,AVGO,-0.07271080902408578
2023-02-02,QCOM,-0.26678138546995234
2023-02-02,INTC,-0.43859329372338085
2023-02-02,BTC-USD,-0.6526125060906136
2023-02-02,ETH-USD,-0.6585179279270594
2023-02-02,SOL-USD,-0.9023409905521187
2023-02-03,AAPL,-0.1462187481922782
2023-02-03,MSFT,-0.2399790545461542
2023-02-03,NVDA,-0.36714061038118695
2023-02-03,GOOGL,-0.30071384997245887
2023-02-03,AMZN,-0.44053936963892004
2023-02-03,META,-0.46331564339878994
2023-02-03,TSLA,-0.5366002508430726
2023-02-03,AMD,-0.46828488425241355
2023-02-03,NFLX,-0.4710057853862275
2023-02-03,CRM,-0.4481868570590335
2023-02-03,ORCL,-0.11705870606010327
2023-02-03,ADBE,-0.4489446238752913
2023-02-03,AVGO,-0.08518637132528706
2023-02-03,QCOM,-0.2712610684857646
2023-02-03,INTC,-0.4361759046771647
2023-02-03,BTC-USD,-0.6529462323990809
2023-02-03,ETH-USD,-0.6540491752793335
2023-02-03,SOL-USD,-0.9006673761763793
2023-02-06,AAPL,-0.16152617117625112
2023-02-06,MSFT,-0.24462725797071094
2023-02-06,NVDA,-0.3674705399525884
2023-02-06,GOOGL,-0.31326060777275877
2023-02-06,AMZN,-0.4470868776622462
2023-02-06,META,-0.46466807371780194
2023-02-06,TSLA,-0.5249408641438891
2023-02-06,AMD,-0.4831696719629016
2023-02-06,NFLX,-0.4773959507921747
2023-02-06,CRM,-0.4546070107217113
2023-02-06,ORCL,-0.12779750562116043
2023-02-06,ADBE,-0.45490068764189917
2023-02-06,AVGO,-0.07955321116044778
2023-02-06,QCOM,-0.2825413280025112
2023-02-06,INTC,-0.4599861623870728
2023-02-06,BTC-USD,-0.6631466948116413
2023-02-06,ETH-USD,-0.6641276570485193
2023-02-06,SOL-USD,-0.9086141331632639
2023-02-07,AAPL,-0.14538983535549277
2023-02-07,MSFT,-0.21288488612794298
2023-02-07,NVDA,-0.33495772562120085
2023-02-07,GOOGL,-0.28162655154270666
2023-02-07,AMZN,-0.4474656577533829
2023-02-07,META,-0.44867080827490735
2023-02-07,TSLA,-0.5199404908344915
2023-02-07,AMD,-0.4693965677290991
2023-02-07,NFLX,-0.47527073050772883
2023-02-07,CRM,-0.44741251347262523
2023-02-07,ORCL,-0.1355805419775422
2023-02-07,ADBE,-0.4424219387149818
2023-02-07,AVGO,-0.05942388595259518
2023-02-07,QCOM,-0.26257142803421585
2023-02-07,INTC,-0.4532101827469758
2023-02-07,BTC-USD,-0.6556847248684579
2023-02-07,ETH-USD,-0.6525409037199313
2023-02-07,SOL-USD,-0.9039657596057861
2023-02-08,AAPL,-0.16047608331561014
2023-02-08,MSFT,-0.2153267031039734
2023-02-08,NVDA,-0.3339980139938813
2023-02-08,GOOGL,-0.3368192092033373
2023-02-08,AMZN,-0.45861265010735075
2023-02-08,META,-0.4722351325521773
2023-02-08,TSLA,-0.5090128724375362
2023-02-08,AMD,-0.4769316254346696
2023-02-08,NFLX,-0.4696612740247509
2023-02-08,CRM,-0.4527357430979322
2023-02-08,ORCL,-0.14592536009362667
2023-02-08,ADBE,-0.4503537515647369
2023-02-08,AVGO,-0.07892577602647544
2023-02-08,QCOM,-0.28664335043848654
2023-02-08,INTC,-0.46845623808933534
2023-02-08,BTC-USD,-0.6604931876473223
2023-02-08,ETH-USD,-0.6569645023340577
2023-02-08,SOL-USD,-0.9066570040491797
2023-02-09,AAPL,-0.1662783873465572
2023-02-09,MSFT,-0.22447569991553173
2023-02-09,NVDA,-0.33003880173804234
2023-02-09,GOOGL,-0.3659172979342371
2023-02-09,AMZN,-0.4684068918077733
2023-02-09,META,-0.48808843661218093
2023-02-09,TSLA,-0.4943044449425211
2023-02-09,AMD,-0.48607252669746137
2023-02-09,NFLX,-0.475921284509943
2023-02-09,CRM,-0.4397340953790626
2023-02-09,ORCL,-0.14631910613841304
2023-02-09,ADBE,-0.45405813701305187
2023-02-09,AVGO,-0.08244640133679237
2023-02-09,QCOM,-0.2954947814703496
2023-02-09,INTC,-0.47805561307945
2023-02-09,BTC-USD,-0.6770746878611154
2023-02-09,ETH-USD,-0.6786346333467104
2023-02-09,SOL-USD,-0.917686804378285
2023-02-10,AAPL,-0.16423082330149685
2023-02-10,MSFT,-0.2260053970482654
2023-02-10,NVDA,-0.36219166681016424
2023-02-10,GOOGL,-0.3688536867650417
2023-02-10,AMZN,-0.47181591262800404
2023-02-10,META,-0.49893549244676993
2023-02-10,TSLA,-0.5197453501392783
2023-02-10,AMD,-0.4967574484960513
2023-02-10,NFLX,-0.4978097022551765
2023-02-10,CRM,-0.4611240890237762
2023-02-10,ORCL,-0.14149175451997797
2023-02-10,ADBE,-0.46106019601970305
2023-02-10,AVGO,-0.09187592173918102
2023-02-10,QCOM,-0.30380667180659904
2023-02-10,INTC,-0.47673806046102574
2023-02-10,BTC-USD,-0.6795589759860434
2023-02-10,ETH-USD,-0.685195007080051
2023-02-10,SOL-USD,-0.9189828213082594
2023-02-13,AAPL,-0.14851254861430463
2023-02-13,MSFT,-0.20182353663275876
2023-02-13,NVDA,-0.346505203221233
2023-02-13,GOOGL,-0.3685867563445965
2023-02-13,AMZN,-0.46137235721930914
2023-02-13,META,-0.4837438434125656
2023-02-13,TSLA,-0.5252335565770677
2023-02-13,AMD,-0.4865666396567918
2023-02-13,NFLX,-0.48160304315440805
2023-02-13,CRM,-0.4480577747106157
2023-02-13,ORCL,-0.11902908408533897
2023-02-13,ADBE,-0.4552348262417215
2023-02-13,AVGO,-0.07982888467678373
2023-02-13,QCOM,-0.2938216322869891
2023-02-13,INTC,-0.46262134118911524
2023-02-13,BTC-USD,-0.6772365646326541
2023-02-13,ETH-USD,-0.6867958190408978
2023-02-13,SOL-USD,-0.9163265738510871
2023-02-14,AAPL,-0.15210996853083658
2023-02-14,MSFT,-0.19932316267287375
2023-02-14,NVDA,-0.3110230227472319
2023-02-14,GOOGL,-0.3681196152583248
2023-02-14,AMZN,-0.46050659184696807
2023-02-14,META,-0.48360001499893224
2023-02-14,TSLA,-0.4895968012855838
2023-02-14,AMD,-0.4691495583706392
2023-02-14,NFLX,-0.47959347323810775
2023-02-14,CRM,-0.4516712276097561
2023-02-14,ORCL,-0.12228011759023982
2023-02-14,ADBE,-0.45102198443127806
2023-02-14,AVGO,-0.07800719183013982
2023-02-14,QCOM,-0.28572561195026236
2023-02-14,INTC,-0.46092735547474006
2023-02-14,BTC-USD,-0.6711284915374293
2023-02-14,ETH-USD,-0.6764657430552843
2023-02-14,SOL-USD,-0.9121616254322998
2023-02-15,AAPL,-0.1403214341685458
2023-02-15,MSFT,-0.20572280270931043
2023-02-15,NVDA,-0.3172316452281324
2023-02-15,GOOGL,-0.35303678715493614
2023-02-15,AMZN,-0.4526062506022295
2023-02-15,META,-0.4902750274071801
2023-02-15,TSLA,-0.4774251656090559
2023-02-15,AMD,-0.47390526602088
2023-02-15,NFLX,-0.4774827023558813
2023-02-15,CRM,-0.4479932586204233
2023-02-15,ORCL,-0.1296694863685638
2023-02-15,ADBE,-0.45386927799285237
2023-02-15,AVGO,-0.06977174490773164
2023-02-15,QCOM,-0.281785603933257
2023-02-15,INTC,-0.45697462405427347
2023-02-15,BTC-USD,-0.6402400042827969
2023-02-15,ETH-USD,-0.6521788089583573
2023-02-15,SOL-USD,-0.9038750238354117
2023-02-16,AAPL,-0.14928747655004038
2023-02-16,MSFT,-0.22686867315147496
2023-02-16,NVDA,-0.3400866725213668
2023-02-16,GOOGL,-0.36258038496784395
2023-02-16,AMZN,-0.46889387708897745
2023-02-16,META,-0.5038554879470902
2023-02-16,TSLA,-0.5071834702916064
2023-02-16,AMD,-0.5054042367995126
2023-02-16,NFLX,-0.4929665052929484
2023-02-16,CRM,-0.4576396683050208
2023-02-16,ORCL,-0.1357775719333929
2023-02-16,ADBE,-0.4695294590811663
2023-02-16,AVGO,-0.08071670201375536
2023-02-16,QCOM,-0.2974917804207253
2023-02-16,INTC,-0.4692091410638336
2023-02-16,BTC-USD,-0.6503687495042524
2023-02-16,ETH-USD,-0.6591775065942647
2023-02-16,SOL-USD,-0.9103062554867506
2023-02-17,AAPL,-0.15570756010047204
2023-02-17,MSFT,-0.23893094929011438
2023-02-17,NVDA,-0.3585024595480403
2023-02-17,GOOGL,-0.3703220867883167
2023-02-17,AMZN,-0.47403451122175755
2023-02-17,META,-0.5025895319686019
2023-02-17,TSLA,-0.4918896579302344
2023-02-17,AMD,-0.5151627557008648
2023-02-17,NFLX,-0.496942241768501
2023-02-17,CRM,-0.4671247375961044
2023-02-17,ORCL,-0.14011254482902313
2023-02-17,ADBE,-0.48160145178500147
2023-02-17,AVGO,-0.08829406976462129
2023-02-17,QCOM,-0.31066110388808643
2023-02-17,INTC,-0.48031435878554163
2023-02-17,BTC-USD,-0.6364251180023852
2023-02-17,ETH-USD,-0.6478070360131323
2023-02-17,SOL-USD,-0.9067612964498823
2023-02-21,AAPL,-0.17823308191303266
2023-02-21,MSFT,-0.25482695023664703
2023-02-21,NVDA,-0.3804876620804849
2023-02-21,GOOGL,-0.3874070729519349
2023-02-21,AMZN,-0.4882117443048196
2023-02-21,META,-0.5048913184637653
2023-02-21,TSLA,-0.5185745431872821
2023-02-21,AMD,-0.5258477246206601
2023-02-21,NFLX,-0.5120646441989125
2023-02-21,CRM,-0.4785779489823214
2023-02-21,ORCL,-0.15075271171206173
2023-02-21,ADBE,-0.49634642028810483
2023-02-21,AVGO,-0.10980114844518352
2023-02-21,QCOM,-0.33235814292348875
2023-02-21,INTC,-0.5094890639822237
2023-02-21,BTC-USD,-0.6383380100303473
2023-02-21,ETH-USD,-0.6554434202201792
2023-02-21,SOL-USD,-0.8995901230352481
2023-02-22,AAPL,-0.1758531974596027
2023-02-22,MSFT,-0.2582480009450524
2023-02-22,NVDA,-0.3775183533368921
2023-02-22,GOOGL,-0.38834145792841435
2023-02-22,AMZN,-0.48166423628149346
2023-02-22,META,-0.5076534002056414
2023-02-22,TSLA,-0.5100617118026138
2023-02-22,AMD,-0.5268359034181157
2023-02-22,NFLX,-0.5158524832952226
2023-02-22,CRM,-0.47296429661508255
2023-02-22,ORCL,-0.14957029657677134
2023-02-22,ADBE,-0.49341196784537744
2023-02-22,AVGO,-0.11802130405425526
2023-02-22,QCOM,-0.3310088882748745
2023-02-22,INTC,-0.520594208138738
2023-02-22,BTC-USD,-0.6420011946505739
2023-02-22,ETH-USD,-0.6585199826892627
2023-02-22,SOL-USD,-0.9026778950775154
2023-02-23,AAPL,-0.17314133590401026
2023-02-23,MSFT,-0.24863364724995407
2023-02-23,NVDA,-0.29023774674404046
2023-02-23,GOOGL,-0.39341354713262344
2023-02-23,AMZN,-0.48150190785442537
2023-02-23,META,-0.505006425517758
2023-02-23,TSLA,-0.5071102599640298
2023-02-23,AMD,-0.5074424174158467
2023-02-23,NFLX,-0.5320880412004299
2023-02-23,CRM,-0.4705122838435054
2023-02-23,ORCL,-0.1273048130314406
2023-02-23,ADBE,-0.4958815876996564
2023-02-23,AVGO,-0.10634168838821267
2023-02-23,QCOM,-0.31886496968911227
2023-02-23,INTC,-0.5179591029018895
2023-02-23,BTC-USD,-0.645573236867111
2023-02-23,ETH-USD,-0.6568903025878334
2023-02-23,SOL-USD,-0.9038070103899366
2023-02-24,AAPL,-0.18802915287648547
2023-02-24,MSFT,-0.2650017118435801
2023-02-24,NVDA,-0.301575029130003
2023-02-24,GOOGL,-0.40515961647552334
2023-02-24,AMZN,-0.4940558153828727
2023-02-24,META,-0.5097537382755466
2023-02-24,TSLA,-0.5197697287689491
2023-02-24,AMD,-0.5176950492765293
2023-02-24,NFLX,-0.541485336779718
2023-02-24,CRM,-0.47670658102247665
2023-02-24,ORCL,-0.12651669320803782
2023-02-24,ADBE,-0.5343492441294548
2023-02-24,AVGO,-0.11560275870031211
2023-02-24,QCOM,-0.3289039543247374
2023-02-24,INTC,-0.5268056117001026
2023-02-24,BTC-USD,-0.6566639637100029
2023-02-24,ETH-USD,-0.6657639326829461
2023-02-24,SOL-USD,-0.9072189900909169
2023-02-27,AAPL,-0.18133253617632072
2023-02-27,MSFT,-0.2622293670582091
2023-02-27,NVDA,-0.29512670833835575
2023-02-27,GOOGL,-0.4002208125746485
2023-02-27,AMZN,-0.492648900208393
2023-02-27,META,-0.5121993531843434
2023-02-27,TSLA,-0.49354829801062194
2023-02-27,AMD,-0.5134951833646313
2023-02-27,NFLX,-0.5329844004915444
2023-02-27,CRM,-0.4736739736072
2023-02-27,ORCL,-0.13341313399645582
2023-02-27,ADBE,-0.5317634272113396
2023-02-27,AVGO,-0.10381579678642916
2023-02-27,QCOM,-0.33386945675880375
2023-02-27,INTC,-0.5313229559818986
2023-02-27,BTC-USD,-0.6518576978301807
2023-02-27,ETH-USD,-0.6603705877786803
2023-02-27,SOL-USD,-0.9086696723594279
2023-02-28,AAPL,-0.18415502815711682
2023-02-28,MSFT,-0.2644117479185676
2023-02-28,NVDA,-0.30367468530986863
2023-02-28,GOOGL,-0.39895288022704045
2023-02-28,AMZN,-0.49010564476050333
2023-02-28,META,-0.4966624716343331
2023-02-28,TSLA,-0.4982315630378884
2023-02-28,AMD,-0.5146686427415343
2023-02-28,NFLX,-0.5342855636463629
2023-02-28,CRM,-0.4721575946475124
2023-02-28,ORCL,-0.13893012969373275
2023-02-28,ADBE,-0.5293955074961071
2023-02-28,AVGO,-0.09028402846886363
2023-02-28,QCOM,-0.33327574710851937
2023-02-28,INTC,-0.5307583063379725
2023-02-28,BTC-USD,-0.6574154188087395
2023-02-28,ETH-USD,-0.6662788916054593
2023-02-28,SOL-USD,-0.9117936312393892
2023-03-01,AAPL,-0.19577748814177443
2023-03-01,MSFT,-0.27370186428600307
2023-03-01,NVDA,-0.31921122265654145
2023-03-01,GOOGL,-0.39695072216681093
2023-03-01,AMZN,-0.5012526783984046
2023-03-01,META,-0.5010357861935892
2023-03-01,TSLA,-0.5054028254050185
2023-03-01,AMD,-0.5164597668782032
2023-03-01,NFLX,-0.5467911903649181
2023-03-01,CRM,-0.46009158074053236
2023-03-01,ORCL,-0.14937365895456434
2023-03-01,ADBE,-0.5302235612001645
2023-03-01,AVGO,-0.09138616983613423
2023-03-01,QCOM,-0.3283884539007422
2023-03-01,INTC,-0.5232293501581835
2023-03-01,BTC-USD,-0.6500272184228716
2023-03-01,ETH-USD,-0.6543217990990502
2023-03-01,SOL-USD,-0.9094188949642108
2023-03-02,AAPL,-0.1924565155484239
2023-03-02,MSFT,-0.25942769752736894
2023-03-02,NVDA,-0.30073522405707753
2023-03-02,GOOGL,-0.3860055982911518
2023-03-02,AMZN,-0.5014691300624734
2023-03-02,META,-0.4978420862415557
2023-03-02,TSLA,-0.5343561886770458
2023-03-02,AMD,-0.503180775603731
2023-03-02,NFLX,-0.5491043631789965
2023-03-02,CRM,-0.39801912525813976
2023-03-02,ORCL,-0.14316670531153064
2023-03-02,ADBE,-0.5155221721376376
2023-03-02,AVGO,-0.08360970795740907
2023-03-02,QCOM,-0.32784546608983134
2023-03-02,INTC,-0.5068539219627782
2023-03-02,BTC-USD,-0.65255928910197
2023-03-02,ETH-USD,-0.6576705287740274
2023-03-02,SOL-USD,-0.9115179771972258
2023-03-03,AAPL,-0.16412010704974145
2023-03-03,MSFT,-0.24710011107325502
2023-03-03,NVDA,-0.283459151986867
2023-03-03,GOOGL,-0.37499370325890546
2023-03-03,AMZN,-0.48648017227620377
2023-03-03,META,-0.46699853724952023
2023-03-03,TSLA,-0.5175500824518753
2023-03-03,AMD,-0.4965104391375915
2023-03-03,NFLX,-0.5443334408030602
2023-03-03,CRM,-0.3985353041477123
2023-03-03,ORCL,-0.12070387794343429
2023-03-03,ADBE,-0.500210626573936
2023-03-03,AVGO,-0.03139552271573731
2023-03-03,QCOM,-0.32882296949911805
2023-03-03,INTC,-0.5030894438728837
2023-03-03,BTC-USD,-0.6690287185580387
2023-03-03,ETH-USD,-0.6739112423904038
2023-03-03,SOL-USD,-0.9138745279360238
2023-03-06,AAPL,-0.14862309321295641
2023-03-06,MSFT,-0.2424403442632611
2023-03-06,NVDA,-0.2935368702609932
2023-03-06,GOOGL,-0.3651164552709326
2023-03-06,AMZN,-0.49270302344539374
2023-03-06,META,-0.46800560208346875
2023-03-06,TSLA,-0.5272580994182107
2023-03-06,AMD,-0.4987338532121678
2023-03-06,NFLX,-0.548887511844925
2023-03-06,CRM,-0.40702022353671397
2023-03-06,ORCL,-0.11587644785827034
2023-03-06,ADBE,-0.4958815876996564
2023-03-06,AVGO,-0.031150800291456116
2023-03-06,QCOM,-0.3352848333463011
2023-03-06,INTC,-0.510806616600648
2023-03-06,BTC-USD,-0.6680359514434436
2023-03-06,ETH-USD,-0.6742788418852874
2023-03-06,SOL-USD,-0.9169507545807746
2023-03-07,AAPL,-0.160965208834024
2023-03-07,MSFT,-0.2504621885159303
2023-03-07,NVDA,-0.3013965181753999
2023-03-07,GOOGL,-0.37359222859812236
2023-03-07,AMZN,-0.4937852404818035
2023-03-07,META,-0.46912768532523796
2023-03-07,TSLA,-0.5421372145402038
2023-03-07,AMD,-0.49286641496403616
2023-03-07,NFLX,-0.5540343117049313
2023-03-07,CRM,-0.40856871003739925
2023-03-07,ORCL,-0.12947222101252698
2023-03-07,ADBE,-0.4991065993016295
2023-03-07,AVGO,-0.043044739987797676
2023-03-07,QCOM,-0.35277021377218365
2023-03-07,INTC,-0.5194648720682891
2023-03-07,BTC-USD,-0.6711438120175928
2023-03-07,ETH-USD,-0.6754146434023616
2023-03-07,SOL-USD,-0.9185215043775787
2023-03-08,AAPL,-0.1539365292051449
2023-03-08,MSFT,-0.25178924888226006
2023-03-08,NVDA,-0.27460799338763275
2023-03-08,GOOGL,-0.3709893871384463
2023-03-08,AMZN,-0.49178313483605196
2023-03-08,META,-0.4678041536582104
2023-03-08,TSLA,-0.5560650792543668
2023-03-08,AMD,-0.47273175952277147
2023-03-08,NFLX,-0.5492344629493613
2023-03-08,CRM,-0.40976255871415723
2023-03-08,ORCL,-0.12819148706613304
2023-03-08,ADBE,-0.4975957714731376
2023-03-08,AVGO,-0.03216094813512005
2023-03-08,QCOM,-0.341855482780137
2023-03-08,INTC,-0.5109948331486234
2023-03-08,BTC-USD,-0.6785688971821185
2023-03-08,ETH-USD,-0.6812010820732906
2023-03-08,SOL-USD,-0.9258606541143222
2023-03-09,AAPL,-0.1665550921493938
2023-03-09,MSFT,-0.2558590980207832
2023-03-09,NVDA,-0.2969568187166727
2023-03-09,GOOGL,-0.3838699493197155
2023-03-09,AMZN,-0.5008197750702674
2023-03-09,META,-0.47724133645450595
2023-03-09,TSLA,-0.5782130457007375
2023-03-09,AMD,-0.4810079866673377
2023-03-09,NFLX,-0.5694892158375596
2023-03-09,CRM,-0.42340941750298444
2023-03-09,ORCL,-0.1441518550907842
2023-03-09,ADBE,-0.5084474955077267
2023-03-09,AVGO,-0.04707059274718883
2023-03-09,QCOM,-0.36346777650050477
2023-03-09,INTC,-0.5023365041157887
2023-03-09,BTC-USD,-0.6986239838474733
2023-03-09,ETH-USD,-0.701031871137491
2023-03-09,SOL-USD,-0.9303403067329626
2023-03-10,AAPL,-0.17812236566127726
2023-03-10,MSFT,-0.266859624108567
2023-03-10,NVDA,-0.3110859894730197
2023-03-10,GOOGL,-0.39514882617437563
2023-03-10,AMZN,-0.5090447318852086
2023-03-10,META,-0.48351376227383813
2023-03-10,TSLA,-0.5769446497914938
2023-03-10,AMD,-0.48940771849113374
2023-03-10,NFLX,-0.5767468141549874
2023-03-10,CRM,-0.4412826822158137
2023-03-10,ORCL,-0.1717376182444561
2023-03-10,ADBE,-0.5216235598169716
2023-03-10,AVGO,-0.058842079115044243
2023-03-10,QCOM,-0.37449124831147307
2023-03-10,INTC,-0.4876551351999522
2023-03-10,BTC-USD,-0.7012255170055017
2023-03-10,ETH-USD,-0.7030066244518731
2023-03-10,SOL-USD,-0.926575240526556
2023-03-13,AAPL,-0.16721913218027074
2023-03-13,MSFT,-0.2511404504521423
2023-03-13,NVDA,-0.311056084583197
2023-03-13,GOOGL,-0.3919454041191892
2023-03-13,AMZN,-0.49984576322392515
2023-03-13,META,-0.47951440159002867
2023-03-13,TSLA,-0.5744078951922886
2023-03-13,AMD,-0.49348403260259655
2023-03-13,NFLX,-0.5756625023342403
2023-03-13,CRM,-0.43376570485183075
2023-03-13,ORCL,-0.16326493780923257
2023-03-13,ADBE,-0.5289306749076585
2023-03-13,AVGO,-0.05633172447018531
2023-03-13,QCOM,-0.3786181616059582
2023-03-13,INTC,-0.4927370555604803
2023-03-13,BTC-USD,-0.6418725893368995
2023-03-13,ETH-USD,-0.6508149542041703
2023-03-13,SOL-USD,-0.9177609206103462
2023-03-14,AAPL,-0.155486213423513
2023-03-14,MSFT,-0.23087941026364234
2023-03-14,NVDA,-0.2781477335996648
2023-03-14,GOOGL,-0.372858054287469
2023-03-14,AMZN,-0.486588418750205
2023-03-14,META,-0.44176553743558855
2023-03-14,TSLA,-0.5529916970481461
2023-03-14,AMD,-0.4598851524286175
2023-03-14,NFLX,-0.5735951072338672
2023-03-14,CRM,-0.40995615715276745
2023-03-14,ORCL,-0.1669101096925636
2023-03-14,ADBE,-0.5157691518563068
2023-03-14,AVGO,-0.03185487622480199
2023-03-14,QCOM,-0.36710605000967433
2023-03-14,INTC,-0.47278540260575275
2023-03-14,BTC-USD,-0.6337540934588604
2023-03-14,ETH-USD,-0.6459941522989745
2023-03-14,SOL-USD,-0.915771435212664
2023-03-15,AAPL,-0.15327223169461268
2023-03-15,MSFT,-0.21716565141684308
2023-03-15,NVDA,-0.27319798644235127
2023-03-15,GOOGL,-0.35857612024935315
2023-03-15,AMZN,-0.47944567897167334
2023-03-15,META,-0.4310335886549922
2023-03-15,TSLA,-0.5598458511331448
2023-03-15,AMD,-0.44611204819481487
2023-03-15,NFLX,-0.5608003545949485
2023-03-15,CRM,-0.4098915908945422
2023-03-15,ORCL,-0.18247649627224205
2023-03-15,ADBE,-0.5153623956332247
2023-03-15,AVGO,-0.04168227782842471
2023-03-15,QCOM,-0.3728621505755473
2023-03-15,INTC,-0.46525644642596375
2023-03-15,BTC-USD,-0.6392318299683393
2023-03-15,ETH-USD,-0.6558290813285027
2023-03-15,SOL-USD,-0.9223600419933129
2023-03-16,AAPL,-0.13744366988842371
2023-03-16,MSFT,-0.1854323915217998
2023-03-16,NVDA,-0.23380997480182975
2023-03-16,GOOGL,-0.3304790334456157
2023-03-16,AMZN,-0.45866677334435124
2023-03-16,META,-0.41037521885631745
2023-03-16,TSLA,-0.5508695652497559
2023-03-16,AMD,-0.40337226675804416
2023-03-16,NFLX,-0.5517355882930723
2023-03-16,CRM,-0.3957284528800765
2023-03-16,ORCL,-0.16434848486631837
2023-03-16,ADBE,-0.4867730856212318
2023-03-16,AVGO,-0.02567049184908532
2023-03-16,QCOM,-0.3456023180373039
2023-03-16,INTC,-0.4319408668260334
2023-03-16,BTC-USD,-0.6292146640929801
2023-03-16,ETH-USD,-0.6514578157319697
2023-03-16,SOL-USD,-0.9205909477942303
2023-03-17,AAPL,-0.1421478231897506
2023-03-17,MSFT,-0.1759067521197767
2023-03-17,NVDA,-0.2282903127672642
2023-03-17,GOOGL,-0.321803100854568
2023-03-17,AMZN,-0.4645649676594049
2023-03-17,META,-0.43719073012798826
2023-03-17,TSLA,-0.5606263766947148
2023-03-17,AMD,-0.3957137043732437
2023-03-17,NFLX,-0.5612196078608719
2023-03-17,CRM,-0.40363267728931285
2023-03-17,ORCL,-0.16001351197068814
2023-03-17,ADBE,-0.47972744717400406
2023-03-17,AVGO,-0.03413573834781969
2023-03-17,QCOM,-0.3444076015965606
2023-03-17,INTC,-0.43890509979670256
2023-03-17,BTC-USD,-0.5941213987910581
2023-03-17,ETH-USD,-0.6275036262747771
2023-03-17,SOL-USD,-0.9129498598124671
2023-03-20,AAPL,-0.12886504856152126
2023-03-20,MSFT,-0.19714064305189005
2023-03-20,NVDA,-0.22304071312543405
2023-03-20,GOOGL,-0.32447261066689526
2023-03-20,AMZN,-0.47127480410979916
2023-03-20,META,-0.4308609059124603
2023-03-20,TSLA,-0.5530160756778171
2023-03-20,AMD,-0.40207525558070567
2023-03-20,NFLX,-0.5588630592649402
2023-03-20,CRM,-0.4023422551493975
2023-03-20,ORCL,-0.14326518105609165
2023-03-20,ADBE,-0.47284162956429243
2023-03-20,AVGO,-0.01463366404124844
2023-03-20,QCOM,-0.3384887255602884
2023-03-20,INTC,-0.4511396903714564
2023-03-20,BTC-USD,-0.5890404049046811
2023-03-20,ETH-USD,-0.639382840756944
2023-03-20,SOL-USD,-0.9107469073841108
2023-03-21,AAPL,-0.11846003821341389
2023-03-21,MSFT,-0.1925694980278877
2023-03-21,NVDA,-0.21407114034634556
2023-03-21,GOOGL,-0.29977936219204315
2023-03-21,AMZN,-0.45558240937825656
2023-03-21,META,-0.4183451302181238
2023-03-21,TSLA,-0.5180622942099378
2023-03-21,AMD,-0.40751035676972447
2023-03-21,NFLX,-0.5579088747897529
2023-03-21,CRM,-0.3912763911444995
2023-03-21,ORCL,-0.13715678162434775
2023-03-21,ADBE,-0.4563679360298145
2023-03-21,AVGO,-0.01827238250636909
2023-03-21,QCOM,-0.32773681480637196
2023-03-21,INTC,-0.46431536368608706
2023-03-21,BTC-USD,-0.5829933535710131
2023-03-21,ETH-USD,-0.6245370062672784
2023-03-21,SOL-USD,-0.9089687933432186
2023-03-22,AAPL,-0.12648507828153954
2023-03-22,MSFT,-0.19696395452240767
2023-03-22,NVDA,-0.2060014694149318
2023-03-22,GOOGL,-0.31012380266825557
2023-03-22,AMZN,-0.46591775959688386
2023-03-22,META,-0.4251064839976374
2023-03-22,TSLA,-0.5337463879617359
2023-03-22,AMD,-0.3973195008092597
2023-03-22,NFLX,-0.5750986723205376
2023-03-22,CRM,-0.3982772397869424
2023-03-22,ORCL,-0.13400406693055045
2023-03-22,ADBE,-0.4745413164129838
2023-03-22,AVGO,-0.027260972668773253
2023-03-22,QCOM,-0.33767422146005666
2023-03-22,INTC,-0.4705267304648548
2023-03-22,BTC-USD,-0.5958455020342128
2023-03-22,ETH-USD,-0.6388849794853556
2023-03-22,SOL-USD,-0.9135479943095929
2023-03-23,AAPL,-0.12039714348637409
2023-03-23,MSFT,-0.1811265568132716
2023-03-23,NVDA,-0.18431256062771584
2023-03-23,GOOGL,-0.29524113382872486
2023-03-23,AMZN,-0.46586363635988337
2023-03-23,META,-0.41224547578749493
2023-03-23,TSLA,-0.531136423034954
2023-03-23,AMD,-0.3806435889621027
2023-03-23,NFLX,-0.5368300923471223
2023-03-23,CRM,-0.39527673991266343
2023-03-23,ORCL,-0.13518648206584072
2023-03-23,ADBE,-0.4639510690218539
2023-03-23,AVGO,-0.014448755830580806
2023-03-23,QCOM,-0.3258362903165877
2023-03-23,INTC,-0.4535865422777329
2023-03-23,BTC-USD,-0.5806526154545604
2023-03-23,ETH-USD,-0.6225328013613181
2023-03-23,SOL-USD,-0.910584657701993
2023-03-24,AAPL,-0.11309167322810654
2023-03-24,MSFT,-0.17254439715585124
2023-03-24,NVDA,-0.1966720621746193
2023-03-24,GOOGL,-0.29630895831444315
2023-03-24,AMZN,-0.46900212356297866
2023-03-24,META,-0.4072678602755495
2023-03-24,TSLA,-0.535551374258713
2023-03-24,AMD,-0.3950343108344656
2023-03-24,NFLX,-0.5252352743219011
2023-03-24,CRM,-0.3868240785687582
2023-03-24,ORCL,-0.13292059834019343
2023-03-24,ADBE,-0.4552929469401913
2023-03-24,AVGO,-0.019166586576621958
2023-03-24,QCOM,-0.322523836354603
2023-03-24,INTC,-0.44737513871636825
2023-03-24,BTC-USD,-0.5930949266201032
2023-03-24,ETH-USD,-0.63590752758328
2023-03-24,SOL-USD,-0.9167742957691338
2023-03-27,AAPL,-0.12399473505600955
2023-03-27,MSFT,-0.18490167838376803
2023-03-27,NVDA,-0.20411154925696973
2023-03-27,GOOGL,-0.31619709940749985
2023-03-27,AMZN,-0.4694891088441828
2023-03-27,META,-0.4163884875925943
2023-03-27,TSLA,-0.5321365051406901
2023-03-27,AMD,-0.40331049085782644
2023-03-27,NFLX,-0.5262906873382094
2023-03-27,CRM,-0.3829525613088478
2023-03-27,ORCL,-0.11193561334107027
2023-03-27,ADBE,-0.45792234329888293
2023-03-27,AVGO,-0.03355141366349468
2023-03-27,QCOM,-0.32882296949911805
2023-03-27,INTC,-0.45076322049290884
2023-03-27,BTC-USD,-0.5983252518282247
2023-03-27,ETH-USD,-0.6435100462651273
2023-03-27,SOL-USD,-0.9198217049788606
2023-03-28,AAPL,-0.12748135289423435
2023-03-28,MSFT,-0.18829326558607906
2023-03-28,NVDA,-0.2077414633306356
2023-03-28,GOOGL,-0.3257405944164715
2023-03-28,AMZN,-0.4738180595576891
2023-03-28,META,-0.4226033377233872
2023-03-28,TSLA,-0.5385272047269679
2023-03-28,AMD,-0.41597186449373813
2023-03-28,NFLX,-0.5322759937300625
2023-03-28,CRM,-0.37959742361064164
2023-03-28,ORCL,-0.11479290080118465
2023-03-28,ADBE,-0.4575591665163774
2023-03-28,AVGO,-0.03685089833395305
2023-03-28,QCOM,-0.3410952819377694
2023-03-28,INTC,-0.44869272811738947
2023-03-28,BTC-USD,-0.5964272466819309
2023-03-28,ETH-USD,-0.6315973721367143
2023-03-28,SOL-USD,-0.9176120663528734
2023-03-29,AAPL,-0.11021365146832918
2023-03-29,MSFT,-0.17272136320658416
2023-03-29,NVDA,-0.19052238848805236
2023-03-29,GOOGL,-0.32333811782852595
2023-03-29,AMZN,-0.457530433070941
2023-03-29,META,-0.4091667942432823
2023-03-29,TSLA,-0.5270873373526683
2023-03-29,AMD,-0.40652217797226897
2023-03-29,NFLX,-0.5199728240937496
2023-03-29,CRM,-0.365595575821657
2023-03-29,ORCL,-0.10720665900046744
2023-03-29,ADBE,-0.4491915592608572
2023-03-29,AVGO,-0.03561746046903802
2023-03-29,QCOM,-0.32073191838054704
2023-03-29,INTC,-0.406718893049818
2023-03-29,BTC-USD,-0.5804384756110674
2023-03-29,ETH-USD,-0.6273962459240874
2023-03-29,SOL-USD,-0.9150331745943527
2023-03-30,AAPL,-0.10141368346446777
2023-03-30,MSFT,-0.16228138379126034
2023-03-30,NVDA,-0.17855291328729905
2023-03-30,GOOGL,-0.326675030794919
2023-03-30,AMZN,-0.44806088950858836
2023-03-30,META,-0.4020025436132516
2023-03-30,TSLA,-0.5236724682346455
2023-03-30,AMD,-0.39546664789357855
2023-03-30,NFLX,-0.5107201328374358
2023-03-30,CRM,-0.3657245076659764
2023-03-30,ORCL,-0.10829020605755313
2023-03-30,ADBE,-0.44521115591118976
2023-03-30,AVGO,-0.02289772844162785
2023-03-30,QCOM,-0.3081880448848435
2023-03-30,INTC,-0.39599010842406057
2023-03-30,BTC-USD,-0.5850987344242748
2023-03-30,ETH-USD,-0.6274512425223144
2023-03-30,SOL-USD,-0.9172886877519606
2023-03-31,AAPL,-0.0873560667270542
2023-03-31,MSFT,-0.14974722901969406
2023-03-31,NVDA,-0.16673353652586687
2023-03-31,GOOGL,-0.30772132608031
2023-03-31,AMZN,-0.4410804781571249
2023-03-31,META,-0.39020599863325334
2023-03-31,TSLA,-0.4939629580307189
2023-03-31,AMD,-0.3946637025543651
2023-03-31,NFLX,-0.5005276789329591
2023-03-31,CRM,-0.35546524529258305
2023-03-31,ORCL,-0.08454688014324896
2023-03-31,ADBE,-0.44017026039668905
2023-03-31,AVGO,-0.010887108041112148
2023-03-31,QCOM,-0.3072105862432881
2023-03-31,INTC,-0.3850732175981185
2023-03-31,BTC-USD,-0.5785138186106025
2023-03-31,ETH-USD,-0.6213655442253319
2023-03-31,SOL-USD,-0.9147956034757787
2023-04-03,AAPL,-0.0803272154450716
2023-04-03,MSFT,-0.15290264563783307
2023-04-03,NVDA,-0.16109385313886548
2023-04-03,GOOGL,-0.30351679929402475
2023-04-03,AMZN,-0.44584229091483474
2023-04-03,META,-0.38695472299268074
2023-04-03,TSLA,-0.5249164482949364
2023-04-03,AMD,-0.4036193232377092
2023-04-03,NFLX,-0.4964796402959194
2023-04-03,CRM,-0.36607944649810065
2023-04-03,ORCL,-0.07469483308361313
2023-04-03,ADBE,-0.44785509352777475
2023-04-03,AVGO,-0.009453347830399084
2023-04-03,QCOM,-0.32263235333486906
2023-04-03,INTC,-0.3809321960644828
2023-04-03,BTC-USD,-0.5887002324319186
2023-04-03,ETH-USD,-0.6238021116867264
2023-04-03,SOL-USD,-0.9177233366567292
2023-04-04,AAPL,-0.08331578180350074
2023-04-04,MSFT,-0.15305019443601342
2023-04-04,NVDA,-0.17645308491037148
2023-04-04,GOOGL,-0.30111421990214293
2023-04-04,AMZN,-0.43750912890982596
2023-04-04,META,-0.382207410234892
2023-04-04,TSLA,-0.5302583085161365
2023-04-04,AMD,-0.4078809179286196
2023-04-04,NFLX,-0.49869161214407176
2023-04-04,CRM,-0.36378882428807047
2023-04-04,ORCL,-0.07390679172693904
2023-04-04,ADBE,-0.44048985773861804
2023-04-04,AVGO,-0.02187990423584729
2023-04-04,QCOM,-0.3358822139505383
2023-04-04,INTC,-0.3769794646440162
2023-04-04,BTC-USD,-0.5831077079474789
2023-04-04,ETH-USD,-0.6111863791081926
2023-04-04,SOL-USD,-0.9157851760780592
2023-04-05,AAPL,-0.09366551985228222
2023-04-05,MSFT,-0.16142606329723186
2023-04-05,NVDA,-0.19361206297820577
2023-04-05,GOOGL,-0.3027825735814035
2023-04-05,AMZN,-0.45293094874029927
2023-04-05,META,-0.39152966326953853
2023-04-05,TSLA,-0.547479074761404
2023-04-05,AMD,-0.42832440574976705
2023-04-05,NFLX,-0.5050528235951899
2023-04-05,CRM,-0.3698863974997858
2023-04-05,ORCL,-0.06513844865784635
2023-04-05,ADBE,-0.44503683814888373
2023-04-05,AVGO,-0.030205747998542143
2023-04-05,QCOM,-0.3318639071717816
2023-04-05,INTC,-0.3820615689175286
2023-04-05,BTC-USD,-0.5829612672823687
2023-04-05,ETH-USD,-0.6032669704332403
2023-04-05,SOL-USD,-0.9156186045483339
2023-04-06,AAPL,-0.08868440426846336
2023-04-06,MSFT,-0.1400148362860515
2023-04-06,NVDA,-0.18893237821362763
2023-04-06,GOOGL,-0.2764209714272907
2023-04-06,AMZN,-0.44773623265445206
2023-04-06,META,-0.378236859556895
2023-04-06,TSLA,-0.5486011244540584
2023-04-06,AMD,-0.42888024748810993
2023-04-06,NFLX,-0.5094189696826172
2023-04-06,CRM,-0.3787908219791368
2023-04-06,ORCL,-0.05499073896434148
2023-04-06,ADBE,-0.4470996574469772
2023-04-06,AVGO,-0.04002688569067747
2023-04-06,QCOM,-0.332080985900045
2023-04-06,INTC,-0.38243800201347933
2023-04-06,BTC-USD,-0.5849421764609437
2023-04-06,ETH-USD,-0.6107879074453928
2023-04-06,SOL-USD,-0.9170509016924755
2023-04-10,AAPL,-0.10324015831222433
2023-04-10,MSFT,-0.1465325153610325
2023-04-10,NVDA,-0.17267318719542657
2023-04-10,GOOGL,-0.28963518378362496
2023-04-10,AMZN,-0.4471410008992467
2023-04-10,META,-0.38212111318671194
2023-04-10,TSLA,-0.5499426934715963
2023-04-10,AMD,-0.4102896597038489
2023-04-10,NFLX,-0.5099105251100278
2023-04-10,CRM,-0.38221062627163416
2023-04-10,ORCL,-0.07240289840402614
2023-04-10,ADBE,-0.4534189423291939
2023-04-10,AVGO,-0.03270351340952993
2023-04-10,QCOM,-0.3250760447064889
2023-04-10,INTC,-0.3878965026003457
2023-04-10,BTC-USD,-0.5611310861908245
2023-04-10,ETH-USD,-0.6028319189297378
2023-04-10,SOL-USD,-0.915955271103436
2023-04-11,AAPL,-0.11004757709069612
2023-04-11,MSFT,-0.1658794468039404
2023-04-11,NVDA,-0.18497264936660185
2023-04-11,GOOGL,-0.2969096931158578
2023-04-11,AMZN,-0.4593161283365572
2023-04-11,META,-0.3847105565091421
2023-04-11,TSLA,-0.5443813139255125
2023-04-11,AMD,-0.4192452803871931
2023-04-11,NFLX,-0.511038185137433
2023-04-11,CRM,-0.3905986711892814
2023-04-11,ORCL,-0.07032533482733994
2023-04-11,ADBE,-0.4608858782573969
2023-04-11,AVGO,-0.04167662802590688
2023-04-11,QCOM,-0.32898578973724824
2023-04-11,INTC,-0.3910963310463139
2023-04-11,BTC-USD,-0.5525162356620541
2023-04-11,ETH-USD,-0.606784013036832
2023-04-11,SOL-USD,-0.907356667421007
2023-04-12,AAPL,-0.11392170181006478
2023-04-12,MSFT,-0.1639328202458783
2023-04-12,NVDA,-0.2051914544337874
2023-04-12,GOOGL,-0.3016481835469702
2023-04-12,AMZN,-0.4706254491175932
2023-04-12,META,-0.38427902694515625
2023-04-12,TSLA,-0.5596263318082608
2023-04-12,AMD,-0.4297449216063356
2023-04-12,NFLX,-0.5214185364211522
2023-04-12,CRM,-0.3859853192282231
2023-04-12,ORCL,-0.0710180391086026
2023-04-12,ADBE,-0.4626581383962447
2023-04-12,AVGO,-0.04918509275041294
2023-04-12,QCOM,-0.34690555145831337
2023-04-12,INTC,-0.39730766104248494
2023-04-12,BTC-USD,-0.5539371379308032
2023-04-12,ETH-USD,-0.6008630001253151
2023-04-12,SOL-USD,-0.9034669047802552
2023-04-13,AAPL,-0.0837032886846446
2023-04-13,MSFT,-0.1452053162340773
2023-04-13,NVDA,-0.20615162525327313
2023-04-13,GOOGL,-0.2830280776054578
2023-04-13,AMZN,-0.44589641415183534
2023-04-13,META,-0.36600882933599677
2023-04-13,TSLA,-0.5465522029832445
2023-04-13,AMD,-0.4312272604843268
2023-04-13,NFLX,-0.4995012198714798
2023-04-13,CRM,-0.3740481869975294
2023-04-13,ORCL,-0.054694056262998614
2023-04-13,ADBE,-0.4497145568808788
2023-04-13,AVGO,-0.037559948549950595
2023-04-13,QCOM,-0.3422356055851863
2023-04-13,INTC,-0.3952372422321593
2023-04-13,BTC-USD,-0.550088893472828
2023-04-13,ETH-USD,-0.5817543458220596
2023-04-13,SOL-USD,-0.9016678647063646
2023-04-14,AAPL,-0.0856402223045013
2023-04-14,MSFT,-0.15611735929649473
2023-04-14,NVDA,-0.19730207382662057
2023-04-14,GOOGL,-0.27341765723399425
2023-04-14,AMZN,-0.44530118239662975
2023-04-14,META,-0.36272878801269726
2023-04-14,TSLA,-0.5487474706706476
2023-04-14,AMD,-0.4333271698796731
2023-04-14,NFLX,-0.5104309793418771
2023-04-14,CRM,-0.37201577965236754
2023-04-14,ORCL,-0.053110990010793224
2023-04-14,ADBE,-0.4488719619189282
2023-04-14,AVGO,-0.04480625015544637
2023-04-14,QCOM,-0.34750293206255056
2023-04-14,INTC,-0.3997545865139551
2023-04-14,BTC-USD,-0.5488067138159743
2023-04-14,ETH-USD,-0.5632590760875906
2023-04-14,SOL-USD,-0.9002978083089401
2023-04-17,AAPL,-0.08552976353240116
2023-04-17,MSFT,-0.14827238858747516
2023-04-17,NVDA,-0.18998243589964348
2023-04-17,GOOGL,-0.29277178328025566
2023-04-17,AMZN,-0.4440566369331521
2023-04-17,META,-0.3702958025239872
2023-04-17,TSLA,-0.5437715132102026
2023-04-17,AMD,-0.44493854169670644
2023-04-17,NFLX,-0.5189752638367089
2023-04-17,CRM,-0.3641759709972582
2023-04-17,ORCL,-0.05429819161653637
2023-04-17,ADBE,-0.4509929019154916
2023-04-17,AVGO,-0.03274957158223024
2023-04-17,QCOM,-0.35173854140822636
2023-04-17,INTC,-0.39504898890158713
2023-04-17,BTC-USD,-0.5642085659637437
2023-04-17,ETH-USD,-0.5685359083647086
2023-04-17,SOL-USD,-0.9011585929231012
2023-04-18,AAPL,-0.07866672914839634
2023-04-18,MSFT,-0.14954075320932514
2023-04-18,NVDA,-0.17003346362911054
2023-04-18,GOOGL,-0.3025824143175453
2023-04-18,AMZN,-0.4464375226700402
2023-04-18,META,-0.3730866942716755
2023-04-18,TSLA,-0.5504305265999883
2023-04-18,AMD,-0.4454944305562545
2023-04-18,NFLX,-0.517558450313745
2023-04-18,CRM,-0.35959467640916487
2023-04-18,ORCL,-0.04559215113005821
2023-04-18,ADBE,-0.45153044079340643
2023-04-18,AVGO,-0.025102441052447633
2023-04-18,QCOM,-0.35727729463944924
2023-04-18,INTC,-0.4008839225844041
2023-04-18,BTC-USD,-0.5501112960617462
2023-04-18,ETH-USD,-0.5626560414321236
2023-04-18,SOL-USD,-0.8999759650002502
2023-04-19,AAPL,-0.07224673142451654
2023-04-19,MSFT,-0.1493047676393201
2023-04-19,NVDA,-0.1621137763389755
2023-04-19,GOOGL,-0.30471806328898166
2023-04-19,AMZN,-0.43561518717020864
2023-04-19,META,-0.37938779712756265
2023-04-19,TSLA,-0.5595043642213424
2023-04-19,AMD,-0.4445062046375936
2023-04-19,NFLX,-0.5328543007211797
2023-04-19,CRM,-0.3582396880110241
2023-04-19,ORCL,-0.052121759961645586
2023-04-19,ADBE,-0.4478115140871982
2023-04-19,AVGO,-0.021741299841467776
2023-04-19,QCOM,-0.35629983599789383
2023-04-19,INTC,-0.4136831995856808
2023-04-19,BTC-USD,-0.5734196722365381
2023-04-19,ETH-USD,-0.597595953589771
2023-04-19,SOL-USD,-0.9085881867246967
2023-04-20,AAPL,-0.07767054036225329
2023-04-20,MSFT,-0.1562059810824864
2023-04-20,NVDA,-0.18692243670322983
2023-04-20,GOOGL,-0.2973099602416057
2023-04-20,AMZN,-0.4382666890920994
2023-04-20,META,-0.38695472299268074
2023-04-20,TSLA,-0.6024343122475928
2023-04-20,AMD,-0.4434562499399205
2023-04-20,NFLX,-0.5296303192137672
2023-04-20,CRM,-0.3627887245540212
2023-04-20,ORCL,-0.06181710896400017
2023-04-20,ADBE,-0.44759357255121224
2023-04-20,AVGO,-0.02402332877152724
2023-04-20,QCOM,-0.3557569377224452
2023-04-20,INTC,-0.41914162660735343
2023-04-20,BTC-USD,-0.5819547984553256
2023-04-20,ETH-USD,-0.5962048288433819
2023-04-20,SOL-USD,-0.9107268794970629
2023-04-21,AAPL,-0.086691769216522
2023-04-21,MSFT,-0.15723808261308092
2023-04-21,NVDA,-0.18647254317841333
2023-04-21,GOOGL,-0.29650916898026924
2023-04-21,AMZN,-0.421221502423078
2023-04-21,META,-0.3874727712202757
2023-04-21,TSLA,-0.5973363872002294
2023-04-21,AMD,-0.4538323864798329
2023-04-21,NFLX,-0.5258280307152376
2023-04-21,CRM,-0.3578848996829982
2023-04-21,ORCL,-0.05865136879323285
2023-04-21,ADBE,-0.4513560786979971
2023-04-21,AVGO,-0.024208114160400918
2023-04-21,QCOM,-0.3605354453435695
2023-04-21,INTC,-0.4296821579025386
2023-04-21,BTC-USD,-0.5962973116662045
2023-04-21,ETH-USD,-0.6155514804181161
2023-04-21,SOL-USD,-0.9143623900692386
2023-04-24,AAPL,-0.08497626810017611
2023-04-24,MSFT,-0.16900544616952684
2023-04-24,NVDA,-0.18878250937038998
2023-04-24,GOOGL,-0.29277178328025566
2023-04-24,AMZN,-0.42527987823551483
2023-04-24,META,-0.3877604280475424
2023-04-24,TSLA,-0.6035075674616234
2023-04-24,AMD,-0.4591439829896219
2023-04-24,NFLX,-0.5243244656285673
2023-04-24,CRM,-0.3711446117626377
2023-04-24,ORCL,-0.05578223285707984
2023-04-24,ADBE,-0.4518354968774422
2023-04-24,AVGO,-0.021679704711843217
2023-04-24,QCOM,-0.36276183414827023
2023-04-24,INTC,-0.44172853192931716
2023-04-24,BTC-USD,-0.5926205120532289
2023-04-24,ETH-USD,-0.6170565303133233
2023-04-24,SOL-USD,-0.9139078668066444
2023-04-25,AAPL,-0.09361007589985282
2023-04-25,MSFT,-0.18773267266007732
2023-04-25,NVDA,-0.212811174441364
2023-04-25,GOOGL,-0.3069204834170055
2023-04-25,AMZN,-0.4449765255424937
2023-04-25,META,-0.4028368813815826
2023-04-25,TSLA,-0.6080932807509243
2023-04-25,AMD,-0.482428502523906
2023-04-25,NFLX,-0.5336783578508069
2023-04-25,CRM,-0.38485598664165743
2023-04-25,ORCL,-0.06943512978985444
2023-04-25,ADBE,-0.46309397713511324
2023-04-25,AVGO,-0.04098268489055501
2023-04-25,QCOM,-0.38068159586933514
2023-04-25,INTC,-0.45640997441034736
2023-04-25,BTC-USD,-0.5810429697264999
2023-04-25,ETH-USD,-0.6120698761206698
2023-04-25,SOL-USD,-0.9117498984404194
2023-04-26,AAPL,-0.09366551985228222
2023-04-26,MSFT,-0.12889622490618158
2023-04-26,NVDA,-0.19136230835901935
2023-04-26,GOOGL,-0.30785476558954883
2023-04-26,AMZN,-0.4319355914489085
2023-04-26,META,-0.397514122000003
2023-04-26,TSLA,-0.6249725600843895
2023-04-26,AMD,-0.46921128714965143
2023-04-26,NFLX,-0.5357023771693268
2023-04-26,CRM,-0.3821138019683127
2023-04-26,ORCL,-0.07289763112869307
2023-04-26,ADBE,-0.47258015292083333
2023-04-26,AVGO,-0.04997139787475302
2023-04-26,QCOM,-0.380084260032829
2023-04-26,INTC,-0.4532101827469758
2023-04-26,BTC-USD,-0.5793394190520172
2023-04-26,ETH-USD,-0.6121092463791793
2023-04-26,SOL-USD,-0.9143427613581686
2023-04-27,AAPL,-0.06792982752467813
2023-04-27,MSFT,-0.10099692108673997
2023-04-27,NVDA,-0.18326267513876215
2023-04-27,GOOGL,-0.2819602017177716
2023-04-27,AMZN,-0.4057455593556041
2023-04-27,META,-0.31361499708841667
2023-04-27,TSLA,-0.6092640877029205
2023-04-27,AMD,-0.45994688120762983
2023-04-27,NFLX,-0.5289074630500659
2023-04-27,CRM,-0.3678539399865912
2023-04-27,ORCL,-0.0597393884538564
2023-04-27,ADBE,-0.460435498260635
2023-04-27,AVGO,-0.046548661534148605
2023-04-27,QCOM,-0.38138762775703194
2023-04-27,INTC,-0.43796401705682575
2023-04-27,BTC-USD,-0.5637831769333925
2023-04-27,ETH-USD,-0.6033350566277242
2023-04-27,SOL-USD,-0.9100882670204798
2023-04-28,AAPL,-0.06090106206924728
2023-04-28,MSFT,-0.09383039732809961
2023-04-28,NVDA,-0.16757345639683396
2023-04-28,GOOGL,-0.2836287096029363
2023-04-28,AMZN,-0.42939237728495216
2023-04-28,META,-0.30855112885137703
2023-04-28,TSLA,-0.5992145838247829
2023-04-28,AMD,-0.44802667701071364
2023-04-28,NFLX,-0.5230088530715293
2023-04-28,CRM,-0.3600140811634487
2023-04-28,ORCL,-0.06290536402480973
2023-04-28,ADBE,-0.4515158995355132
2023-04-28,AVGO,-0.034075555668824586
2023-04-28,QCOM,-0.3657485133308007
2023-04-28,INTC,-0.41537718530005585
2023-04-28,BTC-USD,-0.5657593743416529
2023-04-28,ETH-USD,-0.6067168654374284
2023-04-28,SOL-USD,-0.9059582541762251
2023-05-01,AAPL,-0.06139911354904293
2023-05-01,MSFT,-0.09884409623955925
2023-05-01,NVDA,-0.13274528036551692
2023-05-01,GOOGL,-0.2845630431774475
2023-05-01,AMZN,-0.44779031460751917
2023-05-01,META,-0.30032232634503075
2023-05-01,TSLA,-0.6052637964992585
2023-05-01,AMD,-0.44605027229459726
2023-05-01,NFLX,-0.5314085883937769
2023-05-01,CRM,-0.3618853487872279
2023-05-01,ORCL,-0.061421401250995156
2023-05-01,ADBE,-0.45646963616886094
2023-05-01,AVGO,-0.016422256414444947
2023-05-01,QCOM,-0.37096149178256954
2023-05-01,INTC,-0.4296821579025386
2023-05-01,BTC-USD,-0.584240238310358
2023-05-01,ETH-USD,-0.6193014214388308
2023-05-01,SOL-USD,-0.9115109148530004
2023-05-02,AAPL,-0.06721025771482003
2023-05-02,MSFT,-0.09928646511284989
2023-05-02,NVDA,-0.15374425292304528
2023-05-02,GOOGL,-0.2971099037816839
2023-05-02,AMZN,-0.4392407009384418
2023-05-02,META,-0.31165844310905877
2023-05-02,TSLA,-0.608971395269742
2023-05-02,AMD,-0.44469148521704116
2023-05-02,NFLX,-0.540907057363796
2023-05-02,CRM,-0.37462893214532755
2023-05-02,ORCL,-0.06211402706552893
2023-05-02,ADBE,-0.46444498412608903
2023-05-02,AVGO,-0.05590706811788804
2023-05-02,QCOM,-0.3694954381234298
2023-05-02,INTC,-0.4396580027712008
2023-05-02,BTC-USD,-0.575523405415518
2023-05-02,ETH-USD,-0.611231228732577
2023-05-02,SOL-USD,-0.9103906658531665
2023-05-03,AAPL,-0.07324300603721134
2023-05-03,MSFT,-0.10226500818733941
2023-05-03,NVDA,-0.1659836183194715
2023-05-03,GOOGL,-0.29650916898026924
2023-05-03,AMZN,-0.4391324544644405
2023-05-03,META,-0.3180170773303992
2023-05-03,TSLA,-0.6082396269675137
2023-05-03,AMD,-0.49589277437782575
2023-05-03,NFLX,-0.538377005640451
2023-05-03,CRM,-0.3785972235405266
2023-05-03,ORCL,-0.06231176322193832
2023-05-03,ADBE,-0.49845286335987826
2023-05-03,AVGO,-0.05458126826398457
2023-05-03,QCOM,-0.3873065037933041
2023-05-03,INTC,-0.42309428446262654
2023-05-03,BTC-USD,-0.5707019346817976
2023-05-03,ETH-USD,-0.6041942516378485
2023-05-03,SOL-USD,-0.9105797294139575
2023-05-04,AAPL,-0.08243022344256135
2023-05-04,MSFT,-0.09928646511284989
2023-05-04,NVDA,-0.1731833496920543
2023-05-04,GOOGL,-0.3013143277640328
2023-05-04,AMZN,-0.4372385540087568
2023-05-04,META,-0.32811604812175166
2023-05-04,TSLA,-0.6068005062120099
2023-05-04,AMD,-0.46507319713797113
2023-05-04,NFLX,-0.5362373359537858
2023-05-04,CRM,-0.37933930908183866
2023-05-04,ORCL,-0.06043209273511885
2023-05-04,ADBE,-0.5121373840312516
2023-05-04,AVGO,-0.05926827073976493
2023-05-04,QCOM,-0.42124550274564976
2023-05-04,INTC,-0.4095812411698778
2023-05-04,BTC-USD,-0.5730492056822447
2023-05-04,ETH-USD,-0.609794265031854
2023-05-04,SOL-USD,-0.9125423779035831
2023-05-05,AAPL,-0.03937164321627795
2023-05-05,MSFT,-0.08383269427898266
2023-05-05,NVDA,-0.13964504445554138
2023-05-05,GOOGL,-0.2954413958965192
2023-05-05,AMZN,-0.4282559957276084
2023-05-05,META,-0.33024510755129766
2023-05-05,TSLA,-0.5851891673726544
2023-05-05,AMD,-0.4451238693973594
2023-05-05,NFLX,-0.533374754953029
2023-05-05,CRM,-0.36253055985718563
2023-05-05,ORCL,-0.04064553008394778
2023-05-05,ADBE,-0.4938768447669294
2023-05-05,AVGO,-0.028494410533688397
2023-05-05,QCOM,-0.4092990098541833
2023-05-05,INTC,-0.4143060760803877
2023-05-05,BTC-USD,-0.5628863218059343
2023-05-05,ETH-USD,-0.5854063431777583
2023-05-05,SOL-USD,-0.9081322893755629
2023-05-08,AAPL,-0.039758978444318194
2023-05-08,MSFT,-0.08973094592285669
2023-05-08,NVDA,-0.12551575890115318
2023-05-08,GOOGL,-0.2807589891247828
2023-05-08,AMZN,-0.42733610711826686
2023-05-08,META,-0.3288354118053476
2023-05-08,TSLA,-0.5809693568441086
2023-05-08,AMD,-0.413007233858961
2023-05-08,NFLX,-0.5211583368804226
2023-05-08,CRM,-0.36153040995510366
2023-05-08,ORCL,-0.042426175559104995
2023-05-08,ADBE,-0.5001815883912528
2023-05-08,AVGO,-0.030128493090199382
2023-05-08,QCOM,-0.41185126297380037
2023-05-08,INTC,-0.41846394404337106
2023-05-08,BTC-USD,-0.5901202675036775
2023-05-08,ETH-USD,-0.6157503864728662
2023-05-08,SOL-USD,-0.9168603949569949
2023-05-09,AAPL,-0.04933378855736381
2023-05-09,MSFT,-0.09459700352905276
2023-05-09,NVDA,-0.14291483707287944
2023-05-09,GOOGL,-0.28356198984831693
2023-05-09,AMZN,-0.4230612796417611
2023-05-09,META,-0.328547710654995
2023-05-09,TSLA,-0.5874088509090103
2023-05-09,AMD,-0.41288372917973093
2023-05-09,NFLX,-0.5198137703685557
2023-05-09,CRM,-0.35094846679468206
2023-05-09,ORCL,-0.048856994779216345
2023-05-09,ADBE,-0.5022299107645563
2023-05-09,AVGO,-0.04639445877194792
2023-05-09,QCOM,-0.425644021864918
2023-05-09,INTC,-0.43112657369742713
2023-05-09,BTC-USD,-0.5906456443470203
2023-05-09,ETH-USD,-0.6158417346048844
2023-05-09,SOL-USD,-0.9167550201752751
2023-05-10,AAPL,-0.03942708716870735
2023-05-10,MSFT,-0.07893703440606703
2023-05-10,NVDA,-0.13349525597093304
2023-05-10,GOOGL,-0.25419697069697167
2023-05-10,AMZN,-0.40374341242591927
2023-05-10,META,-0.32938200410024
2023-05-10,TSLA,-0.5888967661431377
2023-05-10,AMD,-0.4007782444033673
2023-05-10,NFLX,-0.5150717743722535
2023-05-10,CRM,-0.33910825920337584
2023-05-10,ORCL,-0.0352041763131703
2023-05-10,ADBE,-0.5002397090897226
2023-05-10,AVGO,-0.03443020359861715
2023-05-10,QCOM,-0.42189714184002003
2023-05-10,INTC,-0.43358354081783157
2023-05-10,BTC-USD,-0.5911935394055469
2023-05-10,ETH-USD,-0.6171305017526361
2023-05-10,SOL-USD,-0.9156680946931396
2023-05-11,AAPL,-0.03837536860358315
2023-05-11,MSFT,-0.0854251112143285
2023-05-11,NVDA,-0.1427048140558722
2023-05-11,GOOGL,-0.22202910502799666
2023-05-11,AMZN,-0.3929752001630882
2023-05-11,META,-0.32158486412713705
2023-05-11,TSLA,-0.5802619671715512
2023-05-11,AMD,-0.40028413144403685
2023-05-11,NFLX,-0.5015685873966578
2023-05-11,CRM,-0.3435605216110842
2023-05-11,ORCL,-0.03599551327245132
2023-05-11,ADBE,-0.5037843180336248
2023-05-11,AVGO,-0.03227167198229153
2023-05-11,QCOM,-0.43492974465650125
2023-05-11,INTC,-0.45456190639785454
2023-05-11,BTC-USD,-0.6003839485768372
2023-05-11,ETH-USD,-0.626671244643032
2023-05-11,SOL-USD,-0.9185611532992355
2023-05-12,AAPL,-0.043585211947811286
2023-05-12,MSFT,-0.0887873736711704
2023-05-12,NVDA,-0.14984444865370594
2023-05-12,GOOGL,-0.21575549481899003
2023-05-12,AMZN,-0.40336463233478237
2023-05-12,META,-0.32728162170724906
2023-05-12,TSLA,-0.5902627137903469
2023-05-12,AMD,-0.4116484467814048
2023-05-12,NFLX,-0.5086093619552092
2023-05-12,CRM,-0.34891600928148736
2023-05-12,ORCL,-0.03193941113074106
2023-05-12,ADBE,-0.5126893755008533
2023-05-12,AVGO,-0.026906263328083768
2023-05-12,QCOM,-0.43731895369933227
2023-05-12,INTC,-0.4528609319900819
2023-05-12,BTC-USD,-0.603281802946481
2023-05-12,ETH-USD,-0.6242753665467464
2023-05-12,SOL-USD,-0.9158367926025937
2023-05-15,AAPL,-0.04635612217100671
2023-05-15,MSFT,-0.08734213550567105
2023-05-15,NVDA,-0.13145546696973365
2023-05-15,GOOGL,-0.22242952635964885
2023-05-15,AMZN,-0.39827816272293637
2023-05-15,META,-0.31275180499118704
2023-05-15,TSLA,-0.5942385891450559
2023-05-15,AMD,-0.3984312314071504
2023-05-15,NFLX,-0.5143922664152103
2023-05-15,CRM,-0.34401208407439876
2023-05-15,ORCL,-0.037776394147794545
2023-05-15,ADBE,-0.49784270685870347
2023-05-15,AVGO,-0.013569965895458336
2023-05-15,QCOM,-0.4228744661783821
2023-05-15,INTC,-0.43679642708567434
2023-05-15,BTC-USD,-0.5975437339004879
2023-05-15,ETH-USD,-0.6222949055595777
2023-05-15,SOL-USD,-0.9154528620764091
2023-05-16,AAPL,-0.04635612217100671
2023-05-16,MSFT,-0.08061807312740454
2023-05-16,NVDA,-0.1236558584310552
2023-05-16,GOOGL,-0.20240789435538553
2023-05-16,AMZN,-0.38637356890276153
2023-05-16,META,-0.31286682339900806
2023-05-16,TSLA,-0.5938239291249591
2023-05-16,AMD,-0.37323203593576215
2023-05-16,NFLX,-0.5174861481522579
2023-05-16,CRM,-0.34004384284723266
2023-05-16,ORCL,-0.02798202013377804
2023-05-16,ADBE,-0.4986562636379709
2023-05-16,AVGO,-0.011041372214209755
2023-05-16,QCOM,-0.4363958430833721
2023-05-16,INTC,-0.44775811911455465
2023-05-16,BTC-USD,-0.599853195112154
2023-05-16,ETH-USD,-0.6209292750849682
2023-05-16,SOL-USD,-0.9167720235366439
2023-05-17,AAPL,-0.042920056171761534
2023-05-17,MSFT,-0.07192842023895873
2023-05-17,NVDA,-0.09470735109259032
2023-05-17,GOOGL,-0.1935317510985115
2023-05-17,AMZN,-0.37501012488472507
2023-05-17,META,-0.3023075130378573
2023-05-17,TSLA,-0.575920189056087
2023-05-17,AMD,-0.35921192234349963
2023-05-17,NFLX,-0.5085081609892833
2023-05-17,CRM,-0.32449350855756254
2023-05-17,ORCL,-0.012944263905579678
2023-05-17,ADBE,-0.48192104912693046
2023-05-17,AVGO,0.0
2023-05-17,QCOM,-0.430857045084418
2023-05-17,INTC,-0.4543729174153458
2023-05-17,BTC-USD,-0.5944932817671024
2023-05-17,ETH-USD,-0.6213993082807932
2023-05-17,SOL-USD,-0.91520650908632
2023-05-18,AAPL,-0.02984051881807226
2023-05-18,MSFT,-0.05856891726841751
2023-05-18,NVDA,-0.049709618353910856
2023-05-18,GOOGL,-0.18025061337968562
2023-05-18,AMZN,-0.3606705220906614
2023-05-18,META,-0.289762971660794
2023-05-18,TSLA,-0.5685294073640732
2023-05-18,AMD,-0.333395109233551
2023-05-18,NFLX,-0.4632132558595359
2023-05-18,CRM,-0.31178208290849374
2023-05-18,ORCL,0.0
2023-05-18,ADBE,-0.47640077976608786
2023-05-18,AVGO,0.0
2023-05-18,QCOM,-0.4191820237145416
2023-05-18,INTC,-0.43906433165837644
2023-05-18,BTC-USD,-0.6028789610378799
2023-05-18,ETH-USD,-0.6255827533914992
2023-05-18,SOL-USD,-0.9181030835116064
2023-05-19,AAPL,-0.02923080699445202
2023-05-19,MSFT,-0.05910111051978528
2023-05-19,NVDA,-0.062129044478501205
2023-05-19,GOOGL,-0.18071785726989342
2023-05-19,AMZN,-0.37095174907228823
2023-05-19,META,-0.29324437276317994
2023-05-19,TSLA,-0.560601998065044
2023-05-19,AMD,-0.3464270440283579
2023-05-19,NFLX,-0.4717864943091967
2023-05-19,CRM,-0.32133176862583535
2023-05-19,ORCL,0.0
2023-05-19,ADBE,-0.4606824779793043
2023-05-19,AVGO,0.0
2023-05-19,QCOM,-0.4251552925441403
2023-05-19,INTC,-0.43433949674786665
2023-05-19,BTC-USD,-0.6020217368128822
2023-05-19,ETH-USD,-0.6233257366322498
2023-05-19,SOL-USD,-0.9180983548115598
2023-05-22,AAPL,-0.03455153824353907
2023-05-22,MSFT,-0.0507070177631177
2023-05-22,NVDA,-0.06476894024187962
2023-05-22,GOOGL,-0.1654347670987104
2023-05-22,AMZN,-0.37766158552268225
2023-05-22,META,-0.28553344119208535
2023-05-22,TSLA,-0.53930776750782
2023-05-22,AMD,-0.33296277217443815
2023-05-22,NFLX,-0.4751839789440222
2023-05-22,CRM,-0.3216544494128635
2023-05-22,ORCL,-0.010404381675541585
2023-05-22,ADBE,-0.4595203300085279
2023-05-22,AVGO,-0.005687002248645712
2023-05-22,QCOM,-0.42830488150026325
2023-05-22,INTC,-0.42772466166447876
2023-05-22,BTC-USD,-0.6025967462306416
2023-05-22,ETH-USD,-0.6222980511214689
2023-05-22,SOL-USD,-0.9213495894168008
2023-05-23,AAPL,-0.04918264799973493
2023-05-23,MSFT,-0.06820427007147001
2023-05-23,NVDA,-0.0794080438987711
2023-05-23,GOOGL,-0.1820526635780252
2023-05-23,AMZN,-0.37776983199668357
2023-05-23,META,-0.2900794384938732
2023-05-23,TSLA,-0.5468692740460941
2023-05-23,AMD,-0.33222160273544243
2023-05-23,NFLX,-0.4853330294914505
2023-05-23,CRM,-0.3333333166106557
2023-05-23,ORCL,-0.04181249269263154
2023-05-23,ADBE,-0.4618882053906571
2023-05-23,AVGO,0.0
2023-05-23,QCOM,-0.4376448180142485
2023-05-23,INTC,-0.44227725470881607
2023-05-23,BTC-USD,-0.597054837143874
2023-05-23,ETH-USD,-0.6146411192923906
2023-05-23,SOL-USD,-0.9193326760235563
2023-05-24,AAPL,-0.04763073229102133
2023-05-24,MSFT,-0.07237171418308441
2023-05-24,NVDA,-0.08390795493028891
2023-05-24,GOOGL,-0.19313127836489108
2023-05-24,AMZN,-0.36824616519733033
2023-05-24,META,-0.28297276355238177
2023-05-24,TSLA,-0.5538698115669637
2023-05-24,AMD,-0.33129519983820466
2023-05-24,NFLX,-0.4725237998751175
2023-05-24,CRM,-0.3255258161686754
2023-05-24,ORCL,-0.04395172000415859
2023-05-24,ADBE,-0.4686578259365324
2023-05-24,AVGO,-0.010153038827323102
2023-05-24,QCOM,-0.4405771939389148
2023-05-24,INTC,-0.45191595029494114
2023-05-24,BTC-USD,-0.6102404228498776
2023-05-24,ETH-USD,-0.6259211803365853
2023-05-24,SOL-USD,-0.9226309750118908
2023-05-25,AAPL,-0.04125733838474088
2023-05-25,MSFT,-0.036697189995580914
2023-05-25,NVDA,0.0
2023-05-25,GOOGL,-0.17591259568219353
2023-05-25,AMZN,-0.37771570875968297
2023-05-25,META,-0.2729600898092095
2023-05-25,TSLA,-0.5500402452095621
2023-05-25,AMD,-0.2566858393427006
2023-05-25,NFLX,-0.48098133280624267
2023-05-25,CRM,-0.322783480991232
2023-05-25,ORCL,0.0
2023-05-25,ADBE,-0.43045164615019316
2023-05-25,AVGO,0.0
2023-05-25,QCOM,-0.43514695768795797
2023-05-25,INTC,-0.48215507027866866
2023-05-25,BTC-USD,-0.6081478476055072
2023-05-25,ETH-USD,-0.6247047103774623
2023-05-25,SOL-USD,-0.9224820670191902
2023-05-26,AAPL,-0.027734678544374836
2023-05-26,MSFT,-0.016096325035849013
2023-05-26,NVDA,0.0
2023-05-26,GOOGL,-0.16837125873345138
2023-05-26,AMZN,-0.35006463825489853
2023-05-26,META,-0.24605819284318675
2023-05-26,TSLA,-0.5288191877606327
2023-05-26,AMD,-0.21542834966271585
2023-05-26,NFLX,-0.45224014818248026
2023-05-26,CRM,-0.3049425244915319
2023-05-26,ORCL,-0.0020135847192366274
2023-05-26,ADBE,-0.3965599639802402
2023-05-26,AVGO,0.0
2023-05-26,QCOM,-0.4007735326726989
2023-05-26,INTC,-0.45191595029494114
2023-05-26,BTC-USD,-0.6045501652646211
2023-05-26,ETH-USD,-0.6199799495796869
2023-05-26,SOL-USD,-0.9220542655177358
2023-05-30,AAPL,-0.017370521634899716
2023-05-30,MSFT,-0.021061920263889422
2023-05-30,NVDA,0.0
2023-05-30,GOOGL,-0.17464461193261738
2023-05-30,AMZN,-0.34167731172895555
2023-05-30,META,-0.24467717413379175
2023-05-30,TSLA,-0.5093299435003857
2023-05-30,AMD,-0.22629859916195882
2023-05-30,NFLX,-0.4318552955239171
2023-05-30,CRM,-0.29387676082269953
2023-05-30,ORCL,0.0
2023-05-30,ADBE,-0.3939160706967586
2023-05-30,AVGO,-0.011553513377241642
2023-05-30,QCOM,-0.3700927739599359
2023-05-30,INTC,-0.43320552607021723
2023-05-30,BTC-USD,-0.5900007388518358
2023-05-30,ETH-USD,-0.604947613710794
2023-05-30,SOL-USD,-0.9144591902438934
2023-05-31,AAPL,-0.01764782722359859
2023-05-31,MSFT,-0.029396623472951022
2023-05-31,NVDA,-0.056767382842314196
2023-05-31,GOOGL,-0.17998368295924017
2023-05-31,AMZN,-0.3475213828070087
2023-05-31,META,-0.23834739424134965
2023-05-31,TSLA,-0.5025733783726345
2023-05-31,AMD,-0.2699030547169552
2023-05-31,NFLX,-0.4286024152120659
2023-05-31,CRM,-0.27932632559494774
2023-05-31,ORCL,0.0
2023-05-31,ADBE,-0.3930734757348079
2023-05-31,AVGO,-0.005869138923080941
2023-05-31,QCOM,-0.37988029824978753
2023-05-31,INTC,-0.40580127760671836
2023-05-31,BTC-USD,-0.5971446498455117
2023-05-31,ETH-USD,-0.6105368966799609
2023-05-31,SOL-USD,-0.9161881135219634
2023-06-01,AAPL,-0.001907838418814034
2023-06-01,MSFT,-0.017012515190819588
2023-06-01,NVDA,-0.008501469241337212
2023-06-01,GOOGL,-0.17431096175755256
2023-06-01,AMZN,-0.335670953507768
2023-06-01,META,-0.21564635070748062
2023-06-01,TSLA,-0.4938166118141296
2023-06-01,AMD,-0.2621209405317194
2023-06-01,NFLX,-0.4171811003142579
2023-06-01,CRM,-0.3131372218107329
2023-06-01,ORCL,0.0
2023-06-01,ADBE,-0.38005723226307897
2023-06-01,AVGO,-0.02802901498091881
2023-06-01,QCOM,-0.36664794181699145
2023-06-01,INTC,-0.4116601567600713
2023-06-01,BTC-USD,-0.603060060676039
2023-06-01,ETH-USD,-0.6130158784920177
2023-06-01,SOL-USD,-0.9174852051564939
2023-06-02,AAPL,0.0
2023-06-02,MSFT,-0.008677811981757988
2023-06-02,NVDA,-0.01954587085941062
2023-06-02,GOOGL,-0.1679708888037672
2023-06-02,AMZN,-0.3276624070729618
2023-06-02,META,-0.21564635070748062
2023-06-02,TSLA,-0.47808376080298964
2023-06-02,AMD,-0.2720647400125191
2023-06-02,NFLX,-0.4210267370194457
2023-06-02,CRM,-0.3127177167203834
2023-06-02,ORCL,-0.0009435383338544101
2023-06-02,ADBE,-0.3660821967655632
2023-06-02,AVGO,-0.0008984356085534051
2023-06-02,QCOM,-0.3677960998173565
2023-06-02,INTC,-0.4082582447271227
2023-06-02,BTC-USD,-0.5967016567162557
2023-06-02,ETH-USD,-0.6036529613182137
2023-06-02,SOL-USD,-0.9144450578789816
2023-06-05,AAPL,-0.007571005833350242
2023-06-05,MSFT,-0.007081694763072299
2023-06-05,NVDA,-0.023435162570599855
2023-06-05,GOOGL,-0.15902787158636955
2023-06-05,AMZN,-0.3219806644219768
2023-06-05,META,-0.21915638452333575
2023-06-05,TSLA,-0.4692050638768481
2023-06-05,AMD,-0.2716324029534064
2023-06-05,NFLX,-0.41658834392092137
2023-06-05,CRM,-0.32294497188884463
2023-06-05,ORCL,0.0
2023-06-05,ADBE,-0.36926362892695974
2023-06-05,AVGO,-0.01283314209965758
2023-06-05,QCOM,-0.38359852692676066
2023-06-05,INTC,-0.4356624564080248
2023-06-05,BTC-USD,-0.6187463823432218
2023-06-05,ETH-USD,-0.6234839025870218
2023-06-05,SOL-USD,-0.9192043793289484
2023-06-06,AAPL,-0.009615729411832197
2023-06-06,MSFT,-0.013761353741259308
2023-06-06,NVDA,-0.03632403449854982
2023-06-06,GOOGL,-0.1503518361913857
2023-06-06,AMZN,-0.3148920478804458
2023-06-06,META,-0.21993327957238507
2023-06-06,TSLA,-0.4601800207341177
2023-06-06,AMD,-0.23272187914843312
2023-06-06,NFLX,-0.42273270403796814
2023-06-06,CRM,-0.31329846186818133
2023-06-06,ORCL,0.0
2023-06-06,ADBE,-0.37113758920485385
2023-06-06,AVGO,-0.02796736147908807
2023-06-06,QCOM,-0.36374990274210406
2023-06-06,INTC,-0.41487304302791395
2023-06-06,BTC-USD,-0.5968615967478494
2023-06-06,ETH-USD,-0.608383074644691
2023-06-06,SOL-USD,-0.9179027048471324
2023-06-07,AAPL,-0.01729747826839334
2023-06-07,MSFT,-0.04420450984983049
2023-06-07,NVDA,-0.06562108838345293
2023-06-07,GOOGL,-0.1824530849096775
2023-06-07,AMZN,-0.34400411551277665
2023-06-07,META,-0.2415698598761099
2023-06-07,TSLA,-0.4522281955861356
2023-06-07,AMD,-0.2722500205919668
2023-06-07,NFLX,-0.42203874667870567
2023-06-07,CRM,-0.3362692502267093
2023-06-07,ORCL,-0.017273621318356636
2023-06-07,ADBE,-0.3923035427292202
2023-06-07,AVGO,-0.024731385788407168
2023-06-07,QCOM,-0.3702020072239002
2023-06-07,INTC,-0.4088252484572459
2023-06-07,BTC-USD,-0.6100749616641117
2023-06-07,ETH-USD,-0.6192097435301627
2023-06-07,SOL-USD,-0.9250030398786013
2023-06-08,AAPL,-0.0020999239262184943
2023-06-08,MSFT,-0.03864788686531695
2023-06-08,NVDA,-0.03981500915890701
2023-06-08,GOOGL,-0.1848556643015592
2023-06-08,AMZN,-0.3276624070729618
2023-06-08,META,-0.23875011379952293
2023-06-08,TSLA,-0.4271288145204626
2023-06-08,AMD,-0.2523624216303674
2023-06-08,NFLX,-0.408159709794235
2023-06-08,CRM,-0.32400948737702073
2023-06-08,ORCL,0.0
2023-06-08,ADBE,-0.362217990479732
2023-06-08,AVGO,-0.010495405980958217
2023-06-08,QCOM,-0.3638045193740862
2023-06-08,INTC,-0.3986195491409976
2023-06-08,BTC-USD,-0.6076740978896588
2023-06-08,ETH-USD,-0.6163199614820873
2023-06-08,SOL-USD,-0.9238954800689899
2023-06-09,AAPL,0.0
2023-06-09,MSFT,-0.034125678088485434
2023-06-09,NVDA,-0.033332315676995905
2023-06-09,GOOGL,-0.18425498090211279
2023-06-09,AMZN,-0.3320995629765354
2023-06-09,META,-0.23768565056937896
2023-06-09,TSLA,-0.40385883560071956
2023-06-09,AMD,-0.22846028445752264
2023-06-09,NFLX,-0.39276265842087443
2023-06-09,CRM,-0.30536192924581596
2023-06-09,ORCL,0.0
2023-06-09,ADBE,-0.3404709629699775
2023-06-09,AVGO,-0.009978653577696894
2023-06-09,QCOM,-0.3487130038350724
2023-06-09,INTC,-0.40769127777959646
2023-06-09,BTC-USD,-0.6080861609929243
2023-06-09,ETH-USD,-0.6175827523768018
2023-06-09,SOL-USD,-0.9300523319707104
2023-06-12,AAPL,0.0
2023-06-12,MSFT,-0.019170335420508944
2023-06-12,NVDA,-0.015579682491222768
2023-06-12,GOOGL,-0.17484492540237984
2023-06-12,AMZN,-0.3151084995445145
2023-06-12,META,-0.2201347723207293
2023-06-12,TSLA,-0.3906139447101612
2023-06-12,AMD,-0.20208758248802605
2023-06-12,NFLX,-0.38705200097197046
2023-06-12,CRM,-0.3105884349038671
2023-06-12,ORCL,0.0
2023-06-12,ADBE,-0.31050160778432545
2023-06-12,AVGO,0.0
2023-06-12,QCOM,-0.33214509329102726
2023-06-12,INTC,-0.3749952642406582
2023-06-12,BTC-USD,-0.6166388045909177
2023-06-12,ETH-USD,-0.6378850713154689
2023-06-12,SOL-USD,-0.9388381683779545
2023-06-13,AAPL,-0.002611538273899039
2023-06-13,MSFT,-0.011958483190954161
2023-06-13,NVDA,0.0
2023-06-13,GOOGL,-0.1735768388488672
2023-06-13,AMZN,-0.3146214729793766
2023-06-13,META,-0.2193578772716802
2023-06-13,TSLA,-0.36895384861146396
2023-06-13,AMD,-0.23086902623275196
2023-06-13,NFLX,-0.37005012839562335
2023-06-13,CRM,-0.3257840310335437
2023-06-13,ORCL,0.0
2023-06-13,ADBE,-0.30416782597731884
2023-06-13,AVGO,-0.004956827183563273
2023-06-13,QCOM,-0.3196235588931591
2023-06-13,INTC,-0.3591197483187595
2023-06-13,BTC-USD,-0.6163986199311469
2023-06-13,ETH-USD,-0.6386105545777818
2023-06-13,SOL-USD,-0.9395566314030513
2023-06-14,AAPL,0.0
2023-06-14,MSFT,-0.0029437604110941207
2023-06-14,NVDA,0.0
2023-06-14,GOOGL,-0.17464461193261738
2023-06-14,AMZN,-0.31592018296378843
2023-06-14,META,-0.2135170696625054
2023-06-14,TSLA,-0.37363707641944854
2023-06-14,AMD,-0.21357544962582942
2023-06-14,NFLX,-0.36263355907858696
2023-06-14,CRM,-0.32442889213130455
2023-06-14,ORCL,0.0
2023-06-14,ADBE,-0.303383351713838
2023-06-14,AVGO,0.0
2023-06-14,QCOM,-0.32525547377286956
2023-06-14,INTC,-0.32755748476188973
2023-06-14,BTC-USD,-0.6281507290120406
2023-06-14,ETH-USD,-0.6570055468432511
2023-06-14,SOL-USD,-0.9416962338360596
2023-06-15,AAPL,0.0
2023-06-15,MSFT,0.0
2023-06-15,NVDA,-0.008000327492020731
2023-06-15,GOOGL,-0.16516788808023308
2023-06-15,AMZN,-0.3121864640054879
2023-06-15,META,-0.1891186292323339
2023-06-15,TSLA,-0.3758080026964624
2023-06-15,AMD,-0.2326601503694209
2023-06-15,NFLX,-0.3562578430748593
2023-06-15,CRM,-0.3162988614063946
2023-06-15,ORCL,0.0
2023-06-15,ADBE,-0.2868515374808902
2023-06-15,AVGO,-0.0031027871507431914
2023-06-15,QCOM,-0.32410722623704213
2023-06-15,INTC,-0.32302174918167914
2023-06-15,BTC-USD,-0.6214652183474834
2023-06-15,ETH-USD,-0.6538882950090588
2023-06-15,SOL-USD,-0.9405978972944773
2023-06-16,AAPL,-0.005859823465169112
2023-06-16,MSFT,-0.016575694885077263
2023-06-16,NVDA,-0.007093494967257308
2023-06-16,GOOGL,-0.17557899690909673
2023-06-16,AMZN,-0.32095257062256766
2023-06-16,META,-0.19150657980641983
2023-06-16,TSLA,-0.36449006568979947
2023-06-16,AMD,-0.25835341167893433
2023-06-16,NFLX,-0.3755005863037977
2023-06-16,CRM,-0.31681509046400014
2023-06-16,ORCL,-0.008613236410529357
2023-06-16,ADBE,-0.2806484939956131
2023-06-16,AVGO,-0.020390784337415258
2023-06-16,QCOM,-0.3291924823518889
2023-06-16,INTC,-0.31262706088292214
2023-06-16,BTC-USD,-0.6103492849787375
2023-06-16,ETH-USD,-0.6432590101322607
2023-06-16,SOL-USD,-0.9383892297408212
2023-06-20,AAPL,-0.005375951987161787
2023-06-20,MSFT,-0.02887102411115605
2023-06-20,NVDA,0.0
2023-06-20,GOOGL,-0.17844876878921845
2023-06-20,AMZN,-0.31938332702102
2023-06-20,META,-0.1819257015657485
2023-06-20,TSLA,-0.330560744957327
2023-06-20,AMD,-0.2654561323253919
2023-06-20,NFLX,-0.37153924408007444
2023-06-20,CRM,-0.3000064917434455
2023-06-20,ORCL,-0.03563809528465234
2023-06-20,ADBE,-0.29418773508736373
2023-06-20,AVGO,-0.020481038083485115
2023-06-20,QCOM,-0.34483079095895963
2023-06-20,INTC,-0.3385193607037539
2023-06-20,BTC-USD,-0.5807485852548299
2023-06-20,ETH-USD,-0.6275795002716853
2023-06-20,SOL-USD,-0.9330485775671084
2023-06-21,AAPL,-0.011020813966402199
2023-06-21,MSFT,-0.04176966496963164
2023-06-21,NVDA,-0.01741683716393172
2023-06-21,GOOGL,-0.1954670866001854
2023-06-21,AMZN,-0.3245239198698666
2023-06-21,META,-0.18966522152722642
2023-06-21,TSLA,-0.3671244464655342
2023-06-21,AMD,-0.3075782961236023
2023-06-21,NFLX,-0.386358043612708
2023-06-21,CRM,-0.32381598927447597
2023-06-21,ORCL,-0.03516397275446881
2023-06-21,ADBE,-0.30636138359714193
2023-06-21,AVGO,-0.03837123631091588
2023-06-21,QCOM,-0.3670306163827154
2023-06-21,INTC,-0.3782080769433074
2023-06-21,BTC-USD,-0.5555911427505684
2023-06-21,ETH-USD,-0.6070297473758658
2023-06-21,SOL-USD,-0.9305459744791444
2023-06-22,AAPL,0.0
2023-06-22,MSFT,-0.02410216484577743
2023-06-22,NVDA,-0.01787330166556267
2023-06-22,GOOGL,-0.17811511861415374
2023-06-22,AMZN,-0.2957365503756054
2023-06-22,META,-0.1803431014618374
2023-06-22,TSLA,-0.35456256661786223
2023-06-22,AMD,-0.31628686032728115
2023-06-22,NFLX,-0.3892061200608552
2023-06-22,CRM,-0.31187895737984805
2023-06-22,ORCL,-0.04717490972399907
2023-06-22,ADBE,-0.3062161483506224
2023-06-22,AVGO,-0.0443043413849743
2023-06-22,QCOM,-0.36353121237552
2023-06-22,INTC,-0.38179901474136135
2023-06-22,BTC-USD,-0.5572933926295656
2023-06-22,ETH-USD,-0.6107836710838135
2023-06-22,SOL-USD,-0.9330188389567505
2023-06-23,AAPL,-0.0017110844434501393
2023-06-23,MSFT,-0.03757543530822438
2023-06-23,NVDA,-0.03650004052803846
2023-06-23,GOOGL,-0.18352085799342766
2023-06-23,AMZN,-0.30017366499524545
2023-06-23,META,-0.1692658758423492
2023-06-23,TSLA,-0.3741005309181692
2023-06-23,AMD,-0.3205484550181915
2023-06-23,NFLX,-0.38697969881048333
2023-06-23,CRM,-0.32220288634753236
2023-06-23,ORCL,-0.06250495509749399
2023-06-23,ADBE,-0.29584379816237516
2023-06-23,AVGO,-0.06731122584004301
2023-06-23,QCOM,-0.37977106498582336
2023-06-23,INTC,-0.3763181871182196
2023-06-23,BTC-USD,-0.545702090777256
2023-06-23,ETH-USD,-0.6066442892070191
2023-06-23,SOL-USD,-0.93097867356279
2023-06-26,AAPL,-0.009251300766195514
2023-06-26,MSFT,-0.05601824932271304
2023-06-26,NVDA,-0.07249828454596019
2023-06-26,GOOGL,-0.2102162645285094
2023-06-26,AMZN,-0.31099600049507714
2023-06-26,META,-0.19878584884427108
2023-06-26,TSLA,-0.4120301428543035
2023-06-26,AMD,-0.33598913158822763
2023-06-26,NFLX,-0.39866121324902093
2023-06-26,CRM,-0.33101038618749656
2023-06-26,ORCL,-0.0772026908600143
2023-06-26,ADBE,-0.3034123898965212
2023-06-26,AVGO,-0.06790102148542565
2023-06-26,QCOM,-0.36227355250480375
2023-06-26,INTC,-0.3698924145825341
2023-06-26,BTC-USD,-0.5519823602882055
2023-06-26,ETH-USD,-0.6135912119088944
2023-06-26,SOL-USD,-0.9345184049296391
2023-06-27,AAPL,0.0
2023-06-27,MSFT,-0.038868104658294045
2023-06-27,NVDA,-0.04410140604342916
2023-06-27,GOOGL,-0.21028298428312864
2023-06-27,AMZN,-0.3009853896984531
2023-06-27,META,-0.17409957429448952
2023-06-27,TSLA,-0.3896870357127199
2023-06-27,AMD,-0.31820148914318
2023-06-27,NFLX,-0.3970130989897662
2023-06-27,CRM,-0.3263000594190181
2023-06-27,ORCL,-0.06882660972433141
2023-06-27,ADBE,-0.289233998454016
2023-06-27,AVGO,-0.03753171466296157
2023-06-27,QCOM,-0.3449947303903682
2023-06-27,INTC,-0.3555288105207055
2023-06-27,BTC-USD,-0.5458102013353909
2023-06-27,ETH-USD,-0.6073006969448984
2023-06-27,SOL-USD,-0.9331112865779534
2023-06-28,AAPL,0.0
2023-06-28,MSFT,-0.03519114054400729
2023-06-28,NVDA,-0.06142714246583769
2023-06-28,GOOGL,-0.1979363857466866
2023-06-28,AMZN,-0.3017429498807267
2023-06-28,META,-0.17916348685461492
2023-06-28,TSLA,-0.37497868265626866
2023-06-28,AMD,-0.319560276220736
2023-06-28,NFLX,-0.37856551408601635
2023-06-28,CRM,-0.3154922096068572
2023-06-28,ORCL,-0.07917827452114401
2023-06-28,ADBE,-0.29917050990339455
2023-06-28,AVGO,-0.03805355031628366
2023-06-28,QCOM,-0.357297753492577
2023-06-28,INTC,-0.3655454472892513
2023-06-28,BTC-USD,-0.5547186847651064
2023-06-28,ETH-USD,-0.6201292622997812
2023-06-28,SOL-USD,-0.9356581291113206
2023-06-29,AAPL,0.0
2023-06-29,MSFT,-0.03748911948600364
2023-06-29,NVDA,-0.0681609983313628
2023-06-29,GOOGL,-0.20514412392233194
2023-06-29,AMZN,-0.30791163652898235
2023-06-29,META,-0.18998151106796213
2023-06-29,TSLA,-0.3719052632307662
2023-06-29,AMD,-0.3129516685336089
2023-06-29,NFLX,-0.38087868690009474
2023-06-29,CRM,-0.3211059121421288
2023-06-29,ORCL,-0.06930066958134495
2023-06-29,ADBE,-0.29722388766913743
2023-06-29,AVGO,-0.02145656960972986
2023-06-29,QCOM,-0.354454420585134
2023-06-29,INTC,-0.3780190879607984
2023-06-29,BTC-USD,-0.5494038656635549
2023-06-29,ETH-USD,-0.6150886008388503
2023-06-29,SOL-USD,-0.9276747246990751
2023-06-30,AAPL,0.0
2023-06-30,MSFT,-0.021717959993875158
2023-06-30,NVDA,-0.034377122481322187
2023-06-30,GOOGL,-0.20113991060580927
2023-06-30,AMZN,-0.29460016881826157
2023-06-30,META,-0.17430080110431856
2023-06-30,TSLA,-0.3614898938111555
2023-06-30,AMD,-0.2964609901446942
2023-06-30,NFLX,-0.3631684627126558
2023-06-30,CRM,-0.31842819339094364
2023-06-30,ORCL,-0.058949004784532355
2023-06-30,ADBE,-0.28964075467709804
2023-06-30,AVGO,-0.01594327030673326
2023-06-30,QCOM,-0.3490958127039898
2023-06-30,INTC,-0.3680024511922527
2023-06-30,BTC-USD,-0.5489317347154218
2023-06-30,ETH-USD,-0.5982639542452656
2023-06-30,SOL-USD,-0.923944394479212
2023-07-03,AAPL,-0.007784619926746061
2023-07-03,MSFT,-0.029043296106338268
2023-07-03,NVDA,-0.03184368335583343
2023-07-03,GOOGL,-0.19980505289570927
2023-07-03,AMZN,-0.29535772900053503
2023-07-03,META,-0.17706301581545236
2023-07-03,TSLA,-0.3174622375026398
2023-07-03,AMD,-0.2846643377482133
2023-07-03,NFLX,-0.3617949973963501
2023-07-03,CRM,-0.31716987879202596
2023-07-03,ORCL,-0.07427892481168741
2023-07-03,ADBE,-0.29513198585525735
2023-07-03,AVGO,-0.005721763881817221
2023-07-03,QCOM,-0.3433544407216593
2023-07-03,INTC,-0.3646005023767075
2023-07-03,BTC-USD,-0.5388796497079165
2023-07-03,ETH-USD,-0.5936505311179783
2023-07-03,SOL-USD,-0.9225630613604101
2023-07-05,AAPL,-0.013610350815661865
2023-07-05,MSFT,-0.028583754265327777
2023-07-05,NVDA,-0.03403455574282299
2023-07-05,GOOGL,-0.18745845435926722
2023-07-05,AMZN,-0.29449192234426036
2023-07-05,META,-0.15303813035295444
2023-07-05,TSLA,-0.31097394895911434
2023-07-05,AMD,-0.2962139807862342
2023-07-05,NFLX,-0.3553470343815254
2023-07-05,CRM,-0.31016903014958297
2023-07-05,ORCL,-0.08368234454813295
2023-07-05,ADBE,-0.29215390963885013
2023-07-05,AVGO,-0.022262111261653894
2023-07-05,QCOM,-0.3595396319322496
2023-07-05,INTC,-0.3855789047393272
2023-07-05,BTC-USD,-0.5483854006114779
2023-07-05,ETH-USD,-0.6029606586603661
2023-07-05,SOL-USD,-0.9235598651890605
2023-07-06,AAPL,-0.011135792382032883
2023-07-06,MSFT,-0.019620755250856825
2023-07-06,NVDA,-0.03891958189039557
2023-07-06,GOOGL,-0.1984036810388624
2023-07-06,AMZN,-0.30542250431809315
2023-07-06,META,-0.1598862244115069
2023-07-06,TSLA,-0.3254628199099636
2023-07-06,AMD,-0.29911678839958855
2023-07-06,NFLX,-0.3655539376882214
2023-07-06,CRM,-0.3220414957859856
2023-07-06,ORCL,-0.08771235471810834
2023-07-06,ADBE,-0.3008265729784061
2023-07-06,AVGO,-0.037985590324223106
2023-07-06,QCOM,-0.3699833616250472
2023-07-06,INTC,-0.39578464083817244
2023-07-06,BTC-USD,-0.5573369548250493
2023-07-06,ETH-USD,-0.6158348092952368
2023-07-06,SOL-USD,-0.9205956074061269
2023-07-07,AAPL,-0.016961523270948686
2023-07-07,MSFT,-0.03125531887537314
2023-07-07,NVDA,-0.029789156373942416
2023-07-07,GOOGL,-0.2026080536192434
2023-07-07,AMZN,-0.29773865602135674
2023-07-07,META,-0.16408690055131714
2023-07-07,TSLA,-0.3306095766552326
2023-07-07,AMD,-0.3010314643366926
2023-07-07,NFLX,-0.36662374495635897
2023-07-07,CRM,-0.32381598927447597
2023-07-07,ORCL,-0.09435000746750821
2023-07-07,ADBE,-0.2950448269741043
2023-07-07,AVGO,-0.03940367084638596
2023-07-07,QCOM,-0.36604635304602773
2023-07-07,INTC,-0.3980525454108744
2023-07-07,BTC-USD,-0.5509295542353092
2023-07-07,ETH-USD,-0.6112700409075251
2023-07-07,SOL-USD,-0.9135311751832909
2023-07-10,AAPL,-0.027633221180495715
2023-07-10,MSFT,-0.04673938834630309
2023-07-10,NVDA,-0.03716202760378673
2023-07-10,GOOGL,-0.22282994769130116
2023-07-10,AMZN,-0.3120782588154205
2023-07-10,META,-0.15381520269434723
2023-07-10,TSLA,-0.3423665523116636
2023-07-10,AMD,-0.2984991707610283
2023-07-10,NFLX,-0.3614046429348655
2023-07-10,CRM,-0.31342744388053345
2023-07-10,ORCL,-0.09616746672101673
2023-07-10,ADBE,-0.27894880714692183
2023-07-10,AVGO,-0.004258286804111222
2023-07-10,QCOM,-0.3595942485642317
2023-07-10,INTC,-0.3812319742286414
2023-07-10,BTC-USD,-0.5498609073840552
2023-07-10,ETH-USD,-0.609201529554837
2023-07-10,SOL-USD,-0.9142189477168516
2023-07-11,AAPL,-0.030365654230696593
2023-07-11,MSFT,-0.044900681508372564
2023-07-11,NVDA,-0.032026234218521576
2023-07-11,GOOGL,-0.21822489676942747
2023-07-11,AMZN,-0.30314982377127253
2023-07-11,META,-0.1417596779236372
2023-07-11,TSLA,-0.3419274392233318
2023-07-11,AMD,-0.31245755557427835
2023-07-11,NFLX,-0.3635732665763597
2023-07-11,CRM,-0.2864562064177757
2023-07-11,ORCL,-0.08903081019298875
2023-07-11,ADBE,-0.2667606173792504
2023-07-11,AVGO,0.0
2023-07-11,QCOM,-0.3609611864666432
2023-07-11,INTC,-0.37064837051256916
2023-07-11,BTC-USD,-0.5468049630030638
2023-07-11,ETH-USD,-0.6096629378228957
2023-07-11,SOL-USD,-0.9110830903221626
2023-07-12,AAPL,-0.021652925196322004
2023-07-12,MSFT,-0.031312593019909185
2023-07-12,NVDA,0.0
2023-07-12,GOOGL,-0.2062787195646376
2023-07-12,AMZN,-0.29221924179743985
2023-07-12,META,-0.10996663978619248
2023-07-12,TSLA,-0.3365612375917427
2023-07-12,AMD,-0.2923229001330139
2023-07-12,NFLX,-0.35802166285264947
2023-07-12,CRM,-0.26674398229429663
2023-07-12,ORCL,-0.07999095751504881
2023-07-12,ADBE,-0.2629545317918891
2023-07-12,AVGO,0.0
2023-07-12,QCOM,-0.35106424984190276
2023-07-12,INTC,-0.35779660474561703
2023-07-12,BTC-USD,-0.5501987095183773
2023-07-12,ETH-USD,-0.6109559920670958
2023-07-12,SOL-USD,-0.9115472628963779
2023-07-13,AAPL,-0.017683173010634934
2023-07-13,MSFT,-0.01562756952537181
2023-07-13,NVDA,0.0
2023-07-13,GOOGL,-0.16883845122169128
2023-07-13,AMZN,-0.2732801546727345
2023-07-13,META,-0.09825648050054592
2023-07-13,TSLA,-0.32214553974918814
2023-07-13,AMD,-0.2840467201096528
2023-07-13,NFLX,-0.3488701725622617
2023-07-13,CRM,-0.2567750924948021
2023-07-13,ORCL,-0.06865131286816173
2023-07-13,ADBE,-0.24854361322240126
2023-07-13,AVGO,0.0
2023-07-13,QCOM,-0.32678657494534535
2023-07-13,INTC,-0.35987577781398816
2023-07-13,BTC-USD,-0.5341493791910186
2023-07-13,ETH-USD,-0.5830268017093592
2023-07-13,SOL-USD,-0.8952549951500118
2023-07-14,AAPL,-0.01690986851029197
2023-07-14,MSFT,-0.008216007503002887
2023-07-14,NVDA,-0.011048946230087342
2023-07-14,GOOGL,-0.16296541655024122
2023-07-14,AMZN,-0.27122396707391627
2023-07-14,META,-0.11131884848977502
2023-07-14,TSLA,-0.3136570869941909
2023-07-14,AMD,-0.2839231683092177
2023-07-14,NFLX,-0.36111548943930705
2023-07-14,CRM,-0.2601303305290741
2023-07-14,ORCL,-0.05421918599961595
2023-07-14,ADBE,-0.2521027634241967
2023-07-14,AVGO,-0.001999339457046556
2023-07-14,QCOM,-0.3298485534516413
2023-07-14,INTC,-0.37348320525020073
2023-07-14,BTC-USD,-0.5510508750942643
2023-07-14,ETH-USD,-0.5969842432716685
2023-07-14,SOL-USD,-0.892397386441343
2023-07-17,AAPL,0.0
2023-07-17,MSFT,-0.006808250389972237
2023-07-17,NVDA,0.0
2023-07-17,GOOGL,-0.16810422550906967
2023-07-17,AMZN,-0.27728444853210443
2023-07-17,META,-0.1062840118739774
2023-07-17,TSLA,-0.29170426124303317
2023-07-17,AMD,-0.2692236611781772
2023-07-17,NFLX,-0.3493472234370628
2023-07-17,CRM,-0.26442115220720286
2023-07-17,ORCL,-0.05723251200770918
2023-07-17,ADBE,-0.24168687812847622
2023-07-17,AVGO,0.0
2023-07-17,QCOM,-0.32525547377286956
2023-07-17,INTC,-0.3504259608625814
2023-07-17,BTC-USD,-0.5538359649485913
2023-07-17,ETH-USD,-0.6027407737371964
2023-07-17,SOL-USD,-0.8918458096808772
2023-07-18,AAPL,-0.0013403307272055187
2023-07-18,MSFT,0.0
2023-07-18,NVDA,0.0
2023-07-18,GOOGL,-0.17404408273907523
2023-07-18,AMZN,-0.2812345778705402
2023-07-18,META,-0.10216949981308954
2023-07-18,TSLA,-0.2844842416165615
2023-07-18,AMD,-0.2716324029534064
2023-07-18,NFLX,-0.3135653194051391
2023-07-18,CRM,-0.2656148002118295
2023-07-18,ORCL,-0.042324570433392994
2023-07-18,ADBE,-0.2268257125615366
2023-07-18,AVGO,-0.007601266660167361
2023-07-18,QCOM,-0.328208129479739
2023-07-18,INTC,-0.3479690305247737
2023-07-18,BTC-USD,-0.558118039154291
2023-07-18,ETH-USD,-0.6056598551722423
2023-07-18,SOL-USD,-0.8971916357893812
2023-07-19,AAPL,0.0
2023-07-19,MSFT,-0.012267515292494813
2023-07-19,NVDA,-0.008780171592852604
2023-07-19,GOOGL,-0.18558983861221268
2023-07-19,AMZN,-0.2675443300686825
2023-07-19,META,-0.09077571871435042
2023-07-19,TSLA,-0.28955775081497204
2023-07-19,AMD,-0.280896808895428
2023-07-19,NFLX,-0.30953173017031876
2023-07-19,CRM,-0.24387006840712278
2023-07-19,ORCL,-0.05881845657166096
2023-07-19,ADBE,-0.23417640709279997
2023-07-19,AVGO,-0.009864229210478692
2023-07-19,QCOM,-0.3196782202928723
2023-07-19,INTC,-0.34872506002000236
2023-07-19,BTC-USD,-0.5572690822072683
2023-07-19,ETH-USD,-0.607445215219852
2023-07-19,SOL-USD,-0.8938598136953593
2023-07-20,AAPL,-0.010097365267987657
2023-07-20,MSFT,-0.03510524198312304
2023-07-20,NVDA,-0.041563313818081205
2023-07-20,GOOGL,-0.2044767721702344
2023-07-20,AMZN,-0.296764602891081
2023-07-20,META,-0.1295890904220205
2023-07-20,TSLA,-0.3587335826677843
2023-07-20,AMD,-0.3190661632614057
2023-07-20,NFLX,-0.36760685581118
2023-07-20,CRM,-0.2639050234856629
2023-07-20,ORCL,-0.08110108737322996
2023-07-20,ADBE,-0.24912473154089276
2023-07-20,AVGO,-0.024177436875896574
2023-07-20,QCOM,-0.3399095638109838
2023-07-20,INTC,-0.36932544763500774
2023-07-20,BTC-USD,-0.5590733433589015
2023-07-20,ETH-USD,-0.6070376620154629
2023-07-20,SOL-USD,-0.8978731596835947
2023-07-21,AAPL,-0.016196773646885543
2023-07-21,MSFT,-0.04372862535449007
2023-07-21,NVDA,-0.06706118800158423
2023-07-21,GOOGL,-0.1990042616343729
2023-07-21,AMZN,-0.2965481925109459
2023-07-21,META,-0.15335486312454882
2023-07-21,TSLA,-0.365758498818325
2023-07-21,AMD,-0.3147427926702776
2023-07-21,NFLX,-0.38194854931862243
2023-07-21,CRM,-0.2642275537685924
2023-07-21,ORCL,-0.06706536830420995
2023-07-21,ADBE,-0.2442581981218015
2023-07-21,AVGO,-0.014939051989471208
2023-07-21,QCOM,-0.3180378858564322
2023-07-21,INTC,-0.35704064881558195
2023-07-21,BTC-USD,-0.5573457424212187
2023-07-21,ETH-USD,-0.6068067929931087
2023-07-21,SOL-USD,-0.8971925876705594
2023-07-24,AAPL,-0.012045067502431839
2023-07-24,MSFT,-0.040001173616645125
2023-07-24,NVDA,-0.060681482660730146
2023-07-24,GOOGL,-0.1889267001766376
2023-07-24,AMZN,-0.30304157729727144
2023-07-24,META,-0.16097949764746355
2023-07-24,TSLA,-0.34370808410992004
2023-07-24,AMD,-0.31684270206562404
2023-07-24,NFLX,-0.3806907343704622
2023-07-24,CRM,-0.2719704879523476
2023-07-24,ORCL,-0.0637348533833264
2023-07-24,ADBE,-0.23898486414652476
2023-07-24,AVGO,-0.009622682896257784
2023-07-24,QCOM,-0.3214279670642012
2023-07-24,INTC,-0.36441151339419875
2023-07-24,BTC-USD,-0.5681769172048876
2023-07-24,ETH-USD,-0.6155510238042933
2023-07-24,SOL-USD,-0.9058970651046808
2023-07-25,AAPL,-0.007585862847250269
2023-07-25,MSFT,-0.023672143747492047
2023-07-25,NVDA,-0.03821539050538458
2023-07-25,GOOGL,-0.18438847181331952
2023-07-25,AMZN,-0.3012558820316551
2023-07-25,META,-0.15275073946420303
2023-07-25,TSLA,-0.35292826794786347
2023-07-25,AMD,-0.3020814190343659
2023-07-25,NFLX,-0.38165939582306385
2023-07-25,CRM,-0.27077683994772095
2023-07-25,ORCL,-0.06468648279486733
2023-07-25,ADBE,-0.2368347973010716
2023-07-25,AVGO,0.0
2023-07-25,QCOM,-0.3161240205827702
2023-07-25,INTC,-0.3555288105207055
2023-07-25,BTC-USD,-0.5674298848108019
2023-07-25,ETH-USD,-0.6139426016130645
2023-07-25,SOL-USD,-0.9063082624207444
2023-07-26,AAPL,-0.003075381981968217
2023-07-26,MSFT,-0.06041879482630086
2023-07-26,NVDA,-0.04299497299908528
2023-07-26,GOOGL,-0.1372711147462583
2023-07-26,AMZN,-0.3065588858754371
2023-07-26,META,-0.14095406151494716
2023-07-26,TSLA,-0.35519670874356113
2023-07-26,AMD,-0.32005438918006657
2023-07-26,NFLX,-0.38893147111790616
2023-07-26,CRM,-0.27222865264918317
2023-07-26,ORCL,-0.08411441338132342
2023-07-26,ADBE,-0.25250956398038205
2023-07-26,AVGO,-0.02712428086326535
2023-07-26,QCOM,-0.3218654373328317
2023-07-26,INTC,-0.3506149498450901
2023-07-26,BTC-USD,-0.5655416500839331
2023-07-26,ETH-USD,-0.6109464031768146
2023-07-26,SOL-USD,-0.8986705060231049
2023-07-27,AAPL,-0.00963611750189608
2023-07-27,MSFT,-0.08002994637843064
2023-07-27,NVDA,-0.033562216185853644
2023-07-27,GOOGL,-0.1364036551322706
2023-07-27,AMZN,-0.30601773607329863
2023-07-27,META,-0.1031478876104831
2023-07-27,TSLA,-0.3762714199759013
2023-07-27,AMD,-0.31381634265183445
2023-07-27,NFLX,-0.40266590367940236
2023-07-27,CRM,-0.27361589909242
2023-07-27,ORCL,-0.07697756883378581
2023-07-27,ADBE,-0.25335215894233276
2023-07-27,AVGO,-0.026645295163176708
2023-07-27,QCOM,-0.3118590883732024
2023-07-27,INTC,-0.34702401204703615
2023-07-27,BTC-USD,-0.5676770648596285
2023-07-27,ETH-USD,-0.6133991296940535
2023-07-27,SOL-USD,-0.8989832911076796
2023-07-28,AAPL,0.0
2023-07-28,MSFT,-0.058749960712573324
2023-07-28,NVDA,-0.015665106800002326
2023-07-28,GOOGL,-0.11518070773108213
2023-07-28,AMZN,-0.28458947545377045
2023-07-28,META,-0.06352863355560767
2023-07-28,TSLA,-0.35009878369619774
2023-07-28,AMD,-0.3023284755140311
2023-07-28,NFLX,-0.384435225260114
2023-07-28,CRM,-0.27216403622292507
2023-07-28,ORCL,-0.08022873952159426
2023-07-28,ADBE,-0.23170678723852112
2023-07-28,AVGO,-0.019825985505093402
2023-07-28,QCOM,-0.2920104641885459
2023-07-28,INTC,-0.30393327342674414
2023-07-28,BTC-USD,-0.5660704089955384
2023-07-28,ETH-USD,-0.610409222381586
2023-07-28,SOL-USD,-0.8999994396183386
2023-07-31,AAPL,0.0
2023-07-31,MSFT,-0.0655651212277214
2023-07-31,NVDA,-0.01610749512655807
2023-07-31,GOOGL,-0.11424611714673016
2023-07-31,AMZN,-0.27663513482383206
2023-07-31,META,-0.08332376693396737
2023-07-31,TSLA,-0.3476839966839108
2023-07-31,AMD,-0.2934346307309046
2023-07-31,NFLX,-0.36536598515858876
2023-07-31,CRM,-0.27406751172376753
2023-07-31,ORCL,-0.07039588322509349
2023-07-31,ADBE,-0.2065749716223806
2023-07-31,AVGO,-0.02106777470701726
2023-07-31,QCOM,-0.27730166798298717
2023-07-31,INTC,-0.3239666940942231
2023-07-31,BTC-USD,-0.5673896179638815
2023-07-31,ETH-USD,-0.6142708562168733
2023-07-31,SOL-USD,-0.9045308239084302
2023-08-01,AAPL,-0.004276104298318484
2023-08-01,MSFT,-0.06439664133204448
2023-08-01,NVDA,-0.02078161662600231
2023-08-01,GOOGL,-0.12205479573166278
2023-08-01,AMZN,-0.28740330580272944
2023-08-01,META,-0.07149854491741414
2023-08-01,TSLA,-0.36319729115088495
2023-08-01,AMD,-0.2736705835697404
2023-08-01,NFLX,-0.3658719899882188
2023-08-01,CRM,-0.2764549582371194
2023-08-01,ORCL,-0.06500360903448787
2023-08-01,ADBE,-0.2023185503713607
2023-08-01,AVGO,0.0
2023-08-01,QCOM,-0.2777937996513309
2023-08-01,INTC,-0.32339980071189034
2023-08-01,BTC-USD,-0.5607943535994573
2023-08-01,ETH-USD,-0.6110228352572842
2023-08-01,SOL-USD,-0.9034127857293974
2023-08-02,AAPL,-0.019699719650892678
2023-08-02,MSFT,-0.08898730552506151
2023-08-02,NVDA,-0.06790334520017927
2023-08-02,GOOGL,-0.1432108177703595
2023-08-02,AMZN,-0.3062341464534336
2023-08-02,META,-0.09566694853194402
2023-08-02,TSLA,-0.3801741594415976
2023-08-02,AMD,-0.3246248162508597
2023-08-02,NFLX,-0.3787679160178683
2023-08-02,CRM,-0.28861779644742114
2023-08-02,ORCL,-0.08244906191112666
2023-08-02,ADBE,-0.2296294266825344
2023-08-02,AVGO,-0.03010878994655075
2023-08-02,QCOM,-0.29315871172437324
2023-08-02,INTC,-0.35004790933237007
2023-08-02,BTC-USD,-0.5685462853096599
2023-08-02,ETH-USD,-0.6178187202535119
2023-08-02,SOL-USD,-0.9068459601395151
2023-08-03,AAPL,-0.026877221217234126
2023-08-03,MSFT,-0.09132400412576747
2023-08-03,NVDA,-0.0627238327022861
2023-08-03,GOOGL,-0.14274372808605595
2023-08-03,AMZN,-0.30244634554206595
2023-08-03,META,-0.09888932552053253
2023-08-03,TSLA,-0.3674658961580545
2023-08-03,AMD,-0.30115496901592265
2023-08-03,NFLX,-0.37688850102232285
2023-08-03,CRM,-0.3045553777823443
2023-08-03,ORCL,-0.09164760305521669
2023-08-03,ADBE,-0.2391300993930443
2023-08-03,AVGO,-0.03806519817292697
2023-08-03,QCOM,-0.35095488227474514
2023-08-03,INTC,-0.3409762174763681
2023-08-03,BTC-USD,-0.568150814575477
2023-08-03,ETH-USD,-0.6186402446232454
2023-08-03,SOL-USD,-0.9088972256962473
2023-08-04,AAPL,-0.0736065394401153
2023-08-04,MSFT,-0.08820826088557732
2023-08-04,NVDA,-0.05924958178149642
2023-08-04,GOOGL,-0.14501281656673093
2023-08-04,AMZN,-0.24476327751167537
2023-08-04,META,-0.10596736774855497
2023-08-04,TSLA,-0.3807839601569075
2023-08-04,AMD,-0.2846643377482133
2023-08-04,NFLX,-0.3760210405356471
2023-08-04,CRM,-0.30768480950094246
2023-08-04,ORCL,-0.09251982556051264
2023-08-04,ADBE,-0.23459766024067197
2023-08-04,AVGO,-0.04168475411067307
2023-08-04,QCOM,-0.3356446316014161
2023-08-04,INTC,-0.33348404389340847
2023-08-04,BTC-USD,-0.5696987322967515
2023-08-04,ETH-USD,-0.6201829397914087
2023-08-04,SOL-USD,-0.9082630578906498
2023-08-07,AAPL,-0.08959015930804126
2023-08-07,MSFT,-0.08172698908214382
2023-08-07,NVDA,-0.04373183033557704
2023-08-07,GOOGL,-0.12218813243696525
2023-08-07,AMZN,-0.23042371600154543
2023-08-07,META,-0.0891932959027828
2023-08-07,TSLA,-0.38666244798512306
2023-08-07,AMD,-0.2785498430204164
2023-08-07,NFLX,-0.3627781082511712
2023-08-07,CRM,-0.3029422748554008
2023-08-07,ORCL,-0.07935645434312832
2023-08-07,ADBE,-0.23045748038659175
2023-08-07,AVGO,-0.024934747392479584
2023-08-07,QCOM,-0.3474553887320875
2023-08-07,INTC,-0.3317769635745622
2023-08-07,BTC-USD,-0.5681227173929885
2023-08-07,ETH-USD,-0.6203437946942489
2023-08-07,SOL-USD,-0.9071557206984106
2023-08-08,AAPL,-0.08475444464169324
2023-08-08,MSFT,-0.09302069857528339
2023-08-08,NVDA,-0.05958642854771912
2023-08-08,GOOGL,-0.1230559004627616
2023-08-08,AMZN,-0.24276117186592405
2023-08-08,META,-0.10047183697827189
2023-08-08,TSLA,-0.3909310529922926
2023-08-08,AMD,-0.3006608560565922
2023-08-08,NFLX,-0.3663345914608004
2023-08-08,CRM,-0.3173957352757325
2023-08-08,ORCL,-0.08625532886461074
2023-08-08,ADBE,-0.24372070357698983
2023-08-08,AVGO,-0.040043533893802885
2023-08-08,QCOM,-0.3566415033218999
2023-08-08,INTC,-0.3357602245503971
2023-08-08,BTC-USD,-0.5594658945298833
2023-08-08,ETH-USD,-0.6143446247167093
2023-08-08,SOL-USD,-0.9025554862285823
2023-08-09,AAPL,-0.09294987108229391
2023-08-09,MSFT,-0.10364671770854306
2023-08-09,NVDA,-0.10401322185996131
2023-08-09,GOOGL,-0.1346683246885504
2023-08-09,AMZN,-0.25407049264696
2023-08-09,META,-0.12184957046054257
2023-08-09,TSLA,-0.4092494530812615
2023-08-09,AMD,-0.3177073761838496
2023-08-09,NFLX,-0.3799245300001026
2023-08-09,CRM,-0.33584969496832695
2023-08-09,ORCL,-0.10314581082191399
2023-08-09,ADBE,-0.2536280881774785
2023-08-09,AVGO,-0.0752934644724702
2023-08-09,QCOM,-0.36260169997400793
2023-08-09,INTC,-0.3497961692396706
2023-08-09,BTC-USD,-0.5624850986650485
2023-08-09,ETH-USD,-0.614658369147923
2023-08-09,SOL-USD,-0.9018843178804123
2023-08-10,AAPL,-0.09406988011299733
2023-08-10,MSFT,-0.10169971555467794
2023-08-10,NVDA,-0.10750833939458782
2023-08-10,GOOGL,-0.13446806262075606
2023-08-10,AMZN,-0.2502286097825255
2023-08-10,META,-0.12032450172208486
2023-08-10,TSLA,-0.40156597895606905
2023-08-10,AMD,-0.3191896679406355
2023-08-10,NFLX,-0.3783631121541643
2023-08-10,CRM,-0.3281389686616355
2023-08-10,ORCL,-0.10401797065404006
2023-08-10,ADBE,-0.2506500562941746
2023-08-10,AVGO,-0.08380446818435827
2023-08-10,QCOM,-0.3678508507525321
2023-08-10,INTC,-0.34220902299169775
2023-08-10,BTC-USD,-0.5644372747166753
2023-08-10,ETH-USD,-0.6153948872442899
2023-08-10,SOL-USD,-0.9009404278982248
2023-08-11,AAPL,-0.09376402179098653
2023-08-11,MSFT,-0.10704045486177227
2023-08-11,NVDA,-0.1397860906213675
2023-08-11,GOOGL,-0.13533572784261627
2023-08-11,AMZN,-0.25104025191786594
2023-08-11,META,-0.132121091025169
2023-08-11,TSLA,-0.4081274406078891
2023-08-11,AMD,-0.33561857042933263
2023-08-11,NFLX,-0.3903916328475282
2023-08-11,CRM,-0.3266873566323042
2023-08-11,ORCL,-0.10346293706153453
2023-08-11,ADBE,-0.261371042007034
2023-08-11,AVGO,-0.0980870891480159
2023-08-11,QCOM,-0.3733187814331028
2023-08-11,INTC,-0.33822590914625017
2023-08-11,BTC-USD,-0.5649090587860122
2023-08-11,ETH-USD,-0.6161490357077084
2023-08-11,SOL-USD,-0.9010619386012075
2023-08-14,AAPL,-0.08525146441496079
2023-08-14,MSFT,-0.09861191971382555
2023-08-14,NVDA,-0.07876792232656782
2023-08-14,GOOGL,-0.12352283594116076
2023-08-14,AMZN,-0.23935210976175958
2023-08-14,META,-0.11902991303012733
2023-08-14,TSLA,-0.4151767353881006
2023-08-14,AMD,-0.30838119434161027
2023-08-14,NFLX,-0.3815437454549184
2023-08-14,CRM,-0.315847248775047
2023-08-14,ORCL,-0.08355925444247791
2023-08-14,ADBE,-0.2413237013459707
2023-08-14,AVGO,-0.07163067093048014
2023-08-14,QCOM,-0.376544878441732
2023-08-14,INTC,-0.32324170911071815
2023-08-14,BTC-USD,-0.5647502750170722
2023-08-14,ETH-USD,-0.6167597059609919
2023-08-14,SOL-USD,-0.8988082754707283
2023-08-15,AAPL,-0.09549692990767811
2023-08-15,MSFT,-0.10467598298882719
2023-08-15,NVDA,-0.07483065816361556
2023-08-15,GOOGL,-0.1338674820252458
2023-08-15,AMZN,-0.2550445457772358
2023-08-15,META,-0.13122922189138486
2023-08-15,TSLA,-0.43176328506910544
2023-08-15,AMD,-0.3122722749948308
2023-08-15,NFLX,-0.38744235543345507
2023-08-15,CRM,-0.32642924210350166
2023-08-15,ORCL,-0.0699200685193232
2023-08-15,ADBE,-0.24648079392430777
2023-08-15,AVGO,-0.08421746482250536
2023-08-15,QCOM,-0.38933985414135974
2023-08-15,INTC,-0.3405020898032388
2023-08-15,BTC-USD,-0.56827412998751
2023-08-15,ETH-USD,-0.6203450630659793
2023-08-15,SOL-USD,-0.9038239753689998
2023-08-16,AAPL,-0.09998248409300237
2023-08-16,MSFT,-0.1068504821971148
2023-08-16,NVDA,-0.08438982315101662
2023-08-16,GOOGL,-0.14107527160285926
2023-08-16,AMZN,-0.26911353238629654
2023-08-16,META,-0.15326843310711125
2023-08-16,TSLA,-0.44971581961660123
2023-08-16,AMD,-0.3379655363043442
2023-08-16,NFLX,-0.39936967516089295
2023-08-16,CRM,-0.33220398402409024
2023-08-16,ORCL,-0.08538316903248466
2023-08-16,ADBE,-0.2525967228615351
2023-08-16,AVGO,-0.09457614400499426
2023-08-16,QCOM,-0.39770582389681786
2023-08-16,INTC,-0.364021691433002
2023-08-16,BTC-USD,-0.5752090175999364
2023-08-16,ETH-USD,-0.6247659473646026
2023-08-16,SOL-USD,-0.908189179628883
2023-08-17,AAPL,-0.11308252215186776
2023-08-17,MSFT,-0.11666280539825347
2023-08-17,NVDA,-0.0873794691211176
2023-08-17,GOOGL,-0.13293309704876632
2023-08-17,AMZN,-0.27501176798528393
2023-08-17,META,-0.17973880050914814
2023-08-17,TSLA,-0.46527794578148096
2023-08-17,AMD,-0.354950280531384
2023-08-17,NFLX,-0.4173690528438906
2023-08-17,CRM,-0.3423667732703919
2023-08-17,ORCL,-0.08903081019298875
2023-08-17,ADBE,-0.2566933232750388
2023-08-17,AVGO,-0.10097841013778841
2023-08-17,QCOM,-0.3980884984625418
2023-08-17,INTC,-0.3820407499677233
2023-08-17,BTC-USD,-0.6053603295996071
2023-08-17,ETH-USD,-0.6498539343115355
2023-08-17,SOL-USD,-0.912624377861209
2023-08-18,AAPL,-0.11058473174175598
2023-08-18,MSFT,-0.11777756708398857
2023-08-18,NVDA,-0.0883269261818157
2023-08-18,GOOGL,-0.14935083426422302
2023-08-18,AMZN,-0.27912422575078766
2023-08-18,META,-0.18503274988491514
2023-08-18,TSLA,-0.4743761620325062
2023-08-18,AMD,-0.34871228112435715
2023-08-18,NFLX,-0.415157080995738
2023-08-18,CRM,-0.33917272512553565
2023-08-18,ORCL,-0.07650181680118529
2023-08-18,ADBE,-0.26183591892858593
2023-08-18,AVGO,-0.10234797417181896
2023-08-18,QCOM,-0.3979792651985776
2023-08-18,INTC,-0.3788162403992824
2023-08-18,BTC-USD,-0.6144623424910106
2023-08-18,ETH-USD,-0.6548389649883741
2023-08-18,SOL-USD,-0.914131543530601
2023-08-21,AAPL,-0.10370362896169294
2023-08-21,MSFT,-0.10272480178459376
2023-08-21,NVDA,-0.011096124030508081
2023-08-21,GOOGL,-0.1432776403289151
2023-08-21,AMZN,-0.27122396707391627
2023-08-21,META,-0.16589944882469798
2023-08-21,TSLA,-0.43586116523001484
2023-08-21,AMD,-0.33160398509688216
2023-08-21,NFLX,-0.4097211276401732
2023-08-21,CRM,-0.32562264047199696
2023-08-21,ORCL,-0.07547084315656905
2023-08-21,ADBE,-0.2439095625971892
2023-08-21,AVGO,-0.05963051313906387
2023-08-21,QCOM,-0.3948077848219306
2023-08-21,INTC,-0.3714189659161423
2023-08-21,BTC-USD,-0.6133584874419469
2023-08-21,ETH-USD,-0.6535247796711467
2023-08-21,SOL-USD,-0.9146436172221712
2023-08-22,AAPL,-0.0966184366982058
2023-08-22,MSFT,-0.10110794460982164
2023-08-22,NVDA,-0.0384470179755807
2023-08-22,GOOGL,-0.13853889288796195
2023-08-22,AMZN,-0.2735507295738038
2023-08-22,META,-0.17251724012909386
2023-08-22,TSLA,-0.43120227883241924
2023-08-22,AMD,-0.3474152228258135
2023-08-22,NFLX,-0.40266590367940236
2023-08-22,CRM,-0.33294616990146797
2023-08-22,ORCL,-0.07586737630243456
2023-08-22,ADBE,-0.24534772846931807
2023-08-22,AVGO,-0.06979358953422587
2023-08-22,QCOM,-0.4014240525737909
2023-08-22,INTC,-0.376160831168984
2023-08-22,BTC-USD,-0.6147272711715739
2023-08-22,ETH-USD,-0.6604607436412719
2023-08-22,SOL-USD,-0.9173068195531133
2023-08-23,AAPL,-0.07679022502028288
2023-08-23,MSFT,-0.08845212588727547
2023-08-23,NVDA,-0.007958800442017577
2023-08-23,GOOGL,-0.116582130989897
2023-08-23,AMZN,-0.26667852341240783
2023-08-23,META,-0.1534123944900022
2023-08-23,TSLA,-0.42225040879798315
2023-08-23,AMD,-0.32413070329152927
2023-08-23,NFLX,-0.3818762471571353
2023-08-23,CRM,-0.32530000985300167
2023-08-23,ORCL,-0.0655586426269934
2023-08-23,ADBE,-0.22903376710614953
2023-08-23,AVGO,-0.047195739907378464
2023-08-23,QCOM,-0.3921285704168207
2023-08-23,INTC,-0.35548621627357724
2023-08-23,BTC-USD,-0.6088074376363957
2023-08-23,ETH-USD,-0.6510299432124609
2023-08-23,SOL-USD,-0.9126499328002594
2023-08-24,AAPL,-0.10095106172252466
2023-08-24,MSFT,-0.10804899901731368
2023-08-24,NVDA,-0.0069693684554161806
2023-08-24,GOOGL,-0.1338674820252458
2023-08-24,AMZN,-0.286591663667389
2023-08-24,META,-0.1749626334224611
2023-08-24,TSLA,-0.43888579017689355
2023-08-24,AMD,-0.3712556312196458
2023-08-24,NFLX,-0.4116872941994254
2023-08-24,CRM,-0.3369790275548924
2023-08-24,ORCL,-0.10465241115279078
2023-08-24,ADBE,-0.2555892960027324
2023-08-24,AVGO,-0.07123937922514079
2023-08-24,QCOM,-0.4066732928877773
2023-08-24,INTC,-0.38185102533327786
2023-08-24,BTC-USD,-0.6127926414057194
2023-08-24,ETH-USD,-0.6550468764824094
2023-08-24,SOL-USD,-0.9153488537047676
2023-08-25,AAPL,-0.08958408943927976
2023-08-25,MSFT,-0.09965842357687882
2023-08-25,NVDA,-0.031077477817742172
2023-08-25,GOOGL,-0.13320018167511616
2023-08-25,AMZN,-0.2789078153706527
2023-08-25,META,-0.17855909725575392
2023-08-25,TSLA,-0.41803059826943734
2023-08-25,AMD,-0.36847632828552135
2023-08-25,NFLX,-0.3985311134786561
2023-08-25,CRM,-0.32420308581563084
2023-08-25,ORCL,-0.0796737686022585
2023-08-25,ADBE,-0.23724159785725696
2023-08-25,AVGO,-0.07410873689004838
2023-08-25,QCOM,-0.3967762667275747
2023-08-25,INTC,-0.3693325834587926
2023-08-25,BTC-USD,-0.6144902951406674
2023-08-25,ETH-USD,-0.6565035253123872
2023-08-25,SOL-USD,-0.9179259031126208
2023-08-28,AAPL,-0.08153063486412793
2023-08-28,MSFT,-0.09765117344687113
2023-08-28,NVDA,-0.013875411974632601
2023-08-28,GOOGL,-0.12565889612834202
2023-08-28,AMZN,-0.27955712907892505
2023-08-28,META,-0.16486352966185125
2023-08-28,TSLA,-0.41746955481346926
2023-08-28,AMD,-0.3662528670897397
2023-08-28,NFLX,-0.39559628546680226
2023-08-28,CRM,-0.3169441226443852
2023-08-28,ORCL,-0.07348855346626182
2023-08-28,ADBE,-0.2301814624852393
2023-08-28,AVGO,-0.06404350495389255
2023-08-28,QCOM,-0.38933985414135974
2023-08-28,INTC,-0.36231453754896226
2023-08-28,BTC-USD,-0.6136247458245621
2023-08-28,ETH-USD,-0.6566027880840027
2023-08-28,SOL-USD,-0.917264322664383
2023-08-29,AAPL,-0.06149857019117411
2023-08-29,MSFT,-0.08452164195237222
2023-08-29,NVDA,0.0
2023-08-29,GOOGL,-0.10189957001225625
2023-08-29,AMZN,-0.2699793390425712
2023-08-29,META,-0.1426228256977805
2023-08-29,TSLA,-0.37268582601161826
2023-08-29,AMD,-0.3458094263897975
2023-08-29,NFLX,-0.3783486627519449
2023-08-29,CRM,-0.31616977905797683
2023-08-29,ORCL,-0.043276199844933916
2023-08-29,ADBE,-0.21471009608402147
2023-08-29,AVGO,-0.03268495875718247
2023-08-29,QCOM,-0.3778571101766992
2023-08-29,INTC,-0.3492270689015282
2023-08-29,BTC-USD,-0.5896300988581444
2023-08-29,ETH-USD,-0.6405456585918741
2023-08-29,SOL-USD,-0.9123394736834024
2023-08-30,AAPL,-0.04350527195692255
2023-08-30,MSFT,-0.0834624268111156
2023-08-30,NVDA,0.0
2023-08-30,GOOGL,-0.09315691766658918
2023-08-30,AMZN,-0.26911353238629654
2023-08-30,META,-0.15093792525230698
2023-08-30,TSLA,-0.37336879983522275
2023-08-30,AMD,-0.3416713363781171
2023-08-30,NFLX,-0.37158264743712277
2023-08-30,CRM,-0.3062330971355458
2023-08-30,ORCL,-0.039549151778184854
2023-08-30,ADBE,-0.20775166085105012
2023-08-30,AVGO,-0.030130494879358483
2023-08-30,QCOM,-0.37626024520718904
2023-08-30,INTC,-0.3450542304216352
2023-08-30,BTC-USD,-0.5959960474317441
2023-08-30,ETH-USD,-0.6456605959013328
2023-08-30,SOL-USD,-0.9161462537795056
2023-08-31,AAPL,-0.04238384399585926
2023-08-31,MSFT,-0.08633360854121275
2023-08-31,NVDA,0.0
2023-08-31,GOOGL,-0.09122153076294703
2023-08-31,AMZN,-0.25320476855855256
2023-08-31,META,-0.14866503740912784
2023-08-31,TSLA,-0.3704905583242152
2023-08-31,AMD,-0.3470446616669183
2023-08-31,NFLX,-0.373013910362306
2023-08-31,CRM,-0.2855206729419518
2023-08-31,ORCL,-0.04533777109514647
2023-08-31,ADBE,-0.18744275488032103
2023-08-31,AVGO,0.0
2023-08-31,QCOM,-0.3693218736298277
2023-08-31,INTC,-0.33348404389340847
2023-08-31,BTC-USD,-0.6162100045857377
2023-08-31,ETH-USD,-0.658019686143952
2023-08-31,SOL-USD,-0.920572639434472
2023-09-01,AAPL,-0.03427930792775291
2023-09-01,MSFT,-0.08382478530346393
2023-09-01,NVDA,-0.017141256960386597
2023-09-01,GOOGL,-0.0946252662878958
2023-09-01,AMZN,-0.2526095368033472
2023-09-01,META,-0.14725520869392028
2023-09-01,TSLA,-0.40237092036659194
2023-09-01,AMD,-0.3240071986122992
2023-09-01,NFLX,-0.36405037260155104
2023-09-01,CRM,-0.2852948164582453
2023-09-01,ORCL,-0.04105581478223164
2023-09-01,ADBE,-0.18182078538043212
2023-09-01,AVGO,-0.054578481364688236
2023-09-01,QCOM,-0.3645861191919354
2023-09-01,INTC,-0.3056019527145005
2023-09-01,BTC-USD,-0.6181450968566538
2023-09-01,ETH-USD,-0.661583201887743
2023-09-01,SOL-USD,-0.9222116790293514
2023-09-05,AAPL,-0.033055874639709826
2023-09-05,MSFT,-0.07019324538347704
2023-09-05,NVDA,-0.016351011809176086
2023-09-05,GOOGL,-0.09389104057527442
2023-09-05,AMZN,-0.2572089798500552
2023-09-05,META,-0.13640828582858866
2023-09-05,TSLA,-0.37436888194095874
2023-09-05,AMD,-0.3157927473679508
2023-09-05,NFLX,-0.35132789454892444
2023-09-05,CRM,-0.294457405634432
2023-09-05,ORCL,-0.016869987830750444
2023-09-05,ADBE,-0.1793947892998331
2023-09-05,AVGO,-0.054957729347792195
2023-09-05,QCOM,-0.35819839070750825
2023-09-05,INTC,-0.30370522132640254
2023-09-05,BTC-USD,-0.6184520845912507
2023-09-05,ETH-USD,-0.6605154358302838
2023-09-05,SOL-USD,-0.9184102110443395
2023-09-06,AAPL,-0.06766610865916456
2023-09-06,MSFT,-0.07206093264389446
2023-09-06,NVDA,-0.046401105118265784
2023-09-06,GOOGL,-0.10263379572487774
2023-09-06,AMZN,-0.2675443300686825
2023-09-06,META,-0.1392277659666603
2023-09-06,TSLA,-0.3855160196627978
2023-09-06,AMD,-0.32505715330997254
2023-09-06,NFLX,-0.3555494363133773
2023-09-06,CRM,-0.2850045442204119
2023-09-06,ORCL,-0.014094757195052154
2023-09-06,ADBE,-0.18366575180874634
2023-09-06,AVGO,-0.054849372781191064
2023-09-06,QCOM,-0.36849586422269476
2023-09-06,INTC,-0.2985839803698638
2023-09-06,BTC-USD,-0.6188479311107962
2023-09-06,ETH-USD,-0.6608016058600803
2023-09-06,SOL-USD,-0.9210357296276701
2023-09-07,AAPL,-0.09493637358607532
2023-09-07,MSFT,-0.0803399796776263
2023-09-07,NVDA,-0.06301679827211304
2023-09-07,GOOGL,-0.09729498170809558
2023-09-07,AMZN,-0.25407049264696
2023-09-07,META,-0.14066622739533696
2023-09-07,TSLA,-0.3865648590278754
2023-09-07,AMD,-0.3416713363781171
2023-09-07,NFLX,-0.3593372754096874
2023-09-07,CRM,-0.2820686106043583
2023-09-07,ORCL,-0.00806797983252594
2023-09-07,ADBE,-0.18581572998799278
2023-09-07,AVGO,-0.07136267312043643
2023-09-07,QCOM,-0.4140909477946475
2023-09-07,INTC,-0.2758231301474944
2023-09-07,BTC-USD,-0.6116408592696536
2023-09-07,ETH-USD,-0.6576125641859514
2023-09-07,SOL-USD,-0.9199471767357783
2023-09-08,AAPL,-0.09177617918630965
2023-09-08,MSFT,-0.06818634350766672
2023-09-08,NVDA,-0.07657276267704638
2023-09-08,GOOGL,-0.08982000470019591
2023-09-08,AMZN,-0.2520143050481417
2023-09-08,META,-0.1429106598173907
2023-09-08,TSLA,-0.39385808898192387
2023-09-08,AMD,-0.3447594716921244
2023-09-08,NFLX,-0.35982883083709793
2023-09-08,CRM,-0.2748741133552721
2023-09-08,ORCL,0.0
2023-09-08,ADBE,-0.18596105390071904
2023-09-08,AVGO,-0.07079925331850567
2023-09-08,QCOM,-0.4155227541394706
2023-09-08,INTC,-0.27904756615074156
2023-09-08,BTC-USD,-0.6165921204862685
2023-09-08,ETH-USD,-0.6599941604165536
2023-09-08,SOL-USD,-0.9211201860528527
2023-09-11,AAPL,-0.0857613333909314
2023-09-11,MSFT,-0.05795559288840546
2023-09-11,NVDA,-0.08455630870776043
2023-09-11,GOOGL,-0.08621621271532542
2023-09-11,AMZN,-0.225661861959902
2023-09-11,META,-0.115088172357943
2023-09-11,TSLA,-0.33268291397499916
2023-09-11,AMD,-0.3495151793423652
2023-09-11,NFLX,-0.3561277433044945
2023-09-11,CRM,-0.2730996700348147
2023-09-11,ORCL,0.0
2023-09-11,ADBE,-0.179946825102538
2023-09-11,AVGO,-0.06907636673735029
2023-09-11,QCOM,-0.39272527950509095
2023-09-11,INTC,-0.2680464063954636
2023-09-11,BTC-USD,-0.6275886408294381
2023-09-11,ETH-USD,-0.6775541328370787
2023-09-11,SOL-USD,-0.9286055954032123
2023-09-12,AAPL,-0.10135884654205096
2023-09-12,MSFT,-0.07515525825094727
2023-09-12,NVDA,-0.09079748551172018
2023-09-12,GOOGL,-0.09676070965145966
2023-09-12,AMZN,-0.23578080179839433
2023-09-12,META,-0.13206364830588746
2023-09-12,TSLA,-0.34756199187771053
2023-09-12,AMD,-0.3495769552425827
2023-09-12,NFLX,-0.37155369348229383
2023-09-12,CRM,-0.28487541170396125
2023-09-12,ORCL,-0.13495394719771014
2023-09-12,ADBE,-0.2123276351108957
2023-09-12,AVGO,-0.08491789070806377
2023-09-12,QCOM,-0.38749376721263307
2023-09-12,INTC,-0.26292516543892486
2023-09-12,BTC-USD,-0.6176623282921052
2023-09-12,ETH-USD,-0.6690771986843433
2023-09-12,SOL-USD,-0.9278382486737378
2023-09-13,AAPL,-0.11201193919536556
2023-09-13,MSFT,-0.06319655736795748
2023-09-13,NVDA,-0.0783355218257834
2023-09-13,GOOGL,-0.08761743036626779
2023-09-13,AMZN,-0.21619231839754938
2023-09-13,META,-0.12228101137835667
2023-09-13,TSLA,-0.3382442935210833
2023-09-13,AMD,-0.33475389631110697
2023-09-13,NFLX,-0.40401047019126923
2023-09-13,CRM,-0.2941024166342747
2023-09-13,ORCL,-0.11735480567903056
2023-09-13,ADBE,-0.19583944465162784
2023-09-13,AVGO,-0.07580529235108246
2023-09-13,QCOM,-0.37972938622813857
2023-09-13,INTC,-0.2657702993036687
2023-09-13,BTC-USD,-0.611816553379906
2023-09-13,ETH-USD,-0.6658438654693914
2023-09-13,SOL-USD,-0.9259338798768941
2023-09-14,AAPL,-0.10421326144927023
2023-09-14,MSFT,-0.05583707554234296
2023-09-14,NVDA,-0.0763904163025102
2023-09-14,GOOGL,-0.0783407115718372
2023-09-14,AMZN,-0.21689579662675595
2023-09-14,META,-0.10311890031232707
2023-09-14,TSLA,-0.32668242134058345
2023-09-14,AMD,-0.34142427989845203
2023-09-14,NFLX,-0.4209978382150069
2023-09-14,CRM,-0.29416703306053305
2023-09-14,ORCL,-0.10299118664433793
2023-09-14,ADBE,-0.19787327010014144
2023-09-14,AVGO,-0.05553205349517332
2023-09-14,QCOM,-0.3720201590884
2023-09-14,INTC,-0.2665290507110628
2023-09-14,BTC-USD,-0.6072085287320863
2023-09-14,ETH-USD,-0.6618984176301641
2023-09-14,SOL-USD,-0.9241819118625582
2023-09-15,AAPL,-0.1079343274884964
2023-09-15,MSFT,-0.07947596101398735
2023-09-15,NVDA,-0.11045259502071902
2023-09-15,GOOGL,-0.08301273925817088
2023-09-15,AMZN,-0.24032616289203546
2023-09-15,META,-0.13594776896644678
2023-09-15,TSLA,-0.3307070911739163
2023-09-15,AMD,-0.3731703071567499
2023-09-15,NFLX,-0.4261301886727936
2023-09-15,CRM,-0.3076202432427172
2023-09-15,ORCL,-0.1010181366903461
2023-09-15,ADBE,-0.23167770472273452
2023-09-15,AVGO,-0.07715983529458437
2023-09-15,QCOM,-0.3769761707634661
2023-09-15,INTC,-0.2815132507465947
2023-09-15,BTC-USD,-0.6061870284905431
2023-09-15,ETH-USD,-0.6588506725667937
2023-09-15,SOL-USD,-0.9228516041807849
2023-09-18,AAPL,-0.09284644682495413
2023-09-18,MSFT,-0.08270967536353169
2023-09-18,NVDA,-0.10911507816123833
2023-09-18,GOOGL,-0.07760679427102446
2023-09-18,AMZN,-0.24254476148578907
2023-09-18,META,-0.1295028376969264
2023-09-18,TSLA,-0.35292826794786347
2023-09-18,AMD,-0.36773515884652563
2023-09-18,NFLX,-0.4298023774009585
2023-09-18,CRM,-0.3063620791478979
2023-09-18,ORCL,-0.11443465182704227
2023-09-18,ADBE,-0.22654969466018415
2023-09-18,AVGO,-0.07898000237491487
2023-09-18,QCOM,-0.3791236788259107
2023-09-18,INTC,-0.2794268682892451
2023-09-18,BTC-USD,-0.6040323041285283
2023-09-18,ETH-USD,-0.659742870609341
2023-09-18,SOL-USD,-0.9208859465184025
2023-09-19,AAPL,-0.08723938584910207
2023-09-19,MSFT,-0.08385264563925232
2023-09-19,NVDA,-0.1181523877645273
2023-09-19,GOOGL,-0.07874164692317076
2023-09-19,AMZN,-0.2552609561573709
2023-09-19,META,-0.12225237866488758
2023-09-19,TSLA,-0.34995243747960847
2023-09-19,AMD,-0.3724291377177542
2023-09-19,NFLX,-0.4272000510913214
2023-09-19,CRM,-0.3041037651509968
2023-09-19,ORCL,-0.1100151870954349
2023-09-19,ADBE,-0.21308307119169334
2023-09-19,AVGO,-0.07984694076871168
2023-09-19,QCOM,-0.3903022708252546
2023-09-19,INTC,-0.3107231201058456
2023-09-19,BTC-USD,-0.5972710582601438
2023-09-19,ETH-USD,-0.6584549405869313
2023-09-19,SOL-USD,-0.9193608256064635
2023-09-20,AAPL,-0.10548769740080333
2023-09-20,MSFT,-0.10581904032809719
2023-09-20,NVDA,-0.1441094562023313
2023-09-20,GOOGL,-0.10743905731257763
2023-09-20,AMZN,-0.2679231514437529
2023-09-20,META,-0.13778921589181214
2023-09-20,TSLA,-0.3594897295996835
2023-09-20,AMD,-0.3802730278032075
2023-09-20,NFLX,-0.4415127906439349
2023-09-20,CRM,-0.3127177167203834
2023-09-20,ORCL,-0.10922576751343804
2023-09-20,ADBE,-0.22166853131699282
2023-09-20,AVGO,-0.09513199967750618
2023-09-20,QCOM,-0.39856223059339
2023-09-20,INTC,-0.34201951905283345
2023-09-20,BTC-USD,-0.5984418898234318
2023-09-20,ETH-USD,-0.6627470597874919
2023-09-20,SOL-USD,-0.918279196882497
2023-09-21,AAPL,-0.11343930430790405
2023-09-21,MSFT,-0.1092755503003997
2023-09-21,NVDA,-0.1688710394805485
2023-09-21,GOOGL,-0.12946253896526194
2023-09-21,AMZN,-0.30017366499524545
2023-09-21,META,-0.14912537697892603
2023-09-21,TSLA,-0.37629583582485415
2023-09-21,AMD,-0.40639862617183364
2023-09-21,NFLX,-0.4446211217832018
2023-09-21,CRM,-0.326977528534072
2023-09-21,ORCL,-0.13637435354420435
2023-09-21,ADBE,-0.25348285293095896
2023-09-21,AVGO,-0.1193288280928223
2023-09-21,QCOM,-0.40550060217075146
2023-09-21,INTC,-0.34277812332984026
2023-09-21,BTC-USD,-0.60679473123484
2023-09-21,ETH-USD,-0.6707651224156292
2023-09-21,SOL-USD,-0.9216030431334209
2023-09-22,AAPL,-0.1090556766200953
2023-09-22,MSFT,-0.11630027277880639
2023-09-22,NVDA,-0.1568548630622918
2023-09-22,GOOGL,-0.13073083112664685
2023-09-22,AMZN,-0.3013100465525893
2023-09-22,META,-0.13948679008045795
2023-09-22,TSLA,-0.40268799142944156
2023-09-22,AMD,-0.40584278443349087
2023-09-22,NFLX,-0.45089563682100353
2023-09-22,CRM,-0.3340108358937427
2023-09-22,ORCL,-0.1395314081209419
2023-09-22,ADBE,-0.25490647754519447
2023-09-22,AVGO,-0.09675520165182805
2023-09-22,QCOM,-0.4070424923664304
2023-09-22,INTC,-0.3516929006277686
2023-09-22,BTC-USD,-0.6066180832078981
2023-09-22,ETH-USD,-0.668902873673727
2023-09-22,SOL-USD,-0.9217677569595564
2023-09-25,AAPL,-0.10248019567364985
2023-09-25,MSFT,-0.11482289141007518
2023-09-25,NVDA,-0.14445383655764155
2023-09-25,GOOGL,-0.12499097895459499
2023-09-25,AMZN,-0.28967598634955005
2023-09-25,META,-0.1344518648184887
2023-09-25,TSLA,-0.39754127190345434
2023-09-25,AMD,-0.39855478320758575
2023-09-25,NFLX,-0.44368141428542907
2023-09-25,CRM,-0.33430120846764144
2023-09-25,ORCL,-0.14529249941616873
2023-09-25,ADBE,-0.2567950234140852
2023-09-25,AVGO,-0.091515019705526
2023-09-25,QCOM,-0.39189913579476476
2023-09-25,INTC,-0.34960637104003156
2023-09-25,BTC-USD,-0.6107782295167492
2023-09-25,ETH-USD,-0.6699305845519425
2023-09-25,SOL-USD,-0.9219046129083072
2023-09-26,AAPL,-0.12348075914666157
2023-09-26,MSFT,-0.1298760920272164
2023-09-26,NVDA,-0.15075564043000567
2023-09-26,GOOGL,-0.14194273121684708
2023-09-26,AMZN,-0.31830106870067665
2023-09-26,META,-0.13983206691934957
2023-09-26,TSLA,-0.40454180942432416
2023-09-26,AMD,-0.4073250761902769
2023-09-26,NFLX,-0.45170524454841154
2023-09-26,CRM,-0.34672206087068025
2023-09-26,ORCL,-0.17228333875581092
2023-09-26,ADBE,-0.26449439780306416
2023-09-26,AVGO,-0.11079845309409941
2023-09-26,QCOM,-0.3958089255932553
2023-09-26,INTC,-0.35833135013832085
2023-09-26,BTC-USD,-0.6119804536110892
2023-09-26,ETH-USD,-0.6688719254035072
2023-09-26,SOL-USD,-0.923437425634283
2023-09-27,AAPL,-0.1312794368927569
2023-09-27,MSFT,-0.1280640383748265
2023-09-27,NVDA,-0.13946923715099602
2023-09-27,GOOGL,-0.12879513581119606
2023-09-27,AMZN,-0.31830106870067665
2023-09-27,META,-0.14334218938137644
2023-09-27,TSLA,-0.41337171187184185
2023-09-27,AMD,-0.39429314139547
2023-09-27,NFLX,-0.45410516892619657
2023-09-27,CRM,-0.3459478677883704
2023-09-27,ORCL,-0.17433510611755265
2023-09-27,ADBE,-0.2698693875842839
2023-09-27,AVGO,-0.1101228129811167
2023-09-27,QCOM,-0.39872742352127033
2023-09-27,INTC,-0.34353680117204066
2023-09-27,BTC-USD,-0.6099755230758807
2023-09-27,ETH-USD,-0.6680253126409479
2023-09-27,SOL-USD,-0.9230078508703111
2023-09-28,AAPL,-0.12995431359559162
2023-09-28,MSFT,-0.12569442975247047
2023-09-28,NVDA,-0.1268858642718096
2023-09-28,GOOGL,-0.1169825523215493
2023-09-28,AMZN,-0.31830106870067665
2023-09-28,META,-0.12544603429383527
2023-09-28,TSLA,-0.39902918713758184
2023-09-28,AMD,-0.3653264170712963
2023-09-28,NFLX,-0.4558833829558161
2023-09-28,CRM,-0.34443153899671564
2023-09-28,ORCL,-0.16226034229472597
2023-09-28,ADBE,-0.2668622731851934
2023-09-28,AVGO,-0.09357413791489855
2023-09-28,QCOM,-0.38820973753664123
2023-09-28,INTC,-0.33272536605120795
2023-09-28,BTC-USD,-0.6000767295897094
2023-09-28,ETH-USD,-0.6565144079418335
2023-09-28,SOL-USD,-0.9196770497456174
2023-09-29,AAPL,-0.12730367285393873
2023-09-29,MSFT,-0.11981285167688316
2023-09-29,NVDA,-0.11857809522310625
2023-09-29,GOOGL,-0.12665979525156845
2023-09-29,AMZN,-0.3121323407684873
2023-09-29,META,-0.13623560308605687
2023-09-29,TSLA,-0.3896626570830489
2023-09-29,AMD,-0.3649558559124013
2023-09-29,NFLX,-0.45409071952397717
2023-09-29,CRM,-0.3457865273948564
2023-09-29,ORCL,-0.16407552080734367
2023-09-29,ADBE,-0.25926464326836407
2023-09-29,AVGO,-0.09512100947106794
2023-09-29,QCOM,-0.388429994773815
2023-09-29,INTC,-0.3257075408369585
2023-09-29,BTC-USD,-0.6017021747219247
2023-09-29,ETH-USD,-0.6533845484926417
2023-09-29,SOL-USD,-0.9182964305376993
2023-10-02,AAPL,-0.11435672161500765
2023-10-02,MSFT,-0.1029476844709013
2023-10-02,NVDA,-0.09258055705421897
2023-10-02,GOOGL,-0.10456928543245603
2023-10-02,AMZN,-0.29947018676603887
2023-10-02,META,-0.11721718746440302
2023-10-02,TSLA,-0.38629654522436796
2023-10-02,AMD,-0.3621765529782769
2023-10-02,NFLX,-0.4501438267024732
2023-10-02,CRM,-0.34278607768861025
2023-10-02,ORCL,-0.15784081518799364
2023-10-02,ADBE,-0.24295072623829894
2023-10-02,AVGO,-0.09036010355865465
2023-10-02,QCOM,-0.38820973753664123
2023-10-02,INTC,-0.32741447402541746
2023-10-02,BTC-USD,-0.5925399205462555
2023-10-02,ETH-USD,-0.6542815156128949
2023-10-02,SOL-USD,-0.905936468379582
2023-10-03,AAPL,-0.1212381397129283
2023-10-03,MSFT,-0.12639137346492813
2023-10-03,NVDA,-0.1182131698893727
2023-10-03,GOOGL,-0.11618181246218096
2023-10-03,AMZN,-0.325119151625072
2023-10-03,META,-0.13413504340072246
2023-10-03,TSLA,-0.39866332159610873
2023-10-03,AMD,-0.3818788242392235
2023-10-03,NFLX,-0.4553195805173085
2023-10-03,CRM,-0.3553039048990687
2023-10-03,ORCL,-0.17512440094929949
2023-10-03,ADBE,-0.2634339056382309
2023-10-03,AVGO,-0.11227989857756682
2023-10-03,QCOM,-0.39322072398553864
2023-10-03,INTC,-0.3230519844762728
2023-10-03,BTC-USD,-0.5940318751550837
2023-10-03,ETH-USD,-0.6557241108841008
2023-10-03,SOL-USD,-0.9052080259550362
2023-10-04,AAPL,-0.11481550909802385
2023-10-04,MSFT,-0.1108646342029328
2023-10-04,NVDA,-0.10759552504010339
2023-10-04,GOOGL,-0.0974282156094618
2023-10-04,AMZN,-0.31278169576069337
2023-10-04,META,-0.1207851958765701
2023-10-04,TSLA,-0.362977771826001
2023-10-04,AMD,-0.35723551762738326
2023-10-04,NFLX,-0.45510272918323713
2023-10-04,CRM,-0.34872241084287714
2023-10-04,ORCL,-0.15492078608625515
2023-10-04,ADBE,-0.24688759448049313
2023-10-04,AVGO,-0.10249672590588277
2023-10-04,QCOM,-0.3950930895724404
2023-10-04,INTC,-0.31849984385787644
2023-10-04,BTC-USD,-0.5885644582897904
2023-10-04,ETH-USD,-0.6575627171769496
2023-10-04,SOL-USD,-0.9068497216054612
2023-10-05,AAPL,-0.1084438811466093
2023-10-05,MSFT,-0.10974943719945118
2023-10-05,NVDA,-0.09448534790285013
2023-10-05,GOOGL,-0.09856275984979934
2023-10-05,AMZN,-0.31840931517467774
2023-10-05,META,-0.12305790642740588
2023-10-05,TSLA,-0.36568532571003043
2023-10-05,AMD,-0.36439996705285327
2023-10-05,NFLX,-0.46133384086399043
2023-10-05,CRM,-0.34827074804349667
2023-10-05,ORCL,-0.14489785200029548
2023-10-05,ADBE,-0.24976392622475074
2023-10-05,AVGO,-0.10244211831764327
2023-10-05,QCOM,-0.39536832158344537
2023-10-05,INTC,-0.31925852170007696
2023-10-05,BTC-USD,-0.5942400602459093
2023-10-05,ETH-USD,-0.6651190417603782
2023-10-05,SOL-USD,-0.9086634237200806
2023-10-06,AAPL,-0.09529315574211161
2023-10-06,MSFT,-0.08772732183902943
2023-10-06,NVDA,-0.07272271124870133
2023-10-06,GOOGL,-0.08181137245927783
2023-10-06,AMZN,-0.30758697967484616
2023-10-06,META,-0.09244466018952724
2023-10-06,TSLA,-0.3645144815387523
2023-10-06,AMD,-0.3376567510456667
2023-10-06,NFLX,-0.4484378596839508
2023-10-06,CRM,-0.33101038618749656
2023-10-06,ORCL,-0.13219178953734623
2023-10-06,ADBE,-0.23488821939991777
2023-10-06,AVGO,-0.07912776913491537
2023-10-06,QCOM,-0.3894211523410972
2023-10-06,INTC,-0.313568327535783
2023-10-06,BTC-USD,-0.5863858281974073
2023-10-06,ETH-USD,-0.6579797070670121
2023-10-06,SOL-USD,-0.905724152818075
2023-10-09,AAPL,-0.08764724949809277
2023-10-09,MSFT,-0.0805910709539196
2023-10-09,NVDA,-0.0826314380500287
2023-10-09,GOOGL,-0.0762055766200821
2023-10-09,AMZN,-0.30596365412023163
2023-10-09,META,-0.08401440925792247
2023-10-09,TSLA,-0.36661216026890786
2023-10-09,AMD,-0.3393243233819002
2023-10-09,NFLX,-0.4420187954735648
2023-10-09,CRM,-0.33146209915490965
2023-10-09,ORCL,-0.12935060259360764
2023-10-09,ADBE,-0.23109667507044973
2023-10-09,AVGO,-0.06755800102912979
2023-10-09,QCOM,-0.38435496727971297
2023-10-09,INTC,-0.31603401213163607
2023-10-09,BTC-USD,-0.5917571018230331
2023-10-09,ETH-USD,-0.6717003436272692
2023-10-09,SOL-USD,-0.910980609566283
2023-10-10,AAPL,-0.09070559622980745
2023-10-10,MSFT,-0.08457727556039973
2023-10-10,NVDA,-0.0719931706941156
2023-10-10,GOOGL,-0.07860789900212328
2023-10-10,AMZN,-0.299362022859905
2023-10-10,META,-0.0740017355147502
2023-10-10,TSLA,-0.35697735363014915
2023-10-10,AMD,-0.326724725646206
2023-10-10,NFLX,-0.460278427847682
2023-10-10,CRM,-0.33255902319228026
2023-10-10,ORCL,-0.13416477711621322
2023-10-10,ADBE,-0.2261139002544188
2023-10-10,AVGO,-0.06480151987686156
2023-10-10,QCOM,-0.38154673227347824
2023-10-10,INTC,-0.3090161133521928
2023-10-10,BTC-USD,-0.5946084744339921
2023-10-10,ETH-USD,-0.6742135207411756
2023-10-10,SOL-USD,-0.9110340607650238
2023-10-11,AAPL,-0.08351855629826921
2023-10-11,MSFT,-0.07334329166210674
2023-10-11,NVDA,-0.05156820595588851
2023-10-11,GOOGL,-0.06198984831690424
2023-10-11,AMZN,-0.28664574562045597
2023-10-11,META,-0.05679595681264893
2023-10-11,TSLA,-0.3585140633429005
2023-10-11,AMD,-0.33104814335853927
2023-10-11,NFLX,-0.4709624371795693
2023-10-11,CRM,-0.3326556969915032
2023-10-11,ORCL,-0.1315508227528488
2023-10-11,ADBE,-0.20114186114269106
2023-10-11,AVGO,-0.047206972118275625
2023-10-11,QCOM,-0.3880995641503232
2023-10-11,INTC,-0.30048063819276805
2023-10-11,BTC-USD,-0.602270506722858
2023-10-11,ETH-USD,-0.6745165601149855
2023-10-11,SOL-USD,-0.9114272567797737
2023-10-12,AAPL,-0.07887991529301075
2023-10-12,MSFT,-0.07685587056018339
2023-10-12,NVDA,-0.04875145064991515
2023-10-12,GOOGL,-0.07253465366484724
2023-10-12,AMZN,-0.2839401617454981
2023-10-12,META,-0.06732667878341636
2023-10-12,TSLA,-0.3685635672210379
2023-10-12,AMD,-0.3280835127237621
2023-10-12,NFLX,-0.4778007546558787
2023-10-12,CRM,-0.3364304902841577
2023-10-12,ORCL,-0.13574898054095696
2023-10-12,ADBE,-0.18702150173244902
2023-10-12,AVGO,-0.013390278630067365
2023-10-12,QCOM,-0.3862273328666148
2023-10-12,INTC,-0.30123946316535577
2023-10-12,BTC-USD,-0.6039950435645081
2023-10-12,ETH-USD,-0.6800531041876055
2023-10-12,SOL-USD,-0.9142733124144651
2023-10-13,AAPL,-0.08836097146909427
2023-10-13,MSFT,-0.08641718954857813
2023-10-13,NVDA,-0.07882193388098746
2023-10-13,GOOGL,-0.08327972108058446
2023-10-13,AMZN,-0.29768457406828985
2023-10-13,META,-0.0945737639421591
2023-10-13,TSLA,-0.38746738939564596
2023-10-13,AMD,-0.3509357423201388
2023-10-13,NFLX,-0.4857811815618127
2023-10-13,CRM,-0.3399470687119438
2023-10-13,ORCL,-0.14256096794217987
2023-10-13,ADBE,-0.20281242114249243
2023-10-13,AVGO,-0.03781584071687738
2023-10-13,QCOM,-0.40164592144928535
2023-10-13,INTC,-0.3177410188852887
2023-10-13,BTC-USD,-0.6024324991206622
2023-10-13,ETH-USD,-0.6774602479615999
2023-10-13,SOL-USD,-0.9121215235994373
2023-10-16,AAPL,-0.08902353311767697
2023-10-16,MSFT,-0.0727301030841131
2023-10-16,NVDA,-0.06597519763687787
2023-10-16,GOOGL,-0.07166719405085953
2023-10-16,AMZN,-0.2827496982350872
2023-10-16,META,-0.07598687788449099
2023-10-16,TSLA,-0.38063761394031825
2023-10-16,AMD,-0.34247423459612514
2023-10-16,NFLX,-0.4783501076921668
2023-10-16,CRM,-0.3272356932309076
2023-10-16,ORCL,-0.13891732501531928
2023-10-16,ADBE,-0.19993608939823482
2023-10-16,AVGO,-0.016691204305962937
2023-10-16,QCOM,-0.39145866608814817
2023-10-16,INTC,-0.30655035519114626
2023-10-16,BTC-USD,-0.5779072721289593
2023-10-16,ETH-USD,-0.6673929278636409
2023-10-16,SOL-USD,-0.9034763545038872
2023-10-17,AAPL,-0.0970262215177321
2023-10-17,MSFT,-0.07434687319533584
2023-10-17,NVDA,-0.10968258473504999
2023-10-17,GOOGL,-0.06752933561722563
2023-10-17,AMZN,-0.2885937693131403
2023-10-17,META,-0.06778692970704303
2023-10-17,TSLA,-0.37836913592533883
2023-10-17,AMD,-0.3506269099402559
2023-10-17,NFLX,-0.48572338395293513
2023-10-17,CRM,-0.32300948797903717
2023-10-17,ORCL,-0.1363033082768298
2023-10-17,ADBE,-0.18635322453280445
2023-10-17,AVGO,-0.03648654090378822
2023-10-17,QCOM,-0.3821524844434373
2023-10-17,INTC,-0.31603401213163607
2023-10-17,BTC-USD,-0.5794423264282098
2023-10-17,ETH-USD,-0.674685963843288
2023-10-17,SOL-USD,-0.9035714965629413
2023-10-18,AAPL,-0.10370362896169294
2023-10-18,MSFT,-0.07978268589830817
2023-10-18,NVDA,-0.1449807958721494
2023-10-18,GOOGL,-0.07927530215618916
2023-10-18,AMZN,-0.3066670497815709
2023-10-18,META,-0.08801368129556031
2023-10-18,TSLA,-0.4080542674995945
2023-10-18,AMD,-0.3689704412448517
2023-10-18,NFLX,-0.4995012198714798
2023-10-18,CRM,-0.33917272512553565
2023-10-18,ORCL,-0.14256096794217987
2023-10-18,ADBE,-0.18957828046788094
2023-10-18,AVGO,-0.03362144560195546
2023-10-18,QCOM,-0.38887055401589377
2023-10-18,INTC,-0.32400031338772495
2023-10-18,BTC-USD,-0.5807359530853367
2023-10-18,ETH-USD,-0.6750370998731121
2023-10-18,SOL-USD,-0.9056932243562443
2023-10-19,AAPL,-0.10564054773234433
2023-10-19,MSFT,-0.07640958280627241
2023-10-19,NVDA,-0.14690558900166073
2023-10-19,GOOGL,-0.08067693102287654
2023-10-19,AMZN,-0.30520609393795817
2023-10-19,META,-0.09998277604883266
2023-10-19,TSLA,-0.46310705672374886
2023-10-19,AMD,-0.3675498782670781
2023-10-19,NFLX,-0.41914732202390026
2023-10-19,CRM,-0.3279131623459616
2023-10-19,ORCL,-0.1418481450136826
2023-10-19,ADBE,-0.19267255374812453
2023-10-19,AVGO,-0.05453898531030121
2023-10-19,QCOM,-0.38721853520162797
2023-10-19,INTC,-0.3234313601799699
2023-10-19,BTC-USD,-0.5749422099925606
2023-10-19,ETH-USD,-0.6742667162515454
2023-10-19,SOL-USD,-0.8996329423353453
2023-10-20,AAPL,-0.11879127313684201
2023-10-20,MSFT,-0.08937177815894204
2023-10-20,NVDA,-0.16137351786393628
2023-10-20,GOOGL,-0.0950254820116756
2023-10-20,AMZN,-0.3226841426511833
2023-10-20,META,-0.11195195944827685
2023-10-20,TSLA,-0.48291337204684526
2023-10-20,AMD,-0.3711939024406333
2023-10-20,NFLX,-0.4203183302579637
2023-10-20,CRM,-0.3427215615984177
2023-10-20,ORCL,-0.19325479140760193
2023-10-20,ADBE,-0.21414351902342332
2023-10-20,AVGO,-0.07000924636977601
2023-10-20,QCOM,-0.40181111437716577
2023-10-20,INTC,-0.3376569559384951
2023-10-20,BTC-USD,-0.5606875438368079
2023-10-20,ETH-USD,-0.6665341387324705
2023-10-20,SOL-USD,-0.8911982080683291
2023-10-23,AAPL,-0.11817971415174922
2023-10-23,MSFT,-0.0819849583788349
2023-10-23,NVDA,-0.12919581760059617
2023-10-23,GOOGL,-0.08901916203689142
2023-10-23,AMZN,-0.31516262278151497
2023-10-23,META,-0.09653018495225918
2023-10-23,TSLA,-0.4826938527219614
2023-10-23,AMD,-0.3823111612983361
2023-10-23,NFLX,-0.41181744912018026
2023-10-23,CRM,-0.3483029559205604
2023-10-23,ORCL,-0.17891793130153433
2023-10-23,ADBE,-0.2149425788779008
2023-10-23,AVGO,-0.06065074214374111
2023-10-23,QCOM,-0.40164592144928535
2023-10-23,INTC,-0.3579521215650112
2023-10-23,BTC-USD,-0.5103183722966869
2023-10-23,ETH-USD,-0.633135780208429
2023-10-23,SOL-USD,-0.8718100926426033
2023-10-24,AAPL,-0.11593685822962263
2023-10-24,MSFT,-0.07861185528679904
2023-10-24,NVDA,-0.11525500310926928
2023-10-24,GOOGL,-0.07360247815056542
2023-10-24,AMZN,-0.3043402872816834
2023-10-24,META,-0.10073094973824115
2023-10-24,TSLA,-0.47186378606297197
2023-10-24,AMD,-0.3720585765588589
2023-10-24,NFLX,-0.40185629595199446
2023-10-24,CRM,-0.34114071671657054
2023-10-24,ORCL,-0.18256151185326974
2023-10-24,ADBE,-0.21617734447193693
2023-10-24,AVGO,-0.0400708078394173
2023-10-24,QCOM,-0.39762609256767023
2023-10-24,INTC,-0.3439161768757377
2023-10-24,BTC-USD,-0.4982519043067778
2023-10-24,ETH-USD,-0.629175999768649
2023-10-24,SOL-USD,-0.8786498194956933
2023-10-25,AAPL,-0.12786438683447043
2023-10-25,MSFT,-0.05034545510424426
2023-10-25,NVDA,-0.15343051909252603
2023-10-25,GOOGL,-0.16169738139869694
2023-10-25,AMZN,-0.3431383501404357
2023-10-25,META,-0.13819202409615716
2023-10-25,TSLA,-0.48186453268176765
2023-10-25,AMD,-0.4067074585517164
2023-10-25,NFLX,-0.4054417331164526
2023-10-25,CRM,-0.3642404870874508
2023-10-25,ORCL,-0.1965816310745887
2023-10-25,ADBE,-0.2429361849804057
2023-10-25,AVGO,-0.07436694908348973
2023-10-25,QCOM,-0.42301190311296
2023-10-25,INTC,-0.3772988111496879
2023-10-25,BTC-USD,-0.48935267097829305
2023-10-25,ETH-USD,-0.6285608648468746
2023-10-25,SOL-USD,-0.869346662535707
2023-10-26,AAPL,-0.14932373779049835
2023-10-26,MSFT,-0.08597107592176578
2023-10-26,NVDA,-0.18287271362494129
2023-10-26,GOOGL,-0.183921382129016
2023-10-26,AMZN,-0.3529866737939251
2023-10-26,META,-0.17035897178596238
2023-10-26,TSLA,-0.4981096326702519
2023-10-26,AMD,-0.42146874158297465
2023-10-26,NFLX,-0.41658834392092137
2023-10-26,CRM,-0.36685363958041084
2023-10-26,ORCL,-0.2047400479240562
2023-10-26,ADBE,-0.25290173461246745
2023-10-26,AVGO,-0.09929359589508924
2023-10-26,QCOM,-0.41838623252592344
2023-10-26,INTC,-0.3831787667310239
2023-10-26,BTC-USD,-0.4944760707974998
2023-10-26,ETH-USD,-0.625102547854397
2023-10-26,SOL-USD,-0.8680892428522168
2023-10-27,AAPL,-0.14254456150795092
2023-10-27,MSFT,-0.0806189312897081
2023-10-27,NVDA,-0.1793469627428056
2023-10-27,GOOGL,-0.18465550503770134
2023-10-27,AMZN,-0.3087774431852571
2023-10-27,META,-0.14624809953688578
2023-10-27,TSLA,-0.49435323942114484
2023-10-27,AMD,-0.40442222145571727
2023-10-27,NFLX,-0.424785677311317
2023-10-27,CRM,-0.36582128180126516
2023-10-27,ORCL,-0.20006677880882473
2023-10-27,ADBE,-0.2618504601864792
2023-10-27,AVGO,-0.0866451561995969
2023-10-27,QCOM,-0.41376069624208023
2023-10-27,INTC,-0.32589704477582293
2023-10-27,BTC-USD,-0.4981294560917351
2023-10-27,ETH-USD,-0.6300887454332276
2023-10-27,SOL-USD,-0.8722579834427946
2023-10-30,AAPL,-0.1319931588637584
2023-10-30,MSFT,-0.059711838805669215
2023-10-30,NVDA,-0.16595303231864655
2023-10-30,GOOGL,-0.16937231206258208
2023-10-30,AMZN,-0.28188389157881255
2023-10-30,META,-0.12918645951001895
2023-10-30,TSLA,-0.518598921816953
2023-10-30,AMD,-0.4059662891127209
2023-10-30,NFLX,-0.40713325073275564
2023-10-30,CRM,-0.3571105059285571
2023-10-30,ORCL,-0.19483893245722061
2023-10-30,ADBE,-0.2345105013595189
2023-10-30,AVGO,-0.08349637619407946
2023-10-30,QCOM,-0.40621652772702865
2023-10-30,INTC,-0.3230519844762728
2023-10-30,BTC-USD,-0.48935943511481805
2023-10-30,ETH-USD,-0.6238454392650343
2023-10-30,SOL-USD,-0.8592879038317516
2023-10-31,AAPL,-0.12954644994660092
2023-10-31,MSFT,-0.05748188011645272
2023-10-31,NVDA,-0.17367329251265773
2023-10-31,GOOGL,-0.17190838236567074
2023-10-31,AMZN,-0.27982770397999424
2023-10-31,META,-0.13318564290148494
2023-10-31,TSLA,-0.5101105062812377
2023-10-31,AMD,-0.3916373431405755
2023-10-31,NFLX,-0.40480562851645785
2023-10-31,CRM,-0.3520776488771491
2023-10-31,ORCL,-0.180977308428526
2023-10-31,ADBE,-0.22707264794710247
2023-10-31,AVGO,-0.08336578163163866
2023-10-31,QCOM,-0.3998287992426015
2023-10-31,INTC,-0.3076883351718501
2023-10-31,BTC-USD,-0.48691122238469
2023-10-31,ETH-USD,-0.6225216143226565
2023-10-31,SOL-USD,-0.844971411323517
2023-11-01,AAPL,-0.11323529365394436
2023-11-01,MSFT,-0.035292428614201676
2023-11-01,NVDA,-0.14236700944735636
2023-11-01,GOOGL,-0.1560913799516287
2023-11-01,AMZN,-0.25867001826153535
2023-11-01,META,-0.10274472482145114
2023-11-01,TSLA,-0.4983535306248069
2023-11-01,AMD,-0.332715715694773
2023-11-01,NFLX,-0.39251685313197415
2023-11-01,CRM,-0.3421408666186526
2023-11-01,ORCL,-0.16236313650072554
2023-11-01,ADBE,-0.2090009677029796
2023-11-01,AVGO,-0.07076078759597215
2023-11-01,QCOM,-0.38936604326407265
2023-11-01,INTC,-0.2927040615711245
2023-11-01,BTC-USD,-0.4755229024412636
2023-11-01,ETH-USD,-0.6161562400591365
2023-11-01,SOL-USD,-0.8331307003481121
2023-11-02,AAPL,-0.09488529209312091
2023-11-02,MSFT,-0.02902019639273079
2023-11-02,NVDA,-0.11843621857965358
2023-11-02,GOOGL,-0.14915052079446067
2023-11-02,AMZN,-0.25288002913654917
2023-11-02,META,-0.10556473683655321
2023-11-02,TSLA,-0.46700979618944516
2023-11-02,AMD,-0.3340127268721115
2023-11-02,NFLX,-0.38598213855344277
2023-11-02,CRM,-0.32859068162904825
2023-11-02,ORCL,-0.153491709597386
2023-11-02,ADBE,-0.18835796746553146
2023-11-02,AVGO,-0.050758526017553596
2023-11-02,QCOM,-0.35373800258381427
2023-11-02,INTC,-0.28492733781909363
2023-11-02,BTC-USD,-0.48290835670332866
2023-11-02,ETH-USD,-0.6258129121256845
2023-11-02,SOL-USD,-0.8381775436491256
2023-11-03,AAPL,-0.09957485693240498
2023-11-03,MSFT,-0.016531887939112644
2023-11-03,NVDA,-0.0880618247243542
2023-11-03,GOOGL,-0.13840560758462772
2023-11-03,AMZN,-0.2500121168345232
2023-11-03,META,-0.09483252211744142
2023-11-03,TSLA,-0.4634729222652221
2023-11-03,AMD,-0.30671362200537666
2023-11-03,NFLX,-0.3749222793126804
2023-11-03,CRM,-0.3306554473553721
2023-11-03,ORCL,-0.14414504661667327
2023-11-03,ADBE,-0.1811671381048875
2023-11-03,AVGO,-0.038360628684456
2023-11-03,QCOM,-0.3418436640991179
2023-11-03,INTC,-0.2765817344245013
2023-11-03,BTC-USD,-0.4859559759932123
2023-11-03,ETH-USD,-0.6191267920189991
2023-11-03,SOL-USD,-0.8409457522916539
2023-11-06,AAPL,-0.08642397386897849
2023-11-06,MSFT,-0.00613406236867009
2023-11-06,NVDA,-0.07294560488254109
2023-11-06,GOOGL,-0.13073083112664685
2023-11-06,AMZN,-0.2438433889023338
2023-11-06,META,-0.09138001966703968
2023-11-06,TSLA,-0.46515597819456267
2023-11-06,AMD,-0.309801757319384
2023-11-06,NFLX,-0.37148144647119674
2023-11-06,CRM,-0.3308167877488861
2023-11-06,ORCL,-0.13574898054095696
2023-11-06,ADBE,-0.17856673559577574
2023-11-06,AVGO,-0.04037595779005154
2023-11-06,QCOM,-0.339585848347162
2023-11-06,INTC,-0.27781873315586947
2023-11-06,BTC-USD,-0.48144123283499185
2023-11-06,ETH-USD,-0.605194743258731
2023-11-06,SOL-USD,-0.8304460576612771
2023-11-07,AAPL,-0.0732221669715265
2023-11-07,MSFT,0.0
2023-11-07,NVDA,-0.06881187769551089
2023-11-07,GOOGL,-0.12592556953894696
2023-11-07,AMZN,-0.22777221407965453
2023-11-07,META,-0.08269074462163728
2023-11-07,TSLA,-0.4580579261550092
2023-11-07,AMD,-0.2993021161002414
2023-11-07,NFLX,-0.3716693990008294
2023-11-07,CRM,-0.31655692576716454
2023-11-07,ORCL,-0.13669945269570316
2023-11-07,ADBE,-0.14987576977783967
2023-11-07,AVGO,-0.021866217762526174
2023-11-07,QCOM,-0.33523554407432377
2023-11-07,INTC,-0.26221423140740885
2023-11-07,BTC-USD,-0.4754295342319652
2023-11-07,ETH-USD,-0.6076288500789688
2023-11-07,SOL-USD,-0.82656645097858
2023-11-08,AAPL,-0.06776819281560875
2023-11-08,MSFT,0.0
2023-11-08,NVDA,-0.056269207132069066
2023-11-08,GOOGL,-0.12011940882802075
2023-11-08,AMZN,-0.231181276183819
2023-11-08,META,-0.07992861855667543
2023-11-08,TSLA,-0.4582286510012693
2023-11-08,AMD,-0.29843744198201594
2023-11-08,NFLX,-0.368720066436366
2023-11-08,CRM,-0.31775067410785685
2023-11-08,ORCL,-0.11024348005293405
2023-11-08,ADBE,-0.14971599327342688
2023-11-08,AVGO,-0.007365498977266793
2023-11-08,QCOM,-0.33887001232634706
2023-11-08,INTC,-0.2783895990586598
2023-11-08,BTC-USD,-0.47229612025316603
2023-11-08,ETH-USD,-0.6073798687083054
2023-11-08,SOL-USD,-0.8261746751091362
2023-11-09,AAPL,-0.07021490173276623
2023-11-09,MSFT,-0.006910930202760901
2023-11-09,NVDA,-0.048650198793986466
2023-11-09,GOOGL,-0.13079744807732996
2023-11-09,AMZN,-0.2391897813346915
2023-11-09,META,-0.0777133507251212
2023-11-09,TSLA,-0.48781619361827777
2023-11-09,AMD,-0.2990550596205763
2023-11-09,NFLX,-0.3708886900778602
2023-11-09,CRM,-0.32246090054026955
2023-11-09,ORCL,-0.11143172618417929
2023-11-09,ADBE,-0.16071299688763885
2023-11-09,AVGO,-0.007093147923971421
2023-11-09,QCOM,-0.3386497550891733
2023-11-09,INTC,-0.28067320980020793
2023-11-09,BTC-USD,-0.45693580684123614
2023-11-09,ETH-USD,-0.559326159761059
2023-11-09,SOL-USD,-0.8170992710739584
2023-11-10,AAPL,-0.04862500918363244
2023-11-10,MSFT,0.0
2023-11-10,NVDA,-0.020585913323914684
2023-11-10,GOOGL,-0.11511398797646288
2023-11-10,AMZN,-0.22317277103294642
2023-11-10,META,-0.05406272939967127
2023-11-10,TSLA,-0.4764251207226019
2023-11-10,AMD,-0.2675560888419436
2023-11-10,NFLX,-0.3534097666267121
2023-11-10,CRM,-0.3107819831744443
2023-11-10,ORCL,-0.10438215193183242
2023-11-10,ADBE,-0.1324142903679949
2023-11-10,AVGO,0.0
2023-11-10,QCOM,-0.31601742861494275
2023-11-10,INTC,-0.2605015601338446
2023-11-10,BTC-USD,-0.44774721878362556
2023-11-10,ETH-USD,-0.5681105472212258
2023-11-10,SOL-USD,-0.7720268221692512
2023-11-13,AAPL,-0.05679134755185644
2023-11-13,MSFT,-0.008088373517515235
2023-11-13,NVDA,-0.014810991237838023
2023-11-13,GOOGL,-0.11845090094285604
2023-11-13,AMZN,-0.2284216103557941
2023-11-13,META,-0.052854127494292746
2023-11-13,TSLA,-0.454325911535573
2023-11-13,AMD,-0.27867334769964647
2023-11-13,NFLX,-0.357197550572632
2023-11-13,CRM,-0.30545875354913743
2023-11-13,ORCL,-0.09582746591324165
2023-11-13,ADBE,-0.14240883384963665
2023-11-13,AVGO,-0.011059731157608055
2023-11-13,QCOM,-0.3179997885172381
2023-11-13,INTC,-0.27249033261398836
2023-11-13,BTC-USD,-0.45975922680253833
2023-11-13,ETH-USD,-0.5728952512669765
2023-11-13,SOL-USD,-0.7910909141713306
2023-11-14,AAPL,-0.04331686953692071
2023-11-14,MSFT,0.0
2023-11-14,NVDA,0.0
2023-11-14,GOOGL,-0.10823979717194598
2023-11-14,AMZN,-0.21105172554870277
2023-11-14,META,-0.03236852908432142
2023-11-14,TSLA,-0.42090883978044513
2023-11-14,AMD,-0.2595886940772604
2023-11-14,NFLX,-0.3513712427555826
2023-11-14,CRM,-0.28642404870874494
2023-11-14,ORCL,-0.08038170083492857
2023-11-14,ADBE,-0.12208547528722091
2023-11-14,AVGO,0.0
2023-11-14,QCOM,-0.2986714101360769
2023-11-14,INTC,-0.2500351457712702
2023-11-14,BTC-USD,-0.4740371627441998
2023-11-14,ETH-USD,-0.5887330285520623
2023-11-14,SOL-USD,-0.7712439306060197
2023-11-15,AAPL,-0.040407746981383275
2023-11-15,MSFT,0.0
2023-11-15,NVDA,-0.015466325994393681
2023-11-15,GOOGL,-0.10156597123915956
2023-11-15,AMZN,-0.22512079472563085
2023-11-15,META,-0.042726656958728904
2023-11-15,TSLA,-0.40766398610916843
2023-11-15,AMD,-0.2712000658942936
2023-11-15,NFLX,-0.3321574534814731
2023-11-15,CRM,-0.29210221716617635
2023-11-15,ORCL,-0.09654041359198884
2023-11-15,ADBE,-0.1351889219732061
2023-11-15,AVGO,0.0
2023-11-15,QCOM,-0.2900809302089873
2023-11-15,INTC,-0.227199332616563
2023-11-15,BTC-USD,-0.43936125044718455
2023-11-15,ETH-USD,-0.571826470512133
2023-11-15,SOL-USD,-0.7362452402102859
2023-11-16,AAPL,-0.031731066660402374
2023-11-16,MSFT,0.0
2023-11-16,NVDA,-0.0035442347433323196
2023-11-16,GOOGL,-0.08614939015676981
2023-11-16,AMZN,-0.22712290037138216
2023-11-16,META,-0.03846827216112181
2023-11-16,TSLA,-0.430226612575636
2023-11-16,AMD,-0.2598974793359379
2023-11-16,NFLX,-0.3249143321414598
2023-11-16,CRM,-0.28555293098704815
2023-11-16,ORCL,-0.09170858690900818
2023-11-16,ADBE,-0.12538314884555712
2023-11-16,AVGO,-0.016249740232331722
2023-11-16,QCOM,-0.2912925240843678
2023-11-16,INTC,-0.17505772109007434
2023-11-16,BTC-USD,-0.46490355497577973
2023-11-16,ETH-USD,-0.5925091487652909
2023-11-16,SOL-USD,-0.7670863285605192
2023-11-17,AAPL,-0.03183315081684668
2023-11-17,MSFT,-0.016800912112250987
2023-11-17,NVDA,-0.007209518070989462
2023-11-17,GOOGL,-0.09696107452319025
2023-11-17,AMZN,-0.21440670569980036
2023-11-17,META,-0.03602261292923914
2023-11-17,TSLA,-0.4284947621676718
2023-11-17,AMD,-0.25501821988526163
2023-11-17,NFLX,-0.3264178972281303
2023-11-17,CRM,-0.28629496636032725
2023-11-17,ORCL,-0.08624315370628
2023-11-17,ADBE,-0.12451156003402652
2023-11-17,AVGO,0.0
2023-11-17,QCOM,-0.28705221412692317
2023-11-17,INTC,-0.16630397800106467
2023-11-17,BTC-USD,-0.4583631552742805
2023-11-17,ETH-USD,-0.5924261972541274
2023-11-17,SOL-USD,-0.7648947603239957
2023-11-20,AAPL,-0.022850060367604064
2023-11-20,MSFT,0.0
2023-11-20,NVDA,0.0
2023-11-20,GOOGL,-0.09068756711811987
2023-11-20,AMZN,-0.20926603028308655
2023-11-20,META,-0.021837895759725612
2023-11-20,TSLA,-0.4253237910042038
2023-11-20,AMD,-0.2493978381167954
2023-11-20,NFLX,-0.31404242543033023
2023-11-20,CRM,-0.2736803650145797
2023-11-20,ORCL,-0.07388657906870433
2023-11-20,ADBE,-0.10992632370223265
2023-11-20,AVGO,0.0
2023-11-20,QCOM,-0.28683209119294284
2023-11-20,INTC,-0.14860625223224389
2023-11-20,BTC-USD,-0.44533496582203225
2023-11-20,ETH-USD,-0.5797584360672157
2023-11-20,SOL-USD,-0.7724696157992623
2023-11-21,AAPL,-0.026984350459402395
2023-11-21,MSFT,-0.011577996826441561
2023-11-21,NVDA,-0.00922461962058796
2023-11-21,GOOGL,-0.08588251113829248
2023-11-21,AMZN,-0.2213329938142632
2023-11-21,META,-0.030440740787690435
2023-11-21,TSLA,-0.4116642773128304
2023-11-21,AMD,-0.2640355693476182
2023-11-21,NFLX,-0.31334846807106764
2023-11-21,CRM,-0.2762936178436054
2023-11-21,ORCL,-0.0805400712773029
2023-11-21,ADBE,-0.11241048481440474
2023-11-21,AVGO,-0.014572489211580608
2023-11-21,QCOM,-0.3005436861875165
2023-11-21,INTC,-0.16953908095739212
2023-11-21,BTC-USD,-0.4699497742628421
2023-11-21,ETH-USD,-0.597458106950119
2023-11-21,SOL-USD,-0.7907149211059386
2023-11-22,AAPL,-0.023564728292178594
2023-11-22,MSFT,0.0
2023-11-22,NVDA,-0.03358547875536744
2023-11-22,GOOGL,-0.07573822992593804
2023-11-22,AMZN,-0.20612754307999126
2023-11-22,META,-0.01746489146207053
2023-11-22,TSLA,-0.42871428149255575
2023-11-22,AMD,-0.2433450721680107
2023-11-22,NFLX,-0.3089389737769822
2023-11-22,CRM,-0.27784230501642204
2023-11-22,ORCL,-0.07927292061293278
2023-11-22,ADBE,-0.09972837994249817
2023-11-22,AVGO,-0.023812130124474584
2023-11-22,QCOM,-0.29790042027050645
2023-11-22,INTC,-0.1689682150546019
2023-11-22,BTC-USD,-0.44599530742364557
2023-11-22,ETH-USD,-0.5709917297089695
2023-11-22,SOL-USD,-0.7682246863321224
2023-11-24,AAPL,-0.030403972626625864
2023-11-24,MSFT,-0.001111643725610123
2023-11-24,NVDA,-0.052232743524910585
2023-11-24,GOOGL,-0.08775117828731516
2023-11-24,AMZN,-0.20596521465292317
2023-11-24,META,-0.026844365600569353
2023-11-24,TSLA,-0.4256896937649589
2023-11-24,AMD,-0.24458035456633687
2023-11-24,NFLX,-0.3066835985717814
2023-11-24,CRM,-0.27610011974106086
2023-11-24,ORCL,-0.07919357945393324
2023-11-24,ADBE,-0.10014963309037017
2023-11-24,AVGO,-0.01691249644119297
2023-11-24,QCOM,-0.29652381253816995
2023-11-24,INTC,-0.1634495013567261
2023-11-24,BTC-USD,-0.44173372797348553
2023-11-24,ETH-USD,-0.5675157316145713
2023-11-24,SOL-USD,-0.7711309791571799
2023-11-27,AAPL,-0.03132265120516042
2023-11-27,MSFT,0.0
2023-11-27,NVDA,-0.04298831376139278
2023-11-27,GOOGL,-0.08961984543633794
2023-11-27,AMZN,-0.20060821142394158
2023-11-27,META,-0.03700091208046097
2023-11-27,TSLA,-0.4241529840522076
2023-11-27,AMD,-0.24248039804978527
2023-11-27,NFLX,-0.30724745616067917
2023-11-27,CRM,-0.27477728905195065
2023-11-27,ORCL,-0.07745094321169022
2023-11-27,ADBE,-0.10038202721804279
2023-11-27,AVGO,-0.04566583788112677
2023-11-27,QCOM,-0.2940457843167714
2023-11-27,INTC,-0.16116589061517794
2023-11-27,BTC-USD,-0.4486322800320146
2023-11-27,ETH-USD,-0.5786823494912054
2023-11-27,SOL-USD,-0.7783827170312115
2023-11-28,AAPL,-0.028209360336733935
2023-11-28,MSFT,0.0
2023-11-28,NVDA,-0.05134014857910796
2023-11-28,GOOGL,-0.08434764837023889
2023-11-28,AMZN,-0.20439601233530924
2023-11-28,META,-0.024657819128656056
2023-11-28,TSLA,-0.3981998670973881
2023-11-28,AMD,-0.24643320748201802
2023-11-28,NFLX,-0.3074932062991893
2023-11-28,CRM,-0.27435793446569945
2023-11-28,ORCL,-0.07927292061293278
2023-11-28,ADBE,-0.09449858107469467
2023-11-28,AVGO,-0.04957263049533467
2023-11-28,QCOM,-0.3029115410225971
2023-11-28,INTC,-0.1583114875360332
2023-11-28,BTC-USD,-0.4400938006515309
2023-11-28,ETH-USD,-0.5741269924217326
2023-11-28,SOL-USD,-0.7657864887529098
2023-11-29,AAPL,-0.033466339661026745
2023-11-29,MSFT,-0.01006003245917908
2023-11-29,NVDA,-0.04501183257560171
2023-11-29,GOOGL,-0.09909651788675411
2023-11-29,AMZN,-0.20823789519974378
2023-11-29,META,-0.04419392839321812
2023-11-29,TSLA,-0.40449301494570045
2023-11-29,AMD,-0.23506889214465
2023-11-29,NFLX,-0.3101099820110458
2023-11-29,CRM,-0.2568395584169618
2023-11-29,ORCL,-0.07951044508893179
2023-11-29,ADBE,-0.10311312371578085
2023-11-29,AVGO,-0.05511625674194587
2023-11-29,QCOM,-0.29116314534139376
2023-11-29,INTC,-0.144800283373126
2023-11-29,BTC-USD,-0.43968818371256047
2023-11-29,ETH-USD,-0.5781603637893062
2023-11-29,SOL-USD,-0.7615373986438456
2023-11-30,AAPL,-0.0305060567830705
2023-11-30,MSFT,-0.009903413295981434
2023-11-30,NVDA,-0.07218952705295112
2023-11-30,GOOGL,-0.11551430650417893
2023-11-30,AMZN,-0.20948252323108885
2023-11-30,META,-0.05872383375545165
2023-11-30,TSLA,-0.4143961726072487
2023-11-30,AMD,-0.25168302809158927
2023-11-30,NFLX,-0.3147652815940316
2023-11-30,CRM,-0.18731449115668009
2023-11-30,ORCL,-0.07951044508893179
2023-11-30,ADBE,-0.11238140229861826
2023-11-30,AVGO,-0.0702813462149291
2023-11-30,QCOM,-0.28484561265938324
2023-11-30,INTC,-0.1493675048562222
2023-11-30,BTC-USD,-0.4418452495064493
2023-11-30,ETH-USD,-0.5734582561106345
2023-11-30,SOL-USD,-0.7615716356604167
2023-12-01,AAPL,-0.023921983425001514
2023-12-01,MSFT,-0.021400546709201662
2023-12-01,NVDA,-0.07228880547039263
2023-12-01,GOOGL,-0.11998586651484577
2023-12-01,AMZN,-0.20439601233530924
2023-12-01,META,-0.0654276118464262
2023-12-01,TSLA,-0.4174451761837984
2023-12-01,AMD,-0.25026251223502094
2023-12-01,NFLX,-0.32666364736664055
2023-12-01,CRM,-0.161181912698392
2023-12-01,ORCL,-0.07198551000896192
2023-12-01,ADBE,-0.1102605066351583
2023-12-01,AVGO,-0.06599296873893123
2023-12-01,QCOM,-0.2814098235981277
2023-12-01,INTC,-0.16763602296263957
2023-12-01,BTC-USD,-0.42740023361130663
2023-12-01,ETH-USD,-0.5662714082122504
2023-12-01,SOL-USD,-0.7593082618066275
2023-12-04,AAPL,-0.03316000836222954
2023-12-04,MSFT,-0.035432418342408956
2023-12-04,NVDA,-0.09718522157265364
2023-12-04,GOOGL,-0.1372711147462583
2023-12-04,AMZN,-0.21624648291848358
2023-12-04,META,-0.07923833081740728
2023-12-04,TSLA,-0.4253725854828275
2023-12-04,AMD,-0.26767959352117354
2023-12-04,NFLX,-0.3437811703111331
2023-12-04,CRM,-0.19131499042894273
2023-12-04,ORCL,-0.0829165011646682
2023-12-04,ADBE,-0.12175138102050198
2023-12-04,AVGO,-0.07204893657657507
2023-12-04,QCOM,-0.27985808450159955
2023-12-04,INTC,-0.19408756538566374
2023-12-04,BTC-USD,-0.378687755201621
2023-12-04,ETH-USD,-0.5338372658776042
2023-12-04,SOL-USD,-0.7523752813039175
2023-12-05,AAPL,-0.012795441008285557
2023-12-05,MSFT,-0.026600498395895622
2023-12-05,NVDA,-0.07615519888358835
2023-12-05,GOOGL,-0.12579192442183584
2023-12-05,AMZN,-0.2052076544706497
2023-12-05,META,-0.08421563606775151
2023-12-05,TSLA,-0.41771348998730595
2023-12-05,AMD,-0.2688531000192821
2023-12-05,NFLX,-0.3419740023266846
2023-12-05,CRM,-0.19015355030137948
2023-12-05,ORCL,-0.09281761663150367
2023-12-05,ADBE,-0.1251507547178845
2023-12-05,AVGO,-0.08294599026812177
2023-12-05,QCOM,-0.2754247808552409
2023-12-05,INTC,-0.2022703690066896
2023-12-05,BTC-USD,-0.34759926341443903
2023-12-05,ETH-USD,-0.5233166804580953
2023-12-05,SOL-USD,-0.7545155400743511
2023-12-06,AAPL,-0.018409675465401176
2023-12-06,MSFT,-0.036320904276533894
2023-12-06,NVDA,-0.09724465200144305
2023-12-06,GOOGL,-0.13226569389470044
2023-12-06,AMZN,-0.21797801366316572
2023-12-06,META,-0.08663257393999357
2023-12-06,TSLA,-0.4161280230152129
2023-12-06,AMD,-0.2784880671201988
2023-12-06,NFLX,-0.35414707219263286
2023-12-06,CRM,-0.19625107334506187
2023-12-06,ORCL,-0.11261984756517451
2023-12-06,ADBE,-0.13462234491260794
2023-12-06,AVGO,-0.09246669482843684
2023-12-06,QCOM,-0.27980257251499463
2023-12-06,INTC,-0.21463969423362905
2023-12-06,BTC-USD,-0.3525455237950761
2023-12-06,ETH-USD,-0.5362383950328533
2023-12-06,SOL-USD,-0.7508606234084777
2023-12-07,AAPL,-0.008456982603598617
2023-12-07,MSFT,-0.030702894261866454
2023-12-07,NVDA,-0.07556005968545587
2023-12-07,GOOGL,-0.08614939015676981
2023-12-07,AMZN,-0.2052076544706497
2023-12-07,META,-0.06033506657283172
2023-12-07,TSLA,-0.40815181923756005
2023-12-07,AMD,-0.207152169639355
2023-12-07,NFLX,-0.3465280457933544
2023-12-07,CRM,-0.19715449927988804
2023-12-07,ORCL,-0.10596623060632626
2023-12-07,ADBE,-0.11562091082538128
2023-12-07,AVGO,-0.07376650378272409
2023-12-07,QCOM,-0.26328838324830894
2023-12-07,INTC,-0.1978934606795878
2023-12-07,BTC-USD,-0.359261559793695
2023-12-07,ETH-USD,-0.5100713281526268
2023-12-07,SOL-USD,-0.7269746851806532
2023-12-08,AAPL,-0.0011073174869292712
2023-12-08,MSFT,-0.022132169144461145
2023-12-08,NVDA,-0.05750618839263766
2023-12-08,GOOGL,-0.09909651788675411
2023-12-08,AMZN,-0.20228566021555672
2023-12-08,META,-0.04261141693547876
2023-12-08,TSLA,-0.40522478324792865
2023-12-08,AMD,-0.20375520194546493
2023-12-08,NFLX,-0.34398357224298504
2023-12-08,CRM,-0.19083101941643343
2023-12-08,ORCL,-0.10010484011009957
2023-12-08,ADBE,-0.11383410942864025
2023-12-08,AVGO,-0.05163165322808838
2023-12-08,QCOM,-0.2631222054303437
2023-12-08,INTC,-0.1874270463170138
2023-12-08,BTC-USD,-0.3463271432426739
2023-12-08,ETH-USD,-0.5098318595699408
2023-12-08,SOL-USD,-0.6981394714725817
2023-12-11,AAPL,-0.01402037205615303
2023-12-11,MSFT,-0.02978826441126381
2023-12-11,NVDA,-0.07494495854253214
2023-12-11,GOOGL,-0.11044226870193785
2023-12-11,AMZN,-0.2105647402674985
2023-12-11,META,-0.06410412450248448
2023-12-11,TSLA,-0.41522549264744246
2023-12-11,AMD,-0.16984744227039772
2023-12-11,NFLX,-0.335121235448156
2023-12-11,CRM,-0.18666922991868962
2023-12-11,ORCL,-0.08806513110752279
2023-12-11,ADBE,-0.09176748457695671
2023-12-11,AVGO,0.0
2023-12-11,QCOM,-0.24577663462878907
2023-12-11,INTC,-0.15241222109136177
2023-12-11,BTC-USD,-0.38958460570402864
2023-12-11,ETH-USD,-0.537710213588726
2023-12-11,SOL-USD,-0.7167948993907653
2023-12-12,AAPL,-0.006211288820752503
2023-12-12,MSFT,-0.021740336178187825
2023-12-12,NVDA,-0.054510302754391615
2023-12-12,GOOGL,-0.11558112906273443
2023-12-12,AMZN,-0.20196100336142053
2023-12-12,META,-0.0383820194360277
2023-12-12,TSLA,-0.4218845432565098
2023-12-12,AMD,-0.15008339510923352
2023-12-12,NFLX,-0.3306249895903639
2023-12-12,CRM,-0.1726349735805106
2023-12-12,ORCL,-0.20149248704094402
2023-12-12,ADBE,-0.07947763900334215
2023-12-12,AVGO,0.0
2023-12-12,QCOM,-0.2425627592107592
2023-12-12,INTC,-0.16192706967396264
2023-12-12,BTC-USD,-0.3865299910250892
2023-12-12,ETH-USD,-0.5423944118585654
2023-12-12,SOL-USD,-0.7241459399657753
2023-12-13,AAPL,0.0
2023-12-13,MSFT,-0.021766235758997388
2023-12-13,NVDA,-0.04595953159714006
2023-12-13,GOOGL,-0.11524732468176524
2023-12-13,AMZN,-0.19460181191882042
2023-12-13,META,-0.036885760703382675
2023-12-13,TSLA,-0.416323163710426
2023-12-13,AMD,-0.14650114683589588
2023-12-13,NFLX,-0.30607639277622545
2023-12-13,CRM,-0.16982832298500594
2023-12-13,ORCL,-0.18422493168676313
2023-12-13,ADBE,-0.09313303282582575
2023-12-13,AVGO,0.0
2023-12-13,QCOM,-0.23081409492316918
2023-12-13,INTC,-0.15184135518857145
2023-12-13,BTC-USD,-0.3652100686426887
2023-12-13,ETH-USD,-0.5302145425414415
2023-12-13,SOL-USD,-0.7151825662041036
2023-12-14,AAPL,0.0
2023-12-14,MSFT,-0.04382021748969389
2023-12-14,NVDA,-0.040761684056455416
2023-12-14,GOOGL,-0.11945190287001861
2023-12-14,AMZN,-0.20228566021555672
2023-12-14,META,-0.04140299232244371
2023-12-14,TSLA,-0.3876381142419061
2023-12-14,AMD,-0.1476746533340043
2023-12-14,NFLX,-0.3207505879858846
2023-12-14,CRM,-0.17018326181713028
2023-12-14,ORCL,-0.20545305797792834
2023-12-14,ADBE,-0.1506892822240038
2023-12-14,AVGO,0.0
2023-12-14,QCOM,-0.21585164475301155
2023-12-14,INTC,-0.14023313545522342
2023-12-14,BTC-USD,-0.36323823612594663
2023-12-14,ETH-USD,-0.5185916406185392
2023-12-14,SOL-USD,-0.6956526358357471
2023-12-15,AAPL,-0.002725822089044372
2023-12-15,MSFT,-0.031277734643482935
2023-12-15,NVDA,-0.030048343579832437
2023-12-15,GOOGL,-0.11504706261397102
2023-12-15,AMZN,-0.18848716593969805
2023-12-15,META,-0.03636780112195914
2023-12-15,TSLA,-0.3816620746757251
2023-12-15,AMD,-0.14057197980875202
2023-12-15,NFLX,-0.3175266064784722
2023-12-15,CRM,-0.15602007363463188
2023-12-15,ORCL,-0.1816111020736485
2023-12-15,ADBE,-0.15063120585863732
2023-12-15,AVGO,0.0
2023-12-15,QCOM,-0.20681868057140462
2023-12-15,INTC,-0.121583917471623
2023-12-15,BTC-USD,-0.3794327930426289
2023-12-15,ETH-USD,-0.5387994404958623
2023-12-15,SOL-USD,-0.7087382385101033
2023-12-18,AAPL,-0.01120585429621801
2023-12-18,MSFT,-0.02626070892690946
2023-12-18,NVDA,-0.00649878949400573
2023-12-18,GOOGL,-0.09369077850748009
2023-12-18,AMZN,-0.1663013451378963
2023-12-18,META,-0.008459060937417329
2023-12-18,TSLA,-0.38512573827237173
2023-12-18,AMD,-0.14211604746575557
2023-12-18,NFLX,-0.2971996065791769
2023-12-18,CRM,-0.14959976946785558
2023-12-18,ORCL,-0.16830386815595177
2023-12-18,ADBE,-0.129639570096577
2023-12-18,AVGO,0.0
2023-12-18,QCOM,-0.21502021845041153
2023-12-18,INTC,-0.1305279737166276
2023-12-18,BTC-USD,-0.3691647181713845
2023-12-18,ETH-USD,-0.53922835308019
2023-12-18,SOL-USD,-0.7007767350414176
2023-12-19,AAPL,-0.005905687990198194
2023-12-19,MSFT,-0.02466682591922542
2023-12-19,NVDA,-0.015883028771993546
2023-12-19,GOOGL,-0.08801816010972885
2023-12-19,AMZN,-0.16781654807031066
2023-12-19,META,0.0
2023-12-19,TSLA,-0.3725882370543707
2023-12-19,AMD,-0.1343957091807375
2023-12-19,NFLX,-0.28433257935396616
2023-12-19,CRM,-0.14718036591760442
2023-12-19,ORCL,-0.1584027526891164
2023-12-19,ADBE,-0.12163513962356232
2023-12-19,AVGO,-0.0019005340459442577
2023-12-19,QCOM,-0.20626472466636625
2023-12-19,INTC,-0.11206899532382841
2023-12-19,BTC-USD,-0.37438934878593577
2023-12-19,ETH-USD,-0.5474162506830182
2023-12-19,SOL-USD,-0.7062397960640634
2023-12-20,AAPL,-0.016556461252381305
2023-12-20,MSFT,-0.03156515483429112
2023-12-20,NVDA,-0.045503367003239203
2023-12-20,GOOGL,-0.07673923185310061
2023-12-20,AMZN,-0.1768531883045259
2023-12-20,META,-0.0030823936160015997
2023-12-20,TSLA,-0.39717540636198123
2023-12-20,AMD,-0.1633006104834881
2023-12-20,NFLX,-0.2926455631125072
2023-12-20,CRM,-0.1603755619070515
2023-12-20,ORCL,-0.17503663914842493
2023-12-20,ADBE,-0.13409939162568962
2023-12-20,AVGO,-0.02747522228552768
2023-12-20,QCOM,-0.22172579782588198
2023-12-20,INTC,-0.1291959287550526
2023-12-20,BTC-USD,-0.35393962967682224
2023-12-20,ETH-USD,-0.542420743255687
2023-12-20,SOL-USD,-0.6692068895317328
2023-12-21,AAPL,-0.017313694691086345
2023-12-21,MSFT,-0.023935122038743373
2023-12-21,NVDA,-0.028064369150552437
2023-12-21,GOOGL,-0.0628576163427006
2023-12-21,AMZN,-0.16754597316924136
2023-12-21,META,0.0
2023-12-21,TSLA,-0.37922287181448544
2023-12-21,AMD,-0.13587795381631818
2023-12-21,NFLX,-0.28926252787990103
2023-12-21,CRM,-0.13779192025771114
2023-12-21,ORCL,-0.16149188075472898
2023-12-21,ADBE,-0.12817232170866166
2023-12-21,AVGO,-0.012664798838846525
2023-12-21,QCOM,-0.21064238202292662
2023-12-21,INTC,-0.10407643129360344
2023-12-21,BTC-USD,-0.35072943985780747
2023-12-21,ETH-USD,-0.5346006227197847
2023-12-21,SOL-USD,-0.6222647464050364
2023-12-22,AAPL,-0.022765027025897555
2023-12-22,MSFT,-0.021217783629526532
2023-12-22,NVDA,-0.03123862197609728
2023-12-22,GOOGL,-0.05571654651970637
2023-12-22,AMZN,-0.16981865371606197
2023-12-22,META,-0.0019766381333059524
2023-12-22,TSLA,-0.38400372579899933
2023-12-22,AMD,-0.13779258263221694
2023-12-22,NFLX,-0.29627434848362344
2023-12-22,CRM,-0.14072785387376474
2023-12-22,ORCL,-0.15879883473286482
2023-12-22,ADBE,-0.13019160589928191
2023-12-22,AVGO,-0.017315472985619307
2023-12-22,QCOM,-0.20482356186573636
2023-12-22,INTC,-0.08656909224597098
2023-12-22,BTC-USD,-0.34882391900426357
2023-12-22,ETH-USD,-0.5165248035165353
2023-12-22,SOL-USD,-0.605566846776915
2023-12-26,AAPL,-0.025541445686724007
2023-12-26,MSFT,-0.0210085508524831
2023-12-26,NVDA,-0.022330736939593976
2023-12-26,GOOGL,-0.0555163872558484
2023-12-26,AMZN,-0.16987273566912886
2023-12-26,META,0.0
2023-12-26,TSLA,-0.3740761895077802
2023-12-26,AMD,-0.11426100661826755
2023-12-26,NFLX,-0.289869733675457
2023-12-26,CRM,-0.14111474974278848
2023-12-26,ORCL,-0.15887811351673953
2023-12-26,ADBE,-0.13090341820639972
2023-12-26,AVGO,-0.008635817824673042
2023-12-26,QCOM,-0.19390659248713304
2023-12-26,INTC,-0.038994555072191406
2023-12-26,BTC-USD,-0.3706911583138638
2023-12-26,ETH-USD,-0.5362791351328315
2023-12-26,SOL-USD,-0.5465125990685689
2023-12-27,AAPL,-0.025036727342013232
2023-12-27,MSFT,-0.02255039036287998
2023-12-27,NVDA,-0.019592838565020032
2023-12-27,GOOGL,-0.06319152352760604
2023-12-27,AMZN,-0.17025155704419925
2023-12-27,META,0.0
2023-12-27,TSLA,-0.3622947980023965
2023-12-27,AMD,-0.09783210412957055
2023-12-27,NFLX,-0.28900227318878124
2023-12-27,CRM,-0.13950174715191066
2023-12-27,ORCL,-0.16085827423498156
2023-12-27,ADBE,-0.13407030910990303
2023-12-27,AVGO,-0.01364584819199155
2023-12-27,QCOM,-0.19246569829289006
2023-12-27,INTC,-0.03404685440749311
2023-12-27,BTC-USD,-0.3570387026548022
2023-12-27,ETH-USD,-0.5056739848333183
2023-12-27,SOL-USD,-0.569263848873203
2023-12-28,AAPL,-0.02286614220864247
2023-12-28,MSFT,-0.019388523928321355
2023-12-28,NVDA,-0.017509813421090814
2023-12-28,GOOGL,-0.06412580570014925
2023-12-28,AMZN,-0.17003506409619695
2023-12-28,META,0.0
2023-12-28,TSLA,-0.38244263745657714
2023-12-28,AMD,-0.08121801530383654
2023-12-28,NFLX,-0.29085284453027804
2023-12-28,CRM,-0.14317966597321063
2023-12-28,ORCL,-0.1584027526891164
2023-12-28,ADBE,-0.13488382155606715
2023-12-28,AVGO,-0.016938870414910157
2023-12-28,QCOM,-0.19168978397689485
2023-12-28,INTC,-0.04108777909255146
2023-12-28,BTC-USD,-0.3691008346597593
2023-12-28,ETH-USD,-0.5121522188134027
2023-12-28,SOL-USD,-0.5890621483221251
2023-12-29,AAPL,-0.028166308514662397
2023-12-29,MSFT,-0.01740264506391842
2023-12-29,NVDA,-0.017509813421090814
2023-12-29,GOOGL,-0.0677294948810836
2023-12-29,AMZN,-0.17782715886693445
2023-12-29,META,-0.012168054752678015
2023-12-29,TSLA,-0.3939068834605477
2023-12-29,AMD,-0.08955592410620972
2023-12-29,NFLX,-0.2961008453562103
2023-12-29,CRM,-0.15105163233735075
2023-12-29,ORCL,-0.16489787445534043
2023-12-29,ADBE,-0.1333149616953121
2023-12-29,AVGO,-0.02233416088329898
2023-12-29,QCOM,-0.19850620825465026
2023-12-29,INTC,-0.0437520161460887
2023-12-29,BTC-USD,-0.3769220265029275
2023-12-29,ETH-USD,-0.5218934151720597
2023-12-29,SOL-USD,-0.5721305465118314
2024-01-02,AAPL,-0.06294486392562659
2024-01-02,MSFT,-0.030911801258019067
2024-01-02,NVDA,-0.044372367233902144
2024-01-02,GOOGL,-0.0778736732895019
2024-01-02,AMZN,-0.18870365888770035
2024-01-02,META,-0.03357347861912474
2024-01-02,TSLA,-0.39405322967713685
2024-01-02,AMD,-0.14409240506066667
2024-01-02,NFLX,-0.32267346148886866
2024-01-02,CRM,-0.17366748186375447
2024-01-02,ORCL,-0.175749462076922
2024-01-02,ADBE,-0.15732816444814945
2024-01-02,AVGO,-0.04937155949056338
2024-01-02,QCOM,-0.22288949022895022
2024-01-02,INTC,-0.09037506110508897
2024-01-02,BTC-USD,-0.3346147806905062
2024-01-02,ETH-USD,-0.5104335751188084
2024-01-02,SOL-USD,-0.5709243288239754
2024-01-03,AAPL,-0.06996110378799147
2024-01-03,MSFT,-0.03161744266724631
2024-01-03,NVDA,-0.056256251864790996
2024-01-03,GOOGL,-0.07286835524188018
2024-01-03,AMZN,-0.19660391756457174
2024-01-03,META,-0.038652823553618876
2024-01-03,TSLA,-0.4183720851812397
2024-01-03,AMD,-0.16422701338072598
2024-01-03,NFLX,-0.3201289327881093
2024-01-03,CRM,-0.1875080394272577
2024-01-03,ORCL,-0.18842296472462128
2024-01-03,ADBE,-0.16935662204451152
2024-01-03,AVGO,-0.07284432303746824
2024-01-03,QCOM,-0.23746434138295935
2024-01-03,INTC,-0.10464744432678086
2024-01-03,BTC-USD,-0.3658400583496386
2024-01-03,ETH-USD,-0.5405815027769731
2024-01-03,SOL-USD,-0.6031892932405076
2024-01-04,AAPL,-0.08177279161166529
2024-01-04,MSFT,-0.03856805941526731
2024-01-04,NVDA,-0.04774502509246825
2024-01-04,GOOGL,-0.08975328494557666
2024-01-04,AMZN,-0.21770743876209642
2024-01-04,META,-0.03125723610824138
2024-01-04,TSLA,-0.41964048109048324
2024-01-04,AMD,-0.159965465811021
2024-01-04,NFLX,-0.31375327193477165
2024-01-04,CRM,-0.1894436726371308
2024-01-04,ORCL,-0.18739327616112544
2024-01-04,ADBE,-0.17624243965422304
2024-01-04,AVGO,-0.0812261866382149
2024-01-04,QCOM,-0.24538885654171605
2024-01-04,INTC,-0.10807278687390975
2024-01-04,BTC-USD,-0.3461300004601925
2024-01-04,ETH-USD,-0.5284711402306712
2024-01-04,SOL-USD,-0.5770969097945196
2024-01-05,AAPL,-0.08545753177916882
2024-01-05,MSFT,-0.039064468047451006
2024-01-05,NVDA,-0.02594157191890234
2024-01-05,GOOGL,-0.094158022397688
2024-01-05,AMZN,-0.21408196627779685
2024-01-05,META,-0.017777492310217635
2024-01-05,TSLA,-0.4207136990852318
2024-01-05,AMD,-0.14409240506066667
2024-01-05,NFLX,-0.3146351818236668
2024-01-05,CRM,-0.1898309196823844
2024-01-05,ORCL,-0.18628437118887986
2024-01-05,ADBE,-0.17980158985601846
2024-01-05,AVGO,-0.0809896161855691
2024-01-05,QCOM,-0.24228546788412209
2024-01-05,INTC,-0.10769223412711404
2024-01-05,BTC-USD,-0.346385014188499
2024-01-05,ETH-USD,-0.5285523667562814
2024-01-05,SOL-USD,-0.597617717763546
2024-01-08,AAPL,-0.06334870097005074
2024-01-08,MSFT,-0.02093028199349567
2024-01-08,NVDA,0.0
2024-01-08,GOOGL,-0.0734022160827712
2024-01-08,AMZN,-0.19319485546040727
2024-01-08,META,0.0
2024-01-08,TSLA,-0.41349367945876014
2024-01-08,AMD,-0.09715280483320321
2024-01-08,NFLX,-0.2987754738273345
2024-01-08,CRM,-0.15837516176682198
2024-01-08,ORCL,-0.170997101303191
2024-01-08,ADBE,-0.156630893398925
2024-01-08,AVGO,-0.05859423419471643
2024-01-08,QCOM,-0.22953955761781586
2024-01-08,INTC,-0.07800566231295591
2024-01-08,BTC-USD,-0.30482893440915093
2024-01-08,ETH-USD,-0.5151724148427904
2024-01-08,SOL-USD,-0.6064251058353693
2024-01-09,AAPL,-0.06546868953163942
2024-01-09,MSFT,-0.018056080085413262
2024-01-09,NVDA,0.0
2024-01-09,GOOGL,-0.059320441308513217
2024-01-09,AMZN,-0.18091156411696274
2024-01-09,META,-0.003429493974612008
2024-01-09,TSLA,-0.4268848793466259
2024-01-09,AMD,-0.07812987998982934
2024-01-09,NFLX,-0.30302591439622617
2024-01-09,CRM,-0.15685888314319985
2024-01-09,ORCL,-0.1791555181526584
2024-01-09,ADBE,-0.14842306264781768
2024-01-09,AVGO,-0.05190271904170218
2024-01-09,QCOM,-0.2247737640323334
2024-01-09,INTC,-0.08561760003119168
2024-01-09,BTC-USD,-0.3171245158439203
2024-01-09,ETH-USD,-0.5127214133111047
2024-01-09,SOL-USD,-0.5999101854049596
2024-01-10,AAPL,-0.060168601186438964
2024-01-10,MSFT,0.0
2024-01-10,NVDA,0.0
2024-01-10,GOOGL,-0.050444246649671065
2024-01-10,AMZN,-0.16814120492444684
2024-01-10,META,0.0
2024-01-10,TSLA,-0.4293728766864894
2024-01-10,AMD,-0.08257680238139264
2024-01-10,NFLX,-0.3084618677517911
2024-01-10,CRM,-0.1478577346965928
2024-01-10,ORCL,-0.1736689397825555
2024-01-10,ADBE,-0.14140646238327315
2024-01-10,AVGO,-0.053584341248514855
2024-01-10,QCOM,-0.22798790805675007
2024-01-10,INTC,-0.09665480673136218
2024-01-10,BTC-USD,-0.3099013430453229
2024-01-10,ETH-USD,-0.46341300568078325
2024-01-10,SOL-USD,-0.5893501077314554
2024-01-11,AAPL,-0.06319714513716257
2024-01-11,MSFT,0.0
2024-01-11,NVDA,0.0
2024-01-11,GOOGL,-0.05177895015386669
2024-01-11,AMZN,-0.16029502820064234
2024-01-11,META,-0.0021593602006587664
2024-01-11,TSLA,-0.4457643228915631
2024-01-11,AMD,-0.08578839525342441
2024-01-11,NFLX,-0.2883661685887864
2024-01-11,CRM,-0.12446769208787933
2024-01-11,ORCL,-0.1669100336127074
2024-01-11,ADBE,-0.13202203106970278
2024-01-11,AVGO,-0.0365841123049343
2024-01-11,QCOM,-0.22953955761781586
2024-01-11,INTC,-0.09341985090542204
2024-01-11,BTC-USD,-0.31373741783886644
2024-01-11,ETH-USD,-0.4556168827380188
2024-01-11,SOL-USD,-0.5978968338896721
2024-01-12,AAPL,-0.06153143427014185
2024-01-12,MSFT,0.0
2024-01-12,NVDA,-0.0020430260903838704
2024-01-12,GOOGL,-0.047975101709074264
2024-01-12,AMZN,-0.16332526892973642
2024-01-12,META,0.0
2024-01-12,TSLA,-0.46608288719200397
2024-01-12,AMD,-0.09480579183698623
2024-01-12,NFLX,-0.2884673695547123
2024-01-12,CRM,-0.12269314843135604
2024-01-12,ORCL,-0.15235866545176557
2024-01-12,ADBE,-0.13340212057646517
2024-01-12,AVGO,-0.029840102285285663
2024-01-12,QCOM,-0.22305593665330226
2024-01-12,INTC,-0.10331532580001224
2024-01-12,BTC-USD,-0.36576617316605764
2024-01-12,ETH-USD,-0.47539186344608486
2024-01-12,SOL-USD,-0.6308530175708054
2024-01-16,AAPL,-0.07309060699982128
2024-01-16,MSFT,0.0
2024-01-16,NVDA,0.0
2024-01-16,GOOGL,-0.04904272058692005
2024-01-16,AMZN,-0.1712255276066078
2024-01-16,META,-0.018772304838372
2024-01-16,TSLA,-0.4635948898521406
2024-01-16,AMD,-0.019578766581716534
2024-01-16,NFLX,-0.3042547753895576
2024-01-16,CRM,-0.1315328561483834
2024-01-16,ORCL,-0.15259718792976462
2024-01-16,ADBE,-0.13174601316835033
2024-01-16,AVGO,-0.023463899884868633
2024-01-16,QCOM,-0.21795733975457787
2024-01-16,INTC,-0.10445698404039905
2024-01-16,BTC-USD,-0.36129981959990076
2024-01-16,ETH-USD,-0.46225183672910264
2024-01-16,SOL-USD,-0.607083254905489
2024-01-17,AAPL,-0.07788613292194957
2024-01-17,MSFT,-0.0020498264523930443
2024-01-17,NVDA,-0.005835187109227813
2024-01-17,GOOGL,-0.05585008883288134
2024-01-17,AMZN,-0.1790717043304123
2024-01-17,META,-0.016342250853443763
2024-01-17,TSLA,-0.47422981581591706
2024-01-17,AMD,-0.010746744820013032
2024-01-17,NFLX,-0.3055703879465954
2024-01-17,CRM,-0.1242738428091048
2024-01-17,ORCL,-0.15371039678563514
2024-01-17,ADBE,-0.13404131526032315
2024-01-17,AVGO,-0.03335224247901103
2024-01-17,QCOM,-0.2279325751410698
2024-01-17,INTC,-0.12348690190118206
2024-01-17,BTC-USD,-0.367401822316193
2024-01-17,ETH-USD,-0.47457949672024435
2024-01-17,SOL-USD,-0.5892270387068663
2024-01-18,AAPL,-0.047852195018054045
2024-01-18,MSFT,0.0
2024-01-18,NVDA,0.0
2024-01-18,GOOGL,-0.04243582001662549
2024-01-18,AMZN,-0.16938575038792458
2024-01-18,META,0.0
2024-01-18,TSLA,-0.48318168585035304
2024-01-18,AMD,0.0
2024-01-18,NFLX,-0.2983706699636305
2024-01-18,CRM,-0.11453090982938252
2024-01-18,ORCL,-0.13566028311320733
2024-01-18,ADBE,-0.13752775917265203
2024-01-18,AVGO,0.0
2024-01-18,QCOM,-0.19484877415655577
2024-01-18,INTC,-0.11054663720625879
2024-01-18,BTC-USD,-0.38931484962688556
2024-01-18,ETH-USD,-0.4873287634745471
2024-01-18,SOL-USD,-0.6206704068432274
2024-01-19,AAPL,-0.033062403893799885
2024-01-19,MSFT,0.0
2024-01-19,NVDA,0.0
2024-01-19,GOOGL,-0.023081539764459702
2024-01-19,AMZN,-0.15942922154436767
2024-01-19,META,0.0
2024-01-19,TSLA,-0.48242553891845386
2024-01-19,AMD,0.0
2024-01-19,NFLX,-0.30178260400067547
2024-01-19,CRM,-0.0938184354677557
2024-01-19,ORCL,-0.1279472246562381
2024-01-19,ADBE,-0.11159697236824073
2024-01-19,AVGO,0.0
2024-01-19,QCOM,-0.15788549112752814
2024-01-19,INTC,-0.08371461560163274
2024-01-19,BTC-USD,-0.384040846597015
2024-01-19,ETH-USD,-0.4826572489220109
2024-01-19,SOL-USD,-0.624150883606733
2024-01-22,AAPL,-0.021301312641908154
2024-01-22,MSFT,-0.0054179027998622065
2024-01-22,NVDA,0.0
2024-01-22,GOOGL,-0.025684227018231476
2024-01-22,AMZN,-0.16245946227346175
2024-01-22,META,-0.004355242658301894
2024-01-22,TSLA,-0.49069443512928523
2024-01-22,AMD,-0.03472423348513887
2024-01-22,NFLX,-0.2977923629725133
2024-01-22,CRM,-0.09568950241940355
2024-01-22,ORCL,-0.12452794505400189
2024-01-22,ADBE,-0.12316046437684414
2024-01-22,AVGO,0.0
2024-01-22,QCOM,-0.15284276435725763
2024-01-22,INTC,-0.08238242350967029
2024-01-22,BTC-USD,-0.4152845666454762
2024-01-22,ETH-USD,-0.5197871063418079
2024-01-22,SOL-USD,-0.6634452448775743
2024-01-23,AAPL,-0.014789869085073848
2024-01-23,MSFT,0.0
2024-01-23,NVDA,0.0
2024-01-23,GOOGL,-0.018676596704475856
2024-01-23,AMZN,-0.1557495845391339
2024-01-23,META,0.0
2024-01-23,TSLA,-0.4898651150890915
2024-01-23,AMD,-0.03334671239778608
2024-01-23,NFLX,-0.2884239661976641
2024-01-23,CRM,-0.10707844855559212
2024-01-23,ORCL,-0.11077179736168197
2024-01-23,ADBE,-0.13247236673336138
2024-01-23,AVGO,0.0
2024-01-23,QCOM,-0.14935132900620385
2024-01-23,INTC,-0.06963254553593534
2024-01-23,BTC-USD,-0.41027939468262553
2024-01-23,ETH-USD,-0.5343629805923904
2024-01-23,SOL-USD,-0.6608223823497893
2024-01-24,AAPL,-0.018222250080221714
2024-01-24,MSFT,0.0
2024-01-24,NVDA,0.0
2024-01-24,GOOGL,-0.007598033319578201
2024-01-24,AMZN,-0.1511501414924259
2024-01-24,META,0.0
2024-01-24,TSLA,-0.4930604648822303
2024-01-24,AMD,0.0
2024-01-24,NFLX,-0.21226271131009866
2024-01-24,CRM,-0.10672335921936937
2024-01-24,ORCL,-0.09105171446763582
2024-01-24,ADBE,-0.11896220815739744
2024-01-24,AVGO,0.0
2024-01-24,QCOM,-0.14453002343411658
2024-01-24,INTC,-0.06582657667681746
2024-01-24,BTC-USD,-0.40685281030794285
2024-01-24,ETH-USD,-0.5358434748108984
2024-01-24,SOL-USD,-0.6428823699016399
2024-01-25,AAPL,-0.019887960947242656
2024-01-25,MSFT,0.0
2024-01-25,NVDA,0.0
2024-01-25,GOOGL,0.0
2024-01-25,AMZN,-0.14638828745078247
2024-01-25,META,0.0
2024-01-25,TSLA,-0.5545283695416154
2024-01-25,AMD,0.0
2024-01-25,NFLX,-0.18749726316188875
2024-01-25,CRM,-0.09978712700318448
2024-01-25,ORCL,-0.08556513609753269
2024-01-25,ADBE,-0.095573570164318
2024-01-25,AVGO,-0.019037048882962537
2024-01-25,QCOM,-0.1439760675290782
2024-01-25,INTC,-0.057072907153001284
2024-01-25,BTC-USD,-0.40897316476257184
2024-01-25,ETH-USD,-0.5391375883991678
2024-01-25,SOL-USD,-0.6502990288662573
2024-01-26,AAPL,-0.02872154547033612
2024-01-26,MSFT,-0.00232172639503736
2024-01-26,NVDA,-0.009510212566320675
2024-01-26,GOOGL,0.0
2024-01-26,AMZN,-0.13897501405511536
2024-01-26,META,0.0
2024-01-26,TSLA,-0.5530160756778171
2024-01-26,AMD,-0.01707980812832377
2024-01-26,NFLX,-0.17532419329594062
2024-01-26,CRM,-0.0968510930510652
2024-01-26,ORCL,-0.08842771770914626
2024-01-26,ADBE,-0.10813952230549162
2024-01-26,AVGO,-0.03907115764057201
2024-01-26,QCOM,-0.16475724832096383
2024-01-26,INTC,-0.16934876780139752
2024-01-26,BTC-USD,-0.3811035347643086
2024-01-26,ETH-USD,-0.528853173795846
2024-01-26,SOL-USD,-0.6279493808012936
2024-01-29,AAPL,-0.032204367115627464
2024-01-29,MSFT,0.0
2024-01-29,NVDA,0.0
2024-01-29,GOOGL,0.0
2024-01-29,AMZN,-0.1273951183730102
2024-01-29,META,0.0
2024-01-29,TSLA,-0.5342830155687512
2024-01-29,AMD,-0.013863472381829056
2024-01-29,NFLX,-0.16756061772407793
2024-01-29,CRM,-0.0712996109168047
2024-01-29,ORCL,-0.09550461226624296
2024-01-29,ADBE,-0.08446041381937308
2024-01-29,AVGO,-0.028790917245031467
2024-01-29,QCOM,-0.17074224629611934
2024-01-29,INTC,-0.16573311209827413
2024-01-29,BTC-USD,-0.3593269464467702
2024-01-29,ETH-USD,-0.5184908304334128
2024-01-29,SOL-USD,-0.5912270331798144
2024-01-30,AAPL,-0.05083037627945397
2024-01-30,MSFT,-0.0027579909009273207
2024-01-30,NVDA,0.0
2024-01-30,GOOGL,-0.013354235900651101
2024-01-30,AMZN,-0.13962432776338773
2024-01-30,META,-0.0023938301597553613
2024-01-30,TSLA,-0.5326731327477052
2024-01-30,AMD,-0.045860390331547984
2024-01-30,NFLX,-0.18626840216855745
2024-01-30,CRM,-0.07171881499895749
2024-01-30,ORCL,-0.09224432685763106
2024-01-30,ADBE,-0.0877579987115027
2024-01-30,AVGO,-0.03645512679978802
2024-01-30,QCOM,-0.1910249831695715
2024-01-30,INTC,-0.1832405247111003
2024-01-30,BTC-USD,-0.36429442424710534
2024-01-30,ETH-USD,-0.5127907171424498
2024-01-30,SOL-USD,-0.5916041009497623
2024-01-31,AAPL,-0.06920402627092481
2024-01-31,MSFT,-0.029629954212512688
2024-01-31,NVDA,-0.019864801095106355
2024-01-31,GOOGL,-0.08735588677934358
2024-01-31,AMZN,-0.16018678172664125
2024-01-31,META,-0.027130843431383944
2024-01-31,TSLA,-0.5431617124948926
2024-01-31,AMD,-0.07009371297789058
2024-01-31,NFLX,-0.18444678478188958
2024-01-31,CRM,-0.09314096635270175
2024-01-31,ORCL,-0.11180541555805279
2024-01-31,ADBE,-0.10254654665518259
2024-01-31,AVGO,-0.05891362518357013
2024-01-31,QCOM,-0.1770044460624497
2024-01-31,INTC,-0.18019573491076724
2024-01-31,BTC-USD,-0.36977054198886894
2024-01-31,ETH-USD,-0.525664385796063
2024-01-31,SOL-USD,-0.6094908387577767
2024-02-01,AAPL,-0.05678642695897618
2024-02-01,MSFT,-0.014497671979987081
2024-02-01,NVDA,0.0
2024-02-01,GOOGL,-0.08045073443631401
2024-02-01,AMZN,-0.1381092073988407
2024-02-01,META,-0.015560357010903747
2024-02-01,TSLA,-0.5393321461374908
2024-02-01,AMD,-0.05462211503077441
2024-02-01,NFLX,-0.179531285658174
2024-02-01,CRM,-0.0843979826029303
2024-02-01,ORCL,-0.08135094790229958
2024-02-01,ADBE,-0.08783070500096912
2024-02-01,AVGO,-0.0429550362034844
2024-02-01,QCOM,-0.21801285174118268
2024-02-01,INTC,-0.1748673343688859
2024-02-01,BTC-USD,-0.3624715761733117
2024-02-01,ETH-USD,-0.5212421316559709
2024-02-01,SOL-USD,-0.6061987116441783
2024-02-02,AAPL,-0.061884752703603274
2024-02-02,MSFT,0.0
2024-02-02,NVDA,0.0
2024-02-02,GOOGL,-0.07250329684047185
2024-02-02,AMZN,-0.07030728209782511
2024-02-02,META,0.0
2024-02-02,TSLA,-0.5416493814118124
2024-02-02,AMD,-0.014806178349882959
2024-02-02,NFLX,-0.18368052526113987
2024-02-02,CRM,-0.07839728386256928
2024-02-02,ORCL,-0.07928339963393283
2024-02-02,ADBE,-0.0778796079605939
2024-02-02,AVGO,-0.023551097316447445
2024-02-02,QCOM,-0.21479852864584148
2024-02-02,INTC,-0.18933010431176633
2024-02-02,BTC-USD,-0.3608422864677725
2024-02-02,ETH-USD,-0.5203665492830909
2024-02-02,SOL-USD,-0.5957594000569286
2024-02-05,AAPL,-0.05264764297936331
2024-02-05,MSFT,-0.01354523337094371
2024-02-05,NVDA,0.0
2024-02-05,GOOGL,-0.06403506782630897
2024-02-05,AMZN,-0.0784240337226988
2024-02-05,META,-0.032800553525556775
2024-02-05,TSLA,-0.5583579358990174
2024-02-05,AMD,-0.03382690645803088
2024-02-05,NFLX,-0.18741051159818223
2024-02-05,CRM,-0.07049300928530022
2024-02-05,ORCL,-0.07451238869782695
2024-02-05,ADBE,-0.08406815452108096
2024-02-05,AVGO,-0.008589505644500006
2024-02-05,QCOM,-0.201831197181352
2024-02-05,INTC,-0.18609492779024506
2024-02-05,BTC-USD,-0.3686448046690811
2024-02-05,ETH-USD,-0.5222678385068524
2024-02-05,SOL-USD,-0.6154475576417788
2024-02-06,AAPL,-0.04447025467304966
2024-02-06,MSFT,-0.013934221578658645
2024-02-06,NVDA,-0.01599574362092182
2024-02-06,GOOGL,-0.061298755459027965
2024-02-06,AMZN,-0.08470100812888925
2024-02-06,META,-0.04267444899279771
2024-02-06,TSLA,-0.5485035354968109
2024-02-06,AMD,-0.06904007553832436
2024-02-06,NFLX,-0.19634515055449853
2024-02-06,CRM,-0.07784874659183472
2024-02-06,ORCL,-0.08317959944191733
2024-02-06,ADBE,-0.11800337179850706
2024-02-06,AVGO,-0.024899092735577777
2024-02-06,QCOM,-0.20144324002335445
2024-02-06,INTC,-0.18428184002733683
2024-02-06,BTC-USD,-0.36233987785703825
2024-02-06,ETH-USD,-0.5070326646308455
2024-02-06,SOL-USD,-0.6101655075722148
2024-02-07,AAPL,-0.043915017717375826
2024-02-07,MSFT,0.0
2024-02-07,NVDA,0.0
2024-02-07,GOOGL,-0.05191838887404898
2024-02-07,AMZN,-0.07723357021228794
2024-02-07,META,-0.0113684974968562
2024-02-07,TSLA,-0.5424543228223352
2024-02-07,AMD,-0.0520711988815129
2024-02-07,NFLX,-0.19140075262634426
2024-02-07,CRM,-0.06813782081704456
2024-02-07,ORCL,-0.06751508480022994
2024-02-07,ADBE,-0.10535034944238708
2024-02-07,AVGO,0.0
2024-02-07,QCOM,-0.19152351662346734
2024-02-07,INTC,-0.18351845401274225
2024-02-07,BTC-USD,-0.3440831264972156
2024-02-07,ETH-USD,-0.49632146830770296
2024-02-07,SOL-USD,-0.5935910761446601
2024-02-08,AAPL,-0.04941702458478847
2024-02-08,MSFT,0.0
2024-02-08,NVDA,-0.006533455744667793
2024-02-08,GOOGL,-0.04950809795534683
2024-02-08,AMZN,-0.0809672891705886
2024-02-08,META,-0.010505413797261443
2024-02-08,TSLA,-0.5376247115784796
2024-02-08,AMD,-0.06088834700853529
2024-02-08,NFLX,-0.19251396325153025
2024-02-08,CRM,-0.058104214255226494
2024-02-08,ORCL,-0.0722063803265861
2024-02-08,ADBE,-0.10533580818449384
2024-02-08,AVGO,0.0
2024-02-08,QCOM,-0.17883302880830354
2024-02-08,INTC,-0.18886237681048534
2024-02-08,BTC-USD,-0.32952947972574376
2024-02-08,ETH-USD,-0.49711917265634076
2024-02-08,SOL-USD,-0.5863210682931757
2024-02-09,AAPL,-0.04552522048099328
2024-02-09,MSFT,0.0
2024-02-09,NVDA,0.0
2024-02-09,GOOGL,-0.02937915842916461
2024-02-09,AMZN,-0.056021802540762056
2024-02-09,META,-0.014484381434736071
2024-02-09,TSLA,-0.5278434842845676
2024-02-09,AMD,-0.04353133712531121
2024-02-09,NFLX,-0.18848037401670992
2024-02-09,CRM,-0.06020133836271202
2024-02-09,ORCL,-0.07252455583920991
2024-02-09,ADBE,-0.08884752905901927
2024-02-09,AVGO,0.0
2024-02-09,QCOM,-0.16320550922443577
2024-02-09,INTC,-0.17340309275430665
2024-02-09,BTC-USD,-0.3022138151649397
2024-02-09,ETH-USD,-0.4830693175297598
2024-02-09,SOL-USD,-0.5696279280709453
2024-02-12,AAPL,-0.05411751626808414
2024-02-12,MSFT,-0.012578732419168626
2024-02-12,NVDA,0.0
2024-02-12,GOOGL,-0.03895509774522399
2024-02-12,AMZN,-0.06743936979579912
2024-02-12,META,-0.012821326949999379
2024-02-12,TSLA,-0.5411127538047968
2024-02-12,AMD,-0.04669216482808969
2024-02-12,NFLX,-0.1934970741063513
2024-02-12,CRM,-0.07304154535200202
2024-02-12,ORCL,-0.07888582058718441
2024-02-12,ADBE,-0.11117563055416202
2024-02-12,AVGO,-0.014367675926004075
2024-02-12,QCOM,-0.15156804798097978
2024-02-12,INTC,-0.1596614824048609
2024-02-12,BTC-USD,-0.26061021299051845
2024-02-12,ETH-USD,-0.4476168563558869
2024-02-12,SOL-USD,-0.5492654087301014
2024-02-13,AAPL,-0.06478177675202124
2024-02-13,MSFT,-0.03383663382480495
2024-02-13,NVDA,-0.0016609263760467563
2024-02-13,GOOGL,-0.05452415217866413
2024-02-13,AMZN,-0.08746067395691404
2024-02-13,META,-0.031305756903193926
2024-02-13,TSLA,-0.5511378790532636
2024-02-13,AMD,-0.04874401627942615
2024-02-13,NFLX,-0.19831137226414086
2024-02-13,CRM,-0.09294751841818993
2024-02-13,ORCL,-0.09606118550661591
2024-02-13,ADBE,-0.12563008423112298
2024-02-13,AVGO,-0.02476937842842486
2024-02-13,QCOM,-0.16852570639226794
2024-02-13,INTC,-0.17626595583072224
2024-02-13,BTC-USD,-0.26380381044045054
2024-02-13,ETH-USD,-0.4509274080417812
2024-02-13,SOL-USD,-0.5469047127023017
2024-02-14,AAPL,-0.06927980418736912
2024-02-14,MSFT,-0.024498359685681037
2024-02-14,NVDA,0.0
2024-02-14,GOOGL,-0.04931292660493569
2024-02-14,AMZN,-0.07479856123839923
2024-02-14,META,-0.003599965829513496
2024-02-14,TSLA,-0.539698011678964
2024-02-14,AMD,-0.00903901107004701
2024-02-14,NFLX,-0.1624427166685105
2024-02-14,CRM,-0.06713767091496259
2024-02-14,ORCL,-0.09144923113925918
2024-02-14,ADBE,-0.12160614577398243
2024-02-14,AVGO,-0.016533701452537852
2024-02-14,QCOM,-0.14691318883324456
2024-02-14,INTC,-0.15660779121609514
2024-02-14,BTC-USD,-0.23295651504286152
2024-02-14,ETH-USD,-0.42272404645081685
2024-02-14,SOL-USD,-0.5292081361890179
2024-02-15,AAPL,-0.0707454675918433
2024-02-15,MSFT,-0.031478367002318874
2024-02-15,NVDA,-0.016806499080369575
2024-02-15,GOOGL,-0.06996305893010779
2024-02-15,AMZN,-0.08118369955072358
2024-02-15,META,0.0
2024-02-15,TSLA,-0.5110617939083499
2024-02-15,AMD,-0.01979707917689355
2024-02-15,NFLX,-0.14201446065289902
2024-02-15,CRM,-0.058136522468355545
2024-02-15,ORCL,-0.1032177954734621
2024-02-15,ADBE,-0.1422635986031171
2024-02-15,AVGO,-0.014313213550336878
2024-02-15,QCOM,-0.13560817276118142
2024-02-15,INTC,-0.15927975261496674
2024-02-15,BTC-USD,-0.23130097817507989
2024-02-15,ETH-USD,-0.4130657508684541
2024-02-15,SOL-USD,-0.5423966648539983
2024-02-16,AAPL,-0.07857943848875759
2024-02-16,MSFT,-0.03743373373248737
2024-02-16,NVDA,-0.017415617026228847
2024-02-16,GOOGL,-0.08461997579273184
2024-02-16,AMZN,-0.08275298443620482
2024-02-16,META,-0.022126543564682133
2024-02-16,TSLA,-0.5122813953389698
2024-02-16,AMD,-0.03582324986565111
2024-02-16,NFLX,-0.15576339776700487
2024-02-16,CRM,-0.06529881184037811
2024-02-16,ORCL,-0.11490658202279047
2024-02-16,ADBE,-0.20586315931526278
2024-02-16,AVGO,-0.029576920862317113
2024-02-16,QCOM,-0.15384001033597372
2024-02-16,INTC,-0.1695859419857526
2024-02-16,BTC-USD,-0.22802054539984373
2024-02-16,ETH-USD,-0.4173648207460968
2024-02-16,SOL-USD,-0.5554909265764918
2024-02-20,AAPL,-0.08237012740980787
2024-02-20,MSFT,-0.04045925836329067
2024-02-20,NVDA,-0.0601895088829959
2024-02-20,GOOGL,-0.08071143118097635
2024-02-20,AMZN,-0.09590208243592402
2024-02-20,META,-0.025370290662909745
2024-02-20,TSLA,-0.5273800670051287
2024-02-20,AMD,-0.08118449088335378
2024-02-20,NFLX,-0.16851477462407016
2024-02-20,CRM,-0.07604199505824805
2024-02-20,ORCL,-0.13764824072207438
2024-02-20,ADBE,-0.21276351818286765
2024-02-20,AVGO,-0.044326139042995316
2024-02-20,QCOM,-0.15788549112752814
2024-02-20,INTC,-0.15030950716101976
2024-02-20,BTC-USD,-0.2261753814568308
2024-02-20,ETH-USD,-0.3737637307581667
2024-02-20,SOL-USD,-0.5634850396519924
2024-02-21,AAPL,-0.07852884191697573
2024-02-21,MSFT,-0.04191250629236776
2024-02-21,NVDA,-0.08698251894653963
2024-02-21,GOOGL,-0.07139598791924462
2024-02-21,AMZN,-0.08773124885798333
2024-02-21,META,-0.03202971109390795
2024-02-21,TSLA,-0.5249164482949364
2024-02-21,AMD,-0.08894808618673022
2024-02-21,NFLX,-0.17108820212926834
2024-02-21,CRM,-0.08520448389836921
2024-02-21,ORCL,-0.13995406196794014
2024-02-21,ADBE,-0.2176881279673254
2024-02-21,AVGO,-0.04362491303440508
2024-02-21,QCOM,-0.15760846840727782
2024-02-21,INTC,-0.1703493280003472
2024-02-21,BTC-USD,-0.2327717442707764
2024-02-21,ETH-USD,-0.3827303578685469
2024-02-21,SOL-USD,-0.5769049982666551
2024-02-22,AAPL,-0.06816777105963412
2024-02-22,MSFT,-0.01935262577768926
2024-02-22,NVDA,0.0
2024-02-22,GOOGL,-0.061364180508111765
2024-02-22,AMZN,-0.05531832431155548
2024-02-22,META,0.0
2024-02-22,TSLA,-0.5184769542300348
2024-02-22,AMD,0.0
2024-02-22,NFLX,-0.1492286831884735
2024-02-22,CRM,-0.052619644236405416
2024-02-22,ORCL,-0.11729199392815581
2024-02-22,ADBE,-0.21906821747408778
2024-02-22,AVGO,0.0
2024-02-22,QCOM,-0.14242423889708788
2024-02-22,INTC,-0.1797013032441882
2024-02-22,BTC-USD,-0.24067809485840064
2024-02-22,ETH-USD,-0.38259489576774797
2024-02-22,SOL-USD,-0.5908119822802713
2024-02-23,AAPL,-0.07751800193280489
2024-02-23,MSFT,-0.02247353647972483
2024-02-23,NVDA,0.0
2024-02-23,GOOGL,-0.06221089302984406
2024-02-23,AMZN,-0.05309972571780186
2024-02-23,META,-0.004319939120475902
2024-02-23,TSLA,-0.5317462237502639
2024-02-23,AMD,-0.029363226217798077
2024-02-23,NFLX,-0.15632725535590253
2024-02-23,CRM,-0.05536202958188152
2024-02-23,ORCL,-0.10981764507456082
2024-02-23,ADBE,-0.19601376241393398
2024-02-23,AVGO,-0.006537061696157531
2024-02-23,QCOM,-0.14153756921426996
2024-02-23,INTC,-0.17951047513183804
2024-02-23,BTC-USD,-0.2491589345455899
2024-02-23,ETH-USD,-0.3928501378212722
2024-02-23,SOL-USD,-0.5977146868203453
2024-02-26,AAPL,-0.08439165145651084
2024-02-26,MSFT,-0.029143668766197672
2024-02-26,NVDA,0.0
2024-02-26,GOOGL,-0.10383687809326525
2024-02-26,AMZN,-0.054506682176215016
2024-02-26,META,-0.009030631593408889
2024-02-26,TSLA,-0.513622964356508
2024-02-26,AMD,-0.03216763490532326
2024-02-26,NFLX,-0.1504141959751466
2024-02-26,CRM,-0.030874812095633142
2024-02-26,ORCL,-0.11761004469052971
2024-02-26,ADBE,-0.1857867361384129
2024-02-26,AVGO,0.0
2024-02-26,QCOM,-0.12978935260399116
2024-02-26,INTC,-0.17951047513183804
2024-02-26,BTC-USD,-0.1930596143586546
2024-02-26,ETH-USD,-0.3393732518666627
2024-02-26,SOL-USD,-0.5576134680746729
2024-02-27,AAPL,-0.07696198536893706
2024-02-27,MSFT,-0.029286562585417508
2024-02-27,NVDA,-0.004943702047483178
2024-02-27,GOOGL,-0.09530322403001845
2024-02-27,AMZN,-0.06094598500947357
2024-02-27,META,0.0
2024-02-27,TSLA,-0.5128180229459851
2024-02-27,AMD,-0.02122512150773559
2024-02-27,NFLX,-0.13014499368472887
2024-02-27,CRM,-0.03374622962149443
2024-02-27,ORCL,-0.11434994640729257
2024-02-27,ADBE,-0.19739385192069625
2024-02-27,AVGO,-0.009853909422727458
2024-02-27,QCOM,-0.12275141759259023
2024-02-27,INTC,-0.1844727417048807
2024-02-27,BTC-USD,-0.15512726173647062
2024-02-27,ETH-USD,-0.3257563681139465
2024-02-27,SOL-USD,-0.5637730297671668
2024-02-28,AAPL,-0.08307754388492483
2024-02-28,MSFT,-0.02871483907843564
2024-02-28,NVDA,-0.018067798236744315
2024-02-28,GOOGL,-0.1115888433031943
2024-02-28,AMZN,-0.06300217260829177
2024-02-28,META,-0.006221161173887824
2024-02-28,TSLA,-0.5071834702916064
2024-02-28,AMD,-0.02925331192325953
2024-02-28,NFLX,-0.13764836971586192
2024-02-28,CRM,-0.032875111899797194
2024-02-28,ORCL,-0.1119644097516771
2024-02-28,ADBE,-0.19836714087127316
2024-02-28,AVGO,-0.015055862250932361
2024-02-28,QCOM,-0.1319415165104736
2024-02-28,INTC,-0.1985960818442205
2024-02-28,BTC-USD,-0.07491899801978463
2024-02-28,ETH-USD,-0.2964167991269544
2024-02-28,SOL-USD,-0.5248780901210395
2024-02-29,AAPL,-0.0864639279966346
2024-02-29,MSFT,-0.014611930625940128
2024-02-29,NVDA,0.0
2024-02-29,GOOGL,-0.09803923536179748
2024-02-29,AMZN,-0.04352201824931534
2024-02-29,META,0.0
2024-02-29,TSLA,-0.5075737144627505
2024-02-29,AMD,0.0
2024-02-29,NFLX,-0.1283378257002804
2024-02-29,CRM,-0.0036777181491688404
2024-02-29,ORCL,-0.1119644097516771
2024-02-29,ADBE,-0.186077206631452
2024-02-29,AVGO,-0.006600014729687742
2024-02-29,QCOM,-0.12113601878239111
2024-02-29,INTC,-0.17836535932734932
2024-02-29,BTC-USD,-0.0942540221174546
2024-02-29,ETH-USD,-0.3055155905716348
2024-02-29,SOL-USD,-0.4940518173407572
2024-03-01,AAPL,-0.09197287337697269
2024-03-01,MSFT,-0.010180962274252914
2024-03-01,NVDA,0.0
2024-03-01,GOOGL,-0.10663791309345882
2024-03-01,AMZN,-0.035621677004576635
2024-03-01,META,0.0
2024-03-01,TSLA,-0.5057199336871497
2024-03-01,AMD,0.0
2024-03-01,NFLX,-0.10459889176393988
2024-03-01,CRM,0.0
2024-03-01,ORCL,-0.09526615216336898
2024-03-01,ADBE,-0.17060592889644088
2024-03-01,AVGO,0.0
2024-03-01,QCOM,-0.09161581873151703
2024-03-01,INTC,-0.1636693877205715
2024-03-01,BTC-USD,-0.07586852091112573
2024-03-01,ETH-USD,-0.28616135413395327
2024-03-01,SOL-USD,-0.476830690123066
2024-03-04,AAPL,-0.11501980672577339
2024-03-04,MSFT,-0.011562689178668872
2024-03-04,NVDA,0.0
2024-03-04,GOOGL,-0.13132703874788498
2024-03-04,AMZN,-0.039084821061808106
2024-03-04,META,-0.008182277558976825
2024-03-04,TSLA,-0.5410883751751261
2024-03-04,AMD,0.0
2024-03-04,NFLX,-0.10967338946245908
2024-03-04,CRM,-0.007068985569262609
2024-03-04,ORCL,-0.09303967207650299
2024-03-04,ADBE,-0.17494950902861384
2024-03-04,AVGO,0.0
2024-03-04,QCOM,-0.07228851477590303
2024-03-04,INTC,-0.12950615317671055
2024-03-04,BTC-USD,0.0
2024-03-04,ETH-USD,-0.24555945593955653
2024-03-04,SOL-USD,-0.46393491097915107
2024-03-05,AAPL,-0.14018945726484133
2024-03-05,MSFT,-0.04079277609487186
2024-03-05,NVDA,0.0
2024-03-05,GOOGL,-0.13575667581346318
2024-03-05,AMZN,-0.05780749780637828
2024-03-05,META,-0.024049360691208443
2024-03-05,TSLA,-0.5591384614605872
2024-03-05,AMD,-0.0011199636095419185
2024-03-05,NFLX,-0.13472799110622757
2024-03-05,CRM,-0.057214264578077434
2024-03-05,ORCL,-0.1178486295436536
2024-03-05,ADBE,-0.20850700826564117
2024-03-05,AVGO,-0.04243875776175121
2024-03-05,QCOM,-0.10075049519825796
2024-03-05,INTC,-0.17626595583072224
2024-03-05,BTC-USD,-0.06628402455760396
2024-03-05,ETH-USD,-0.2612427201804538
2024-03-05,SOL-USD,-0.494071162022766
2024-03-06,AAPL,-0.14524350126405672
2024-03-06,MSFT,-0.04212692113624894
2024-03-06,NVDA,0.0
2024-03-06,GOOGL,-0.14402983382238221
2024-03-06,AMZN,-0.06110831343654166
2024-03-06,META,-0.012363150015406998
2024-03-06,TSLA,-0.5693831432532198
2024-03-06,AMD,0.0
2024-03-06,NFLX,-0.13589899934029104
2024-03-06,CRM,-0.041372301444251525
2024-03-06,ORCL,-0.10727298947507091
2024-03-06,ADBE,-0.21104924574317974
2024-03-06,AVGO,-0.037268378266033575
2024-03-06,QCOM,-0.0648806192344199
2024-03-06,INTC,-0.15050040883856375
2024-03-06,BTC-USD,-0.0325420152286231
2024-03-06,ETH-USD,-0.20632648598626813
2024-03-06,SOL-USD,-0.47380567315041044
2024-03-07,AAPL,-0.14585003643888694
2024-03-07,MSFT,-0.02533207989958286
2024-03-07,NVDA,0.0
2024-03-07,GOOGL,-0.12461725844560123
2024-03-07,AMZN,-0.043197278827311836
2024-03-07,META,0.0
2024-03-07,TSLA,-0.5642364237272327
2024-03-07,AMD,0.0
2024-03-07,NFLX,-0.1202561426780302
2024-03-07,CRM,-0.045632477722331366
2024-03-07,ORCL,-0.08922281342751814
2024-03-07,ADBE,-0.19223675934235918
2024-03-07,AVGO,0.0
2024-03-07,QCOM,-0.02126905952577185
2024-03-07,INTC,-0.11919996380592468
2024-03-07,BTC-USD,-0.020560825026099683
2024-03-07,ETH-USD,-0.19487171941993808
2024-03-07,SOL-USD,-0.42053570030358867
2024-03-08,AAPL,-0.13710649666218544
2024-03-08,MSFT,-0.03228822216964977
2024-03-08,NVDA,-0.05547724334752846
2024-03-08,GOOGL,-0.11790767883365194
2024-03-08,AMZN,-0.05115170202511743
2024-03-08,META,-0.01218295457153884
2024-03-08,TSLA,-0.5723101792428511
2024-03-08,AMD,-0.01887598354147113
2024-03-08,NFLX,-0.125590950218059
2024-03-08,CRM,-0.0366072677290199
2024-03-08,ORCL,-0.10608037708507567
2024-03-08,ADBE,-0.19855599989147255
2024-03-08,AVGO,-0.06985733078919087
2024-03-08,QCOM,-0.04995362510731949
2024-03-08,INTC,-0.1602340403071053
2024-03-08,BTC-USD,-0.00044373084688564823
2024-03-08,ETH-USD,-0.19119070171904962
2024-03-08,SOL-USD,-0.41545584821978265
2024-03-11,AAPL,-0.12689698163773233
2024-03-11,MSFT,-0.036338090926716804
2024-03-11,NVDA,-0.07440468892384644
2024-03-11,GOOGL,-0.10318553761227867
2024-03-11,AMZN,-0.06949555739461732
2024-03-11,META,-0.05583871704709886
2024-03-11,TSLA,-0.566382896936012
2024-03-11,AMD,-0.06145333140835918
2024-03-11,NFLX,-0.13121485610325656
2024-03-11,CRM,-0.03433501668218175
2024-03-11,ORCL,-0.09248309883613004
2024-03-11,ADBE,-0.18587389501956597
2024-03-11,AVGO,-0.08094455695533453
2024-03-11,QCOM,-0.04689025880135833
2024-03-11,INTC,-0.14382039499359434
2024-03-11,BTC-USD,0.0
2024-03-11,ETH-USD,-0.15495195154211172
2024-03-11,SOL-USD,-0.4013255098935766
2024-03-12,AAPL,-0.12447107482086939
2024-03-12,MSFT,-0.010705178033247442
2024-03-12,NVDA,-0.008158092738992817
2024-03-12,GOOGL,-0.09777873930746983
2024-03-12,AMZN,-0.05093529164498245
2024-03-12,META,-0.02428773277599172
2024-03-12,TSLA,-0.56694394039198
2024-03-12,AMD,-0.040779686710459506
2024-03-12,NFLX,-0.11654060574320724
2024-03-12,CRM,-0.032378497823391195
2024-03-12,ORCL,0.0
2024-03-12,ADBE,-0.15867917143912524
2024-03-12,AVGO,-0.08182595937542203
2024-03-12,QCOM,-0.035973378958217284
2024-03-12,INTC,-0.1365678232463804
2024-03-12,BTC-USD,-0.008909905479502545
2024-03-12,ETH-USD,-0.17285933097957362
2024-03-12,SOL-USD,-0.3922117081999037
2024-03-13,AAPL,-0.1350847387330244
2024-03-13,MSFT,-0.011134081836061016
2024-03-13,NVDA,-0.019218980005989095
2024-03-13,GOOGL,-0.08937523292621963
2024-03-13,AMZN,-0.04460423528572499
2024-03-13,META,-0.03244884074843091
2024-03-13,TSLA,-0.5866039094984873
2024-03-13,AMD,-0.07848429942972646
2024-03-13,NFLX,-0.11889718191433407
2024-03-13,CRM,-0.037244620799949724
2024-03-13,ORCL,-0.015838080080930572
2024-03-13,ADBE,-0.1667998433090796
2024-03-13,AVGO,-0.10599789663304038
2024-03-13,QCOM,-0.057305740055811016
2024-03-13,INTC,-0.17492993834868942
2024-03-13,BTC-USD,0.0
2024-03-13,ETH-USD,-0.167418066991336
2024-03-13,SOL-USD,-0.34059776295640787
2024-03-14,AAPL,-0.1256334706379284
2024-03-14,MSFT,0.0
2024-03-14,NVDA,-0.05098805897763792
2024-03-14,GOOGL,-0.067813163720566
2024-03-14,AMZN,-0.03275376470255065
2024-03-14,META,-0.03975097011403417
2024-03-14,TSLA,-0.6036295350485418
2024-03-14,AMD,-0.11505349021872546
2024-03-14,NFLX,-0.11375038205432775
2024-03-14,CRM,-0.04154209214531546
2024-03-14,ORCL,-0.015759722765174344
2024-03-14,ADBE,-0.17130319994566534
2024-03-14,AVGO,-0.1028706130463839
2024-03-14,QCOM,-0.06176147233546714
2024-03-14,INTC,-0.18409101191498656
2024-03-14,BTC-USD,-0.0230819028918976
2024-03-14,ETH-USD,-0.1930445031052277
2024-03-14,SOL-USD,-0.2889211777902171
2024-03-15,AAPL,-0.12755411338434464
2024-03-15,MSFT,-0.020695088110260218
2024-03-15,NVDA,-0.05214255513456023
2024-03-15,GOOGL,-0.08032058675431752
2024-03-15,AMZN,-0.05618413096783015
2024-03-15,META,-0.05484291477550152
2024-03-15,TSLA,-0.6010195701217599
2024-03-15,AMD,-0.09613022450010855
2024-03-15,NFLX,-0.12405843117655968
2024-03-15,CRM,-0.06994945046209078
2024-03-15,ORCL,-0.015681180934545846
2024-03-15,ADBE,-0.28459985916259734
2024-03-15,AVGO,-0.1218967057473036
2024-03-15,QCOM,-0.06872401848764043
2024-03-15,INTC,-0.18619048897680746
2024-03-15,BTC-USD,-0.05034962149459177
2024-03-15,ETH-USD,-0.22378379639894042
2024-03-15,SOL-USD,-0.2636263172423452
2024-03-18,AAPL,-0.12199449347140501
2024-03-18,MSFT,-0.018578475168008812
2024-03-18,NVDA,-0.0454737566584984
2024-03-18,GOOGL,-0.03797813719632792
2024-03-18,AMZN,-0.05585947411369396
2024-03-18,META,-0.029695902945452324
2024-03-18,TSLA,-0.5760665352726763
2024-03-18,AMD,-0.09806987656103361
2024-03-18,NFLX,-0.10597230192985552
2024-03-18,CRM,-0.05042126250672907
2024-03-18,ORCL,0.0
2024-03-18,ADBE,-0.25351193544674555
2024-03-18,AVGO,-0.12066007718738969
2024-03-18,QCOM,-0.0702834576339233
2024-03-18,INTC,-0.18485439792958114
2024-03-18,BTC-USD,-0.07573400630785332
2024-03-18,ETH-USD,-0.26892742935042624
2024-03-18,SOL-USD,-0.211192587363501
2024-03-19,AAPL,-0.1100667219876641
2024-03-19,MSFT,-0.008960101308270074
2024-03-19,NVDA,-0.03529771064972531
2024-03-19,GOOGL,-0.04221230187599301
2024-03-19,AMZN,-0.04817562581695756
2024-03-19,META,-0.031140693545155806
2024-03-19,TSLA,-0.5821157479471519
2024-03-19,AMD,-0.14173529199451385
2024-03-19,NFLX,-0.10257481729503004
2024-03-19,CRM,-0.04745090668725094
2024-03-19,ORCL,0.0
2024-03-19,ADBE,-0.24286356735714587
2024-03-19,AVGO,-0.12011271334895346
2024-03-19,QCOM,-0.08599039517282092
2024-03-19,INTC,-0.19745096603973178
2024-03-19,BTC-USD,-0.15284881761957214
2024-03-19,ETH-USD,-0.34381529260574795
2024-03-19,SOL-USD,-0.3157394781050441
2024-03-20,AAPL,-0.0969764767260447
2024-03-20,MSFT,0.0
2024-03-20,NVDA,-0.024787279356282554
2024-03-20,GOOGL,-0.03107288450813106
2024-03-20,AMZN,-0.03600049837964703
2024-03-20,META,-0.013022464198408579
2024-03-20,TSLA,-0.5715296164619991
2024-03-20,AMD,-0.14973038331047428
2024-03-20,NFLX,-0.09252696771352764
2024-03-20,CRM,-0.03282083695038229
2024-03-20,ORCL,0.0
2024-03-20,ADBE,-0.2458415992404498
2024-03-20,AVGO,-0.0892500240032732
2024-03-20,QCOM,-0.06610600157098923
2024-03-20,INTC,-0.1945881029633163
2024-03-20,BTC-USD,-0.07073864996887125
2024-03-20,ETH-USD,-0.26988170150545576
2024-03-20,SOL-USD,-0.22907475000069089
2024-03-21,AAPL,-0.1338717463441833
2024-03-21,MSFT,0.0
2024-03-21,NVDA,-0.013316377935293722
2024-03-21,GOOGL,-0.038499229650150624
2024-03-21,AMZN,-0.03600049837964703
2024-03-21,META,-0.008649094349921782
2024-03-21,TSLA,-0.5784569436552922
2024-03-21,AMD,-0.15469775499891725
2024-03-21,NFLX,-0.09972674084688271
2024-03-21,CRM,-0.025521407123259676
2024-03-21,ORCL,-0.0017796652862389628
2024-03-21,ADBE,-0.2573034797762136
2024-03-21,AVGO,-0.037860047703229704
2024-03-21,QCOM,-0.04839391735464971
2024-03-21,INTC,-0.19038929597006193
2024-03-21,BTC-USD,-0.10388267358569303
2024-03-21,ETH-USD,-0.27412141158611913
2024-03-21,SOL-USD,-0.2786944734699969
2024-03-22,AAPL,-0.12927252576527115
2024-03-22,MSFT,-0.0014672143281387884
2024-03-22,NVDA,0.0
2024-03-22,GOOGL,-0.017848996979811127
2024-03-22,AMZN,-0.03210445099427828
2024-03-22,META,-0.005095825237782958
2024-03-22,TSLA,-0.5833109707481008
2024-03-22,AMD,-0.15010885728723022
2024-03-22,NFLX,-0.09206436624094605
2024-03-22,CRM,-0.027480575894725856
2024-03-22,ORCL,-0.01121933869359304
2024-03-22,ADBE,-0.2743437503712898
2024-03-22,AVGO,-0.03395540375847206
2024-03-22,QCOM,-0.052571462953046044
2024-03-22,INTC,-0.18752643289364634
2024-03-22,BTC-USD,-0.12731653904438078
2024-03-22,ETH-USD,-0.30722621815689355
2024-03-22,SOL-USD,-0.2982424895807393
2024-03-25,AAPL,-0.1364998055657165
2024-03-25,MSFT,-0.015161746087217098
2024-03-25,NVDA,0.0
2024-03-25,GOOGL,-0.02240898241772049
2024-03-25,AMZN,-0.027559007332769836
2024-03-25,META,-0.017903469672677197
2024-03-25,TSLA,-0.578920398154013
2024-03-25,AMD,-0.1549342380711759
2024-03-25,NFLX,-0.09285952456613467
2024-03-25,CRM,-0.032883944130026266
2024-03-25,ORCL,-0.024450565291519455
2024-03-25,ADBE,-0.2631433464789852
2024-03-25,AVGO,-0.03530460516037481
2024-03-25,QCOM,-0.0669415465048534
2024-03-25,INTC,-0.20164969946779265
2024-03-25,BTC-USD,-0.042755033625921035
2024-03-25,ETH-USD,-0.25377835254747394
2024-03-25,SOL-USD,-0.2389999229283304
2024-03-26,AAPL,-0.14226165584414574
2024-03-26,MSFT,-0.017979951138263006
2024-03-26,NVDA,-0.02569427073123609
2024-03-26,GOOGL,-0.018500538151132284
2024-03-26,AMZN,-0.035188773676439355
2024-03-26,META,-0.03182409079563098
2024-03-26,TSLA,-0.5666268321098487
2024-03-26,AMD,-0.15852970475709227
2024-03-26,NFLX,-0.09028609706093649
2024-03-26,CRM,-0.0336107072175279
2024-03-26,ORCL,-0.021432945870765052
2024-03-26,ADBE,-0.2626058519341735
2024-03-26,AVGO,-0.049643898479480475
2024-03-26,QCOM,-0.06944809177098366
2024-03-26,INTC,-0.1985960818442205
2024-03-26,BTC-USD,-0.04235790653841154
2024-03-26,ETH-USD,-0.25448052313738345
2024-03-26,SOL-USD,-0.2324947669564581
2024-03-27,AAPL,-0.12406677001152888
2024-03-27,MSFT,-0.018492233488005883
2024-03-27,NVDA,-0.05001998115763129
2024-03-27,GOOGL,-0.017197656498824654
2024-03-27,AMZN,-0.026909693624497466
2024-03-27,META,-0.0357874102759439
2024-03-27,TSLA,-0.5613581449969431
2024-03-27,AMD,-0.15039269472316463
2024-03-27,NFLX,-0.11299857193579743
2024-03-27,CRM,-0.04767212532320342
2024-03-27,ORCL,-0.030718026751123118
2024-03-27,ADBE,-0.2672545324834855
2024-03-27,AVGO,-0.0587514261178137
2024-03-27,QCOM,-0.05797412228162502
2024-03-27,INTC,-0.16462367541270995
2024-03-27,BTC-USD,-0.0496439859886294
2024-03-27,ETH-USD,-0.2726409681024804
2024-03-27,SOL-USD,-0.24995539976092418
2024-03-28,AAPL,-0.13331588570195452
2024-03-28,MSFT,-0.020145811352713094
2024-03-28,NVDA,-0.04890414504725804
2024-03-28,GOOGL,-0.016806812072165833
2024-03-28,AMZN,-0.023933534848470384
2024-03-28,META,-0.05195333357609455
2024-03-28,TSLA,-0.5712125453991497
2024-03-28,AMD,-0.1461349166245577
2024-03-28,NFLX,-0.12196210969655263
2024-03-28,CRM,-0.04830417856878222
2024-03-28,ORCL,-0.02808722247545903
2024-03-28,ADBE,-0.2669639733242397
2024-03-28,AVGO,-0.05398344493414964
2024-03-28,QCOM,-0.0570273743036267
2024-03-28,INTC,-0.15698952100598929
2024-03-28,BTC-USD,-0.03199828791724535
2024-03-28,ETH-USD,-0.2599274186961037
2024-03-28,SOL-USD,-0.2368343011303743
2024-04-01,AAPL,-0.1406442027243252
2024-04-01,MSFT,-0.011179131225652505
2024-04-01,NVDA,-0.04883061503146813
2024-04-01,GOOGL,0.0
2024-04-01,AMZN,-0.02074096569230821
2024-04-01,META,-0.04068800490906721
2024-04-01,TSLA,-0.5726028716760296
2024-04-01,AMD,-0.13265213311196122
2024-04-01,NFLX,-0.11187091190839216
2024-04-01,CRM,-0.04489148362231288
2024-04-01,ORCL,-0.02909313607966224
2024-04-01,ADBE,-0.2706102824071882
2024-04-01,AVGO,-0.03624667090492173
2024-04-01,QCOM,-0.04354825813682617
2024-04-01,INTC,-0.15030950716101976
2024-04-01,BTC-USD,-0.04626696261810126
2024-04-01,ETH-USD,-0.27161962445035115
2024-04-01,SOL-USD,-0.22497680941097287
2024-04-02,AAPL,-0.14665872401838753
2024-04-02,MSFT,-0.018468974275238192
2024-04-02,NVDA,-0.05841987942365978
2024-04-02,GOOGL,-0.0059811924560990715
2024-04-02,AMZN,-0.02225608605685525
2024-04-02,META,-0.028934509596224123
2024-04-02,TSLA,-0.5935556153214514
2024-04-02,AMD,-0.1546031184580957
2024-04-02,NFLX,-0.11201546108097638
2024-04-02,CRM,-0.03939330740017555
2024-04-02,ORCL,-0.037914014507540506
2024-04-02,ADBE,-0.27479408603494837
2024-04-02,AVGO,-0.044454953968914745
2024-04-02,QCOM,-0.047335697726130554
2024-04-02,INTC,-0.16137922967678775
2024-04-02,BTC-USD,-0.10449044372190719
2024-04-02,ETH-USD,-0.3189577941696503
2024-04-02,SOL-USD,-0.2708402869276929
2024-04-03,AAPL,-0.14256484547074144
2024-04-03,MSFT,-0.020774607142114432
2024-04-03,NVDA,-0.06355667183014346
2024-04-03,GOOGL,-0.00366598802216056
2024-04-03,AMZN,-0.012948870921570932
2024-04-03,META,-0.010640458535339015
2024-04-03,TSLA,-0.5892870103142818
2024-04-03,AMD,-0.1448102937991772
2024-04-03,NFLX,-0.08907168546982447
2024-04-03,CRM,-0.03705520111610394
2024-04-03,ORCL,-0.02321255046107651
2024-04-03,ADBE,-0.27799001512113486
2024-04-03,AVGO,-0.02700343138080319
2024-04-03,QCOM,-0.03135039443504872
2024-04-03,INTC,-0.2302780359711727
2024-04-03,BTC-USD,-0.09718592431944284
2024-04-03,ETH-USD,-0.3118491794395928
2024-04-03,SOL-USD,-0.2544342770569922
2024-04-04,AAPL,-0.14675983920113234
2024-04-04,MSFT,-0.02676019527014839
2024-04-04,NVDA,-0.09575597312586637
2024-04-04,GOOGL,-0.03189929682971537
2024-04-04,AMZN,-0.02598980501515591
2024-04-04,META,-0.0024794707417885586
2024-04-04,TSLA,-0.5826279969244963
2024-04-04,AMD,-0.215488702808056
2024-04-04,NFLX,-0.10777946991430398
2024-04-04,CRM,-0.07054970475556277
2024-04-04,ORCL,-0.03907458133466701
2024-04-04,ADBE,-0.2923718511748361
2024-04-04,AVGO,-0.05962948313397887
2024-04-04,QCOM,-0.05446504844450484
2024-04-04,INTC,-0.2417294882768346
2024-04-04,BTC-USD,-0.06259492566721625
2024-04-04,ETH-USD,-0.30798419710293745
2024-04-04,SOL-USD,-0.25962810923542756
2024-04-05,AAPL,-0.1429187096299387
2024-04-05,MSFT,-0.008966680127060367
2024-04-05,NVDA,-0.07361941153759222
2024-04-05,GOOGL,-0.019229669963992002
2024-04-05,AMZN,0.0
2024-04-05,META,0.0
2024-04-05,TSLA,-0.5977754630692791
2024-04-05,AMD,-0.19377427272071035
2024-04-05,NFLX,-0.0802526968816536
2024-04-05,CRM,-0.045997380512247776
2024-04-05,ORCL,-0.033580871557099434
2024-04-05,ADBE,-0.29526272417698696
2024-04-05,AVGO,-0.043976784234940114
2024-04-05,QCOM,-0.04460656730080759
2024-04-05,INTC,-0.2611967512139176
2024-04-05,BTC-USD,-0.07177898397039006
2024-04-05,ETH-USD,-0.31030237474702327
2024-04-05,SOL-USD,-0.2976878806181332
2024-04-08,AAPL,-0.1486298853757665
2024-04-08,MSFT,-0.011132612800117236
2024-04-08,NVDA,-0.0828299117849205
2024-04-08,GOOGL,-0.004116249218234613
2024-04-08,AMZN,0.0
2024-04-08,META,-0.015341212977063035
2024-04-08,TSLA,-0.5780666994841481
2024-04-08,AMD,-0.1962343174763589
2024-04-08,NFLX,-0.09148605924982889
2024-04-08,CRM,-0.04656632657818249
2024-04-08,ORCL,-0.03783650580829678
2024-04-08,ADBE,-0.29648299284623314
2024-04-08,AVGO,-0.04635347069487494
2024-04-08,QCOM,-0.0329656141743232
2024-04-08,INTC,-0.27512926324090725
2024-04-08,BTC-USD,-0.019869609761437257
2024-04-08,ETH-USD,-0.23208112911466128
2024-04-08,SOL-USD,-0.272399775356042
2024-04-09,AAPL,-0.14246373028799664
2024-04-09,MSFT,-0.007196661281301475
2024-04-09,NVDA,-0.10155598533523147
2024-04-09,GOOGL,0.0
2024-04-09,AMZN,0.0
2024-04-09,META,-0.019797704088243218
2024-04-09,TSLA,-0.568553785993744
2024-04-09,AMD,-0.1920711759185736
2024-04-09,NFLX,-0.1062470060231947
2024-04-09,CRM,-0.044543854337244615
2024-04-09,ORCL,-0.04342550819182589
2024-04-09,ADBE,-0.2844691208408676
2024-04-09,AVGO,-0.0477951167584999
2024-04-09,QCOM,-0.02210442538871149
2024-04-09,INTC,-0.26844932296113144
2024-04-09,BTC-USD,-0.05397229709852425
2024-04-09,ETH-USD,-0.27159192321176073
2024-04-09,SOL-USD,-0.306090964835974
2024-04-10,AAPL,-0.1520161915266568
2024-04-10,MSFT,-0.014230218238802217
2024-04-10,NVDA,-0.08381922472464087
2024-04-10,GOOGL,-0.0029374793863468085
2024-04-10,AMZN,0.0
2024-04-10,META,-0.014241418345209422
2024-04-10,TSLA,-0.5810425299524032
2024-04-10,AMD,-0.20929134483505374
2024-04-10,NFLX,-0.10569759783651633
2024-04-10,CRM,-0.05323370315972642
2024-04-10,ORCL,-0.05491409401920544
2024-04-10,ADBE,-0.2922120303373199
2024-04-10,AVGO,-0.05615327391821623
2024-04-10,QCOM,-0.0483384053680449
2024-04-10,INTC,-0.29001598939484163
2024-04-10,BTC-USD,-0.03414747771384785
2024-04-10,ETH-USD,-0.2635759153458266
2024-04-10,SOL-USD,-0.30197073180317924
2024-04-11,AAPL,-0.11532307431318856
2024-04-11,MSFT,-0.0033538915307699257
2024-04-11,NVDA,-0.04616750765783306
2024-04-11,GOOGL,0.0
2024-04-11,AMZN,0.0
2024-04-11,META,-0.007926762221879269
2024-04-11,TSLA,-0.5741151655398281
2024-04-11,AMD,-0.1933957987439544
2024-04-11,NFLX,-0.09095115561576017
2024-04-11,CRM,-0.05471873385209458
2024-04-11,ORCL,-0.04334799949258206
2024-04-11,ADBE,-0.29648299284623314
2024-04-11,AVGO,-0.013263745958055129
2024-04-11,QCOM,-0.024555279597312518
2024-04-11,INTC,-0.28180920352068306
2024-04-11,BTC-USD,-0.041362149117105784
2024-04-11,ETH-USD,-0.27157436894701303
2024-04-11,SOL-USD,-0.3054359477619891
2024-04-12,AAPL,-0.10769125582094463
2024-04-12,MSFT,-0.01739760131579038
2024-04-12,NVDA,-0.07174588606407262
2024-04-12,GOOGL,-0.010538893108453129
2024-04-12,AMZN,-0.015445639364236818
2024-04-12,META,-0.029279143098666083
2024-04-12,TSLA,-0.5827743431410856
2024-04-12,AMD,-0.2275522991409803
2024-04-12,NFLX,-0.09955323771946956
2024-04-12,CRM,-0.06998095497945578
2024-04-12,ORCL,-0.05988223776172841
2024-04-12,ADBE,-0.3112860820478064
2024-04-12,AVGO,-0.040664722838303136
2024-04-12,QCOM,-0.04594333175243548
2024-04-12,INTC,-0.31883530114095937
2024-04-12,BTC-USD,-0.08056035647581195
2024-04-12,ETH-USD,-0.32606483611876225
2024-04-12,SOL-USD,-0.38166695274278417
2024-04-15,AAPL,-0.12720032718596685
2024-04-15,MSFT,-0.03663499911564272
2024-04-15,NVDA,-0.09474555956825226
2024-04-15,GOOGL,-0.028542742897120554
2024-04-15,AMZN,-0.028722601676360204
2024-04-15,META,-0.05140909582220443
2024-04-15,TSLA,-0.6061175323884053
2024-04-15,AMD,-0.24155547534830002
2024-04-15,NFLX,-0.12222236438767242
2024-04-15,CRM,-0.13766600598782142
2024-04-15,ORCL,-0.06943007131164514
2024-04-15,ADBE,-0.31708236931000133
2024-04-15,AVGO,-0.06448990897936524
2024-04-15,QCOM,-0.05401969905519499
2024-04-15,INTC,-0.307002192610597
2024-04-15,BTC-USD,-0.13214048400117673
2024-04-15,ETH-USD,-0.3554563576118285
2024-04-15,SOL-USD,-0.4425476147853554
2024-04-16,AAPL,-0.14392947165329018
2024-04-16,MSFT,-0.03444587968842505
2024-04-16,NVDA,-0.07986165081892127
2024-04-16,GOOGL,-0.0314284416666184
2024-04-16,AMZN,-0.03030941885766758
2024-04-16,META,-0.05230035902656849
2024-04-16,TSLA,-0.6167768369818527
2024-04-16,AMD,-0.22670071464664698
2024-04-16,NFLX,-0.10723011687801587
2024-04-16,CRM,-0.12341467747373025
2024-04-16,ORCL,-0.06368568735406432
2024-04-16,ADBE,-0.3081918087675628
2024-04-16,AVGO,-0.05137837889977914
2024-04-16,QCOM,-0.061037488587586175
2024-04-16,INTC,-0.3079565538679292
2024-04-16,BTC-USD,-0.12686361105789956
2024-04-16,ETH-USD,-0.3589226653462071
2024-04-16,SOL-USD,-0.4515198011243866
2024-04-17,AAPL,-0.15090400247728297
2024-04-17,MSFT,-0.040827309185149985
2024-04-17,NVDA,-0.11543970868905717
2024-04-17,GOOGL,-0.024716145727642913
2024-04-17,AMZN,-0.04110025996843636
2024-04-17,META,-0.06290056068282046
2024-04-17,TSLA,-0.6208259226641384
2024-04-17,AMD,-0.2713596332924276
2024-04-17,NFLX,-0.11276727119950669
2024-04-17,CRM,-0.1268591713723064
2024-04-17,ORCL,-0.07882270537529201
2024-04-17,ADBE,-0.31076308442778455
2024-04-17,AVGO,-0.08451795015504271
2024-04-17,QCOM,-0.08476510237171386
2024-04-17,INTC,-0.31902612925330964
2024-04-17,BTC-USD,-0.16155231473246356
2024-04-17,ETH-USD,-0.3797436975877092
2024-04-17,SOL-USD,-0.4692812897928553
2024-04-18,AAPL,-0.155756283875925
2024-04-18,MSFT,-0.05845779246304417
2024-04-18,NVDA,-0.10874525578378391
2024-04-18,GOOGL,-0.021328834182721912
2024-04-18,AMZN,-0.05199683508263919
2024-04-18,META,-0.04843187634862578
2024-04-18,TSLA,-0.6342903328795806
2024-04-18,AMD,-0.266344979426839
2024-04-18,NFLX,-0.11729241586173755
2024-04-18,CRM,-0.14076257616658727
2024-04-18,ORCL,-0.09954854369226684
2024-04-18,ADBE,-0.3126080508560988
2024-04-18,AVGO,-0.1013910524049717
2024-04-18,QCOM,-0.10080609672032492
2024-04-18,INTC,-0.3312408940083724
2024-04-18,BTC-USD,-0.13095631837213595
2024-04-18,ETH-USD,-0.36284873246539506
2024-04-18,SOL-USD,-0.42816432171250174
2024-04-19,AAPL,-0.16606652427902613
2024-04-19,MSFT,-0.07045215547327321
2024-04-19,NVDA,-0.19791163480016982
2024-04-19,GOOGL,-0.033373145404894555
2024-04-19,AMZN,-0.07627610651239936
2024-04-19,META,-0.08774223904740186
2024-04-19,TSLA,-0.6413152118108394
2024-04-19,AMD,-0.3062730816429654
2024-04-19,NFLX,-0.19755956214561043
2024-04-19,CRM,-0.14566049809525272
2024-04-19,ORCL,-0.1082425676319545
2024-04-19,ADBE,-0.3244621463570514
2024-04-19,AVGO,-0.14013361766292987
2024-04-19,QCOM,-0.12202725477378462
2024-04-19,INTC,-0.34727280953198925
2024-04-19,BTC-USD,-0.1264297644133081
2024-04-19,ETH-USD,-0.3642512471899224
2024-04-19,SOL-USD,-0.42575716774203654
2024-04-22,AAPL,-0.1618212458201307
2024-04-22,MSFT,-0.06616666363548152
2024-04-22,NVDA,-0.1629860853505496
2024-04-22,GOOGL,-0.019634888516536497
2024-04-22,AMZN,-0.06252317975886357
2024-04-22,META,-0.08649081702998485
2024-04-22,TSLA,-0.6535112261170382
2024-04-22,AMD,-0.29681144878365695
2024-04-22,NFLX,-0.19819572189599544
2024-04-22,CRM,-0.13479055630009373
2024-04-22,ORCL,-0.1109594387326206
2024-04-22,ADBE,-0.3217455467841033
2024-04-22,AVGO,-0.126036977641662
2024-04-22,QCOM,-0.10782424439456528
2024-04-22,INTC,-0.34326483065108504
2024-04-22,BTC-USD,-0.08546142853722116
2024-04-22,ETH-USD,-0.3346645993898625
2024-04-22,SOL-USD,-0.368000149844521
2024-04-23,AAPL,-0.15646370035104196
2024-04-23,MSFT,-0.050772108044767394
2024-04-23,NVDA,-0.13240774640729758
2024-04-23,GOOGL,-0.0072141986081235565
2024-04-23,AMZN,-0.05030420318491802
2024-04-23,META,-0.05924090124796688
2024-04-23,TSLA,-0.6470961479010893
2024-04-23,AMD,-0.2796385620443226
2024-04-23,NFLX,-0.16472693552775997
2024-04-23,CRM,-0.12572157367517867
2024-04-23,ORCL,-0.10661239641481302
2024-04-23,ADBE,-0.31301480707918083
2024-04-23,AVGO,-0.10838579019611538
2024-04-23,QCOM,-0.10130740577355102
2024-04-23,INTC,-0.34574596393760637
2024-04-23,BTC-USD,-0.09135066824248972
2024-04-23,ETH-USD,-0.33087008778654425
2024-04-23,SOL-USD,-0.37737728486026845
2024-04-24,AAPL,-0.14574884329532278
2024-04-24,MSFT,-0.04730184799155246
2024-04-24,NVDA,-0.16131245199005395
2024-04-24,GOOGL,-0.0017564660795352793
2024-04-24,AMZN,-0.06590852426728555
2024-04-24,META,-0.06417124252981243
2024-04-24,TSLA,-0.6045320281970302
2024-04-24,AMD,-0.2821458889771169
2024-04-24,NFLX,-0.19744391177746512
2024-04-24,CRM,-0.12726980969210466
2024-04-24,ORCL,-0.10467170483327737
2024-04-24,ADBE,-0.30688438121716355
2024-04-24,AVGO,-0.10293991866430952
2024-04-24,QCOM,-0.08860823301854759
2024-04-24,INTC,-0.341547156944352
2024-04-24,BTC-USD,-0.12050054475360372
2024-04-24,ETH-USD,-0.3475170101332754
2024-04-24,SOL-USD,-0.4053735841918943
2024-04-25,AAPL,-0.1413519310427197
2024-04-25,MSFT,-0.07063837409262808
2024-04-25,NVDA,-0.13020772511339151
2024-04-25,GOOGL,-0.02139145122731345
2024-04-25,AMZN,-0.08135416363152237
2024-04-25,META,-0.1630069683230665
2024-04-25,TSLA,-0.5848964749394758
2024-04-25,AMD,-0.2725896917635169
2024-04-25,NFLX,-0.18344922452484902
2024-04-25,CRM,-0.136907345803299
2024-04-25,ORCL,-0.10816493754085599
2024-04-25,ADBE,-0.3122303328156999
2024-04-25,AVGO,-0.07610264234498543
2024-04-25,QCOM,-0.09044630652340158
2024-04-25,INTC,-0.32990495009153353
2024-04-25,BTC-USD,-0.11769815305438303
2024-04-25,ETH-USD,-0.34404567964684474
2024-04-25,SOL-USD,-0.4168560961387707
2024-04-26,AAPL,-0.14433385442345015
2024-04-26,MSFT,-0.0536832774882775
2024-04-26,NVDA,-0.07649296133319816
2024-04-26,GOOGL,0.0
2024-04-26,AMZN,-0.04988102503224279
2024-04-26,META,-0.159385011463684
2024-04-26,TSLA,-0.5895065668584477
2024-04-26,AMD,-0.25536952284703673
2024-04-26,NFLX,-0.18861047378707474
2024-04-26,CRM,-0.13327382480053296
2024-04-26,ORCL,-0.09015590962861975
2024-04-26,ADBE,-0.30624518653330557
2024-04-26,AVGO,-0.040664722838303136
2024-04-26,QCOM,-0.07730142623723912
2024-04-26,INTC,-0.3915513685516889
2024-04-26,BTC-USD,-0.1276372873151943
2024-04-26,ETH-USD,-0.3495203779138938
2024-04-26,SOL-USD,-0.4401500410383611
2024-04-29,AAPL,-0.1231063706775013
2024-04-29,MSFT,-0.06316238488229431
2024-04-29,NVDA,-0.07626165990346212
2024-04-29,GOOGL,-0.03373082687812812
2024-04-29,AMZN,-0.042792891866157534
2024-04-29,META,-0.17961851296840192
2024-04-29,TSLA,-0.5266726773325715
2024-04-29,AMD,-0.24212322240669892
2024-04-29,NFLX,-0.1911260485330052
2024-04-29,CRM,-0.12869183134974282
2024-04-29,ORCL,-0.09574497270807625
2024-04-29,ADBE,-0.31276782736051156
2024-04-29,AVGO,-0.04455498154619442
2024-04-29,QCOM,-0.05758437441438213
2024-04-29,INTC,-0.4014758649151774
2024-04-29,BTC-USD,-0.1264632770221733
2024-04-29,ETH-USD,-0.3318016307201662
2024-04-29,SOL-USD,-0.4454935335026863
2024-04-30,AAPL,-0.13912794274806894
2024-04-30,MSFT,-0.09325306755323148
2024-04-30,NVDA,-0.09052438901228
2024-04-30,GOOGL,-0.05332967471929051
2024-04-30,AMZN,-0.07431897818013378
2024-04-30,META,-0.18426445076685638
2024-04-30,TSLA,-0.5529429025695225
2024-04-30,AMD,-0.25073327077167396
2024-04-30,NFLX,-0.2039208287471188
2024-04-30,CRM,-0.15017889364182901
2024-04-30,ORCL,-0.11701416096681339
2024-04-30,ADBE,-0.32764357851844794
2024-04-30,AVGO,-0.07192729946617382
2024-04-30,QCOM,-0.07624320660871986
2024-04-30,INTC,-0.4184620681309327
2024-04-30,BTC-USD,-0.17030717646596016
2024-04-30,ETH-USD,-0.37401659334632487
2024-04-30,SOL-USD,-0.4890161816729711
2024-05-01,AAPL,-0.14433385442345015
2024-05-01,MSFT,-0.08018725912494784
2024-05-01,NVDA,-0.12590263530610135
2024-05-01,GOOGL,-0.04704866574807143
2024-05-01,AMZN,-0.05316055482425108
2024-05-01,META,-0.1671597961212803
2024-05-01,TSLA,-0.5609678636065172
2024-05-01,AMD,-0.3174850934815563
2024-05-01,NFLX,-0.2023738603034
2024-05-01,CRM,-0.15096896019880235
2024-05-01,ORCL,-0.11018313782163536
2024-05-01,ADBE,-0.31811377895904813
2024-05-01,AVGO,-0.11290386970677646
2024-05-01,QCOM,-0.08593470411529158
2024-05-01,INTC,-0.42037060673261295
2024-05-01,BTC-USD,-0.2029115775961743
2024-05-01,ETH-USD,-0.38284897599276724
2024-05-01,SOL-USD,-0.4581659583340114
2024-05-02,AAPL,-0.12548191480504023
2024-05-02,MSFT,-0.07343324747229962
2024-05-02,NVDA,-0.09668222582203401
2024-05-02,GOOGL,-0.03099752685215773
2024-05-02,AMZN,-0.02290400296830053
2024-05-02,META,-0.1624379862669244
2024-05-02,TSLA,-0.5609191063471753
2024-05-02,AMD,-0.3085438533169711
2024-05-02,NFLX,-0.1829432196952191
2024-05-02,CRM,-0.14009901840364358
2024-05-02,ORCL,-0.107621466207239
2024-05-02,ADBE,-0.3076833524054343
2024-05-02,AVGO,-0.11596597367367834
2024-05-02,QCOM,0.0
2024-05-02,INTC,-0.41769864533374135
2024-05-02,BTC-USD,-0.19101529628780778
2024-05-02,ETH-USD,-0.37902864034101946
2024-05-02,SOL-USD,-0.44534129392586197
2024-05-03,AAPL,-0.0731714523695256
2024-05-03,MSFT,-0.05289137737507521
2024-05-03,NVDA,-0.06539870745024146
2024-05-03,GOOGL,-0.027392036171903666
2024-05-03,AMZN,-0.015022461211561589
2024-05-03,META,-0.14294394549164746
2024-05-03,TSLA,-0.5580408276168858
2024-05-03,AMD,-0.2875390168194615
2024-05-03,NFLX,-0.162428267266291
2024-05-03,CRM,-0.13526439994444994
2024-05-03,ORCL,-0.10110096342645503
2024-05-03,ADBE,-0.2937228581658118
2024-05-03,AVGO,-0.08774414618433823
2024-05-03,QCOM,-0.0025542491202000805
2024-05-03,INTC,-0.4102552822567742
2024-05-03,BTC-USD,-0.13947969189351905
2024-05-03,ETH-USD,-0.3550528631969766
2024-05-03,SOL-USD,-0.421361994577962
2024-05-06,AAPL,-0.08161188048045065
2024-05-06,MSFT,-0.03686795353635319
2024-05-06,NVDA,-0.030125642099050665
2024-05-06,GOOGL,-0.022390467106649936
2024-05-06,AMZN,-0.0018513943288316348
2024-05-06,META,-0.1169266588024307
2024-05-06,TSLA,-0.5493328927562864
2024-05-06,AMD,-0.263033422363387
2024-05-06,NFLX,-0.13693996295437993
2024-05-06,CRM,-0.1290394606348111
2024-05-06,ORCL,-0.08138425559783369
2024-05-06,ADBE,-0.28295829301237585
2024-05-06,AVGO,-0.06476110972400739
2024-05-06,QCOM,0.0
2024-05-06,INTC,-0.4065184646796953
2024-05-06,BTC-USD,-0.1357563715647171
2024-05-06,ETH-USD,-0.3635342620182026
2024-05-06,SOL-USD,-0.38501978531087666
2024-05-07,AAPL,-0.07812461506845425
2024-05-07,MSFT,-0.046649937906596994
2024-05-07,NVDA,-0.04682009661505804
2024-05-07,GOOGL,-0.0040712383396235285
2024-05-07,AMZN,-0.001534030892569871
2024-05-07,META,-0.112072072850247
2024-05-07,TSLA,-0.5662853451980464
2024-05-07,AMD,-0.2694200534180322
2024-05-07,NFLX,-0.12388498319953678
2024-05-07,CRM,-0.12414144056123189
2024-05-07,ORCL,-0.08456684654916335
2024-05-07,ADBE,-0.2848758770639498
2024-05-07,AVGO,-0.0699002634728616
2024-05-07,QCOM,-0.009348292652397339
2024-05-07,INTC,-0.41207576332164497
2024-05-07,BTC-USD,-0.1470740125165051
2024-05-07,ETH-USD,-0.37520312973261205
2024-05-07,SOL-USD,-0.4038072790660756
2024-05-08,AAPL,-0.07640604676588891
2024-05-08,MSFT,-0.043854992068318666
2024-05-08,NVDA,-0.04831477740700452
2024-05-08,GOOGL,-0.014946387956243923
2024-05-08,AMZN,-0.00555410227351516
2024-05-08,META,-0.10380406146617027
2024-05-08,TSLA,-0.5738224731066495
2024-05-08,AMD,-0.27325200317620735
2024-05-08,NFLX,-0.11886828310989517
2024-05-08,CRM,-0.11848525102769991
2024-05-08,ORCL,-0.08875862868477391
2024-05-08,ADBE,-0.29093364096960395
2024-05-08,AVGO,-0.05401199238095411
2024-05-08,QCOM,-0.007148964773361799
2024-05-08,INTC,-0.42510666033515565
2024-05-08,BTC-USD,-0.16276667912387888
2024-05-08,ETH-USD,-0.3820442194973088
2024-05-08,SOL-USD,-0.4273097166495379
2024-05-09,AAPL,-0.06715685311464414
2024-05-09,MSFT,-0.03970927288295334
2024-05-09,NVDA,-0.06584093452220541
2024-05-09,GOOGL,-0.011573188809120283
2024-05-09,AMZN,0.0
2024-05-09,META,-0.09845648223998593
2024-05-09,TSLA,-0.5805302809750588
2024-05-09,AMD,-0.27907088717245365
2024-05-09,NFLX,-0.11508044401358508
2024-05-09,CRM,-0.13049279051998663
2024-05-09,ORCL,-0.09458052134159867
2024-05-09,ADBE,-0.2988509125614657
2024-05-09,AVGO,-0.06807283658025232
2024-05-09,QCOM,-0.007203682778069376
2024-05-09,INTC,-0.42338199793502507
2024-05-09,BTC-USD,-0.13728870487182465
2024-05-09,ETH-USD,-0.3690845045055101
2024-05-09,SOL-USD,-0.38482842648821247
2024-05-10,AAPL,-0.07358441082981804
2024-05-10,MSFT,-0.0340732250738951
2024-05-10,NVDA,-0.05393575651111093
2024-05-10,GOOGL,-0.0191918673417365
2024-05-10,AMZN,-0.010659653152828352
2024-05-10,META,-0.0969773273286243
2024-05-10,TSLA,-0.5890674909893979
2024-05-10,AMD,-0.28129437666931345
2024-05-10,NFLX,-0.11684420864098521
2024-05-10,CRM,-0.12575307819254367
2024-05-10,ORCL,-0.0943476917642303
2024-05-10,ADBE,-0.299373865848384
2024-05-10,AVGO,-0.048708746569706474
2024-05-10,QCOM,0.0
2024-05-10,INTC,-0.4279811099295724
2024-05-10,BTC-USD,-0.16817370071561977
2024-05-10,ETH-USD,-0.39531620760911423
2024-05-10,SOL-USD,-0.4115242718953397
2024-05-13,AAPL,-0.05723750825994878
2024-05-13,MSFT,-0.03644885295489464
2024-05-13,NVDA,-0.04845168981318526
2024-05-13,GOOGL,-0.016342108004902434
2024-05-13,AMZN,-0.015461702774571262
2024-05-13,META,-0.11250822044544129
2024-05-13,TSLA,-0.5807254216702719
2024-05-13,AMD,-0.28772828990110444
2024-05-13,NFLX,-0.10857462823949249
2024-05-13,CRM,-0.12306724447848982
2024-05-13,ORCL,-0.09667635171347633
2024-05-13,ADBE,-0.2981826796949244
2024-05-13,AVGO,-0.04534695016808987
2024-05-13,QCOM,0.0
2024-05-13,INTC,-0.41533348757502275
2024-05-13,BTC-USD,-0.13932078760937827
2024-05-13,ETH-USD,-0.3870935058860059
2024-05-13,SOL-USD,-0.4072362621284248
2024-05-14,AAPL,-0.051417343288618134
2024-05-14,MSFT,-0.029834541496065903
2024-05-14,NVDA,-0.03837815818666124
2024-05-14,GOOGL,-0.009363418177524618
2024-05-14,AMZN,-0.012823180347130592
2024-05-14,META,-0.10522631233560564
2024-05-14,TSLA,-0.5669195245430272
2024-05-14,AMD,-0.2754281383093915
2024-05-14,NFLX,-0.11281061940616488
2024-05-14,CRM,-0.12534234172783143
2024-05-14,ORCL,-0.061745117164383356
2024-05-14,ADBE,-0.3085840237327515
2024-05-14,AVGO,-0.014998337891817926
2024-05-14,QCOM,0.0
2024-05-14,INTC,-0.40498540282644835
2024-05-14,BTC-USD,-0.15777447628397656
2024-05-14,ETH-USD,-0.40126649454016705
2024-05-14,SOL-USD,-0.42837361274832964
2024-05-15,AAPL,-0.039827609917738815
2024-05-15,MSFT,-0.012872126572433307
2024-05-15,NVDA,-0.0039156142800605975
2024-05-15,GOOGL,0.0
2024-05-15,AMZN,-0.018522398452959887
2024-05-15,META,-0.08685115093239748
2024-05-15,TSLA,-0.5756030807739556
2024-05-15,AMD,-0.24463054933949324
2024-05-15,NFLX,-0.11301302133801683
2024-05-15,CRM,-0.09140500823681186
2024-05-15,ORCL,-0.05584559441646031
2024-05-15,ADBE,-0.2949285855771647
2024-05-15,AVGO,0.0
2024-05-15,QCOM,0.0
2024-05-15,INTC,-0.40076949192566824
2024-05-15,BTC-USD,-0.09326329215896889
2024-05-15,ETH-USD,-0.3688691857205696
2024-05-15,SOL-USD,-0.3633491969961087
2024-05-16,AAPL,-0.039220373095533945
2024-05-16,MSFT,-0.017748518348294495
2024-05-16,NVDA,-0.006768305067901159
2024-05-16,GOOGL,0.0
2024-05-16,AMZN,-0.030976227531332445
2024-05-16,META,-0.10260948512755952
2024-05-16,TSLA,-0.5735297806734709
2024-05-16,AMD,-0.2306746553093193
2024-05-16,NFLX,-0.1173502686210054
2024-05-16,CRM,-0.10044238819944817
2024-05-16,ORCL,-0.05173138167602087
2024-05-16,ADBE,-0.29851677396164333
2024-05-16,AVGO,-0.016739225102234356
2024-05-16,QCOM,-0.006885575413773437
2024-05-16,INTC,-0.38620556984150745
2024-05-16,BTC-USD,-0.10743762913311483
2024-05-16,ETH-USD,-0.38797223382077706
2024-05-16,SOL-USD,-0.35960775126055167
2024-05-17,AAPL,-0.03906850541936868
2024-05-17,MSFT,-0.019568461174106266
2024-05-17,NVDA,-0.02655738264714147
2024-05-17,GOOGL,0.0
2024-05-17,AMZN,-0.02532983140769296
2024-05-17,META,-0.10511256261487312
2024-05-17,TSLA,-0.5671390438679111
2024-05-17,AMD,-0.22192261603984698
2024-05-17,NFLX,-0.10205436306318061
2024-05-17,CRM,-0.09750373318716288
2024-05-17,ORCL,-0.04132967781994801
2024-05-17,ADBE,-0.29771780277337245
2024-05-17,AVGO,-0.028464504385761202
2024-05-17,QCOM,-0.0038538538910617426
2024-05-17,INTC,-0.39003816930072976
2024-05-17,BTC-USD,-0.08253059856191891
2024-05-17,ETH-USD,-0.35701112767886456
2024-05-17,SOL-USD,-0.3176943963983273
2024-05-20,AAPL,-0.0331472252652929
2024-05-20,MSFT,-0.007599168841813664
2024-05-20,NVDA,-0.002336772626667538
2024-05-20,GOOGL,0.0
2024-05-20,AMZN,-0.031451222764470654
2024-05-20,META,-0.11093416710108273
2024-05-20,TSLA,-0.5732614668699634
2024-05-20,AMD,-0.21312329459322887
2024-05-20,NFLX,-0.07354447917570905
2024-05-20,CRM,-0.09289013707409399
2024-05-20,ORCL,-0.033411894095318084
2024-05-20,ADBE,-0.2958873776029516
2024-05-20,AVGO,-0.015415952441380387
2024-05-20,QCOM,0.0
2024-05-20,INTC,-0.3848641453177408
2024-05-20,BTC-USD,-0.022375839792839747
2024-05-20,ETH-USD,-0.23861410601862676
2024-05-20,SOL-USD,-0.24931536713903524
2024-05-21,AAPL,-0.02651720330217089
2024-05-21,MSFT,0.0
2024-05-21,NVDA,0.0
2024-05-21,GOOGL,0.0
2024-05-21,AMZN,-0.03350926703702162
2024-05-21,META,-0.11891771663864847
2024-05-21,TSLA,-0.5448447312049512
2024-05-21,AMD,-0.22102374936836788
2024-05-21,NFLX,-0.05939079334828934
2024-05-21,CRM,-0.10334934240454052
2024-05-21,ORCL,-0.03255820587694391
2024-05-21,ADBE,-0.30001306053224197
2024-05-21,AVGO,-0.025742244021965677
2024-05-21,QCOM,0.0
2024-05-21,INTC,-0.3917628684834572
2024-05-21,BTC-USD,-0.04032331169142145
2024-05-21,ETH-USD,-0.2125428265714745
2024-05-21,SOL-USD,-0.2831401270423609
2024-05-22,AAPL,-0.03385573319188118
2024-05-22,MSFT,0.0
2024-05-22,NVDA,-0.0045709092527924655
2024-05-22,GOOGL,-0.008265578031813381
2024-05-22,AMZN,-0.033614749958773116
2024-05-22,META,-0.11294425131439578
2024-05-22,TSLA,-0.5606751711733386
2024-05-22,AMD,-0.216955244351404
2024-05-22,NFLX,-0.07405053915572912
2024-05-22,CRM,-0.10315962828595304
2024-05-22,ORCL,-0.03279091406245738
2024-05-22,ADBE,-0.2969914492083614
2024-05-22,AVGO,-0.03058833307351616
2024-05-22,QCOM,0.0
2024-05-22,INTC,-0.3978950423312516
2024-05-22,BTC-USD,-0.05420052491328409
2024-05-22,ETH-USD,-0.22336868369903873
2024-05-22,SOL-USD,-0.28819258951291016
2024-05-23,AAPL,-0.054200856384008844
2024-05-23,MSFT,-0.008176064697555385
2024-05-23,NVDA,0.0
2024-05-23,GOOGL,-0.02417780312244011
2024-05-23,AMZN,-0.04459101291948386
2024-05-23,META,-0.11673692029955685
2024-05-23,TSLA,-0.5762128814892655
2024-05-23,AMD,-0.24103515484010685
2024-05-23,NFLX,-0.08099000244757426
2024-05-23,CRM,-0.11974916122902945
2024-05-23,ORCL,-0.03674974522884478
2024-05-23,ADBE,-0.2978921205356787
2024-05-23,AVGO,-0.029857291287842203
2024-05-23,QCOM,-0.0057657328238018835
2024-05-23,INTC,-0.42357363526450553
2024-05-23,BTC-USD,-0.07052121887977447
2024-05-23,ETH-USD,-0.21511665722152518
2024-05-23,SOL-USD,-0.29171418140214556
2024-05-24,AAPL,-0.03851170924730696
2024-05-24,MSFT,-0.0008361163000191185
2024-05-24,NVDA,0.0
2024-05-24,GOOGL,-0.016081292157418714
2024-05-24,AMZN,-0.04617414248021112
2024-05-24,META,-0.09314683904175225
2024-05-24,TSLA,-0.5627972657524469
2024-05-24,AMD,-0.21298137587526167
2024-05-24,NFLX,-0.06497124072604832
2024-05-24,CRM,-0.13959347395209454
2024-05-24,ORCL,-0.04590954971512362
2024-05-24,ADBE,-0.30933945981354904
2024-05-24,AVGO,-0.019726161755396654
2024-05-24,QCOM,0.0
2024-05-24,INTC,-0.41130925078631997
2024-05-24,BTC-USD,-0.06235878738018841
2024-05-24,ETH-USD,-0.2255056363902952
2024-05-24,SOL-USD,-0.3246716854345906
2024-05-28,AAPL,-0.03846126859716337
2024-05-28,MSFT,-0.0004643327256684815
2024-05-28,NVDA,0.0
2024-05-28,GOOGL,-0.008153068749148007
2024-05-28,AMZN,-0.03878631189190285
2024-05-28,META,-0.08992315211273327
2024-05-28,TSLA,-0.5688708942758754
2024-05-28,AMD,-0.18814458961957703
2024-05-28,NFLX,-0.06171836041419709
2024-05-28,CRM,-0.14736674742357336
2024-05-28,ORCL,-0.03364478436861362
2024-05-28,ADBE,-0.30498133842348285
2024-05-28,AVGO,-0.016516322629191782
2024-05-28,QCOM,0.0
2024-05-28,INTC,-0.4047937654969678
2024-05-28,BTC-USD,-0.06550426908946616
2024-05-28,ETH-USD,-0.20195623508711935
2024-05-28,SOL-USD,-0.32123490308774905
2024-05-29,AAPL,-0.036942981639603634
2024-05-29,MSFT,-0.0031354902262902273
2024-05-29,NVDA,0.0
2024-05-29,GOOGL,-0.010964588244607443
2024-05-29,AMZN,-0.03947227296854405
2024-05-29,META,-0.10046662481641877
2024-05-29,TSLA,-0.5702368419230845
2024-05-29,AMD,-0.2187529776943622
2024-05-29,NFLX,-0.05359338433567884
2024-05-29,CRM,-0.14171065603495525
2024-05-29,ORCL,-0.03946667702543838
2024-05-29,ADBE,-0.3061870658348358
2024-05-29,AVGO,-0.03168152338664676
2024-05-29,QCOM,-0.022620751069741263
2024-05-29,INTC,-0.42261548539969995
2024-05-29,BTC-USD,-0.0753303584256364
2024-05-29,ETH-USD,-0.2179700370009401
2024-05-29,SOL-USD,-0.3235618533924892
2024-05-30,AAPL,-0.03188199912746248
2024-05-30,MSFT,-0.03681573500040103
2024-05-30,NVDA,-0.03766591317915491
2024-05-30,GOOGL,-0.03227440069968823
2024-05-30,AMZN,-0.05372027797246037
2024-05-30,META,-0.11432862451900039
2024-05-30,TSLA,-0.5638949368154305
2024-05-30,AMD,-0.2111363603551577
2024-05-30,NFLX,-0.06365568331940052
2024-05-30,CRM,-0.311112212515145
2024-05-30,ORCL,-0.09108747072180201
2024-05-30,ADBE,-0.35228147903035345
2024-05-30,AVGO,-0.05019602689668079
2024-05-30,QCOM,-0.03491974950108667
2024-05-30,INTC,-0.42146566142281705
2024-05-30,BTC-USD,-0.06456324358439325
2024-05-30,ETH-USD,-0.22136709163884283
2024-05-30,SOL-USD,-0.3279734848891933
2024-05-31,AAPL,-0.027023324941630622
2024-05-31,MSFT,-0.035747272000152375
2024-05-31,NVDA,-0.04521644708382744
2024-05-31,GOOGL,-0.030081812177228717
2024-05-31,AMZN,-0.06891819292133905
2024-05-31,META,-0.11474586246333918
2024-05-31,TSLA,-0.5656267500041128
2024-05-31,AMD,-0.21042676676532157
2024-05-31,NFLX,-0.07238786519347473
2024-05-31,CRM,-0.2591952705928885
2024-05-31,ORCL,-0.090311169810817
2024-05-31,ADBE,-0.35389396266478834
2024-05-31,AVGO,-0.07493548175490494
2024-05-31,QCOM,-0.03845395659263118
2024-05-31,INTC,-0.40881800228567067
2024-05-31,BTC-USD,-0.07651639477447025
2024-05-31,ETH-USD,-0.21862877854280327
2024-05-31,SOL-USD,-0.33336180788642766
2024-06-03,AAPL,-0.01801479633983294
2024-06-03,MSFT,-0.03948710890589724
2024-06-03,NVDA,0.0
2024-06-03,GOOGL,-0.026314353534133916
2024-06-03,AMZN,-0.058891839905590326
2024-06-03,META,-0.09453121224635674
2024-06-03,TSLA,-0.5699929439685297
2024-06-03,AMD,-0.22627495849274526
2024-06-03,NFLX,-0.08370797912535677
2024-06-03,CRM,-0.252306626302935
2024-06-03,ORCL,-0.07408751260199176
2024-06-03,ADBE,-0.3622325317376254
2024-06-03,AVGO,-0.07956595699407365
2024-06-03,QCOM,-0.029689165252830385
2024-06-03,INTC,-0.4195493616932059
2024-06-03,BTC-USD,-0.05854561905218003
2024-06-03,ETH-USD,-0.21730657711624013
2024-06-03,SOL-USD,-0.3362364276329264
2024-06-04,AAPL,-0.016395238277888913
2024-06-04,MSFT,-0.033563963221558635
2024-06-04,NVDA,0.0
2024-06-04,GOOGL,-0.02282838462826986
2024-06-04,AMZN,-0.053614795050709096
2024-06-04,META,-0.09547926276640717
2024-06-04,TSLA,-0.5737005055197312
2024-06-04,AMD,-0.24311665343246947
2024-06-04,NFLX,-0.08684526421945271
2024-06-04,CRM,-0.257868155067001
2024-06-04,ORCL,-0.06795503888484589
2024-06-04,ADBE,-0.3486497112052983
2024-06-04,AVGO,-0.073355039037305
2024-06-04,QCOM,-0.036946183140081024
2024-06-04,INTC,-0.42453174834671425
2024-06-04,BTC-USD,-0.03442274076912022
2024-06-04,ETH-USD,-0.20772098460145982
2024-06-04,SOL-USD,-0.308552836621264
2024-06-05,AAPL,-0.00870261034652342
2024-06-05,MSFT,-0.01512107419917208
2024-06-05,NVDA,0.0
2024-06-05,GOOGL,-0.01371954995594038
2024-06-05,AMZN,-0.04337731514882914
2024-06-05,META,-0.06121304943332917
2024-06-05,TSLA,-0.573139499283045
2024-06-05,AMD,-0.21388024254674076
2024-06-05,NFLX,-0.059882293625309835
2024-06-05,CRM,-0.25259105026344564
2024-06-05,ORCL,-0.04808301017810013
2024-06-05,ADBE,-0.33785610786917897
2024-06-05,AVGO,-0.016070735255066637
2024-06-05,QCOM,-0.0014625085635510127
2024-06-05,INTC,-0.41015942680943707
2024-06-05,BTC-USD,-0.027375258266229774
2024-06-05,ETH-USD,-0.19696783054147804
2024-06-05,SOL-USD,-0.3017874179117631
2024-06-06,AAPL,-0.015737248962263584
2024-06-06,MSFT,-0.013936546051245835
2024-06-06,NVDA,-0.011777294835299879
2024-06-06,GOOGL,-0.006297661625777273
2024-06-06,AMZN,-0.0237467018469657
2024-06-06,META,-0.063678132529572
2024-06-06,TSLA,-0.565968236915915
2024-06-06,AMD,-0.2109944416371905
2024-06-06,NFLX,-0.062412372923849824
2024-06-06,CRM,-0.2329050452865169
2024-06-06,ORCL,-0.04132967781994801
2024-06-06,ADBE,-0.3344712754296897
2024-06-06,AVGO,-0.024300721000839687
2024-06-06,QCOM,-0.013054544870216844
2024-06-06,INTC,-0.41705814997515334
2024-06-06,BTC-USD,-0.03183120591515187
2024-06-06,ETH-USD,-0.20791007345901713
2024-06-06,SOL-USD,-0.3157397237517997
2024-06-07,AAPL,-0.003540434690818328
2024-06-07,MSFT,-0.015492857773522828
2024-06-07,NVDA,-0.0126755736767995
2024-06-07,GOOGL,-0.019061185821855675
2024-06-07,AMZN,-0.027440617141119672
2024-06-07,META,-0.06519522346888429
2024-06-07,TSLA,-0.5670902866085694
2024-06-07,AMD,-0.20583786905363455
2024-06-07,NFLX,-0.07260471652754608
2024-06-07,CRM,-0.23578044590178726
2024-06-07,ORCL,-0.022544470388581428
2024-06-07,ADBE,-0.32386653111376984
2024-06-07,AVGO,-0.020561746867861275
2024-06-07,QCOM,-0.026343335541002433
2024-06-07,INTC,-0.41092597612735904
2024-06-07,BTC-USD,-0.05118684877571544
2024-06-07,ETH-USD,-0.23554398687793343
2024-06-07,SOL-USD,-0.3459617055131422
2024-06-10,AAPL,-0.022620253784296107
2024-06-10,MSFT,-0.006155203844735557
2024-06-10,NVDA,-0.00530868735309642
2024-06-10,GOOGL,-0.014839359436757182
2024-06-10,AMZN,-0.012876002329320846
2024-06-10,META,-0.046914785409313375
2024-06-10,TSLA,-0.5760909511216291
2024-06-10,AMD,-0.24146091099400857
2024-06-10,NFLX,-0.06822423133867972
2024-06-10,CRM,-0.23581209763652322
2024-06-10,ORCL,-0.03356715427751511
2024-06-10,ADBE,-0.33184187907099794
2024-06-10,AVGO,0.0
2024-06-10,QCOM,-0.013478752321617549
2024-06-10,INTC,-0.40766825187398137
2024-06-10,BTC-USD,-0.04886491136850313
2024-06-10,ETH-USD,-0.23801934114684142
2024-06-10,SOL-USD,-0.3603661242069832
2024-06-11,AAPL,0.0
2024-06-11,MSFT,0.0
2024-06-11,NVDA,-0.012414807234672365
2024-06-11,GOOGL,-0.005776429244653047
2024-06-11,AMZN,-0.011978914366548632
2024-06-11,META,-0.03767975549121083
2024-06-11,TSLA,-0.5837256307681977
2024-06-11,AMD,-0.247989388580091
2024-06-11,NFLX,-0.062368914416411236
2024-06-11,CRM,-0.23849793135057706
2024-06-11,ORCL,-0.03837997714191366
2024-06-11,ADBE,-0.32784693446343727
2024-06-11,AVGO,0.0
2024-06-11,QCOM,-0.017389940497040124
2024-06-11,INTC,-0.4074766145445009
2024-06-11,BTC-USD,-0.07869722646014488
2024-06-11,ETH-USD,-0.2730118399964283
2024-06-11,SOL-USD,-0.398596681496566
2024-06-12,AAPL,0.0
2024-06-12,MSFT,0.0
2024-06-12,NVDA,0.0
2024-06-12,GOOGL,0.0
2024-06-12,AMZN,-0.013773090292092727
2024-06-12,META,-0.0350818962971402
2024-06-12,TSLA,-0.56755374110729
2024-06-12,AMD,-0.24193394932505596
2024-06-12,NFLX,-0.060185951673477955
2024-06-12,CRM,-0.254897750175066
2024-06-12,ORCL,0.0
2024-06-12,ADBE,-0.33194357921004436
2024-06-12,AVGO,0.0
2024-06-12,QCOM,0.0
2024-06-12,INTC,-0.410542701468398
2024-06-12,BTC-USD,-0.06625726053076275
2024-06-12,ETH-USD,-0.26027576430812094
2024-06-12,SOL-USD,-0.3754605032258025
2024-06-13,AAPL,0.0
2024-06-13,MSFT,0.0
2024-06-13,NVDA,0.0
2024-06-13,GOOGL,-0.014792821571563808
2024-06-13,AMZN,-0.029920834664619034
2024-06-13,META,-0.044070342033562415
2024-06-13,TSLA,-0.5549186509320415
2024-06-13,AMD,-0.24354248177290116
2024-06-13,NFLX,-0.055559606045321064
2024-06-13,CRM,-0.2762902989150572
2024-06-13,ORCL,-0.0037754295078819
2024-06-13,ADBE,-0.33358514536026584
2024-06-13,AVGO,0.0
2024-06-13,QCOM,0.0
2024-06-13,INTC,-0.4162916374398282
2024-06-13,BTC-USD,-0.08657359817879551
2024-06-13,ETH-USD,-0.2790485791446202
2024-06-13,SOL-USD,-0.4071071133466331
2024-06-14,AAPL,-0.008168404377468241
2024-06-14,MSFT,0.0
2024-06-14,NVDA,0.0
2024-06-14,GOOGL,-0.005624720036167652
2024-06-14,AMZN,-0.03081792262739147
2024-06-14,META,-0.04300737453038117
2024-06-14,TSLA,-0.5657975120696548
2024-06-14,AMD,-0.24481975023460623
2024-06-14,NFLX,-0.032254264476343164
2024-06-14,CRM,-0.2670949547134831
2024-06-14,ORCL,-0.016028002188325452
2024-06-14,ADBE,-0.23687842107475143
2024-06-14,AVGO,0.0
2024-06-14,QCOM,-0.011386041933310387
2024-06-14,INTC,-0.41648323798671194
2024-06-14,BTC-USD,-0.09677158660983665
2024-06-14,ETH-USD,-0.2767645968023842
2024-06-14,SOL-USD,-0.4240911914451061
2024-06-17,AAPL,0.0
2024-06-17,MSFT,0.0
2024-06-17,NVDA,-0.0068244393825146465
2024-06-17,GOOGL,-0.0030934488982492514
2024-06-17,AMZN,-0.028707136893964647
2024-06-17,META,-0.03831883165438199
2024-06-17,TSLA,-0.5427958097341374
2024-06-17,AMD,-0.2506387064173825
2024-06-17,NFLX,-0.0229293262089324
2024-06-17,CRM,-0.271708452681638
2024-06-17,ORCL,0.0
2024-06-17,ADBE,-0.2464227175589413
2024-06-17,AVGO,0.0
2024-06-17,QCOM,0.0
2024-06-17,INTC,-0.40632682735021486
2024-06-17,BTC-USD,-0.09021466028583747
2024-06-17,ETH-USD,-0.270300264176464
2024-06-17,SOL-USD,-0.4231259225187144
2024-06-18,AAPL,-0.010984453070528755
2024-06-18,MSFT,-0.004527458078104396
2024-06-18,NVDA,0.0
2024-06-18,GOOGL,-0.015186588321795536
2024-06-18,AMZN,-0.03530344296256627
2024-06-18,META,-0.051871915363204235
2024-06-18,TSLA,-0.5490889575824498
2024-06-18,AMD,-0.26847383238287736
2024-06-18,NFLX,-0.008703283069635415
2024-06-18,CRM,-0.2675057893231092
2024-06-18,ORCL,0.0
2024-06-18,ADBE,-0.2413237013459707
2024-06-18,AVGO,-0.014407804352650877
2024-06-18,QCOM,0.0
2024-06-18,INTC,-0.41303391318645066
2024-06-18,BTC-USD,-0.1086805353636594
2024-06-18,ETH-USD,-0.2760560843538229
2024-06-18,SOL-USD,-0.4465908989719376
2024-06-20,AAPL,-0.03226117436666631
2024-06-20,MSFT,-0.005954764760714437
2024-06-20,NVDA,-0.035403431459514634
2024-06-20,GOOGL,-0.008380654577075486
2024-06-20,AMZN,-0.017941920298070735
2024-06-20,META,-0.04767677430304518
2024-06-20,TSLA,-0.5571139186194445
2024-06-20,AMD,-0.23464852378546164
2024-06-20,NFLX,-0.018302980580775507
2024-06-20,CRM,-0.23593845921318202
2024-06-20,ORCL,-0.011960898410208642
2024-06-20,ADBE,-0.24030678862171395
2024-06-20,AVGO,-0.051567511638170194
2024-06-20,QCOM,-0.05116915817114964
2024-06-20,INTC,-0.41322551373333427
2024-06-20,BTC-USD,-0.11295085415996775
2024-06-20,ETH-USD,-0.2703609430800429
2024-06-20,SOL-USD,-0.462814516126556
2024-06-21,AAPL,-0.04236859454412456
2024-06-21,MSFT,0.0
2024-06-21,NVDA,-0.06645529834882402
2024-06-21,GOOGL,0.0
2024-06-21,AMZN,-0.0022163491764923826
2024-06-21,META,-0.06081238661504873
2024-06-21,TSLA,-0.553601497763456
2024-06-21,AMD,-0.2372504872590775
2024-06-21,NFLX,-0.008052729067421271
2024-06-21,CRM,-0.22563716904921627
2024-06-21,ORCL,-0.02170926631216874
2024-06-21,ADBE,-0.22506790501437546
2024-06-21,AVGO,-0.09308477330790565
2024-06-21,QCOM,-0.06411546890967867
2024-06-21,INTC,-0.40421889029112323
2024-06-21,BTC-USD,-0.12297304837959322
2024-06-21,ETH-USD,-0.2693242267625421
2024-06-21,SOL-USD,-0.45832562872519467
2024-06-24,AAPL,-0.039368581818047366
2024-06-24,MSFT,-0.004691127615421675
2024-06-24,NVDA,-0.12885398172362061
2024-06-24,GOOGL,-0.002282466712064224
2024-06-24,AMZN,-0.020738747629452492
2024-06-24,META,-0.05297287725745625
2024-06-24,TSLA,-0.5546503371285338
2024-06-24,AMD,-0.24188666714791018
2024-06-24,NFLX,-0.03277477385858274
2024-06-24,CRM,-0.2418158183102097
2024-06-24,ORCL,-0.03284014142723357
2024-06-24,ADBE,-0.23853452848286627
2024-06-24,AVGO,-0.12663783101105275
2024-06-24,QCOM,-0.11559298671473339
2024-06-24,INTC,-0.4141837003807367
2024-06-24,BTC-USD,-0.17522540570032907
2024-06-24,ETH-USD,-0.30378314699261455
2024-06-24,SOL-USD,-0.4677711763623953
2024-06-25,AAPL,-0.03507633904459295
2024-06-25,MSFT,0.0
2024-06-25,NVDA,-0.06999570920847664
2024-06-25,GOOGL,0.0
2024-06-25,AMZN,-0.016675481066540043
2024-06-25,META,-0.030782927246635783
2024-06-25,TSLA,-0.5430153290590214
2024-06-25,AMD,-0.24188666714791018
2024-06-25,NFLX,-0.027873779287476808
2024-06-25,CRM,-0.23606491893475479
2024-06-25,ORCL,-0.037818335070792575
2024-06-25,ADBE,-0.23459766024067197
2024-06-25,AVGO,-0.13290194891831264
2024-06-25,QCOM,-0.10973612762338336
2024-06-25,INTC,-0.41092597612735904
2024-06-25,BTC-USD,-0.15432839662851394
2024-06-25,ETH-USD,-0.29447893006249015
2024-06-25,SOL-USD,-0.4503933879262777
2024-06-26,AAPL,-0.015784388117768278
2024-06-26,MSFT,0.0
2024-06-26,NVDA,-0.0677091303800228
2024-06-26,GOOGL,-0.0008150915935040137
2024-06-26,AMZN,0.0
2024-06-26,META,-0.025999485937639566
2024-06-26,TSLA,-0.5210137460485219
2024-06-26,AMD,-0.2547072114343464
2024-06-26,NFLX,-0.02024030348597894
2024-06-26,CRM,-0.23167263960255224
2024-06-26,ORCL,-0.04431699472967099
2024-06-26,ADBE,-0.23201188765566017
2024-06-26,AVGO,-0.12675324311427127
2024-06-26,QCOM,-0.13104938999217186
2024-06-26,INTC,-0.41475857558658125
2024-06-26,BTC-USD,-0.16792056560304314
2024-06-26,ETH-USD,-0.29978884147433504
2024-06-26,SOL-USD,-0.4501923874684536
2024-06-27,AAPL,-0.011861272677389567
2024-06-27,MSFT,0.0
2024-06-27,NVDA,-0.08548459761584581
2024-06-27,GOOGL,0.0
2024-06-27,AMZN,0.0
2024-06-27,META,-0.013775213743254078
2024-06-27,TSLA,-0.5184525756003637
2024-06-27,AMD,-0.24557669818811811
2024-06-27,NFLX,-0.01062615657261945
2024-06-27,CRM,-0.20102168855380032
2024-06-27,ORCL,-0.030835305949592273
2024-06-27,ADBE,-0.20571783540253663
2024-06-27,AVGO,-0.12968219897730016
2024-06-27,QCOM,-0.14064907517489245
2024-06-27,INTC,-0.41380042572177567
2024-06-27,BTC-USD,-0.15706280102553927
2024-06-27,ETH-USD,-0.2841359166852272
2024-06-27,SOL-USD,-0.398518627239953
2024-06-28,AAPL,-0.027922719581174094
2024-06-28,MSFT,-0.013028581930799255
2024-06-28,NVDA,-0.08880369752921735
2024-06-28,GOOGL,-0.017582787095566377
2024-06-28,AMZN,-0.023249966952787804
2024-06-28,META,-0.042893449720288856
2024-06-28,TSLA,-0.5173305259077094
2024-06-28,AMD,-0.2326142351837147
2024-06-28,NFLX,-0.024302791525238066
2024-06-28,CRM,-0.18759217647633264
2024-06-28,ORCL,-0.023783405545468095
2024-06-28,ADBE,-0.19296311290737023
2024-06-28,AVGO,-0.11933158708812786
2024-06-28,QCOM,-0.12290281609752907
2024-06-28,INTC,-0.4065184646796953
2024-06-28,BTC-USD,-0.17464083248954965
2024-06-28,ETH-USD,-0.2989246237121588
2024-06-28,SOL-USD,-0.4377390181314941
2024-07-01,AAPL,0.0
2024-07-01,MSFT,0.0
2024-07-01,NVDA,-0.0831981880716447
2024-07-01,GOOGL,-0.013052114518567026
2024-07-01,AMZN,-0.003285363331923863
2024-07-01,META,-0.04202016235686146
2024-07-01,TSLA,-0.4881088860514562
2024-07-01,AMD,-0.2539975456579803
2024-07-01,NFLX,-0.026138858314125324
2024-07-01,CRM,-0.19040446991195903
2024-07-01,ORCL,-0.010716349999318808
2024-07-01,ADBE,-0.18646946592974412
2024-07-01,AVGO,-0.099985152758298
2024-07-01,QCOM,-0.119159708012895
2024-07-01,INTC,-0.409009639615151
2024-07-01,BTC-USD,-0.1399976674796637
2024-07-01,ETH-USD,-0.2850625383365355
2024-07-01,SOL-USD,-0.41000230600891885
2024-07-02,AAPL,0.0
2024-07-02,MSFT,0.0
2024-07-02,NVDA,-0.0952206992658482
2024-07-02,GOOGL,-0.0009167400534492165
2024-07-02,AMZN,0.0
2024-07-02,META,-0.03287104295128762
2024-07-02,TSLA,-0.43590995970863844
2024-07-02,AMD,-0.22267956399335886
2024-07-02,NFLX,-0.017507822255587002
2024-07-02,CRM,-0.19046762616406
2024-07-02,ORCL,-0.009402930305505208
2024-07-02,ADBE,-0.17528360329533277
2024-07-02,AVGO,-0.09083590312490875
2024-07-02,QCOM,-0.11858719118917682
2024-07-02,INTC,-0.4046021281674873
2024-07-02,BTC-USD,-0.15125827820233018
2024-07-02,ETH-USD,-0.2900472392367244
2024-07-02,SOL-USD,-0.3814052775363105
2024-07-03,AAPL,0.0
2024-07-03,MSFT,0.0
2024-07-03,NVDA,-0.05384277510609603
2024-07-03,GOOGL,0.0
2024-07-03,AMZN,-0.01205001831054675
2024-07-03,META,-0.031997813950980114
2024-07-03,TSLA,-0.399004808507911
2024-07-03,AMD,-0.22461921605428425
2024-07-03,NFLX,-0.01327183108891472
2024-07-03,CRM,-0.17542637831036656
2024-07-03,ORCL,-0.0017977891561353765
2024-07-03,ADBE,-0.17173899435143059
2024-07-03,AVGO,-0.05148490356725055
2024-07-03,QCOM,-0.1025144211355079
2024-07-03,INTC,-0.4015360412435902
2024-07-03,BTC-USD,-0.17664148713457895
2024-07-03,ETH-USD,-0.31569889058061495
2024-07-03,SOL-USD,-0.43360158982580266
2024-07-05,AAPL,0.0
2024-07-05,MSFT,0.0
2024-07-05,NVDA,-0.07191336122234981
2024-07-05,GOOGL,0.0
2024-07-05,AMZN,0.0
2024-07-05,META,0.0
2024-07-05,TSLA,-0.38649168591958094
2024-07-05,AMD,-0.18677268461705043
2024-07-05,NFLX,-0.001503509936280345
2024-07-05,CRM,-0.1683482652641104
2024-07-05,ORCL,0.0
2024-07-05,ADBE,-0.15984131940990154
2024-07-05,AVGO,-0.06569725056078668
2024-07-05,QCOM,-0.09397143521035567
2024-07-05,INTC,-0.38639717038839116
2024-07-05,BTC-USD,-0.22468990948709355
2024-07-05,ETH-USD,-0.38039391567154446
2024-07-05,SOL-USD,-0.4592068864611484
2024-07-08,AAPL,0.0
2024-07-08,MSFT,-0.0028230014239877255
2024-07-08,NVDA,-0.05443295643887325
2024-07-08,GOOGL,-0.008237335624222464
2024-07-08,AMZN,-0.0035500335693359197
2024-07-08,META,-0.01961441334892644
2024-07-08,TSLA,-0.3830280223229343
2024-07-08,AMD,-0.1546504006352415
2024-07-08,NFLX,-0.008602137254099529
2024-07-08,CRM,-0.18673900273971522
2024-07-08,ORCL,0.0
2024-07-08,ADBE,-0.16411228191881477
2024-07-08,AVGO,-0.04235752328872722
2024-07-08,QCOM,-0.08454792531915989
2024-07-08,INTC,-0.34864583030643215
2024-07-08,BTC-USD,-0.22410533627631413
2024-07-08,ETH-USD,-0.3726772435339678
2024-07-08,SOL-USD,-0.4387037343526855
2024-07-09,AAPL,0.0
2024-07-09,MSFT,-0.017152812237992143
2024-07-09,NVDA,-0.0309781153832438
2024-07-09,GOOGL,-0.008499613565864816
2024-07-09,AMZN,-0.003300018310546715
2024-07-09,META,-0.01835495602947257
2024-07-09,TSLA,-0.3601239461639463
2024-07-09,AMD,-0.16217238143362445
2024-07-09,NFLX,-0.008602137254099529
2024-07-09,CRM,-0.20110722184627272
2024-07-09,ORCL,-0.029993931470908786
2024-07-09,ADBE,-0.17773868189171838
2024-07-09,AVGO,-0.049241500722970066
2024-07-09,QCOM,-0.08793861232242872
2024-07-09,INTC,-0.3371479583635717
2024-07-09,BTC-USD,-0.20626096776290137
2024-07-09,ETH-USD,-0.3632632363468662
2024-07-09,SOL-USD,-0.4311182239493918
2024-07-10,AAPL,0.0
2024-07-10,MSFT,-0.0028017468840678683
2024-07-10,NVDA,-0.004941745902982464
2024-07-10,GOOGL,0.0
2024-07-10,AMZN,-0.001050033569335973
2024-07-10,META,-0.009668367962904711
2024-07-10,TSLA,-0.35785543092968486
2024-07-10,AMD,-0.12971897783873532
2024-07-10,NFLX,-0.020298101094856524
2024-07-10,CRM,-0.20060084316295534
2024-07-10,ORCL,-0.020409580426125506
2024-07-10,ADBE,-0.1798742074792783
2024-07-10,AVGO,-0.04299942302491111
2024-07-10,QCOM,-0.08054080104134476
2024-07-10,INTC,-0.33178233383369926
2024-07-10,BTC-USD,-0.20991063518099162
2024-07-10,ETH-USD,-0.35532784618811175
2024-07-10,SOL-USD,-0.4285973969427419
2024-07-11,AAPL,-0.023220877354067526
2024-07-11,MSFT,-0.027504437383361613
2024-07-11,NVDA,-0.06033335906453974
2024-07-11,GOOGL,-0.02934412055644131
2024-07-11,AMZN,-0.02474998474121093
2024-07-11,META,-0.05039737028774127
2024-07-11,TSLA,-0.41207893733292733
2024-07-11,AMD,-0.1392752472388652
2024-07-11,NFLX,-0.056296856460851696
2024-07-11,CRM,-0.2052531574445614
2024-07-11,ORCL,-0.01287287272608073
2024-07-11,ADBE,-0.18992691599249312
2024-07-11,AVGO,-0.06424891836391944
2024-07-11,QCOM,-0.11995239107728195
2024-07-11,INTC,-0.35803576519020097
2024-07-11,BTC-USD,-0.21535074178850222
2024-07-11,ETH-USD,-0.3557201789317367
2024-07-11,SOL-USD,-0.4531139871569735
2024-07-12,AAPL,-0.010473005652386846
2024-07-12,MSFT,-0.02996405259515611
2024-07-12,NVDA,-0.04676217909912794
2024-07-12,GOOGL,-0.031959426065347074
2024-07-12,AMZN,-0.027549972534179568
2024-07-12,META,-0.07601282783134156
2024-07-12,TSLA,-0.3945166841758576
2024-07-12,AMD,-0.14083642532303464
2024-07-12,NFLX,-0.0637423797327169
2024-07-12,CRM,-0.19623334542151527
2024-07-12,ORCL,0.0
2024-07-12,ADBE,-0.18786409669439963
2024-07-12,AVGO,-0.06714507019464921
2024-07-12,QCOM,-0.10859137596921087
2024-07-12,INTC,-0.33906425809318286
2024-07-12,BTC-USD,-0.2077628350619497
2024-07-12,ETH-USD,-0.3486904061884364
2024-07-12,SOL-USD,-0.4384448840839019
2024-07-15,AAPL,0.0
2024-07-15,MSFT,-0.029087169982585093
2024-07-15,NVDA,-0.05266286386521546
2024-07-15,GOOGL,-0.02432267925236864
2024-07-15,AMZN,-0.036399993896484406
2024-07-15,META,-0.08103203518188895
2024-07-15,TSLA,-0.38375979062516263
2024-07-15,AMD,-0.1492572727928968
2024-07-15,NFLX,-0.05094770981938357
2024-07-15,CRM,-0.19974634447000017
2024-07-15,ORCL,-0.011742765835795366
2024-07-15,ADBE,-0.17818901755537697
2024-07-15,AVGO,-0.05972367045000815
2024-07-15,QCOM,-0.08327091882429116
2024-07-15,INTC,-0.33963924364681797
2024-07-15,BTC-USD,-0.11238306397818931
2024-07-15,ETH-USD,-0.2748359614841167
2024-07-15,SOL-USD,-0.35631749720346517
2024-07-16,AAPL,0.0
2024-07-16,MSFT,-0.03858329989617826
2024-07-16,NVDA,-0.06800430568853766
2024-07-16,GOOGL,-0.037974805793687505
2024-07-16,AMZN,-0.03489997863769545
2024-07-16,META,-0.09283030743150433
2024-07-16,TSLA,-0.37419811987541673
2024-07-16,AMD,-0.16004352847758607
2024-07-16,NFLX,-0.05113555204823583
2024-07-16,CRM,-0.18971392229769035
2024-07-16,ORCL,-0.014920416545844084
2024-07-16,ADBE,-0.17698333447712744
2024-07-16,AVGO,-0.07091351883216279
2024-07-16,QCOM,-0.07684189540080288
2024-07-16,INTC,-0.34193874447019634
2024-07-16,BTC-USD,-0.10927708118111479
2024-07-16,ETH-USD,-0.28440339091571876
2024-07-16,SOL-USD,-0.35383063086078614
2024-07-17,AAPL,-0.02529596352103869
2024-07-17,MSFT,-0.05141586121369923
2024-07-17,NVDA,-0.12973905622449178
2024-07-17,GOOGL,-0.05314367432235334
2024-07-17,AMZN,-0.06035003662109373
2024-07-17,META,-0.14432039191013357
2024-07-17,TSLA,-0.39385808898192387
2024-07-17,AMD,-0.24576597126976107
2024-07-17,NFLX,-0.06394478166456896
2024-07-17,CRM,-0.20493668916965968
2024-07-17,ORCL,-0.0380603921673387
2024-07-17,ADBE,-0.18199510314273826
2024-07-17,AVGO,-0.14441565169225234
2024-07-17,QCOM,-0.15628158324553942
2024-07-17,INTC,-0.33963924364681797
2024-07-17,BTC-USD,-0.12266389857149695
2024-07-17,ETH-USD,-0.2957832728150902
2024-07-17,SOL-USD,-0.3738243115979967
2024-07-18,AAPL,-0.04531150420940133
2024-07-18,MSFT,-0.058152819743501505
2024-07-18,NVDA,-0.10687428364547102
2024-07-18,GOOGL,-0.0705617410002497
2024-07-18,AMZN,-0.08125000000000004
2024-07-18,META,-0.11864952416704744
2024-07-18,TSLA,-0.39207748131461784
2024-07-18,AMD,-0.2630807045405328
2024-07-18,NFLX,-0.07033494707051602
2024-07-18,CRM,-0.21718443833874013
2024-07-18,ORCL,-0.046556676147196496
2024-07-18,ADBE,-0.19106007011368953
2024-07-18,AVGO,-0.11951252182877692
2024-07-18,QCOM,-0.15689816151671754
2024-07-18,INTC,-0.33178233383369926
2024-07-18,BTC-USD,-0.1246441890953498
2024-07-18,ETH-USD,-0.287989128532225
2024-07-18,SOL-USD,-0.3597849853947651
2024-07-19,AAPL,-0.04475777288618932
2024-07-19,MSFT,-0.06512530514379133
2024-07-19,NVDA,-0.1301814524047168
2024-07-19,GOOGL,-0.07071883960787484
2024-07-19,AMZN,-0.08434997558593749
2024-07-19,META,-0.11690840244137457
2024-07-19,TSLA,-0.41654268303530984
2024-07-19,AMD,-0.2829028369306288
2024-07-19,NFLX,-0.08435858827796106
2024-07-19,CRM,-0.21629828791104933
2024-07-19,ORCL,-0.04289580709527396
2024-07-19,ADBE,-0.19955837135783605
2024-07-19,AVGO,-0.13690062377209122
2024-07-19,QCOM,-0.18001674476000118
2024-07-19,INTC,-0.3680006120624112
2024-07-19,BTC-USD,-0.08720632906196335
2024-07-19,ETH-USD,-0.27147315288293283
2024-07-19,SOL-USD,-0.31908162503926507
2024-07-22,AAPL,-0.046248275124632476
2024-07-22,MSFT,-0.05265619645890063
2024-07-22,NVDA,-0.08880369752921735
2024-07-22,GOOGL,-0.049743761064607095
2024-07-22,AMZN,-0.08724998474121093
2024-07-22,META,-0.09725702997686092
2024-07-22,TSLA,-0.38651610176853357
2024-07-22,AMD,-0.2626076662094853
2024-07-22,NFLX,-0.06388698405569126
2024-07-22,CRM,-0.1958853726292482
2024-07-22,ORCL,-0.03177456819496949
2024-07-22,ADBE,-0.19400901948120697
2024-07-22,AVGO,-0.11655059107911425
2024-07-22,QCOM,-0.14144168774096322
2024-07-22,INTC,-0.3605269769082535
2024-07-22,BTC-USD,-0.07523243960675119
2024-07-22,ETH-USD,-0.2850462524435181
2024-07-22,SOL-USD,-0.2796703052068822
2024-07-23,AAPL,-0.041776768409303555
2024-07-23,MSFT,-0.048571273147605454
2024-07-23,NVDA,-0.09581059845820417
2024-07-23,GOOGL,-0.04911617144254754
2024-07-23,AMZN,-0.06794998168945343
2024-07-23,META,-0.09486772850756242
2024-07-23,TSLA,-0.39902918713758184
2024-07-23,AMD,-0.27145426983324916
2024-07-23,NFLX,-0.07073975093422002
2024-07-23,CRM,-0.1896189180210256
2024-07-23,ORCL,-0.011466579516454245
2024-07-23,ADBE,-0.2068073657500532
2024-07-23,AVGO,-0.10168566595346373
2024-07-23,QCOM,-0.1485753418322343
2024-07-23,INTC,-0.368575450485659
2024-07-23,BTC-USD,-0.09791304637845755
2024-07-23,ETH-USD,-0.2764063578908703
2024-07-23,SOL-USD,-0.3047066839561041
2024-07-24,AAPL,-0.06932983815445659
2024-07-24,MSFT,-0.08268447761687714
2024-07-24,NVDA,-0.1573241509040456
2024-07-24,GOOGL,-0.09702891282371306
2024-07-24,AMZN,-0.09584999084472656
2024-07-24,META,-0.14565393830413131
2024-07-24,TSLA,-0.4731565606018864
2024-07-24,AMD,-0.31578199667941964
2024-07-24,NFLX,-0.08052740097499267
2024-07-24,CRM,-0.20949390102968735
2024-07-24,ORCL,-0.04144507489992011
2024-07-24,ADBE,-0.22855443759291105
2024-07-24,AVGO,-0.16986696768922416
2024-07-24,QCOM,-0.20265093407448687
2024-07-24,INTC,-0.3925293810187823
2024-07-24,BTC-USD,-0.1055144757366574
2024-07-24,ETH-USD,-0.306675237477239
2024-07-24,SOL-USD,-0.28347758427295777
2024-07-25,AAPL,-0.0738012136693772
2024-07-25,MSFT,-0.1051416259736323
2024-07-25,NVDA,-0.17185432616064666
2024-07-25,GOOGL,-0.12501298759621182
2024-07-25,AMZN,-0.10074996948242188
2024-07-25,META,-0.16021195739576388
2024-07-25,TSLA,-0.4627655698119466
2024-07-25,AMD,-0.34563343680069303
2024-07-25,NFLX,-0.08327427645721386
2024-07-25,CRM,-0.18816318358545947
2024-07-25,ORCL,-0.04800719290860389
2024-07-25,ADBE,-0.22694186529226956
2024-07-25,AVGO,-0.1812761930373783
2024-07-25,QCOM,-0.22766289058886957
2024-07-25,INTC,-0.40402725296164277
2024-07-25,BTC-USD,-0.09997158643879944
2024-07-25,ETH-USD,-0.34032219686042486
2024-07-25,SOL-USD,-0.30790426777461544
2024-07-26,AAPL,-0.07179975144082662
2024-07-26,MSFT,-0.09044829610656013
2024-07-26,NVDA,-0.16610137011902715
2024-07-26,GOOGL,-0.12647773895828973
2024-07-26,AMZN,-0.08750000000000002
2024-07-26,META,-0.137448843800413
2024-07-26,TSLA,-0.46386320365564815
2024-07-26,AMD,-0.337732982025554
2024-07-26,NFLX,-0.08720666472610827
2024-07-26,CRM,-0.16857291897204985
2024-07-26,ORCL,-0.0397874183990069
2024-07-26,ADBE,-0.21199354084417676
2024-07-26,AVGO,-0.16827622840422563
2024-07-26,QCOM,-0.20714259327773177
2024-07-26,INTC,-0.3992364668550181
2024-07-26,BTC-USD,-0.07076067101329298
2024-07-26,ETH-USD,-0.3192244566422344
2024-07-26,SOL-USD,-0.26293396186149887
2024-07-29,AAPL,-0.07060740213023553
2024-07-29,MSFT,-0.08732567209013886
2024-07-29,NVDA,-0.1769435750757603
2024-07-29,GOOGL,-0.11324395184444791
2024-07-29,AMZN,-0.08400001525878908
2024-07-29,META,-0.13743044966430418
2024-07-29,TSLA,-0.43386100101854297
2024-07-29,AMD,-0.33886840395582185
2024-07-29,NFLX,-0.09358238072983605
2024-07-29,CRM,-0.1816120105819844
2024-07-29,ORCL,-0.04462272560996894
2024-07-29,ADBE,-0.2204628482387433
2024-07-29,AVGO,-0.17601046243605134
2024-07-29,QCOM,-0.21335145046055137
2024-07-29,INTC,-0.4092012769446315
2024-07-29,BTC-USD,-0.08570451521205191
2024-07-29,ETH-USD,-0.3099586460081044
2024-07-29,SOL-USD,-0.26436724926912414
2024-07-30,AAPL,-0.06822257230864526
2024-07-30,MSFT,-0.09547433059324673
2024-07-30,NVDA,-0.23491671666194924
2024-07-30,GOOGL,-0.10926868103244369
2024-07-30,AMZN,-0.09144996643066405
2024-07-30,META,-0.14209771967382123
2024-07-30,TSLA,-0.4569846709409786
2024-07-30,AMD,-0.3450657619288241
2024-07-30,NFLX,-0.09991469337651537
2024-07-30,CRM,-0.18370082878472538
2024-07-30,ORCL,-0.06285856287461267
2024-07-30,ADBE,-0.21741211006597294
2024-07-30,AVGO,-0.21276131529817754
2024-07-30,QCOM,-0.26487281821811837
2024-07-30,INTC,-0.42261548539969995
2024-07-30,BTC-USD,-0.09417288957151748
2024-07-30,ETH-USD,-0.3186599804873693
2024-07-30,SOL-USD,-0.27915149925891447
2024-07-31,AAPL,-0.05425432083944659
2024-07-31,MSFT,-0.10524849645716705
2024-07-31,NVDA,-0.13689351659369375
2024-07-31,GOOGL,-0.10273065870271159
2024-07-31,AMZN,-0.06510002136230486
2024-07-31,META,-0.1205387101462283
2024-07-31,TSLA,-0.43393417412683755
2024-07-31,AMD,-0.31649166245578575
2024-07-31,NFLX,-0.09157281081353552
2024-07-31,CRM,-0.18094737322498788
2024-07-31,ORCL,-0.03674796856560203
2024-07-31,ADBE,-0.19861407625683902
2024-07-31,AVGO,-0.11863501396477905
2024-07-31,QCOM,-0.20317924845411295
2024-07-31,INTC,-0.41092597612735904
2024-07-31,BTC-USD,-0.11581615549337398
2024-07-31,ETH-USD,-0.3285043715700058
2024-07-31,SOL-USD,-0.30845531485926436
2024-08-01,AAPL,-0.07009624533951597
2024-08-01,MSFT,-0.10790053167567404
2024-08-01,NVDA,-0.19449784422147076
2024-08-01,GOOGL,-0.10681039365031897
2024-08-01,AMZN,-0.07964996337890629
2024-08-01,META,-0.07810571605467531
2024-08-01,TSLA,-0.471034466022778
2024-08-01,AMD,-0.37297762217570196
2024-08-01,NFLX,-0.09663285910983521
2024-08-01,CRM,-0.19911330977528252
2024-08-01,ORCL,-0.05014860633625706
2024-08-01,ADBE,-0.2062263360977683
2024-08-01,AVGO,-0.19356301167669776
2024-08-01,QCOM,-0.27781941094991125
2024-08-01,INTC,-0.44331165489684876
2024-08-01,BTC-USD,-0.10571469620365748
2024-08-01,ETH-USD,-0.33468281320790993
2024-08-01,SOL-USD,-0.3251739716382397
2024-08-02,AAPL,-0.06370842546062028
2024-08-02,MSFT,-0.12633671960220538
2024-08-02,NVDA,-0.20880676495987516
2024-08-02,GOOGL,-0.12825604368886523
2024-08-02,AMZN,-0.1605000305175781
2024-08-02,META,-0.09588641057169656
2024-08-02,TSLA,-0.4934507462726564
2024-08-02,AMD,-0.37316682307081495
2024-08-02,NFLX,-0.11283957336099382
2024-08-02,CRM,-0.22788149786804712
2024-08-02,ORCL,-0.07936726619061507
2024-08-02,ADBE,-0.23562911422282207
2024-08-02,AVGO,-0.21111581719884664
2024-08-02,QCOM,-0.29847189260342943
2024-08-02,INTC,-0.5883763683585803
2024-08-02,BTC-USD,-0.15965893250528507
2024-08-02,ETH-USD,-0.3794765277664329
2024-08-02,SOL-USD,-0.3856805136719308
2024-08-05,AAPL,-0.10880679460674503
2024-08-05,MSFT,-0.1548678176841357
2024-08-05,NVDA,-0.2591091292063188
2024-08-05,GOOGL,-0.167015457231393
2024-08-05,AMZN,-0.19489997863769526
2024-08-05,META,-0.11887167749509908
2024-08-05,TSLA,-0.5148913230464697
2024-08-05,AMD,-0.3621912943044828
2024-08-05,NFLX,-0.13465568894474034
2024-08-05,CRM,-0.243578942616141
2024-08-05,ORCL,-0.11680607756397621
2024-08-05,ADBE,-0.26010719389721126
2024-08-05,AVGO,-0.22065991120016804
2024-08-05,QCOM,-0.3044607245422122
2024-08-05,INTC,-0.614629836497679
2024-08-05,BTC-USD,-0.2612360241196713
2024-08-05,ETH-USD,-0.4976803003098379
2024-08-05,SOL-USD,-0.47733819632027297
2024-08-06,AAPL,-0.11749442644265529
2024-08-06,MSFT,-0.14532897942939127
2024-08-06,NVDA,-0.2310812997780345
2024-08-06,GOOGL,-0.1720368180546219
2024-08-06,AMZN,-0.19035003662109373
2024-08-06,META,-0.08486598818310576
2024-08-06,TSLA,-0.5105983394096292
2024-08-06,AMD,-0.3841423518371472
2024-08-06,NFLX,-0.1187236787869207
2024-08-06,CRM,-0.24544614960327382
2024-08-06,ORCL,-0.11438842395849524
2024-08-06,ADBE,-0.2530179760094071
2024-08-06,AVGO,-0.21056728935668045
2024-08-06,QCOM,-0.30107003753894324
2024-08-06,INTC,-0.6199954978101482
2024-08-06,BTC-USD,-0.2332836220726977
2024-08-06,ETH-USD,-0.48905253139093197
2024-08-06,SOL-USD,-0.4200829119212064
2024-08-07,AAPL,-0.10646453931764654
2024-08-07,MSFT,-0.14785255752225734
2024-08-07,NVDA,-0.27046759470551096
2024-08-07,GOOGL,-0.16863698527771964
2024-08-07,AMZN,-0.18614997863769533
2024-08-07,META,-0.09444175903977825
2024-08-07,TSLA,-0.5322584727276083
2024-08-07,AMD,-0.3912858586587743
2024-08-07,NFLX,-0.11596235390248022
2024-08-07,CRM,-0.24031920651799998
2024-08-07,ORCL,-0.13034480849430208
2024-08-07,ADBE,-0.25386057097135784
2024-08-07,AVGO,-0.2525291994329686
2024-08-07,QCOM,-0.31251931653856657
2024-08-07,INTC,-0.6337840427531479
2024-08-07,BTC-USD,-0.24706040436623866
2024-08-07,ETH-USD,-0.5144333092680937
2024-08-07,SOL-USD,-0.41790261272959917
2024-08-08,AAPL,-0.09160209146570886
2024-08-08,MSFT,-0.13874146688340083
2024-08-08,NVDA,-0.2257708527728084
2024-08-08,GOOGL,-0.15247425880563048
2024-08-08,AMZN,-0.17099998474121092
2024-08-08,META,-0.056083493204761914
2024-08-08,TSLA,-0.5149889120037171
2024-08-08,AMD,-0.3550950696600015
2024-08-08,NFLX,-0.08868133100833997
2024-08-08,CRM,-0.21158271923242822
2024-08-08,ORCL,-0.10920777613138377
2024-08-08,ADBE,-0.22971658556368746
2024-08-08,AVGO,-0.20058418514185783
2024-08-08,QCOM,-0.27363604088225546
2024-08-08,INTC,-0.6048570315635142
2024-08-08,BTC-USD,-0.1556214915986509
2024-08-08,ETH-USD,-0.44237239292532693
2024-08-08,SOL-USD,-0.3442564871469941
2024-08-09,AAPL,-0.07912447343536155
2024-08-09,MSFT,-0.13161940265842487
2024-08-09,NVDA,-0.2273934987624192
2024-08-09,GOOGL,-0.1438958056361862
2024-08-09,AMZN,-0.16529998779296873
2024-08-09,META,-0.041006964486902664
2024-08-09,TSLA,-0.5121594277520514
2024-08-09,AMD,-0.36479325777809857
2024-08-09,NFLX,-0.08349112779128531
2024-08-09,CRM,-0.20079075357137066
2024-08-09,ORCL,-0.08779450359063756
2024-08-09,ADBE,-0.2209131839024019
2024-08-09,AVGO,-0.18676147145903965
2024-08-09,QCOM,-0.27570558944487933
2024-08-09,INTC,-0.6198990906238586
2024-08-09,BTC-USD,-0.16697868491177903
2024-08-09,ETH-USD,-0.4597773449529713
2024-08-09,SOL-USD,-0.37031033475818687
2024-08-12,AAPL,-0.07255874580281718
2024-08-12,MSFT,-0.12992979957566642
2024-08-12,NVDA,-0.19589917926480072
2024-08-12,GOOGL,-0.15111405205999973
2024-08-12,AMZN,-0.16599998474121092
2024-08-12,META,-0.04437804585253802
2024-08-12,TSLA,-0.5182818135348215
2024-08-12,AMD,-0.352966216703963
2024-08-12,NFLX,-0.08464774177351964
2024-08-12,CRM,-0.2046518235570367
2024-08-12,ORCL,-0.08420268111855034
2024-08-12,ADBE,-0.22871421409732395
2024-08-12,AVGO,-0.18478682248354206
2024-08-12,QCOM,-0.2827073411870338
2024-08-12,INTC,-0.6266486971420291
2024-08-12,BTC-USD,-0.18785340569348763
2024-08-12,ETH-USD,-0.4338357438315278
2024-08-12,SOL-USD,-0.4105690744859304
2024-08-13,AAPL,-0.056613172980194526
2024-08-13,MSFT,-0.11453061972194145
2024-08-13,NVDA,-0.14338410055213757
2024-08-13,GOOGL,-0.1413328931567701
2024-08-13,AMZN,-0.14885002136230474
2024-08-13,META,-0.021059292672004015
2024-08-13,TSLA,-0.4930604648822303
2024-08-13,AMD,-0.33233985418320944
2024-08-13,NFLX,-0.06313517393716095
2024-08-13,CRM,-0.1942396296403529
2024-08-13,ORCL,-0.07259800844242548
2024-08-13,ADBE,-0.22248213242936365
2024-08-13,AVGO,-0.14342819906375237
2024-08-13,QCOM,-0.2537319693507162
2024-08-13,INTC,-0.605242733873866
2024-08-13,BTC-USD,-0.17068057213666554
2024-08-13,ETH-USD,-0.4381498819653268
2024-08-13,SOL-USD,-0.40952888329906045
2024-08-14,AAPL,-0.05469456380948279
2024-08-14,MSFT,-0.10843528261597157
2024-08-14,NVDA,-0.12907506695756465
2024-08-14,GOOGL,-0.16115709562983382
2024-08-14,AMZN,-0.14949996948242184
2024-08-14,META,-0.02435588632856689
2024-08-14,TSLA,-0.5087933158933704
2024-08-14,AMD,-0.3341375875261676
2024-08-14,NFLX,-0.04338648102898279
2024-08-14,CRM,-0.19196085195673962
2024-08-14,ORCL,-0.06334188893345982
2024-08-14,ADBE,-0.21584325020521788
2024-08-14,AVGO,-0.13503591956109573
2024-08-14,QCOM,-0.2639481623062988
2024-08-14,INTC,-0.6158492899303596
2024-08-14,BTC-USD,-0.19629917106802497
2024-08-14,ETH-USD,-0.4466196117666338
2024-08-14,SOL-USD,-0.4207546329745765
2024-08-15,AAPL,-0.041904098405554424
2024-08-15,MSFT,-0.09789356217919343
2024-08-15,NVDA,-0.09381925136634961
2024-08-15,GOOGL,-0.15629243101000967
2024-08-15,AMZN,-0.11205001831054684
2024-08-15,META,-0.00477860293859711
2024-08-15,TSLA,-0.4776691007828927
2024-08-15,AMD,-0.302866888038692
2024-08-15,NFLX,-0.041160059778610925
2024-08-15,CRM,-0.16831980323907658
2024-08-15,ORCL,-0.054154923721302595
2024-08-15,ADBE,-0.19496785584009724
2024-08-15,AVGO,-0.08874046013464343
2024-08-15,QCOM,-0.2366903409411356
2024-08-15,INTC,-0.601000082025191
2024-08-15,BTC-USD,-0.21240638918155264
2024-08-15,ETH-USD,-0.46591002373884527
2024-08-15,SOL-USD,-0.4254942643017844
2024-08-16,AAPL,-0.03623355115881166
2024-08-16,MSFT,-0.10337856188727557
2024-08-16,NVDA,-0.08113297661755614
2024-08-16,GOOGL,-0.14760959418580633
2024-08-16,AMZN,-0.1147000122070313
2024-08-16,META,-0.023133445072489933
2024-08-16,TSLA,-0.472839489539037
2024-08-16,AMD,-0.2971899227604129
2024-08-16,NFLX,-0.025473854909691784
2024-08-16,CRM,-0.1679400805671598
2024-08-16,ORCL,-0.05042490037257141
2024-08-16,ADBE,-0.19598467989814738
2024-08-16,AVGO,-0.0909894157448079
2024-08-16,QCOM,-0.24179843741892693
2024-08-16,INTC,-0.5975288347972194
2024-08-16,BTC-USD,-0.19415318821963923
2024-08-16,ETH-USD,-0.4611098455579846
2024-08-16,SOL-USD,-0.43923955133848314
2024-08-19,AAPL,-0.03691579328194916
2024-08-19,MSFT,-0.09682226694679263
2024-08-19,NVDA,-0.04115661321347108
2024-08-19,GOOGL,-0.12820373114021966
2024-08-19,AMZN,-0.10889999389648441
2024-08-19,META,-0.019688445475680383
2024-08-19,TSLA,-0.4567407357671419
2024-08-19,AMD,-0.2653988305782141
2024-08-19,NFLX,-0.004568548019279306
2024-08-19,CRM,-0.16012283817424944
2024-08-19,ORCL,-0.04731651167630446
2024-08-19,ADBE,-0.18195156803526502
2024-08-19,AVGO,-0.08007387399732002
2024-08-19,QCOM,-0.23263901421922828
2024-08-19,INTC,-0.5849938039715641
2024-08-19,BTC-USD,-0.18595232679058882
2024-08-19,ETH-USD,-0.45194129366813607
2024-08-19,SOL-USD,-0.41906335506181236
2024-08-20,AAPL,-0.0342723674556078
2024-08-20,MSFT,-0.0898157742826311
2024-08-20,NVDA,-0.061439800939775746
2024-08-20,GOOGL,-0.1255361130826682
2024-08-20,AMZN,-0.10559997558593748
2024-08-20,META,-0.024411581267001714
2024-08-20,TSLA,-0.46069223249218016
2024-08-20,AMD,-0.26010033927669096
2024-08-20,NFLX,0.0
2024-08-20,CRM,-0.17132637453178745
2024-08-20,ORCL,-0.03868213453677605
2024-08-20,ADBE,-0.18321541614508774
2024-08-20,AVGO,-0.08972782733597595
2024-08-20,QCOM,-0.24210658555788422
2024-08-20,INTC,-0.595214694500303
2024-08-20,BTC-USD,-0.19252918964266896
2024-08-20,ETH-USD,-0.46528258561128666
2024-08-20,SOL-USD,-0.42379616969155054
2024-08-21,AAPL,-0.034741408915265004
2024-08-21,MSFT,-0.09122993181211492
2024-08-21,NVDA,-0.052220129116485214
2024-08-21,GOOGL,-0.13249287724409764
2024-08-21,AMZN,-0.09944999694824219
2024-08-21,META,-0.008797977943437618
2024-08-21,TSLA,-0.4553991667496037
2024-08-21,AMD,-0.25342987078611134
2024-08-21,NFLX,-0.002032786935379338
2024-08-21,CRM,-0.1737001074196085
2024-08-21,ORCL,-0.031567428455463564
2024-08-21,ADBE,-0.1780728648246439
2024-08-21,AVGO,-0.09066035029580866
2024-08-21,QCOM,-0.232815119012437
2024-08-21,INTC,-0.5871151298959016
2024-08-21,BTC-USD,-0.16294113710687086
2024-08-21,ETH-USD,-0.4531696355866549
2024-08-21,SOL-USD,-0.42563999423958354
2024-08-22,AAPL,-0.04271406412616785
2024-08-22,MSFT,-0.1096351678148878
2024-08-22,NVDA,-0.08732866740790601
2024-08-22,GOOGL,-0.14321582298463698
2024-08-22,AMZN,-0.11934997558593752
2024-08-22,META,-0.014780115471894395
2024-08-22,TSLA,-0.48615751631860826
2024-08-22,AMD,-0.28233516205875986
2024-08-22,NFLX,-0.01371421256865657
2024-08-22,CRM,-0.1816120105819844
2024-08-22,ORCL,-0.04621133553104684
2024-08-22,ADBE,-0.19020293389384557
2024-08-22,AVGO,-0.1095295884682892
2024-08-22,QCOM,-0.255801588411656
2024-08-22,INTC,-0.6123780427023879
2024-08-22,BTC-USD,-0.17379553438874706
2024-08-22,ETH-USD,-0.45492440250812904
2024-08-22,SOL-USD,-0.4234331651983644
2024-08-23,AAPL,-0.03286550547745315
2024-08-23,MSFT,-0.10697828390446162
2024-08-23,NVDA,-0.04580324023602289
2024-08-23,GOOGL,-0.13369614634379146
2024-08-23,AMZN,-0.11480003356933599
2024-08-23,META,-0.022059409756659765
2024-08-23,TSLA,-0.4625948077464045
2024-08-23,AMD,-0.26681808994441636
2024-08-23,NFLX,-0.016906688504672918
2024-08-23,CRM,-0.16449028684323264
2024-08-23,ORCL,-0.03854371822618585
2024-08-23,ADBE,-0.1889536270419162
2024-08-23,AVGO,-0.08747887172581159
2024-08-23,QCOM,-0.23598571027335302
2024-08-23,INTC,-0.6038927757876349
2024-08-23,BTC-USD,-0.12299827637223171
2024-08-23,ETH-USD,-0.42552019729775936
2024-08-23,SOL-USD,-0.38379351670658934
2024-08-26,AAPL,-0.03141587216619468
2024-08-26,MSFT,-0.11404900513144367
2024-08-26,NVDA,-0.06726667777171369
2024-08-26,GOOGL,-0.13087151015945908
2024-08-26,AMZN,-0.12250000000000005
2024-08-26,META,-0.034802274995865634
2024-08-26,TSLA,-0.47993754157859037
2024-08-26,AMD,-0.29042481772901174
2024-08-26,NFLX,-0.014458650337383472
2024-08-26,CRM,-0.16043935552160837
2024-08-26,ORCL,-0.04054703849416841
2024-08-26,ADBE,-0.18729751963380148
2024-08-26,AVGO,-0.12444935783543964
2024-08-26,QCOM,-0.2536439874524278
2024-08-26,INTC,-0.6117995260194573
2024-08-26,BTC-USD,-0.13960524391620543
2024-08-26,ETH-USD,-0.4427905497173814
2024-08-26,SOL-USD,-0.3671724431013026
2024-08-27,AAPL,-0.027791723287842962
2024-08-27,MSFT,-0.11329891913358259
2024-08-27,NVDA,-0.05369521566588076
2024-08-27,GOOGL,-0.1386128820697291
2024-08-27,AMZN,-0.1344000244140625
2024-08-27,META,-0.03854351699527059
2024-08-27,TSLA,-0.48969435302354936
2024-08-27,AMD,-0.28801212733703896
2024-08-27,NFLX,-0.004036958451831607
2024-08-27,CRM,-0.1638574484383427
2024-08-27,ORCL,-0.043448395167902776
2024-08-27,ADBE,-0.17512382679091998
2024-08-27,AVGO,-0.11474038940094877
2024-08-27,QCOM,-0.23409226650393777
2024-08-27,INTC,-0.6129565961679155
2024-08-27,BTC-USD,-0.18580619685017818
2024-08-27,ETH-USD,-0.4890519733073706
2024-08-27,SOL-USD,-0.40878672303850294
2024-08-28,AAPL,-0.03435777892140823
2024-08-28,MSFT,-0.12024098397361183
2024-08-28,NVDA,-0.07353600721196063
2024-08-28,GOOGL,-0.1481848712592202
2024-08-28,AMZN,-0.1459999847412109
2024-08-28,META,-0.04284045552764859
2024-08-28,TSLA,-0.49813401129992285
2024-08-28,AMD,-0.3075977044683462
2024-08-28,NFLX,-0.021043800922748934
2024-08-28,CRM,-0.18063075773271509
2024-08-28,ORCL,-0.047592697995645694
2024-08-28,ADBE,-0.18569957725725983
2024-08-28,AVGO,-0.13234812459176493
2024-08-28,QCOM,-0.2432515487070045
2024-08-28,INTC,-0.6218275286104235
2024-08-28,BTC-USD,-0.19232624326968473
2024-08-28,ETH-USD,-0.4745699078299631
2024-08-28,SOL-USD,-0.42088372034467925
2024-08-29,AAPL,-0.020288175136801256
2024-08-29,MSFT,-0.11484166662958195
2024-08-29,NVDA,-0.13268939860753548
2024-08-29,GOOGL,-0.15378183107923926
2024-08-29,AMZN,-0.13940002441406252
2024-08-29,META,-0.04017347663523296
2024-08-29,TSLA,-0.49684123676100833
2024-08-29,AMD,-0.31171349166245577
2024-08-29,NFLX,-0.008675168358598828
2024-08-29,CRM,-0.18661229765585785
2024-08-29,ORCL,-0.03695521602208107
2024-08-29,ADBE,-0.17249443043222823
2024-08-29,AVGO,-0.13920450905092296
2024-08-29,QCOM,-0.2536439874524278
2024-08-29,INTC,-0.6117995260194573
2024-08-29,BTC-USD,-0.1873927810312861
2024-08-29,ETH-USD,-0.47449152245702886
2024-08-29,SOL-USD,-0.43632783893187876
2024-08-30,AAPL,-0.023656155217955277
2024-08-30,MSFT,-0.1062282643270378
2024-08-30,NVDA,-0.11956050196618018
2024-08-30,GOOGL,-0.1454126281043775
2024-08-30,AMZN,-0.10750000000000004
2024-08-30,META,-0.03445022375925577
2024-08-30,TSLA,-0.4777422738911873
2024-08-30,AMD,-0.2971899227604129
2024-08-30,NFLX,0.0
2024-08-30,CRM,-0.19961973753105677
2024-08-30,ORCL,-0.024038227461192774
2024-08-30,ADBE,-0.16555053645715023
2024-08-30,AVGO,-0.10689638145895597
2024-08-30,QCOM,-0.22805923212106305
2024-08-30,INTC,-0.5749657645980011
2024-08-30,BTC-USD,-0.19106944026353423
2024-08-30,ETH-USD,-0.47510886434561406
2024-08-30,SOL-USD,-0.4441922198145428
2024-09-03,AAPL,-0.050217874678026186
2024-09-03,MSFT,-0.12272650315593392
2024-09-03,NVDA,-0.20342239716433086
2024-09-03,GOOGL,-0.17690132171275796
2024-09-03,AMZN,-0.11875000000000002
2024-09-03,META,-0.05213843506562432
2024-09-03,TSLA,-0.4863038625351974
2024-09-03,AMD,-0.35216198657330544
2024-09-03,NFLX,-0.037114199419432836
2024-09-03,CRM,-0.21493745960723387
2024-09-03,ORCL,-0.03640262794945226
2024-09-03,ADBE,-0.1704461523920281
2024-09-03,AVGO,-0.16191335669139895
2024-09-03,QCOM,-0.2811660365057199
2024-09-03,INTC,-0.6123780427023879
2024-09-03,BTC-USD,-0.21417250901366247
2024-09-03,ETH-USD,-0.49697427386986814
2024-09-03,SOL-USD,-0.486541505550542
2024-09-04,AAPL,-0.058403927353022134
2024-09-04,MSFT,-0.12388348075238675
2024-09-04,NVDA,-0.21662487602749902
2024-09-04,GOOGL,-0.18166136123529086
2024-09-04,AMZN,-0.13334999084472654
2024-09-04,META,-0.05032328121319751
2024-09-04,TSLA,-0.4648144912827604
2024-09-04,AMD,-0.3335699126542987
2024-09-04,NFLX,-0.030897551164044246
2024-09-04,CRM,-0.21614002923736986
2024-09-04,ORCL,-0.027768250809923956
2024-09-04,ADBE,-0.16433022345480075
2024-09-04,AVGO,-0.15461796201873967
2024-09-04,QCOM,-0.2719626223568772
2024-09-04,INTC,-0.625298775838395
2024-09-04,BTC-USD,-0.20677664503615723
2024-09-04,ETH-USD,-0.49107801957452724
2024-09-04,SOL-USD,-0.46228748101227346
2024-09-05,AAPL,-0.0518805774523573
2024-09-05,MSFT,-0.1249762297860193
2024-09-05,NVDA,-0.20924916114010006
2024-09-05,GOOGL,-0.1775289918156615
2024-09-05,AMZN,-0.11055000305175777
2024-09-05,META,-0.042692391274140706
2024-09-05,TSLA,-0.43856868189476217
2024-09-05,AMD,-0.34033494549916987
2024-09-05,NFLX,-0.025279854145692227
2024-09-05,CRM,-0.22107720913159912
2024-09-05,ORCL,-0.014920416545844084
2024-09-05,ADBE,-0.17496405028650708
2024-09-05,AVGO,-0.16174882396689938
2024-09-05,QCOM,-0.2754151363832221
2024-09-05,INTC,-0.6258773293039224
2024-09-05,BTC-USD,-0.23155721494933879
2024-09-05,ETH-USD,-0.5079604024492765
2024-09-05,SOL-USD,-0.4794928254259131
2024-09-06,AAPL,-0.05853165095049795
2024-09-06,MSFT,-0.13931035792844482
2024-09-06,NVDA,-0.24155491648869254
2024-09-06,GOOGL,-0.21058690092172294
2024-09-06,AMZN,-0.14305000305175786
2024-09-06,META,-0.07341982411789016
2024-09-06,TSLA,-0.4859867914723479
2024-09-06,AMD,-0.3644147838013426
2024-09-06,NFLX,-0.05073071289447595
2024-09-06,CRM,-0.22788149786804712
2024-09-06,ORCL,-0.02044618955515909
2024-09-06,ADBE,-0.18153031488739302
2024-09-06,AVGO,-0.24852497181330613
2024-09-06,QCOM,-0.2998040287813605
2024-09-06,INTC,-0.6357125175223095
2024-09-06,BTC-USD,-0.261820330084766
2024-09-06,ETH-USD,-0.537856177807452
2024-09-06,SOL-USD,-0.49695539269858
2024-09-09,AAPL,-0.05814795535643735
2024-09-09,MSFT,-0.13069695562590067
2024-09-09,NVDA,-0.21470722401362585
2024-09-09,GOOGL,-0.22111443917285978
2024-09-09,AMZN,-0.12300003051757813
2024-09-09,META,-0.06504787259002653
2024-09-09,TSLA,-0.4724735867782819
2024-09-09,AMD,-0.34643773911788056
2024-09-09,NFLX,-0.036971586801969214
2024-09-09,CRM,-0.22221652436472028
2024-09-09,ORCL,-0.033708734166143506
2024-09-09,ADBE,-0.1721312536497227
2024-09-09,AVGO,-0.22757139618232824
2024-09-09,QCOM,-0.2883841475794826
2024-09-09,INTC,-0.6322412702943381
2024-09-09,BTC-USD,-0.21980289454870117
2024-09-09,ETH-USD,-0.5098837613411458
2024-09-09,SOL-USD,-0.45656556972084394
2024-09-10,AAPL,-0.06155883797110395
2024-09-10,MSFT,-0.11252757859580154
2024-09-10,NVDA,-0.20268493853175928
2024-09-10,GOOGL,-0.22137640432030825
2024-09-10,AMZN,-0.10224998474121094
2024-09-10,META,-0.06504787259002653
2024-09-10,TSLA,-0.44832549333972116
2024-09-10,AMD,-0.32425019851295744
2024-09-10,NFLX,-0.03953807000854481
2024-09-10,CRM,-0.22095050404774152
2024-09-10,ORCL,0.0
2024-09-10,ADBE,-0.1654488363181038
2024-09-10,AVGO,-0.18703560723937152
2024-09-10,QCOM,-0.28435622629846613
2024-09-10,INTC,-0.6339768939083238
2024-09-10,BTC-USD,-0.2111938955099304
2024-09-10,ETH-USD,-0.5034211029659097
2024-09-10,SOL-USD,-0.4541121113369355
2024-09-11,AAPL,-0.05068685053747912
2024-09-11,MSFT,-0.09358679460748409
2024-09-11,NVDA,-0.13770478316041523
2024-09-11,GOOGL,-0.20828241243261636
2024-09-11,AMZN,-0.07739997863769543
2024-09-11,META,-0.05200876494822537
2024-09-11,TSLA,-0.44354463935520716
2024-09-11,AMD,-0.2910398469645564
2024-09-11,NFLX,-0.028345318341059578
2024-09-11,CRM,-0.21015848931422731
2024-09-11,ORCL,0.0
2024-09-11,ADBE,-0.15687782878449097
2024-09-11,AVGO,-0.1318543555639312
2024-09-11,QCOM,-0.2627558947871853
2024-09-11,INTC,-0.6212490119274926
2024-09-11,BTC-USD,-0.21537458010358013
2024-09-11,ETH-USD,-0.5137574700753058
2024-09-11,SOL-USD,-0.4667408724574409
2024-09-12,AAPL,-0.050217874678026186
2024-09-12,MSFT,-0.0851021151123299
2024-09-12,NVDA,-0.12118179368176996
2024-09-12,GOOGL,-0.18979354812436577
2024-09-12,AMZN,-0.06499999999999995
2024-09-12,META,-0.02650464033370492
2024-09-12,TSLA,-0.43944679641357987
2024-09-12,AMD,-0.2867347866888039
2024-09-12,NFLX,-0.020745730188023503
2024-09-12,CRM,-0.1981323022882977
2024-09-12,ORCL,0.0
2024-09-12,ADBE,-0.1479146506187926
2024-09-12,AVGO,-0.09735228745763458
2024-09-12,QCOM,-0.2697493982263751
2024-09-12,INTC,-0.6266486971420291
2024-09-12,BTC-USD,-0.20464931593656566
2024-09-12,ETH-USD,-0.5091980795837305
2024-09-12,SOL-USD,-0.45207287479476976
2024-09-13,AAPL,-0.05136909266061662
2024-09-13,MSFT,-0.07741016353575103
2024-09-13,NVDA,-0.12147685613411652
2024-09-13,GOOGL,-0.1752854273255161
2024-09-13,AMZN,-0.06754997253417949
2024-09-13,META,-0.02831945249939294
2024-09-13,TSLA,-0.43827598946158364
2024-09-13,AMD,-0.2794493611492096
2024-09-13,NFLX,-0.006116786788697759
2024-09-13,CRM,-0.19433453577210358
2024-09-13,ORCL,0.0
2024-09-13,ADBE,-0.22008513019834453
2024-09-13,AVGO,-0.08018356248031977
2024-09-13,QCOM,-0.2575771589968259
2024-09-13,INTC,-0.620863309617141
2024-09-13,BTC-USD,-0.1712041598821895
2024-09-13,ETH-USD,-0.4926095530714636
2024-09-13,SOL-USD,-0.44016533254890133
2024-09-16,AAPL,-0.07771748025679881
2024-09-16,MSFT,-0.07580318747693138
2024-09-16,NVDA,-0.1385899705174547
2024-09-16,GOOGL,-0.1721428113262623
2024-09-16,AMZN,-0.07555000305175785
2024-09-16,META,-0.011337621577836465
2024-09-16,TSLA,-0.44683757810559366
2024-09-16,AMD,-0.2805374287158017
2024-09-16,NFLX,-0.0069152433960077975
2024-09-16,CRM,-0.1869287168583028
2024-09-16,ORCL,0.0
2024-09-16,ADBE,-0.24241323169348727
2024-09-16,AVGO,-0.1003143036344647
2024-09-16,QCOM,-0.2625345300751456
2024-09-16,INTC,-0.5967574669591129
2024-09-16,BTC-USD,-0.2037531342573905
2024-09-16,ETH-USD,-0.5230170403205225
2024-09-16,SOL-USD,-0.47086534289677096
2024-09-17,AAPL,-0.07571372202110338
2024-09-17,MSFT,-0.06763971721631679
2024-09-17,NVDA,-0.14736781044136238
2024-09-17,GOOGL,-0.16554346259334873
2024-09-17,AMZN,-0.06559997558593755
2024-09-17,META,-0.005701612715849236
2024-09-17,TSLA,-0.44417885591946993
2024-09-17,AMD,-0.2864982314300152
2024-09-17,NFLX,0.0
2024-09-17,CRM,-0.19237232450830621
2024-09-17,ORCL,-0.016790963300975847
2024-09-17,ADBE,-0.251812204264951
2024-09-17,AVGO,-0.10881644247445599
2024-09-17,QCOM,-0.25328374105799356
2024-09-17,INTC,-0.5859580597474434
2024-09-17,BTC-USD,-0.17479952297714263
2024-09-17,ETH-USD,-0.5133696527350406
2024-09-17,SOL-USD,-0.4706058170994093
2024-09-18,AAPL,-0.05908597267554716
2024-09-18,MSFT,-0.07693877769258983
2024-09-18,NVDA,-0.16374335333596068
2024-09-18,GOOGL,-0.16297700895679357
2024-09-18,AMZN,-0.06785003662109379
2024-09-18,META,-0.0026795074061739532
2024-09-18,TSLA,-0.4458131173701868
2024-09-18,AMD,-0.29846726340864793
2024-09-18,NFLX,-0.02325621051865867
2024-09-18,CRM,-0.19985302799142013
2024-09-18,ORCL,-0.03405168392573932
2024-09-18,ADBE,-0.26183591892858593
2024-09-18,AVGO,-0.11320457978461762
2024-09-18,QCOM,-0.2550540947677842
2024-09-18,INTC,-0.599457309566381
2024-09-18,BTC-USD,-0.1564487238911656
2024-09-18,ETH-USD,-0.5075465581211052
2024-09-18,SOL-USD,-0.4607261502332569
2024-09-19,AAPL,-0.024210542543208535
2024-09-19,MSFT,-0.06005490180502193
2024-09-19,NVDA,-0.13054964565420235
2024-09-19,GOOGL,-0.15077337664705048
2024-09-19,AMZN,-0.05065002441406252
2024-09-19,META,0.0
2024-09-19,TSLA,-0.4050296425527157
2024-09-19,AMD,-0.25849180682884576
2024-09-19,NFLX,-0.0036638706287150935
2024-09-19,CRM,-0.15687090459676423
2024-09-19,ORCL,-0.01608673930281279
2024-09-19,ADBE,-0.23523685492452995
2024-09-19,AVGO,-0.07864416492295578
2024-09-19,QCOM,-0.23017841149810614
2024-09-19,INTC,-0.5923220007378589
2024-09-19,BTC-USD,-0.13878704452783464
2024-09-19,ETH-USD,-0.4877997860003217
2024-09-19,SOL-USD,-0.42513021580988664
2024-09-20,AAPL,-0.027067103432826145
2024-09-20,MSFT,-0.06738267012416044
2024-09-20,NVDA,-0.14434337798374786
2024-09-20,GOOGL,-0.14317888227720865
2024-09-20,AMZN,-0.04199996948242202
2024-09-20,META,0.0
2024-09-20,TSLA,-0.4188599183096312
2024-09-20,AMD,-0.26222919223272934
2024-09-20,NFLX,-0.008317961977898691
2024-09-20,CRM,-0.15430343364888555
2024-09-20,ORCL,-0.013679450456257847
2024-09-20,ADBE,-0.24125108372271098
2024-09-20,AVGO,-0.05839220261820599
2024-09-20,QCOM,-0.2523099478199665
2024-09-20,INTC,-0.5788227141363245
2024-09-20,BTC-USD,-0.13533182506995423
2024-09-20,ETH-USD,-0.4677835609891473
2024-09-20,SOL-USD,-0.4101160404567924
2024-09-23,AAPL,-0.03444286238618799
2024-09-23,MSFT,-0.07115369044901343
2024-09-23,NVDA,-0.14242566954179037
2024-09-23,GOOGL,-0.15229237209803181
2024-09-23,AMZN,-0.030599975585937522
2024-09-23,META,0.0
2024-09-23,TSLA,-0.39019928469006426
2024-09-23,AMD,-0.2584445246517
2024-09-23,NFLX,-0.002178485585030532
2024-09-23,CRM,-0.1625129612626932
2024-09-23,ORCL,-0.02571507071399548
2024-09-23,ADBE,-0.23315949436854322
2024-09-23,AVGO,-0.04826617875224737
2024-09-23,QCOM,-0.265411636846819
2024-09-23,INTC,-0.564937762007035
2024-09-23,BTC-USD,-0.13345966215014338
2024-09-23,ETH-USD,-0.44960551102443336
2024-09-23,SOL-USD,-0.41716653222624434
2024-09-24,AAPL,-0.030605775245172828
2024-09-24,MSFT,-0.0804525516639748
2024-09-24,NVDA,-0.10842063886522668
2024-09-24,GOOGL,-0.14998772264723714
2024-09-24,AMZN,-0.030199966430664027
2024-09-24,META,-0.0019134348948307567
2024-09-24,TSLA,-0.37978387805117164
2024-09-24,AMD,-0.2510171082076085
2024-09-24,NFLX,0.0
2024-09-24,CRM,-0.14276532127982933
2024-09-24,ORCL,-0.026595442264481184
2024-09-24,ADBE,-0.23867976372938582
2024-09-24,AVGO,-0.0378098934569453
2024-09-24,QCOM,-0.2610297435214868
2024-09-24,INTC,-0.5601165934754294
2024-09-24,BTC-USD,-0.12015750819268367
2024-09-24,ETH-USD,-0.4483984270161149
2024-09-24,SOL-USD,-0.3846585617566691
2024-09-25,AAPL,-0.03486926371314891
2024-09-25,MSFT,-0.07415337023608548
2024-09-25,NVDA,-0.0889471377192852
2024-09-25,GOOGL,-0.15417779683206467
2024-09-25,AMZN,-0.037350006103515576
2024-09-25,META,0.0
2024-09-25,TSLA,-0.3730761074020442
2024-09-25,AMD,-0.2335131018551938
2024-09-25,NFLX,-0.0009691758762142566
2024-09-25,CRM,-0.13119550810358016
2024-09-25,ORCL,-0.02377744763844636
2024-09-25,ADBE,-0.24764294189508407
2024-09-25,AVGO,-0.034067670959837426
2024-09-25,QCOM,-0.25518705459163993
2024-09-25,INTC,-0.5460387534083674
2024-09-25,BTC-USD,-0.13601367570997558
2024-09-25,ETH-USD,-0.4639771774264332
2024-09-25,SOL-USD,-0.4042536192211217
2024-09-26,AAPL,-0.029966173254731165
2024-09-26,MSFT,-0.07586748246018904
2024-09-26,NVDA,-0.08503774361696792
2024-09-26,GOOGL,-0.14768315367728646
2024-09-26,AMZN,-0.04419998168945338
2024-09-26,META,-0.0008269710612016645
2024-09-26,TSLA,-0.37990584563808993
2024-09-26,AMD,-0.20763553021006276
2024-09-26,NFLX,-0.014994603248445149
2024-09-26,CRM,-0.12590196402694476
2024-09-26,ORCL,-0.013092322466109696
2024-09-26,ADBE,-0.2513037922359259
2024-09-26,AVGO,-0.019924434544764558
2024-09-26,QCOM,-0.23575539227518938
2024-09-26,INTC,-0.5387105934246694
2024-09-26,BTC-USD,-0.10812947476174517
2024-09-26,ETH-USD,-0.4530024641925977
2024-09-26,SOL-USD,-0.3738565527346779
2024-09-27,AAPL,-0.028815152072753536
2024-09-27,MSFT,-0.0829166834655023
2024-09-27,NVDA,-0.10451118833482531
2024-09-27,GOOGL,-0.1412932161006436
2024-09-27,AMZN,-0.060149993896484344
2024-09-27,META,-0.0016716706523428604
2024-09-27,TSLA,-0.36468524360429444
2024-09-27,AMD,-0.2224902909117159
2024-09-27,NFLX,-0.020643498979486807
2024-09-27,CRM,-0.12311248928380225
2024-09-27,ORCL,-0.009334904745281425
2024-09-27,ADBE,-0.25115855698940637
2024-09-27,AVGO,-0.04964189785678619
2024-09-27,QCOM,-0.2469539792633434
2024-09-27,INTC,-0.5389034445798453
2024-09-27,BTC-USD,-0.09978772140770487
2024-09-27,ETH-USD,-0.43976482358724955
2024-09-27,SOL-USD,-0.36510753647316974
2024-09-30,AAPL,-0.006602201346050829
2024-09-30,MSFT,-0.07803146030578512
2024-09-30,NVDA,-0.10421612588247886
2024-09-30,GOOGL,-0.1313418402122054
2024-09-30,AMZN,-0.0683499908447266
2024-09-30,META,0.0
2024-09-30,TSLA,-0.36183134350367585
2024-09-30,AMD,-0.22376763155995094
2024-09-30,NFLX,-0.017985157824085496
2024-09-30,CRM,-0.13240023692182212
2024-09-30,ORCL,0.0
2024-09-30,ADBE,-0.2478172596573902
2024-09-30,AVGO,-0.0506876118134838
2024-09-30,QCOM,-0.24730816280260692
2024-09-30,INTC,-0.5475815626497742
2024-09-30,BTC-USD,-0.13346377773368823
2024-09-30,ETH-USD,-0.4590574678937064
2024-09-30,SOL-USD,-0.38576004180907786
2024-10-01,AAPL,-0.03555150583628641
2024-10-01,MSFT,-0.09862206153494846
2024-10-01,NVDA,-0.13696721167167525
2024-10-01,GOOGL,-0.12537088590979206
2024-10-01,AMZN,-0.07434997558593748
2024-10-01,META,0.0
2024-10-01,TSLA,-0.37063690454080456
2024-10-01,AMD,-0.2442520753627373
2024-10-01,NFLX,-0.022332664258673973
2024-10-01,CRM,-0.14140218657053705
2024-10-01,ORCL,-0.019014110543757567
2024-10-01,ADBE,-0.2695788727581414
2024-10-01,AVGO,-0.07836900401661451
2024-10-01,QCOM,-0.2662084793118462
2024-10-01,INTC,-0.5624307337723459
2024-10-01,BTC-USD,-0.1675684961379792
2024-10-01,ETH-USD,-0.49108963785957704
2024-10-01,SOL-USD,-0.41525521623209194
2024-10-02,AAPL,-0.03312114947301725
2024-10-02,MSFT,-0.1062497845487067
2024-10-02,NVDA,-0.12332086949809251
2024-10-02,GOOGL,-0.13128936670187163
2024-10-02,AMZN,-0.07620002746582
2024-10-02,META,-0.006348837581060307
2024-10-02,TSLA,-0.3925896930726803
2024-10-02,AMD,-0.2441101566447701
2024-10-02,NFLX,-0.01546530054592854
2024-10-02,CRM,-0.11411053963508744
2024-10-02,ORCL,-0.01578618684399624
2024-10-02,ADBE,-0.265206210110182
2024-10-02,AVGO,-0.06081355025227497
2024-10-02,QCOM,-0.25496561938128426
2024-10-02,INTC,-0.5682161580798306
2024-10-02,BTC-USD,-0.170362870466658
2024-10-02,ETH-USD,-0.50848114514688
2024-10-02,SOL-USD,-0.43499354716678706
2024-10-03,AAPL,-0.03785374500085492
2024-10-03,MSFT,-0.10751389831044345
2024-10-03,NVDA,-0.09381547068470752
2024-10-03,GOOGL,-0.13128936670187163
2024-10-03,AMZN,-0.09019996643066408
2024-10-03,META,0.0
2024-10-03,TSLA,-0.4129814304814159
2024-10-03,AMD,-0.22958651555619725
2024-10-03,NFLX,-0.021405001855958616
2024-10-03,CRM,-0.10957781493108021
2024-10-03,ORCL,-0.020774679724297695
2024-10-03,ADBE,-0.2681261656281193
2024-10-03,AVGO,-0.054044557785413394
2024-10-03,QCOM,-0.2523099478199665
2024-10-03,INTC,-0.5707231495319229
2024-10-03,BTC-USD,-0.16863037014168725
2024-10-03,ETH-USD,-0.5116898212153944
2024-10-03,SOL-USD,-0.4494838808134224
2024-10-04,AAPL,-0.033035934807829404
2024-10-04,MSFT,-0.1085423523608181
2024-10-04,NVDA,-0.07854648252151386
2024-10-04,GOOGL,-0.12500429566505222
2024-10-04,AMZN,-0.06745002746582007
2024-10-04,META,0.0
2024-10-04,TSLA,-0.3900041439948513
2024-10-04,AMD,-0.19150350104670466
2024-10-04,NFLX,-0.0035443844523697088
2024-10-04,CRM,-0.08789642570945277
2024-10-04,ORCL,0.0
2024-10-04,ADBE,-0.2631578877368784
2024-10-04,AVGO,-0.027904100828660572
2024-10-04,QCOM,-0.25239842320646644
2024-10-04,INTC,-0.5643592085415075
2024-10-04,BTC-USD,-0.15073201799995894
2024-10-04,ETH-USD,-0.4981816115525327
2024-10-04,SOL-USD,-0.4237779304199424
2024-10-07,AAPL,-0.054822484207571076
2024-10-07,MSFT,-0.12251223082536622
2024-10-07,NVDA,-0.057892675138102145
2024-10-07,GOOGL,-0.14637381082510814
2024-10-07,AMZN,-0.09599998474121096
2024-10-07,META,-0.01872701183758607
2024-10-07,TSLA,-0.41256677046131884
2024-10-07,AMD,-0.1911723092470945
2024-10-07,NFLX,-0.028161557340458887
2024-10-07,CRM,-0.09797620280272445
2024-10-07,ORCL,-0.005208893305487794
2024-10-07,ADBE,-0.29209583327348354
2024-10-07,AVGO,-0.03648918944824131
2024-10-07,QCOM,-0.26107380496894694
2024-10-07,INTC,-0.5684090092350066
2024-10-07,BTC-USD,-0.14841708242968654
2024-10-07,ETH-USD,-0.49672638329889285
2024-10-07,SOL-USD,-0.4204796314316078
2024-10-08,AAPL,-0.037427343673893665
2024-10-08,MSFT,-0.11143489598260636
2024-10-08,NVDA,-0.019756939412940322
2024-10-08,GOOGL,-0.1390410401601826
2024-10-08,AMZN,-0.08639999389648434
2024-10-08,META,-0.005118153703986383
2024-10-08,TSLA,-0.40361490042688286
2024-10-08,AMD,-0.1825149065184437
2024-10-08,NFLX,-0.000692208121725546
2024-10-08,CRM,-0.07578779695583926
2024-10-08,ORCL,0.0
2024-10-08,ADBE,-0.27910862798443803
2024-10-08,AVGO,-0.005395750750178618
2024-10-08,QCOM,-0.2637297585235284
2024-10-08,INTC,-0.5502814052570423
2024-10-08,BTC-USD,-0.14984957274897892
2024-10-08,ETH-USD,-0.49297661985022057
2024-10-08,SOL-USD,-0.4228838376410051
2024-10-09,AAPL,-0.02135391605338699
2024-10-09,MSFT,-0.10554280541462058
2024-10-09,NVDA,-0.021527201270850727
2024-10-09,GOOGL,-0.15223981810685394
2024-10-09,AMZN,-0.07415000915527348
2024-10-09,META,-0.009111814566305831
2024-10-09,TSLA,-0.4120301428543035
2024-10-09,AMD,-0.19093575398830576
2024-10-09,NFLX,0.0
2024-10-09,CRM,-0.0873577082770024
2024-10-09,ORCL,0.0
2024-10-09,ADBE,-0.28224648070525815
2024-10-09,AVGO,0.0
2024-10-09,QCOM,-0.2465557342766196
2024-10-09,INTC,-0.5475815626497742
2024-10-09,BTC-USD,-0.1710563730185336
2024-10-09,ETH-USD,-0.5078469592817161
2024-10-09,SOL-USD,-0.43930004185206595
2024-10-10,AAPL,-0.023485660287375087
2024-10-10,MSFT,-0.10901373820397942
2024-10-10,NVDA,-0.005594280268814367
2024-10-10,GOOGL,-0.15108765434314475
2024-10-10,AMZN,-0.066750030517578
2024-10-10,META,-0.02032086807383593
2024-10-10,TSLA,-0.41759152240038766
2024-10-10,AMD,-0.22329459322890344
2024-10-10,NFLX,0.0
2024-10-10,CRM,-0.0802256155280957
2024-10-10,ORCL,-0.013941094741979576
2024-10-10,ADBE,-0.26846025989483824
2024-10-10,AVGO,-0.0013982813744500833
2024-10-10,QCOM,-0.254080301529757
2024-10-10,INTC,-0.552209880026204
2024-10-10,BTC-USD,-0.1752652787564909
2024-10-10,ETH-USD,-0.5046104297700036
2024-10-10,SOL-USD,-0.44101907784822036
2024-10-11,AAPL,-0.02983818725643894
2024-10-11,MSFT,-0.10798515131273023
2024-10-11,NVDA,-0.005668088202964161
2024-10-11,GOOGL,-0.14501199446259605
2024-10-11,AMZN,-0.05589996337890624
2024-10-11,META,-0.010051572243665263
2024-10-11,TSLA,-0.4687416093781276
2024-10-11,AMD,-0.20574323251281312
2024-10-11,NFLX,-0.010269892876734854
2024-10-11,CRM,-0.08678699560261716
2024-10-11,ORCL,-0.011917322547112086
2024-10-11,ADBE,-0.2802998141378976
2024-10-11,AVGO,-0.024038669033143445
2024-10-11,QCOM,-0.24761800290114666
2024-10-11,INTC,-0.5456530878806125
2024-10-11,BTC-USD,-0.14556514338051685
2024-10-11,ETH-USD,-0.4936680853827261
2024-10-11,SOL-USD,-0.4148879129206816
2024-10-14,AAPL,-0.0138501711017327
2024-10-14,MSFT,-0.10194295055656
2024-10-14,NVDA,0.0
2024-10-14,GOOGL,-0.13600321021990824
2024-10-14,AMZN,-0.06230003356933589
2024-10-14,META,-0.009262942775499439
2024-10-14,TSLA,-0.46542429199807034
2024-10-14,AMD,-0.21813794845881762
2024-10-14,NFLX,-0.02367547539677206
2024-10-14,CRM,-0.07556598945040316
2024-10-14,ORCL,-0.00994987800776781
2024-10-14,ADBE,-0.2596278200508696
2024-10-14,AVGO,-0.019575187926930027
2024-10-14,QCOM,-0.21194211862667023
2024-10-14,INTC,-0.547967228177529
2024-10-14,BTC-USD,-0.09629225474970415
2024-10-14,ETH-USD,-0.45368824741975133
2024-10-14,SOL-USD,-0.36633429637096837
2024-10-15,AAPL,-0.0029780524676996656
2024-10-15,MSFT,-0.10280017271970499
2024-10-15,NVDA,-0.04686026381316932
2024-10-15,GOOGL,-0.1333844440347075
2024-10-15,AMZN,-0.06154998779296872
2024-10-15,META,-0.01622648943499394
2024-10-15,TSLA,-0.46442420989233435
2024-10-15,AMD,-0.25896491734642313
2024-10-15,NFLX,-0.03328814276805914
2024-10-15,CRM,-0.0859945735677099
2024-10-15,ORCL,-0.021361476169422078
2024-10-15,ADBE,-0.2619811985082088
2024-10-15,AVGO,-0.05361670277571817
2024-10-15,QCOM,-0.2294259829721188
2024-10-15,INTC,-0.5630092872378734
2024-10-15,BTC-USD,-0.08267790438334233
2024-10-15,ETH-USD,-0.4584425105439742
2024-10-15,SOL-USD,-0.3772995376621
2024-10-16,AAPL,-0.01180370713313672
2024-10-16,MSFT,-0.10841382881473993
2024-10-16,NVDA,-0.017020411795166
2024-10-16,GOOGL,-0.1349559129960226
2024-10-16,AMZN,-0.06555000305175784
2024-10-16,META,-0.03213422824050172
2024-10-16,TSLA,-0.46013122625549385
2024-10-16,AMD,-0.261377607738396
2024-10-16,NFLX,-0.03873806852591877
2024-10-16,CRM,-0.0780384561216173
2024-10-16,ORCL,-0.017538805075261732
2024-10-16,ADBE,-0.269956546465437
2024-10-16,AVGO,-0.04909912696319774
2024-10-16,QCOM,-0.24097854200458857
2024-10-16,INTC,-0.5697589305386407
2024-10-16,BTC-USD,-0.07485658527574623
2024-10-16,ETH-USD,-0.4573868193853876
2024-10-16,SOL-USD,-0.3792571580696955
2024-10-17,AAPL,-0.010226284624198168
2024-10-17,MSFT,-0.10712819483133429
2024-10-17,NVDA,-0.008256669378960746
2024-10-17,GOOGL,-0.14663569549171263
2024-10-17,AMZN,-0.0623500061035156
2024-10-17,META,-0.031899185732342406
2024-10-17,TSLA,-0.4612044814695244
2024-10-17,AMD,-0.2608099328665271
2024-10-17,NFLX,-0.0583877634660972
2024-10-17,CRM,-0.07724603408671005
2024-10-17,ORCL,-0.012423309328480792
2024-10-17,ADBE,-0.27825153609769737
2024-10-17,AVGO,-0.02376986509130896
2024-10-17,QCOM,-0.24266056132451108
2024-10-17,INTC,-0.5672519023039515
2024-10-17,BTC-USD,-0.0777694563410346
2024-10-17,ETH-USD,-0.45880587367727854
2024-10-17,SOL-USD,-0.39502663578477537
2024-10-18,AAPL,0.0
2024-10-18,MSFT,-0.10404289910064723
2024-10-18,NVDA,-0.0005070730372445098
2024-10-18,GOOGL,-0.14406916137431347
2024-10-18,AMZN,-0.055049972534179537
2024-10-18,META,-0.03267121790059002
2024-10-18,TSLA,-0.46166793596824507
2024-10-18,AMD,-0.2621345556919079
2024-10-18,NFLX,0.0
2024-10-18,CRM,-0.07144527709498905
2024-10-18,ORCL,-0.017988639131714446
2024-10-18,ADBE,-0.28105525021869515
2024-10-18,AVGO,-0.0325894726859719
2024-10-18,QCOM,-0.24345726279290636
2024-10-18,INTC,-0.560887961313536
2024-10-18,BTC-USD,-0.06382714207037155
2024-10-18,ETH-USD,-0.45105896355765074
2024-10-18,SOL-USD,-0.37627199728314686
2024-10-21,AAPL,0.0
2024-10-21,MSFT,-0.10271449035565272
2024-10-21,NVDA,0.0
2024-10-21,GOOGL,-0.14066474118929928
2024-10-21,AMZN,-0.05464996337890626
2024-10-21,META,-0.03486938079597557
2024-10-21,TSLA,-0.4661804389299695
2024-10-21,AMD,-0.2530041146322096
2024-10-21,NFLX,0.0
2024-10-21,CRM,-0.07667532141232491
2024-10-21,ORCL,-0.02321661525893448
2024-10-21,ADBE,-0.2769731467299814
2024-10-21,AVGO,-0.03205161436384785
2024-10-21,QCOM,-0.251911420839979
2024-10-21,INTC,-0.5595380400099019
2024-10-21,BTC-USD,-0.07820709787434921
2024-10-21,ETH-USD,-0.44603829163518993
2024-10-21,SOL-USD,-0.331030865821908
2024-10-22,AAPL,-0.0026217704872384395
2024-10-22,MSFT,-0.08400936607869747
2024-10-22,NVDA,-0.0008353050194102041
2024-10-22,GOOGL,-0.13506053809331386
2024-10-22,AMZN,-0.05150001525878911
2024-10-22,META,-0.023374977436434685
2024-10-22,TSLA,-0.46832694935803065
2024-10-22,AMD,-0.27102851367934744
2024-10-22,NFLX,-0.010141530222904316
2024-10-22,CRM,-0.08605807332700954
2024-10-22,ORCL,-0.014503234248264163
2024-10-22,ADBE,-0.2836556083947036
2024-10-22,AVGO,-0.03533194072856416
2024-10-22,QCOM,-0.23345383375481932
2024-10-22,INTC,-0.5680233069246547
2024-10-22,BTC-USD,-0.07829528895031024
2024-10-22,ETH-USD,-0.4554966918328529
2024-10-22,SOL-USD,-0.32683202582729987
2024-10-23,AAPL,-0.02418802053562985
2024-10-23,MSFT,-0.09024431894376628
2024-10-23,NVDA,-0.028877642187098096
2024-10-23,GOOGL,-0.14742126901068198
2024-10-23,AMZN,-0.07644996643066404
2024-10-23,META,-0.05411626954963489
2024-10-23,TSLA,-0.47886432358384157
2024-10-23,AMD,-0.276610842416805
2024-10-23,NFLX,-0.029505094827146694
2024-10-23,CRM,-0.09842011224833802
2024-10-23,ORCL,-0.02692663104204851
2024-10-23,ADBE,-0.29539346249871656
2024-10-23,AVGO,-0.06689970799710954
2024-10-23,QCOM,-0.26257894401418536
2024-10-23,INTC,-0.5761228715290563
2024-10-23,BTC-USD,-0.09100966274877365
2024-10-23,ETH-USD,-0.47858410141697416
2024-10-23,SOL-USD,-0.31205201324404486
2024-10-24,AAPL,-0.024991566025576284
2024-10-24,MSFT,-0.08996588447081544
2024-10-24,NVDA,-0.022963009806476697
2024-10-24,GOOGL,-0.14773554670677613
2024-10-24,AMZN,-0.0680999755859375
2024-10-24,META,-0.0472532344890243
2024-10-24,TSLA,-0.36463641190638874
2024-10-24,AMD,-0.2741035154840107
2024-10-24,NFLX,-0.02269222848636654
2024-10-24,CRM,-0.09103441304188875
2024-10-24,ORCL,-0.019731122910180532
2024-10-24,ADBE,-0.2985313152195367
2024-10-24,AVGO,-0.07851562790221678
2024-10-24,QCOM,-0.25593934212099545
2024-10-24,INTC,-0.5691803770731132
2024-10-24,BTC-USD,-0.06735371612607499
2024-10-24,ETH-USD,-0.4733057978286491
2024-10-24,SOL-USD,-0.28700065004272723
2024-10-25,AAPL,-0.02143950457354038
2024-10-25,MSFT,-0.0826381825721142
2024-10-25,NVDA,-0.015100006643261943
2024-10-25,GOOGL,-0.13437950919079167
2024-10-25,AMZN,-0.06084999084472653
2024-10-25,META,-0.03807451527894856
2024-10-25,TSLA,-0.34339097582778844
2024-10-25,AMD,-0.26090456940734863
2024-10-25,NFLX,-0.022523843648749264
2024-10-25,CRM,-0.07930629211950324
2024-10-25,ORCL,-0.024565680101774623
2024-10-25,ADBE,-0.29729650529239726
2024-10-25,AVGO,-0.06964242647815688
2024-10-25,QCOM,-0.24633436956457988
2024-10-25,INTC,-0.5626235849275217
2024-10-25,BTC-USD,-0.08813324399488254
2024-10-25,ETH-USD,-0.4937884792273688
2024-10-25,SOL-USD,-0.33690679762914033
2024-10-28,AAPL,-0.01302439882923112
2024-10-28,MSFT,-0.08598059181539475
2024-10-28,NVDA,-0.022197650670032543
2024-10-28,GOOGL,-0.12678517578263793
2024-10-28,AMZN,-0.05805000305175778
2024-10-28,META,-0.029835347568593518
2024-10-28,TSLA,-0.3596848330756146
2024-10-28,AMD,-0.24344784523207974
2024-10-28,NFLX,-0.02972525997867914
2024-10-28,CRM,-0.0688144045327247
2024-10-28,ORCL,-0.030749302136208856
2024-10-28,ADBE,-0.3011897497609116
2024-10-28,AVGO,-0.07491256984832895
2024-10-28,QCOM,-0.2377031197478755
2024-10-28,INTC,-0.557995267551092
2024-10-28,BTC-USD,-0.04345361384580648
2024-10-28,ETH-USD,-0.4668949397548795
2024-10-28,SOL-USD,-0.28318538745709243
2024-10-29,AAPL,-0.01188258346056148
2024-10-29,MSFT,-0.0744962325331685
2024-10-29,NVDA,-0.01711789745869685
2024-10-29,GOOGL,-0.11128174838517202
2024-10-29,AMZN,-0.04584999084472652
2024-10-29,META,-0.0044635397009991085
2024-10-29,TSLA,-0.36697810024894484
2024-10-29,AMD,-0.21350176856998482
2024-10-29,NFLX,-0.0163586265014809
2024-10-29,CRM,-0.05258496527878309
2024-10-29,ORCL,-0.02507166688314333
2024-10-29,ADBE,-0.29487046487869484
2024-10-29,AVGO,-0.03608500916312596
2024-10-29,QCOM,-0.22097168392841426
2024-10-29,INTC,-0.5583809698614435
2024-10-29,BTC-USD,-0.004967028296400722
2024-10-29,ETH-USD,-0.4518059837719447
2024-10-29,SOL-USD,-0.27813102122418676
2024-10-30,AAPL,-0.026979023558847737
2024-10-30,MSFT,-0.07325337331135173
2024-10-30,NVDA,-0.030408679847579778
2024-10-30,GOOGL,-0.08624600885434153
2024-10-30,AMZN,-0.03635002136230481
2024-10-30,META,-0.006947258626034292
2024-10-30,TSLA,-0.3717833328631297
2024-10-30,AMD,-0.29700064967876993
2024-10-30,NFLX,-0.023741372747506984
2024-10-30,CRM,-0.060477779255403985
2024-10-30,ORCL,-0.01871941174335401
2024-10-30,ADBE,-0.29299650460080073
2024-10-30,AVGO,-0.05006723855122719
2024-10-30,QCOM,-0.2580640203666815
2024-10-30,INTC,-0.5699517816938164
2024-10-30,BTC-USD,-0.01017960192793177
2024-10-30,ETH-USD,-0.44777134403264074
2024-10-30,SOL-USD,-0.2959835834273188
2024-10-31,AAPL,-0.04469723414437221
2024-10-31,MSFT,-0.12934715950011177
2024-10-31,NVDA,-0.07619523354472535
2024-10-31,GOOGL,-0.10379195959346554
2024-10-31,AMZN,-0.06800003051757797
2024-10-31,META,-0.04758889168488678
2024-10-31,TSLA,-0.3905651502315375
2024-10-31,AMD,-0.31843124233018116
2024-10-31,NFLX,-0.020775368697574903
2024-10-31,CRM,-0.07642171495478223
2024-10-31,ORCL,-0.0564955014407722
2024-10-31,ADBE,-0.30548979478561133
2024-10-31,AVGO,-0.08701250380770831
2024-10-31,QCOM,-0.2795316035490544
2024-10-31,INTC,-0.5849938039715641
2024-10-31,BTC-USD,-0.03924705986987487
2024-10-31,ETH-USD,-0.4771916829314201
2024-10-31,SOL-USD,-0.32212377587312835
2024-11-01,AAPL,-0.05738323296605563
2024-11-01,MSFT,-0.12073382361800489
2024-11-01,NVDA,-0.05782491086956887
2024-11-01,GOOGL,-0.10284936794771515
2024-11-01,AMZN,-0.010350036621093794
2024-11-01,META,-0.04829370994290627
2024-11-01,TSLA,-0.39268728202992775
2024-11-01,AMD,-0.32888637840179025
2024-11-01,NFLX,-0.020684654330830332
2024-11-01,CRM,-0.06580322042906017
2024-11-01,ORCL,-0.04424073775234283
2024-11-01,ADBE,-0.2986330153585829
2024-11-01,AVGO,-0.09158375692911058
2024-11-01,QCOM,-0.2684658353881243
2024-11-01,INTC,-0.5525955455539588
2024-11-01,BTC-USD,-0.0492728351816758
2024-11-01,ETH-USD,-0.47800501361977565
2024-11-01,SOL-USD,-0.33084871875258126
2024-11-04,AAPL,-0.06118911068985533
2024-11-04,MSFT,-0.1248263852795839
2024-11-04,NVDA,-0.053301956696152564
2024-11-04,GOOGL,-0.1135861563934345
2024-11-04,AMZN,-0.02110000610351559
2024-11-04,META,-0.05916710625457389
2024-11-04,TSLA,-0.40766398610916843
2024-11-04,AMD,-0.3343267884212806
2024-11-04,NFLX,-0.02144880923065129
2024-11-04,CRM,-0.0553744400219256
2024-11-04,ORCL,-0.04665801634813993
2024-11-04,ADBE,-0.300739414097253
2024-11-04,AVGO,-0.09357349045508123
2024-11-04,QCOM,-0.26886415087316395
2024-11-04,INTC,-0.5657091298451415
2024-11-04,BTC-USD,-0.07213655869655944
2024-11-04,ETH-USD,-0.5018738923943865
2024-11-04,SOL-USD,-0.3651189590473082
2024-11-05,AAPL,-0.05509979742195292
2024-11-05,MSFT,-0.11839834820343009
2024-11-05,NVDA,-0.02644231178702039
2024-11-05,GOOGL,-0.11096763165076595
2024-11-05,AMZN,-0.0024999999999999467
2024-11-05,META,-0.03945054483987365
2024-11-05,TSLA,-0.3866868266147939
2024-11-05,AMD,-0.3298325272504151
2024-11-05,NFLX,-0.010569014264883547
2024-11-05,CRM,-0.05702288199595351
2024-11-05,ORCL,-0.034346925004187456
2024-11-05,ADBE,-0.2933741783080963
2024-11-05,AVGO,-0.06480228593543513
2024-11-05,QCOM,-0.2656330015588587
2024-11-05,INTC,-0.5502814052570423
2024-11-05,BTC-USD,-0.05095455882654776
2024-11-05,ETH-USD,-0.49654891272638535
2024-11-05,SOL-USD,-0.3289962965680999
2024-11-06,AAPL,-0.058186843520414144
2024-11-06,MSFT,-0.09971481056858089
2024-11-06,NVDA,0.0
2024-11-06,GOOGL,-0.0755087375235578
2024-11-06,AMZN,0.0
2024-11-06,META,-0.040088046098845864
2024-11-06,TSLA,-0.2962168014240395
2024-11-06,AMD,-0.31355850718255973
2024-11-06,NFLX,0.0
2024-11-06,CRM,-0.027194974195248522
2024-11-06,ORCL,0.0
2024-11-06,ADBE,-0.2666298790575208
2024-11-06,AVGO,-0.034417923846841836
2024-11-06,QCOM,-0.23429473766730657
2024-11-06,INTC,-0.5169189278461546
2024-11-06,BTC-USD,0.0
2024-11-06,ETH-USD,-0.43389033455080106
2024-11-06,SOL-USD,-0.24756746764908988
2024-11-07,AAPL,-0.038058126593874864
2024-11-07,MSFT,-0.08846604457727947
2024-11-07,NVDA,0.0
2024-11-07,GOOGL,-0.05330141677673095
2024-11-07,AMZN,0.0
2024-11-07,META,-0.007114984135146107
2024-11-07,TSLA,-0.2757762695366802
2024-11-07,AMD,-0.2912290478596694
2024-11-07,NFLX,0.0
2024-11-07,CRM,-0.01489643503321958
2024-11-07,ORCL,0.0
2024-11-07,ADBE,-0.27230992492277617
2024-11-07,AVGO,-0.011508565287343675
2024-11-07,QCOM,-0.23464885070825425
2024-11-07,INTC,-0.4941630064917605
2024-11-07,BTC-USD,0.0
2024-11-07,ETH-USD,-0.3982683174440179
2024-11-07,SOL-USD,-0.20981678129670167
2024-11-08,AAPL,-0.03920124325078722
2024-11-08,MSFT,-0.09465815626032215
2024-11-08,NVDA,-0.008396250661938387
2024-11-08,GOOGL,-0.06587155885036977
2024-11-08,AMZN,-0.008902691496347037
2024-11-08,META,-0.011075038042351548
2024-11-08,TSLA,-0.2164792539350272
2024-11-08,AMD,-0.30007572366996316
2024-11-08,NFLX,-0.0018831637726069994
2024-11-08,CRM,0.0
2024-11-08,ORCL,0.0
2024-11-08,ADBE,-0.28137484756062414
2024-11-08,AVGO,-0.012422749128036203
2024-11-08,QCOM,-0.2435015357353143
2024-11-08,INTC,-0.4947415231746912
2024-11-08,BTC-USD,0.0
2024-11-08,ETH-USD,-0.3844050651664027
2024-11-08,SOL-USD,-0.19531017355250346
2024-11-11,AAPL,-0.05075811426416876
2024-11-11,MSFT,-0.10436417475562432
2024-11-11,NVDA,-0.024315142364661146
2024-11-11,GOOGL,-0.05539641362872272
2024-11-11,AMZN,-0.01528210743741909
2024-11-11,META,-0.021428454349126547
2024-11-11,TSLA,-0.14627899856608995
2024-11-11,AMD,-0.3029141702158378
2024-11-11,NFLX,0.0
2024-11-11,CRM,0.0
2024-11-11,ORCL,-0.0006339604150874534
2024-11-11,ADBE,-0.26713829108654585
2024-11-11,AVGO,-0.037859699535628955
2024-11-11,QCOM,-0.25509850870682405
2024-11-11,INTC,-0.5169189278461546
2024-11-11,BTC-USD,0.0
2024-11-11,ETH-USD,-0.29868003090768236
2024-11-11,SOL-USD,-0.10393928349140191
2024-11-12,AAPL,-0.05075811426416876
2024-11-12,MSFT,-0.093608314829153
2024-11-12,NVDA,-0.0039630492212892054
2024-11-12,GOOGL,-0.04874467186631959
2024-11-12,AMZN,-0.005427276234638234
2024-11-12,META,-0.018659591749719318
2024-11-12,TSLA,-0.19874627593169725
2024-11-12,AMD,-0.32051281310907387
2024-11-12,NFLX,0.0
2024-11-12,CRM,-0.001697227236999721
2024-11-12,ORCL,0.0
2024-11-12,ADBE,-0.23526593744031654
2024-11-12,AVGO,-0.05232585949851731
2024-11-12,QCOM,-0.27669869922147294
2024-11-12,INTC,-0.5340822760482397
2024-11-12,BTC-USD,-0.008406532091926988
2024-11-12,ETH-USD,-0.3253951865800183
2024-11-12,SOL-USD,-0.14583562731579636
2024-11-13,AAPL,-0.046990494414708595
2024-11-13,MSFT,-0.0889587513807979
2024-11-13,NVDA,-0.017531179827212084
2024-11-13,GOOGL,-0.063095774538388
2024-11-13,AMZN,0.0
2024-11-13,META,-0.026747940517338864
2024-11-13,TSLA,-0.19447767092452772
2024-11-13,AMD,-0.3409972569118602
2024-11-13,NFLX,0.0
2024-11-13,CRM,-2.9356268673286223e-05
2024-11-13,ORCL,0.0
2024-11-13,ADBE,-0.2264334532632445
2024-11-13,AVGO,-0.06652329899905618
2024-11-13,QCOM,-0.2899333480721813
2024-11-13,INTC,-0.5194259192982469
2024-11-13,BTC-USD,0.0
2024-11-13,ETH-USD,-0.33654655862845384
2024-11-13,SOL-USD,-0.13395178998184987
2024-11-14,AAPL,-0.03386706755019808
2024-11-14,MSFT,-0.08533784124412902
2024-11-14,NVDA,-0.014239805995155064
2024-11-14,GOOGL,-0.08037976013006354
2024-11-14,AMZN,-0.012237320417028852
2024-11-14,META,-0.03151332428144771
2024-11-14,TSLA,-0.24096887150467206
2024-11-14,AMD,-0.34317346423157435
2024-11-14,NFLX,0.0
2024-11-14,CRM,-0.02949707003599311
2024-11-14,ORCL,-0.013605337799934225
2024-11-14,ADBE,-0.23025408010849902
2024-11-14,AVGO,-0.08373217744299188
2024-11-14,QCOM,-0.2742200489314711
2024-11-14,INTC,-0.5173045933739094
2024-11-14,BTC-USD,-0.03680261786927608
2024-11-14,ETH-USD,-0.36431978999822934
2024-11-14,SOL-USD,-0.15796093541056322
2024-11-15,AAPL,-0.04749851734470867
2024-11-15,MSFT,-0.11081353279213502
2024-11-15,NVDA,-0.04634621845008846
2024-11-15,GOOGL,-0.09656405546836355
2024-11-15,AMZN,-0.05366653510326702
2024-11-15,META,-0.07024204120810618
2024-11-15,TSLA,-0.21769885536564704
2024-11-15,AMD,-0.36181289251425686
2024-11-15,NFLX,-0.01588508031704372
2024-11-15,CRM,-0.048195925911663884
2024-11-15,ORCL,-0.03106039453239673
2024-11-15,ADBE,-0.26875081905408404
2024-11-15,AVGO,-0.11352517085954927
2024-11-15,QCOM,-0.28957930552954947
2024-11-15,INTC,-0.5304181776650922
2024-11-15,BTC-USD,0.0
2024-11-15,ETH-USD,-0.3551570726183404
2024-11-15,SOL-USD,-0.12223855431971353
2024-11-18,AAPL,-0.03471381580980615
2024-11-18,MSFT,-0.10918510293208372
2024-11-18,NVDA,-0.05863800139165054
2024-11-18,GOOGL,-0.08184628207071099
2024-11-18,AMZN,-0.057916902390362845
2024-11-18,META,-0.06970505154801776
2024-11-18,TSLA,-0.1737444466039899
2024-11-18,AMD,-0.34274770807767274
2024-11-18,NFLX,0.0
2024-11-18,CRM,-0.05700425620592875
2024-11-18,ORCL,-0.020566322791043645
2024-11-18,ADBE,-0.2743582472960797
2024-11-18,AVGO,-0.10906168975333597
2024-11-18,QCOM,-0.27187414697037715
2024-11-18,INTC,-0.5209686917570568
2024-11-18,BTC-USD,-0.0057471190411420014
2024-11-18,ETH-USD,-0.3333752741585495
2024-11-18,SOL-USD,-0.03490572845163631
2024-11-19,AAPL,-0.03361318621402232
2024-11-19,MSFT,-0.10483556059878552
2024-11-19,NVDA,-0.012560720287587257
2024-11-19,GOOGL,-0.06707627660525683
2024-11-19,AMZN,-0.04432510613089691
2024-11-19,META,-0.058479091474111344
2024-11-19,TSLA,-0.15603581001104894
2024-11-19,AMD,-0.3405715007579586
2024-11-19,NFLX,0.0
2024-11-19,CRM,-0.053551089194582735
2024-11-19,ORCL,-0.0038496368822092952
2024-11-19,ADBE,-0.27421301204956017
2024-11-19,AVGO,-0.11078228541953183
2024-11-19,QCOM,-0.2709444856781261
2024-11-19,INTC,-0.5333108714275363
2024-11-19,BTC-USD,0.0
2024-11-19,ETH-USD,-0.35342320846298203
2024-11-19,SOL-USD,-0.04173440120072136
2024-11-20,AAPL,-0.030565113698433954
2024-11-20,MSFT,-0.10976375778140335
2024-11-20,NVDA,-0.020083566859396496
2024-11-20,GOOGL,-0.07828476327807166
2024-11-20,AMZN,-0.05240542223655198
2024-11-20,META,-0.05104566597593718
2024-11-20,TSLA,-0.16571944834771324
2024-11-20,AMD,-0.34903963040496644
2024-11-20,NFLX,0.0
2024-11-20,CRM,-0.046908327349577394
2024-11-20,ORCL,0.0
2024-11-20,ADBE,-0.27437278855397296
2024-11-20,AVGO,-0.12207589103289274
2024-11-20,QCOM,-0.31715500380126915
2024-11-20,INTC,-0.5369749698106836
2024-11-20,BTC-USD,0.0
2024-11-20,ETH-USD,-0.36156853951054047
2024-11-20,SOL-USD,-0.05249593991971646
2024-11-21,AAPL,-0.03259707528960998
2024-11-21,MSFT,-0.11360664501936046
2024-11-21,NVDA,-0.014844375504771357
2024-11-21,GOOGL,-0.12201877827342356
2024-11-21,AMZN,-0.07342363742438474
2024-11-21,META,-0.05512303495958348
2024-11-21,TSLA,-0.17154910447802307
2024-11-21,AMD,-0.3495600230996896
2024-11-21,NFLX,0.0
2024-11-21,CRM,-0.017411438525119283
2024-11-21,ORCL,0.0
2024-11-21,ADBE,-0.26719641178501563
2024-11-21,AVGO,-0.11836506096381605
2024-11-21,QCOM,-0.3118877926244098
2024-11-21,INTC,-0.5286825540511064
2024-11-21,BTC-USD,0.0
2024-11-21,ETH-USD,-0.30153929593192597
2024-11-21,SOL-USD,0.0
2024-11-22,AAPL,-0.026882207713581407
2024-11-22,MSFT,-0.1047399815895832
2024-11-22,NVDA,-0.04654774161996056
2024-11-22,GOOGL,-0.13705090984801438
2024-11-22,AMZN,-0.07930878328942415
2024-11-22,META,-0.06175123368967361
2024-11-22,TSLA,-0.1400346451964014
2024-11-22,AMD,-0.3454915180827257
2024-11-22,NFLX,0.0
2024-11-22,CRM,0.0
2024-11-22,ORCL,-0.0007274653125909358
2024-11-22,ADBE,-0.25599600789271104
2024-11-22,AVGO,-0.11680566418323579
2024-11-22,QCOM,-0.30600090125047097
2024-11-22,INTC,-0.5275254839026482
2024-11-22,BTC-USD,0.0
2024-11-22,ETH-USD,-0.30765995055379647
2024-11-22,SOL-USD,-0.0021286787554156694
2024-11-25,AAPL,-0.014182154978875539
2024-11-25,MSFT,-0.10089682866987693
2024-11-25,NVDA,-0.08637852381657551
2024-11-25,GOOGL,-0.1219140726952882
2024-11-25,AMZN,-0.059084581011909165
2024-11-25,META,-0.051733577667580466
2024-11-25,TSLA,-0.17411031214546313
2024-11-25,AMD,-0.33233985418320944
2024-11-25,NFLX,-0.03586586222594357
2024-11-25,CRM,-0.008508362746941667
2024-11-25,ORCL,-0.02307327209806287
2024-11-25,ADBE,-0.24643725881683454
2024-11-25,AVGO,-0.11363269243628304
2024-11-25,QCOM,-0.297015326897871
2024-11-25,INTC,-0.5203901382915292
2024-11-25,BTC-USD,-0.05955056862531716
2024-11-25,ETH-USD,-0.29063134978597494
2024-11-25,SOL-USD,-0.0879901965148836
2024-11-26,AAPL,-0.0049111919572577545
2024-11-26,MSFT,-0.08114538324492648
2024-11-26,NVDA,-0.0803333425479743
2024-11-26,GOOGL,-0.11421479226646691
2024-11-26,AMZN,-0.029145284050795417
2024-11-26,META,-0.03758793605153121
2024-11-26,TSLA,-0.17498838944499873
2024-11-26,AMD,-0.3484719555330975
2024-11-26,NFLX,-0.028057755279301544
2024-11-26,CRM,0.0
2024-11-26,ORCL,-0.010705148937546483
2024-11-26,ADBE,-0.23689296233264479
2024-11-26,AVGO,-0.11406286222270334
2024-11-26,QCOM,-0.3053812210533915
2024-11-26,INTC,-0.5362036019725771
2024-11-26,BTC-USD,-0.07083342638845413
2024-11-26,ETH-USD,-0.30871635200055203
2024-11-26,SOL-USD,-0.10148251298296973
2024-11-27,AAPL,-0.005461506755150003
2024-11-27,MSFT,-0.09187985579060343
2024-11-27,NVDA,-0.09094583425094371
2024-11-27,GOOGL,-0.11363871038461237
2024-11-27,AMZN,-0.03904717595528473
2024-11-27,META,-0.044870542606969877
2024-11-27,TSLA,-0.18801372379139125
2024-11-27,AMD,-0.3554735436367574
2024-11-27,NFLX,-0.022778135023092783
2024-11-27,CRM,-0.03837615284634477
2024-11-27,ORCL,-0.050563650182735564
2024-11-27,ADBE,-0.25377341209020476
2024-11-27,AVGO,-0.14132826379116603
2024-11-27,QCOM,-0.3077271935128013
2024-11-27,INTC,-0.5439174642666267
2024-11-27,BTC-USD,-0.030658630597423353
2024-11-27,ETH-USD,-0.23998694084466454
2024-11-27,SOL-USD,-0.05743147027940165
2024-11-29,AAPL,0.0
2024-11-29,MSFT,-0.0908708629283429
2024-11-29,NVDA,-0.07140003931808503
2024-11-29,GOOGL,-0.11510523232525982
2024-11-29,AMZN,-0.029005168317765784
2024-11-29,META,-0.03627891422319529
2024-11-29,TSLA,-0.15808473148186264
2024-11-29,AMD,-0.3510266368295676
2024-11-29,NFLX,-0.01223002685444241
2024-11-29,CRM,-0.03843461732024478
2024-11-29,ORCL,-0.0394428183317701
2024-11-29,ADBE,-0.25050482104765504
2024-11-29,AVGO,-0.1283678232999761
2024-11-29,QCOM,-0.2982990307327539
2024-11-29,INTC,-0.5362036019725771
2024-11-29,BTC-USD,-0.01551693809694532
2024-11-29,ETH-USD,-0.25323584459097803
2024-11-29,SOL-USD,-0.05257946930831292
2024-12-02,AAPL,0.0
2024-12-02,MSFT,-0.07472604724605258
2024-12-02,NVDA,-0.06884744675487575
2024-12-02,GOOGL,-0.10180174880045312
2024-12-02,AMZN,-0.0158337192573893
2024-12-02,META,-0.005218665302870296
2024-12-02,TSLA,-0.1289850592125278
2024-12-02,AMD,-0.3279402295531654
2024-12-02,NFLX,-5.566171883553128e-05
2024-12-02,CRM,-0.03546240256146571
2024-12-02,ORCL,-0.05726753775995341
2024-12-02,ADBE,-0.250112561749363
2024-12-02,AVGO,-0.10454436437927062
2024-12-02,QCOM,-0.2783807890397114
2024-12-02,INTC,-0.5385177422694936
2024-12-02,BTC-USD,-0.031640740260522215
2024-12-02,ETH-USD,-0.242699024013321
2024-12-02,SOL-USD,-0.12179637171330115
2024-12-03,AAPL,0.0
2024-12-03,MSFT,-0.07425386435764414
2024-12-03,NVDA,-0.05789911735729025
2024-12-03,GOOGL,-0.10258740280026657
2024-12-03,AMZN,-0.0030826886655492824
2024-12-03,META,0.0
2024-12-03,TSLA,-0.14281529775016144
2024-12-03,AMD,-0.3283187035299213
2024-12-03,NFLX,0.0
2024-12-03,CRM,-0.0342385281965677
2024-12-03,ORCL,-0.04957639315631168
2024-12-03,ADBE,-0.25002540286820996
2024-12-03,AVGO,-0.09572467330512258
2024-12-03,QCOM,-0.2803725779598577
2024-12-03,INTC,-0.5666733856210209
2024-12-03,BTC-USD,-0.030258289711854736
2024-12-03,ETH-USD,-0.24757981990136124
2024-12-03,SOL-USD,-0.08894828596307847
2024-12-04,AAPL,0.0
2024-12-04,MSFT,-0.06089996902815009
2024-12-04,NVDA,-0.025121235044149648
2024-12-04,GOOGL,-0.08671746563890481
2024-12-04,AMZN,0.0
2024-12-04,META,0.0
2024-12-04,TSLA,-0.12693613774171408
2024-12-04,AMD,-0.3188097163069371
2024-12-04,NFLX,0.0
2024-12-04,CRM,0.0
2024-12-04,ORCL,-0.02203378181700577
2024-12-04,ADBE,-0.22063716600104943
2024-12-04,AVGO,-0.08276423281393264
2024-12-04,QCOM,-0.27700860981832864
2024-12-04,INTC,-0.5765085738394079
2024-12-04,BTC-USD,-0.0023145274655707038
2024-12-04,ETH-USD,-0.2017329001928433
2024-12-04,SOL-USD,-0.10871374072761608
2024-12-05,AAPL,0.0
2024-12-05,MSFT,-0.04973615477609106
2024-12-05,NVDA,-0.02559128449799719
2024-12-05,GOOGL,-0.0957784014685501
2024-12-05,AMZN,0.0
2024-12-05,META,-0.007901800473457454
2024-12-05,TSLA,-0.09873895862086779
2024-12-05,AMD,-0.33125178661661736
2024-12-05,NFLX,0.0
2024-12-05,CRM,-0.017642186514056357
2024-12-05,ORCL,-0.032167518354409896
2024-12-05,ADBE,-0.21812401103929735
2024-12-05,AVGO,-0.08324816338871976
2024-12-05,QCOM,-0.2863524566125164
2024-12-05,INTC,-0.5988787928834503
2024-12-05,BTC-USD,-0.024284348249694387
2024-12-05,ETH-USD,-0.20803427241885086
2024-12-05,SOL-USD,-0.08973257664389123
2024-12-06,AAPL,-0.0008227981943086382
2024-12-06,MSFT,-0.04769658240946384
2024-12-06,NVDA,-0.04319049509443684
2024-12-06,GOOGL,-0.08493650504047501
2024-12-06,AMZN,0.0
2024-12-06,META,0.0
2024-12-06,TSLA,-0.0506134593707247
2024-12-06,AMD,-0.34435616833898797
2024-12-06,NFLX,0.0
2024-12-06,CRM,-0.01598391794272347
2024-12-06,ORCL,-0.0038454510171737066
2024-12-06,ADBE,-0.19671103346315844
2024-12-06,AVGO,-0.03452544542357561
2024-12-06,QCOM,-0.2902680035779305
2024-12-06,INTC,-0.596564615803937
2024-12-06,BTC-USD,0.0
2024-12-06,ETH-USD,-0.16755241292501233
2024-12-06,SOL-USD,-0.07785870183954835
2024-12-09,AAPL,0.0
2024-12-09,MSFT,-0.04243668156322089
2024-12-09,NVDA,-0.0675743875869127
2024-12-09,GOOGL,-0.08042700238553269
2024-12-09,AMZN,-0.004140432746599365
2024-12-09,META,-0.016352201381747755
2024-12-09,TSLA,-0.04922309587456264
2024-12-09,AMD,-0.38087807695084097
2024-12-09,NFLX,-0.022519585655164542
2024-12-09,CRM,-0.0443093200299266
2024-12-09,ORCL,-0.010289385167696286
2024-12-09,ADBE,-0.20401819288694867
2024-12-09,AVGO,-0.03769833369104325
2024-12-09,QCOM,-0.2847951488134851
2024-12-09,INTC,-0.5986859417282744
2024-12-09,BTC-USD,-0.024899664585615544
2024-12-09,ETH-USD,-0.22721885145388376
2024-12-09,SOL-USD,-0.1545301349136674
2024-12-10,AAPL,0.0
2024-12-10,MSFT,-0.04821187216164713
2024-12-10,NVDA,-0.092696753051699
2024-12-10,GOOGL,-0.0290396615233236
2024-12-10,AMZN,-0.008765385648874635
2024-12-10,META,-0.007133983947994471
2024-12-10,TSLA,-0.02190406849181592
2024-12-10,AMD,-0.3956855193820834
2024-12-10,NFLX,-0.022883368223376332
2024-12-10,CRM,-0.05178474290229995
2024-12-10,ORCL,-0.07633930592839355
2024-12-10,ADBE,-0.20529658225466463
2024-12-10,AVGO,-0.076041963801459
2024-12-10,QCOM,-0.3038387179007068
2024-12-10,INTC,-0.6112209725539297
2024-12-10,BTC-USD,-0.032478564449265335
2024-12-10,ETH-USD,-0.24526854219948846
2024-12-10,SOL-USD,-0.16821085209475606
2024-12-11,AAPL,-0.005166038247081284
2024-12-11,MSFT,-0.036060319587247425
2024-12-11,NVDA,-0.06421559957870249
2024-12-11,GOOGL,0.0
2024-12-11,AMZN,0.0
2024-12-11,META,0.0
2024-12-11,TSLA,0.0
2024-12-11,AMD,-0.3842842705551144
2024-12-11,NFLX,0.0
2024-12-11,CRM,-0.03539303330248034
2024-12-11,ORCL,-0.07197410977069119
2024-12-11,ADBE,-0.20111277862690446
2024-12-11,AVGO,-0.014788975131545201
2024-12-11,QCOM,-0.28884414909096656
2024-12-11,INTC,-0.6119923403920362
2024-12-11,BTC-USD,0.0
2024-12-11,ETH-USD,-0.203501162589528
2024-12-11,SOL-USD,-0.11521967914895592
2024-12-12,AAPL,0.0
2024-12-12,MSFT,-0.03483658945135859
2024-12-12,NVDA,-0.07744861184859642
2024-12-12,GOOGL,-0.01760496337604578
2024-12-12,AMZN,-0.0056023335225718895
2024-12-12,META,-0.0029873558089820174
2024-12-12,TSLA,-0.015702575706076027
2024-12-12,AMD,-0.38215534541254603
2024-12-12,NFLX,-0.011755765200442414
2024-12-12,CRM,-0.02674877601481418
2024-12-12,ORCL,-0.0889153918302662
2024-12-12,ADBE,-0.31050160778432545
2024-12-12,AVGO,-0.028448472830474913
2024-12-12,QCOM,-0.2959188665901149
2024-12-12,INTC,-0.5992644584112052
2024-12-12,BTC-USD,-0.011169293200355757
2024-12-12,ETH-USD,-0.19305256994943254
2024-12-12,SOL-USD,-0.11685396926587233
2024-12-13,AAPL,0.0
2024-12-13,MSFT,-0.03975303021658305
2024-12-13,NVDA,-0.09820508728337418
2024-12-13,GOOGL,-0.02855688141681112
2024-12-13,AMZN,-0.012160114043977766
2024-12-13,META,-0.019488551867983483
2024-12-13,TSLA,0.0
2024-12-13,AMD,-0.3996120695878149
2024-12-13,NFLX,-0.018888242353030105
2024-12-13,CRM,-0.03686091493297694
2024-12-13,ORCL,-0.09894498528412954
2024-12-13,ADBE,-0.3234888130733711
2024-12-13,AVGO,0.0
2024-12-13,QCOM,-0.2946283949169022
2024-12-13,INTC,-0.6077497253259582
2024-12-13,BTC-USD,0.0
2024-12-13,ETH-USD,-0.18721232694970302
2024-12-13,SOL-USD,-0.1253709398726307
2024-12-16,AAPL,0.0
2024-12-16,MSFT,-0.030478412461217963
2024-12-16,NVDA,-0.1133190167272452
2024-12-16,GOOGL,0.0
2024-12-16,AMZN,0.0
2024-12-16,META,-0.01254436973492501
2024-12-16,TSLA,0.0
2024-12-16,AMD,-0.40065285497726133
2024-12-16,NFLX,-0.016528535814597456
2024-12-16,CRM,-0.02892332818256138
2024-12-16,ORCL,-0.11016987936220446
2024-12-16,ADBE,-0.3295320800542354
2024-12-16,AVGO,0.0
2024-12-16,QCOM,-0.29747603339251427
2024-12-16,INTC,-0.5983002394179229
2024-12-16,BTC-USD,0.0
2024-12-16,ETH-USD,-0.17136148543579477
2024-12-16,SOL-USD,-0.15844547449497148
2024-12-17,AAPL,0.0
2024-12-17,MSFT,-0.024316787758872804
2024-12-17,NVDA,-0.12413385372418617
2024-12-17,GOOGL,-0.006305340797149395
2024-12-17,AMZN,-0.007641775792155969
2024-12-17,META,-0.020137196002681934
2024-12-17,TSLA,0.0
2024-12-17,AMD,-0.40855334584566516
2024-12-17,NFLX,-0.01861062023534521
2024-12-17,CRM,-0.045940234155737
2024-12-17,ORCL,-0.11806882499434002
2024-12-17,ADBE,-0.33868411724013314
2024-12-17,AVGO,-0.03908004924892561
2024-12-17,QCOM,-0.29734250958213115
2024-12-17,INTC,-0.6058212505567966
2024-12-17,BTC-USD,0.0
2024-12-17,ETH-USD,-0.19229103956254368
2024-12-17,SOL-USD,-0.13323106035648924
2024-12-18,AAPL,-0.021421833684515668
2024-12-18,MSFT,-0.06096446327271943
2024-12-18,NVDA,-0.13407538939651054
2024-12-18,GOOGL,-0.0420015256254026
2024-12-18,AMZN,-0.0532777606728988
2024-12-18,META,-0.05533332588881479
2024-12-18,TSLA,-0.0827949436951747
2024-12-18,AMD,-0.4256315599509132
2024-12-18,NFLX,-0.05019429067834058
2024-12-18,CRM,-0.08224446508045113
2024-12-18,ORCL,-0.1404145509233804
2024-12-18,ADBE,-0.35890581999660587
2024-12-18,AVGO,-0.1055200882352777
2024-12-18,QCOM,-0.31901143595481796
2024-12-18,INTC,-0.6278058040730841
2024-12-18,BTC-USD,-0.057462106019896764
2024-12-18,ETH-USD,-0.24797890038259163
2024-12-18,SOL-USD,-0.1971640172445417
2024-12-19,AAPL,-0.014557390416506943
2024-12-19,MSFT,-0.06173733148055738
2024-12-19,NVDA,-0.1221858306705933
2024-12-19,GOOGL,-0.041442098426408114
2024-12-19,AMZN,-0.041385822748324586
2024-12-19,META,-0.05789605283536625
2024-12-19,TSLA,-0.09104733309200452
2024-12-19,AMD,-0.437600555836281
2024-12-19,NFLX,-0.03685824629334167
2024-12-19,CRM,-0.08496585365607334
2024-12-19,ORCL,-0.12284978492189269
2024-12-19,ADBE,-0.3646004071197545
2024-12-19,AVGO,-0.1267198642320213
2024-12-19,QCOM,-0.33080249079010005
2024-12-19,INTC,-0.6324341214495139
2024-12-19,BTC-USD,-0.08149236305587293
2024-12-19,ETH-USD,-0.28972030373951496
2024-12-19,SOL-USD,-0.24422288267336711
2024-12-20,AAPL,0.0
2024-12-20,MSFT,-0.06266044271745408
2024-12-20,NVDA,-0.09518234250080493
2024-12-20,GOOGL,-0.026695869057822397
2024-12-20,AMZN,-0.03438799106470225
2024-12-20,META,-0.07422081380563306
2024-12-20,TSLA,-0.12253571789256357
2024-12-20,AMD,-0.43603937775211143
2024-12-20,NFLX,-0.029373446470863374
2024-12-20,CRM,-0.06477271780388072
2024-12-20,ORCL,-0.11832861670817296
2024-12-20,ADBE,-0.3503929331614628
2024-12-20,AVGO,-0.11683996452557355
2024-12-20,QCOM,-0.31972332794914193
2024-12-20,INTC,-0.6235631522244092
2024-12-20,BTC-USD,-0.07899589555334074
2024-12-20,ETH-USD,-0.2783685796925568
2024-12-20,SOL-USD,-0.2445198482584806
2024-12-23,AAPL,0.0
2024-12-23,MSFT,-0.06555876491728296
2024-12-23,NVDA,-0.06179752707126207
2024-12-23,GOOGL,-0.010322399580554475
2024-12-23,AMZN,-0.03378695472738846
2024-12-23,META,-0.05112568402582729
2024-12-23,TSLA,-0.10265490091230933
2024-12-23,AMD,-0.41054028008373633
2024-12-23,NFLX,-0.02681089982884055
2024-12-23,CRM,-0.06681378027747842
2024-12-23,ORCL,-0.12103083864290565
2024-12-23,ADBE,-0.35101763092053073
2024-12-23,AVGO,-0.06810975613163561
2024-12-23,QCOM,-0.2959188665901149
2024-12-23,INTC,-0.6104495679332264
2024-12-23,BTC-USD,-0.10791684997427864
2024-12-23,ETH-USD,-0.2901655529517293
2024-12-23,SOL-USD,-0.26184802461199486
2024-12-24,AAPL,0.0
2024-12-24,MSFT,-0.056799503334538426
2024-12-24,NVDA,-0.05810290136843588
2024-12-24,GOOGL,-0.0027967457695269315
2024-12-24,AMZN,-0.016657320851866664
2024-12-24,META,-0.03862899157685096
2024-12-24,TSLA,-0.03663565854399364
2024-12-24,AMD,-0.4025451887677759
2024-12-24,NFLX,-0.004740756091781262
2024-12-24,CRM,-0.06265001283133931
2024-12-24,ORCL,-0.10923437045182571
2024-12-24,ADBE,-0.3492743646312628
2024-12-24,AVGO,-0.03871128460180018
2024-12-24,QCOM,-0.29093541113489885
2024-12-24,INTC,-0.6065926551774998
2024-12-24,BTC-USD,-0.07032660172087479
2024-12-24,ETH-USD,-0.2743170452418049
2024-12-24,SOL-USD,-0.23370218085400007
2024-12-26,AAPL,0.0
2024-12-26,MSFT,-0.05941866043660682
2024-12-26,NVDA,-0.060051027187541184
2024-12-26,GOOGL,-0.005390027991651669
2024-12-26,AMZN,-0.025243591675237265
2024-12-26,META,-0.04558919560844621
2024-12-26,TSLA,-0.053619766711532124
2024-12-26,AMD,-0.40836410885728713
2024-12-26,NFLX,-0.013261262370904303
2024-12-26,CRM,-0.07002510801428863
2024-12-26,ORCL,-0.1078312687991203
2024-12-26,ADBE,-0.34604935302928985
2024-12-26,AVGO,-0.0159303347139913
2024-12-26,QCOM,-0.2946283949169022
2024-12-26,INTC,-0.6058212505567966
2024-12-26,BTC-USD,-0.09746586871762153
2024-12-26,ETH-USD,-0.30773787931290786
2024-12-26,SOL-USD,-0.26782152623571953
2024-12-27,AAPL,-0.013242167635940105
2024-12-27,MSFT,-0.07569226534672435
2024-12-27,NVDA,-0.0796653667171896
2024-12-27,GOOGL,-0.01983125715185685
2024-12-27,AMZN,-0.03941095163540842
2024-12-27,META,-0.05118889769823576
2024-12-27,TSLA,-0.10044592831415211
2024-12-27,AMD,-0.40774907962174267
2024-12-27,NFLX,-0.03097506867033617
2024-12-27,CRM,-0.07892422456669923
2024-12-27,ORCL,-0.1219663475532844
2024-12-27,ADBE,-0.3513953046278263
2024-12-27,AVGO,-0.030409019539931692
2024-12-27,QCOM,-0.3003681563054822
2024-12-27,INTC,-0.6085211299466615
2024-12-27,BTC-USD,-0.1128290400770735
2024-12-27,ETH-USD,-0.30821767897105623
2024-12-27,SOL-USD,-0.28489743320351846
2024-12-30,AAPL,-0.02632982116356708
2024-12-30,MSFT,-0.08792956670561336
2024-12-30,NVDA,-0.07644109876474825
2024-12-30,GOOGL,-0.02756029646519742
2024-12-30,AMZN,-0.04992912029242791
2024-12-30,META,-0.06474546301101969
2024-12-30,TSLA,-0.13014209060107407
2024-12-30,AMD,-0.42075882480329174
2024-12-30,NFLX,-0.03857733653674078
2024-12-30,CRM,-0.08629940391717339
2024-12-30,ORCL,-0.13261950580549176
2024-12-30,ADBE,-0.35238317916939976
2024-12-30,AVGO,-0.05515505842457702
2024-12-30,QCOM,-0.3122038365747519
2024-12-30,INTC,-0.6177777646995211
2024-12-30,BTC-USD,-0.12716519810802251
2024-12-30,ETH-USD,-0.302507976789812
2024-12-30,SOL-USD,-0.2568907234314335
2024-12-31,AAPL,-0.03320178272729257
2024-12-31,MSFT,-0.09507879688942455
2024-12-31,NVDA,-0.09793635546837387
2024-12-31,GOOGL,-0.037424961597913864
2024-12-31,AMZN,-0.058129024650678374
2024-12-31,META,-0.07380939087169325
2024-12-31,TSLA,-0.15842118812631756
2024-12-31,AMD,-0.42856467913087415
2024-12-31,NFLX,-0.048304374853725185
2024-12-31,CRM,-0.09013676970258644
2024-12-31,ORCL,-0.1340226883146285
2024-12-31,ADBE,-0.3540102040617279
2024-12-31,AVGO,-0.07015525432497471
2024-12-31,QCOM,-0.31647532953732804
2024-12-31,INTC,-0.6133422984782673
2024-12-31,BTC-USD,-0.11975999994700426
2024-12-31,ETH-USD,-0.30746649849748686
2024-12-31,SOL-USD,-0.26375108550032733
2025-01-02,AAPL,-0.058566662097701117
2025-01-02,MSFT,-0.10134788985923981
2025-01-02,NVDA,-0.0709328672985855
2025-01-02,GOOGL,-0.036763997737941145
2025-01-02,AMZN,-0.05456571439801383
2025-01-02,META,-0.052090493624983636
2025-01-02,TSLA,-0.20960277923273207
2025-01-02,AMD,-0.42932162708438615
2025-01-02,NFLX,-0.053205366481153704
2025-01-02,CRM,-0.10012425651669166
2025-01-02,ORCL,-0.13719274556098193
2025-01-02,ADBE,-0.35935615566026446
2025-01-02,AVGO,-0.06959381806646248
2025-01-02,QCOM,-0.31638621966598457
2025-01-02,INTC,-0.6100639024054715
2025-01-02,BTC-USD,-0.08718366418011136
2025-01-02,ETH-USD,-0.2827660244816038
2025-01-02,SOL-USD,-0.19177512766314853
2025-01-03,AAPL,-0.06045839185466162
2025-01-03,MSFT,-0.0911069875827657
2025-01-03,NVDA,-0.02955453925031115
2025-01-03,GOOGL,-0.02476362874075977
2025-01-03,AMZN,-0.03752196157297927
2025-01-03,META,-0.04356441604306682
2025-01-03,TSLA,-0.14466716340037533
2025-01-03,AMD,-0.4068975312206742
2025-01-03,NFLX,-0.05927004119283352
2025-01-03,CRM,-0.09402825520637159
2025-01-03,ORCL,-0.1356857433940296
2025-01-03,ADBE,-0.3745078803864498
2025-01-03,AVGO,-0.06730765111200954
2025-01-03,QCOM,-0.29774308101328073
2025-01-03,INTC,-0.6035071102598801
2025-01-03,BTC-USD,-0.07568425048231642
2025-01-03,ETH-USD,-0.2508428330148029
2025-01-03,SOL-USD,-0.15295128470410568
2025-01-06,AAPL,-0.05412693298395577
2025-01-06,MSFT,-0.08144593572348158
2025-01-06,NVDA,0.0
2025-01-06,GOOGL,0.0
2025-01-06,AMZN,-0.022839446325981005
2025-01-06,META,-0.003116502021429546
2025-01-06,TSLA,-0.1433959897868563
2025-01-06,AMD,-0.387122717100989
2025-01-06,NFLX,-0.05847994233149967
2025-01-06,CRM,-0.10047826512551461
2025-01-06,ORCL,-0.13895962029819853
2025-01-06,ADBE,-0.37362175031702594
2025-01-06,AVGO,-0.05182624187347096
2025-01-06,QCOM,-0.28875510971793905
2025-01-06,INTC,-0.616813508923642
2025-01-06,BTC-USD,-0.038274850200541
2025-01-06,ETH-USD,-0.2334695902804167
2025-01-06,SOL-USD,-0.14915537241787458
2025-01-07,AAPL,-0.0648982989800525
2025-01-07,MSFT,-0.09321098777352521
2025-01-07,NVDA,-0.06216967022922526
2025-01-07,GOOGL,-0.007009627039910482
2025-01-07,AMZN,-0.04645169109025027
2025-01-07,META,-0.02258903199087625
2025-01-07,TSLA,-0.17817697372153185
2025-01-07,AMD,-0.39762513534974375
2025-01-07,NFLX,-0.0612560820464596
2025-01-07,CRM,-0.11571831048507686
2025-01-07,ORCL,-0.15797947863773087
2025-01-07,ADBE,-0.3860423785454734
2025-01-07,AVGO,-0.08298949346738926
2025-01-07,QCOM,-0.2857740179302597
2025-01-07,INTC,-0.6141136663163737
2025-01-07,BTC-USD,-0.08684611074181747
2025-01-07,ETH-USD,-0.2972743198863945
2025-01-07,SOL-USD,-0.21331353167049227
2025-01-08,AAPL,-0.06300650988587675
2025-01-08,MSFT,-0.08850928428192884
2025-01-08,NVDA,-0.06237043783514162
2025-01-08,GOOGL,-0.01483224015240614
2025-01-08,AMZN,-0.04636581003976337
2025-01-08,META,-0.03393098251622462
2025-01-08,TSLA,-0.17696825220369394
2025-01-08,AMD,-0.4235973435356962
2025-01-08,NFLX,-0.0657298875280139
2025-01-08,CRM,-0.11035700749772726
2025-01-08,ORCL,-0.15221109997089166
2025-01-08,ADBE,-0.39047316189190273
2025-01-08,AVGO,-0.08030233609516668
2025-01-08,QCOM,-0.2921812573741238
2025-01-08,INTC,-0.6166206945510628
2025-01-08,BTC-USD,-0.10455073705669149
2025-01-08,ETH-USD,-0.30875541784984606
2025-01-08,SOL-USD,-0.23148476263231532
2025-01-10,AAPL,-0.08559161873703125
2025-01-10,MSFT,-0.10055350142973307
2025-01-10,NVDA,-0.09047718600192145
2025-01-10,GOOGL,-0.024533889544288257
2025-01-10,AMZN,-0.06006092248432715
2025-01-10,META,-0.025800208867295504
2025-01-10,TSLA,-0.17738506588505298
2025-01-10,AMD,-0.4510360571717318
2025-01-10,NFLX,-0.10556719510179446
2025-01-10,CRM,-0.13498610857088844
2025-01-10,ORCL,-0.19513713250751963
2025-01-10,ADBE,-0.4103171022748734
2025-01-10,AVGO,-0.1003559550585239
2025-01-10,QCOM,-0.3015250336699957
2025-01-10,INTC,-0.6306984978355279
2025-01-10,BTC-USD,-0.10777354065365985
2025-01-10,ETH-USD,-0.3209828257394227
2025-01-10,SOL-USD,-0.27030700293878995
2025-01-13,AAPL,-0.09505038619626494
2025-01-13,MSFT,-0.10433189442312085
2025-01-13,NVDA,-0.10841215244987668
2025-01-13,GOOGL,-0.029765830697443763
2025-01-13,AMZN,-0.06212160913968279
2025-01-13,META,-0.037711567956397185
2025-01-13,TSLA,-0.15952567442539622
2025-01-13,AMD,-0.44498061791669674
2025-01-13,NFLX,-0.10279105538683453
2025-01-13,CRM,-0.13166595222466126
2025-01-13,ORCL,-0.19815865648953723
2025-01-13,ADBE,-0.4065691373859819
2025-01-13,AVGO,-0.09642546660463258
2025-01-13,QCOM,-0.3008575556147115
2025-01-13,INTC,-0.6297342420596488
2025-01-13,BTC-USD,-0.10951584929689007
2025-01-13,ETH-USD,-0.3484117195518488
2025-01-13,SOL-USD,-0.28876071625511157
2025-01-14,AAPL,-0.09937434840320591
2025-01-14,MSFT,-0.10759526334607428
2025-01-14,NVDA,-0.11824956037934742
2025-01-14,GOOGL,-0.03662319826288529
2025-01-14,AMZN,-0.06512685633430038
2025-01-14,META,-0.059984046073153996
2025-01-14,TSLA,-0.17400909129529718
2025-01-14,AMD,-0.4507995380062081
2025-01-14,NFLX,-0.11548648347680013
2025-01-14,CRM,-0.11950105154696966
2025-01-14,ORCL,-0.18570789805621135
2025-01-14,ADBE,-0.40045325278185795
2025-01-14,AVGO,-0.09879179438741326
2025-01-14,QCOM,-0.2901789642049031
2025-01-14,INTC,-0.6297342420596488
2025-01-14,BTC-USD,-0.09050782213480546
2025-01-14,ETH-USD,-0.3300860311177247
2025-01-14,SOL-USD,-0.2706204699096044
2025-01-15,AAPL,-0.08165370445201192
2025-01-15,MSFT,-0.0847522122488984
2025-01-15,NVDA,-0.08826884471705798
2025-01-15,GOOGL,-0.006705030129132927
2025-01-15,AMZN,-0.041128179596863546
2025-01-15,META,-0.023806987586912687
2025-01-15,TSLA,-0.10761469117502287
2025-01-15,AMD,-0.4324912654298708
2025-01-15,NFLX,-0.09428122061516941
2025-01-15,CRM,-0.1259782475765855
2025-01-15,ORCL,-0.175289061741971
2025-01-15,ADBE,-0.3938143705577122
2025-01-15,AVGO,-0.08555631645905493
2025-01-15,QCOM,-0.26846569439149237
2025-01-15,INTC,-0.6197062394686828
2025-01-15,BTC-USD,-0.05310040919337755
2025-01-15,ETH-USD,-0.2829436979935881
2025-01-15,SOL-USD,-0.19899389033226544
2025-01-16,AAPL,-0.11875512896053664
2025-01-16,MSFT,-0.08846644309990292
2025-01-16,NVDA,-0.10613675212275142
2025-01-16,GOOGL,-0.020114778540036626
2025-01-16,AMZN,-0.0526767243355849
2025-01-16,META,-0.0330134617933554
2025-01-16,TSLA,-0.13762343192454451
2025-01-16,AMD,-0.43968209052190865
2025-01-16,NFLX,-0.10057015990724438
2025-01-16,CRM,-0.12913495058987545
2025-01-16,ORCL,-0.16888143212911155
2025-01-16,ADBE,-0.37979575561961976
2025-01-16,AVGO,-0.07990115940126641
2025-01-16,QCOM,-0.28172515864941017
2025-01-16,INTC,-0.6206704584619651
2025-01-16,BTC-USD,-0.060143764200742855
2025-01-16,ETH-USD,-0.312492700520692
2025-01-16,SOL-USD,-0.17831243058882051
2025-01-17,AAPL,-0.11211470121041989
2025-01-17,MSFT,-0.07891266024677712
2025-01-17,NVDA,-0.07843153916780443
2025-01-17,GOOGL,-0.004419266927932375
2025-01-17,AMZN,-0.030008974602529936
2025-01-17,META,-0.030688247354808795
2025-01-17,TSLA,-0.11119907260545814
2025-01-17,AMD,-0.4253950407853895
2025-01-17,NFLX,-0.08377467348242018
2025-01-17,CRM,-0.1167252907504015
2025-01-17,ORCL,-0.16111929557877036
2025-01-17,ADBE,-0.3753504753484006
2025-01-17,AVGO,-0.047695071934564126
2025-01-17,QCOM,-0.2677981458378922
2025-01-17,INTC,-0.5855723574370917
2025-01-17,BTC-USD,-0.015814518433943436
2025-01-17,ETH-USD,-0.2780457029848845
2025-01-17,SOL-USD,-0.1456602245969183
2025-01-21,AAPL,-0.14045237506104313
2025-01-21,MSFT,-0.08005044233686498
2025-01-21,NVDA,-0.057552117673364545
2025-01-21,GOOGL,0.0
2025-01-21,AMZN,-0.00953070034653758
2025-01-21,META,-0.02485112985942972
2025-01-21,TSLA,-0.1162630344900919
2025-01-21,AMD,-0.42151577275680363
2025-01-21,NFLX,-0.07141022504742933
2025-01-21,CRM,-0.11052037666313974
2025-01-21,ORCL,-0.10100205375335558
2025-01-21,ADBE,-0.36609673802345644
2025-01-21,AVGO,-0.03618444888623329
2025-01-21,QCOM,-0.25574018437847557
2025-01-21,INTC,-0.5801726354399586
2025-01-21,BTC-USD,0.0
2025-01-21,ETH-USD,-0.308531626341747
2025-01-21,SOL-USD,-0.025877021939126554
2025-01-22,AAPL,-0.13585807250176973
2025-01-22,MSFT,-0.04205024745930208
2025-01-22,NVDA,-0.015793377064701852
2025-01-22,GOOGL,0.0
2025-01-22,AMZN,0.0
2025-01-22,META,-0.013714745147428209
2025-01-22,TSLA,-0.13493519354934724
2025-01-22,AMD,-0.4145614668302895
2025-01-22,NFLX,0.0
2025-01-22,CRM,-0.09479030797486454
2025-01-22,ORCL,-0.04031178239917199
2025-01-22,ADBE,-0.3647021072588008
2025-01-22,AVGO,-0.03377794755122332
2025-01-22,QCOM,-0.2425253455545454
2025-01-22,INTC,-0.5784370118259727
2025-01-22,BTC-USD,-0.023488299826845638
2025-01-22,ETH-USD,-0.3266488451982744
2025-01-22,SOL-USD,0.0
2025-01-23,AAPL,-0.13651434210159352
2025-01-23,MSFT,-0.040955306551240356
2025-01-23,NVDA,-0.014789539035119703
2025-01-23,GOOGL,-0.0019661081364892308
2025-01-23,AMZN,0.0
2025-01-23,META,0.0
2025-01-23,TSLA,-0.14062431235918071
2025-01-23,AMD,-0.4179203421641522
2025-01-23,NFLX,0.0
2025-01-23,CRM,-0.08923853387915415
2025-01-23,ORCL,-0.02859042983278892
2025-01-23,ADBE,-0.3647602279572707
2025-01-23,AVGO,-0.03630478326679032
2025-01-23,QCOM,-0.2241936684616478
2025-01-23,INTC,-0.5840295849782817
2025-01-23,BTC-USD,-0.020595107488031283
2025-01-23,ETH-USD,-0.3070129795015908
2025-01-23,SOL-USD,-0.014703017645661731
2025-01-24,AAPL,-0.1399118723680236
2025-01-24,MSFT,-0.046644549103865396
2025-01-24,NVDA,-0.04557322274085762
2025-01-24,GOOGL,0.0
2025-01-24,AMZN,-0.002421170970448583
2025-01-24,META,0.0
2025-01-24,TSLA,-0.15271120955336448
2025-01-24,AMD,-0.418866527106042
2025-01-24,NFLX,-0.007381733190887418
2025-01-24,CRM,-0.0913613230192204
2025-01-24,ORCL,-0.04354151169183995
2025-01-24,ADBE,-0.36752036263769194
2025-01-24,AVGO,-0.018577442718071713
2025-01-24,QCOM,-0.2342049228128038
2025-01-24,INTC,-0.5983002394179229
2025-01-24,BTC-USD,-0.012499556552345692
2025-01-24,ETH-USD,-0.31224130924374094
2025-01-24,SOL-USD,-0.015068356800694405
2025-01-27,AAPL,-0.11257800618649805
2025-01-27,MSFT,-0.06704013992926361
2025-01-27,NVDA,-0.20752203836555305
2025-01-27,GOOGL,-0.04195615866484337
2025-01-27,AMZN,0.0
2025-01-27,META,0.0
2025-01-27,TSLA,-0.17236275992981964
2025-01-27,AMD,-0.4559087923193531
2025-01-27,NFLX,-0.013169354725633187
2025-01-27,CRM,-0.055383662090282004
2025-01-27,ORCL,-0.17544535722371357
2025-01-27,ADBE,-0.36284264390569676
2025-01-27,AVGO,-0.18931367366768947
2025-01-27,QCOM,-0.23834296246331266
2025-01-27,INTC,-0.6087139443192406
2025-01-27,BTC-USD,-0.03823571277899118
2025-01-27,ETH-USD,-0.33938847232742664
2025-01-27,SOL-USD,-0.08615746016741399
2025-01-28,AAPL,-0.08014814129140324
2025-01-28,MSFT,-0.039903273245642024
2025-01-28,NVDA,-0.13678642012418307
2025-01-28,GOOGL,-0.0245242365269025
2025-01-28,AMZN,0.0
2025-01-28,META,0.0
2025-01-28,TSLA,-0.1704038501017422
2025-01-28,AMD,-0.4598826968887605
2025-01-28,NFLX,-0.013230321091333597
2025-01-28,CRM,-0.020413149761717486
2025-01-28,ORCL,-0.14564709401985831
2025-01-28,ADBE,-0.3566831798609962
2025-01-28,AVGO,-0.1683376153041487
2025-01-28,QCOM,-0.236696544792938
2025-01-28,INTC,-0.6181634670098728
2025-01-28,BTC-USD,-0.04535052678637275
2025-01-28,ETH-USD,-0.36054516646364265
2025-01-28,SOL-USD,-0.11675365048497155
2025-01-29,AAPL,-0.07590137680140363
2025-01-29,MSFT,-0.050358779954869926
2025-01-29,NVDA,-0.17218770757589041
2025-01-29,GOOGL,-0.02397495876008704
2025-01-29,AMZN,-0.004534900692607535
2025-01-29,META,0.0
2025-01-29,TSLA,-0.18913846125667866
2025-01-29,AMD,-0.44483869919872954
2025-01-29,NFLX,-0.00681312693391023
2025-01-29,CRM,-0.03660563483060908
2025-01-29,ORCL,-0.1559618681069892
2025-01-29,ADBE,-0.3583683254517941
2025-01-29,AVGO,-0.17238837604655366
2025-01-29,QCOM,-0.23598472329692988
2025-01-29,INTC,-0.6191276860031552
2025-01-29,BTC-USD,-0.023015926873310555
2025-01-29,ETH-USD,-0.3530875973031373
2025-01-29,SOL-USD,-0.11387317161366373
2025-01-30,AAPL,-0.08273476917526612
2025-01-30,MSFT,-0.10905518455682328
2025-01-30,NVDA,-0.16583025441893484
2025-01-30,GOOGL,0.0
2025-01-30,AMZN,-0.01473858743142209
2025-01-30,META,0.0
2025-01-30,TSLA,-0.1658400137572682
2025-01-30,AMD,-0.4376951562838375
2025-01-30,NFLX,-0.011798657299072257
2025-01-30,CRM,-0.06499037502271476
2025-01-30,ORCL,-0.11241065364339076
2025-01-30,ADBE,-0.35209262001015407
2025-01-30,AVGO,-0.13504858050447677
2025-01-30,QCOM,-0.23500578368183944
2025-01-30,INTC,-0.6141136663163737
2025-01-30,BTC-USD,-0.013292610241086855
2025-01-30,ETH-USD,-0.3250787532007361
2025-01-30,SOL-USD,-0.0708070465909153
2025-01-31,AAPL,-0.08887326342222646
2025-01-31,MSFT,-0.10890487510732705
2025-01-31,NVDA,-0.1964800248005838
2025-01-31,GOOGL,0.0
2025-01-31,AMZN,-0.0019735512607548245
2025-01-31,META,0.0
2025-01-31,TSLA,-0.15683737245335994
2025-01-31,AMD,-0.45146184941889833
2025-01-31,NFLX,-0.00822449442653539
2025-01-31,CRM,-0.07007939606771008
2025-01-31,ORCL,-0.11407775154435784
2025-01-31,ADBE,-0.36451324823860143
2025-01-31,AVGO,-0.11254847293001113
2025-01-31,QCOM,-0.2305564234681562
2025-01-31,INTC,-0.625298775838395
2025-01-31,BTC-USD,-0.035246102775930765
2025-01-31,ETH-USD,-0.31458744180076315
2025-01-31,SOL-USD,-0.09951686729178277
2025-02-03,AAPL,-0.11972036743977121
2025-02-03,MSFT,-0.11779299233833607
2025-02-03,NVDA,-0.2193000121218176
2025-02-03,GOOGL,-0.01367516570829097
2025-02-03,AMZN,-0.003065277120504084
2025-02-03,META,0.0
2025-02-03,TSLA,-0.20043345061438356
2025-02-03,AMD,-0.45940962246444816
2025-02-03,NFLX,-0.0060110357643266
2025-02-03,CRM,-0.07677433348368456
2025-02-03,ORCL,-0.12168351175652514
2025-02-03,ADBE,-0.36284264390569676
2025-02-03,AVGO,-0.12674650171873858
2025-02-03,QCOM,-0.2425253455545454
2025-02-03,INTC,-0.6262630316142741
2025-02-03,BTC-USD,-0.044663311724491006
2025-02-03,ETH-USD,-0.40055813429621345
2025-02-03,SOL-USD,-0.15972712089493202
2025-02-04,AAPL,-0.10122750897030353
2025-02-04,MSFT,-0.1146800657057534
2025-02-04,NVDA,-0.2059828541802663
2025-02-04,GOOGL,0.0
2025-02-04,AMZN,0.0
2025-02-04,META,0.0
2025-02-04,TSLA,-0.18265743461036632
2025-02-04,AMD,-0.4346674366563199
2025-02-04,NFLX,0.0
2025-02-04,CRM,-0.06343908337525572
2025-02-04,ORCL,-0.1253823700637149
2025-02-04,ADBE,-0.3604747241904642
2025-02-04,AVGO,-0.10789616446890848
2025-02-04,QCOM,-0.23006695366061092
2025-02-04,INTC,-0.6279986184456631
2025-02-04,BTC-USD,-0.07795323993528391
2025-02-04,ETH-USD,-0.4316289292253648
2025-02-04,SOL-USD,-0.1949381871537761
2025-02-05,AAPL,-0.10250153831730335
2025-02-05,MSFT,-0.11270498758369552
2025-02-05,NVDA,-0.16462569997354481
2025-02-05,GOOGL,-0.07292376196779515
2025-02-05,AMZN,-0.02433280777102642
2025-02-05,META,0.0
2025-02-05,TSLA,-0.21191592345280974
2025-02-05,AMD,-0.4701012416083158
2025-02-05,NFLX,0.0
2025-02-05,CRM,-0.053124858230325644
2025-02-05,ORCL,-0.10574266632167928
2025-02-05,ADBE,-0.3642517715951423
2025-02-05,AVGO,-0.06951347096200378
2025-02-05,QCOM,-0.2175193813970172
2025-02-05,INTC,-0.6210561607723166
2025-02-05,BTC-USD,-0.08978950183863332
2025-02-05,ETH-USD,-0.4206715673168002
2025-02-05,SOL-USD,-0.23810390698758144
2025-02-06,AAPL,-0.09960606022846008
2025-02-06,MSFT,-0.10727325706628765
2025-02-06,NVDA,-0.13886135998604354
2025-02-06,GOOGL,-0.07161553067107396
2025-02-06,AMZN,-0.013343781542248245
2025-02-06,META,0.0
2025-02-06,TSLA,-0.21993910984267906
2025-02-06,AMD,-0.4788532447845232
2025-02-06,NFLX,0.0
2025-02-06,CRM,-0.09971612818949682
2025-02-06,ORCL,-0.10214811281089298
2025-02-06,ADBE,-0.36749132445500876
2025-02-06,AVGO,-0.07208041813775656
2025-02-06,QCOM,-0.24661875977106662
2025-02-06,INTC,-0.6262630316142741
2025-02-06,BTC-USD,-0.08999816144026496
2025-02-06,ETH-USD,-0.44132334803460727
2025-02-06,SOL-USD,-0.2622670080532402
2025-02-07,AAPL,-0.12118730207330153
2025-02-07,MSFT,-0.12030501327512055
2025-02-07,NVDA,-0.1310982776371301
2025-02-07,GOOGL,-0.10194788954276868
2025-02-07,AMZN,-0.05333389982780723
2025-02-07,META,0.0
2025-02-07,TSLA,-0.24640518868800487
2025-02-07,AMD,-0.4911533963762361
2025-02-07,NFLX,-0.0017230136498768145
2025-02-07,CRM,-0.11326903551675971
2025-02-07,ORCL,-0.09115608525502117
2025-02-07,ADBE,-0.37087611256139463
2025-02-07,AVGO,-0.09810989956425664
2025-02-07,QCOM,-0.2526700532177687
2025-02-07,INTC,-0.6316627168288105
2025-02-07,BTC-USD,-0.09060309028182079
2025-02-07,ETH-USD,-0.45507823063158315
2025-02-07,SOL-USD,-0.2528120852934944
2025-02-10,AAPL,-0.12014385714446796
2025-02-10,MSFT,-0.11500213840597728
2025-02-10,NVDA,-0.10613675212275142
2025-02-10,GOOGL,-0.09647259463295688
2025-02-10,AMZN,-0.036850360484639966
2025-02-10,META,0.0
2025-02-10,TSLA,-0.26909927542849643
2025-02-10,AMD,-0.47733938497076445
2025-02-10,NFLX,0.0
2025-02-10,CRM,-0.10954058250828813
2025-02-10,ORCL,-0.06792190885863059
2025-02-10,ADBE,-0.3446838047804208
2025-02-10,AVGO,-0.05732082890642931
2025-02-10,QCOM,-0.23754189009932936
2025-02-10,INTC,-0.6187419836928035
2025-02-10,BTC-USD,-0.08204444015267254
2025-02-10,ETH-USD,-0.4469828734301997
2025-02-10,SOL-USD,-0.2211226654537337
2025-02-11,AAPL,-0.10093503583671115
2025-02-11,MSFT,-0.11667673046991733
2025-02-11,NVDA,-0.11128965083431686
2025-02-11,GOOGL,-0.10204471844097429
2025-02-11,AMZN,-0.0384202393850992
2025-02-11,META,0.0
2025-02-11,TSLA,-0.31542531149095665
2025-02-11,AMD,-0.4744063018840684
2025-02-11,NFLX,-0.01899575163900946
2025-02-11,CRM,-0.11716060518806937
2025-02-11,ORCL,-0.07693424755005018
2025-02-11,ADBE,-0.3334689039633262
2025-02-11,AVGO,-0.05732082890642931
2025-02-11,QCOM,-0.2347388770577048
2025-02-11,INTC,-0.5956003968106547
2025-02-11,BTC-USD,-0.09796704458956329
2025-02-11,ETH-USD,-0.4591158129933015
2025-02-11,SOL-USD,-0.23035146824936426
2025-02-12,AAPL,-0.08450907058339752
2025-02-12,MSFT,-0.12182916304869007
2025-02-12,NVDA,-0.1223986210613307
2025-02-12,GOOGL,-0.11033043121805308
2025-02-12,AMZN,-0.05424277045047132
2025-02-12,META,0.0
2025-02-12,TSLA,-0.2987329220228985
2025-02-12,AMD,-0.47147318270410743
2025-02-12,NFLX,-0.0002822044376258326
2025-02-12,CRM,-0.1124797966377935
2025-02-12,ORCL,-0.10282528542320257
2025-02-12,ADBE,-0.32774523432439095
2025-02-12,AVGO,-0.05206691063458502
2025-02-12,QCOM,-0.2423029233677666
2025-02-12,INTC,-0.566480534465845
2025-02-12,BTC-USD,-0.07782097845234492
2025-02-12,ETH-USD,-0.4312443081818601
2025-02-12,SOL-USD,-0.23504968588781272
2025-02-13,AAPL,-0.06649832698721803
2025-02-13,MSFT,-0.1186089009895116
2025-02-13,NVDA,-0.09462634906412193
2025-02-13,GOOGL,-0.0980715357323545
2025-02-13,AMZN,-0.04829382202475019
2025-02-13,META,0.0
2025-02-13,TSLA,-0.25824195951526996
2025-02-13,AMD,-0.4710474265502057
2025-02-13,NFLX,0.0
2025-02-13,CRM,-0.10232868815570184
2025-02-13,ORCL,-0.09428183317701089
2025-02-13,ADBE,-0.3328878299779381
2025-02-13,AVGO,-0.05427273048457937
2025-02-13,QCOM,-0.23402698506338082
2025-02-13,INTC,-0.5346608295137671
2025-02-13,BTC-USD,-0.08971015966912399
2025-02-13,ETH-USD,-0.44392061819423434
2025-02-13,SOL-USD,-0.24404080172221332
2025-02-14,AAPL,-0.054632842080528876
2025-02-14,MSFT,-0.12313890765081736
2025-02-14,NVDA,-0.07080257490341446
2025-02-14,GOOGL,-0.10248104343772624
2025-02-14,AMZN,-0.05527557224556956
2025-02-14,META,0.0
2025-02-14,TSLA,-0.2584503663559494
2025-02-14,AMD,-0.46494466902475995
2025-02-14,NFLX,0.0
2025-02-14,CRM,-0.11133680165257887
2025-02-14,ORCL,-0.09271904007244736
2025-02-14,ADBE,-0.33152228172906906
2025-02-14,AVGO,-0.06534237583904201
2025-02-14,QCOM,-0.23367096856790281
2025-02-14,INTC,-0.5448816832599092
2025-02-14,BTC-USD,-0.0813716509397926
2025-02-14,ETH-USD,-0.433490848190617
2025-02-14,SOL-USD,-0.22275806089199457
2025-02-18,AAPL,-0.05513536895583704
2025-02-18,MSFT,-0.12054113792954346
2025-02-18,NVDA,-0.0671220060953086
2025-02-18,GOOGL,-0.10955527944693577
2025-02-18,AMZN,-0.06366191777878993
2025-02-18,META,-0.02755632432129751
2025-02-18,TSLA,-0.2620556075495044
2025-02-18,AMD,-0.45936230419403734
2025-02-18,NFLX,-0.021490662315908238
2025-02-18,CRM,-0.10475094534859541
2025-02-18,ORCL,-0.06333751091561823
2025-02-18,ADBE,-0.3257841151653439
2025-02-18,AVGO,-0.08343065743738831
2025-02-18,QCOM,-0.22739732343273789
2025-02-18,INTC,-0.471792787447718
2025-02-18,BTC-USD,-0.09992550079408413
2025-02-18,ETH-USD,-0.445284625153029
2025-02-18,SOL-USD,-0.34269156786078414
2025-02-19,AAPL,-0.053589397151695084
2025-02-19,MSFT,-0.10952756670654329
2025-02-19,NVDA,-0.06825945030832825
2025-02-19,GOOGL,-0.10228708816390164
2025-02-19,AMZN,-0.06374449653560033
2025-02-19,META,-0.044660315849838206
2025-02-19,TSLA,-0.2486141612861621
2025-02-19,AMD,-0.45742265213311206
2025-02-19,NFLX,-0.014424715836405921
2025-02-19,CRM,-0.11680693324934532
2025-02-19,ORCL,-0.054377324622400414
2025-02-19,ADBE,-0.3361273828378045
2025-02-19,AVGO,-0.08262855241776168
2025-02-19,QCOM,-0.22036723136757708
2025-02-19,INTC,-0.5039981947101477
2025-02-19,BTC-USD,-0.08959953695968759
2025-02-19,ETH-USD,-0.43563556331686315
2025-02-19,SOL-USD,-0.342977243030558
2025-02-20,AAPL,-0.049879041086867915
2025-02-20,MSFT,-0.10481629867198317
2025-02-20,NVDA,-0.06237043783514162
2025-02-20,GOOGL,-0.10572741445497758
2025-02-20,AMZN,-0.07923652346207444
2025-02-20,META,-0.05678245871971843
2025-02-20,TSLA,-0.2614512467905855
2025-02-20,AMD,-0.4598826968887605
2025-02-20,NFLX,-0.032174553281151375
2025-02-20,CRM,-0.13340779914800582
2025-02-20,ORCL,-0.08313359099582784
2025-02-20,ADBE,-0.33946859150361386
2025-02-20,AVGO,-0.09060992579814486
2025-02-20,QCOM,-0.22713020531365546
2025-02-20,INTC,-0.49686284909902867
2025-02-20,BTC-USD,-0.07359965118885925
2025-02-20,ETH-USD,-0.4305202201284506
2025-02-20,SOL-USD,-0.31561696464437594
2025-02-21,AAPL,-0.050961233217210355
2025-02-21,MSFT,-0.12185393787178422
2025-02-21,NVDA,-0.10038155059343667
2025-02-21,GOOGL,-0.12946997928590387
2025-02-21,AMZN,-0.10526314130599479
2025-02-21,META,-0.07210823042462455
2025-02-21,TSLA,-0.296044683647701
2025-02-21,AMD,-0.47563632426189273
2025-02-21,NFLX,-0.052380484951585315
2025-02-21,CRM,-0.15689398940347699
2025-02-21,ORCL,-0.12579918496717224
2025-02-21,ADBE,-0.3545331573486462
2025-02-21,AVGO,-0.12301644638168863
2025-02-21,QCOM,-0.2639272948047817
2025-02-21,INTC,-0.5203901382915292
2025-02-21,BTC-USD,-0.0944048167026601
2025-02-21,ETH-USD,-0.4472969222706289
2025-02-21,SOL-USD,-0.34344051609449777
2025-02-24,AAPL,-0.044970488636033146
2025-02-24,MSFT,-0.13091056375209587
2025-02-24,NVDA,-0.12815372021042826
2025-02-24,GOOGL,-0.13145660782489044
2025-02-24,AMZN,-0.12125089292220603
2025-02-24,META,-0.09304022759880493
2025-02-24,TSLA,-0.31119491337220206
2025-02-24,AMD,-0.4885514329026204
2025-02-24,NFLX,-0.0662478787818509
2025-02-24,CRM,-0.1609216579622016
2025-02-24,ORCL,-0.11459862867492476
2025-02-24,ADBE,-0.3543878777690235
2025-02-24,AVGO,-0.16605157253378333
2025-02-24,QCOM,-0.28319328607878214
2025-02-24,INTC,-0.5319609501239022
2025-02-24,BTC-USD,-0.13875282058468552
2025-02-24,ETH-USD,-0.4776027368417848
2025-02-24,SOL-USD,-0.448021533359101
2025-02-25,AAPL,-0.04520249714736335
2025-02-25,MSFT,-0.14403298385777474
2025-02-25,NVDA,-0.15257995075921071
2025-02-25,GOOGL,-0.15001458754868113
2025-02-25,AMZN,-0.12087909940490327
2025-02-25,META,-0.10747005649472707
2025-02-25,TSLA,-0.36898262610680754
2025-02-25,AMD,-0.5081843283043384
2025-02-25,NFLX,-0.0768562397506588
2025-02-25,CRM,-0.16756188648713122
2025-02-25,ORCL,-0.12199618357644171
2025-02-25,ADBE,-0.3558551261569388
2025-02-25,AVGO,-0.1876693521682511
2025-02-25,QCOM,-0.2826594023321971
2025-02-25,INTC,-0.5566453462474579
2025-02-25,BTC-USD,-0.16401984231369415
2025-02-25,ETH-USD,-0.4818064759001761
2025-02-25,SOL-USD,-0.4397868398180885
2025-02-26,AAPL,-0.07102029748119465
2025-02-26,MSFT,-0.14009617812154618
2025-02-26,NVDA,-0.12146163731357584
2025-02-26,GOOGL,-0.16304878354420382
2025-02-26,AMZN,-0.1144757156678502
2025-02-26,META,-0.0854791269157319
2025-02-26,TSLA,-0.39398992066421556
2025-02-26,AMD,-0.5044942972641306
2025-02-26,NFLX,-0.06474592732601758
2025-02-26,CRM,-0.16361594459487516
2025-02-26,ORCL,-0.1015229308839225
2025-02-26,ADBE,-0.3586298020952534
2025-02-26,AVGO,-0.14595784211024054
2025-02-26,QCOM,-0.2787439258650989
2025-02-26,INTC,-0.546424455718719
2025-02-26,BTC-USD,-0.20536984564783178
2025-02-26,ETH-USD,-0.5155007709163377
2025-02-26,SOL-USD,-0.47584858456732426
2025-02-27,AAPL,-0.0828470945235904
2025-02-27,MSFT,-0.1555848927246839
2025-02-27,NVDA,-0.1959446786448792
2025-02-27,GOOGL,-0.18354490298852488
2025-02-27,AMZN,-0.13765179047134413
2025-02-27,META,-0.10646562061121767
2025-02-27,TSLA,-0.41243274952283293
2025-02-27,AMD,-0.5292364469789936
2025-02-27,NFLX,-0.09024184157122006
2025-02-27,CRM,-0.19744354610574955
2025-02-27,ORCL,-0.14168795886024776
2025-02-27,ADBE,-0.3648909662790002
2025-02-27,AVGO,-0.20668001107473688
2025-02-27,QCOM,-0.3128266891960485
2025-02-27,INTC,-0.5547168714782962
2025-02-27,BTC-USD,-0.2020046483618344
2025-02-27,ETH-USD,-0.5208972360150601
2025-02-27,SOL-USD,-0.46500461374890056
2025-02-28,AAPL,-0.06530024927564093
2025-02-28,MSFT,-0.14599052698439852
2025-02-28,NVDA,-0.1640233971557956
2025-02-28,GOOGL,-0.17492014032902037
2025-02-28,AMZN,-0.12302734478912891
2025-02-28,META,-0.09294523366258456
2025-02-28,TSLA,-0.3894468804860223
2025-02-28,AMD,-0.5275806684472677
2025-02-28,NFLX,-0.07372001520401528
2025-02-28,CRM,-0.18941514259619951
2025-02-28,ORCL,-0.13491574759856395
2025-02-28,ADBE,-0.36290076460416654
2025-02-28,AVGO,-0.20014265026103795
2025-02-28,QCOM,-0.30067968836360437
2025-02-28,INTC,-0.5423746918078168
2025-02-28,BTC-USD,-0.20512504782242547
2025-02-28,ETH-USD,-0.5349408507527279
2025-02-28,SOL-USD,-0.42453922422107837
2025-03-03,AAPL,-0.08002560994206909
2025-03-03,MSFT,-0.16427587409793576
2025-03-03,NVDA,-0.23669958122395962
2025-03-03,GOOGL,-0.19076475419180994
2025-03-03,AMZN,-0.1530198862253842
2025-03-03,META,-0.11079584419861199
2025-03-03,TSLA,-0.4068061464055194
2025-03-03,AMD,-0.5352918862340288
2025-03-03,NFLX,-0.08020024385810665
2025-03-03,CRM,-0.20245109298685038
2025-03-03,ORCL,-0.1559618681069892
2025-03-03,ADBE,-0.3597629118833465
2025-03-03,AVGO,-0.24851185551330468
2025-03-03,QCOM,-0.31647532953732804
2025-03-03,INTC,-0.5614665147790635
2025-03-03,BTC-USD,-0.18917852297264937
2025-03-03,ETH-USD,-0.5541282202055675
2025-03-03,SOL-USD,-0.44789868591794624
2025-03-04,AAPL,-0.08814205091963778
2025-03-04,MSFT,-0.16401769785834608
2025-03-04,NVDA,-0.22378375373380655
2025-03-04,GOOGL,-0.17181901265907684
2025-03-04,AMZN,-0.15805996402844114
2025-03-04,META,-0.1312256234310376
2025-03-04,TSLA,-0.4330846145764463
2025-03-04,AMD,-0.5233702447123367
2025-03-04,NFLX,-0.08125824037306051
2025-03-04,CRM,-0.21801762417466375
2025-03-04,ORCL,-0.17966501180503902
2025-03-04,ADBE,-0.35204904056957753
2025-03-04,AVGO,-0.24807069154330597
2025-03-04,QCOM,-0.312737649823021
2025-03-04,INTC,-0.5886579023547116
2025-03-04,BTC-USD,-0.17828295890649715
2025-03-04,ETH-USD,-0.5490491017137731
2025-03-04,SOL-USD,-0.4366425740946245
2025-03-05,AAPL,-0.08887634895741547
2025-03-05,MSFT,-0.13732113225325282
2025-03-05,NVDA,-0.21501714049596254
2025-03-05,GOOGL,-0.16164357461057033
2025-03-05,AMZN,-0.13922166937180358
2025-03-05,META,-0.1088682172454658
2025-03-05,TSLA,-0.4183719946995851
2025-03-05,AMD,-0.5190179022594383
2025-03-05,NFLX,-0.0639334753700862
2025-03-05,CRM,-0.2054174932268289
2025-03-05,ORCL,-0.15835821016203633
2025-03-05,ADBE,-0.3444804488354315
2025-03-05,AVGO,-0.23162673144439827
2025-03-05,QCOM,-0.29480640316464124
2025-03-05,INTC,-0.5986859417282744
2025-03-05,BTC-USD,-0.14623880579877913
2025-03-05,ETH-USD,-0.5340946438691223
2025-03-05,SOL-USD,-0.4313916912658139
2025-03-06,AAPL,-0.09046100862585094
2025-03-06,MSFT,-0.14620559636021313
2025-03-06,NVDA,-0.26005491470089825
2025-03-06,GOOGL,-0.16489001999717534
2025-03-06,AMZN,-0.1708667315025474
2025-03-06,META,-0.14761016088473022
2025-03-06,TSLA,-0.4509856619655036
2025-03-06,AMD,-0.5323588031473327
2025-03-06,NFLX,-0.14381257260212799
2025-03-06,CRM,-0.22152833579677655
2025-03-06,ORCL,-0.21368276787735696
2025-03-06,ADBE,-0.35386492448210516
2025-03-06,AVGO,-0.28027677901000814
2025-03-06,QCOM,-0.3019639561850147
2025-03-06,INTC,-0.5998430118767326
2025-03-06,BTC-USD,-0.1524739374221391
2025-03-06,ETH-USD,-0.5423032412985894
2025-03-06,SOL-USD,-0.4427122816833101
2025-03-07,AAPL,-0.07600604764897045
2025-03-07,MSFT,-0.15390697963888134
2025-03-07,NVDA,-0.24586767848352786
2025-03-07,GOOGL,-0.1575734886343919
2025-03-07,AMZN,-0.1768569693066736
2025-03-07,META,-0.15069163085089732
2025-03-07,TSLA,-0.45261113356786153
2025-03-07,AMD,-0.5254518154912293
2025-03-07,NFLX,-0.15821840593942527
2025-03-07,CRM,-0.2301281526314093
2025-03-07,ORCL,-0.191698874478476
2025-03-07,ADBE,-0.34715342463469967
2025-03-07,AVGO,-0.21807054811068505
2025-03-07,QCOM,-0.27879151222835585
2025-03-07,INTC,-0.6019643378010701
2025-03-07,BTC-USD,-0.18280053128341034
2025-03-07,ETH-USD,-0.555496945507199
2025-03-07,SOL-USD,-0.45883003205303874
2025-03-10,AAPL,-0.12080083879087389
2025-03-10,MSFT,-0.1821954438635387
2025-03-10,NVDA,-0.2840796100378479
2025-03-10,GOOGL,-0.19536286257755686
2025-03-10,AMZN,-0.19631498286270144
2025-03-10,META,-0.1882525665445023
2025-03-10,TSLA,-0.5370524722253525
2025-03-10,AMD,-0.5428612213960875
2025-03-10,NFLX,-0.18129606302776402
2025-03-10,CRM,-0.25731552561735405
2025-03-10,ORCL,-0.2248832433131731
2025-03-10,ADBE,-0.3679562013765606
2025-03-10,AVGO,-0.2602230358625637
2025-03-10,QCOM,-0.3067058139115173
2025-03-10,INTC,-0.6156564387751837
2025-03-10,BTC-USD,-0.2601529640482818
2025-03-10,ETH-USD,-0.6132340891645032
2025-03-10,SOL-USD,-0.5401455472281085
2025-03-11,AAPL,-0.14646418435360709
2025-03-11,MSFT,-0.1815714902760146
2025-03-11,NVDA,-0.27216772295749414
2025-03-11,GOOGL,-0.2042402579307664
2025-03-11,AMZN,-0.18784599553545167
2025-03-11,META,-0.17777290216307862
2025-03-11,TSLA,-0.5194848312635953
2025-03-11,AMD,-0.5422461921605428
2025-03-11,NFLX,-0.15444925731959902
2025-03-11,CRM,-0.24602150631757236
2025-03-11,ORCL,-0.24889889711827684
2025-03-11,ADBE,-0.3700190206746541
2025-03-11,AVGO,-0.23760271809162825
2025-03-11,QCOM,-0.3151157695144978
2025-03-11,INTC,-0.6185491325376277
2025-03-11,BTC-USD,-0.2193582086981687
2025-03-11,ETH-USD,-0.601036969991847
2025-03-11,SOL-USD,-0.5130414036806066
2025-03-12,AAPL,-0.16138292500428686
2025-03-12,MSFT,-0.1755051124806858
2025-03-12,NVDA,-0.2253855434219072
2025-03-12,GOOGL,-0.18934757179226935
2025-03-12,AMZN,-0.1783442064131039
2025-03-12,META,-0.15897210228080438
2025-03-12,TSLA,-0.4829950320693419
2025-03-12,AMD,-0.5231810077239587
2025-03-12,NFLX,-0.13122990941733648
2025-03-12,CRM,-0.22552898658007736
2025-03-12,ORCL,-0.21394328729907175
2025-03-12,ADBE,-0.36284264390569676
2025-03-12,AVGO,-0.22099837424402158
2025-03-12,QCOM,-0.3164579164532918
2025-03-12,INTC,-0.6011929331803667
2025-03-12,BTC-USD,-0.2112547824265485
2025-03-12,ETH-USD,-0.6032942657928769
2025-03-12,SOL-USD,-0.5079126861367107
2025-03-13,AAPL,-0.189597058772918
2025-03-13,MSFT,-0.18518562552808404
2025-03-13,NVDA,-0.22645644049375102
2025-03-13,GOOGL,-0.2104495039898785
2025-03-13,AMZN,-0.1990002423150694
2025-03-13,META,-0.1982297630001285
2025-03-13,TSLA,-0.498437044090162
2025-03-13,AMD,-0.5358595971991627
2025-03-13,NFLX,-0.159106387891792
2025-03-13,CRM,-0.2604724811332181
2025-03-13,ORCL,-0.23076975322617166
2025-03-13,ADBE,-0.4511091433124311
2025-03-13,AVGO,-0.23250912147643954
2025-03-13,QCOM,-0.32030508005224767
2025-03-13,INTC,-0.5429532084907476
2025-03-13,BTC-USD,-0.23627362067171165
2025-03-13,ETH-USD,-0.6128562412260385
2025-03-13,SOL-USD,-0.5207300163219226
2025-03-14,AAPL,-0.17487157943205978
2025-03-14,MSFT,-0.16412516612581607
2025-03-14,NVDA,-0.18569785222685165
2025-03-14,GOOGL,-0.19720625574177875
2025-03-14,AMZN,-0.18222755124862844
2025-03-14,META,-0.1744734461116899
2025-03-14,TSLA,-0.47905638444848697
2025-03-14,AMD,-0.5223294593228903
2025-03-14,NFLX,-0.13281690418976722
2025-03-14,CRM,-0.23962603695442508
2025-03-14,ORCL,-0.22238259646172254
2025-03-14,ADBE,-0.4265584016816787
2025-03-14,AVGO,-0.21574426969604643
2025-03-14,QCOM,-0.29954826089114384
2025-03-14,INTC,-0.5362036019725771
2025-03-14,BTC-USD,-0.20893023350297446
2025-03-14,ETH-USD,-0.6031935063426197
2025-03-14,SOL-USD,-0.4817452617427561
2025-03-17,AAPL,-0.17290045648119634
2025-03-17,MSFT,-0.1638240822837631
2025-03-17,NVDA,-0.20002028152102602
2025-03-17,GOOGL,-0.20302744251453486
2025-03-17,AMZN,-0.19135748381645445
2025-03-17,META,-0.17814187861008202
2025-03-17,TSLA,-0.5040011633133749
2025-03-17,AMD,-0.5052039269472317
2025-03-17,NFLX,-0.10256944687682734
2025-03-17,CRM,-0.23595204033442452
2025-03-17,ORCL,-0.19768985090074065
2025-03-17,ADBE,-0.4198759400169565
2025-03-17,AVGO,-0.2199153648190083
2025-03-17,QCOM,-0.2934196307918596
2025-03-17,INTC,-0.5045767113930784
2025-03-17,BTC-USD,-0.20792609137067797
2025-03-17,ETH-USD,-0.5995494743613875
2025-03-17,SOL-USD,-0.5017686828357864
2025-03-18,AAPL,-0.1779635230403439
2025-03-18,MSFT,-0.1749674390411491
2025-03-18,NVDA,-0.22746032971344188
2025-03-18,GOOGL,-0.2205881292084222
2025-03-18,AMZN,-0.20342060121873617
2025-03-18,META,-0.2087663404152702
2025-03-18,TSLA,-0.5304672103602812
2025-03-18,AMD,-0.5103131812603767
2025-03-18,NFLX,-0.12150008915134136
2025-03-18,CRM,-0.24144935804166412
2025-03-18,ORCL,-0.22144498528412948
2025-03-18,ADBE,-0.43145401761655655
2025-03-18,AVGO,-0.24329792451755905
2025-03-18,QCOM,-0.3008455004026864
2025-03-18,INTC,-0.5001412451718243
2025-03-18,BTC-USD,-0.22071210406748587
2025-03-18,ETH-USD,-0.598398097239465
2025-03-18,SOL-USD,-0.5128518828817222
2025-03-19,AAPL,-0.16810790828602673
2025-03-19,MSFT,-0.16571713116581754
2025-03-19,NVDA,-0.21347263253938142
2025-03-19,GOOGL,-0.20496781331566905
2025-03-19,AMZN,-0.19218377568230838
2025-03-19,META,-0.20645648786085824
2025-03-19,TSLA,-0.5084816242022094
2025-03-19,AMD,-0.49744535479679497
2025-03-19,NFLX,-0.093623682747493
2025-03-19,CRM,-0.2396532230648981
2025-03-19,ORCL,-0.2058165690999062
2025-03-19,ADBE,-0.4365094100558473
2025-03-19,AVGO,-0.21562399740753302
2025-03-19,QCOM,-0.2920329289173941
2025-03-19,INTC,-0.5348536438863463
2025-03-19,BTC-USD,-0.1817495787431288
2025-03-19,ETH-USD,-0.5723791254424715
2025-03-19,SOL-USD,-0.47296727524494153
2025-03-20,AAPL,-0.17251381518712283
2025-03-20,MSFT,-0.16782531584412375
2025-03-20,NVDA,-0.20671292750907289
2025-03-20,GOOGL,-0.210255399977347
2025-03-20,AMZN,-0.19462117278980773
2025-03-20,META,-0.20382082277081315
2025-03-20,TSLA,-0.5076480604363302
2025-03-20,AMD,-0.4931403306143074
2025-03-20,NFLX,-0.10179483198972095
2025-03-20,CRM,-0.240632933052225
2025-03-20,ORCL,-0.20440990976422269
2025-03-20,ADBE,-0.43401079635198847
2025-03-20,AVGO,-0.2334854567704947
2025-03-20,QCOM,-0.2934196307918596
2025-03-20,INTC,-0.5379392255865629
2025-03-20,BTC-USD,-0.20706399969028588
2025-03-20,ETH-USD,-0.5880997812819788
2025-03-20,SOL-USD,-0.5043597791664503
2025-03-21,AAPL,-0.15639705616208066
2025-03-21,MSFT,-0.15831696457007682
2025-03-21,NVDA,-0.21226792452366583
2025-03-21,GOOGL,-0.20448262765369363
2025-03-21,AMZN,-0.18941581139869235
2025-03-21,META,-0.18989437840884493
2025-03-21,TSLA,-0.48170296689428405
2025-03-21,AMD,-0.4964518876777594
2025-03-21,NFLX,-0.09286795035949535
2025-03-21,CRM,-0.2363058806081979
2025-03-21,ORCL,-0.2069626281574436
2025-03-21,ADBE,-0.43742462264105775
2025-03-21,AVGO,-0.2289798097164487
2025-03-21,QCOM,-0.298474642037751
2025-03-21,INTC,-0.532153801279078
2025-03-21,BTC-USD,-0.20823175744671896
2025-03-21,ETH-USD,-0.5916849861823583
2025-03-21,SOL-USD,-0.5007322798942813
2025-03-24,AAPL,-0.1468893948375436
2025-03-24,MSFT,-0.15440181189639168
2025-03-24,NVDA,-0.18743790639827218
2025-03-24,GOOGL,-0.18658244486125974
2025-03-24,AMZN,-0.16029085120669584
2025-03-24,META,-0.1591885051337556
2025-03-24,TSLA,-0.41985157515378346
2025-03-24,AMD,-0.46139655670251933
2025-03-24,NFLX,-0.08181563444980788
2025-03-24,CRM,-0.22177334746113286
2025-03-24,ORCL,-0.1932096768977004
2025-03-24,ADBE,-0.4269506166468675
2025-03-24,AVGO,-0.23062916067142136
2025-03-24,QCOM,-0.2838912194065508
2025-03-24,INTC,-0.5329252058997815
2025-03-24,BTC-USD,-0.17567600190833377
2025-03-24,ETH-USD,-0.5682790377218826
2025-03-24,SOL-USD,-0.45237630016013475
2025-03-25,AAPL,-0.13521711190346075
2025-03-25,MSFT,-0.1499272663001897
2025-03-25,NVDA,-0.19225663608091814
2025-03-25,GOOGL,-0.17261149248955043
2025-03-25,AMZN,-0.15016934318495778
2025-03-25,META,-0.1490529021230811
2025-03-25,TSLA,-0.3995331483258895
2025-03-25,AMD,-0.456854977261243
2025-03-25,NFLX,-0.05792559747614501
2025-03-25,CRM,-0.21456145310854657
2025-03-25,ORCL,-0.19810650409133546
2025-03-25,ADBE,-0.41362927275799954
2025-03-25,AVGO,-0.24265756927159143
2025-03-25,QCOM,-0.28357806588716206
2025-03-25,INTC,-0.5333108714275363
2025-03-25,BTC-USD,-0.1759323551331955
2025-03-25,ETH-USD,-0.570297879637611
2025-03-25,SOL-USD,-0.4409168464593244
2025-03-26,AAPL,-0.14379733255482907
2025-03-26,MSFT,-0.16109194401793303
2025-03-26,NVDA,-0.23863717802445494
2025-03-26,GOOGL,-0.1992921673676349
2025-03-26,AMZN,-0.1690902796356245
2025-03-26,META,-0.16988123924756138
2025-03-26,TSLA,-0.433042958647046
2025-03-26,AMD,-0.4787113260665561
2025-03-26,NFLX,-0.08308141052556639
2025-03-26,CRM,-0.23529898451039788
2025-03-26,ORCL,-0.23004058992852294
2025-03-26,ADBE,-0.4220985801525662
2025-03-26,AVGO,-0.27882295590042994
2025-03-26,QCOM,-0.29145131781092015
2025-03-26,INTC,-0.5483529304878807
2025-03-26,BTC-USD,-0.18131003195619955
2025-03-26,ETH-USD,-0.5824703162963951
2025-03-26,SOL-USD,-0.4662961431242092
2025-03-27,AAPL,-0.13483058928381753
2025-03-27,MSFT,-0.15977987470050192
2025-03-27,NVDA,-0.254231220806281
2025-03-27,GOOGL,-0.21297196372054694
2025-03-27,AMZN,-0.16814011963455533
2025-03-27,META,-0.18129401073231488
2025-03-27,TSLA,-0.43081312628576907
2025-03-27,AMD,-0.4954584205587237
2025-03-27,NFLX,-0.07734747300991796
2025-03-27,CRM,-0.24395325773350152
2025-03-27,ORCL,-0.24056373103916684
2025-03-27,ADBE,-0.42451007930837525
2025-03-27,AVGO,-0.3081093512915114
2025-03-27,QCOM,-0.29333016842893656
2025-03-27,INTC,-0.5444959809495574
2025-03-27,BTC-USD,-0.17870778543934296
2025-03-27,ETH-USD,-0.5838900555090204
2025-03-27,SOL-USD,-0.4621800716892822
2025-03-28,AAPL,-0.15782720172220333
2025-03-28,MSFT,-0.18512113128351448
2025-03-28,NVDA,-0.2660103719350434
2025-03-28,GOOGL,-0.2513435009625996
2025-03-28,AMZN,-0.20383374715166303
2025-03-28,META,-0.21640193634306348
2025-03-28,TSLA,-0.4507773187216628
2025-03-28,AMD,-0.5116851223561684
2025-03-28,NFLX,-0.11784430759677522
2025-03-28,CRM,-0.2652894727384334
2025-03-28,ORCL,-0.2661422588052653
2025-03-28,ADBE,-0.4396763452924539
2025-03-28,AVGO,-0.31965499425245003
2025-03-28,QCOM,-0.31681576590498406
2025-03-28,INTC,-0.562045068244591
2025-03-28,BTC-USD,-0.20531214225182493
2025-03-28,ETH-USD,-0.6060954901267408
2025-03-28,SOL-USD,-0.496872639887704
2025-03-31,AAPL,-0.14147837484861592
2025-03-31,MSFT,-0.19245660437337397
2025-03-31,NVDA,-0.27464394208064435
2025-03-31,GOOGL,-0.24983967826627773
2025-03-31,AMZN,-0.21399654455180617
2025-03-31,META,-0.21691823671922272
2025-03-31,TSLA,-0.45992578757689173
2025-03-31,AMD,-0.5139559301234391
2025-03-31,NFLX,-0.11909127324403213
2025-03-31,CRM,-0.26967089740340666
2025-03-31,ORCL,-0.27166426792587084
2025-03-31,ADBE,-0.44284323619595733
2025-03-31,AVGO,-0.3264536383857485
2025-03-31,QCOM,-0.3128344440108015
2025-03-31,INTC,-0.562045068244591
2025-03-31,BTC-USD,-0.2223097668444235
2025-03-31,ETH-USD,-0.6210625809538257
2025-03-31,SOL-USD,-0.5152565429460656
2025-04-01,AAPL,-0.13738149616414574
2025-04-01,MSFT,-0.17782843295524386
2025-04-01,NVDA,-0.2627977830997291
2025-04-01,GOOGL,-0.2380516895266903
2025-04-01,AMZN,-0.20610592370832304
2025-04-01,META,-0.20382082277081315
2025-04-01,TSLA,-0.44054515973363606
2025-04-01,AMD,-0.5137666931350611
2025-04-01,NFLX,-0.12301155392733643
2025-04-01,CRM,-0.2646635188573552
2025-04-01,ORCL,-0.2605680164300268
2025-04-01,ADBE,-0.443322610042299
2025-04-01,AVGO,-0.3220686982645212
2025-04-01,QCOM,-0.3153395311692794
2025-04-01,INTC,-0.5747729502254222
2025-04-01,BTC-USD,-0.19762441595551894
2025-04-01,ETH-USD,-0.6040197744226246
2025-04-01,SOL-USD,-0.5075272975200121
2025-04-02,AAPL,-0.1346760158382897
2025-04-02,MSFT,-0.17793596764315112
2025-04-02,NVDA,-0.26099087464648096
2025-04-02,GOOGL,-0.2381973047207656
2025-04-02,AMZN,-0.19024210326454583
2025-04-02,META,-0.2066332265790367
2025-04-02,TSLA,-0.410744762227955
2025-04-02,AMD,-0.5129151447339926
2025-04-02,NFLX,-0.11626675407389919
2025-04-02,CRM,-0.2610165400127783
2025-04-02,ORCL,-0.2401469161357095
2025-04-02,ADBE,-0.4395746451534076
2025-04-02,AVGO,-0.30770705694082556
2025-04-02,QCOM,-0.3107319022363194
2025-04-02,INTC,-0.5761228715290563
2025-04-02,BTC-USD,-0.22290520112209555
2025-04-02,ETH-USD,-0.6269159135498122
2025-04-02,SOL-USD,-0.5422219121871543
2025-04-03,AAPL,-0.21468062040618685
2025-04-03,MSFT,-0.19736155440295433
2025-04-03,NVDA,-0.31868192227457715
2025-04-03,GOOGL,-0.26885569883803084
2025-04-03,AMZN,-0.2629513118171334
2025-04-03,META,-0.27770510649070235
2025-04-03,TSLA,-0.4430041951018733
2025-04-03,AMD,-0.5562494044611277
2025-04-03,NFLX,-0.13371432739168843
2025-04-03,CRM,-0.305403588751751
2025-04-03,ORCL,-0.28510478993499144
2025-04-03,ADBE,-0.4664933064993926
2025-04-03,AVGO,-0.38044031082531937
2025-04-03,QCOM,-0.37631253764610073
2025-04-03,INTC,-0.5674447534591274
2025-04-03,BTC-USD,-0.2170913631706014
2025-04-03,ETH-USD,-0.6226923878924279
2025-04-03,SOL-USD,-0.5449282632634307
2025-04-04,AAPL,-0.2719203836981683
2025-04-04,MSFT,-0.2259079956058896
2025-04-04,NVDA,-0.3688103992091333
2025-04-04,GOOGL,-0.29369275744383305
2025-04-04,AMZN,-0.29356357215277884
2025-04-04,META,-0.3142396493690486
2025-04-04,TSLA,-0.5010419706065586
2025-04-04,AMD,-0.5942851728867393
2025-04-04,NFLX,-0.1915171165530185
2025-04-04,CRM,-0.3447829643583358
2025-04-04,ORCL,-0.33178146932306996
2025-04-04,ADBE,-0.49290351148324907
2025-04-04,AVGO,-0.4114967641041922
2025-04-04,QCOM,-0.42981494333063375
2025-04-04,INTC,-0.6171992112339936
2025-04-04,BTC-USD,-0.21011065067791923
2025-04-04,ETH-USD,-0.6227551469256445
2025-04-04,SOL-USD,-0.522670899119888
2025-04-07,AAPL,-0.29866592139124404
2025-04-07,MSFT,-0.23016733898540254
2025-04-07,NVDA,-0.3465237616293688
2025-04-07,GOOGL,-0.2881140891327112
2025-04-07,AMZN,-0.27596465225770306
2025-04-07,META,-0.2985877734804595
2025-04-07,TSLA,-0.5138373683831623
2025-04-07,AMD,-0.6043145167111816
2025-04-07,NFLX,-0.18020974276414703
2025-04-07,CRM,-0.33539403489602404
2025-04-07,ORCL,-0.3375639574371746
2025-04-07,ADBE,-0.5050626630682373
2025-04-07,AVGO,-0.3799173095418147
2025-04-07,QCOM,-0.419704920838851
2025-04-07,INTC,-0.6225989332311268
2025-04-07,BTC-USD,-0.25352686247646783
2025-04-07,ETH-USD,-0.6768053369023623
2025-04-07,SOL-USD,-0.5844197116341687
2025-04-08,AAPL,-0.33360521645326036
2025-04-08,MSFT,-0.2372664217390903
2025-04-08,NVDA,-0.35549185913464965
2025-04-08,GOOGL,-0.2980587590774302
2025-04-08,AMZN,-0.29496816746517995
2025-04-08,META,-0.3064680621220346
2025-04-08,TSLA,-0.537656801185852
2025-04-08,AMD,-0.6300028513679348
2025-04-08,NFLX,-0.17778197228712178
2025-04-08,CRM,-0.3359927184991046
2025-04-08,ORCL,-0.35142117306510556
2025-04-08,ADBE,-0.5060795757924941
2025-04-08,AVGO,-0.37231407670714467
2025-04-08,QCOM,-0.44234059061797126
2025-04-08,INTC,-0.6503688742723023
2025-04-08,BTC-USD,-0.2814447811620787
2025-04-08,ETH-USD,-0.6939887043887184
2025-04-08,SOL-USD,-0.5898255625653535
2025-04-09,AAPL,-0.23145436107763495
2025-04-09,MSFT,-0.15997335743421037
2025-04-09,NVDA,-0.23482228637139124
2025-04-09,GOOGL,-0.2300960279402685
2025-04-09,AMZN,-0.2105262826119899
2025-04-09,META,-0.20413321949615548
2025-04-09,TSLA,-0.4327511763507269
2025-04-09,AMD,-0.5418677542770519
2025-04-09,NFLX,-0.10686759375413057
2025-04-09,CRM,-0.2783522725694586
2025-04-09,ORCL,-0.27228936899641
2025-04-09,ADBE,-0.4702848508288605
2025-04-09,AVGO,-0.25516868141894977
2025-04-09,QCOM,-0.35765833075779485
2025-04-09,INTC,-0.5848009528163882
2025-04-09,BTC-USD,-0.22207387477273766
2025-04-09,ETH-USD,-0.6533645589541717
2025-04-09,SOL-USD,-0.5371685580783079
2025-04-10,AAPL,-0.2640360105691447
2025-04-10,MSFT,-0.17963546737105984
2025-04-10,NVDA,-0.2800650769612568
2025-04-10,GOOGL,-0.25866843606232415
2025-04-10,AMZN,-0.2513426297261838
2025-04-10,META,-0.25777337879931994
2025-04-10,TSLA,-0.47401325052855325
2025-04-10,AMD,-0.5803765971269761
2025-04-10,NFLX,-0.12982244252765462
2025-04-10,CRM,-0.3046120352658561
2025-04-10,ORCL,-0.3028218894530871
2025-04-10,ADBE,-0.49147988686901356
2025-04-10,AVGO,-0.3068622325951811
2025-04-10,QCOM,-0.39876928269937484
2025-04-10,INTC,-0.6166206945510628
2025-04-10,BTC-USD,-0.24984510612640787
2025-04-10,ETH-USD,-0.6836053314229964
2025-04-10,SOL-USD,-0.561479242163567
2025-04-11,AAPL,-0.23415990074070647
2025-04-11,MSFT,-0.1643618885641741
2025-04-11,NVDA,-0.2575775182052502
2025-04-11,GOOGL,-0.2377122677974972
2025-04-11,AMZN,-0.23626374873263656
2025-04-11,META,-0.2614689762303506
2025-04-11,TSLA,-0.47420079760611333
2025-04-11,AMD,-0.5581417382516423
2025-04-11,NFLX,-0.13254296381147423
2025-04-11,CRM,-0.3049390681830175
2025-04-11,ORCL,-0.3080500663022737
2025-04-11,ADBE,-0.48796431610779467
2025-04-11,AVGO,-0.2680820258249502
2025-04-11,QCOM,-0.3770730029801048
2025-04-11,INTC,-0.619320537158331
2025-04-11,BTC-USD,-0.2142461588600989
2025-04-11,ETH-USD,-0.6743305660844503
2025-04-11,SOL-USD,-0.5275477230573792
2025-04-14,AAPL,-0.2172700371391627
2025-04-14,MSFT,-0.16573858496704919
2025-04-14,NVDA,-0.2590498992988184
2025-04-14,GOOGL,-0.22834968678231238
2025-04-14,AMZN,-0.2476245684787176
2025-04-14,META,-0.27789517769115735
2025-04-14,TSLA,-0.4741174221504737
2025-04-14,AMD,-0.5529378473976756
2025-04-14,NFLX,-0.12027207807380058
2025-04-14,CRM,-0.3061656836040063
2025-04-14,ORCL,-0.2960775736602089
2025-04-14,ADBE,-0.4902305356839809
2025-04-14,AVGO,-0.28248377860883145
2025-04-14,QCOM,-0.377341390068874
2025-04-14,INTC,-0.6083282787914857
2025-04-14,BTC-USD,-0.20352929867851866
2025-04-14,ETH-USD,-0.6627721481803178
2025-04-14,SOL-USD,-0.49731105873732995
2025-04-15,AAPL,-0.2187387518891487
2025-04-15,MSFT,-0.17021313056325127
2025-04-15,NVDA,-0.24907781019362962
2025-04-15,GOOGL,-0.24173847585513408
2025-04-15,AMZN,-0.25807651760213457
2025-04-15,META,-0.2914275638738394
2025-04-15,TSLA,-0.47044969706281814
2025-04-15,AMD,-0.549200498087057
2025-04-15,NFLX,-0.07776310420213439
2025-04-15,CRM,-0.3051298759614772
2025-04-15,ORCL,-0.29973713574177685
2025-04-15,ADBE,-0.4910004686895685
2025-04-15,AVGO,-0.2801103723330769
2025-04-15,QCOM,-0.3799807060208946
2025-04-15,INTC,-0.6171992112339936
2025-04-15,BTC-USD,-0.2117575527047657
2025-04-15,ETH-USD,-0.6698662527377803
2025-04-15,SOL-USD,-0.5091571170724845
2025-04-16,AAPL,-0.24915583910832784
2025-04-16,MSFT,-0.20058839208542045
2025-04-16,NVDA,-0.30067856584153674
2025-04-16,GOOGL,-0.2561944651501118
2025-04-16,AMZN,-0.2798066446776035
2025-04-16,META,-0.317527647818481
2025-04-16,TSLA,-0.49662399361182474
2025-04-16,AMD,-0.5823162130946365
2025-04-16,NFLX,-0.09160210221312981
2025-04-16,CRM,-0.3190038823954112
2025-04-16,ORCL,-0.3215910928555257
2025-04-16,ADBE,-0.4999927293710533
2025-04-16,AVGO,-0.2975694752533091
2025-04-16,QCOM,-0.39277474039700144
2025-04-16,INTC,-0.6291557253767182
2025-04-16,BTC-USD,-0.20832007897121907
2025-04-16,ETH-USD,-0.6720538895633807
2025-04-16,SOL-USD,-0.48899456576543743
2025-04-17,AAPL,-0.23868193057189824
2025-04-17,MSFT,-0.20882738238318788
2025-04-17,NVDA,-0.3207567597562204
2025-04-17,GOOGL,-0.2667211496550116
2025-04-17,AMZN,-0.28691232607085715
2025-04-17,META,-0.31865524250701993
2025-04-17,TSLA,-0.4969991195653639
2025-04-17,AMD,-0.5860535624052552
2025-04-17,NFLX,-0.08083316793128958
2025-04-17,CRM,-0.32603624741784565
2025-04-17,ORCL,-0.32755118212102585
2025-04-17,ADBE,-0.4932957707815412
2025-04-17,AVGO,-0.3121321706142822
2025-04-17,QCOM,-0.38865918970927626
2025-04-17,INTC,-0.6349411129016063
2025-04-17,BTC-USD,-0.20020031321756637
2025-04-17,ETH-USD,-0.6711305910460059
2025-04-17,SOL-USD,-0.4763639980951825
2025-04-21,AAPL,-0.25344597910261957
2025-04-21,MSFT,-0.22745692020255315
2025-04-21,NVDA,-0.3514092944037335
2025-04-21,GOOGL,-0.283651332970262
2025-04-21,AMZN,-0.30876638431876036
2025-04-21,META,-0.341508117065194
2025-04-21,TSLA,-0.5259033740158071
2025-04-21,AMD,-0.5952313578286292
2025-04-21,NFLX,-0.06677687703932789
2025-04-21,CRM,-0.35601924473618407
2025-04-21,ORCL,-0.35787464827452375
2025-04-21,ADBE,-0.5014018570604989
2025-04-21,AVGO,-0.3313614556063931
2025-04-21,QCOM,-0.3909854931385399
2025-04-21,INTC,-0.636676736515592
2025-04-21,BTC-USD,-0.1754876562573371
2025-04-21,ETH-USD,-0.6717153357811216
2025-04-21,SOL-USD,-0.46856713022445673
2025-04-22,AAPL,-0.22801464205121647
2025-04-22,MSFT,-0.21089252661815627
2025-04-22,NVDA,-0.33815781337151174
2025-04-22,GOOGL,-0.26521740132804317
2025-04-22,AMZN,-0.28455757075738697
2025-04-22,META,-0.32028572176142756
2025-04-22,TSLA,-0.504084506970595
2025-04-22,AMD,-0.5919197646719122
2025-04-22,NFLX,-0.017249235006539076
2025-04-22,CRM,-0.33658483703525954
2025-04-22,ORCL,-0.3347660823441896
2025-04-22,ADBE,-0.491683242814003
2025-04-22,AVGO,-0.3178044650761127
2025-04-22,QCOM,-0.37935446948043305
2025-04-22,INTC,-0.6237560033795849
2025-04-22,BTC-USD,-0.11968744190099712
2025-04-22,ETH-USD,-0.63480886399047
2025-04-22,SOL-USD,-0.4217814741550575
2025-04-23,AAPL,-0.20923091255296578
2025-04-23,MSFT,-0.19460782949501798
2025-04-23,NVDA,-0.3125916302943882
2025-04-23,GOOGL,-0.24639541039946822
2025-04-23,AMZN,-0.25390395800611754
2025-04-23,META,-0.2931259554598431
2025-04-23,TSLA,-0.47747256877552935
2025-04-23,AMD,-0.5723815058110157
2025-04-23,NFLX,-0.008511250438009155
2025-04-23,CRM,-0.31725942627880144
2025-04-23,ORCL,-0.31301683430900096
2025-04-23,ADBE,-0.4887052109306991
2025-04-23,AVGO,-0.28831689146366657
2025-04-23,QCOM,-0.3716601422825212
2025-04-23,INTC,-0.6029285567943525
2025-04-23,BTC-USD,-0.11726419367379415
2025-04-23,ETH-USD,-0.6267515325735618
2025-04-23,SOL-USD,-0.4123998090437071
2025-04-24,AAPL,-0.19466006599485086
2025-04-24,MSFT,-0.16683578416997735
2025-04-24,NVDA,-0.28769475788716714
2025-04-24,GOOGL,-0.22733097537861247
2025-04-24,AMZN,-0.22936464030584636
2025-04-24,META,-0.2756264058477601
2025-04-24,TSLA,-0.4591963954329329
2025-04-24,AMD,-0.5530797661156428
2025-04-24,NFLX,0.0
2025-04-24,CRM,-0.2784994815701317
2025-04-24,ORCL,-0.28107272227432967
2025-04-24,ADBE,-0.4757034643837601
2025-04-24,AVGO,-0.24310009926655018
2025-04-24,QCOM,-0.3414644445973475
2025-04-24,INTC,-0.5855723574370917
2025-04-24,BTC-USD,-0.11495900188433972
2025-04-24,ETH-USD,-0.6322112386867583
2025-04-24,SOL-USD,-0.40792569455962013
2025-04-25,AAPL,-0.19114303057706028
2025-04-25,MSFT,-0.15704773643467174
2025-04-25,NVDA,-0.2570420696693283
2025-04-25,GOOGL,-0.21433024559214686
2025-04-25,AMZN,-0.21924313228410797
2025-04-25,META,-0.25644196378797823
2025-04-25,TSLA,-0.40618092588348087
2025-04-25,AMD,-0.5427665848552661
2025-04-25,NFLX,0.0
2025-04-25,CRM,-0.2699134682095472
2025-04-25,ORCL,-0.27594901193440924
2025-04-25,ADBE,-0.46581053237495806
2025-04-25,AVGO,-0.22636492748301273
2025-04-25,QCOM,-0.3354253473593023
2025-04-25,INTC,-0.6133422984782673
2025-04-25,BTC-USD,-0.10764171078204143
2025-04-25,ETH-USD,-0.6287194366806002
2025-04-25,SOL-USD,-0.41332392313629573
2025-04-28,AAPL,-0.1878191377946613
2025-04-28,MSFT,-0.15853210036632848
2025-04-28,NVDA,-0.2723014827112574
2025-04-28,GOOGL,-0.22087913648851254
2025-04-28,AMZN,-0.22457242484765783
2025-04-28,META,-0.2530860946709569
2025-04-28,TSLA,-0.40424287581852314
2025-04-28,AMD,-0.5439966072330903
2025-04-28,NFLX,0.0
2025-04-28,CRM,-0.27593725378368805
2025-04-28,ORCL,-0.2673225201332514
2025-04-28,ADBE,-0.4645031048245588
2025-04-28,AVGO,-0.22572134345077655
2025-04-28,QCOM,-0.3396304309082665
2025-04-28,INTC,-0.6044713292531624
2025-04-28,BTC-USD,-0.10520874718714346
2025-04-28,ETH-USD,-0.6261805623554373
2025-04-28,SOL-USD,-0.4253947667820519
2025-04-29,AAPL,-0.18368363058311277
2025-04-29,MSFT,-0.15233653482054887
2025-04-29,NVDA,-0.27036060974381193
2025-04-29,GOOGL,-0.22306210012063443
2025-04-29,AMZN,-0.22585308898762457
2025-04-29,META,-0.24670033562857574
2025-04-29,TSLA,-0.39142665007721933
2025-04-29,AMD,-0.5455577853172597
2025-04-29,NFLX,0.0
2025-04-29,CRM,-0.2701587323764776
2025-04-29,ORCL,-0.26392428603771145
2025-04-29,ADBE,-0.461074692944493
2025-04-29,AVGO,-0.23095098373356104
2025-04-29,QCOM,-0.3429406088347362
2025-04-29,INTC,-0.6077497253259582
2025-04-29,BTC-USD,-0.11174652723445733
2025-04-29,ETH-USD,-0.6261132625514261
2025-04-29,SOL-USD,-0.43076748864714065
2025-04-30,AAPL,-0.17869776174090646
2025-04-30,MSFT,-0.14971213050393783
2025-04-30,NVDA,-0.2710299204137143
2025-04-30,GOOGL,-0.22965940546610275
2025-04-30,AMZN,-0.2381227793563696
2025-04-30,META,-0.2540913638346085
2025-04-30,TSLA,-0.4119951396751932
2025-04-30,AMD,-0.539455027791814
2025-04-30,NFLX,0.0
2025-04-30,CRM,-0.2675694026470855
2025-04-30,ORCL,-0.26429016138943695
2025-04-30,ADBE,-0.4552638644244047
2025-04-30,AVGO,-0.22572134345077655
2025-04-30,QCOM,-0.33587258867560177
2025-04-30,INTC,-0.6123780427023879
2025-04-30,BTC-USD,-0.11247643103318072
2025-04-30,ETH-USD,-0.6272354924909858
2025-04-30,SOL-USD,-0.4260429338460301
2025-05-01,AAPL,-0.1755285017412508
2025-05-01,MSFT,-0.08487462511474964
2025-05-01,NVDA,-0.2530265127905652
2025-05-01,GOOGL,-0.21753192062796878
2025-05-01,AMZN,-0.214244406896675
2025-05-01,META,-0.22255671013000333
2025-05-01,TSLA,-0.4154128337911882
2025-05-01,AMD,-0.5427665848552661
2025-05-01,NFLX,0.0
2025-05-01,CRM,-0.26587948708647124
2025-05-01,ORCL,-0.2393517739901032
2025-05-01,ADBE,-0.45577232078653307
2025-05-01,AVGO,-0.2061702353965259
2025-05-01,QCOM,-0.3951457397585686
2025-05-01,INTC,-0.6146922197819013
2025-05-01,BTC-USD,-0.09094931065786138
2025-05-01,ETH-USD,-0.6177913234241369
2025-05-01,SOL-USD,-0.4135899047520072
2025-05-02,AAPL,-0.20633228959171845
2025-05-02,MSFT,-0.0636205501378988
2025-05-02,NVDA,-0.23368453501772002
2025-05-02,GOOGL,-0.20428867237986903
2025-05-02,AMZN,-0.2151532775193391
2025-05-02,META,-0.188848195190207
2025-05-02,TSLA,-0.4014712619876861
2025-05-02,AMD,-0.5325953223128566
2025-05-02,NFLX,0.0
2025-05-02,CRM,-0.25020648397993206
2025-05-02,ORCL,-0.211956159642938
2025-05-02,ADBE,-0.4467074424817884
2025-05-02,AVGO,-0.18078607657948342
2025-05-02,QCOM,-0.3745679863199428
2025-05-02,INTC,-0.6023500033288249
2025-05-02,BTC-USD,-0.08701385072867462
2025-05-02,ETH-USD,-0.6170668294917736
2025-05-02,SOL-USD,-0.4244613990917713
2025-05-05,AAPL,-0.23129984696932204
2025-05-05,MSFT,-0.06170598103417535
2025-05-05,NVDA,-0.2382355404324048
2025-05-05,GOOGL,-0.20341550180089096
2025-05-05,AMZN,-0.2301495167188572
2025-05-05,META,-0.18579122366022305
2025-05-05,TSLA,-0.4159546152607483
2025-05-05,AMD,-0.5241271926658486
2025-05-05,NFLX,-0.01939492606911075
2025-05-05,CRM,-0.2568845878909697
2025-05-05,ORCL,-0.21948470196319414
2025-05-05,ADBE,-0.44643142458043594
2025-05-05,AVGO,-0.1925327735776995
2025-05-05,QCOM,-0.3762231457814935
2025-05-05,INTC,-0.6090996466295923
2025-05-05,BTC-USD,-0.10738211910128137
2025-05-05,ETH-USD,-0.6218486162825445
2025-05-05,SOL-USD,-0.42972266255901836
2025-05-06,AAPL,-0.2327685617193077
2025-05-06,MSFT,-0.06785850613661737
2025-05-06,NVDA,-0.2401095079279144
2025-05-06,GOOGL,-0.2081695627208443
2025-05-06,AMZN,-0.23568538224887003
2025-05-06,META,-0.20204085305887975
2025-05-06,TSLA,-0.42618677424877505
2025-05-06,AMD,-0.5334468707139247
2025-05-06,NFLX,-0.016256127152659228
2025-05-06,CRM,-0.2548946992723802
2025-05-06,ORCL,-0.22779747081082824
2025-05-06,ADBE,-0.4436422073842281
2025-05-06,AVGO,-0.19506718452258975
2025-05-06,QCOM,-0.374165370437631
2025-05-06,INTC,-0.6154635876200079
2025-05-06,BTC-USD,-0.08802748742485489
2025-05-06,ETH-USD,-0.6228066174504612
2025-05-06,SOL-USD,-0.42945146096512177
2025-05-07,AAPL,-0.24150329647898894
2025-05-07,MSFT,-0.06777249167037902
2025-05-07,NVDA,-0.21655120567038977
2025-05-07,GOOGL,-0.2656540238022089
2025-05-07,AMZN,-0.22039986525164057
2025-05-07,META,-0.18913351031092518
2025-05-07,TSLA,-0.42437375556885715
2025-05-07,AMD,-0.5252152602324407
2025-05-07,NFLX,-0.0009338749755416487
2025-05-07,CRM,-0.24162038645182293
2025-05-07,ORCL,-0.219066431643973
2025-05-07,ADBE,-0.44075133438207725
2025-05-07,AVGO,-0.17607937548816
2025-05-07,QCOM,-0.3544821701299199
2025-05-07,INTC,-0.6083282787914857
2025-05-07,BTC-USD,-0.0858621380491924
2025-05-07,ETH-USD,-0.6235299698482673
2025-05-07,SOL-USD,-0.4277124370962969
2025-05-08,AAPL,-0.23671074828381944
2025-05-08,MSFT,-0.05740353079088745
2025-05-08,NVDA,-0.21447647056896368
2025-05-08,GOOGL,-0.2515860937935873
2025-05-08,AMZN,-0.2064777172256259
2025-05-08,META,-0.18750311438453182
2025-05-08,TSLA,-0.40645184841668036
2025-05-08,AMD,-0.5188759835414711
2025-05-08,NFLX,-0.010428116629611184
2025-05-08,CRM,-0.2375045944947537
2025-05-08,ORCL,-0.21420421100294318
2025-05-08,ADBE,-0.44217500332941606
2025-05-08,AVGO,-0.16417161172876493
2025-05-08,QCOM,-0.3509033936197332
2025-05-08,INTC,-0.5950218433451271
2025-05-08,BTC-USD,-0.027366056360025648
2025-05-08,ETH-USD,-0.5414641372966736
2025-05-08,SOL-USD,-0.3626089878058937
2025-05-09,AAPL,-0.2326911859907208
2025-05-09,MSFT,-0.05619886332048918
2025-05-09,NVDA,-0.21929514906150105
2025-05-09,GOOGL,-0.25900800653022404
2025-05-09,AMZN,-0.20242915183926224
2025-05-09,META,-0.1950028856491327
2025-05-09,TSLA,-0.37844367342463636
2025-05-09,AMD,-0.5134828556991266
2025-05-09,NFLX,-0.014068421449147661
2025-05-09,CRM,-0.24927963119810703
2025-05-09,ORCL,-0.2139951162715482
2025-05-09,ADBE,-0.44320641297846275
2025-05-09,AVGO,-0.16244178948524646
2025-05-09,QCOM,-0.35054554416804096
2025-05-09,INTC,-0.5869222787407258
2025-05-09,BTC-USD,-0.02991545716472299
2025-05-09,ETH-USD,-0.5125800659654769
2025-05-09,SOL-USD,-0.32813696368579814
2025-05-12,AAPL,-0.18423855221941943
2025-05-12,MSFT,-0.03354677098040615
2025-05-12,NVDA,-0.17679645543307243
2025-05-12,GOOGL,-0.23130876898714658
2025-05-12,AMZN,-0.1380649364042711
2025-05-12,META,-0.13122712333529374
2025-05-12,TSLA,-0.3365147863922099
2025-05-12,AMD,-0.48850411463220955
2025-05-12,NFLX,-0.04019924073510406
2025-05-12,CRM,-0.2127549655262444
2025-05-12,ORCL,-0.17802516252142697
2025-05-12,ADBE,-0.4248151353924108
2025-05-12,AVGO,-0.10861599753072348
2025-05-12,QCOM,-0.3194999187859401
2025-05-12,INTC,-0.572265921990733
2025-05-12,BTC-USD,-0.031403012441117095
2025-05-12,ETH-USD,-0.48122353225291736
2025-05-12,SOL-USD,-0.3226182603853246
2025-05-13,AAPL,-0.17595673842316095
2025-05-13,MSFT,-0.033804681538246895
2025-05-13,NVDA,-0.1304160158697527
2025-05-13,GOOGL,-0.2261182343317344
2025-05-13,AMZN,-0.1267867584522192
2025-05-13,META,-0.10867314636415704
2025-05-13,TSLA,-0.30381774367065184
2025-05-13,AMD,-0.4679723886522775
2025-05-13,NFLX,-0.015607573543974018
2025-05-13,CRM,-0.21180092663394623
2025-05-13,ORCL,-0.15162295028946604
2025-05-13,ADBE,-0.4226941953958476
2025-05-13,AVGO,-0.06500838273635046
2025-05-13,QCOM,-0.32298916243488773
2025-05-13,INTC,-0.564937762007035
2025-05-13,BTC-USD,-0.018620090997666705
2025-05-13,ETH-USD,-0.44304219466867845
2025-05-13,SOL-USD,-0.28468301801106033
2025-05-14,AAPL,-0.17827878166456312
2025-05-14,MSFT,-0.025630185485048806
2025-05-14,NVDA,-0.09420843301753812
2025-05-14,GOOGL,-0.19778827030195956
2025-05-14,AMZN,-0.1314136903223494
2025-05-14,META,-0.10414893515963897
2025-05-14,TSLA,-0.2754553342866075
2025-05-14,AMD,-0.44308828412618206
2025-05-14,NFLX,-0.004755795915992511
2025-05-14,CRM,-0.20752159717641516
2025-05-14,ORCL,-0.1480677738607329
2025-05-14,ADBE,-0.4196870809967571
2025-05-14,AVGO,-0.06621520369636436
2025-05-14,QCOM,-0.31565268468866814
2025-05-14,INTC,-0.5849938039715641
2025-05-14,BTC-USD,-0.024559051108869356
2025-05-14,ETH-USD,-0.4576026962538895
2025-05-14,SOL-USD,-0.31304992173591795
2025-05-15,AAPL,-0.18168432245504162
2025-05-15,MSFT,-0.02343200111426924
2025-05-15,NVDA,-0.09762168707855179
2025-05-15,GOOGL,-0.20462824284776904
2025-05-15,AMZN,-0.1524002303632127
2025-05-15,META,-0.1251810926069219
2025-05-15,TSLA,-0.28558325805587514
2025-05-15,AMD,-0.45600342886017475
2025-05-15,NFLX,0.0
2025-05-15,CRM,-0.20746697245289503
2025-05-15,ORCL,-0.1666278016753453
2025-05-15,ADBE,-0.4121039480047177
2025-05-15,AVGO,-0.06412326065438945
2025-05-15,QCOM,-0.31730784415021895
2025-05-15,INTC,-0.5844152872886335
2025-05-15,BTC-USD,-0.02262561933629026
2025-05-15,ETH-USD,-0.47073759874908105
2025-05-15,SOL-USD,-0.3429803868810559
2025-05-16,AAPL,-0.18241962922547705
2025-05-16,MSFT,-0.020975109140401904
2025-05-16,NVDA,-0.09380679542548809
2025-05-16,GOOGL,-0.1938105510627789
2025-05-16,AMZN,-0.1506651309119137
2025-05-16,META,-0.12999061893215813
2025-05-16,TSLA,-0.27066223133833445
2025-05-16,AMD,-0.4456902475997978
2025-05-16,NFLX,0.0
2025-05-16,CRM,-0.20640393661613055
2025-05-16,ORCL,-0.16092904039587308
2025-05-16,ADBE,-0.39403226776059486
2025-05-16,AVGO,-0.08033543115442188
2025-05-16,QCOM,-0.3177999928937697
2025-05-16,INTC,-0.5822939613642959
2025-05-16,BTC-USD,-0.025031276859863616
2025-05-16,ETH-USD,-0.4729319325774176
2025-05-16,SOL-USD,-0.34949592806110796
2025-05-19,AAPL,-0.19201730510543336
2025-05-19,MSFT,-0.011061327517382757
2025-05-19,NVDA,-0.09266904407181686
2025-05-19,GOOGL,-0.1921127730926323
2025-05-19,AMZN,-0.14831031256122496
2025-05-19,META,-0.12986837673528506
2025-05-19,TSLA,-0.28710455803631274
2025-05-19,AMD,-0.45718613296758837
2025-05-19,NFLX,0.0
2025-05-19,CRM,-0.21599852942500875
2025-05-19,ORCL,-0.16537299071768163
2025-05-19,ADBE,-0.3888751751822578
2025-05-19,AVGO,-0.07220925912829101
2025-05-19,QCOM,-0.3124317576301737
2025-05-19,INTC,-0.5876936833614291
2025-05-19,BTC-USD,-0.005088129425184329
2025-05-19,ETH-USD,-0.47441379663739436
2025-05-19,SOL-USD,-0.351321971338998
2025-05-20,AAPL,-0.19944768920116085
2025-05-20,MSFT,-0.01256986848819841
2025-05-20,NVDA,-0.10063361068816701
2025-05-20,GOOGL,-0.20453126521085674
2025-05-20,AMZN,-0.15694452043931373
2025-05-20,META,-0.13439283792384582
2025-05-20,TSLA,-0.28349931684275786
2025-05-20,AMD,-0.46300501696383445
2025-05-20,NFLX,0.0
2025-05-20,CRM,-0.21482649664377784
2025-05-20,ORCL,-0.1618701284000129
2025-05-20,ADBE,-0.3933349967113704
2025-05-20,AVGO,-0.0679851994921119
2025-05-20,QCOM,-0.31189491295431937
2025-05-20,INTC,-0.5898149725031697
2025-05-20,BTC-USD,0.0
2025-05-20,ETH-USD,-0.4754515276522795
2025-05-20,SOL-USD,-0.34502638105793293
2025-05-21,AAPL,-0.2179077935278526
2025-05-21,MSFT,-0.02463886045909669
2025-05-21,NVDA,-0.11790064859915195
2025-05-21,GOOGL,-0.18231356960328182
2025-05-21,AMZN,-0.1691316320512486
2025-05-21,META,-0.13656669915903696
2025-05-21,TSLA,-0.30267160144217276
2025-05-21,AMD,-0.4698647224427921
2025-05-21,NFLX,0.0
2025-05-21,CRM,-0.2305813105843103
2025-05-21,ORCL,-0.1782344998221158
2025-05-21,ADBE,-0.398535668730284
2025-05-21,AVGO,-0.075829784100376
2025-05-21,QCOM,-0.32312325023179844
2025-05-21,INTC,-0.601000082025191
2025-05-21,BTC-USD,0.0
2025-05-21,ETH-USD,-0.46959667301021646
2025-05-21,SOL-USD,-0.3248191930056089
2025-05-22,AAPL,-0.22073289767949955
2025-05-22,MSFT,-0.019703556289693225
2025-05-22,NVDA,-0.11100718381508001
2025-05-22,GOOGL,-0.171107744162582
2025-05-22,AMZN,-0.16095179644727264
2025-05-22,META,-0.13511295862280792
2025-05-22,TSLA,-0.28929267087135047
2025-05-22,AMD,-0.47625131740417237
2025-05-22,NFLX,-0.005574951076920853
2025-05-22,CRM,-0.2274738455729608
2025-05-22,ORCL,-0.17755473980400405
2025-05-22,ADBE,-0.39809987432451865
2025-05-22,AVGO,-0.07261149138693335
2025-05-22,QCOM,-0.34074860469733104
2025-05-22,INTC,-0.603699961415056
2025-05-22,BTC-USD,0.0
2025-05-22,ETH-USD,-0.4463614727520775
2025-05-22,SOL-USD,-0.30145860426799653
2025-05-23,AAPL,-0.24430122418608602
2025-05-23,MSFT,-0.029789632526938337
2025-05-23,NVDA,-0.12131400504038281
2025-05-23,GOOGL,-0.18275019207744758
2025-05-23,AMZN,-0.1696686461193907
2025-05-23,META,-0.14803388383708171
2025-05-23,TSLA,-0.2928353963723854
2025-05-23,AMD,-0.47814365119468705
2025-05-23,NFLX,-0.007734578836184336
2025-05-23,CRM,-0.2555216631637546
2025-05-23,ORCL,-0.18456038358291016
2025-05-23,ADBE,-0.4077458266146514
2025-05-23,AVGO,-0.07989283906741973
2025-05-23,QCOM,-0.34965077954217827
2025-05-23,INTC,-0.6133422984782673
2025-05-23,BTC-USD,-0.03927066820202352
2025-05-23,ETH-USD,-0.47498004851268194
2025-05-23,SOL-USD,-0.32426059602185464
2025-05-27,AAPL,-0.22518336682919127
2025-05-27,MSFT,-0.007138935016037573
2025-05-27,NVDA,-0.09313763832591149
2025-05-27,GOOGL,-0.16126020059348223
2025-05-27,AMZN,-0.14888867904499115
2025-05-27,META,-0.1273005406488219
2025-05-27,TSLA,-0.243758542645369
2025-05-27,AMD,-0.4580376813686565
2025-05-27,NFLX,0.0
2025-05-27,CRM,-0.24445514868319485
2025-05-27,ORCL,-0.15350496458488305
2025-05-27,ADBE,-0.3998866757212597
2025-05-27,AVGO,-0.052014504949760565
2025-05-27,QCOM,-0.33511212334159757
2025-05-27,INTC,-0.603699961415056
2025-05-27,BTC-USD,-0.02398640565600829
2025-05-27,ETH-USD,-0.4465873951246835
2025-05-27,SOL-USD,-0.3126380180027557
2025-05-28,AAPL,-0.22437062499295368
2025-05-28,MSFT,-0.014315663260870193
2025-05-28,NVDA,-0.09775560040264086
2025-05-28,GOOGL,-0.16387971233041643
2025-05-28,AMZN,-0.15425926098694576
2025-05-28,META,-0.12558856659649897
2025-05-28,TSLA,-0.2562413937577922
2025-05-28,AMD,-0.46608005486176285
2025-05-28,NFLX,-0.002492586722282808
2025-05-28,CRM,-0.24761707008301526
2025-05-28,ORCL,-0.1433623338400336
2025-05-28,ADBE,-0.4011505238310824
2025-05-28,AVGO,-0.03680816346450755
2025-05-28,QCOM,-0.33971975227455764
2025-05-28,INTC,-0.6071711718604307
2025-05-28,BTC-USD,-0.03466319858851641
2025-05-28,ETH-USD,-0.442609274029683
2025-05-28,SOL-USD,-0.33061995308188696
2025-05-29,AAPL,-0.2261896073241113
2025-05-29,MSFT,-0.011470809513027258
2025-05-29,NVDA,-0.06844148233449832
2025-05-29,GOOGL,-0.16630534316287937
2025-05-29,AMZN,-0.15021069560058187
2025-05-29,META,-0.12359136075147203
2025-05-29,TSLA,-0.25305296624559626
2025-05-29,AMD,-0.4652758247311052
2025-05-29,NFLX,-0.02204575609135606
2025-05-29,CRM,-0.2724483415504685
2025-05-29,ORCL,-0.14832918270319218
2025-05-29,ADBE,-0.3995090020139642
2025-05-29,AVGO,-0.026590048396401555
2025-05-29,QCOM,-0.3364095038497721
2025-05-29,INTC,-0.6094853489399439
2025-05-29,BTC-USD,-0.05401044341123451
2025-05-29,ETH-USD,-0.45290794513125365
2025-05-29,SOL-USD,-0.3523950920816016
2025-05-30,AAPL,-0.22270651279340026
2025-05-30,MSFT,-0.0078502314785448
2025-05-30,NVDA,-0.0956138062589531
2025-05-30,GOOGL,-0.16688735772306018
2025-05-30,AMZN,-0.15306123864100785
2025-05-30,META,-0.12027623903340834
2025-05-30,TSLA,-0.27799774511048425
2025-05-30,AMD,-0.47615668086335095
2025-05-30,NFLX,-0.003582113424880795
2025-05-30,CRM,-0.27667321461952865
2025-05-30,ORCL,-0.13457898056211393
2025-05-30,ADBE,-0.39699580271910884
2025-05-30,AVGO,-0.0261876919536721
2025-05-30,QCOM,-0.35045601130680193
2025-05-30,INTC,-0.6229846355414784
2025-05-30,BTC-USD,-0.06872468375240837
2025-05-30,ETH-USD,-0.47425235828355816
2025-05-30,SOL-USD,-0.3926437931968024
2025-06-02,AAPL,-0.21941703559580206
2025-06-02,MSFT,-0.004380294995744771
2025-06-02,NVDA,-0.08055541677348332
2025-06-02,GOOGL,-0.18003362833424763
2025-06-02,AMZN,-0.14628606138665212
2025-06-02,META,-0.08846985267440433
2025-06-02,TSLA,-0.28585418058907464
2025-06-02,AMD,-0.4577065256623115
2025-06-02,NFLX,0.0
2025-06-02,CRM,-0.286894855487306
2025-06-02,ORCL,-0.1291416281251011
2025-06-02,ADBE,-0.41397795261571513
2025-06-02,AVGO,0.0
2025-06-02,QCOM,-0.3440589941187485
2025-06-02,INTC,-0.619320537158331
2025-06-02,BTC-USD,-0.05186334578129004
2025-06-02,ETH-USD,-0.45821902344509047
2025-06-02,SOL-USD,-0.3896762949164293
2025-06-03,AAPL,-0.2133411421108502
2025-06-03,MSFT,-0.0022251510683028997
2025-06-03,NVDA,-0.05485532037227081
2025-06-03,GOOGL,-0.19385896551188153
2025-06-03,AMZN,-0.15016934318495778
2025-06-03,META,-0.09397241809397838
2025-06-03,TSLA,-0.28256158145495835
2025-06-03,AMD,-0.44502793618710745
2025-06-03,NFLX,-0.0008532043512671228
2025-06-03,CRM,-0.2791263612939814
2025-06-03,ORCL,-0.11570522979397779
2025-06-03,ADBE,-0.40077285012378694
2025-06-03,AVGO,0.0
2025-06-03,QCOM,-0.33372535096881606
2025-06-03,INTC,-0.6087139443192406
2025-06-03,BTC-USD,-0.05588456280807996
2025-06-03,ETH-USD,-0.46109036336820675
2025-06-03,SOL-USD,-0.3961096214400639
2025-06-04,AAPL,-0.2150826300389903
2025-06-04,MSFT,-0.0002855414597365824
2025-06-04,NVDA,-0.05017040163349684
2025-06-04,GOOGL,-0.18478754051549406
2025-06-04,AMZN,-0.14388995365755808
2025-06-04,META,-0.06530449806287364
2025-06-04,TSLA,-0.3080273456231256
2025-06-04,AMD,-0.4390197791092183
2025-06-04,NFLX,0.0
2025-06-04,CRM,-0.28266981408319636
2025-06-04,ORCL,-0.12114250137455929
2025-06-04,ADBE,-0.39870998649259004
2025-06-04,AVGO,0.0
2025-06-04,QCOM,-0.3332333432218971
2025-06-04,INTC,-0.6094853489399439
2025-06-04,BTC-USD,-0.06215718565178274
2025-06-04,ETH-USD,-0.45789782098810217
2025-06-04,SOL-USD,-0.40382047830660106
2025-06-05,AAPL,-0.2235578831567162
2025-06-05,MSFT,0.0
2025-06-05,NVDA,-0.06308730411593044
2025-06-05,GOOGL,-0.1840114963121352
2025-06-05,AMZN,-0.14108069999553696
2025-06-05,META,-0.0698289592514344
2025-06-05,TSLA,-0.40670191118676025
2025-06-05,AMD,-0.45269183570345783
2025-06-05,NFLX,0.0
2025-06-05,CRM,-0.2718487321046167
2025-06-05,ORCL,-0.10524895695203595
2025-06-05,ADBE,-0.39683598188159264
2025-06-05,AVGO,-0.004404730571618276
2025-06-05,QCOM,-0.3359334992205706
2025-06-05,INTC,-0.6144993686267255
2025-06-05,BTC-USD,-0.0904184780099313
2025-06-05,ETH-USD,-0.49787162150164055
2025-06-05,SOL-USD,-0.43809503302466657
2025-06-06,AAPL,-0.21082565954798094
2025-06-06,MSFT,0.0
2025-06-06,NVDA,-0.05150892059308454
2025-06-06,GOOGL,-0.15747643662812616
2025-06-06,AMZN,-0.11769805222557927
2025-06-06,META,-0.05204392786260481
2025-06-06,TSLA,-0.3849455598340682
2025-06-06,AMD,-0.4503264274886307
2025-06-06,NFLX,-0.00723697953780944
2025-06-06,CRM,-0.2517600481505575
2025-06-06,ORCL,-0.09019179145509237
2025-06-06,ADBE,-0.3943373238446306
2025-06-06,AVGO,-0.05419800276630271
2025-06-06,QCOM,-0.32837290732798974
2025-06-06,INTC,-0.6131494473230914
2025-06-06,BTC-USD,-0.06521647271826714
2025-06-06,ETH-USD,-0.48521408339087513
2025-06-06,SOL-USD,-0.42499359959492966
2025-06-09,AAPL,-0.22038452888921323
2025-06-09,MSFT,0.0
2025-06-09,NVDA,-0.04541852623267828
2025-06-09,GOOGL,-0.1447513940349382
2025-06-09,AMZN,-0.10361068364872528
2025-06-09,META,-0.05700311130139524
2025-06-09,TSLA,-0.356937448438863
2025-06-09,AMD,-0.42411770013715444
2025-06-09,NFLX,-0.020839352964489466
2025-06-09,CRM,-0.2579202692822118
2025-06-09,ORCL,-0.07382758174585202
2025-06-09,ADBE,-0.3952961158704176
2025-06-09,AVGO,-0.06434799038675532
2025-06-09,QCOM,-0.30060601762345096
2025-06-09,INTC,-0.6050498827186901
2025-06-09,BTC-USD,-0.012350131312184431
2025-06-09,ETH-USD,-0.4427538684069403
2025-06-09,SOL-USD,-0.3737742838723791
2025-06-10,AAPL,-0.21566318535225237
2025-06-10,MSFT,-0.003871001809714003
2025-06-10,NVDA,-0.036517283009224855
2025-06-10,GOOGL,-0.13256054650765592
2025-06-10,AMZN,-0.10100800295316725
2025-06-10,META,-0.04567183461455715
2025-06-10,TSLA,-0.3204476174461901
2025-06-10,AMD,-0.41697419331552743
2025-06-10,NFLX,-0.03750441710772656
2025-06-10,CRM,-0.2689048887612536
2025-06-10,ORCL,-0.07210226721433421
2025-06-10,ADBE,-0.39558667502966327
2025-06-10,AVGO,-0.06300752302867818
2025-06-10,QCOM,-0.28386485303639064
2025-06-10,INTC,-0.5741943967598947
2025-06-10,BTC-USD,-0.012680265674561264
2025-06-10,ETH-USD,-0.4153228437300073
2025-06-10,SOL-USD,-0.35845957969210196
2025-06-11,AAPL,-0.23071751153960496
2025-06-11,MSFT,-0.0002750426351939561
2025-06-11,NVDA,-0.044013562512132065
2025-06-11,GOOGL,-0.13863168867739228
2025-06-11,AMZN,-0.11922664174763353
2025-06-11,META,-0.05689445157084139
2025-06-11,TSLA,-0.31973908506535087
2025-06-11,AMD,-0.4269089005991482
2025-06-11,NFLX,-0.024501830781335054
2025-06-11,CRM,-0.27520137711537185
2025-06-11,ORCL,-0.0778531808920081
2025-06-11,ADBE,-0.40026439376165845
2025-06-11,AVGO,-0.03129300178374261
2025-06-11,QCOM,-0.2822897796617434
2025-06-11,INTC,-0.6011929331803667
2025-06-11,BTC-USD,-0.026744591155281383
2025-06-11,ETH-USD,-0.42363280942816217
2025-06-11,SOL-USD,-0.3739017581123799
2025-06-12,AAPL,-0.22909214654156007
2025-06-12,MSFT,0.0
2025-06-12,NVDA,-0.029489495380195074
2025-06-12,GOOGL,-0.14664558146757345
2025-06-12,AMZN,-0.11906135815957508
2025-06-12,META,-0.05795413392778426
2025-06-12,TSLA,-0.334993550008611
2025-06-12,AMD,-0.43939825308597413
2025-06-12,NFLX,-0.028380222192720628
2025-06-12,CRM,-0.27247561182846625
2025-06-12,ORCL,0.0
2025-06-12,ADBE,-0.39904412509241227
2025-06-12,AVGO,-0.019189540452743792
2025-06-12,QCOM,-0.28580003180884017
2025-06-12,INTC,-0.599457309566381
2025-06-12,BTC-USD,-0.051437787966850834
2025-06-12,ETH-USD,-0.4489303821198144
2025-06-12,SOL-USD,-0.40603624041036623
2025-06-13,AAPL,-0.23973469144351423
2025-06-13,MSFT,-0.008164942036357759
2025-06-13,NVDA,-0.04976978784361874
2025-06-13,GOOGL,-0.15164811039743786
2025-06-13,AMZN,-0.12377093182373478
2025-06-13,META,-0.07220655748141414
2025-06-13,TSLA,-0.32207308904854814
2025-06-13,AMD,-0.4504683462065978
2025-06-13,NFLX,-0.030683280197886464
2025-06-13,CRM,-0.29567171871011244
2025-06-13,ORCL,0.0
2025-06-13,ADBE,-0.43100368195289795
2025-06-13,AVGO,-0.0474183972612231
2025-06-13,QCOM,-0.3037111864471782
2025-06-13,INTC,-0.6116066748642813
2025-06-13,BTC-USD,-0.04998789717213581
2025-06-13,ETH-USD,-0.46395693421361717
2025-06-13,SOL-USD,-0.42221319007815017
2025-06-16,AAPL,-0.2321106900146741
2025-06-16,MSFT,0.0
2025-06-16,NVDA,-0.03156433286183835
2025-06-16,GOOGL,-0.14144857667841026
2025-06-16,AMZN,-0.10724610310216232
2025-06-16,META,-0.04531827385018594
2025-06-16,TSLA,-0.3141124183511985
2025-06-16,AMD,-0.40207211434346346
2025-06-16,NFLX,-0.02012761292665355
2025-06-16,CRM,-0.28073471852317644
2025-06-16,ORCL,-0.01914323943277374
2025-06-16,ADBE,-0.41640394869631414
2025-06-16,AVGO,-0.0343955150802282
2025-06-16,QCOM,-0.2940355745781945
2025-06-16,INTC,-0.6000358630319085
2025-06-16,BTC-USD,-0.043667772478029554
2025-06-16,ETH-USD,-0.47203681727989055
2025-06-16,SOL-USD,-0.41349891104136904
2025-06-17,AAPL,-0.24286941718393873
2025-06-17,MSFT,-0.0022957811579995546
2025-06-17,NVDA,-0.035379634035770824
2025-06-17,GOOGL,-0.14543127866427275
2025-06-17,AMZN,-0.11253404325008787
2025-06-17,META,-0.051967349417528896
2025-06-17,TSLA,-0.34074518451096447
2025-06-17,AMD,-0.39871323900960076
2025-06-17,NFLX,-0.02387007455882606
2025-06-17,CRM,-0.2837874746434811
2025-06-17,ORCL,-0.03271079480373151
2025-06-17,ADBE,-0.44407804612309665
2025-06-17,AVGO,-0.04485209455562389
2025-06-17,QCOM,-0.3048813174950876
2025-06-17,INTC,-0.5988787928834503
2025-06-17,BTC-USD,-0.06332906119833381
2025-06-17,ETH-USD,-0.4782385969576328
2025-06-17,SOL-USD,-0.425628538759643
2025-06-18,AAPL,-0.23923157119605432
2025-06-18,MSFT,0.0
2025-06-18,NVDA,-0.026276701784446188
2025-06-18,GOOGL,-0.15820488444527037
2025-06-18,AMZN,-0.12203583237243587
2025-06-18,META,-0.053952306044464216
2025-06-18,TSLA,-0.32886675775429897
2025-06-18,AMD,-0.4001797805529488
2025-06-18,NFLX,-0.022574654001362604
2025-06-18,CRM,-0.2915516762930468
2025-06-18,ORCL,-0.020211854724082934
2025-06-18,ADBE,-0.45081858415318543
2025-06-18,AVGO,-0.037612955982963325
2025-06-18,QCOM,-0.30861660026665283
2025-06-18,INTC,-0.5855723574370917
2025-06-18,BTC-USD,-0.06080194876516176
2025-06-18,ETH-USD,-0.4754248411110733
2025-06-18,SOL-USD,-0.43105808720543015
2025-06-20,AAPL,-0.2221260761545688
2025-06-20,MSFT,-0.005913696609074259
2025-06-20,NVDA,-0.03718664486923584
2025-06-20,GOOGL,-0.19064896110847218
2025-06-20,AMZN,-0.1337271562574146
2025-06-20,META,-0.07219980791226155
2025-06-20,TSLA,-0.3286374911504999
2025-06-20,AMD,-0.39332007507399114
2025-06-20,NFLX,-0.015281667489891793
2025-06-20,CRM,-0.28846676817831274
2025-06-20,ORCL,-0.046696425876716074
2025-06-20,ADBE,-0.45244560904551356
2025-06-20,AVGO,-0.040223598042825603
2025-06-20,QCOM,-0.3190122819346092
2025-06-20,INTC,-0.5934790708863171
2025-06-20,BTC-USD,-0.0748941877043664
2025-06-20,ETH-USD,-0.49973805587025266
2025-06-20,SOL-USD,-0.45510017968588545
2025-06-23,AAPL,-0.22019097089331585
2025-06-23,MSFT,0.0
2025-06-23,NVDA,-0.03504485072554808
2025-06-23,GOOGL,-0.19769144140375416
2025-06-23,AMZN,-0.13876723406047164
2025-06-23,META,-0.050199545595672856
2025-06-23,TSLA,-0.27337139307349023
2025-06-23,AMD,-0.3869807983830217
2025-06-23,NFLX,0.0
2025-06-23,CRM,-0.28087721414246714
2025-06-23,ORCL,-0.03800766591885396
2025-06-23,ADBE,-0.447796972829305
2025-06-23,AVGO,-0.02571120915429126
2025-06-23,QCOM,-0.31082178758913803
2025-06-23,INTC,-0.5913577449619797
2025-06-23,BTC-USD,-0.05458340387486371
2025-06-23,ETH-USD,-0.49672049805406404
2025-06-23,SOL-USD,-0.4369141315961246
2025-06-24,AAPL,-0.2248350573761202
2025-06-24,MSFT,0.0
2025-06-24,NVDA,-0.010079332382698869
2025-06-24,GOOGL,-0.19001741655888682
2025-06-24,AMZN,-0.12100303057733763
2025-06-24,META,-0.03161231541386611
2025-06-24,TSLA,-0.29048053262606865
2025-06-24,AMD,-0.34511311629249986
2025-06-24,NFLX,0.0
2025-06-24,CRM,-0.2596919956768192
2025-06-24,ORCL,0.0
2025-06-24,ADBE,-0.4445719612273318
2025-06-24,AVGO,0.0
2025-06-24,QCOM,-0.2992559043749563
2025-06-24,INTC,-0.5651306131622109
2025-06-24,BTC-USD,-0.050393866594656056
2025-06-24,ETH-USD,-0.4912792340658264
2025-06-24,SOL-USD,-0.43260759027537043
2025-06-25,AAPL,-0.21995884370755536
2025-06-25,MSFT,0.0
2025-06-25,NVDA,0.0
2025-06-25,GOOGL,-0.171027127783431
2025-06-25,AMZN,-0.12422536713506649
2025-06-25,META,-0.03639850989511839
2025-06-25,TSLA,-0.3174050810821536
2025-06-25,AMD,-0.3216009528621959
2025-06-25,NFLX,-0.003017735593658588
2025-06-25,CRM,-0.2690014289120666
2025-06-25,ORCL,-0.02113622502967627
2025-06-25,ADBE,-0.43700336949318563
2025-06-25,AVGO,0.0
2025-06-25,QCOM,-0.29826589652426383
2025-06-25,INTC,-0.5718802196803814
2025-06-25,BTC-USD,-0.03861284802625964
2025-06-25,ETH-USD,-0.4972430672069592
2025-06-25,SOL-USD,-0.4421295423004491
2025-06-26,AAPL,-0.2221260761545688
2025-06-26,MSFT,0.0
2025-06-26,NVDA,0.0
2025-06-26,GOOGL,-0.15713641994410532
2025-06-26,AMZN,-0.10303231716495886
2025-06-26,META,-0.012725854332965025
2025-06-26,TSLA,-0.3210936341345093
2025-06-26,AMD,-0.3202763300368151
2025-06-26,NFLX,0.0
2025-06-26,CRM,-0.26086596431111786
2025-06-26,ORCL,-0.011381116089065224
2025-06-26,ADBE,-0.44078037256476044
2025-06-26,AVGO,0.0
2025-06-26,QCOM,-0.28809517498246007
2025-06-26,INTC,-0.5660948321554933
2025-06-26,BTC-USD,-0.04220598873107795
2025-06-26,ETH-USD,-0.4979004896422228
2025-06-26,SOL-USD,-0.45941033940060894
2025-06-27,AAPL,-0.22181651390300638
2025-06-27,MSFT,-0.003035458955880199
2025-06-27,NVDA,0.0
2025-06-27,GOOGL,-0.13290056319167665
2025-06-27,AMZN,-0.07750142401077564
2025-06-27,META,-0.0024735921023707474
2025-06-27,TSLA,-0.3255740950233439
2025-06-27,AMD,-0.31966130080127053
2025-06-27,NFLX,0.0
2025-06-27,CRM,-0.2535491972227747
2025-06-27,ORCL,-0.02336599500566583
2025-06-27,ADBE,-0.4395020275301479
2025-06-27,AVGO,-0.0030352589089414073
2025-06-27,QCOM,-0.28652003110949686
2025-06-27,INTC,-0.5624307337723459
2025-06-27,BTC-USD,-0.041055940249807965
2025-06-27,ETH-USD,-0.4962961516079656
2025-06-27,SOL-USD,-0.4472362825498265
2025-06-30,AAPL,-0.20598807440649436
2025-06-30,MSFT,-8.041689406534935e-05
2025-06-30,NVDA,0.0
2025-06-30,GOOGL,-0.14407136066689663
2025-06-30,AMZN,-0.09365445921504523
2025-06-30,META,0.0
2025-06-30,TSLA,-0.3380152266095279
2025-06-30,AMD,-0.32869717750667726
2025-06-30,NFLX,0.0
2025-06-30,CRM,-0.2555423683748269
2025-06-30,ORCL,0.0
2025-06-30,ADBE,-0.43797665844376266
2025-06-30,AVGO,0.0
2025-06-30,QCOM,-0.28327985801075184
2025-06-30,INTC,-0.5680233069246547
2025-06-30,BTC-USD,-0.04063590916023163
2025-06-30,ETH-USD,-0.4832877818765915
2025-06-30,SOL-USD,-0.3984726699737601
2025-07-01,AAPL,-0.19573246748468953
2025-07-01,MSFT,-0.010855413336330222
2025-07-01,NVDA,-0.029685334160542753
2025-07-01,GOOGL,-0.14596562246888545
2025-07-01,AMZN,-0.08923403727415946
2025-07-01,META,-0.025565979403441963
2025-07-01,TSLA,-0.3733380556106022
2025-07-01,AMD,-0.356088572872302
2025-07-01,NFLX,-0.0339996412994259
2025-07-01,CRM,-0.2576717225818186
2025-07-01,ORCL,0.0
2025-07-01,ADBE,-0.43039352545172327
2025-07-01,AVGO,-0.03957912965756105
2025-07-01,QCOM,-0.2826497440629139
2025-07-01,INTC,-0.5593451888547261
2025-07-01,BTC-USD,-0.05350429335575735
2025-07-01,ETH-USD,-0.500052155445551
2025-07-01,SOL-USD,-0.42882856334099484
2025-07-02,AAPL,-0.1778530371456899
2025-07-02,MSFT,-0.012785170976043592
2025-07-02,NVDA,-0.0046837439318373475
2025-07-02,GOOGL,-0.1323662937564175
2025-07-02,AMZN,-0.09146492445241439
2025-07-02,META,-0.03322100220884394
2025-07-02,TSLA,-0.34220396879888215
2025-07-02,AMD,-0.34468728795206816
2025-07-02,NFLX,-0.0405263281435696
2025-07-02,CRM,-0.26504294605863266
2025-07-02,ORCL,0.0
2025-07-02,ADBE,-0.4501939307272207
2025-07-02,AVGO,-0.0208597285067873
2025-07-02,QCOM,-0.2695087874740848
2025-07-02,INTC,-0.5780513462982179
2025-07-02,BTC-USD,-0.025198157571822977
2025-07-02,ETH-USD,-0.46565071782229706
2025-07-02,SOL-USD,-0.4082211571884913
2025-07-03,AAPL,-0.17355726011595674
2025-07-03,MSFT,0.0
2025-07-03,NVDA,0.0
2025-07-03,GOOGL,-0.12804364945588764
2025-07-03,AMZN,-0.07704698869944382
2025-07-03,META,-0.02585052280179012
2025-07-03,TSLA,-0.34282912572408186
2025-07-03,AMD,-0.3475730888616184
2025-07-03,NFLX,-0.0313262509340686
2025-07-03,CRM,-0.257016562569675
2025-07-03,ORCL,0.0
2025-07-03,ADBE,-0.4489736620579746
2025-07-03,AVGO,-0.0017051561365286627
2025-07-03,QCOM,-0.270003897146905
2025-07-03,INTC,-0.5662876833106691
2025-07-03,BTC-USD,-0.01813598261670135
2025-07-03,ETH-USD,-0.46156270500058094
2025-07-03,SOL-USD,-0.4075441022906925
2025-07-07,AAPL,-0.18748946022715474
2025-07-07,MSFT,-0.0022452134373747157
2025-07-07,NVDA,-0.006903549596043335
2025-07-07,GOOGL,-0.1413515246721444
2025-07-07,AMZN,-0.07679912635457509
2025-07-07,META,-0.02674475460809611
2025-07-07,TSLA,-0.3874463147285445
2025-07-07,AMD,-0.36228593084530425
2025-07-07,NFLX,-0.03697168293695097
2025-07-07,CRM,-0.26343214797122183
2025-07-07,ORCL,-0.021321555610354093
2025-07-07,ADBE,-0.4524311121207236
2025-07-07,AVGO,-0.005332886430925665
2025-07-07,QCOM,-0.28854523623139694
2025-07-07,INTC,-0.5757371692187045
2025-07-07,BTC-USD,-0.030208028722179203
2025-07-07,ETH-USD,-0.4715363685299724
2025-07-07,SOL-USD,-0.4212646963147191
2025-07-08,AAPL,-0.1872571550297487
2025-07-08,MSFT,-0.0044503922497414194
2025-07-08,NVDA,0.0
2025-07-08,GOOGL,-0.15315371795824284
2025-07-08,AMZN,-0.09377839038747937
2025-07-08,META,-0.023601492445484817
2025-07-08,TSLA,-0.3793814724092748
2025-07-08,AMD,-0.34799884501552014
2025-07-08,NFLX,-0.047657780965214336
2025-07-08,CRM,-0.2529215599912028
2025-07-08,ORCL,-0.01188272916328903
2025-07-08,ADBE,-0.44471724080695474
2025-07-08,AVGO,-0.013967040947433063
2025-07-08,QCOM,-0.2824247839367613
2025-07-08,INTC,-0.5450745344150849
2025-07-08,BTC-USD,-0.02438370021925007
2025-07-08,ETH-USD,-0.4564716638145214
2025-07-08,SOL-USD,-0.4098431467736857
2025-07-09,AAPL,-0.182884061608644
2025-07-09,MSFT,0.0
2025-07-09,NVDA,0.0
2025-07-09,GOOGL,-0.14217724760361483
2025-07-09,AMZN,-0.08064118181169455
2025-07-09,META,-0.007194290001948711
2025-07-09,TSLA,-0.3834034636873498
2025-07-09,AMD,-0.3452076806467913
2025-07-09,NFLX,-0.03797235270886157
2025-07-09,CRM,-0.2603744259669607
2025-07-09,ORCL,-0.006362801274776175
2025-07-09,ADBE,-0.4575882046990607
2025-07-09,AVGO,0.0
2025-07-09,QCOM,-0.2828747746873823
2025-07-09,INTC,-0.547967228177529
2025-07-09,BTC-USD,-0.003104830077695908
2025-07-09,ETH-USD,-0.4242046421390633
2025-07-09,SOL-USD,-0.38857440497587303
2025-07-10,AAPL,-0.17796916007578534
2025-07-10,MSFT,-0.004031823926264444
2025-07-10,NVDA,0.0
2025-07-10,GOOGL,-0.13732040823717917
2025-07-10,AMZN,-0.08179791477922682
2025-07-10,META,-0.014700191143086516
2025-07-10,TSLA,-0.3542491464668267
2025-07-10,AMD,-0.31800548617627955
2025-07-10,NFLX,-0.06611752890399658
2025-07-10,CRM,-0.27934839522409916
2025-07-10,ORCL,-0.0076718160969396765
2025-07-10,ADBE,-0.46042100133584496
2025-07-10,AVGO,-0.008996117828896755
2025-07-10,QCOM,-0.2840448352369759
2025-07-10,INTC,-0.5406390681938311
2025-07-10,BTC-USD,0.0
2025-07-10,ETH-USD,-0.3859535441096563
2025-07-10,SOL-USD,-0.3622125067355514
2025-07-11,AAPL,-0.18280668588005689
2025-07-11,MSFT,-0.00037741348609909853
2025-07-11,NVDA,0.0
2025-07-11,GOOGL,-0.12483810721368582
2025-07-11,AMZN,-0.07039574261752213
2025-07-11,META,-0.027882679111849273
2025-07-11,TSLA,-0.346663569924597
2025-07-11,AMD,-0.3073138670324117
2025-07-11,NFLX,-0.0702097122168539
2025-07-11,CRM,-0.2954556185904851
2025-07-11,ORCL,-0.026420502976580162
2025-07-11,ADBE,-0.472158855439858
2025-07-11,AVGO,-0.01266639914472767
2025-07-11,QCOM,-0.2913803965050883
2025-07-11,INTC,-0.5481600793327048
2025-07-11,BTC-USD,0.0
2025-07-11,ETH-USD,-0.3853215905787377
2025-07-11,SOL-USD,-0.3667973678022729
2025-07-14,AAPL,-0.19263660762020407
2025-07-14,MSFT,-0.0009732811940416086
2025-07-14,NVDA,-0.005153983715270205
2025-07-14,GOOGL,-0.11818420679023434
2025-07-14,AMZN,-0.06762784137112487
2025-07-14,META,-0.02326281356545501
2025-07-14,TSLA,-0.3395990422824855
2025-07-14,AMD,-0.30816537934021515
2025-07-14,NFLX,-0.05763439706056961
2025-07-14,CRM,-0.291060306283939
2025-07-14,ORCL,-0.03182547581225792
2025-07-14,ADBE,-0.46687102453979135
2025-07-14,AVGO,-0.00827633531292915
2025-07-14,QCOM,-0.30564650621625955
2025-07-14,INTC,-0.550667107567394
2025-07-14,BTC-USD,0.0
2025-07-14,ETH-USD,-0.37379549078629404
2025-07-14,SOL-USD,-0.3691615433767137
2025-07-15,AAPL,-0.1907401902232444
2025-07-15,MSFT,0.0
2025-07-15,NVDA,0.0
2025-07-15,GOOGL,-0.11604720341855079
2025-07-15,AMZN,-0.06490122950313293
2025-07-15,META,-0.03752933964592908
2025-07-15,TSLA,-0.3523527523312693
2025-07-15,AMD,-0.26383765249404456
2025-07-15,NFLX,-0.05888893750565449
2025-07-15,CRM,-0.29679346139534435
2025-07-15,ORCL,-0.007840664476699066
2025-07-15,ADBE,-0.4709531280285051
2025-07-15,AVGO,0.0
2025-07-15,QCOM,-0.3056013872940603
2025-07-15,INTC,-0.557995267551092
2025-07-15,BTC-USD,-0.01729262210051885
2025-07-15,ETH-USD,-0.3474994558685277
2025-07-15,SOL-USD,-0.3626492053650936
2025-07-16,AAPL,-0.18667659971648665
2025-07-16,MSFT,-0.00039537010577939125
2025-07-16,NVDA,0.0
2025-07-16,GOOGL,-0.1113360536155441
2025-07-16,AMZN,-0.07795585932210758
2025-07-16,META,-0.04766371769442301
2025-07-16,TSLA,-0.3296586019939389
2025-07-16,AMD,-0.24269089727856785
2025-07-16,NFLX,-0.06632661897817727
2025-07-16,CRM,-0.295783198596557
2025-07-16,ORCL,0.0
2025-07-16,ADBE,-0.47445415753183073
2025-07-16,AVGO,-0.0004627138270094644
2025-07-16,QCOM,-0.30663644356863606
2025-07-16,INTC,-0.5624307337723459
2025-07-16,BTC-USD,-0.009271573341663175
2025-07-16,ETH-USD,-0.2993670825065664
2025-07-16,SOL-USD,-0.32471520866744163
2025-07-17,AAPL,-0.18721846716545532
2025-07-17,MSFT,0.0
2025-07-17,NVDA,0.0
2025-07-17,GOOGL,-0.10837325294303679
2025-07-17,AMZN,-0.07510531628168138
2025-07-17,META,-0.049695957034362026
2025-07-17,TSLA,-0.3343683294865726
2025-07-17,AMD,-0.2411297191943983
2025-07-17,NFLX,-0.04850906812826905
2025-07-17,CRM,-0.2905142273837863
2025-07-17,ORCL,0.0
2025-07-17,ADBE,-0.46765545447016876
2025-07-17,AVGO,0.0
2025-07-17,QCOM,-0.3132068866138926
2025-07-17,INTC,-0.5603094446306053
2025-07-17,BTC-USD,-0.004671345530293691
2025-07-17,ETH-USD,-0.27748934440909356
2025-07-17,SOL-USD,-0.3166115484424653
2025-07-18,AAPL,-0.1827293101514701
2025-07-18,MSFT,-0.003224607503308996
2025-07-18,NVDA,-0.0034104353557070644
2025-07-18,GOOGL,-0.10118515745367962
2025-07-18,AMZN,-0.0658101001257968
2025-07-18,META,-0.04580741866994931
2025-07-18,TSLA,-0.31302879181523946
2025-07-18,AMD,-0.25730910272143215
2025-07-18,NFLX,-0.09699574595704119
2025-07-18,CRM,-0.283689082807125
2025-07-18,ORCL,-0.013266293460975742
2025-07-18,ADBE,-0.46861424649595584
2025-07-18,AVGO,-0.010857007206180658
2025-07-18,QCOM,-0.30335122204600773
2025-07-18,INTC,-0.5545240203231204
2025-07-18,BTC-USD,-0.015406601054106739
2025-07-18,ETH-USD,-0.2624788245339622
2025-07-18,SOL-USD,-0.31043465334718057
2025-07-21,AAPL,-0.17769828568851653
2025-07-21,MSFT,-0.003205093264509906
2025-07-21,NVDA,-0.009364108359748768
2025-07-21,GOOGL,-0.07670641039284931
2025-07-21,AMZN,-0.052714180928416954
2025-07-21,META,-0.034033947762747485
2025-07-21,TSLA,-0.31544617125407626
2025-07-21,AMD,-0.2572618205442865
2025-07-21,NFLX,-0.07905125977054561
2025-07-21,CRM,-0.283962206424726
2025-07-21,ORCL,-0.020944676284844643
2025-07-21,ADBE,-0.46586865307342773
2025-07-21,AVGO,0.0
2025-07-21,QCOM,-0.2845849228353633
2025-07-21,INTC,-0.5514384754055004
2025-07-21,BTC-USD,-0.02010988763139665
2025-07-21,ETH-USD,-0.21793371083458357
2025-07-21,SOL-USD,-0.2380801204960783
2025-07-22,AAPL,-0.17026772358114328
2025-07-22,MSFT,-0.012566025433196515
2025-07-22,NVDA,-0.034508774673865816
2025-07-22,GOOGL,-0.0706838314109226
2025-07-22,AMZN,-0.06027429763300263
2025-07-22,META,-0.04508945929862829
2025-07-22,TSLA,-0.3079023142380857
2025-07-22,AMD,-0.26804807622897564
2025-07-22,NFLX,-0.11130354614486904
2025-07-22,CRM,-0.2803857599658347
2025-07-22,ORCL,-0.042773871399387375
2025-07-22,ADBE,-0.458329099521965
2025-07-22,AVGO,-0.03337839123005926
2025-07-22,QCOM,-0.28899522698201785
2025-07-22,INTC,-0.5518241777158522
2025-07-22,BTC-USD,0.0
2025-07-22,ETH-USD,-0.22088998092876266
2025-07-22,SOL-USD,-0.2003473302302936
2025-07-23,AAPL,-0.17123527621176982
2025-07-23,MSFT,-0.011393424460411694
2025-07-23,NVDA,-0.012832457102316508
2025-07-23,GOOGL,-0.07607501458197086
2025-07-23,AMZN,-0.0568867405244341
2025-07-23,META,-0.03320738530854361
2025-07-23,TSLA,-0.3069645152534475
2025-07-23,AMD,-0.249456002309969
2025-07-23,NFLX,-0.1212353816412306
2025-07-23,CRM,-0.27047570727443926
2025-07-23,ORCL,-0.027537651454539236
2025-07-23,ADBE,-0.45892471476524643
2025-07-23,AVGO,-0.015683033190750928
2025-07-23,QCOM,-0.2804896756626277
2025-07-23,INTC,-0.5470030091842466
2025-07-23,BTC-USD,-0.010337504434577038
2025-07-23,ETH-USD,-0.24571120393337298
2025-07-23,SOL-USD,-0.2631593870511798
2025-07-24,AAPL,-0.17274463695414966
2025-07-24,MSFT,-0.0016024562885568194
2025-07-24,NVDA,0.0
2025-07-24,GOOGL,-0.06665264060660381
2025-07-24,AMZN,-0.04060977414773037
2025-07-24,META,-0.03155434343001584
2025-07-24,TSLA,-0.36377277307401423
2025-07-24,AMD,-0.2330400635241464
2025-07-24,NFLX,-0.11826334000370553
2025-07-24,CRM,-0.26916513474757786
2025-07-24,ORCL,-0.02379893547535339
2025-07-24,ADBE,-0.4600432832954462
2025-07-24,AVGO,0.0
2025-07-24,QCOM,-0.28516998835931806
2025-07-24,INTC,-0.563587840703401
2025-07-24,BTC-USD,-0.013562302153083627
2025-07-24,ETH-USD,-0.22943926300499584
2025-07-24,SOL-USD,-0.2901262095816496
2025-07-25,AAPL,-0.17228020457098303
2025-07-25,MSFT,0.0
2025-07-25,NVDA,-0.001381448096738569
2025-07-25,GOOGL,-0.06174723805235871
2025-07-25,AMZN,-0.04387340008386453
2025-07-25,META,-0.03442676212445894
2025-07-25,TSLA,-0.3413495452698835
2025-07-25,AMD,-0.21246098318053852
2025-07-25,NFLX,-0.11846490967194845
2025-07-25,CRM,-0.26531598550870905
2025-07-25,ORCL,-0.014593040685012326
2025-07-25,ADBE,-0.4614233728022086
2025-07-25,AVGO,0.0
2025-07-25,QCOM,-0.287150074559019
2025-07-25,INTC,-0.6008072308700151
2025-07-25,BTC-USD,-0.01966351188030424
2025-07-25,ETH-USD,-0.2254365862332962
2025-07-25,SOL-USD,-0.27390150897705745
2025-07-28,AAPL,-0.17162227352913428
2025-07-28,MSFT,-0.00235558342985287
2025-07-28,NVDA,0.0
2025-07-28,GOOGL,-0.06466132679834924
2025-07-28,AMZN,-0.038296308212665164
2025-07-28,META,-0.027720189636924464
2025-07-28,TSLA,-0.32148958805274874
2025-07-28,AMD,-0.17844640150147983
2025-07-28,NFLX,-0.1228633216356837
2025-07-28,CRM,-0.2622036387809277
2025-07-28,ORCL,-0.004180882332504132
2025-07-28,ADBE,-0.4632682948974194
2025-07-28,AVGO,0.0
2025-07-28,QCOM,-0.27522422694366677
2025-07-28,INTC,-0.6011929331803667
2025-07-28,BTC-USD,-0.017258472052284812
2025-07-28,ETH-USD,-0.21293495637562265
2025-07-28,SOL-USD,-0.29037694648834267
2025-07-29,AAPL,-0.18238094136118388
2025-07-29,MSFT,-0.002219338269675686
2025-07-29,NVDA,-0.007015659077064473
2025-07-29,GOOGL,-0.04926508576757227
2025-07-29,AMZN,-0.04564985195078719
2025-07-29,META,-0.05160622548075755
2025-07-29,TSLA,-0.33063805690797765
2025-07-29,AMD,-0.16056392117230922
2025-07-29,NFLX,-0.12723928632714998
2025-07-29,CRM,-0.27001143920827986
2025-07-29,ORCL,0.0
2025-07-29,ADBE,-0.46148144916757494
2025-07-29,AVGO,0.0
2025-07-29,QCOM,-0.2705888921725438
2025-07-29,INTC,-0.6063998040223241
2025-07-29,BTC-USD,-0.017277873835412905
2025-07-29,ETH-USD,-0.2116820587804048
2025-07-29,SOL-USD,-0.29506620711876896
2025-07-30,AAPL,-0.19097237674622003
2025-07-30,MSFT,-0.000915080329450535
2025-07-30,NVDA,0.0
2025-07-30,GOOGL,-0.04547656216359475
2025-07-30,AMZN,-0.04903740905935583
2025-07-30,META,-0.05809600695192574
2025-07-30,TSLA,-0.33513937755993173
2025-07-30,AMD,-0.15077116869992058
2025-07-30,NFLX,-0.11569449467543858
2025-07-30,CRM,-0.27705516684654674
2025-07-30,ORCL,0.0
2025-07-30,ADBE,-0.4712146046719643
2025-07-30,AVGO,0.0
2025-07-30,QCOM,-0.2841799100103096
2025-07-30,INTC,-0.6077497253259582
2025-07-30,BTC-USD,-0.018035910617157036
2025-07-30,ETH-USD,-0.2086175204753249
2025-07-30,SOL-USD,-0.30922160159845224
2025-07-31,AAPL,-0.1966999607781008
2025-07-31,MSFT,0.0
2025-07-31,NVDA,-0.0078095382903896615
2025-07-31,GOOGL,-0.0679640697855236
2025-07-31,AMZN,-0.03284308447668105
2025-07-31,META,0.0
2025-07-31,TSLA,-0.3575834651271822
2025-07-31,AMD,-0.16590976683750813
2025-07-31,NFLX,-0.1342139500795455
2025-07-31,CRM,-0.29474591802234584
2025-07-31,ORCL,0.0
2025-07-31,ADBE,-0.4803811831157553
2025-07-31,AVGO,-0.02947600153100416
2025-07-31,QCOM,-0.33953370721880194
2025-07-31,INTC,-0.6181634670098728
2025-07-31,BTC-USD,-0.0353114406129974
2025-07-31,ETH-USD,-0.23178706981270203
2025-07-31,SOL-USD,-0.32970722803261154
2025-08-01,AAPL,-0.2167853707656221
2025-08-01,MSFT,-0.017600650699195475
2025-08-01,NVDA,-0.030958969868255637
2025-08-01,GOOGL,-0.08141748582650254
2025-08-01,AMZN,-0.11282325801058046
2025-08-01,META,-0.03029313072834494
2025-08-01,TSLA,-0.36933686049880776
2025-08-01,AMD,-0.1877188334656753
2025-08-01,NFLX,-0.1348113665694255
2025-08-01,CRM,-0.3154669105055967
2025-08-01,ORCL,-0.03684443090865708
2025-08-01,ADBE,-0.4947484779115633
2025-08-01,AVGO,-0.04619665464815559
2025-08-01,QCOM,-0.33309833894687924
2025-08-01,INTC,-0.6276129529179082
2025-08-01,BTC-USD,-0.0556298603338552
2025-08-01,ETH-USD,-0.2750825836833617
2025-08-01,SOL-USD,-0.36682180679104925
2025-08-04,AAPL,-0.21303152052207275
2025-08-04,MSFT,0.0
2025-08-04,NVDA,0.0
2025-08-04,GOOGL,-0.05271351831817561
2025-08-04,AMZN,-0.1256300254846866
2025-08-04,META,0.0
2025-08-04,TSLA,-0.35552032008034573
2025-08-04,AMD,-0.16368627734064822
2025-08-04,NFLX,-0.1255591023005378
2025-08-04,CRM,-0.3111534090330439
2025-08-04,ORCL,-0.004886323305796081
2025-08-04,ADBE,-0.5077501801253989
2025-08-04,AVGO,-0.01619206794548189
2025-08-04,QCOM,-0.33615845934672317
2025-08-04,INTC,-0.6239488545347609
2025-08-04,BTC-USD,-0.041030995129826886
2025-08-04,ETH-USD,-0.22715741152726665
2025-08-04,SOL-USD,-0.34136438840718775
2025-08-05,AAPL,-0.21469563272162584
2025-08-05,MSFT,-0.014729880461766376
2025-08-05,NVDA,-0.009666693916578928
2025-08-05,GOOGL,-0.054510505005838206
2025-08-05,AMZN,-0.11695446519097352
2025-08-05,META,-0.01662873135285603
2025-08-05,TSLA,-0.3566456661425439
2025-08-05,AMD,-0.1753713996968166
2025-08-05,NFLX,-0.1428240172595595
2025-08-05,CRM,-0.3243395984552566
2025-08-05,ORCL,0.0
2025-08-05,ADBE,-0.5079100009629149
2025-08-05,AVGO,-0.03202051732754907
2025-08-05,QCOM,-0.33975880834158634
2025-08-05,INTC,-0.6106424190884021
2025-08-05,BTC-USD,-0.04878493728894462
2025-08-05,ETH-USD,-0.24941109500560876
2025-08-05,SOL-USD,-0.36208165137331694
2025-08-06,AAPL,-0.17471825206805025
2025-08-06,MSFT,-0.01997601157097051
2025-08-06,NVDA,-0.0032223162844625675
2025-08-06,GOOGL,-0.04761378864333854
2025-08-06,AMZN,-0.08159134181276384
2025-08-06,META,-0.0056416330432305095
2025-08-06,TSLA,-0.33332635888001383
2025-08-06,AMD,-0.22830924709449218
2025-08-06,NFLX,-0.11996591432981452
2025-08-06,CRM,-0.31975309961638987
2025-08-06,ORCL,0.0
2025-08-06,ADBE,-0.4979153688150666
2025-08-06,AVGO,-0.0031392504409879507
2025-08-06,QCOM,-0.34367407331373667
2025-08-06,INTC,-0.6063998040223241
2025-08-06,BTC-USD,-0.04139669920979405
2025-08-06,ETH-USD,-0.23444435932260832
2025-08-06,SOL-USD,-0.3462235356003699
2025-08-07,AAPL,-0.14847963220420546
2025-08-07,MSFT,-0.02763042169163421
2025-08-07,NVDA,0.0
2025-08-07,GOOGL,-0.04552527409011131
2025-08-07,AMZN,-0.0782037216669762
2025-08-07,META,-0.018728191470257505
2025-08-07,TSLA,-0.3284082881435396
2025-08-07,AMD,-0.18440727640222332
2025-08-07,NFLX,-0.1185545278427077
2025-08-07,CRM,-0.3423851999151255
2025-08-07,ORCL,-0.027453880028493027
2025-08-07,ADBE,-0.5085927750873496
2025-08-07,AVGO,0.0
2025-08-07,QCOM,-0.34340413526201685
2025-08-07,INTC,-0.6187419836928035
2025-08-07,BTC-USD,-0.020821759269055384
2025-08-07,ETH-USD,-0.18656383385142095
2025-08-07,SOL-USD,-0.31780739799035584
2025-08-08,AAPL,-0.11241097192578342
2025-08-08,MSFT,-0.025390151441486375
2025-08-08,NVDA,0.0
2025-08-08,GOOGL,-0.021726486027969116
2025-08-08,AMZN,-0.08002146291230416
2025-08-08,META,-0.00910644871391586
2025-08-08,TSLA,-0.31302879181523946
2025-08-08,AMD,-0.18270417960008667
2025-08-08,NFLX,-0.09520355346017284
2025-08-08,CRM,-0.34339537854638813
2025-08-08,ORCL,-0.024880037400069277
2025-08-08,ADBE,-0.5045542510392123
2025-08-08,AVGO,0.0
2025-08-08,QCOM,-0.3359334992205706
2025-08-08,INTC,-0.615270736464832
2025-08-08,BTC-USD,-0.02755678228067704
2025-08-08,ETH-USD,-0.16671320745335816
2025-08-08,SOL-USD,-0.3128397582960283
2025-08-11,AAPL,-0.11981115337898729
2025-08-11,MSFT,-0.02589406265092742
2025-08-11,NVDA,-0.003502974179128593
2025-08-11,GOOGL,-0.023766363024033343
2025-08-11,AMZN,-0.08576383837156187
2025-08-11,META,-0.013524495214309207
2025-08-11,TSLA,-0.29348141306070474
2025-08-11,AMD,-0.18497495127409225
2025-08-11,NFLX,-0.09022270884566097
2025-08-11,CRM,-0.36477169937683207
2025-08-11,ORCL,-0.014623785779644516
2025-08-11,ADBE,-0.515304274934755
2025-08-11,AVGO,-0.003508495197593775
2025-08-11,QCOM,-0.3340883467975717
2025-08-11,INTC,-0.6017714866458942
2025-08-11,BTC-USD,-0.010533475465501208
2025-08-11,ETH-USD,-0.12159392723909468
2025-08-11,SOL-USD,-0.3197807276981771
2025-08-12,AAPL,-0.1102413659901631
2025-08-12,MSFT,-0.011948299791611605
2025-08-12,NVDA,0.0
2025-08-12,GOOGL,-0.012401238428221606
2025-08-12,AMZN,-0.08506154071536132
2025-08-12,META,0.0
2025-08-12,TSLA,-0.2897094845527094
2025-08-12,AMD,-0.17234368006929912
2025-08-12,NFLX,-0.0850178472906371
2025-08-12,CRM,-0.3675562977634921
2025-08-12,ORCL,-0.010022200272845283
2025-08-12,ADBE,-0.5083603366265737
2025-08-12,AVGO,0.0
2025-08-12,QCOM,-0.30816653901771596
2025-08-12,INTC,-0.579401267601852
2025-08-12,BTC-USD,0.0
2025-08-12,ETH-USD,-0.04595980479251727
2025-08-12,SOL-USD,-0.25416423759727247
2025-08-13,AAPL,-0.09598352324209047
2025-08-13,MSFT,-0.028115805907533264
2025-08-13,NVDA,-0.008571756180303591
2025-08-13,GOOGL,-0.019103627670129297
2025-08-13,AMZN,-0.07229612565687937
2025-08-13,META,-0.012556840475554054
2025-08-13,TSLA,-0.2927520209167459
2025-08-13,AMD,-0.12754284270555116
2025-08-13,NFLX,-0.10058018792354984
2025-08-13,CRM,-0.35289595623019376
2025-08-13,ORCL,-0.04777133044920767
2025-08-13,ADBE,-0.489998097223205
2025-08-13,AVGO,-0.01195539762477038
2025-08-13,QCOM,-0.2952956614772386
2025-08-13,INTC,-0.5714945541526265
2025-08-13,BTC-USD,0.0
2025-08-13,ETH-USD,-0.011598194041595455
2025-08-13,SOL-USD,-0.21632526822976528
2025-08-14,AAPL,-0.09811444131341762
2025-08-14,MSFT,-0.02456863462846992
2025-08-14,NVDA,-0.0062240436925729
2025-08-14,GOOGL,-0.014344063418019859
2025-08-14,AMZN,-0.04577378312322178
2025-08-14,META,-0.00996198714411145
2025-08-14,TSLA,-0.300671035684695
2025-08-14,AMD,-0.14395878149137376
2025-08-14,NFLX,-0.08107498961386361
2025-08-14,CRM,-0.36288794600686947
2025-08-14,ORCL,-0.04472950549145005
2025-08-14,ADBE,-0.4936153681234702
2025-08-14,AVGO,-0.005114515953574372
2025-08-14,QCOM,-0.28854523623139694
2025-08-14,INTC,-0.5398676635731277
2025-08-14,BTC-USD,-0.040411222672351976
2025-08-14,ETH-USD,-0.05484540831676421
2025-08-14,SOL-USD,-0.25132978944268913
2025-08-15,AAPL,-0.1027250616068639
2025-08-15,MSFT,-0.028881166367453748
2025-08-15,NVDA,-0.014795799872876603
2025-08-15,GOOGL,-0.00968147680282283
2025-08-15,AMZN,-0.04556721015675824
2025-08-15,META,-0.006037901769790799
2025-08-15,TSLA,-0.31113239767968215
2025-08-15,AMD,-0.16023280155922903
2025-08-15,NFLX,-0.07480975082160435
2025-08-15,CRM,-0.3381263231660927
2025-08-15,ORCL,-0.03178253602609327
2025-08-15,ADBE,-0.48450686604504567
2025-08-15,AVGO,-0.020746119590401624
2025-08-15,QCOM,-0.289625199933224
2025-08-15,INTC,-0.52636841375419
2025-08-15,BTC-USD,-0.04820427361471091
2025-08-15,ETH-USD,-0.07732582592561965
2025-08-15,SOL-USD,-0.2779382723343292
2025-08-18,AAPL,-0.10543706902638905
2025-08-18,MSFT,-0.03461279676705109
2025-08-18,NVDA,-0.006278661078990555
2025-08-18,GOOGL,-0.011624078684560502
2025-08-18,AMZN,-0.043666827117400886
2025-08-18,META,-0.02864555172322314
2025-08-18,TSLA,-0.3015462553799746
2025-08-18,AMD,-0.1667139969681657
2025-08-18,NFLX,-0.07022463908318499
2025-08-18,CRM,-0.33394938350234027
2025-08-18,ORCL,-0.028701652357978724
2025-08-18,ADBE,-0.4810349190575066
2025-08-18,AVGO,-0.022600171002352343
2025-08-18,QCOM,-0.2848999798092823
2025-08-18,INTC,-0.5437246131114509
2025-08-18,BTC-USD,-0.057495673940527126
2025-08-18,ETH-USD,-0.10381825552210999
2025-08-18,SOL-USD,-0.2883231816621217
2025-08-19,AAPL,-0.10671566733895743
2025-08-19,MSFT,-0.048297282987628476
2025-08-19,NVDA,-0.04105699173949595
2025-08-19,GOOGL,-0.020997889472118003
2025-08-19,AMZN,-0.05804347349196648
2025-08-19,META,-0.04875950495938919
2025-08-19,TSLA,-0.3137373241960788
2025-08-19,AMD,-0.21208250920378258
2025-08-19,NFLX,-0.09332920622571106
2025-08-19,CRM,-0.32840741492325554
2025-08-19,ORCL,-0.08505241811332365
2025-08-19,ADBE,-0.47552914662145396
2025-08-19,AVGO,-0.05728352377075441
2025-08-19,QCOM,-0.2968258274246345
2025-08-19,INTC,-0.5119049081593732
2025-08-19,BTC-USD,-0.08523217574822461
2025-08-19,ETH-USD,-0.1534933240522346
2025-08-19,SOL-USD,-0.3153705579468592
2025-08-20,AAPL,-0.12434427926941649
2025-08-20,MSFT,-0.055858310156371216
2025-08-20,NVDA,-0.0423673079365825
2025-08-20,GOOGL,-0.031926019746996825
2025-08-20,AMZN,-0.0753945310421742
2025-08-20,META,-0.05351890814157145
2025-08-20,TSLA,-0.3250114537906641
2025-08-20,AMD,-0.21846914025842779
2025-08-20,NFLX,-0.09354575973305745
2025-08-20,CRM,-0.32717886364919924
2025-08-20,ORCL,-0.08333654308867855
2025-08-20,ADBE,-0.48656972967624246
2025-08-20,AVGO,-0.06923901984247505
2025-08-20,QCOM,-0.3004710133484332
2025-08-20,INTC,-0.5460387534083674
2025-08-20,BTC-USD,-0.07352863306654911
2025-08-20,ETH-USD,-0.09924734821522341
2025-08-20,SOL-USD,-0.2707657257181444
2025-08-21,AAPL,-0.12864480327636374
2025-08-21,MSFT,-0.057073842037011824
2025-08-21,NVDA,-0.04466048655071897
2025-08-21,GOOGL,-0.02983757956312305
2025-08-21,AMZN,-0.0830785789191939
2025-08-21,META,-0.06443032458085551
2025-08-21,TSLA,-0.3329096087954937
2025-08-21,AMD,-0.22551801053923337
2025-08-21,NFLX,-0.09925841960720239
2025-08-21,CRM,-0.328871430486841
2025-08-21,ORCL,-0.09074596238856836
2025-08-21,ADBE,-0.48656972967624246
2025-08-21,AVGO,-0.07425764846661487
2025-08-21,QCOM,-0.3063664350186003
2025-08-21,INTC,-0.5468101580290707
2025-08-21,BTC-USD,-0.08857362915219369
2025-08-21,ETH-USD,-0.12237463540654614
2025-08-21,SOL-USD,-0.2991662627115367
2025-08-22,AAPL,-0.11756405304034989
2025-08-22,MSFT,-0.05148248744566042
2025-08-22,NVDA,-0.028226749675072327
2025-08-22,GOOGL,0.0
2025-08-22,AMZN,-0.05461456396777398
2025-08-22,META,-0.044569573176493016
2025-08-22,TSLA,-0.29143912777698777
2025-08-22,AMD,-0.2063582617483578
2025-08-22,NFLX,-0.1004233988543003
2025-08-22,CRM,-0.3221556195247447
2025-08-22,ORCL,-0.07822797672510085
2025-08-22,ADBE,-0.4739892806102789
2025-08-22,AVGO,-0.0601924342534349
2025-08-22,QCOM,-0.28890527113088327
2025-08-22,INTC,-0.5217400963777602
2025-08-22,BTC-USD,-0.052454706220658176
2025-08-22,ETH-USD,0.0
2025-08-22,SOL-USD,-0.21999105722828183
2025-08-25,AAPL,-0.11988864778200437
2025-08-25,MSFT,-0.057036385289198854
2025-08-25,NVDA,-0.018289976398440877
2025-08-25,GOOGL,0.0
2025-08-25,AMZN,-0.05833262521524041
2025-08-25,META,-0.046455632041885075
2025-08-25,TSLA,-0.27770596281416515
2025-08-25,AMD,-0.22717382516422435
2025-08-25,NFLX,-0.09040194518717959
2025-08-25,CRM,-0.3233021495459961
2025-08-25,ORCL,-0.08197159462812131
2025-08-25,ADBE,-0.47236225571795065
2025-08-25,AVGO,-0.05945713398285346
2025-08-25,QCOM,-0.29606085019841044
2025-08-25,INTC,-0.5265612649093658
2025-08-25,BTC-USD,-0.1071775217189721
2025-08-25,ETH-USD,-0.09487223437587489
2025-08-25,SOL-USD,-0.27196252435297774
2025-08-26,AAPL,-0.11155865216702454
2025-08-26,MSFT,-0.061187870273760936
2025-08-26,NVDA,-0.007588977276076991
2025-08-26,GOOGL,-0.006475258741915013
2025-08-26,AMZN,-0.055151578035916415
2025-08-26,META,-0.045442902288761466
2025-08-26,TSLA,-0.267140365600419
2025-08-26,AMD,-0.2117513895907024
2025-08-26,NFLX,-0.08441296736759141
2025-08-26,CRM,-0.33457727323648623
2025-08-26,ORCL,-0.0866512373727224
2025-08-26,ADBE,-0.4844197071638926
2025-08-26,AVGO,-0.047374050663754
2025-08-26,QCOM,-0.28368480033748955
2025-08-26,INTC,-0.5304181776650922
2025-08-26,BTC-USD,-0.09357082956465779
2025-08-26,ETH-USD,-0.04779656624895068
2025-08-26,SOL-USD,-0.23842677450192507
2025-08-27,AAPL,-0.10698683841230228
2025-08-27,MSFT,-0.052398883179020306
2025-08-27,NVDA,-0.008517138793886048
2025-08-27,GOOGL,-0.004844454468613035
2025-08-27,AMZN,-0.053457831000241596
2025-08-27,META,-0.05394928919636499
2025-08-27,TSLA,-0.2714541391748132
2025-08-27,AMD,-0.20933862701219952
2025-08-27,NFLX,-0.08634707904015004
2025-08-27,CRM,-0.3170503541474853
2025-08-27,ORCL,-0.08041177389616705
2025-08-27,ADBE,-0.4823278053500125
2025-08-27,AVGO,-0.040213610192409655
2025-08-27,QCOM,-0.280984644338816
2025-08-27,INTC,-0.520775840601881
2025-08-27,BTC-USD,-0.0982779369700102
2025-08-27,ETH-USD,-0.06788074952383127
2025-08-27,SOL-USD,-0.21114349079397554
2025-08-28,AAPL,-0.09896682040939131
2025-08-28,MSFT,-0.04697588257246266
2025-08-28,NVDA,-0.016324585615634213
2025-08-28,GOOGL,0.0
2025-08-28,AMZN,-0.04321239180606917
2025-08-28,META,-0.04922781974449886
2025-08-28,TSLA,-0.2789979961908038
2025-08-28,AMD,-0.20247895762650692
2025-08-28,NFLX,-0.08041040222549323
2025-08-28,CRM,-0.30512007044485157
2025-08-28,ORCL,-0.06282410003074146
2025-08-28,ADBE,-0.48579979667065487
2025-08-28,AVGO,-0.013361909201393463
2025-08-28,QCOM,-0.2763493095676931
2025-08-28,INTC,-0.519233068143071
2025-08-28,BTC-USD,-0.08755393323047067
2025-08-28,ETH-USD,-0.06709739310383578
2025-08-28,SOL-USD,-0.16650662688094198
2025-08-29,AAPL,-0.10059408419832172
2025-08-29,MSFT,-0.052492323668188234
2025-08-29,NVDA,-0.049028290720497525
2025-08-29,GOOGL,0.0
2025-08-29,AMZN,-0.05395355568997873
2025-08-29,META,-0.06493657309628142
2025-08-29,TSLA,-0.30423455735201077
2025-08-29,AMD,-0.23062730094564354
2025-08-29,NFLX,-0.0977350816226118
2025-08-29,CRM,-0.30042428007518185
2025-08-29,ORCL,-0.11816084388961667
2025-08-29,ADBE,-0.48181934898788414
2025-08-29,AVGO,-0.049355886216983946
2025-08-29,QCOM,-0.2766642960432961
2025-08-29,INTC,-0.5304181776650922
2025-08-29,BTC-USD,-0.12106968312722799
2025-08-29,ETH-USD,-0.09752883440890292
2025-08-29,SOL-USD,-0.20221542992333508
2025-09-02,AAPL,-0.10997007624238775
2025-09-02,MSFT,-0.05542827677210982
2025-09-02,NVDA,-0.0675911870253808
2025-09-02,GOOGL,-0.007327050538525226
2025-09-02,AMZN,-0.06907378909914985
2025-09-02,META,-0.06948094089924817
2025-09-02,TSLA,-0.31363315257415836
2025-09-02,AMD,-0.23209384248899156
2025-09-02,NFLX,-0.09335905995837357
2025-09-02,CRM,-0.30967921483819594
2025-09-02,ORCL,-0.12139766148459685
2025-09-02,ADBE,-0.49790082755717335
2025-09-02,AVGO,-0.04663884884012259
2025-09-02,QCOM,-0.28543999690935384
2025-09-02,INTC,-0.5331180570549572
2025-09-02,BTC-USD,-0.09845205611336172
2025-09-02,ETH-USD,-0.10472912402136036
2025-09-02,SOL-USD,-0.1856488800655438
2025-09-03,AAPL,-0.07606900443427012
2025-09-03,MSFT,-0.054998185850601344
2025-09-03,NVDA,-0.06846464764394866
2025-09-03,GOOGL,0.0
2025-09-03,AMZN,-0.06638846660956299
2025-09-03,META,-0.06702517791229812
2025-09-03,TSLA,-0.3037760877412514
2025-09-03,AMD,-0.23299270916047066
2025-09-03,NFLX,-0.0843457964691009
2025-09-03,CRM,-0.29987824325879153
2025-09-03,ORCL,-0.12861208814726421
2025-09-03,ADBE,-0.49373156518730643
2025-09-03,AVGO,-0.03337282696816368
2025-09-03,QCOM,-0.29219042215519553
2025-09-03,INTC,-0.5371678209658595
2025-09-03,BTC-USD,-0.09421492471516413
2025-09-03,ETH-USD,-0.07885157988163649
2025-09-03,SOL-USD,-0.18073213515852238
2025-09-04,AAPL,-0.07099359573436625
2025-09-04,MSFT,-0.05009871665471999
2025-09-04,NVDA,-0.06278652727708345
2025-09-04,GOOGL,0.0
2025-09-04,AMZN,-0.02635712198281781
2025-09-04,META,-0.05234164374222994
2025-09-04,TSLA,-0.2945233836672634
2025-09-04,AMD,-0.23460124160831586
2025-09-04,NFLX,-0.0609723748142974
2025-09-04,CRM,-0.33384017613906225
2025-09-04,ORCL,-0.13036690151644081
2025-09-04,ADBE,-0.4998184116087473
2025-09-04,AVGO,-0.02151341511977789
2025-09-04,QCOM,-0.2771643405982318
2025-09-04,INTC,-0.5254041579783109
2025-09-04,BTC-USD,-0.10231916057978063
2025-09-04,ETH-USD,-0.11023930017599493
2025-09-04,SOL-USD,-0.212555376257214
2025-09-05,AAPL,-0.07134226121072818
2025-09-05,MSFT,-0.07435250746747157
2025-09-05,NVDA,-0.0881197246515405
2025-09-05,GOOGL,0.0
2025-09-05,AMZN,-0.04019662821480341
2025-09-05,META,-0.04753150710477827
2025-09-05,TSLA,-0.26887007242153615
2025-09-05,AMD,-0.2849844077095214
2025-09-05,NFLX,-0.07117300785016445
2025-09-05,CRM,-0.31541232786583895
2025-09-05,ORCL,-0.09214978901074455
2025-09-05,ADBE,-0.4930487910628719
2025-09-05,AVGO,0.0
2025-09-05,QCOM,-0.276576032151744
2025-09-05,INTC,-0.5277183350578241
2025-09-05,BTC-USD,-0.10290789737041461
2025-09-05,ETH-USD,-0.1085328141546269
2025-09-05,SOL-USD,-0.20890761991061035
2025-09-08,AAPL,-0.07835497064884656
2025-09-08,MSFT,-0.06836857623967163
2025-09-08,NVDA,-0.08107658718834776
2025-09-08,GOOGL,-0.0031944412317879145
2025-09-08,AMZN,-0.025696113705022228
2025-09-08,META,-0.04772148605272153
2025-09-08,TSLA,-0.2781227764955242
2025-09-08,AMD,-0.28370706706128634
2025-09-08,NFLX,-0.07047110329596618
2025-09-08,CRM,-0.31128992875808204
2025-09-08,ORCL,-0.06999952816596422
2025-09-08,ADBE,-0.47897205542630983
2025-09-08,AVGO,0.0
2025-09-08,QCOM,-0.27476563539850163
2025-09-08,INTC,-0.5279111862129999
2025-09-08,BTC-USD,-0.0913917750398403
2025-09-08,ETH-USD,-0.10830855046013976
2025-09-08,SOL-USD,-0.16735890695554978
2025-09-09,AAPL,-0.09203160537429023
2025-09-09,MSFT,-0.06797588452872905
2025-09-09,NVDA,-0.06770042179821634
2025-09-09,GOOGL,0.0
2025-09-09,AMZN,-0.015781178649747485
2025-09-09,META,-0.030759368118693287
2025-09-09,TSLA,-0.276934914740806
2025-09-09,AMD,-0.26284414928174404
2025-09-09,NFLX,-0.05666363799409346
2025-09-09,CRM,-0.3118632779362325
2025-09-09,ORCL,-0.05818351599649785
2025-09-09,ADBE,-0.48565451709103213
2025-09-09,AVGO,-0.02598000951045565
2025-09-09,QCOM,-0.281916632075493
2025-09-09,INTC,-0.5286825540511064
2025-09-09,BTC-USD,-0.09577692987856634
2025-09-09,ETH-USD,-0.10810793602410684
2025-09-09,SOL-USD,-0.15544662014717014
2025-09-10,AAPL,-0.12132217556339198
2025-09-10,MSFT,-0.06431070435601838
2025-09-10,NVDA,-0.0318299939478256
2025-09-10,GOOGL,-0.0019196029330572628
2025-09-10,AMZN,-0.04845904257558964
2025-09-10,META,-0.04812650037988031
2025-09-10,TSLA,-0.27522606768280844
2025-09-10,AMD,-0.24524557857503793
2025-09-10,NFLX,-0.06826813711112956
2025-09-10,CRM,-0.337771430798261
2025-09-10,ORCL,0.0
2025-09-10,ADBE,-0.49132006603149747
2025-09-10,AVGO,0.0
2025-09-10,QCOM,-0.28060409442939227
2025-09-10,INTC,-0.5223186130606909
2025-09-10,BTC-USD,-0.07611799818090148
2025-09-10,ETH-USD,-0.09980704630666293
2025-09-10,SOL-USD,-0.1292598284477896
2025-09-11,AAPL,-0.10876909100726706
2025-09-11,MSFT,-0.06311387208066077
2025-09-11,NVDA,-0.03264917123126865
2025-09-11,GOOGL,0.0
2025-09-11,AMZN,-0.05002892147604909
2025-09-11,META,-0.049493588578983894
2025-09-11,TSLA,-0.23142164627794415
2025-09-11,AMD,-0.26355381505811015
2025-09-11,NFLX,-0.10128214945052039
2025-09-11,CRM,-0.32764292129654693
2025-09-11,ORCL,-0.06234572230211799
2025-09-11,ADBE,-0.4907535333040025
2025-09-11,AVGO,-0.026896037476921042
2025-09-11,QCOM,-0.26901769620527305
2025-09-11,INTC,-0.5254041579783109
2025-09-11,BTC-USD,-0.06353385220711372
2025-09-11,ETH-USD,-0.0766070226978306
2025-09-11,SOL-USD,-0.11071947433870588
2025-09-12,AAPL,-0.09311640834210044
2025-09-12,MSFT,-0.04648969283510529
2025-09-12,NVDA,-0.029100043267993536
2025-09-12,GOOGL,0.0
2025-09-12,AMZN,-0.05746510700820029
2025-09-12,META,-0.043556920997460113
2025-09-12,TSLA,-0.17488431099057666
2025-09-12,AMD,-0.24983440410019486
2025-09-12,NFLX,-0.11252823285729174
2025-09-12,CRM,-0.33725274842739306
2025-09-12,ORCL,-0.11010254878178782
2025-09-12,ADBE,-0.49248225833537707
2025-09-12,AVGO,-0.02624671128617584
2025-09-12,QCOM,-0.26756937880267917
2025-09-12,INTC,-0.5356250485070496
2025-09-12,BTC-USD,-0.058717738237298644
2025-09-12,ETH-USD,-0.02403108280656463
2025-09-12,SOL-USD,-0.05805564828925891
2025-09-15,AAPL,-0.08292678440356882
2025-09-15,MSFT,-0.03627942066436418
2025-09-15,NVDA,-0.029482364972917896
2025-09-15,GOOGL,0.0
2025-09-15,AMZN,-0.04391475249948851
2025-09-15,META,-0.03202522212952985
2025-09-15,TSLA,-0.14550072716625462
2025-09-15,AMD,-0.23758160687215768
2025-09-15,NFLX,-0.10220812791800304
2025-09-15,CRM,-0.33790790843953655
2025-09-15,ORCL,-0.07976715148727975
2025-09-15,ADBE,-0.49576534630271674
2025-09-15,AVGO,-0.014828003558627345
2025-09-15,QCOM,-0.2703302338513738
2025-09-15,INTC,-0.5223186130606909
2025-09-15,BTC-USD,-0.06404189500406632
2025-09-15,ETH-USD,-0.06303174195384509
2025-09-15,SOL-USD,-0.08894433533899115
2025-09-16,AAPL,-0.07730885554532974
2025-09-16,MSFT,-0.0480978588894414
2025-09-16,NVDA,-0.04515254410541847
2025-09-16,GOOGL,-0.0017885610285952591
2025-09-16,AMZN,-0.03309094682154967
2025-09-16,META,-0.013924006248748122
2025-09-16,TSLA,-0.12136871590096499
2025-09-16,AMD,-0.24089316393560967
2025-09-16,NFLX,-0.10351491239524702
2025-09-16,CRM,-0.3466714311096807
2025-09-16,ORCL,-0.06603099570443138
2025-09-16,ADBE,-0.4875865980673959
2025-09-16,AVGO,-0.0258950484878
2025-09-16,QCOM,-0.2571145490476523
2025-09-16,INTC,-0.5126762759974797
2025-09-16,BTC-USD,-0.052705212299943516
2025-09-16,ETH-USD,-0.06784527563614984
2025-09-16,SOL-USD,-0.07871246628072048
2025-09-17,AAPL,-0.07405432796746891
2025-09-17,MSFT,-0.046265297571709496
2025-09-17,NVDA,-0.0702140742657823
2025-09-17,GOOGL,-0.008266804955461948
2025-09-17,AMZN,-0.04312981304925878
2025-09-17,META,-0.018075849153146972
2025-09-17,TSLA,-0.11253282550833588
2025-09-17,AMD,-0.24704323973146614
2025-09-17,NFLX,-0.08261331143755746
2025-09-17,CRM,-0.33760284324631806
2025-09-17,ORCL,-0.08199061168093102
2025-09-17,ADBE,-0.47401831879296197
2025-09-17,AVGO,-0.0633167201827447
2025-09-17,QCOM,-0.25204557913520564
2025-09-17,INTC,-0.5198116216085984
2025-09-17,BTC-USD,-0.05574289145454403
2025-09-17,ETH-USD,-0.049388949651537284
2025-09-17,SOL-USD,-0.04812641932986417
2025-09-18,AAPL,-0.07835497064884656
2025-09-18,MSFT,-0.04920107806389007
2025-09-18,NVDA,-0.03772683439883151
2025-09-18,GOOGL,0.0
2025-09-18,AMZN,-0.04474098132812354
2025-09-18,META,-0.012341727522247825
2025-09-18,TSLA,-0.13130909259267265
2025-09-18,AMD,-0.2529094780913882
2025-09-18,NFLX,-0.09808603389971116
2025-09-18,CRM,-0.3319417776198047
2025-09-18,ORCL,-0.09657960151065936
2025-09-18,ADBE,-0.46618825041535683
2025-09-18,AVGO,-0.06553561244159645
2025-09-18,QCOM,-0.2390559824306917
2025-09-18,INTC,-0.4104675178404791
2025-09-18,BTC-USD,-0.050321509193034686
2025-09-18,ETH-USD,-0.049971489505085676
2025-09-18,SOL-USD,-0.03732053062501883
2025-09-19,AAPL,-0.04883197658790828
2025-09-19,MSFT,-0.03147367964388592
2025-09-19,NVDA,-0.03537920542392392
2025-09-19,GOOGL,0.0
2025-09-19,AMZN,-0.04370817953302519
2025-09-19,META,-0.014708900897702937
2025-09-19,TSLA,-0.11209515206385723
2025-09-19,AMD,-0.2554168050241825
2025-09-19,NFLX,-0.08375584341238651
2025-09-19,CRM,-0.3242570301135411
2025-09-19,ORCL,-0.05990914760402699
2025-09-19,ADBE,-0.46845446999154305
2025-09-19,AVGO,-0.06664501690481406
2025-09-19,QCOM,-0.24484918154275126
2025-09-19,INTC,-0.42955934081172575
2025-09-19,BTC-USD,-0.06206381539443784
2025-09-19,ETH-USD,-0.07460269751122883
2025-09-19,SOL-USD,-0.07263587781169978
2025-09-22,AAPL,-0.00784076027587055
2025-09-22,MSFT,-0.03798102720786811
2025-09-22,NVDA,0.0
2025-09-22,GOOGL,-0.008597642682784512
2025-09-22,AMZN,-0.059613289355207155
2025-09-22,META,-0.03078931171767496
2025-09-22,TSLA,-0.09513190365943847
2025-09-22,AMD,-0.2440628744676243
2025-09-22,NFLX,-0.08345713516744624
2025-09-22,CRM,-0.3171465155444372
2025-09-22,ORCL,-0.00054815645142825
2025-09-22,ADBE,-0.47109840760812804
2025-09-22,AVGO,-0.08171526779872085
2025-09-22,QCOM,-0.23185986683150117
2025-09-22,INTC,-0.44537276771017664
2025-09-22,BTC-USD,-0.08590242994063857
2025-09-22,ETH-USD,-0.13008193760597953
2025-09-22,SOL-USD,-0.14282886515064264
2025-09-23,AAPL,-0.014233395815420935
2025-09-23,MSFT,-0.047742508851817744
2025-09-23,NVDA,-0.02821204324514892
2025-09-23,GOOGL,-0.012013192289334729
2025-09-23,AMZN,-0.08820123547906122
2025-09-23,META,-0.04315206181848252
2025-09-23,TSLA,-0.11255362167461669
2025-09-23,AMD,-0.23881166534324694
2025-09-23,NFLX,-0.09010323694223932
2025-09-23,CRM,-0.3311760214802256
2025-09-23,ORCL,-0.04416274013924748
2025-09-23,ADBE,-0.4744396162739375
2025-09-23,AVGO,-0.08130877227017175
2025-09-23,QCOM,-0.23271980528929126
2025-09-23,INTC,-0.4341876581881555
2025-09-23,BTC-USD,-0.09185332694875359
2025-09-23,ETH-USD,-0.1378175696202839
2025-09-23,SOL-USD,-0.1691825181981491
2025-09-24,AAPL,-0.022447209163090065
2025-09-24,MSFT,-0.046022145165783845
2025-09-24,NVDA,-0.03616377323270503
2025-09-24,GOOGL,-0.029758206427148104
2025-09-24,AMZN,-0.09026683906925781
2025-09-24,META,-0.036489300748698605
2025-09-24,TSLA,-0.07725165243666199
2025-09-24,AMD,-0.23890622969753839
2025-09-24,NFLX,-0.10094612403975245
2025-09-24,CRM,-0.32753872190098754
2025-09-24,ORCL,-0.06051822077308955
2025-09-24,ADBE,-0.4868021681370184
2025-09-24,AVGO,-0.08030586663546702
2025-09-24,QCOM,-0.21452559991246933
2025-09-24,INTC,-0.39793248701482387
2025-09-24,BTC-USD,-0.08119912288035758
2025-09-24,ETH-USD,-0.1403085237789251
2025-09-24,SOL-USD,-0.17680599974801747
2025-09-25,AAPL,-0.004779968705552751
2025-09-25,MSFT,-0.05185647955131989
2025-09-25,NVDA,-0.0322423470378046
2025-09-25,GOOGL,-0.035058137135977274
2025-09-25,AMZN,-0.09877717881213133
2025-09-25,META,-0.05137274335031017
2025-09-25,TSLA,-0.11768009925177048
2025-09-25,AMD,-0.23706121417743453
2025-09-25,NFLX,-0.09774254505577751
2025-09-25,CRM,-0.3410487037906611
2025-09-25,ORCL,-0.11269150928124483
2025-09-25,ADBE,-0.4855092375114092
2025-09-25,AVGO,-0.08900643759585314
2025-09-25,QCOM,-0.2320409065068254
2025-09-25,INTC,-0.3445138940742133
2025-09-25,BTC-USD,-0.11589348646190412
2025-09-25,ETH-USD,-0.19932625890359212
2025-09-25,SOL-USD,-0.25212743770015367
2025-09-26,AAPL,-0.010242790083327291
2025-09-26,MSFT,-0.04357249687371367
2025-09-26,NVDA,-0.029519157542301944
2025-09-26,GOOGL,-0.03211369781998574
2025-09-26,AMZN,-0.09204329093618069
2025-09-26,META,-0.05790874835601112
2025-09-26,TSLA,-0.08223230246249502
2025-09-26,AMD,-0.2456239803652639
2025-09-26,NFLX,-0.09597274285840607
2025-09-26,CRM,-0.33426635840030194
2025-09-26,ORCL,-0.1366612035902508
2025-09-26,ADBE,-0.4764879386472409
2025-09-26,AVGO,-0.09326197411828474
2025-09-26,QCOM,-0.23421338261071623
2025-09-26,INTC,-0.31539406851200047
2025-09-26,BTC-USD,-0.11051390799617944
2025-09-26,ETH-USD,-0.1646456825650996
2025-09-26,SOL-USD,-0.20170013503134487
2025-09-29,AAPL,-0.014233395815420935
2025-09-29,MSFT,-0.03770070574036444
2025-09-29,NVDA,-0.009585643684857703
2025-09-29,GOOGL,-0.041889176289122365
2025-09-29,AMZN,-0.08216970829652992
2025-09-29,META,-0.05835216185802983
2025-09-29,TSLA,-0.0763764327413824
2025-09-29,AMD,-0.2366354580235328
2025-09-29,NFLX,-0.09910909397111833
2025-09-29,CRM,-0.32969921809211256
2025-09-29,ORCL,-0.13879310069289008
2025-09-29,ADBE,-0.4778679838208999
2025-09-29,AVGO,-0.11123252644220916
2025-09-29,QCOM,-0.25186446896156545
2025-09-29,INTC,-0.33506444494877474
2025-09-29,BTC-USD,-0.07251001390926293
2025-09-29,ETH-USD,-0.12708808297696061
2025-09-29,SOL-USD,-0.17176338218521103
2025-09-30,AAPL,-0.013458511122464323
2025-09-30,MSFT,-0.031436165358825874
2025-09-30,NVDA,0.0
2025-09-30,GOOGL,-0.045618719342771064
2025-09-30,AMZN,-0.09291080914322059
2025-09-30,META,-0.06977750664771165
2025-09-30,TSLA,-0.07322966115858687
2025-09-30,AMD,-0.23460124160831586
2025-09-30,NFLX,-0.10470228194184172
2025-09-30,CRM,-0.3518511426625235
2025-09-30,ORCL,-0.14342277123309533
2025-09-30,ADBE,-0.4875575598847126
2025-09-30,AVGO,-0.10578450303713327
2025-09-30,QCOM,-0.24706691756547317
2025-09-30,INTC,-0.3529991977715632
2025-09-30,BTC-USD,-0.07530136736415671
2025-09-30,ETH-USD,-0.1418633109244819
2025-09-30,SOL-USD,-0.18851945284188665
2025-10-01,AAPL,-0.010281537284835829
2025-10-01,MSFT,-0.02814491975452771
2025-10-01,NVDA,0.0
2025-10-01,GOOGL,-0.0385521250443468
2025-10-01,AMZN,-0.0885317396179589
2025-10-01,META,-0.09136172162351397
2025-10-01,TSLA,-0.04251238802822577
2025-10-01,AMD,-0.2240988233595611
2025-10-01,NFLX,-0.12562633017180025
2025-10-01,CRM,-0.3554337333507167
2025-10-01,ORCL,-0.11975756650498037
2025-10-01,ADBE,-0.5006755034954878
2025-10-01,AVGO,-0.09635194012865855
2025-10-01,QCOM,-0.24647846812235352
2025-10-01,INTC,-0.3069088383798443
2025-10-01,BTC-USD,-0.03806533299890291
2025-10-01,ETH-USD,-0.09940005671779417
2025-10-01,SOL-USD,-0.1382438854480531
2025-10-02,AAPL,-0.003772422791899044
2025-10-02,MSFT,-0.035568950738105065
2025-10-02,NVDA,0.0
2025-10-02,GOOGL,-0.03545074906476142
2025-10-02,AMZN,-0.08117819587983699
2025-10-02,META,-0.0790622719806574
2025-10-02,TSLA,-0.09140163108084354
2025-10-02,AMD,-0.19703854760701656
2025-10-02,NFLX,-0.1318766420977283
2025-10-02,CRM,-0.3467097273334121
2025-10-02,ORCL,-0.12045801475049434
2025-10-02,ADBE,-0.48940248197992353
2025-10-02,AVGO,-0.08336874961042096
2025-10-02,QCOM,-0.2357974092714873
2025-10-02,INTC,-0.28068166979747866
2025-10-02,BTC-USD,-0.021588430229464883
2025-10-02,ETH-USD,-0.07108259634899916
2025-10-02,SOL-USD,-0.08700327458722457
2025-10-03,AAPL,-0.0003242185437104528
2025-10-03,MSFT,-0.03255825675029855
2025-10-03,NVDA,-0.006723587692724298
2025-10-03,GOOGL,-0.03678546145475181
2025-10-03,AMZN,-0.09315873452530787
2025-10-03,META,-0.09994987162263747
2025-10-03,TSLA,-0.10425957634838656
2025-10-03,AMD,-0.2209764671912221
2025-10-03,NFLX,-0.138754224246199
2025-10-03,CRM,-0.342662195238862
2025-10-03,ORCL,-0.12849864544909817
2025-10-03,ADBE,-0.49628834392273835
2025-10-03,AVGO,-0.08285375527535865
2025-10-03,QCOM,-0.2343039024483783
2025-10-03,INTC,-0.2897454166125656
2025-10-03,BTC-USD,-0.008735979893641055
2025-10-03,ETH-USD,-0.06550511076645626
2025-10-03,SOL-USD,-0.09421414058872346
2025-10-06,AAPL,-0.005477240321061783
2025-10-06,MSFT,-0.01157683932482112
2025-10-06,NVDA,-0.017735119488160977
2025-10-06,GOOGL,-0.016842072767561
2025-10-06,AMZN,-0.08741635906605028
2025-10-06,META,-0.09348981165165948
2025-10-06,TSLA,-0.05545364515456952
2025-10-06,AMD,-0.036285353353064265
2025-10-06,NFLX,-0.13129415247417942
2025-10-06,CRM,-0.3278395787179721
2025-10-06,ORCL,-0.11189949794471887
2025-10-06,ADBE,-0.49134910421418065
2025-10-06,AVGO,-0.09065991940755314
2025-10-06,QCOM,-0.23683838740460172
2025-10-06,INTC,-0.2943737707715922
2025-10-06,BTC-USD,0.0
2025-10-06,ETH-USD,-0.029717819877949636
2025-10-06,SOL-USD,-0.09610317951243985
2025-10-07,AAPL,-0.006290812878312013
2025-10-07,MSFT,-0.020160245835943114
2025-10-07,NVDA,-0.020382269479885307
2025-10-07,GOOGL,-0.03517591470861703
2025-10-07,AMZN,-0.08378087657539446
2025-10-07,META,-0.09675777536746455
2025-10-07,TSLA,-0.09746590764263563
2025-10-07,AMD,0.0
2025-10-07,NFLX,-0.11057173088523597
2025-10-07,CRM,-0.3443577921073925
2025-10-07,ORCL,-0.13428554560979422
2025-10-07,ADBE,-0.494007583088659
2025-10-07,AVGO,-0.0881662801709181
2025-10-07,QCOM,-0.25114023976195254
2025-10-07,INTC,-0.28318869803216784
2025-10-07,BTC-USD,-0.026461574802715715
2025-10-07,ETH-USD,-0.07869371602819397
2025-10-07,SOL-USD,-0.1428822512911735
2025-10-08,AAPL,-0.00016922973767607985
2025-10-08,MSFT,-0.018533322639077032
2025-10-08,NVDA,0.0
2025-10-08,GOOGL,-0.039651402408968806
2025-10-08,AMZN,-0.0695695137888871
2025-10-08,META,-0.0907284067476426
2025-10-08,TSLA,-0.08579582412981068
2025-10-08,AMD,0.0
2025-10-08,NFLX,-0.09325451492128312
2025-10-08,CRM,-0.3424707982877294
2025-10-08,ORCL,-0.12091479612547129
2025-10-08,ADBE,-0.4933393502221177
2025-10-08,AVGO,-0.0635280511914369
2025-10-08,QCOM,-0.24068548050524174
2025-10-08,INTC,-0.2781746415627896
2025-10-08,BTC-USD,-0.011203492614503596
2025-10-08,ETH-USD,-0.06286043642786243
2025-10-08,SOL-USD,-0.10937817721683563
2025-10-09,AAPL,-0.015744477337040763
2025-10-09,MSFT,-0.02311466839615961
2025-10-09,NVDA,0.0
2025-10-09,GOOGL,-0.05178237227094318
2025-10-09,AMZN,-0.05915885404387511
2025-10-09,META,-0.07087960175323649
2025-10-09,TSLA,-0.09236022623176265
2025-10-09,AMD,-0.011334684142544682
2025-10-09,NFLX,-0.08069412663132991
2025-10-09,CRM,-0.3290702341801456
2025-10-09,ORCL,-0.09397456576627139
2025-10-09,ADBE,-0.49522785175790507
2025-10-09,AVGO,-0.06482912021301113
2025-10-09,QCOM,-0.25023511188364733
2025-10-09,INTC,-0.2710393327342674
2025-10-09,BTC-USD,-0.024423915747200486
2025-10-09,ETH-USD,-0.09566792075113284
2025-10-09,SOL-USD,-0.14090601500459
2025-10-10,AAPL,-0.04972304354817558
2025-10-10,MSFT,-0.044507534675109595
2025-10-10,NVDA,-0.04886528340035956
2025-10-10,GOOGL,-0.07125465066757541
2025-10-10,AMZN,-0.10613072255025369
2025-10-10,META,-0.10661255511833079
2025-10-10,TSLA,-0.13831116813910305
2025-10-10,AMD,-0.08770590879705831
2025-10-10,NFLX,-0.08890094052931352
2025-10-10,CRM,-0.33905229218890864
2025-10-10,ORCL,-0.10617840288023261
2025-10-10,ADBE,-0.509696802359656
2025-10-10,AVGO,-0.12009584561236497
2025-10-10,QCOM,-0.30486305843126016
2025-10-10,INTC,-0.2986164226202671
2025-10-10,BTC-USD,-0.09248841644245198
2025-10-10,ETH-USD,-0.20456810693345728
2025-10-10,SOL-USD,-0.26657675254242597
2025-10-13,AAPL,-0.040463174434204885
2025-10-13,MSFT,-0.03872912649368132
2025-10-13,NVDA,-0.022069793863497833
2025-10-13,GOOGL,-0.04149662442029378
2025-10-13,AMZN,-0.090845205553024
2025-10-13,META,-0.09343907819638997
2025-10-13,TSLA,-0.091610037921523
2025-10-13,AMD,-0.08125318215325361
2025-10-13,NFLX,-0.08968505679387784
2025-10-13,CRM,-0.3197171600833494
2025-10-13,ORCL,-0.06026092284690898
2025-10-13,ADBE,-0.5070674060009643
2025-10-13,AVGO,-0.033170551790597025
2025-10-13,QCOM,-0.26779574889515034
2025-10-13,INTC,-0.28222440547369176
2025-10-13,BTC-USD,-0.07600209013795056
2025-10-13,ETH-USD,-0.12126652491934486
2025-10-13,SOL-USD,-0.18998045355441362
2025-10-14,AAPL,-0.040037014554825556
2025-10-14,MSFT,-0.03962676508451124
2025-10-14,NVDA,-0.0651191602547525
2025-10-14,GOOGL,-0.03639296964587868
2025-10-14,AMZN,-0.10604808075622452
2025-10-14,META,-0.10236917478699314
2025-10-14,TSLA,-0.10548909403250506
2025-10-14,AMD,-0.07416370097540659
2025-10-14,NFLX,-0.0924330814908908
2025-10-14,CRM,-0.3442757708545875
2025-10-14,ORCL,-0.08775043774490077
2025-10-14,ADBE,-0.5119775631937356
2025-10-14,AVGO,-0.06724134367855283
2025-10-14,QCOM,-0.2679767180721587
2025-10-14,INTC,-0.3128870402773114
2025-10-14,BTC-USD,-0.09325556019529668
2025-10-14,ETH-USD,-0.14611583164234399
2025-10-14,SOL-USD,-0.2129434934988731
2025-10-15,AAPL,-0.03395417861569838
2025-10-15,MSFT,-0.039888559558472925
2025-10-15,NVDA,-0.06615775374055688
2025-10-15,GOOGL,-0.014486521314767908
2025-10-15,AMZN,-0.10943563786479305
2025-10-15,META,-0.09109564249266655
2025-10-15,TSLA,-0.09317299383136102
2025-10-15,AMD,0.0
2025-10-15,NFLX,-0.10143893851976993
2025-10-15,CRM,-0.3529997768718921
2025-10-15,ORCL,-0.07365479812218578
2025-10-15,ADBE,-0.5196914345075044
2025-10-15,AVGO,-0.047725891681858146
2025-10-15,QCOM,-0.2624098185542544
2025-10-15,INTC,-0.28357432677732586
2025-10-15,BTC-USD,-0.11197662321981938
2025-10-15,ETH-USD,-0.17466948140006033
2025-10-15,SOL-USD,-0.24574773458878552
2025-10-16,AAPL,-0.041276865665885176
2025-10-16,MSFT,-0.04329200279446899
2025-10-16,NVDA,-0.05587586885700069
2025-10-16,GOOGL,-0.012798356086947349
2025-10-16,AMZN,-0.11397999097811307
2025-10-16,META,-0.09803704969597937
2025-10-16,TSLA,-0.1065102048759442
2025-10-16,AMD,-0.01693213931926374
2025-10-16,NFLX,-0.11614999198962828
2025-10-16,CRM,-0.3272379492515278
2025-10-16,ORCL,-0.04503644380235383
2025-10-16,ADBE,-0.5217252156229146
2025-10-16,AVGO,-0.04008239242701661
2025-10-16,QCOM,-0.2573861085606387
2025-10-16,INTC,-0.2895526022399866
2025-10-16,BTC-USD,-0.13279483808069026
2025-10-16,ETH-USD,-0.19385772161427006
2025-10-16,SOL-USD,-0.28202907432940494
2025-10-17,AAPL,-0.02252470356610714
2025-10-17,MSFT,-0.03960806547922835
2025-10-17,NVDA,-0.04855376889658736
2025-10-17,GOOGL,-0.005574705005018443
2025-10-17,AMZN,-0.119887650025429
2025-10-17,META,-0.09189380231111832
2025-10-17,TSLA,-0.08450379075317227
2025-10-17,AMD,-0.02313497121230612
2025-10-17,NFLX,-0.10437371996423928
2025-10-17,CRM,-0.3352235114910136
2025-10-17,ORCL,-0.11121268075484836
2025-10-17,ADBE,-0.5158708076622498
2025-10-17,AVGO,-0.05314691538393079
2025-10-17,QCOM,-0.2602374834469954
2025-10-17,INTC,-0.28627424294978776
2025-10-17,BTC-USD,-0.14656810570727397
2025-10-17,ETH-USD,-0.20673105396255453
2025-10-17,SOL-USD,-0.2923470137097982
2025-10-20,AAPL,0.0
2025-10-20,MSFT,-0.033605434646145405
2025-10-20,NVDA,-0.051565658234435596
2025-10-20,GOOGL,0.0
2025-10-20,AMZN,-0.10567628723892186
2025-10-20,META,-0.07257700043022586
2025-10-20,TSLA,-0.0675821982781536
2025-10-20,AMD,0.0
2025-10-20,NFLX,-0.07510093866060652
2025-10-20,CRM,-0.3045937288292372
2025-10-20,ORCL,-0.15432338542026047
2025-10-20,ADBE,-0.5011403804170398
2025-10-20,AVGO,-0.053390746035126946
2025-10-20,QCOM,-0.24398945457990895
2025-10-20,INTC,-0.2652539452093795
2025-10-20,BTC-USD,-0.11353358060620511
2025-10-20,ETH-USD,-0.17605609604105354
2025-10-20,SOL-USD,-0.26235183269875006
2025-10-21,AAPL,0.0
2025-10-21,MSFT,-0.03197851144927921
2025-10-21,NVDA,-0.05925113883094213
2025-10-21,GOOGL,-0.023737947495257594
2025-10-21,AMZN,-0.08274807478029611
2025-10-21,META,-0.07118353704030955
2025-10-21,TSLA,-0.07764760635490142
2025-10-21,AMD,-0.010517121736670187
2025-10-21,NFLX,-0.07301750135196383
2025-10-21,CRM,-0.279624969710212
2025-10-21,ORCL,-0.1605168670682532
2025-10-21,ADBE,-0.480584583393848
2025-10-21,AVGO,-0.07122579984953503
2025-10-21,QCOM,-0.23588792910914946
2025-10-21,INTC,-0.2648682428990278
2025-10-21,BTC-USD,-0.1304634099358204
2025-10-21,ETH-USD,-0.19758136810353766
2025-10-21,SOL-USD,-0.2782297606616274
2025-10-22,AAPL,-0.016440258601536528
2025-10-22,MSFT,-0.026592910053287566
2025-10-22,NVDA,-0.06382099782495843
2025-10-22,GOOGL,-0.018943511452566897
2025-10-22,AMZN,-0.09960340764076636
2025-10-22,META,-0.07100628024322886
2025-10-22,TSLA,-0.0852123231340115
2025-10-22,AMD,-0.042941477950998674
2025-10-22,NFLX,-0.16634676455044728
2025-10-22,CRM,-0.29813951053386034
2025-10-22,ORCL,-0.16811378340384198
2025-10-22,ADBE,-0.4856109376504555
2025-10-22,AVGO,-0.07762256281847568
2025-10-22,QCOM,-0.23389656317889873
2025-10-22,INTC,-0.2880098665637735
2025-10-22,BTC-USD,-0.13678235737200728
2025-10-22,ETH-USD,-0.2117889633155533
2025-10-22,SOL-USD,-0.2996813203317913
2025-10-23,AAPL,-0.0121399857648391
2025-10-23,MSFT,-0.02655562591721561
2025-10-23,NVDA,-0.05405825082938165
2025-10-23,GOOGL,-0.013525508318690482
2025-10-23,AMZN,-0.08663141961582055
2025-10-23,META,-0.0702588538800466
2025-10-23,TSLA,-0.06435205123971866
2025-10-23,AMD,-0.023154273869132824
2025-10-23,NFLX,-0.16842273842592448
2025-10-23,CRM,-0.3024878994453949
2025-10-23,ORCL,-0.14550587855725894
2025-10-23,ADBE,-0.48556735820987895
2025-10-23,AVGO,-0.06680768178216712
2025-10-23,QCOM,-0.23045680934773827
2025-10-23,INTC,-0.2640968382783243
2025-10-23,BTC-USD,-0.1176954450573523
2025-10-23,ETH-USD,-0.20187370851298514
2025-10-23,SOL-USD,-0.25598571339425036
2025-10-24,AAPL,0.0
2025-10-24,MSFT,-0.02085195861967226
2025-10-24,NVDA,-0.0327673226527756
2025-10-24,GOOGL,0.0
2025-10-24,AMZN,-0.07374201034768535
2025-10-24,META,-0.06473619922019425
2025-10-24,TSLA,-0.0961530145028775
2025-10-24,AMD,0.0
2025-10-24,NFLX,-0.18253637540590262
2025-10-24,CRM,-0.3030895709956015
2025-10-24,ORCL,-0.13555962627969764
2025-10-24,ADBE,-0.48643899135451285
2025-10-24,AVGO,-0.04013655849785658
2025-10-24,QCOM,-0.23539007000200785
2025-10-24,INTC,-0.26178269798140774
2025-10-24,BTC-USD,-0.10996658133940673
2025-10-24,ETH-USD,-0.18561716782544668
2025-10-24,SOL-USD,-0.24754233936169634
2025-10-27,AAPL,0.0
2025-10-27,MSFT,-0.006060398229095543
2025-10-27,NVDA,-0.005608293624897787
2025-10-27,GOOGL,0.0
2025-10-27,AMZN,-0.06233990122319921
2025-10-27,META,-0.04895344018595438
2025-10-27,TSLA,-0.057183288378847896
2025-10-27,AMD,0.0
2025-10-27,NFLX,-0.18263345700982736
2025-10-27,CRM,-0.30133930731978875
2025-10-27,ORCL,-0.14144814831039776
2025-10-27,ADBE,-0.4802214066113425
2025-10-27,AVGO,-0.018669627967425884
2025-10-27,QCOM,-0.1505741805839741
2025-10-27,INTC,-0.23748396738560706
2025-10-27,BTC-USD,-0.0852343677395323
2025-10-27,ETH-USD,-0.14721077209573463
2025-10-27,SOL-USD,-0.22739951126767888
2025-10-28,AAPL,0.0
2025-10-28,MSFT,0.0
2025-10-28,NVDA,0.0
2025-10-28,GOOGL,-0.006684694323719653
2025-10-28,AMZN,-0.05292075389488038
2025-10-28,META,-0.04816808009245588
2025-10-28,TSLA,-0.04024089973754841
2025-10-28,AMD,-0.006392743005619872
2025-10-28,NFLX,-0.17670424362833603
2025-10-28,CRM,-0.3046483956365198
2025-10-28,ORCL,-0.143187188988664
2025-10-28,ADBE,-0.4771561715137822
2025-10-28,AVGO,0.0
2025-10-28,QCOM,-0.1806716741150487
2025-10-28,INTC,-0.19910750707053448
2025-10-28,BTC-USD,-0.09455813897563703
2025-10-28,ETH-USD,-0.17574516893150427
2025-10-28,SOL-USD,-0.24411139006358173
2025-10-29,AAPL,0.0
2025-10-29,MSFT,-0.0009593816364750207
2025-10-29,NVDA,0.0
2025-10-29,GOOGL,0.0
2025-10-29,AMZN,-0.048582973748023894
2025-10-29,META,-0.0478767118080643
2025-10-29,TSLA,-0.03824027038323197
2025-10-29,AMD,0.0
2025-10-29,NFLX,-0.17826495575152668
2025-10-29,CRM,-0.3123058728647856
2025-10-29,ORCL,-0.1600591456204734
2025-10-29,ADBE,-0.5091883903306309
2025-10-29,AVGO,0.0
2025-10-29,QCOM,-0.1913528034642309
2025-10-29,INTC,-0.20277156867108526
2025-10-29,BTC-USD,-0.11781104892410754
2025-10-29,ETH-USD,-0.1920779633177767
2025-10-29,SOL-USD,-0.2442354831813487
2025-10-30,AAPL,0.0
2025-10-30,MSFT,-0.03008843770870462
2025-10-30,NVDA,-0.020044482387303164
2025-10-30,GOOGL,0.0
2025-10-30,AMZN,-0.0793191652561035
2025-10-30,META,-0.1557976315388946
2025-10-30,TSLA,-0.08285745938769473
2025-10-30,AMD,-0.035902056960837814
2025-10-30,NFLX,-0.18678540476078154
2025-10-30,CRM,-0.29811224025586236
2025-10-30,ORCL,-0.21622807256685184
2025-10-30,ADBE,-0.5071836473979039
2025-10-30,AVGO,-0.024638602133459364
2025-10-30,QCOM,-0.19773438152109424
2025-10-30,INTC,-0.22552749002547934
2025-10-30,BTC-USD,-0.1318368790613217
2025-10-30,ETH-USD,-0.21256453771460437
2025-10-30,SOL-USD,-0.28227992987196593
2025-10-31,AAPL,-0.0037950437130892523
2025-10-31,MSFT,-0.04475434165315839
2025-10-31,NVDA,-0.021976421054622386
2025-10-31,GOOGL,-0.0010302608414355374
2025-10-31,AMZN,0.0
2025-10-31,META,-0.17874978802879737
2025-10-31,TSLA,-0.04855580482689836
2025-10-31,AMD,-0.031059629524225696
2025-10-31,NFLX,-0.16448734418231648
2025-10-31,CRM,-0.28782936751387733
2025-10-31,ORCL,-0.19877642004107365
2025-10-31,ADBE,-0.5056292401288356
2025-10-31,AVGO,-0.04235965489835236
2025-10-31,QCOM,-0.18125998256153653
2025-10-31,INTC,-0.22880584931567816
2025-10-31,BTC-USD,-0.12181209499506651
2025-10-31,ETH-USD,-0.20372537470430852
2025-10-31,SOL-USD,-0.2722306414143104
2025-11-03,AAPL,-0.00865876252637543
2025-11-03,MSFT,-0.04619324382359047
2025-11-03,NVDA,-0.0007728197926972769
2025-11-03,GOOGL,0.0
2025-11-03,AMZN,0.0
2025-11-03,META,-0.19222712266372055
2025-11-03,TSLA,-0.023944464187729775
2025-11-03,AMD,-0.017705114491434304
2025-11-03,NFLX,-0.17850389955836987
2025-11-03,CRM,-0.2852859090854384
2025-11-03,ORCL,-0.21329918174183082
2025-11-03,ADBE,-0.5097549230581259
2025-11-03,AVGO,-0.060702638730534164
2025-11-03,QCOM,-0.18207459060217968
2025-11-03,INTC,-0.23825537200631042
2025-11-03,BTC-USD,-0.14592896536918964
2025-11-03,ETH-USD,-0.25438870608438824
2025-11-03,SOL-USD,-0.35432903468129784
2025-11-04,AAPL,-0.005011001631509915
2025-11-04,MSFT,-0.051174229313212805
2025-11-04,NVDA,-0.04033046634255655
2025-11-04,GOOGL,-0.021782042187372896
2025-11-04,AMZN,-0.018425168014886806
2025-11-04,META,-0.20538803258297988
2025-11-04,TSLA,-0.07418825630950598
2025-11-04,AMD,-0.054023320266025854
2025-11-04,NFLX,-0.18382828998958767
2025-11-04,CRM,-0.3041561418684028
2025-11-04,ORCL,-0.24283288494994204
2025-11-04,ADBE,-0.5128346550804761
2025-11-04,AVGO,-0.08819106792924192
2025-11-04,QCOM,-0.2177389836511585
2025-11-04,INTC,-0.2858885406394359
2025-11-04,BTC-USD,-0.18566363007163433
2025-11-04,ETH-USD,-0.3184978536781975
2025-11-04,SOL-USD,-0.3958763240059441
2025-11-05,AAPL,-0.004642399574561473
2025-11-05,MSFT,-0.0644012310872345
2025-11-05,NVDA,-0.057138724292531196
2025-11-05,GOOGL,0.0
2025-11-05,AMZN,-0.014960641936054397
2025-11-05,META,-0.19445660202831427
2025-11-05,TSLA,-0.037073268391633274
2025-11-05,AMD,-0.030265200341970555
2025-11-05,NFLX,-0.17972112283762687
2025-11-05,CRM,-0.3089693880187696
2025-11-05,ORCL,-0.23630370330399852
2025-11-05,ADBE,-0.5125731784370169
2025-11-05,AVGO,-0.06995171272392264
2025-11-05,QCOM,-0.18660058248528555
2025-11-05,INTC,-0.2598541864296494
2025-11-05,BTC-USD,-0.16721660958282158
2025-11-05,ETH-USD,-0.2910527881768261
2025-11-05,SOL-USD,-0.36803088423820474
2025-11-06,AAPL,-0.00600586603200004
2025-11-06,MSFT,-0.08295977692305156
2025-11-06,NVDA,-0.0915764489503067
2025-11-06,GOOGL,0.0
2025-11-06,AMZN,-0.043149632731760534
2025-11-06,META,-0.21600280569970975
2025-11-06,TSLA,-0.07074976602723015
2025-11-06,AMD,-0.10074524638445825
2025-11-06,NFLX,-0.18079642694119336
2025-11-06,CRM,-0.34564311437684847
2025-11-06,ORCL,-0.25616570249666415
2025-11-06,ADBE,-0.5244563121206527
2025-11-06,AVGO,-0.07873457737601486
2025-11-06,QCOM,-0.2161096265732404
2025-11-06,INTC,-0.28183870316334014
2025-11-06,BTC-USD,-0.1879820950526806
2025-11-06,ETH-USD,-0.3144237635834165
2025-11-06,SOL-USD,-0.3971874282994474
2025-11-07,AAPL,-0.010795774145579085
2025-11-07,MSFT,-0.08347624914588248
2025-11-07,NVDA,-0.09123853883351107
2025-11-07,GOOGL,-0.020790126454832247
2025-11-07,AMZN,-0.03775589109405775
2025-11-07,META,-0.21249412958069192
2025-11-07,TSLA,-0.10490559303670577
2025-11-07,AMD,-0.11648316441659212
2025-11-07,NFLX,-0.17583802959895045
2025-11-07,CRM,-0.34397491403760283
2025-11-07,ORCL,-0.27001734622336093
2025-11-07,ADBE,-0.5250373861060409
2025-11-07,AVGO,-0.09469402313730135
2025-11-07,QCOM,-0.22656445632826727
2025-11-07,INTC,-0.26467535496125505
2025-11-07,BTC-USD,-0.1713802901293836
2025-11-07,ETH-USD,-0.28895608939096284
2025-11-07,SOL-USD,-0.37136591643716554
2025-11-10,AAPL,-0.006296368694151067
2025-11-10,MSFT,-0.06654130716343964
2025-11-10,NVDA,-0.038591566401775856
2025-11-10,GOOGL,0.0
2025-11-10,AMZN,-0.0220472681240772
2025-11-10,META,-0.1997639885866792
2025-11-10,TSLA,-0.07216683078890862
2025-11-10,AMD,-0.07698706873411454
2025-11-10,NFLX,-0.16358375601433084
2025-11-10,CRM,-0.33897018676857893
2025-11-10,ORCL,-0.2652271582520437
2025-11-10,ADBE,-0.5222772514256195
2025-11-10,AVGO,-0.07148025488340948
2025-11-10,QCOM,-0.22348685234607113
2025-11-10,INTC,-0.2585042651260153
2025-11-10,BTC-USD,-0.15034514580240232
2025-11-10,ETH-USD,-0.26139464730365103
2025-11-10,SOL-USD,-0.34936744541623044
2025-11-11,AAPL,0.0
2025-11-11,MSFT,-0.06159721660126427
2025-11-11,NVDA,-0.06704021470220756
2025-11-11,GOOGL,0.0
2025-11-11,AMZN,-0.01929131455308819
2025-11-11,META,-0.20569196787005284
2025-11-11,TSLA,-0.08385777406485295
2025-11-11,AMD,-0.10142618568353423
2025-11-11,NFLX,-0.15135945010791796
2025-11-11,CRM,-0.33134010606959796
2025-11-11,ORCL,-0.27950592405678276
2025-11-11,ADBE,-0.5159289283607197
2025-11-11,AVGO,-0.08813921378928224
2025-11-11,QCOM,-0.21257942340273372
2025-11-11,INTC,-0.2694965234928607
2025-11-11,BTC-USD,-0.1743857401690998
2025-11-11,ETH-USD,-0.29309961128300055
2025-11-11,SOL-USD,-0.3991217861246811
2025-11-12,AAPL,-0.006466769865795197
2025-11-12,MSFT,-0.05705902700243248
2025-11-12,NVDA,-0.06394908328398397
2025-11-12,GOOGL,-0.015790653915050967
2025-11-12,AMZN,-0.038582689180148844
2025-11-12,META,-0.22858082390200474
2025-11-12,TSLA,-0.10265490091230933
2025-11-12,AMD,-0.020580230016169154
2025-11-12,NFLX,-0.1356327999998177
2025-11-12,CRM,-0.3271831982767204
2025-11-12,ORCL,-0.307453113398914
2025-11-12,ADBE,-0.5103650795593007
2025-11-12,AVGO,-0.07969320191428597
2025-11-12,QCOM,-0.2004046462338107
2025-11-12,INTC,-0.2693037091202817
2025-11-12,BTC-USD,-0.18508116443529077
2025-11-12,ETH-USD,-0.2935524844758789
2025-11-12,SOL-USD,-0.4041999351299075
2025-11-13,AAPL,-0.00835594983294996
2025-11-13,MSFT,-0.07154056983250501
2025-11-13,NVDA,-0.09746911675880521
2025-11-13,GOOGL,-0.04373332941212926
2025-11-13,AMZN,-0.06464566208246181
2025-11-13,META,-0.22746616179379842
2025-11-13,TSLA,-0.16227649208995243
2025-11-13,AMD,-0.061930090001056426
2025-11-13,NFLX,-0.1380747099914974
2025-11-13,CRM,-0.3424707982877294
2025-11-13,ORCL,-0.3361934421649351
2025-11-13,ADBE,-0.5153768925580147
2025-11-13,AVGO,-0.1191771425039384
2025-11-13,QCOM,-0.21022590762351867
2025-11-13,INTC,-0.307487355062775
2025-11-13,BTC-USD,-0.2008379213748418
2025-11-13,ETH-USD,-0.33087894793545003
2025-11-13,SOL-USD,-0.435896591757607
2025-11-14,AAPL,-0.010317837603230573
2025-11-14,MSFT,-0.058830097042741
2025-11-14,NVDA,-0.0814819198140917
2025-11-14,GOOGL,-0.05114818632931706
2025-11-14,AMZN,-0.07602361243540845
2025-11-14,META,-0.22801080948408425
2025-11-14,TSLA,-0.1573583577566393
2025-11-14,AMD,-0.06628074718598798
2025-11-14,NFLX,-0.16948311566315966
2025-11-14,CRM,-0.3336373324045727
2025-11-14,ORCL,-0.32008416659819816
2025-11-14,ADBE,-0.51899416345828
2025-11-14,AVGO,-0.11275192867929018
2025-11-14,QCOM,-0.21257942340273372
2025-11-14,INTC,-0.31500836620164885
2025-11-14,BTC-USD,-0.24331964957624863
2025-11-14,ETH-USD,-0.35757365480693415
2025-11-14,SOL-USD,-0.4609002279469565
2025-11-17,AAPL,-0.02830145677976914
2025-11-17,MSFT,-0.06379257830721308
2025-11-17,NVDA,-0.09872486581112017
2025-11-17,GOOGL,-0.021592110397300246
2025-11-17,AMZN,-0.08318899560162396
2025-11-17,META,-0.23744762003465703
2025-11-17,TSLA,-0.14783473114945178
2025-11-17,AMD,-0.09007673555529527
2025-11-17,NFLX,-0.17640553538339598
2025-11-17,CRM,-0.35176916349348086
2025-11-17,ORCL,-0.3292067270857725
2025-11-17,ADBE,-0.527768482603779
2025-11-17,AVGO,-0.11225967278842885
2025-11-17,QCOM,-0.2453017807310619
2025-11-17,INTC,-0.33062897872752073
2025-11-17,BTC-USD,-0.26178752385034276
2025-11-17,ETH-USD,-0.37397628525129156
2025-11-17,SOL-USD,-0.49133258213101816
2025-11-18,AAPL,-0.028374275756905987
2025-11-18,MSFT,-0.08906594417695302
2025-11-18,NVDA,-0.12403406760448166
2025-11-18,GOOGL,-0.024132315430760887
2025-11-18,AMZN,-0.1238188856230007
2025-11-18,META,-0.24291969638742117
2025-11-18,TSLA,-0.16381858823667084
2025-11-18,AMD,-0.12877840205551772
2025-11-18,NFLX,-0.14802893578735576
2025-11-18,CRM,-0.3614230102397369
2025-11-18,ORCL,-0.32728456022548214
2025-11-18,ADBE,-0.5286401157484129
2025-11-18,AVGO,-0.1178298907016686
2025-11-18,QCOM,-0.25295070701351086
2025-11-18,INTC,-0.33795710192862194
2025-11-18,BTC-USD,-0.2549339554983979
2025-11-18,ETH-USD,-0.3536009836474474
2025-11-18,SOL-USD,-0.45297843650738856
2025-11-19,AAPL,-0.024305084610092953
2025-11-19,MSFT,-0.10137068628765389
2025-11-19,NVDA,-0.09911131264561024
2025-11-19,GOOGL,0.0
2025-11-19,AMZN,-0.12326770692359745
2025-11-19,META,-0.2522551176015456
2025-11-19,TSLA,-0.15810860966371776
2025-11-19,AMD,-0.1542767963988032
2025-11-19,NFLX,-0.17857112742963233
2025-11-19,CRM,-0.37679258941978877
2025-11-19,ORCL,-0.3119075543686405
2025-11-19,ADBE,-0.537879356148567
2025-11-19,AVGO,-0.0817658541045937
2025-11-19,QCOM,-0.24819848603456562
2025-11-19,INTC,-0.3229150796508743
2025-11-19,BTC-USD,-0.26682055048482234
2025-11-19,ETH-USD,-0.37428013779634595
2025-11-19,SOL-USD,-0.4683239266953718
2025-11-20,AAPL,-0.03269749951861656
2025-11-20,MSFT,-0.115749945026558
2025-11-20,NVDA,-0.12751164585719532
2025-11-20,GOOGL,-0.011475132840838342
2025-11-20,AMZN,-0.1451181126391794
2025-11-20,META,-0.2537370930288664
2025-11-20,TSLA,-0.17636389144477516
2025-11-20,AMD,-0.22059541203004318
2025-11-20,NFLX,-0.2109055685415493
2025-11-20,CRM,-0.383656956062953
2025-11-20,ORCL,-0.35718437478672094
2025-11-20,ADBE,-0.546174301447724
2025-11-20,AVGO,-0.1014560100859887
2025-11-20,QCOM,-0.2777074596242045
2025-11-20,INTC,-0.3516492764679291
2025-11-20,BTC-USD,-0.3055700147366749
2025-11-20,ETH-USD,-0.41387430237214196
2025-11-20,SOL-USD,-0.480957400944389
2025-11-21,AAPL,-0.013660395414827997
2025-11-21,MSFT,-0.12741231806969378
2025-11-21,NVDA,-0.13601236807173445
2025-11-21,GOOGL,0.0
2025-11-21,AMZN,-0.13114172267162894
2025-11-21,META,-0.2472770330578884
2025-11-21,TSLA,-0.1849914385935636
2025-11-21,AMD,-0.22906968890725865
2025-11-21,NFLX,-0.22106142097842296
2025-11-21,CRM,-0.3788983767198687
2025-11-21,ORCL,-0.39358291263508616
2025-11-21,ADBE,-0.5290468719714949
2025-11-21,AVGO,-0.11860706557660927
2025-11-21,QCOM,-0.2609163117311454
2025-11-21,INTC,-0.334678742638423
2025-11-21,BTC-USD,-0.31792416035646576
2025-11-21,ETH-USD,-0.42755130524704277
2025-11-21,SOL-USD,-0.5004594173982347
2025-11-24,AAPL,0.0
2025-11-24,MSFT,-0.1239376105641643
2025-11-24,NVDA,-0.118286345062523
2025-11-24,GOOGL,0.0
2025-11-24,AMZN,-0.10913386307363437
2025-11-24,META,-0.22346357143976425
2025-11-24,TSLA,-0.12937104252771492
2025-11-24,AMD,-0.18643357176214692
2025-11-24,NFLX,-0.20119774998569984
2025-11-24,CRM,-0.37969140313744554
2025-11-24,ORCL,-0.3889453454833358
2025-11-24,ADBE,-0.5369786404881465
2025-11-24,AVGO,-0.020778296389979967
2025-11-24,QCOM,-0.25295070701351086
2025-11-24,INTC,-0.3098014953596915
2025-11-24,BTC-USD,-0.2924346975925589
2025-11-24,ETH-USD,-0.3888428256134001
2025-11-24,SOL-USD,-0.46208688321508895
2025-11-25,AAPL,0.0
2025-11-25,MSFT,-0.11841137480830233
2025-11-25,NVDA,-0.14113214221125303
2025-11-25,GOOGL,0.0
2025-11-25,AMZN,-0.09578740878367986
2025-11-25,META,-0.19411465543683448
2025-11-25,TSLA,-0.125995067937959
2025-11-25,AMD,-0.22017926321628944
2025-11-25,NFLX,-0.2203893131841148
2025-11-25,CRM,-0.3597274133712065
2025-11-25,ORCL,-0.3988611394020799
2025-11-25,ADBE,-0.5357874543346869
2025-11-25,AVGO,-0.0024612794543062977
2025-11-25,QCOM,-0.2609163117311454
2025-11-25,INTC,-0.30903009073898813
2025-11-25,BTC-USD,-0.29987881007424444
2025-11-25,ETH-USD,-0.3877617816259815
2025-11-25,SOL-USD,-0.4600662177959971
2025-11-26,AAPL,0.0
2025-11-26,MSFT,-0.10268289695337585
2025-11-26,NVDA,-0.1293471020993866
2025-11-26,GOOGL,-0.010790190890351603
2025-11-26,AMZN,-0.09779526117279791
2025-11-26,META,-0.19742070803113698
2025-11-26,TSLA,-0.11103238529101789
2025-11-26,AMD,-0.18949791406056515
2025-11-26,NFLX,-0.2073958178794688
2025-11-26,CRM,-0.37605418772573207
2025-11-26,ORCL,-0.3746666266822368
2025-11-26,ADBE,-0.5387364480353076
2025-11-26,AVGO,0.0
2025-11-26,QCOM,-0.25258869816117835
2025-11-26,INTC,-0.2901311189229173
2025-11-26,BTC-USD,-0.27441658874156105
2025-11-26,ETH-USD,-0.37329879463570137
2025-11-26,SOL-USD,-0.4440458081558363
2025-11-28,AAPL,0.0
2025-11-28,MSFT,-0.0906508934986483
2025-11-28,NVDA,-0.14509279747614978
2025-11-28,GOOGL,-0.010079093821865115
2025-11-28,AMZN,-0.0818110188161294
2025-11-28,META,-0.17925642441467637
2025-11-28,TSLA,-0.10355098037070853
2025-11-28,AMD,-0.17705137581949681
2025-11-28,NFLX,-0.19664254895271516
2025-11-28,CRM,-0.36951803234507474
2025-11-28,ORCL,-0.38385015089108565
2025-11-28,ADBE,-0.5349448593727362
2025-11-28,AVGO,0.0
2025-11-28,QCOM,-0.23923716310264775
2025-11-28,INTC,-0.2178135909488328
2025-11-28,BTC-USD,-0.2712030392168896
2025-11-28,ETH-USD,-0.37236894419805866
2025-11-28,SOL-USD,-0.465901085684281
2025-12-01,AAPL,0.0
2025-12-01,MSFT,-0.10039115434465018
2025-12-01,NVDA,-0.13098922410990899
2025-12-01,GOOGL,-0.026434420995573582
2025-12-01,AMZN,-0.07921257920152558
2025-12-01,META,-0.18822453230968628
2025-12-01,TSLA,-0.10361349606322845
2025-12-01,AMD,-0.16861496738753312
2025-12-01,NFLX,-0.18506790356834157
2025-12-01,CRM,-0.36325529516835486
2025-12-01,ORCL,-0.38693166253567346
2025-12-01,ADBE,-0.530993494205752
2025-12-01,AVGO,-0.04188997416596352
2025-12-01,QCOM,-0.23946346269680308
2025-12-01,INTC,-0.22842022057052014
2025-12-01,BTC-USD,-0.30805756446324606
2025-12-01,ETH-USD,-0.42041256434569074
2025-12-01,SOL-USD,-0.5074237284073823
2025-12-02,AAPL,0.0
2025-12-02,MSFT,-0.09436587212399772
2025-12-02,NVDA,-0.1235509905922989
2025-12-02,GOOGL,-0.02359012732014676
2025-12-02,AMZN,-0.07708662138210509
2025-12-02,META,-0.18033323036665705
2025-12-02,TSLA,-0.10548909403250506
2025-12-02,AMD,-0.18571476401781883
2025-12-02,NFLX,-0.18342503670755717
2025-12-02,CRM,-0.358113837755481
2025-12-02,ORCL,-0.38644348272907647
2025-12-02,ADBE,-0.5310516149042219
2025-12-02,AVGO,-0.05308207838104673
2025-12-02,QCOM,-0.22742439478605736
2025-12-02,INTC,-0.161695192183551
2025-12-02,BTC-USD,-0.2677487004897947
2025-12-02,ETH-USD,-0.379481812406401
2025-12-02,SOL-USD,-0.4609095408625824
2025-12-03,AAPL,-0.007128103890149506
2025-12-03,MSFT,-0.11704370822855648
2025-12-03,NVDA,-0.13258303103158475
2025-12-03,GOOGL,-0.011779596802191539
2025-12-03,AMZN,-0.08511809101254919
2025-12-03,META,-0.1898333413751807
2025-12-03,TSLA,-0.06902012280295178
2025-12-03,AMD,-0.17678652760788616
2025-12-03,NFLX,-0.2236750469056834
2025-12-03,CRM,-0.34714727221048425
2025-12-03,ORCL,-0.3662154191869237
2025-12-03,ADBE,-0.5252843658247102
2025-12-03,AVGO,-0.05546451672956054
2025-12-03,QCOM,-0.2076460922501483
2025-12-03,INTC,-0.15610269259643572
2025-12-03,BTC-USD,-0.25029333072149584
2025-12-03,ETH-USD,-0.3394035454887423
2025-12-03,SOL-USD,-0.4367128658463234
2025-12-04,AAPL,-0.019182955593190498
2025-12-04,MSFT,-0.11129564881659804
2025-12-04,NVDA,-0.11422817310454114
2025-12-04,GOOGL,-0.017993962722507417
2025-12-04,AMZN,-0.09799212358129294
2025-12-04,META,-0.16205491283697604
2025-12-04,TSLA,-0.05278620294565295
2025-12-04,AMD,-0.18291526993101137
2025-12-04,NFLX,-0.22920100700514423
2025-12-04,CRM,-0.3232450839642601
2025-12-04,ORCL,-0.34607873072122197
2025-12-04,ADBE,-0.5224515691879257
2025-12-04,AVGO,-0.05442215226669633
2025-12-04,QCOM,-0.20687279622264387
2025-12-04,INTC,-0.21897069787988788
2025-12-04,BTC-USD,-0.2614047660856581
2025-12-04,ETH-USD,-0.3512543506045013
2025-12-04,SOL-USD,-0.45958657298229455
2025-12-05,AAPL,-0.025891916496024514
2025-12-05,MSFT,-0.1070077771101372
2025-12-05,NVDA,-0.11891348082585407
2025-12-05,GOOGL,-0.006709210774014318
2025-12-05,AMZN,-0.09633858748308322
2025-12-05,META,-0.14699421343828378
2025-12-05,TSLA,-0.051806748031614225
2025-12-05,AMD,-0.17538678056448231
2025-12-05,NFLX,-0.2514542869846159
2025-12-05,CRM,-0.28739178055304293
2025-12-05,ORCL,-0.33616303080975807
2025-12-05,ADBE,-0.4969856149719628
2025-12-05,AVGO,-0.03156635441002109
2025-12-05,QCOM,-0.2047802652090247
2025-12-05,INTC,-0.20142164736745116
2025-12-05,BTC-USD,-0.283479405853739
2025-12-05,ETH-USD,-0.37399821640122566
2025-12-05,SOL-USD,-0.4817121623356271
2025-12-08,AAPL,-0.029001700843749756
2025-12-08,MSFT,-0.09248071161573779
2025-12-08,NVDA,-0.10374645837101015
2025-12-08,GOOGL,-0.029417396100081317
2025-12-08,AMZN,-0.10673228586752581
2025-12-08,META,-0.15537966233860123
2025-12-08,TSLA,-0.08394114952049259
2025-12-08,AMD,-0.16350769173931023
2025-12-08,NFLX,-0.2772172606533957
2025-12-08,CRM,-0.29023596954717956
2025-12-08,ORCL,-0.32713203341319574
2025-12-08,ADBE,-0.50735796516021
2025-12-08,AVGO,-0.004615716799143077
2025-12-08,QCOM,-0.20250577804197412
2025-12-08,INTC,-0.22282764741821115
2025-12-08,BTC-USD,-0.27343996777620494
2025-12-08,ETH-USD,-0.35314169281392016
2025-12-08,SOL-USD,-0.4818862011537576
2025-12-09,AAPL,-0.031482663786270404
2025-12-09,MSFT,-0.09063244603492482
2025-12-09,NVDA,-0.1065480686375675
2025-12-09,GOOGL,-0.019022343224239013
2025-12-09,AMZN,-0.10267717256320741
2025-12-09,META,-0.1678436466276758
2025-12-09,TSLA,-0.07229186217394856
2025-12-09,AMD,-0.1615783059989736
2025-12-09,NFLX,-0.2778146771432758
2025-12-09,CRM,-0.2861611671746317
2025-12-09,ORCL,-0.3241115324935224
2025-12-09,ADBE,-0.49980387035085394
2025-12-09,AVGO,0.0
2025-12-09,QCOM,-0.1993668405249135
2025-12-09,INTC,-0.21897069787988788
2025-12-09,BTC-USD,-0.2569953490422664
2025-12-09,ETH-USD,-0.3125904912597798
2025-12-09,SOL-USD,-0.4639129858109129
2025-12-10,AAPL,-0.025891916496024514
2025-12-10,MSFT,-0.11550967390673805
2025-12-10,NVDA,-0.11229601280837442
2025-12-10,GOOGL,-0.009338765810960048
2025-12-10,AMZN,-0.08748031976654769
2025-12-10,META,-0.1764950970847502
2025-12-10,TSLA,-0.05920471389944515
2025-12-10,AMD,-0.16233492446226516
2025-12-10,NFLX,-0.3076848179640165
2025-12-10,CRM,-0.2774644735190871
2025-12-10,ORCL,-0.31959608079888135
2025-12-10,ADBE,-0.5015325953822285
2025-12-10,AVGO,0.0
2025-12-10,QCOM,-0.17111717835284346
2025-12-10,INTC,-0.2135710126653514
2025-12-10,BTC-USD,-0.2623721187020003
2025-12-10,ETH-USD,-0.31170561483928305
2025-12-10,SOL-USD,-0.46948210935522117
2025-12-11,AAPL,-0.02851262940906074
2025-12-11,MSFT,-0.10643477050617234
2025-12-11,NVDA,-0.12606234094436353
2025-12-11,GOOGL,-0.03340850762322145
2025-12-11,AMZN,-0.09338583157757141
2025-12-11,META,-0.17322705579485442
2025-12-11,TSLA,-0.06870748074351318
2025-12-11,AMD,-0.16229711374330158
2025-12-11,NFLX,-0.297379639891059
2025-12-11,CRM,-0.2825237834278689
2025-12-11,ORCL,-0.39330822336205007
2025-12-11,ADBE,-0.49092785106630865
2025-12-11,AVGO,-0.015981890853171365
2025-12-11,QCOM,-0.17539332420427145
2025-12-11,INTC,-0.2380625576337314
2025-12-11,BTC-USD,-0.25844121148844423
2025-12-11,ETH-USD,-0.32998896772199626
2025-12-11,SOL-USD,-0.4698609729991883
2025-12-12,AAPL,-0.027638951513817234
2025-12-12,MSFT,-0.11556507305933528
2025-12-12,NVDA,-0.15460909694814118
2025-12-12,GOOGL,-0.04312292415374508
2025-12-12,AMZN,-0.10948817936454236
2025-12-12,META,-0.18396850740157666
2025-12-12,TSLA,-0.04355435863478452
2025-12-12,AMD,-0.20258763860803441
2025-12-12,NFLX,-0.2891653055871376
2025-12-12,CRM,-0.28285195260661355
2025-12-12,ORCL,-0.4204012155517374
2025-12-12,ADBE,-0.48221160828617626
2025-12-12,AVGO,-0.12843551765561412
2025-12-12,QCOM,-0.18894965687059673
2025-12-12,INTC,-0.2708464447964948
2025-12-12,BTC-USD,-0.27640414861321705
2025-12-12,ETH-USD,-0.3616331915118971
2025-12-12,SOL-USD,-0.48559458042883075
2025-12-15,AAPL,-0.042209837307297104
2025-12-15,MSFT,-0.12242202370606936
2025-12-15,NVDA,-0.14847477981912727
2025-12-15,GOOGL,-0.04643330473304752
2025-12-15,AMZN,-0.12385829414908345
2025-12-15,META,-0.17914495044644663
2025-12-15,TSLA,-0.009481907080948315
2025-12-15,AMD,-0.21469370719956493
2025-12-15,NFLX,-0.2997692488778073
2025-12-15,CRM,-0.30377326379861336
2025-12-15,ORCL,-0.4358087267710361
2025-12-15,ADBE,-0.4898819001593686
2025-12-15,AVGO,-0.17715573949653407
2025-12-15,QCOM,-0.18453695578120033
2025-12-15,INTC,-0.2766319058865765
2025-12-15,BTC-USD,-0.3072703184128779
2025-12-15,ETH-USD,-0.38646880389933824
2025-12-15,SOL-USD,-0.5033492981620694
2025-12-16,AAPL,-0.040462695365272916
2025-12-16,MSFT,-0.11952026604307808
2025-12-16,NVDA,-0.14156742126856803
2025-12-16,GOOGL,-0.05153803002367785
2025-12-16,AMZN,-0.12377953717089096
2025-12-16,META,-0.16692416093148488
2025-12-16,TSLA,0.0
2025-12-16,AMD,-0.20867851248590752
2025-12-16,NFLX,-0.2937951979245502
2025-12-16,CRM,-0.3028708195989468
2025-12-16,ORCL,-0.42442853444342143
2025-12-16,ADBE,-0.4946176952567304
2025-12-16,AVGO,-0.17354772754209102
2025-12-16,QCOM,-0.1988210425629352
2025-12-16,INTC,-0.28048878185970605
2025-12-16,BTC-USD,-0.295854092138912
2025-12-16,ETH-USD,-0.38646925869277005
2025-12-16,SOL-USD,-0.4975410936850839
2025-12-17,AAPL,-0.05014147679685366
2025-12-17,MSFT,-0.12001936926929535
2025-12-17,NVDA,-0.1743165557340407
2025-12-17,GOOGL,-0.08201180778716077
2025-12-17,AMZN,-0.12885825089582315
2025-12-17,META,-0.17662216344519566
2025-12-17,TSLA,-0.04617456293730249
2025-12-17,AMD,-0.2505201427224756
2025-12-17,NFLX,-0.2921523310637659
2025-12-17,CRM,-0.29403735371579
2025-12-17,ORCL,-0.4555181521477749
2025-12-17,ADBE,-0.4847828839463981
2025-12-17,AVGO,-0.21054794075904038
2025-12-17,QCOM,-0.21601642779957275
2025-12-17,INTC,-0.30478751245550684
2025-12-17,BTC-USD,-0.30948288624404163
2025-12-17,ETH-USD,-0.41395171832075717
2025-12-17,SOL-USD,-0.5213766707785858
2025-12-18,AAPL,-0.048918584361668405
2025-12-18,MSFT,-0.10549219025204226
2025-12-18,NVDA,-0.15885971662239995
2025-12-18,GOOGL,-0.06425348997586777
2025-12-18,AMZN,-0.10724411611481888
2025-12-18,META,-0.1576698822161552
2025-12-18,TSLA,-0.013288988529307932
2025-12-18,AMD,-0.23935986164163192
2025-12-18,NFLX,-0.29805169071259496
2025-12-18,CRM,-0.29369222478082146
2025-12-18,ORCL,-0.45072810518737816
2025-12-18,ADBE,-0.48311227961349346
2025-12-18,AVGO,-0.20120108740644216
2025-12-18,QCOM,-0.20760062083636943
2025-12-18,INTC,-0.3003520462342528
2025-12-18,BTC-USD,-0.3149436972846994
2025-12-18,ETH-USD,-0.4148488741639128
2025-12-18,SOL-USD,-0.5351758017471266
2025-12-19,AAPL,-0.04374698005873778
2025-12-19,MSFT,-0.10190662767989145
2025-12-19,NVDA,-0.1257723765350014
2025-12-19,GOOGL,-0.04971265699806715
2025-12-19,AMZN,-0.10492123581293067
2025-12-19,META,-0.16487038688215927
2025-12-19,TSLA,-0.017718609841725574
2025-12-19,AMD,-0.19256231408527213
2025-12-19,NFLX,-0.29513935654039447
2025-12-19,CRM,-0.28804946559092715
2025-12-19,ORCL,-0.41429915598383604
2025-12-19,ADBE,-0.4830396619902336
2025-12-19,AVGO,-0.17582395248239913
2025-12-19,QCOM,-0.20277867702296326
2025-12-19,INTC,-0.2899383045503383
2025-12-19,BTC-USD,-0.2937747881368139
2025-12-19,ETH-USD,-0.38361502564731764
2025-12-19,SOL-USD,-0.5094307210427049
2025-12-22,AAPL,-0.05318143962143684
2025-12-22,MSFT,-0.1037548932607043
2025-12-22,NVDA,-0.11273077473171111
2025-12-22,GOOGL,-0.04160698288428977
2025-12-22,AMZN,-0.10066932017408958
2025-12-22,META,-0.16140965155114828
2025-12-22,TSLA,-0.002347501194214896
2025-12-22,AMD,-0.18681190985693696
2025-12-22,NFLX,-0.3038016677525677
2025-12-22,CRM,-0.27512023962157606
2025-12-22,ORCL,-0.39474221041574364
2025-12-22,ADBE,-0.4806136215765313
2025-12-22,AVGO,-0.17160249511477088
2025-12-22,QCOM,-0.20746420659503284
2025-12-22,INTC,-0.2986164226202671
2025-12-22,BTC-USD,-0.2906755899993011
2025-12-22,ETH-USD,-0.3777982176544342
2025-12-22,SOL-USD,-0.5109527302502719
2025-12-23,AAPL,-0.04832451333168741
2025-12-23,MSFT,-0.10018783491370387
2025-12-23,NVDA,-0.08606771618268805
2025-12-23,GOOGL,-0.027468382809935465
2025-12-23,AMZN,-0.08606299452894317
2025-12-23,META,-0.1570487464725122
2025-12-23,TSLA,-0.008818501023025394
2025-12-23,AMD,-0.18700107890433182
2025-12-23,NFLX,-0.30178545831518755
2025-12-23,CRM,-0.2784074864656516
2025-12-23,ORCL,-0.40401729771560424
2025-12-23,ADBE,-0.4880369337310545
2025-12-23,AVGO,-0.1525090066293795
2025-12-23,QCOM,-0.2050532346883298
2025-12-23,INTC,-0.29900212493061895
2025-12-23,BTC-USD,-0.29930079074046845
2025-12-23,ETH-USD,-0.3866362689474524
2025-12-23,SOL-USD,-0.5185100129858822
2025-12-24,AAPL,-0.04325801554828024
2025-12-24,MSFT,-0.09802539483532313
2025-12-24,NVDA,-0.08896595662693896
2025-12-24,GOOGL,-0.02827275401830842
2025-12-24,AMZN,-0.08511809101254919
2025-12-24,META,-0.15373997878503765
2025-12-24,TSLA,-0.009145119093807108
2025-12-24,AMD,-0.18647144020739903
2025-12-24,NFLX,-0.30074000794428335
2025-12-24,CRM,-0.2733946370304957
2025-12-24,ORCL,-0.39745761070720365
2025-12-24,ADBE,-0.4872234212848904
2025-12-24,AVGO,-0.15032539407912016
2025-12-24,QCOM,-0.20496215086414016
2025-12-24,INTC,-0.3026661865311694
2025-12-24,BTC-USD,-0.29771396171570663
2025-12-24,ETH-USD,-0.39031711432152605
2025-12-24,SOL-USD,-0.5239470651503104
2025-12-26,AAPL,-0.044690586401354815
2025-12-26,MSFT,-0.09859828791643444
2025-12-26,NVDA,-0.07969182360944149
2025-12-26,GOOGL,-0.03006709872963631
2025-12-26,AMZN,-0.08456691231314606
2025-12-26,META,-0.15914045425215395
2025-12-26,TSLA,-0.029986940260850803
2025-12-26,AMD,-0.18666055152850547
2025-12-26,NFLX,-0.2945419400505144
2025-12-26,CRM,-0.27114845829924217
2025-12-26,ORCL,-0.3959321545697785
2025-12-26,ADBE,-0.4860322351314308
2025-12-26,AVGO,-0.14569157334454608
2025-12-26,QCOM,-0.2047802652090247
2025-12-26,INTC,-0.30189478191046604
2025-12-26,BTC-USD,-0.3002031396657533
2025-12-26,ETH-USD,-0.39442465699984697
2025-12-26,SOL-USD,-0.5249681047469295
2025-12-29,AAPL,-0.04343262281825111
2025-12-29,MSFT,-0.09972574013778723
2025-12-29,NVDA,-0.09084972795797686
2025-12-29,GOOGL,-0.029912430150818237
2025-12-29,AMZN,-0.08633855384165845
2025-12-29,META,-0.1649718537926982
2025-12-29,TSLA,-0.06172938256912308
2025-12-29,AMD,-0.184315016974415
2025-12-29,NFLX,-0.2969315490372627
2025-12-29,CRM,-0.27073755244373254
2025-12-29,ORCL,-0.40389522926213495
2025-12-29,ADBE,-0.48696194464143117
2025-12-29,AVGO,-0.15233911798461142
2025-12-29,QCOM,-0.21105799924651403
2025-12-29,INTC,-0.2926381471576064
2025-12-29,BTC-USD,-0.30151204346805593
2025-12-29,ETH-USD,-0.3926047252835435
2025-12-29,SOL-USD,-0.5213555832530762
2025-12-30,AAPL,-0.04580880001394294
2025-12-30,MSFT,-0.09902337424205043
2025-12-30,NVDA,-0.09413434136043475
2025-12-30,GOOGL,-0.02901525779515446
2025-12-30,AMZN,-0.08452756386103588
2025-12-30,META,-0.155768308532638
2025-12-30,TSLA,-0.07236468493036663
2025-12-30,AMD,-0.18533648364931732
2025-12-30,NFLX,-0.29969455757337926
2025-12-30,CRM,-0.2715866344327492
2025-12-30,ORCL,-0.3983119018669282
2025-12-30,ADBE,-0.4879061954093249
2025-12-30,AVGO,-0.15122307912671573
2025-12-30,QCOM,-0.21005720515348325
2025-12-30,INTC,-0.28068166979747866
2025-12-30,BTC-USD,-0.29115560280465247
2025-12-30,ETH-USD,-0.3849715733892076
2025-12-30,SOL-USD,-0.5143344753221972
2025-12-31,AAPL,-0.050071655273711824
2025-12-31,MSFT,-0.10615760445890521
2025-12-31,NVDA,-0.09915778082739057
2025-12-31,GOOGL,-0.031645002029138114
2025-12-31,AMZN,-0.09125981368417813
2025-12-31,META,-0.16319703617326387
2025-12-31,TSLA,-0.08197926688540047
2025-12-31,AMD,-0.18980057299113984
2025-12-31,NFLX,-0.299843883209463
2025-12-31,CRM,-0.27435330513665146
2025-12-31,ORCL,-0.4053292163158283
2025-12-31,ADBE,-0.49156704575016663
2025-12-31,AVGO,-0.16032105529287255
2025-12-31,QCOM,-0.22188470761810442
2025-12-31,INTC,-0.2883954953089315
2025-12-31,BTC-USD,-0.29854066087336406
2025-12-31,ETH-USD,-0.3858779766988101
2025-12-31,SOL-USD,-0.5160716010171364
2026-01-02,AAPL,-0.05304158272669002
2026-01-02,MSFT,-0.12589673121159872
2026-01-02,NVDA,-0.08780661612346918
2026-01-02,GOOGL,-0.02499330715476966
2026-01-02,AMZN,-0.1082677165354331
2026-01-02,META,-0.17546855914349513
2026-01-02,TSLA,-0.10576058839345259
2026-01-02,AMD,-0.15457945532937756
2026-01-02,NFLX,-0.32052898763257864
2026-01-02,CRM,-0.3052791049827427
2026-01-02,ORCL,-0.402888411290124
2026-01-02,ADBE,-0.5158127312968834
2026-01-02,AVGO,-0.156633459218685
2026-01-02,QCOM,-0.21310505884635422
2026-01-02,INTC,-0.24056951230322687
2026-01-02,BTC-USD,-0.2790150675800416
2026-01-02,ETH-USD,-0.3533021843627465
2026-01-02,SOL-USD,-0.4863356393773325
2026-01-05,AAPL,-0.06614471959494539
2026-01-05,MSFT,-0.1260630421922444
2026-01-05,NVDA,-0.0913327310938773
2026-01-05,GOOGL,-0.02069285847399327
2026-01-05,AMZN,-0.08244095449372557
2026-01-05,META,-0.1648452528767964
2026-01-05,TSLA,-0.07799867533727689
2026-01-05,AMD,-0.16362118162248973
2026-01-05,NFLX,-0.31701923697049794
2026-01-05,CRM,-0.2980475575131426
2026-01-05,ORCL,-0.4124075414896431
2026-01-05,ADBE,-0.5183404275165289
2026-01-05,AVGO,-0.16682298109456528
2026-01-05,QCOM,-0.19795666271124113
2026-01-05,INTC,-0.2407624002409996
2026-01-05,BTC-USD,-0.24744970104564512
2026-01-05,ETH-USD,-0.3322505543931934
2026-01-05,SOL-USD,-0.46356947565556406
2026-01-06,AAPL,-0.08326649677831943
2026-01-06,MSFT,-0.11560208150963602
2026-01-06,NVDA,-0.09558335076813584
2026-01-06,GOOGL,-0.027499316525698925
2026-01-06,AMZN,-0.05145672174889271
2026-01-06,META,-0.16252516697435138
2026-01-06,TSLA,-0.11619174667345444
2026-01-06,AMD,-0.18908176524681175
2026-01-06,NFLX,-0.3230679222554108
2026-01-06,CRM,-0.27985920793140884
2026-01-06,ORCL,-0.4088683554009157
2026-01-06,ADBE,-0.5119049455704757
2026-01-06,AVGO,-0.16597391010701945
2026-01-06,QCOM,-0.170025582428887
2026-01-06,INTC,-0.2278416303223958
2026-01-06,BTC-USD,-0.2486803248731676
2026-01-06,ETH-USD,-0.31779984682557216
2026-01-06,SOL-USD,-0.45148552274641085
2026-01-07,AAPL,-0.09035952952055071
2026-01-07,MSFT,-0.10643477050617234
2026-01-07,NVDA,-0.08655079319487147
2026-01-07,GOOGL,-0.0038627413326469684
2026-01-07,AMZN,-0.04897638756459177
2026-01-07,META,-0.17764893410872262
2026-01-07,TSLA,-0.11935576189661001
2026-01-07,AMD,-0.2054628118590579
2026-01-07,NFLX,-0.3224705057655306
2026-01-07,CRM,-0.2710389563496275
2026-01-07,ORCL,-0.4116448134209305
2026-01-07,ADBE,-0.5088397104729154
2026-01-07,AVGO,-0.16662897153791956
2026-01-07,QCOM,-0.18030635184186716
2026-01-07,INTC,-0.17789432139235373
2026-01-07,BTC-USD,-0.2680865568609454
2026-01-07,ETH-USD,-0.34452174023775795
2026-01-07,SOL-USD,-0.47008857591165143
2026-01-08,AAPL,-0.0948669204976641
2026-01-08,MSFT,-0.11634134233281967
2026-01-08,NVDA,-0.1062100107682068
2026-01-08,GOOGL,0.0
2026-01-08,AMZN,-0.030354357141209376
2026-01-08,META,-0.18098306852383172
2026-01-08,TSLA,-0.11039441608313971
2026-01-08,AMD,-0.22566487695930237
2026-01-08,NFLX,-0.32396404699023096
2026-01-08,CRM,-0.28635113327784467
2026-01-08,ORCL,-0.4213775281612909
2026-01-08,ADBE,-0.5074741622240464
2026-01-08,AVGO,-0.19336476893655363
2026-01-08,QCOM,-0.1726639819028003
2026-01-08,INTC,-0.20720703489233916
2026-01-08,BTC-USD,-0.27033845255143873
2026-01-08,ETH-USD,-0.35745010259129173
2026-01-08,SOL-USD,-0.4623898199036345
2026-01-09,AAPL,-0.09371395650985193
2026-01-09,MSFT,-0.11417890225443905
2026-01-09,NVDA,-0.10707938686231466
2026-01-09,GOOGL,0.0
2026-01-09,AMZN,-0.026062972902312964
2026-01-09,META,-0.17210905800075127
2026-01-09,TSLA,-0.0915938488404342
2026-01-09,AMD,-0.23137741274238544
2026-01-09,NFLX,-0.3319543073808682
2026-01-09,CRM,-0.28796723391931045
2026-01-09,ORCL,-0.3927140033432748
2026-01-09,ADBE,-0.5148684361958864
2026-01-09,AVGO,-0.1630625011539325
2026-01-09,QCOM,-0.19126961545142607
2026-01-09,INTC,-0.12158310825449292
2026-01-09,BTC-USD,-0.2744587973039625
2026-01-09,ETH-USD,-0.36186614681419227
2026-01-09,SOL-USD,-0.47225243482323376
2026-01-12,AAPL,-0.09063913638581345
2026-01-12,MSFT,-0.11806024862186093
2026-01-12,NVDA,-0.10669294002782481
2026-01-12,GOOGL,0.0
2026-01-12,AMZN,-0.02964566448542072
2026-01-12,META,-0.1861680431671887
2026-01-12,TSLA,-0.08353068714760692
2026-01-12,AMD,-0.2142775583858113
2026-01-12,NFLX,-0.3323276499574641
2026-01-12,CRM,-0.2894464781656395
2026-01-12,ORCL,-0.3738701970035365
2026-01-12,ADBE,-0.5240205177148874
2026-01-12,AVGO,-0.14549748934064144
2026-01-12,QCOM,-0.22998193269159184
2026-01-12,INTC,-0.150317231506354
2026-01-12,BTC-USD,-0.26900888283579416
2026-01-12,ETH-USD,-0.3599457562820617
2026-01-12,SOL-USD,-0.4591136310951254
2026-01-13,AAPL,-0.08784370927857477
2026-01-13,MSFT,-0.13009219531516147
2026-01-13,NVDA,-0.10249063544241255
2026-01-13,GOOGL,0.0
2026-01-13,AMZN,-0.04488186573419062
2026-01-13,META,-0.19996071648050695
2026-01-13,TSLA,-0.08712336133415155
2026-01-13,AMD,-0.16403733043624336
2026-01-13,NFLX,-0.3255322225465872
2026-01-13,CRM,-0.3396837169590915
2026-01-13,ORCL,-0.38118137821065434
2026-01-13,ADBE,-0.5497624898322028
2026-01-13,AVGO,-0.13967474588172657
2026-01-13,QCOM,-0.2480872396920183
2026-01-13,INTC,-0.08802774290583248
2026-01-13,BTC-USD,-0.23591304885847753
2026-01-13,ETH-USD,-0.3123875523239843
2026-01-13,SOL-USD,-0.43491541381258425
2026-01-14,AAPL,-0.09165235040310993
2026-01-14,MSFT,-0.150958717527781
2026-01-14,NVDA,-0.1153874397317286
2026-01-14,GOOGL,-0.00038697848346846975
2026-01-14,AMZN,-0.06830711064376216
2026-01-14,META,-0.2196989008216803
2026-01-14,TSLA,-0.10345389109707526
2026-01-14,AMD,-0.15408762735140835
2026-01-14,NFLX,-0.3387497347917452
2026-01-14,CRM,-0.34376512648232693
2026-01-14,ORCL,-0.40773406355681807
2026-01-14,ADBE,-0.5577378377894309
2026-01-14,AVGO,-0.17538717041454022
2026-01-14,QCOM,-0.25149907619006795
2026-01-14,INTC,-0.06045065301983277
2026-01-14,BTC-USD,-0.22302716302600067
2026-01-14,ETH-USD,-0.30563432465499873
2026-01-14,SOL-USD,-0.4295043132442473
2026-01-15,AAPL,-0.09776724027596284
2026-01-15,MSFT,-0.15598596358027916
2026-01-15,NVDA,-0.09650118970365595
2026-01-15,GOOGL,-0.009494988528527037
2026-01-15,AMZN,-0.062283493402435997
2026-01-15,META,-0.21300549798609902
2026-01-15,TSLA,-0.10473993028326989
2026-01-15,AMD,-0.1377444491844141
2026-01-15,NFLX,-0.3424835023943378
2026-01-15,CRM,-0.3603100630608346
2026-01-15,ORCL,-0.41923608931970113
2026-01-15,ADBE,-0.5582462941515594
2026-01-15,AVGO,-0.16779347556134727
2026-01-15,QCOM,-0.26582856388726583
2026-01-15,INTC,-0.06816455209647931
2026-01-15,BTC-USD,-0.23407415831492395
2026-01-15,ETH-USD,-0.3134212472618909
2026-01-15,SOL-USD,-0.44668830347624444
2026-01-16,AAPL,-0.10713155754282577
2026-01-16,MSFT,-0.15007164994910205
2026-01-16,NVDA,-0.10046199272111767
2026-01-16,GOOGL,-0.01776942944609583
2026-01-16,AMZN,-0.05858269638902558
2026-01-16,META,-0.21370265633855567
2026-01-16,TSLA,-0.10692415359010754
2026-01-16,AMD,-0.12295231866296674
2026-01-16,NFLX,-0.3428569019437059
2026-01-16,CRM,-0.3778958573333524
2026-01-16,ORCL,-0.4154428955596037
2026-01-16,ADBE,-0.5698243717511593
2026-01-16,AVGO,-0.14671053297686
2026-01-16,QCOM,-0.27479016881244744
2026-01-16,INTC,-0.09439172067884494
2026-01-16,BTC-USD,-0.2342831345355968
2026-01-16,ETH-USD,-0.31789601037009874
2026-01-16,SOL-USD,-0.4368606861376598
2026-01-20,AAPL,-0.13798523953754416
2026-01-20,MSFT,-0.15994121332544864
2026-01-20,NVDA,-0.1398767625403512
2026-01-20,GOOGL,-0.04158107467710914
2026-01-20,AMZN,-0.09055118110236215
2026-01-20,META,-0.23415087633122955
2026-01-20,TSLA,-0.1441781746117774
2026-01-20,AMD,-0.12261184901342892
2026-01-20,NFLX,-0.3483828620431667
2026-01-20,CRM,-0.3971798997514281
2026-01-20,ORCL,-0.44961266180298065
2026-01-20,ADBE,-0.5781774377487863
2026-01-20,AVGO,-0.19307368015432624
2026-01-20,QCOM,-0.2991275974399523
2026-01-20,INTC,-0.06353619793745269
2026-01-20,BTC-USD,-0.2921113073607474
2026-01-20,ETH-USD,-0.39238379674088963
2026-01-20,SOL-USD,-0.5113240011986968
2026-01-21,AAPL,-0.13466572330981397
2026-01-21,MSFT,-0.17918135037477867
2026-01-21,NVDA,-0.11451791588505555
2026-01-21,GOOGL,-0.022591279641919315
2026-01-21,AMZN,-0.08933071827325323
2026-01-21,META,-0.22294421290302258
2026-01-21,TSLA,-0.11929452490184
2026-01-21,AMD,-0.05496910777671238
2026-01-21,NFLX,-0.3625711903275729
2026-01-21,CRM,-0.3930437392533852
2026-01-21,ORCL,-0.46808941671678816
2026-01-21,ADBE,-0.5725699651736873
2026-01-21,AVGO,-0.20229293090520128
2026-01-21,QCOM,-0.28866480137522477
2026-01-21,INTC,0.0
2026-01-21,BTC-USD,-0.28356595219385583
2026-01-21,ETH-USD,-0.38342244589524677
2026-01-21,SOL-USD,-0.497044009398808
2026-01-22,AAPL,-0.13221983151521155
2026-01-22,MSFT,-0.16618814891791722
2026-01-22,NVDA,-0.1071760170400079
2026-01-22,GOOGL,-0.01616208537353303
2026-01-22,AMZN,-0.0774015892209029
2026-01-22,META,-0.1789926725065476
2026-01-22,TSLA,-0.08271417311866625
2026-01-22,AMD,-0.04010135581733798
2026-01-22,NFLX,-0.376162102122099
2026-01-22,CRM,-0.37521141830106663
2026-01-22,ORCL,-0.4549354950244767
2026-01-22,ADBE,-0.564580075958566
2026-01-22,AVGO,-0.21032340782625325
2026-01-22,QCOM,-0.28215963977052516
2026-01-22,INTC,0.0
2026-01-22,BTC-USD,-0.28288065798264117
2026-01-22,ETH-USD,-0.3894803449395944
2026-01-22,SOL-USD,-0.5012841739515022
2026-01-23,AAPL,-0.13330302744199718
2026-01-23,MSFT,-0.13881585900643212
2026-01-23,NVDA,-0.09350639295799479
2026-01-23,GOOGL,-0.023930778541187636
2026-01-23,AMZN,-0.0584251824326405
2026-01-23,META,-0.16488310903302195
2026-01-23,TSLA,-0.083326543066365
2026-01-23,AMD,-0.01759162460825503
2026-01-23,NFLX,-0.35689584761925597
2026-01-23,CRM,-0.37532100441820593
2026-01-23,ORCL,-0.4580556906649078
2026-01-23,ADBE,-0.5626334537243087
2026-01-23,AVGO,-0.22352141788080215
2026-01-23,QCOM,-0.29116664561116967
2026-01-23,INTC,-0.1702871879964567
2026-01-23,BTC-USD,-0.282548625641614
2026-01-23,ETH-USD,-0.3887304411031388
2026-01-23,SOL-USD,-0.5048869376452252
2026-01-26,AAPL,-0.10755091437860398
2026-01-26,MSFT,-0.13081300867462187
2026-01-26,NVDA,-0.09930265221764789
2026-01-26,GOOGL,-0.008066207904827372
2026-01-26,AMZN,-0.06133858988604213
2026-01-26,META,-0.1476422673913742
2026-01-26,TSLA,-0.11161915597853711
2026-01-26,AMD,-0.04925657199362954
2026-01-26,NFLX,-0.3600322557047406
2026-01-26,CRM,-0.37162306213743257
2026-01-26,ORCL,-0.44190382980019505
2026-01-26,ADBE,-0.5573310815663488
2026-01-26,AVGO,-0.21187607985749013
2026-01-26,QCOM,-0.2970805378401121
2026-01-26,INTC,-0.21778346986045038
2026-01-26,BTC-USD,-0.2924621268957218
2026-01-26,ETH-USD,-0.3942774049931468
2026-01-26,SOL-USD,-0.517411771098262
2026-01-27,AAPL,-0.09755756185807374
2026-01-27,MSFT,-0.11177624781766504
2026-01-27,NVDA,-0.08940064467399278
2026-01-27,GOOGL,-0.004226638699613927
2026-01-27,AMZN,-0.03669294222133368
2026-01-27,META,-0.146869086430104
2026-01-27,TSLA,-0.12039685310372517
2026-01-27,AMD,-0.04653269934474891
2026-01-27,NFLX,-0.3609283234667886
2026-01-27,CRM,-0.3740061814313479
2026-01-27,ORCL,-0.4649692210763571
2026-01-27,ADBE,-0.5679358258822687
2026-01-27,AVGO,-0.19261270272733066
2026-01-27,QCOM,-0.3038131270120219
2026-01-27,INTC,-0.19127392209169014
2026-01-27,BTC-USD,-0.2857654316132363
2026-01-27,ETH-USD,-0.37445811362599524
2026-01-27,SOL-USD,-0.5060795543657168
2026-01-28,AAPL,-0.10395189820984219
2026-01-28,MSFT,-0.1098355746339541
2026-01-28,NVDA,-0.07490995958671831
2026-01-28,GOOGL,0.0
2026-01-28,AMZN,-0.043267738162062974
2026-01-28,META,-0.15224411759549483
2026-01-28,TSLA,-0.11925372100400267
2026-01-28,AMD,-0.04384663741483197
2026-01-28,NFLX,-0.3679478247909498
2026-01-28,CRM,-0.37556744693048194
2026-01-28,ORCL,-0.47139320857564493
2026-01-28,ADBE,-0.5647980174945519
2026-01-28,AVGO,-0.19152100812308936
2026-01-28,QCOM,-0.3053598600636628
2026-01-28,INTC,-0.10198823539491308
2026-01-28,BTC-USD,-0.285108130321003
2026-01-28,ETH-USD,-0.3776877533831072
2026-01-28,SOL-USD,-0.5136070298395308
2026-01-29,AAPL,-0.09752270455861833
2026-01-29,MSFT,-0.19879100431284658
2026-01-29,NVDA,-0.07012794781143017
2026-01-29,GOOGL,0.0
2026-01-29,AMZN,-0.048307103434885645
2026-01-29,META,-0.06403679121910943
2026-01-29,TSLA,-0.14966932022824264
2026-01-29,AMD,-0.045965249928852314
2026-01-29,NFLX,-0.37899974498987143
2026-01-29,CRM,-0.41358789576727406
2026-01-29,ORCL,-0.4829870794513811
2026-01-29,ADBE,-0.5763179743956821
2026-01-29,AVGO,-0.19761042166331855
2026-01-29,QCOM,-0.3075433339048397
2026-01-29,INTC,-0.10419734681904669
2026-01-29,BTC-USD,-0.3221653693900499
2026-01-29,ETH-USD,-0.416677851216249
2026-01-29,SOL-USD,-0.5428122739245244
2026-01-30,AAPL,-0.09332956389776037
2026-01-30,MSFT,-0.20472382216917429
2026-01-30,NVDA,-0.07679365704147356
2026-01-30,GOOGL,-0.0007389993505845238
2026-01-30,AMZN,-0.05787400373323692
2026-01-30,META,-0.09168551587778728
2026-01-30,TSLA,-0.12139707811697553
2026-01-30,AMD,-0.1044149065440253
2026-01-30,NFLX,-0.3765355016714672
2026-01-30,CRM,-0.41849107491776627
2026-01-30,ORCL,-0.49653879295028125
2026-01-30,ADBE,-0.5739936341210261
2026-01-30,AVGO,-0.19622756382959083
2026-01-30,QCOM,-0.3104093019425952
2026-01-30,INTC,-0.14451396388481696
2026-01-30,BTC-USD,-0.32563567723200004
2026-01-30,ETH-USD,-0.44065819928886474
2026-01-30,SOL-USD,-0.5437558739584067
2026-02-02,AAPL,-0.056535759686506704
2026-02-02,MSFT,-0.21751364743366253
2026-02-02,NVDA,-0.10345671559049607
2026-02-02,GOOGL,0.0
2026-02-02,AMZN,-0.04346454049658588
2026-02-02,META,-0.10447678525521331
2026-02-02,TSLA,-0.13895241007132397
2026-02-02,AMD,-0.06832362280950388
2026-02-02,NFLX,-0.38198677046649987
2026-02-02,CRM,-0.42254512999547933
2026-02-02,ORCL,-0.5103657597658993
2026-02-02,ADBE,-0.5738047751008268
2026-02-02,AVGO,-0.19668861570384522
2026-02-02,QCOM,-0.3057237723705256
2026-02-02,INTC,-0.10143590486909027
2026-02-02,BTC-USD,-0.3692411301273697
2026-02-02,ETH-USD,-0.5147614325467563
2026-02-02,SOL-USD,-0.593872558266227
2026-02-03,AAPL,-0.05838768737535971
2026-02-03,MSFT,-0.2399881073458482
2026-02-03,NVDA,-0.12891219242348484
2026-02-03,GOOGL,-0.01158025293036069
2026-02-03,AMZN,-0.06055120032603345
2026-02-03,META,-0.12312474332672763
2026-02-03,TSLA,-0.1386462250974746
2026-02-03,AMD,-0.08406154084163764
2026-02-03,NFLX,-0.40304521746621114
2026-02-03,CRM,-0.46207200918907365
2026-02-03,ORCL,-0.5268541196904453
2026-02-03,ADBE,-0.6049653607730416
2026-02-03,AVGO,-0.22284208664350658
2026-02-03,QCOM,-0.3304705847186722
2026-02-03,INTC,-0.0933357828296767
2026-02-03,BTC-USD,-0.3937313646692039
2026-02-03,ETH-USD,-0.5389364322081879
2026-02-03,SOL-USD,-0.620724215027985
2026-02-04,AAPL,-0.03389359135718606
2026-02-04,MSFT,-0.2344803758151367
2026-02-04,NVDA,-0.15861814117816708
2026-02-04,GOOGL,-0.030987256508331895
2026-02-04,AMZN,-0.08271651380644063
2026-02-04,META,-0.15191442771033403
2026-02-04,TSLA,-0.17120518143468744
2026-02-04,AMD,-0.2426511837064087
2026-02-04,NFLX,-0.40140235060542684
2026-02-04,CRM,-0.45369005999208656
2026-02-04,ORCL,-0.5513266589417751
2026-02-04,ADBE,-0.593663301074794
2026-02-04,AVGO,-0.2526349118336002
2026-02-04,QCOM,-0.3226917300399528
2026-02-04,INTC,-0.10530193764430662
2026-02-04,BTC-USD,-0.4146835948468981
2026-02-04,ETH-USD,-0.5563342012139548
2026-02-04,SOL-USD,-0.642239749089885
2026-02-05,AAPL,-0.03592023324024152
2026-02-05,MSFT,-0.27240609077355493
2026-02-05,NVDA,-0.16977604552670245
2026-02-05,GOOGL,-0.036195452221403634
2026-02-05,AMZN,-0.12326770692359745
2026-02-05,META,-0.1503678330655217
2026-02-05,TSLA,-0.18916880155151994
2026-02-05,AMD,-0.2717436167713341
2026-02-05,NFLX,-0.3961004074464781
2026-02-05,CRM,-0.479630449016069
2026-02-05,ORCL,-0.582498533016391
2026-02-05,ADBE,-0.6086552049634633
2026-02-05,AVGO,-0.24666654953631284
2026-02-05,QCOM,-0.37996420941496545
2026-02-05,INTC,-0.11192927191670698
2026-02-05,BTC-USD,-0.497388172985468
2026-02-05,ETH-USD,-0.6229452180087689
2026-02-05,SOL-USD,-0.6960495383047931
2026-02-06,AAPL,-0.028197951395879772
2026-02-06,MSFT,-0.2585997818771889
2026-02-06,NVDA,-0.10442272186229695
2026-02-06,GOOGL,-0.060607006887529846
2026-02-06,AMZN,-0.17196847510150104
2026-02-06,META,-0.1614603074323271
2026-02-06,TSLA,-0.16079451854764537
2026-02-06,AMD,-0.21144019585375162
2026-02-06,NFLX,-0.3861686289228887
2026-02-06,CRM,-0.4758503171474414
2026-02-06,ORCL,-0.5631040320286564
2026-02-06,ADBE,-0.6101224533513787
2026-02-06,AVGO,-0.1922972696914489
2026-02-06,QCOM,-0.375233208429117
2026-02-06,INTC,-0.06866714954329678
2026-02-06,BTC-USD,-0.43443720205076
2026-02-06,ETH-USD,-0.5729169803899137
2026-02-06,SOL-USD,-0.659984175161588
2026-02-09,AAPL,-0.03952978144580188
2026-02-09,MSFT,-0.23557081958618875
2026-02-09,NVDA,-0.08205867195266225
2026-02-09,GOOGL,-0.05635893908712586
2026-02-09,AMZN,-0.17826771172951528
2026-02-09,META,-0.14148125553975976
2026-02-09,TSLA,-0.14811789996603608
2026-02-09,AMD,-0.18283959076679557
2026-02-09,NFLX,-0.3916198977179214
2026-02-09,CRM,-0.4685092256444644
2026-02-09,ORCL,-0.5209806858282333
2026-02-09,ADBE,-0.6122724758637286
2026-02-09,AVGO,-0.16556147229281482
2026-02-09,QCOM,-0.3680002927090078
2026-02-09,INTC,-0.07511042045801364
2026-02-09,BTC-USD,-0.43792097404837227
2026-02-09,ETH-USD,-0.5646003245001668
2026-02-09,SOL-USD,-0.6629502794705139
2026-02-10,AAPL,-0.042817487714673086
2026-02-10,MSFT,-0.23618083464045436
2026-02-10,NVDA,-0.08930408837258208
2026-02-10,GOOGL,-0.07306011146273694
2026-02-10,AMZN,-0.18519682396115278
2026-02-10,META,-0.14972133059424386
2026-02-10,TSLA,-0.13201194738128685
2026-02-10,AMD,-0.1920326176620507
2026-02-10,NFLX,-0.38609393761846067
2026-02-10,CRM,-0.4700979718404079
2026-02-10,ORCL,-0.5108857610368778
2026-02-10,ADBE,-0.6155119843904917
2026-02-10,AVGO,-0.17405292664086225
2026-02-10,QCOM,-0.36272335276454915
2026-02-10,INTC,-0.13236374571250353
2026-02-10,BTC-USD,-0.4485565924138313
2026-02-10,ETH-USD,-0.5820013023262584
2026-02-10,SOL-USD,-0.6776693722762688
2026-02-11,AAPL,-0.036452074367513965
2026-02-11,MSFT,-0.25263006909341446
2026-02-11,NVDA,-0.08201028298753321
2026-02-11,GOOGL,-0.09523121938824941
2026-02-11,AMZN,-0.19653542586198947
2026-02-11,META,-0.15229477347667375
2026-02-11,TSLA,-0.1257655247306506
2026-02-11,AMD,-0.19199480694308713
2026-02-11,NFLX,-0.4054348264529595
2026-02-11,CRM,-0.49324441988249046
2026-02-11,ORCL,-0.5192370387932324
2026-02-11,ADBE,-0.6264218291235505
2026-02-11,AVGO,-0.16842426718585202
2026-02-11,QCOM,-0.35840180599765836
2026-02-11,INTC,-0.11100881467551693
2026-02-11,BTC-USD,-0.4630011264801491
2026-02-11,ETH-USD,-0.5983271990121483
2026-02-11,SOL-USD,-0.6919022656366226
2026-02-12,AAPL,-0.08461192438275578
2026-02-12,MSFT,-0.25730601867519054
2026-02-12,NVDA,-0.09703243405212003
2026-02-12,GOOGL,-0.10093406958560858
2026-02-12,AMZN,-0.2141732043168677
2026-02-12,META,-0.17622909552799326
2026-02-12,TSLA,-0.1486282290211275
2026-02-12,AMD,-0.22089807096061742
2026-02-12,NFLX,-0.4335127747768319
2026-02-12,CRM,-0.49206653745829376
2026-02-12,ORCL,-0.5213171848880664
2026-02-12,ADBE,-0.618664378369205
2026-02-12,AVGO,-0.1965429224182137
2026-02-12,QCOM,-0.370092753224311
2026-02-12,INTC,-0.14432990052713335
2026-02-12,BTC-USD,-0.46917434791528534
2026-02-12,ETH-USD,-0.5970192131022551
2026-02-12,SOL-USD,-0.6954235561481021
2026-02-13,AAPL,-0.10542178561969584
2026-02-13,MSFT,-0.25826715991589777
2026-02-13,NVDA,-0.11698146828225242
2026-02-13,GOOGL,-0.11047752040027159
2026-02-13,AMZN,-0.2173622311569574
2026-02-13,META,-0.1889569092992872
2026-02-13,TSLA,-0.1478729519869566
2026-02-13,AMD,-0.21567730542921515
2026-02-13,NFLX,-0.4259705482672187
2026-02-13,CRM,-0.4803152359969016
2026-02-13,ORCL,-0.5101210118116387
2026-02-13,ADBE,-0.6165288971147485
2026-02-13,AVGO,-0.21109966939461278
2026-02-13,QCOM,-0.3599483980526673
2026-02-13,INTC,-0.13862295326953689
2026-02-13,BTC-USD,-0.44804451613081
2026-02-13,ETH-USD,-0.5759926473040553
2026-02-13,SOL-USD,-0.6721994876354139
2026-02-17,AAPL,-0.07709237088123855
2026-02-17,MSFT,-0.2665102813675281
2026-02-17,NVDA,-0.1065480686375675
2026-02-17,GOOGL,-0.12124310586433351
2026-02-17,AMZN,-0.2080708901713213
2026-02-17,META,-0.18956555561433952
2026-02-17,TSLA,-0.1617743104639634
2026-02-17,AMD,-0.23171788239192337
2026-02-17,NFLX,-0.42499978920074266
2026-02-17,CRM,-0.4951892367916114
2026-02-17,ORCL,-0.5289954645247547
2026-02-17,ADBE,-0.6216424102525089
2026-02-17,AVGO,-0.19321922454543994
2026-02-17,QCOM,-0.3511687492809171
2026-02-17,INTC,-0.14985271420066015
2026-02-17,BTC-USD,-0.4589751560652201
2026-02-17,ETH-USD,-0.5876525402436601
2026-02-17,SOL-USD,-0.6687976931018226
2026-02-18,AAPL,-0.07544851774680272
2026-02-18,MSFT,-0.26144614038758296
2026-02-18,NVDA,-0.09200906846144663
2026-02-18,GOOGL,-0.1174314194030357
2026-02-18,AMZN,-0.19374018391286296
2026-02-18,META,-0.18458343721796966
2026-02-18,TSLA,-0.16036579728822886
2026-02-18,AMD,-0.24291603191801947
2026-02-18,NFLX,-0.41760694529998554
2026-02-18,CRM,-0.48560196655738075
2026-02-18,ORCL,-0.522265530331731
2026-02-18,ADBE,-0.6176910450855247
2026-02-18,AVGO,-0.19086587224493035
2026-02-18,QCOM,-0.3483937945690353
2026-02-18,INTC,-0.16310752319823318
2026-02-18,BTC-USD,-0.4675433063607677
2026-02-18,ETH-USD,-0.595563419327023
2026-02-18,SOL-USD,-0.6829117429815614
2026-02-19,AAPL,-0.08863409319751248
2026-02-19,MSFT,-0.26187219165745523
2026-02-19,NVDA,-0.09239544141965406
2026-02-19,GOOGL,-0.11882801762144324
2026-02-19,AMZN,-0.1934645645261749
2026-02-19,META,-0.1826057633515482
2026-02-19,TSLA,-0.15956971635622064
2026-02-19,AMD,-0.23062079427909388
2026-02-19,NFLX,-0.42499978920074266
2026-02-19,CRM,-0.4924500047007563
2026-02-19,ORCL,-0.5211336826769213
2026-02-19,ADBE,-0.6234437972402466
2026-02-19,AVGO,-0.18970136822150263
2026-02-19,QCOM,-0.35735546999253287
2026-02-19,INTC,-0.17857144361993982
2026-02-19,BTC-USD,-0.46327723560719336
2026-02-19,ETH-USD,-0.5967583385365071
2026-02-19,SOL-USD,-0.6796995285647884
2026-02-20,AAPL,-0.0746442336777755
2026-02-20,MSFT,-0.2641507088537268
2026-02-20,NVDA,-0.08312123452587383
2026-02-20,GOOGL,-0.08353459810079367
2026-02-20,AMZN,-0.17279527318759214
2026-02-20,META,-0.16881309003823008
2026-02-20,TSLA,-0.15934513917804616
2026-02-20,AMD,-0.24280254203483997
2026-02-20,NFLX,-0.4125290190815488
2026-02-20,CRM,-0.4928061174976961
2026-02-20,ORCL,-0.5470133699034188
2026-02-20,ADBE,-0.6243154303848806
2026-02-20,AVGO,-0.192952331122349
2026-02-20,QCOM,-0.3500314704482339
2026-02-20,INTC,-0.18796021984229683
2026-02-20,BTC-USD,-0.4548774185694128
2026-02-20,ETH-USD,-0.5924487159766507
2026-02-20,SOL-USD,-0.6709843894179652
2026-02-23,AAPL,-0.06904835402441956
2026-02-23,MSFT,-0.2877879833561874
2026-02-23,NVDA,-0.07476501432017868
2026-02-23,GOOGL,-0.09368916072347311
2026-02-23,AMZN,-0.1918503768800751
2026-02-23,META,-0.19215156549945067
2026-02-23,TSLA,-0.18382056302152672
2026-02-23,AMD,-0.25623267850555886
2026-02-23,NFLX,-0.4323179987698439
2026-02-23,CRM,-0.5119806158823951
2026-02-23,ORCL,-0.5677232677607484
2026-02-23,ADBE,-0.641646215806099
2026-02-23,AVGO,-0.19855664632370507
2026-02-23,QCOM,-0.36126763303878195
2026-02-23,INTC,-0.19679673576521695
2026-02-23,BTC-USD,-0.48204066375406707
2026-02-23,ETH-USD,-0.6159451638378178
2026-02-23,SOL-USD,-0.6977370742069726
2026-02-24,AAPL,-0.048203368177445416
2026-02-24,MSFT,-0.2793964307733665
2026-02-24,NVDA,-0.06848560417205962
2026-02-24,GOOGL,-0.09540577192389188
2026-02-24,AMZN,-0.17889764740711145
2026-02-24,META,-0.18955283346347684
2026-02-24,TSLA,-0.16432595573942022
2026-02-24,AMD,-0.1910112087134368
2026-02-24,NFLX,-0.41723354575061744
2026-02-24,CRM,-0.49209389190381636
2026-02-24,ORCL,-0.5529479555014658
2026-02-24,ADBE,-0.629312724292253
2026-02-24,AVGO,-0.21032340782625325
2026-02-24,QCOM,-0.3413882359178204
2026-02-24,INTC,-0.15095730502591986
2026-02-24,BTC-USD,-0.4863427432960403
2026-02-24,ETH-USD,-0.616469515398396
2026-02-24,SOL-USD,-0.6927486732357719
2026-02-25,AAPL,-0.04089370694228023
2026-02-25,MSFT,-0.2579079736068447
2026-02-25,NVDA,-0.055395687279922834
2026-02-25,GOOGL,-0.08958664233607161
2026-02-25,AMZN,-0.17070866382028171
2026-02-25,META,-0.1713104327377557
2026-02-25,TSLA,-0.14795462207865895
2026-02-25,AMD,-0.20228497967746006
2026-02-25,NFLX,-0.38243486132029614
2026-02-25,CRM,-0.4747546243110994
2026-02-25,ORCL,-0.5475946169175125
2026-02-25,ADBE,-0.625477578355657
2026-02-25,AVGO,-0.19377720675075827
2026-02-25,QCOM,-0.336657164433656
2026-02-25,INTC,-0.13696610214484028
2026-02-25,BTC-USD,-0.45524051240443264
2026-02-25,ETH-USD,-0.5747299386069293
2026-02-25,SOL-USD,-0.6582315971448618
2026-02-26,AAPL,-0.04537051758919641
2026-02-26,MSFT,-0.2558332299329341
2026-02-26,NVDA,-0.10693451547205768
2026-02-26,GOOGL,-0.10564752184775872
2026-02-26,AMZN,-0.18141733004352234
2026-02-26,META,-0.16710172802492795
2026-02-26,TSLA,-0.1659590460933289
2026-02-26,AMD,-0.2294480270020487
2026-02-26,NFLX,-0.368321224340318
2026-02-26,CRM,-0.4536078704042322
2026-02-26,ORCL,-0.5401916376011824
2026-02-26,ADBE,-0.6236907326258125
2026-02-26,AVGO,-0.2195182398762151
2026-02-26,QCOM,-0.33770357093709746
2026-02-26,INTC,-0.16310752319823318
2026-02-26,BTC-USD,-0.4592993604087693
2026-02-26,ETH-USD,-0.5804913376000369
2026-02-26,SOL-USD,-0.6660317275019534
2026-02-27,AAPL,-0.07604312339794106
2026-02-27,MSFT,-0.2724682445359463
2026-02-27,NVDA,-0.14412738221460997
2026-02-27,GOOGL,-0.09290349637981443
2026-02-27,AMZN,-0.17322834645669294
2026-02-27,META,-0.17829551415409095
2026-02-27,TSLA,-0.1783497882059666
2026-02-27,AMD,-0.242575504542193
2026-02-27,NFLX,-0.2813244278053565
2026-02-27,CRM,-0.4664274260889194
2026-02-27,ORCL,-0.5552116978147256
2026-02-27,ADBE,-0.6187951166909347
2026-02-27,AVGO,-0.2247344615170207
2026-02-27,QCOM,-0.3523969709411582
2026-02-27,INTC,-0.16034608124827687
2026-02-27,BTC-USD,-0.4719001192611072
2026-02-27,ETH-USD,-0.6003679329395968
2026-02-27,SOL-USD,-0.6814168717287643
2026-03-02,AAPL,-0.07415462762192915
2026-03-02,MSFT,-0.26170554010824854
2026-03-02,NVDA,-0.11857534908021072
2026-03-02,GOOGL,-0.10814979739183639
2026-03-02,AMZN,-0.17956693153681713
2026-03-02,META,-0.1714752001062455
2026-03-02,TSLA,-0.17669632705115268
2026-03-02,AMD,-0.24859075698213895
2026-03-02,NFLX,-0.27497703427550346
2026-03-02,CRM,-0.47146758788583554
2026-03-02,ORCL,-0.543434277724204
2026-03-02,ADBE,-0.6210177568265443
2026-03-02,AVGO,-0.2265054873585577
2026-03-02,QCOM,-0.35844720691312126
2026-03-02,INTC,-0.16237112931472675
2026-03-02,BTC-USD,-0.4487017547990635
2026-03-02,ETH-USD,-0.5803927484905407
2026-03-02,SOL-USD,-0.6632117529232471
2026-03-03,AAPL,-0.07754701271339803
2026-03-03,MSFT,-0.25173931202199074
2026-03-03,NVDA,-0.1303129606186223
2026-03-03,GOOGL,-0.116704117171192
2026-03-03,AMZN,-0.17822836327740543
2026-03-03,META,-0.16954833726918406
2026-03-03,TSLA,-0.1989262905930257
2026-03-03,AMD,-0.2776075108828485
2026-03-03,NFLX,-0.27042183324251867
2026-03-03,CRM,-0.4629760104879469
2026-03-03,ORCL,-0.5441684275797054
2026-03-03,ADBE,-0.6063309090219107
2026-03-03,AVGO,-0.23858753300246982
2026-03-03,QCOM,-0.37163941577763593
2026-03-03,INTC,-0.20655377915571327
2026-03-03,BTC-USD,-0.45256703208176385
2026-03-03,ETH-USD,-0.5896034272020239
2026-03-03,SOL-USD,-0.6617141827044565
2026-03-04,AAPL,-0.08184900224188041
2026-03-04,MSFT,-0.2493866644022641
2026-03-04,NVDA,-0.11587044286762904
2026-03-04,GOOGL,-0.11801326118851063
2026-03-04,AMZN,-0.1463779239203986
2026-03-04,META,-0.15351183338450636
2026-03-04,TSLA,-0.17134808852115946
2026-03-04,AMD,-0.23553884315363327
2026-03-04,NFLX,-0.2632529493095014
2026-03-04,CRM,-0.4711114750888956
2026-03-04,ORCL,-0.5338900005772047
2026-03-04,ADBE,-0.6032366357416671
2026-03-04,AVGO,-0.22963517567468572
2026-03-04,QCOM,-0.36536175223846257
2026-03-04,INTC,-0.16089834154771365
2026-03-04,BTC-USD,-0.41716150048057643
2026-03-04,ETH-USD,-0.5598526348002679
2026-03-04,SOL-USD,-0.6468854110388778
2026-03-05,AAPL,-0.08964826953289184
2026-03-05,MSFT,-0.23923528054164933
2026-03-05,NVDA,-0.11442143345992772
2026-03-05,GOOGL,-0.12455995990807633
2026-03-05,AMZN,-0.13803148645115648
2026-03-05,META,-0.16258862258048346
2026-03-05,TSLA,-0.17214423174919513
2026-03-05,AMD,-0.2454507355195048
2026-03-05,NFLX,-0.2594445473752529
2026-03-05,CRM,-0.4483485784568003
2026-03-05,ORCL,-0.5264870212608745
2026-03-05,ADBE,-0.5907143073741734
2026-03-05,AVGO,-0.1926612423401215
2026-03-05,QCOM,-0.3727785275665335
2026-03-05,INTC,-0.15408687369124352
2026-03-05,BTC-USD,-0.43214679261267497
2026-03-05,ETH-USD,-0.5712159013571239
2026-03-05,SOL-USD,-0.6552168521301189
2026-03-06,AAPL,-0.09954613871473006
2026-03-06,MSFT,-0.24242146971454326
2026-03-06,NVDA,-0.1410842703801023
2026-03-06,GOOGL,-0.13142658264301899
2026-03-06,AMZN,-0.1605905247485544
2026-03-06,META,-0.1825043740151
2026-03-06,TSLA,-0.19014859346783797
2026-03-06,AMD,-0.27200846498294473
2026-03-06,NFLX,-0.26056468905058516
2026-03-06,CRM,-0.44637632293463203
2026-03-06,ORCL,-0.5320851077990885
2026-03-06,ADBE,-0.5879832108764353
2026-03-06,AVGO,-0.19821694348142782
2026-03-06,QCOM,-0.3787761012964922
2026-03-06,INTC,-0.20066276854043308
2026-03-06,BTC-USD,-0.4538267760599046
2026-03-06,ETH-USD,-0.5904350169920933
2026-03-06,SOL-USD,-0.6708028765401606
2026-03-09,AAPL,-0.09108223040097552
2026-03-09,MSFT,-0.24158787139994908
2026-03-09,NVDA,-0.11775428807494959
2026-03-09,GOOGL,-0.10798796708483671
2026-03-09,AMZN,-0.1594881673497477
2026-03-09,META,-0.17929699566407375
2026-03-09,TSLA,-0.1861680642157415
2026-03-09,AMD,-0.233231177044795
2026-03-09,NFLX,-0.26579194090510594
2026-03-09,CRM,-0.4554705818930236
2026-03-09,ORCL,-0.536367797467707
2026-03-09,ADBE,-0.5896973946499166
2026-03-09,AVGO,-0.1611702751749362
2026-03-09,QCOM,-0.36769665646227045
2026-03-09,INTC,-0.16089834154771365
2026-03-09,BTC-USD,-0.4516954315305727
2026-03-09,ETH-USD,-0.5874985674006898
2026-03-09,SOL-USD,-0.6698140169226947
2026-03-10,AAPL,-0.08775966683264869
2026-03-10,MSFT,-0.2483492925653088
2026-03-10,NVDA,-0.10751414878565113
2026-03-10,GOOGL,-0.1060079256815446
2026-03-10,AMZN,-0.156181095153328
2026-03-10,META,-0.17082869763496766
2026-03-10,TSLA,-0.18502493211601911
2026-03-10,AMD,-0.231150432976027
2026-03-10,NFLX,-0.27609711897806355
2026-03-10,CRM,-0.4660986677375021
2026-03-10,ORCL,-0.5429754281890606
2026-03-10,ADBE,-0.6003166802237296
2026-03-10,AVGO,-0.16886104925371093
2026-03-10,QCOM,-0.381019428207899
2026-03-10,INTC,-0.13880708685360632
2026-03-10,BTC-USD,-0.43947492548372635
2026-03-10,ETH-USD,-0.578353656872707
2026-03-10,SOL-USD,-0.6663073186229602
2026-03-11,AAPL,-0.08782959528002232
2026-03-11,MSFT,-0.24997948074419685
2026-03-11,NVDA,-0.10137938839894134
2026-03-11,GOOGL,-0.10117454639694479
2026-03-11,AMZN,-0.16279529962014017
2026-03-11,META,-0.16982729369907557
2026-03-11,TSLA,-0.167510404059508
2026-03-11,AMD,-0.22509736981711737
2026-03-11,NFLX,-0.2914055889378019
2026-03-11,CRM,-0.4682353024353789
2026-03-11,ORCL,-0.5010050318336854
2026-03-11,ADBE,-0.6023795438549264
2026-03-11,AVGO,-0.17131133188528447
2026-03-11,QCOM,-0.3859639685927183
2026-03-11,INTC,-0.11671576193311328
2026-03-11,BTC-USD,-0.43724682690556627
2026-03-11,ETH-USD,-0.5753622025423559
2026-03-11,SOL-USD,-0.6634822723609036
2026-03-12,AAPL,-0.10549171406706948
2026-03-12,MSFT,-0.2555739437351221
2026-03-12,NVDA,-0.11533949402429522
2026-03-12,GOOGL,-0.1161696946015669
2026-03-12,AMZN,-0.17507874496339815
2026-03-12,META,-0.1909725944701154
2026-03-12,TSLA,-0.1936596598587076
2026-03-12,AMD,-0.2519198897658794
2026-03-12,NFLX,-0.29573677303027457
2026-03-12,CRM,-0.4541283623768808
2026-03-12,ORCL,-0.5131189039803998
2026-03-12,ADBE,-0.6080886722359684
2026-03-12,AVGO,-0.18489758439490156
2026-03-12,QCOM,-0.3995614017772343
2026-03-12,INTC,-0.1669734857470634
2026-03-12,BTC-USD,-0.43493362233882527
2026-03-12,ETH-USD,-0.570899061932961
2026-03-12,SOL-USD,-0.662304930008397
2026-03-13,AAPL,-0.1252173635970253
2026-03-13,MSFT,-0.2672628811260196
2026-03-13,NVDA,-0.1292997474022144
2026-03-13,GOOGL,-0.11986741480488416
2026-03-13,AMZN,-0.18240158201202628
2026-03-13,META,-0.22199346484830929
2026-03-13,TSLA,-0.20143706967461772
2026-03-13,AMD,-0.2683766155423414
2026-03-13,NFLX,-0.2882692378250894
2026-03-13,CRM,-0.4717963041534904
2026-03-13,ORCL,-0.5255081234511125
2026-03-13,ADBE,-0.6378110477029512
2026-03-13,AVGO,-0.21840227546557822
2026-03-13,QCOM,-0.40565041182296235
2026-03-13,INTC,-0.15740057594063683
2026-03-13,BTC-USD,-0.4311276499650183
2026-03-13,ETH-USD,-0.5668779805392881
2026-03-13,SOL-USD,-0.657307601688141
2026-03-16,AAPL,-0.1157741897094624
2026-03-16,MSFT,-0.25911205375443336
2026-03-16,NVDA,-0.11495304718980526
2026-03-16,GOOGL,-0.11031720252604738
2026-03-16,AMZN,-0.16637793112927524
2026-03-16,META,-0.20389411074570263
2026-03-16,TSLA,-0.19253696085591754
2026-03-16,AMD,-0.25630835766977444
2026-03-16,NFLX,-0.2890906712554815
2026-03-16,CRM,-0.4567032152920272
2026-03-16,ORCL,-0.522877282708282
2026-03-16,ADBE,-0.6341211813459777
2026-03-16,AVGO,-0.21170619121272205
2026-03-16,QCOM,-0.4076190772954815
2026-03-16,INTC,-0.15758470952470638
2026-03-16,BTC-USD,-0.3999233106743074
2026-03-16,ETH-USD,-0.513349955864824
2026-03-16,SOL-USD,-0.6259341091644547
2026-03-17,AAPL,-0.11084284415461787
2026-03-17,MSFT,-0.26011236037966134
2026-03-17,NVDA,-0.12118451163049093
2026-03-17,GOOGL,-0.09471076458014105
2026-03-17,AMZN,-0.15275591752660556
2026-03-17,META,-0.20997173044989403
2026-03-17,TSLA,-0.18496369512124922
2026-03-17,AMD,-0.257329824344677
2026-03-17,NFLX,-0.29536337348090647
2026-03-17,CRM,-0.4650030169849223
2026-03-17,ORCL,-0.5267929209509701
2026-03-17,ADBE,-0.6307218519816986
2026-03-17,AVGO,-0.2204644645366015
2026-03-17,QCOM,-0.39754698289767254
2026-03-17,INTC,-0.188880677083487
2026-03-17,BTC-USD,-0.40744708085832926
2026-03-17,ETH-USD,-0.5202057141863816
2026-03-17,SOL-USD,-0.631834315756955
2026-03-18,AAPL,-0.12584688000973432
2026-03-18,MSFT,-0.2742280758137402
2026-03-18,NVDA,-0.1285751688220811
2026-03-18,GOOGL,-0.10411542744597524
2026-03-18,AMZN,-0.17374017670398623
2026-03-18,META,-0.21882789893213062
2026-03-18,TSLA,-0.19821181745669247
2026-03-18,AMD,-0.2454128670742527
2026-03-18,NFLX,-0.2928244388580741
2026-03-18,CRM,-0.4676600594879231
2026-03-18,ORCL,-0.5322687040175139
2026-03-18,ADBE,-0.6426340460145692
2026-03-18,AVGO,-0.23351700464729563
2026-03-18,QCOM,-0.4026746074089782
2026-03-18,INTC,-0.17102358187996303
2026-03-18,BTC-USD,-0.4289047491771836
2026-03-18,ETH-USD,-0.5438806432032335
2026-03-18,SOL-USD,-0.6498731070757516
2026-03-19,AAPL,-0.12927433624912144
2026-03-19,MSFT,-0.279359365561639
2026-03-19,NVDA,-0.13746329826278447
2026-03-19,GOOGL,-0.105745918944813
2026-03-19,AMZN,-0.17811025784710244
2026-03-19,META,-0.2302216710669277
2026-03-19,TSLA,-0.22368746631342318
2026-03-19,AMD,-0.22343277456210286
2026-03-19,NFLX,-0.31492833622868976
2026-03-19,CRM,-0.4658795375869862
2026-03-19,ORCL,-0.5242538783173525
2026-03-19,ADBE,-0.6426485651059108
2026-03-19,AVGO,-0.22403093492058856
2026-03-19,QCOM,-0.3989661844957848
2026-03-19,INTC,-0.14985271420066015
2026-03-19,BTC-USD,-0.4395882122632281
2026-03-19,ETH-USD,-0.5575927157049874
2026-03-19,SOL-USD,-0.6543354172909879
2026-03-20,AAPL,-0.13266693518905326
2026-03-20,MSFT,-0.29260441746939625
2026-03-20,NVDA,-0.16577017797683002
2026-03-20,GOOGL,-0.12359431606410898
2026-03-20,AMZN,-0.19145671213705706
2026-03-20,META,-0.24676675068975007
2026-03-20,TSLA,-0.24887730099720984
2026-03-20,AMD,-0.23833839496672948
2026-03-20,NFLX,-0.31433091973880944
2026-03-20,CRM,-0.46481128336369104
2026-03-20,ORCL,-0.5421188808546089
2026-03-20,ADBE,-0.6395107345516424
2026-03-20,AVGO,-0.24666654953631284
2026-03-20,QCOM,-0.40528417307167364
2026-03-20,INTC,-0.19237851291694985
2026-03-20,BTC-USD,-0.43470016014204116
2026-03-20,ETH-USD,-0.5557147220272225
2026-03-20,SOL-USD,-0.650697833970052
2026-03-23,AAPL,-0.1204258214748124
2026-03-23,MSFT,-0.2905110560474816
2026-03-23,NVDA,-0.15156842303096063
2026-03-23,GOOGL,-0.12050788560207593
2026-03-23,AMZN,-0.17267716775728958
2026-03-23,META,-0.23357124272607144
2026-03-23,TSLA,-0.2225647050146059
2026-03-23,AMD,-0.233231177044795
2026-03-23,NFLX,-0.3026815830500078
2026-03-23,CRM,-0.4653591297818622
2026-03-23,ORCL,-0.5278636168699449
2026-03-23,ADBE,-0.6402516072079951
2026-03-23,AVGO,-0.21591179131420857
2026-03-23,QCOM,-0.41238046305549847
2026-03-23,INTC,-0.18980120455106309
2026-03-23,BTC-USD,-0.4315557474910955
2026-03-23,ETH-USD,-0.5545454986466358
2026-03-23,SOL-USD,-0.6445925356210125
2026-03-24,AAPL,-0.11990125119527928
2026-03-24,MSFT,-0.3095172792567976
2026-03-24,NVDA,-0.15369384368251404
2026-03-24,GOOGL,-0.15434127369437234
2026-03-24,AMZN,-0.18409446656234607
2026-03-24,META,-0.24770562990859757
2026-03-24,TSLA,-0.2181146506052557
2026-03-24,AMD,-0.22305449419360124
2026-03-24,NFLX,-0.32105171281803047
2026-03-24,CRM,-0.4986680068381064
2026-03-24,ORCL,-0.5500418614419176
2026-03-24,ADBE,-0.6529918549449232
2026-03-24,AVGO,-0.22617151695521442
2026-03-24,QCOM,-0.4109154728011857
2026-03-24,INTC,-0.188880677083487
2026-03-24,BTC-USD,-0.4347380476498348
2026-03-24,ETH-USD,-0.553808985950117
2026-03-24,SOL-USD,-0.646931441755602
2026-03-25,AAPL,-0.11647374149377643
2026-03-25,MSFT,-0.31266640321796424
2026-03-25,NVDA,-0.1368836649491908
2026-03-25,GOOGL,-0.15291460475371854
2026-03-25,AMZN,-0.166496036559578
2026-03-25,META,-0.24520611513453439
2026-03-25,TSLA,-0.2121539798315365
2026-03-25,AMD,-0.16668552392090819
2026-03-25,NFLX,-0.3108958603811569
2026-03-25,CRM,-0.5015716181046701
2026-03-25,ORCL,-0.5533150539310366
2026-03-25,ADBE,-0.6553452334022625
2026-03-25,AVGO,-0.22490725360488517
2026-03-25,QCOM,-0.4032239302867533
2026-03-25,INTC,-0.13144328847131348
2026-03-25,BTC-USD,-0.42838929119925173
2026-03-25,ETH-USD,-0.5512595655691861
2026-03-25,SOL-USD,-0.6434879467144627
2026-03-26,AAPL,-0.11552938668153911
2026-03-26,MSFT,-0.32205837594886655
2026-03-26,NVDA,-0.1728226295464942
2026-03-26,GOOGL,-0.18206016297441796
2026-03-26,AMZN,-0.18291341225931967
2026-03-26,META,-0.305283602342179
2026-03-26,TSLA,-0.2404058511418986
2026-03-26,AMD,-0.22910749962622234
2026-03-26,NFLX,-0.3031296169310317
2026-03-26,CRM,-0.4914912524270758
2026-03-26,ORCL,-0.563134631398394
2026-03-26,ADBE,-0.6500718994269858
2026-03-26,AVGO,-0.24773628219918398
2026-03-26,QCOM,-0.40235419256304805
2026-03-26,INTC,-0.1881443534263666
2026-03-26,BTC-USD,-0.4485753169837987
2026-03-26,ETH-USD,-0.5737052890050555
2026-03-26,SOL-USD,-0.6639526635769142
2026-03-27,AAPL,-0.1298339776765728
2026-03-27,MSFT,-0.339100880835174
2026-03-27,NVDA,-0.19079222265956985
2026-03-27,GOOGL,-0.20121877171063884
2026-03-27,AMZN,-0.21519686481145417
2026-03-27,META,-0.3329687092493605
2026-03-27,TSLA,-0.26139057939541455
2026-03-27,AMD,-0.2358415020842075
2026-03-27,NFLX,-0.3023081835006396
2026-03-27,CRM,-0.5088305621035552
2026-03-27,ORCL,-0.5727707066546062
2026-03-27,ADBE,-0.658846262905588
2026-03-27,AVGO,-0.2689850188292007
2026-03-27,QCOM,-0.41805755144121115
2026-03-27,INTC,-0.20600144862989023
2026-03-27,BTC-USD,-0.4682402486322297
2026-03-27,ETH-USD,-0.5878434524198144
2026-03-27,SOL-USD,-0.6772676119098073
2026-03-30,AAPL,-0.13742345962546343
2026-03-30,MSFT,-0.3350440281359581
2026-03-30,NVDA,-0.20214390449746988
2026-03-30,GOOGL,-0.20366455344221246
2026-03-30,AMZN,-0.20885827973132998
2026-03-30,META,-0.3194433562523399
2026-03-30,TSLA,-0.2747611757203975
2026-03-30,AMD,-0.258351291019579
2026-03-30,NFLX,-0.30574324285829213
2026-03-30,CRM,-0.493162230294636
2026-03-30,ORCL,-0.5754015003937965
2026-03-30,ADBE,-0.6497087226444802
2026-03-30,AVGO,-0.28665991479660113
2026-03-30,QCOM,-0.4182406355676975
2026-03-30,INTC,-0.2417157794897099
2026-03-30,BTC-USD,-0.465410083112041
2026-03-30,ETH-USD,-0.5811697630687924
2026-03-30,SOL-USD,-0.6795020295037912
2026-03-31,AAPL,-0.11238169769376205
2026-03-31,MSFT,-0.3142780304102749
2026-03-31,NVDA,-0.1575582381511308
2026-03-31,GOOGL,-0.1627268237692867
2026-03-31,AMZN,-0.1800393532580279
2026-03-31,META,-0.27408392368509205
2026-03-31,TSLA,-0.24114069507913716
2026-03-31,AMD,-0.23039381451273533
2026-03-31,NFLX,-0.28199647862689237
2026-03-31,CRM,-0.4886698728321286
2026-03-31,ORCL,-0.5499806627024424
2026-03-31,ADBE,-0.6468759481742475
2026-03-31,AVGO,-0.2475174072580717
2026-03-31,QCOM,-0.41041183283213734
2026-03-31,INTC,-0.18759202290054355
2026-03-31,BTC-USD,-0.4530506770779451
2026-03-31,ETH-USD,-0.5643642361764526
2026-03-31,SOL-USD,-0.6769269490152867
2026-04-01,AAPL,-0.10594635589922907
2026-04-01,MSFT,-0.31576001450367974
2026-04-01,NVDA,-0.15103703092993104
2026-04-01,GOOGL,-0.13410527902205027
2026-04-01,AMZN,-0.170984223132997
2026-04-01,META,-0.26507555483704714
2026-04-01,TSLA,-0.22172775788873278
2026-04-01,AMD,-0.20474400411472982
2026-04-01,NFLX,-0.2864769883554491
2026-04-01,CRM,-0.4898477552563252
2026-04-01,ORCL,-0.555731699085704
2026-04-01,ADBE,-0.649360087119868
2026-04-01,AVGO,-0.23784127367943975
2026-04-01,QCOM,-0.41727925003327515
2026-04-01,INTC,-0.115795304691923
2026-04-01,BTC-USD,-0.45429119549427976
2026-04-01,ETH-USD,-0.5573209008305741
2026-04-01,SOL-USD,-0.6843566685339952
2026-04-02,AAPL,-0.10493212610173397
2026-04-02,MSFT,-0.308183499248876
2026-04-02,NVDA,-0.14311505551359383
2026-04-02,GOOGL,-0.1388222009829212
2026-04-02,AMZN,-0.17413384144700428
2026-04-02,META,-0.2711275750913319
2026-04-02,TSLA,-0.263921791573939
2026-04-02,AMD,-0.1771648657026761
2026-04-02,NFLX,-0.2632529493095014
2026-04-02,CRM,-0.4872729023411788
2026-04-02,ORCL,-0.5522138056459645
2026-04-02,ADBE,-0.6471083866350235
2026-04-02,AVGO,-0.23526420736599052
2026-04-02,QCOM,-0.41947678828848134
2026-04-02,INTC,-0.07253311209212687
2026-04-02,BTC-USD,-0.4638299548531205
2026-04-02,ETH-USD,-0.5742694855235209
2026-04-02,SOL-USD,-0.6930799045787988
2026-04-06,AAPL,-0.09464965045934137
2026-04-06,MSFT,-0.30925787953613204
2026-04-06,NVDA,-0.14190739992127743
2026-04-06,GOOGL,-0.1265351081465056
2026-04-06,AMZN,-0.16224412092073692
2026-04-06,META,-0.2729546000737575
2026-04-06,TSLA,-0.2797827961796089
2026-04-06,AMD,-0.16702605129673453
2026-04-06,NFLX,-0.26123673987212115
2026-04-06,CRM,-0.493162230294636
2026-04-06,ORCL,-0.5547834476493197
2026-04-06,ADBE,-0.6450164848211434
2026-04-06,AVGO,-0.2355559661735479
2026-04-06,QCOM,-0.42437550476794206
2026-04-06,INTC,-0.06516938393621974
2026-04-06,BTC-USD,-0.4480286096399346
2026-04-06,ETH-USD,-0.5637322754366472
2026-04-06,SOL-USD,-0.6884139558964043
2026-04-07,AAPL,-0.11339598095337278
2026-04-07,MSFT,-0.310350820809965
2026-04-07,NVDA,-0.1396853490920309
2026-04-07,GOOGL,-0.11060839031868652
2026-04-07,AMZN,-0.15838580995094131
2026-04-07,META,-0.27037906269088074
2026-04-07,TSLA,-0.2923777446695158
2026-04-07,AMD,-0.16191877564851154
2026-04-07,NFLX,-0.26205817330251335
2026-04-07,CRM,-0.4988323439300527
2026-04-07,ORCL,-0.5620333831133218
2026-04-07,ADBE,-0.6511469106831607
2026-04-07,AVGO,-0.1880502024667653
2026-04-07,QCOM,-0.43197543472081534
2026-04-07,INTC,-0.025957287469323354
2026-04-07,BTC-USD,-0.42333271794835825
2026-04-07,ETH-USD,-0.5359873999985043
2026-04-07,SOL-USD,-0.6670467759872462
2026-04-08,AAPL,-0.09450968664036263
2026-04-08,MSFT,-0.3065719288179921
2026-04-08,NVDA,-0.12045985917407498
2026-04-08,GOOGL,-0.07607616931738304
2026-04-08,AMZN,-0.12893700787401574
2026-04-08,META,-0.22296414944431353
2026-04-08,TSLA,-0.29931820735955295
2026-04-08,AMD,-0.12299012938193044
2026-04-08,NFLX,-0.2578016805144687
2026-04-08,CRM,-0.5168838792004119
2026-04-08,ORCL,-0.5605344370289413
2026-04-08,ADBE,-0.6523526602610653
2026-04-08,AVGO,-0.14754627790506603
2026-04-08,QCOM,-0.41622621668813564
2026-04-08,INTC,0.0
2026-04-08,BTC-USD,-0.4298844387175511
2026-04-08,ETH-USD,-0.5466409866713184
2026-04-08,SOL-USD,-0.6789669520808375
2026-04-09,AAPL,-0.08894877121069344
2026-04-09,MSFT,-0.3089059586897147
2026-04-09,NVDA,-0.11162004482221821
2026-04-09,GOOGL,-0.07266963690670492
2026-04-09,AMZN,-0.08011813426580938
2026-04-09,META,-0.2027014866764172
2026-04-09,TSLA,-0.29448029788465113
2026-04-09,AMD,-0.10475537619356312
2026-04-09,NFLX,-0.2379380095217456
2026-04-09,CRM,-0.5308338468253735
2026-04-09,ORCL,-0.57680413601951
2026-04-09,ADBE,-0.6659645189760756
2026-04-09,AVGO,-0.13714071008391104
2026-04-09,QCOM,-0.41512742993595364
2026-04-09,INTC,0.0
2026-04-09,BTC-USD,-0.424718461373905
2026-04-09,ETH-USD,-0.5468875857765678
2026-04-09,SOL-USD,-0.6761833987135601
2026-04-10,AAPL,-0.0889837354343802
2026-04-10,MSFT,-0.3129813723755077
2026-04-10,NVDA,-0.08881997709244227
2026-04-10,GOOGL,-0.07630917293147466
2026-04-10,AMZN,-0.061496043768454745
2026-04-10,META,-0.20083637281549427
2026-04-10,TSLA,-0.2876826799850589
2026-04-10,AMD,-0.07297693892500956
2026-04-10,NFLX,-0.23076918256150025
2026-04-10,CRM,-0.5470082358764579
2026-04-10,ORCL,-0.5760980943408182
2026-04-10,ADBE,-0.6726324393829045
2026-04-10,AVGO,-0.09668554847677935
2026-04-10,QCOM,-0.41370819308868345
2026-04-10,INTC,0.0
2026-04-10,BTC-USD,-0.41500949003790255
2026-04-10,ETH-USD,-0.5352956591887172
2026-04-10,SOL-USD,-0.6702326829003242
2026-04-13,AAPL,-0.09346043915706492
2026-04-13,MSFT,-0.287973252653398
2026-04-13,NVDA,-0.08553528981370206
2026-04-13,GOOGL,-0.06445872833406685
2026-04-13,AMZN,-0.05555118350532107
2026-04-13,META,-0.1949110310512019
2026-04-13,TSLA,-0.28059931020854967
2026-04-13,AMD,-0.06620506802177206
2026-04-13,NFLX,-0.22964904088616822
2026-04-13,CRM,-0.5254241054275681
2026-04-13,ORCL,-0.5222853658678743
2026-04-13,ADBE,-0.6511904901237372
2026-04-13,AVGO,-0.07674954036262371
2026-04-13,QCOM,-0.3991492686222712
2026-04-13,INTC,0.0
2026-04-13,BTC-USD,-0.40294084714212963
2026-04-13,ETH-USD,-0.5093057810713357
2026-04-13,SOL-USD,-0.6631260681676951
2026-04-14,AAPL,-0.09475454313040144
2026-04-14,MSFT,-0.27178285030683524
2026-04-14,NVDA,-0.05075559184358558
2026-04-14,GOOGL,-0.03068361338695169
2026-04-14,AMZN,-0.01960628239188622
2026-04-14,META,-0.15943554609289556
2026-04-14,TSLA,-0.2565526076244854
2026-04-14,AMD,-0.035031890888078565
2026-04-14,NFLX,-0.20635036750856472
2026-04-14,CRM,-0.5295707026986718
2026-04-14,ORCL,-0.4996305983920619
2026-04-14,ADBE,-0.657567873537872
2026-04-14,AVGO,-0.07424550681013742
2026-04-14,QCOM,-0.39182414110491726
2026-04-14,INTC,-0.0210187009124021
2026-04-14,BTC-USD,-0.4053699060715451
2026-04-14,ETH-USD,-0.5191179998952964
2026-04-14,SOL-USD,-0.6743294760067262
2026-04-15,AAPL,-0.06817392765955577
2026-04-15,MSFT,-0.23823491715499467
2026-04-15,NVDA,-0.039355521040556285
2026-04-15,GOOGL,-0.018425612639809907
2026-04-15,AMZN,-0.021653543307086576
2026-04-15,META,-0.14790214059497153
2026-04-15,TSLA,-0.19990608250934372
2026-04-15,AMD,-0.023493329438733057
2026-04-15,NFLX,-0.195671789886239
2026-04-15,CRM,-0.5122978853666931
2026-04-15,ORCL,-0.47872558842447
2026-04-15,ADBE,-0.6445806682488265
2026-04-15,AVGO,-0.03549206064652377
2026-04-15,QCOM,-0.39086268507217903
2026-04-15,INTC,-0.003682078285453416
2026-04-15,BTC-USD,-0.4003722619856661
2026-04-15,ETH-USD,-0.5116400841590192
2026-04-15,SOL-USD,-0.6698794742627789
2026-04-16,AAPL,-0.07877118823936102
2026-04-16,MSFT,-0.22148876367822667
2026-04-16,NVDA,-0.04186738852659955
2026-04-16,GOOGL,-0.02162850042557185
2026-04-16,AMZN,-0.016929145873062268
2026-04-16,META,-0.14119027512582127
2026-04-16,TSLA,-0.20613213435907485
2026-04-16,AMD,0.0
2026-04-16,NFLX,-0.1950743733963589
2026-04-16,CRM,-0.5023571536125502
2026-04-16,ORCL,-0.45254061255519873
2026-04-16,ADBE,-0.6394961932937493
2026-04-16,AVGO,-0.03123739980143425
2026-04-16,QCOM,-0.38436154187148774
2026-04-16,INTC,0.0
2026-04-16,BTC-USD,-0.39759031692994207
2026-04-16,ETH-USD,-0.5138738273656687
2026-04-16,SOL-USD,-0.6540385606906696
2026-04-17,AAPL,-0.0548835664620172
2026-04-17,MSFT,-0.21680202942535076
2026-04-17,NVDA,-0.025781862249692367
2026-04-17,GOOGL,-0.005148499101748416
2026-04-17,AMZN,-0.013543316698449992
2026-04-17,META,-0.12637075357488559
2026-04-17,TSLA,-0.18220790576455037
2026-04-17,AMD,0.0
2026-04-17,NFLX,-0.27333416741471905
2026-04-17,CRM,-0.4998307391078597
2026-04-17,ORCL,-0.4626094033226309
2026-04-17,ADBE,-0.6448857464994138
2026-04-17,AVGO,-0.011617494748490165
2026-04-17,QCOM,-0.3764411970726843
2026-04-17,INTC,0.0
2026-04-17,BTC-USD,-0.3817610414217547
2026-04-17,ETH-USD,-0.4988828252010541
2026-04-17,SOL-USD,-0.6545052445358099
2026-04-20,AAPL,-0.04502087535232868
2026-04-20,MSFT,-0.22554561637744253
2026-04-20,NVDA,-0.023946258254935793
2026-04-20,GOOGL,-0.0175520492618928
2026-04-20,AMZN,-0.02251968984528785
2026-04-20,META,-0.1487522750541428
2026-04-20,TSLA,-0.19878338350655367
2026-04-20,AMD,-0.012356773807962962
2026-04-20,NFLX,-0.291853622818826
2026-04-20,CRM,-0.48848945974296765
2026-04-20,ORCL,-0.4548735912303993
2026-04-20,ADBE,-0.6388134191693147
2026-04-20,AVGO,-0.028417263187736186
2026-04-20,QCOM,-0.370397869935683
2026-04-20,INTC,-0.04087595695996804
2026-04-20,BTC-USD,-0.39181575975036576
2026-04-20,ETH-USD,-0.5207937620937153
2026-04-20,SOL-USD,-0.6682715430279242
2026-04-21,AAPL,-0.06908321132387485
2026-04-21,MSFT,-0.21426422603126716
2026-04-21,NVDA,-0.034476657458726745
2026-04-21,GOOGL,-0.03248883535469971
2026-04-21,AMZN,-0.016102347786971172
2026-04-21,META,-0.15137862346637965
2026-04-21,TSLA,-0.2111945587161237
2026-04-21,AMD,0.0
2026-04-21,NFLX,-0.3086555770304926
2026-04-21,CRM,-0.48618280664522795
2026-04-21,ORCL,-0.4438532117681323
2026-04-21,ADBE,-0.6409198622410881
2026-04-21,AVGO,-0.022241937510757648
2026-04-21,QCOM,-0.37937124807962586
2026-04-21,INTC,-0.032700698741160994
2026-04-21,BTC-USD,-0.3879661384626214
2026-04-21,ETH-USD,-0.5181530798308007
2026-04-21,SOL-USD,-0.6655638869571014
2026-04-22,AAPL,-0.04460098389539302
2026-04-22,MSFT,-0.19803670171154997
2026-04-22,NVDA,-0.021820763727099846
2026-04-22,GOOGL,-0.01201992603491997
2026-04-22,AMZN,0.0
2026-04-22,META,-0.14391816802268764
2026-04-22,TSLA,-0.2089695315114486
2026-04-22,AMD,0.0
2026-04-22,NFLX,-0.303727033420912
2026-04-22,CRM,-0.47879584384129814
2026-04-22,ORCL,-0.42442167191195956
2026-04-22,ADBE,-0.6281941335955016
2026-04-22,AVGO,0.0
2026-04-22,QCOM,-0.377036273357502
2026-04-22,INTC,-0.047153333677862674
2026-04-22,BTC-USD,-0.3731341498331321
2026-04-22,ETH-USD,-0.5081936090001397
2026-04-22,SOL-USD,-0.662118197152407
2026-04-23,AAPL,-0.04369180715530541
2026-04-23,MSFT,-0.2298433078107469
2026-04-23,NVDA,-0.035636071838479166
2026-04-23,GOOGL,-0.01327195347329757
2026-04-23,AMZN,-0.001096486445127165
2026-04-23,META,-0.1636732635156174
2026-04-23,TSLA,-0.23711929963317613
2026-04-23,AMD,0.0
2026-04-23,NFLX,-0.3068633845336243
2026-04-23,CRM,-0.5241059999072474
2026-04-23,ORCL,-0.45886429428640674
2026-04-23,ADBE,-0.6528320562739587
2026-04-23,AVGO,-0.006411866593703297
2026-04-23,QCOM,-0.3867422700006542
2026-04-23,INTC,-0.025109506871578424
2026-04-23,BTC-USD,-0.3726062923071952
2026-04-23,ETH-USD,-0.5174196496230975
2026-04-23,SOL-USD,-0.6651300652473546
2026-04-24,AAPL,-0.05198078742639467
2026-04-24,MSFT,-0.21341206673009572
2026-04-24,NVDA,0.0
2026-04-24,GOOGL,0.0
2026-04-24,AMZN,0.0
2026-04-24,META,-0.14352478980912275
2026-04-24,TSLA,-0.23185273119488503
2026-04-24,AMD,0.0
2026-04-24,NFLX,-0.3097010274013967
2026-04-24,CRM,-0.5107601026069459
2026-04-24,ORCL,-0.46807352948641756
2026-04-24,ADBE,-0.6434475584607333
2026-04-24,AVGO,0.0
2026-04-24,QCOM,-0.31852612554791293
2026-04-24,INTC,0.0
2026-04-24,BTC-USD,-0.37912832930995133
2026-04-24,ETH-USD,-0.5206948697885978
2026-04-24,SOL-USD,-0.664777004904644
2026-04-27,AAPL,-0.06404697309797025
2026-04-27,MSFT,-0.21304158489710123
2026-04-27,NVDA,0.0
2026-04-27,GOOGL,0.0
2026-04-27,AMZN,-0.010871605831113018
2026-04-27,META,-0.1389698719298308
2026-04-27,TSLA,-0.2270147594239561
2026-04-27,AMD,-0.03789423181707374
2026-04-27,NFLX,-0.3176912877920338
2026-04-27,CRM,-0.505213041892618
2026-04-27,ORCL,-0.46905585856191045
2026-04-27,ADBE,-0.6523526602610653
2026-04-27,AVGO,-0.010786275792284195
2026-04-27,QCOM,-0.3120708767508962
2026-04-27,INTC,0.0
2026-04-27,BTC-USD,-0.37983923672891406
2026-04-27,ETH-USD,-0.5233082644456037
2026-04-27,SOL-USD,-0.6702742351130375
2026-04-28,AAPL,-0.05320485602812619
2026-04-28,MSFT,-0.2048352448500641
2026-04-28,NVDA,-0.015881097300298075
2026-04-28,GOOGL,-0.001598417124858642
2026-04-28,AMZN,-0.01625053292185452
2026-04-28,META,-0.14820669647476958
2026-04-28,TSLA,-0.23242429724474634
2026-04-28,AMD,-0.07072828922742891
2026-04-28,NFLX,-0.3109705516855851
2026-04-28,CRM,-0.5020825149795047
2026-04-28,ORCL,-0.49054408969648244
2026-04-28,ADBE,-0.6467016304119414
2026-04-28,AVGO,-0.05423885464042022
2026-04-28,QCOM,-0.31326124081547935
2026-04-28,INTC,-0.005530076862179545
2026-04-28,BTC-USD,-0.387982984313194
2026-04-28,ETH-USD,-0.5261323800593496
2026-04-28,SOL-USD,-0.6733018224604748
2026-04-29,AAPL,-0.05509345872836935
2026-04-29,MSFT,-0.21370847490106204
2026-04-29,NVDA,-0.03397812061655647
2026-04-29,GOOGL,-0.0011416642202433103
2026-04-29,AMZN,-0.0035985519322521142
2026-04-29,META,-0.1510234117054028
2026-04-29,TSLA,-0.23899733796616418
2026-04-29,AMD,-0.0307639581442124
2026-04-29,NFLX,-0.31209063638814494
2026-04-29,CRM,-0.5023571536125502
2026-04-29,ORCL,-0.49708267207045587
2026-04-29,ADBE,-0.6461641137005781
2026-04-29,AVGO,-0.04094525773994884
2026-04-29,QCOM,-0.2857916425092437
2026-04-29,INTC,0.0
2026-04-29,BTC-USD,-0.39258841441343495
2026-04-29,ETH-USD,-0.5335845241678241
2026-04-29,SOL-USD,-0.6772363513586298
2026-04-30,AAPL,-0.050966397242552586
2026-04-30,MSFT,-0.24460735226220964
2026-04-30,NVDA,-0.07866667975205621
2026-04-30,GOOGL,0.0
2026-04-30,AMZN,0.0
2026-04-30,META,-0.22361127250831636
2026-04-30,TSLA,-0.220972480854562
2026-04-30,AMD,0.0
2026-04-30,NFLX,-0.30096402488479534
2026-04-30,CRM,-0.5152362157371893
2026-04-30,ORCL,-0.5045728901429043
2026-04-30,ADBE,-0.6424887664349465
2026-04-30,AVGO,-0.01260766175792083
2026-04-30,QCOM,-0.17783630234640957
2026-04-30,INTC,-0.0028495687922576174
2026-04-30,BTC-USD,-0.3883545323854902
2026-04-30,ETH-USD,-0.5329976385103716
2026-04-30,SOL-USD,-0.6772484522171501
2026-05-01,AAPL,-0.020223756062202947
2026-05-01,MSFT,-0.2322700290925016
2026-05-01,NVDA,-0.08383733853341069
2026-05-01,GOOGL,0.0
2026-05-01,AMZN,0.0
2026-05-01,META,-0.227620611808235
2026-05-01,TSLA,-0.20221277980572105
2026-05-01,AMD,0.0
2026-05-01,NFLX,-0.3125387272419412
2026-05-01,CRM,-0.49521730666109376
2026-05-01,ORCL,-0.47252468020133354
2026-05-01,ADBE,-0.6357917856788826
2026-05-01,AVGO,-0.003500876794604202
2026-05-01,QCOM,-0.18960240077785018
2026-05-01,INTC,0.0
2026-05-01,BTC-USD,-0.37332734481088936
2026-05-01,ETH-USD,-0.5249579518205987
2026-05-01,SOL-USD,-0.6745282207443357
2026-05-04,AAPL,-0.031800549526395105
2026-05-04,MSFT,-0.23378907839763396
2026-05-04,NVDA,-0.08369888287251226
2026-05-04,GOOGL,-0.006326413831408972
2026-05-04,AMZN,0.0
2026-05-04,META,-0.22551439767364612
2026-05-04,TSLA,-0.19876295040962133
2026-05-04,AMD,-0.05269872843427492
2026-05-04,NFLX,-0.32030497069206654
2026-05-04,CRM,-0.4906589197754714
2026-05-04,ORCL,-0.4465546049748277
2026-05-04,ADBE,-0.6310704875063109
2026-05-04,AVGO,-0.014807507187108326
2026-05-04,QCOM,-0.22911275895441408
2026-05-04,INTC,-0.03854651537255571
2026-05-04,BTC-USD,-0.360109927629224
2026-05-04,ETH-USD,-0.5143391315790165
2026-05-04,SOL-USD,-0.673104026809808
2026-05-05,AAPL,-0.0060941465719505095
2026-05-05,MSFT,-0.23793856574545524
2026-05-05,NVDA,-0.0928397100720103
2026-05-05,GOOGL,0.0
2026-05-05,AMZN,0.0
2026-05-05,META,-0.2324293521120555
2026-05-05,TSLA,-0.20517271324366193
2026-05-05,AMD,-0.0146446958843931
2026-05-05,NFLX,-0.3436783353740981
2026-05-05,CRM,-0.48651228042060546
2026-05-05,ORCL,-0.43102164103996865
2026-05-05,ADBE,-0.6286590105170534
2026-05-05,AVGO,0.0
2026-05-05,QCOM,-0.1459258036244031
2026-05-05,INTC,0.0
2026-05-05,BTC-USD,-0.3512992972837976
2026-05-05,ETH-USD,-0.5112787760437458
2026-05-05,SOL-USD,-0.6644375876867359
2026-05-06,AAPL,0.0
2026-05-06,MSFT,-0.23315925360540068
2026-05-06,NVDA,-0.040533689029997766
2026-05-06,GOOGL,0.0
2026-05-06,AMZN,0.0
2026-05-06,META,-0.2223804819864429
2026-05-06,TSLA,-0.18606596102710704
2026-05-06,AMD,0.0
2026-05-06,NFLX,-0.34084069250632565
2026-05-06,CRM,-0.5024395115354539
2026-05-06,ORCL,-0.404376217511789
2026-05-06,ADBE,-0.6365762599423634
2026-05-06,AVGO,-0.004492630151925248
2026-05-06,QCOM,-0.11836469850408216
2026-05-06,INTC,0.0
2026-05-06,BTC-USD,-0.34728754251228866
2026-05-06,ETH-USD,-0.5134273718134392
2026-05-06,SOL-USD,-0.6534522918907402
2026-05-07,AAPL,-0.0002435044393305219
2026-05-07,MSFT,-0.2205440264898768
2026-05-07,NVDA,-0.023590768841248888
2026-05-07,GOOGL,-0.0001256638613763572
2026-05-07,AMZN,-0.01389133038400725
2026-05-07,META,-0.2173940970150886
2026-05-07,TSLA,-0.15940637617281617
2026-05-07,AMD,-0.030684218286820997
2026-05-07,NFLX,-0.3409900181424096
2026-05-07,CRM,-0.4882972632003506
2026-05-07,ORCL,-0.4026571533805866
2026-05-07,ADBE,-0.6273660798914442
2026-05-07,AVGO,-0.03463115649758275
2026-05-07,QCOM,-0.07267368247107309
2026-05-07,INTC,-0.0299973393997629
2026-05-07,BTC-USD,-0.35865035053146466
2026-05-07,ETH-USD,-0.5257829976385104
2026-05-07,SOL-USD,-0.6563299235012197
2026-05-08,AAPL,0.0
2026-05-08,MSFT,-0.23101037950803494
2026-05-08,NVDA,-0.006509392991601803
2026-05-08,GOOGL,0.0
2026-05-08,AMZN,-0.008400296885806346
2026-05-08,META,-0.22650401034776313
2026-05-08,TSLA,-0.12560218454724614
2026-05-08,AMD,0.0
2026-05-08,NFLX,-0.3466653608507265
2026-05-08,CRM,-0.500709448065565
2026-05-08,ORCL,-0.3984822900624715
2026-05-08,ADBE,-0.6324069975724966
2026-05-08,AVGO,0.0
2026-05-08,QCOM,0.0
2026-05-08,INTC,0.0
2026-05-08,BTC-USD,-0.35723335773998577
2026-05-08,ETH-USD,-0.5224993385282197
2026-05-08,SOL-USD,-0.6425487362076907
2026-05-11,AAPL,-0.0012626131025762488
2026-05-11,MSFT,-0.23556741390057812
2026-05-11,NVDA,0.0
2026-05-11,GOOGL,-0.03033930483185232
2026-05-11,AMZN,-0.021818976010312907
2026-05-11,META,-0.2401689967079107
2026-05-11,TSLA,-0.09161428193736654
2026-05-11,AMD,0.0
2026-05-11,NFLX,-0.3618991395060369
2026-05-11,CRM,-0.5125999626127855
2026-05-11,ORCL,-0.40495948568240914
2026-05-11,ADBE,-0.6424161488116866
2026-05-11,AVGO,-0.0036511554574273353
2026-05-11,QCOM,0.0
2026-05-11,INTC,0.0
2026-05-11,BTC-USD,-0.34487664453702216
2026-05-11,ETH-USD,-0.5157954812128875
2026-05-11,SOL-USD,-0.6215551703053473
2026-05-12,AAPL,0.0
2026-05-12,MSFT,-0.2446259132487868
2026-05-12,NVDA,0.0
2026-05-12,GOOGL,-0.03355784106340842
2026-05-12,AMZN,-0.03334660618861307
2026-05-12,META,-0.2349162223093465
2026-05-12,TSLA,-0.11519145936417674
2026-05-12,AMD,-0.0228862874178567
2026-05-12,NFLX,-0.34539583656653816
2026-05-12,CRM,-0.5295707026986718
2026-05-12,ORCL,-0.426478410193999
2026-05-12,ADBE,-0.6501445392167973
2026-05-12,AVGO,-0.024883702249272943
2026-05-12,QCOM,-0.1145960125319535
2026-05-12,INTC,-0.06821694734633343
2026-05-12,BTC-USD,-0.35490293157879316
2026-05-12,ETH-USD,-0.5291907648230822
2026-05-12,SOL-USD,-0.633473566860921
2026-05-13,AAPL,0.0
2026-05-13,MSFT,-0.24936816017711372
2026-05-13,NVDA,0.0
2026-05-13,GOOGL,0.0
2026-05-13,AMZN,-0.01767331729936905
2026-05-13,META,-0.2176224751378918
2026-05-13,TSLA,-0.09106314898443768
2026-05-13,AMD,-0.028967519556652666
2026-05-13,NFLX,-0.3461426356652745
2026-05-13,CRM,-0.5445917020752429
2026-05-13,ORCL,-0.4174840756367536
2026-05-13,ADBE,-0.6570594171757437
2026-05-13,AVGO,-0.03072087941637347
2026-05-13,QCOM,-0.10255545223476303
2026-05-13,INTC,-0.07068913282832212
2026-05-13,BTC-USD,-0.36452498083079976
2026-05-13,ETH-USD,-0.532723347538385
2026-05-13,SOL-USD,-0.645908859892701
2026-05-14,AAPL,-0.002208293097152536
2026-05-14,MSFT,-0.24155086294964845
2026-05-14,NVDA,0.0
2026-05-14,GOOGL,-0.003849747892246569
2026-05-14,AMZN,-0.028255533981616843
2026-05-14,META,-0.21533869390985982
2026-05-14,TSLA,-0.0950845444303986
2026-05-14,AMD,-0.019812977982497926
2026-05-14,NFLX,-0.35077247102991505
2026-05-14,CRM,-0.5398135537826696
2026-05-14,ORCL,-0.39952600589200027
2026-05-14,ADBE,-0.6556938910934262
2026-05-14,AVGO,0.0
2026-05-14,QCOM,-0.15766423035892219
2026-05-14,INTC,-0.10437269685888684
2026-05-14,BTC-USD,-0.3503037638765346
2026-05-14,ETH-USD,-0.5278885901625957
2026-05-14,SOL-USD,-0.6417754972800354
2026-05-15,AAPL,0.0
2026-05-15,MSFT,-0.21841371337908833
2026-05-15,NVDA,-0.04420118716323329
2026-05-15,GOOGL,-0.014504989751991881
2026-05-15,AMZN,-0.039455892837008455
2026-05-15,META,-0.2206676460654189
2026-05-15,TSLA,-0.1380746590476134
2026-05-15,AMD,-0.07561193965715929
2026-05-15,NFLX,-0.3501751115128071
2026-05-15,CRM,-0.5235293681956343
2026-05-15,ORCL,-0.4076915722661226
2026-05-15,ADBE,-0.6403097057399133
2026-05-15,AVGO,-0.0331976894209306
2026-05-15,QCOM,-0.1517281612661815
2026-05-15,INTC,-0.15968792806301557
2026-05-15,BTC-USD,-0.36621983622075804
2026-05-15,ETH-USD,-0.5398119600970307
2026-05-15,SOL-USD,-0.6532371754033679
2026-05-18,AAPL,-0.007960661114649215
2026-05-18,MSFT,-0.21541267998055125
2026-05-18,NVDA,-0.056927095389297744
2026-05-18,GOOGL,-0.014107545990056591
2026-05-18,AMZN,-0.03683772225373971
2026-05-18,META,-0.22449934069780375
2026-05-18,TSLA,-0.16308078274709037
2026-05-18,AMD,-0.08239067461480198
2026-05-18,NFLX,-0.33053545746059587
2026-05-18,CRM,-0.5071353019051235
2026-05-18,ORCL,-0.42715375849567283
2026-05-18,ADBE,-0.6286299501678185
2026-05-18,AVGO,-0.04338435135663177
2026-05-18,QCOM,-0.1426766720724244
2026-05-18,INTC,-0.16432326847405032
2026-05-18,BTC-USD,-0.3831454071197453
2026-05-18,ETH-USD,-0.5594364482775558
2026-05-18,SOL-USD,-0.6684117113057846
2026-05-19,AAPL,-0.004196873480333596
2026-05-19,MSFT,-0.2267496965250314
2026-05-19,NVDA,-0.06418091497826939
2026-05-19,GOOGL,-0.037156627979964996
2026-05-19,AMZN,-0.05691114023148924
2026-05-19,META,-0.2354110674334503
2026-05-19,TSLA,-0.17508373209020367
2026-05-19,AMD,-0.09751742609619718
2026-05-19,NFLX,-0.3329250664473443
2026-05-19,CRM,-0.5073000598346933
2026-05-19,ORCL,-0.4429629628236931
2026-05-19,ADBE,-0.6295742009357121
2026-05-19,AVGO,-0.06530389606989617
2026-05-19,QCOM,-0.1764829054797995
2026-05-19,INTC,-0.1440049369443286
2026-05-19,BTC-USD,-0.3847747578268076
2026-05-19,ETH-USD,-0.5632764208201604
2026-05-19,SOL-USD,-0.6726424146480181
2026-05-20,AAPL,0.0
2026-05-20,MSFT,-0.22000683634624874
2026-05-20,NVDA,-0.05204887381940215
2026-05-20,GOOGL,-0.03405190689904536
2026-05-20,AMZN,-0.036292159071841246
2026-05-20,META,-0.23230244089979124
2026-05-20,TSLA,-0.148240373955576
2026-05-20,AMD,-0.02443388426920945
2026-05-20,NFLX,-0.3421848511221699
2026-05-20,CRM,-0.5054327191320442
2026-05-20,ORCL,-0.4223956270069379
2026-05-20,ADBE,-0.6319276015596031
2026-05-20,AVGO,-0.05009206861886761
2026-05-20,QCOM,-0.14743398086600334
2026-05-20,INTC,-0.08096417768284259
2026-05-20,BTC-USD,-0.37910860275630676
2026-05-20,ETH-USD,-0.5597536919625469
2026-05-20,SOL-USD,-0.6655153945461194
2026-05-21,AAPL,0.0
2026-05-21,MSFT,-0.22197469825341687
2026-05-21,NVDA,-0.06884705970277838
2026-05-21,GOOGL,-0.037156627979964996
2026-05-21,AMZN,-0.023746314452141815
2026-05-21,META,-0.22935881445689366
2026-05-21,TSLA,-0.1470360048610836
2026-05-21,AMD,-0.02005277367789593
2026-05-21,NFLX,-0.3331490833878563
2026-05-21,CRM,-0.5158403281456119
2026-05-21,ORCL,-0.4174533352560956
2026-05-21,ADBE,-0.6453941806949905
2026-05-21,AVGO,-0.057345527267086194
2026-05-21,QCOM,-0.10154504921970897
2026-05-21,INTC,-0.08451794062935436
2026-05-21,BTC-USD,-0.37845612351051994
2026-05-21,ETH-USD,-0.558837333730048
2026-05-21,SOL-USD,-0.6611837320803488
2026-05-22,AAPL,0.0
2026-05-22,MSFT,-0.22293998307828344
2026-05-22,NVDA,-0.08657847453105649
2026-05-22,GOOGL,-0.04880528951580998
2026-05-22,AMZN,-0.03152835818775368
2026-05-22,META,-0.22570476449204258
2026-05-22,TSLA,-0.13037885702737806
2026-05-22,AMD,0.0
2026-05-22,NFLX,-0.33837639221514926
2026-05-22,CRM,-0.5055151191387104
2026-05-22,ORCL,-0.41036222509216014
2026-05-22,ADBE,-0.6444354108357552
2026-05-22,AVGO,-0.05832323848703613
2026-05-22,QCOM,0.0
2026-05-22,INTC,-0.07416568234276166
2026-05-22,BTC-USD,-0.39489610806995146
2026-05-22,ETH-USD,-0.5726582534598157
2026-05-22,SOL-USD,-0.6722595470435111
2026-05-26,AAPL,-0.001586735786880733
2026-05-26,MSFT,-0.2276554386131412
2026-05-26,NVDA,-0.08857215257803441
2026-05-26,GOOGL,-0.03412650823912222
2026-05-26,AMZN,-0.03527394463044198
2026-05-26,META,-0.22306553878076185
2026-05-26,TSLA,-0.11490570748725981
2026-05-26,AMD,0.0
2026-05-26,NFLX,-0.3452465109304542
2026-05-26,CRM,-0.5082337301860178
2026-05-26,ORCL,-0.40735389811528566
2026-05-26,ADBE,-0.6506384543210323
2026-05-26,AVGO,-0.04042831020558657
2026-05-26,QCOM,0.0
2026-05-26,INTC,-0.04573551982911661
2026-05-26,BTC-USD,-0.3921908147655321
2026-05-26,ETH-USD,-0.5713705816565436
2026-05-26,SOL-USD,-0.6750607474961308
2026-05-27,AAPL,0.0
2026-05-27,MSFT,-0.23389312209303448
2026-05-27,NVDA,-0.09815901209168887
2026-05-27,GOOGL,-0.03425074261725636
2026-05-27,AMZN,-0.011418539737330646
2026-05-27,META,-0.19398487398321695
2026-05-27,TSLA,-0.10108601910195547
2026-05-27,AMD,-0.016571088651838872
2026-05-27,NFLX,-0.3477108112216307
2026-05-27,CRM,-0.5125450853866913
2026-05-27,ORCL,-0.413800306350925
2026-05-27,ADBE,-0.653907045363582
2026-05-27,AVGO,-0.04076955523399972
2026-05-27,QCOM,-0.061972614411613614
2026-05-27,INTC,-0.05925529707720634
2026-05-27,BTC-USD,-0.4040625678687382
2026-05-27,ETH-USD,-0.5814422853996553
2026-05-27,SOL-USD,-0.6797971955429928
2026-05-28,AAPL,0.0
2026-05-28,MSFT,-0.20730862402468253
2026-05-28,NVDA,-0.09115982744249718
2026-05-28,GOOGL,-0.031021787158202585
2026-05-28,AMZN,-0.0036000955290453884
2026-05-28,META,-0.19394678510471963
2026-05-28,TSLA,-0.09753408651722095
2026-05-28,AMD,0.0
2026-05-28,NFLX,-0.35510365512238773
2026-05-28,CRM,-0.5162248053983703
2026-05-28,ORCL,-0.37469172662607675
2026-05-28,ADBE,-0.6492583869808217
2026-05-28,AVGO,-0.03003708228468316
2026-05-28,QCOM,-0.022225030475808705
2026-05-28,INTC,-0.06605379241728737
2026-05-28,BTC-USD,-0.410540580213678
2026-05-28,ETH-USD,-0.584473635220497
2026-05-28,SOL-USD,-0.6812849189847522
2026-05-29,AAPL,-0.0014399642515899869
2026-05-29,MSFT,-0.16414581601873313
2026-05-29,NVDA,-0.10435225282829674
2026-05-29,GOOGL,-0.05533757409950757
2026-05-29,AMZN,-0.015818668825836157
2026-05-29,META,-0.19747400143139715
2026-05-29,TSLA,-0.11041478688404494
2026-05-29,AMD,-0.003841130240645252
2026-05-29,NFLX,-0.3576426467179923
2026-05-29,CRM,-0.47522596244933224
2026-05-29,ORCL,-0.30691163146438716
2026-05-29,ADBE,-0.6234437972402466
2026-05-29,AVGO,0.0
2026-05-29,QCOM,0.0
2026-05-29,INTC,-0.11402968060752239
2026-05-29,BTC-USD,-0.41185543329406393
2026-05-29,ETH-USD,-0.5835575801836193
2026-05-29,SOL-USD,-0.6814907225564986
2026-06-01,AAPL,-0.01983940972900955
2026-06-01,MSFT,-0.1450613755632294
2026-06-01,NVDA,-0.04827352969568888
2026-06-01,GOOGL,-0.06519792843538219
2026-06-01,AMZN,-0.04992901907828673
2026-06-01,META,-0.238126238179454
2026-06-01,TSLA,-0.15105740030704462
2026-06-01,AMD,-0.015364167538544082
2026-06-01,NFLX,-0.3589121140294085
2026-06-01,CRM,-0.4244236649789115
2026-06-01,ORCL,-0.2382412873582581
2026-06-01,ADBE,-0.6019146669333746
2026-06-01,AVGO,0.0
2026-06-01,QCOM,-0.08776187939481728
2026-06-01,INTC,-0.15536155926337214
2026-06-01,BTC-USD,-0.42831000924079443
2026-06-01,ETH-USD,-0.5853701846724102
2026-06-01,SOL-USD,-0.684777440298279
2026-06-02,AAPL,0.0
2026-06-02,MSFT,-0.1807240691949038
2026-06-02,NVDA,-0.054806197185145344
2026-06-02,GOOGL,-0.10126171888014202
2026-06-02,AMZN,-0.06716608559082848
2026-06-02,META,-0.24172955468903567
2026-06-02,TSLA,-0.13501268471706518
2026-06-02,AMD,0.0
2026-06-02,NFLX,-0.37773027767845524
2026-06-02,CRM,-0.4484792485388728
2026-06-02,ORCL,-0.24920028006648942
2026-06-02,ADBE,-0.6192309554298032
2026-06-02,AVGO,0.0
2026-06-02,QCOM,-0.040554576646152474
2026-06-02,INTC,-0.1661773928501541
2026-06-02,BTC-USD,-0.46531220183157607
2026-06-02,ETH-USD,-0.6154870099878702
2026-06-02,SOL-USD,-0.7117725871421972
2026-06-03,AAPL,-0.01567264307615801
2026-06-03,MSFT,-0.20665881921020113
2026-06-03,NVDA,-0.08903879948805726
2026-06-03,GOOGL,-0.10836523875047077
2026-06-03,AMZN,-0.09080325411347545
2026-06-03,META,-0.20956570765955707
2026-06-03,TSLA,-0.13509429251274008
2026-06-03,AMD,0.0
2026-06-03,NFLX,-0.39124655514132556
2026-06-03,CRM,-0.47657154866646223
2026-06-03,ORCL,-0.2929442647756413
2026-06-03,ADBE,-0.6277583391897363
2026-06-03,AVGO,-0.004859118810437102
2026-06-03,QCOM,-0.004023595738034902
2026-06-03,INTC,-0.12924909642602012
2026-06-03,BTC-USD,-0.48686919178243127
2026-06-03,ETH-USD,-0.6250048511299393
2026-06-03,SOL-USD,-0.7216097250091764
2026-06-04,AAPL,-0.012595190460381378
2026-06-04,MSFT,-0.2053407621175145
2026-06-04,NVDA,-0.07137167592737725
2026-06-04,GOOGL,-0.07557988501983082
2026-06-04,AMZN,-0.07709370413873373
2026-06-04,META,-0.2037418328058037
2026-06-04,TSLA,-0.14581120266965875
2026-06-04,AMD,-0.035611602574429746
2026-06-04,NFLX,-0.3909478468963854
2026-06-04,CRM,-0.4816792128181754
2026-06-04,ORCL,-0.27449505399496155
2026-06-04,ADBE,-0.6245914039531296
2026-06-04,AVGO,-0.13011612109333326
2026-06-04,QCOM,-0.030093509908359795
2026-06-04,INTC,-0.13643389469266698
2026-06-04,BTC-USD,-0.488574912432889
2026-06-04,ETH-USD,-0.6337294819943238
2026-06-04,SOL-USD,-0.7328579178883194
2026-06-05,AAPL,-0.024936591374798978
2026-06-05,MSFT,-0.22646730842649487
2026-06-05,NVDA,-0.12895971928265726
2026-06-05,GOOGL,-0.08467039602534976
2026-06-05,AMZN,-0.10531289313620262
2026-06-05,META,-0.24760416299805865
2026-06-05,TSLA,-0.2018453578371019
2026-06-05,AMD,-0.14034507835162335
2026-06-05,NFLX,-0.38631795455897266
2026-06-05,CRM,-0.4901645618192374
2026-06-05,ORCL,-0.3440556470455298
2026-06-05,ADBE,-0.6347313156806009
2026-06-05,AVGO,-0.19901575136104543
2026-06-05,QCOM,-0.13657252287323174
2026-06-05,INTC,-0.23385355146422593
2026-06-05,BTC-USD,-0.5116518489980539
2026-06-05,ETH-USD,-0.6727909823962601
2026-06-05,SOL-USD,-0.7531970438551722
2026-06-08,AAPL,-0.043337544747486634
2026-06-08,MSFT,-0.23561969117469928
2026-06-08,NVDA,-0.11392568318716534
2026-06-08,GOOGL,-0.09709649004110055
2026-06-08,AMZN,-0.1082584460194308
2026-06-08,META,-0.2572596549101064
2026-06-08,TSLA,-0.16520370676313068
2026-06-08,AMD,-0.09619927575037279
2026-06-08,NFLX,-0.38288289520132013
2026-06-08,CRM,-0.4987048301301559
2026-06-08,ORCL,-0.3497653202254596
2026-06-08,ADBE,-0.6441012722359329
2026-06-08,AVGO,-0.176443743349607
2026-06-08,QCOM,-0.1292553216287886
2026-06-08,INTC,-0.14809954756465293
2026-06-08,BTC-USD,-0.4942740703407571
2026-06-08,ETH-USD,-0.6501704414184624
2026-06-08,SOL-USD,-0.7403372865177217
2026-06-09,AAPL,-0.0782043909952097
2026-06-09,MSFT,-0.2510840013491056
2026-06-09,NVDA,-0.11583677517596735
2026-06-09,GOOGL,-0.09473550561608446
2026-06-09,AMZN,-0.1120040324621191
2026-06-09,META,-0.25827471188594875
2026-06-09,TSLA,-0.19025069665647243
2026-06-09,AMD,-0.12351619728894658
2026-06-09,NFLX,-0.3920679315989454
2026-06-09,CRM,-0.5184765391862531
2026-06-09,ORCL,-0.3682145310061392
2026-06-09,ADBE,-0.6544300208170519
2026-06-09,AVGO,-0.18566358698437568
2026-06-09,QCOM,-0.1786363389873431
2026-06-09,INTC,-0.1662546652237774
2026-06-09,BTC-USD,-0.5058714991003439
2026-06-09,ETH-USD,-0.6610249457229305
2026-06-09,SOL-USD,-0.7474625863995367
2026-06-10,AAPL,-0.07493662044576643
2026-06-10,MSFT,-0.26231566868536793
2026-06-10,NVDA,-0.14883525761660144
2026-06-10,GOOGL,-0.1143190024639692
2026-06-10,AMZN,-0.1345139515909226
2026-06-10,META,-0.2755430147556781
2026-06-10,TSLA,-0.22105415094626424
2026-06-10,AMD,-0.16611373293216247
2026-06-10,NFLX,-0.3876621131748168
2026-06-10,CRM,-0.5306416502827567
2026-06-10,ORCL,-0.38218194469852507
2026-06-10,ADBE,-0.6609672029021514
2026-06-10,AVGO,-0.22731897227828124
2026-06-10,QCOM,-0.2354944193166949
2026-06-10,INTC,-0.17305316056385844
2026-06-10,BTC-USD,-0.5074305230780638
2026-06-10,ETH-USD,-0.6646613982047989
2026-06-10,SOL-USD,-0.7544643121955061
2026-06-11,AAPL,-0.06208764043942128
2026-06-11,MSFT,-0.27534797876532313
2026-06-11,NVDA,-0.12993654432425528
2026-06-11,GOOGL,-0.11086464926327955
2026-06-11,AMZN,-0.12174987060075848
2026-06-11,META,-0.27877847492751084
2026-06-11,TSLA,-0.1852086431003287
2026-06-11,AMD,-0.09966453840899081
2026-06-11,NFLX,-0.39311343894262185
2026-06-11,CRM,-0.5417368658892336
2026-06-11,ORCL,-0.4348588302072466
2026-06-11,ADBE,-0.6821476755178595
2026-06-11,AVGO,-0.19934799282282145
2026-06-11,QCOM,-0.18847249728063298
2026-06-11,INTC,-0.0964153516806594
2026-06-11,BTC-USD,-0.49050288558774235
2026-06-11,ETH-USD,-0.6538687710733591
2026-06-11,SOL-USD,-0.740232115820876
2026-06-12,AAPL,-0.076364198754716
2026-06-12,MSFT,-0.27460542577938263
2026-06-12,NVDA,-0.1285774749348394
2026-06-12,GOOGL,-0.10611786389421884
2026-06-12,AMZN,-0.13251386769227214
2026-06-12,META,-0.2806182220607991
2026-06-12,TSLA,-0.1703478635079091
2026-06-12,AMD,-0.057048608517290766
2026-06-12,NFLX,-0.40005824896235487
2026-06-12,CRM,-0.5432786466064032
2026-06-12,ORCL,-0.43476675007619303
2026-06-12,ADBE,-0.7036186851262616
2026-06-12,AVGO,-0.20661584633441343
2026-06-12,QCOM,-0.15344603237426935
2026-06-12,INTC,-0.03762362990364232
2026-06-12,BTC-USD,-0.4906460126936302
2026-06-12,ETH-USD,-0.6553492752917196
2026-06-12,SOL-USD,-0.7405148547529206
2026-06-15,AAPL,-0.05958123852786945
2026-06-15,MSFT,-0.25786006696259045
2026-06-15,NVDA,-0.09774497892336309
2026-06-15,GOOGL,-0.08208575936309426
2026-06-15,AMZN,-0.10534923812035069
2026-06-15,META,-0.2462972722932809
2026-06-15,TSLA,-0.16071284845594314
2026-06-15,AMD,0.0
2026-06-15,NFLX,-0.3901264134659933
2026-06-15,CRM,-0.5469678775483717
2026-06-15,ORCL,-0.40864316096095743
2026-06-15,ADBE,-0.7002193557619822
2026-06-15,AVGO,-0.1819673450835959
2026-06-15,QCOM,-0.11710000277273602
2026-06-15,INTC,-0.012206441604247553
2026-06-15,BTC-USD,-0.46863202425000894
2026-06-15,ETH-USD,-0.6284761630634562
2026-06-15,SOL-USD,-0.7124082974400515
2026-06-16,AAPL,-0.0506345513874894
2026-06-16,MSFT,-0.26886894569849984
2026-06-16,NVDA,-0.11914936489829131
2026-06-16,GOOGL,-0.07239342879825739
2026-06-16,AMZN,-0.10542198357717214
2026-06-16,META,-0.23775031413628
2026-06-16,TSLA,-0.17396097079138628
2026-06-16,AMD,-0.07303658317336414
2026-06-16,NFLX,-0.4121556195321806
2026-06-16,CRM,-0.5547868301727445
2026-06-16,ORCL,-0.4218737925939936
2026-06-16,ADBE,-0.6988247471638784
2026-06-16,AVGO,-0.21774622144487976
2026-06-16,QCOM,-0.14404958584402938
2026-06-16,INTC,-0.09572001820115117
2026-06-16,BTC-USD,-0.47415383104701536
2026-06-16,ETH-USD,-0.6294206174235204
2026-06-16,SOL-USD,-0.714606827684012
2026-06-17,AAPL,-0.06107238535234105
2026-06-17,MSFT,-0.29656738676861627
2026-06-17,NVDA,-0.1308708761466033
2026-06-17,GOOGL,-0.09590355162333031
2026-06-17,AMZN,-0.136332199591782
2026-06-17,META,-0.27918946245964793
2026-06-17,TSLA,-0.1908630666041713
2026-06-17,AMD,-0.06355302539239116
2026-06-17,NFLX,-0.4252984974456827
2026-06-17,CRM,-0.5732054621020148
2026-06-17,ORCL,-0.43660858771546707
2026-06-17,ADBE,-0.7148626462925911
2026-06-17,AVGO,-0.18412694637858085
2026-06-17,QCOM,-0.1484479303488715
2026-06-17,INTC,-0.06443142622050269
2026-06-17,BTC-USD,-0.4836301542979714
2026-06-17,ETH-USD,-0.638219960742231
2026-06-17,SOL-USD,-0.7203711665488612
2026-06-18,AAPL,-0.05453684425345462
2026-06-18,MSFT,-0.2956577281420544
2026-06-18,NVDA,-0.10521950375185929
2026-06-18,GOOGL,-0.08536632103908814
2026-06-18,AMZN,-0.11127674435948043
2026-06-18,META,-0.26694702977340146
2026-06-18,TSLA,-0.1824732868405623
2026-06-18,AMD,-0.018071875291368555
2026-06-18,NFLX,-0.42216214633297033
2026-06-18,CRM,-0.5821257047031214
2026-06-18,ORCL,-0.4342756090402665
2026-06-18,ADBE,-0.7164896711849194
2026-06-18,AVGO,-0.14581476861305698
2026-06-18,QCOM,-0.09590820231746744
2026-06-18,INTC,0.0
2026-06-18,BTC-USD,-0.49583008836744547
2026-06-18,ETH-USD,-0.6461581274315025
2026-06-18,SOL-USD,-0.7293297761554718
2026-06-22,AAPL,-0.05770935893283968
2026-06-22,MSFT,-0.3180466485839897
2026-06-22,NVDA,-0.11388325484305928
2026-06-22,GOOGL,-0.13096997603422467
2026-06-22,AMZN,-0.1534601201748288
2026-06-22,META,-0.2839265243037299
2026-06-22,TSLA,-0.17316488985937784
2026-06-22,AMD,0.0
2026-06-22,NFLX,-0.4557660547563035
2026-06-22,CRM,-0.5866959592097242
2026-06-22,ORCL,-0.4625786629419729
2026-06-22,ADBE,-0.716867389225318
2026-06-22,AVGO,-0.18443712319208194
2026-06-22,QCOM,-0.11274171571505798
2026-06-22,INTC,0.0
2026-06-22,BTC-USD,-0.4873682735896391
2026-06-22,ETH-USD,-0.6426441154479988
2026-06-22,SOL-USD,-0.7204598765190433
2026-06-23,AAPL,-0.06630719446364741
2026-06-23,MSFT,-0.3057940134631293
2026-06-23,NVDA,-0.15044909169608534
2026-06-23,GOOGL,-0.13979251416913208
2026-06-23,AMZN,-0.14865991881806762
2026-06-23,META,-0.28602195563972177
2026-06-23,TSLA,-0.22101334704842668
2026-06-23,AMD,-0.05761113249020289
2026-06-23,NFLX,-0.4562140886373275
2026-06-23,CRM,-0.5776105378414245
2026-06-23,ORCL,-0.49299993588703483
2026-06-23,ADBE,-0.7131920419596863
2026-06-23,AVGO,-0.2093535159794473
2026-06-23,QCOM,-0.18379430273909503
2026-06-23,INTC,-0.061444611267902016
2026-06-23,BTC-USD,-0.4976613387854605
2026-06-23,ETH-USD,-0.6552853262819465
2026-06-23,SOL-USD,-0.7292629545029075
2026-06-24,AAPL,-0.07017779997507645
2026-06-24,MSFT,-0.32153679519762
2026-06-24,NVDA,-0.1548658563674692
2026-06-24,GOOGL,-0.1418800615358602
2026-06-24,AMZN,-0.14807806614054675
2026-06-24,META,-0.29177492777464287
2026-06-24,TSLA,-0.2334245222579967
2026-06-24,AMD,-0.05781051495777889
2026-06-24,NFLX,-0.4635322982064287
2026-06-24,CRM,-0.5794276305318369
2026-06-24,ORCL,-0.5164221317955748
2026-06-24,ADBE,-0.7144413488116157
2026-06-24,AVGO,-0.2053601961629894
2026-06-24,QCOM,-0.21066395494721124
2026-06-24,INTC,-0.06591463306369716
2026-06-24,BTC-USD,-0.5110709802731959
2026-06-24,ETH-USD,-0.6647054373687795
2026-06-24,SOL-USD,-0.7357207496742852
2026-06-25,AAPL,-0.12706222175450266
2026-06-25,MSFT,-0.34498397568158834
2026-06-25,NVDA,-0.16871073107540124
2026-06-25,GOOGL,-0.14580676340454424
2026-06-25,AMZN,-0.17447906262568136
2026-06-25,META,-0.3105705093406187
2026-06-25,TSLA,-0.23426146938386982
2026-06-25,AMD,-0.03455214072817314
2026-06-25,NFLX,-0.47055174255781773
2026-06-25,CRM,-0.5865032155781968
2026-06-25,ORCL,-0.5319857421038114
2026-06-25,ADBE,-0.7190319086624579
2026-06-25,AVGO,-0.21193247276542038
2026-06-25,QCOM,-0.18071552292942283
2026-06-25,INTC,-0.05725845880819913
2026-06-25,BTC-USD,-0.5212788455444667
2026-06-25,ETH-USD,-0.6761118335027523
2026-06-25,SOL-USD,-0.7373084238347052
2026-06-26,AAPL,-0.099682796983674
2026-06-26,MSFT,-0.3075947697296759
2026-06-26,NVDA,-0.18234333431251548
2026-06-26,GOOGL,-0.16151326731329774
2026-06-26,AMZN,-0.1538237364818854
2026-06-26,META,-0.3011980852852655
2026-06-26,TSLA,-0.22489183540791569
2026-06-26,AMD,-0.05447489717197762
2026-06-26,NFLX,-0.4488212447365705
2026-06-26,CRM,-0.5639823847470938
2026-06-26,ORCL,-0.5440498843992474
2026-06-26,ADBE,-0.7054926897372591
2026-06-26,AVGO,-0.24082132887173857
2026-06-26,QCOM,-0.24273162835424378
2026-06-26,INTC,-0.08954161273293637
2026-06-26,BTC-USD,-0.5189161367216748
2026-06-26,ETH-USD,-0.6736695675076168
2026-06-26,SOL-USD,-0.7207428230638567
2026-06-29,AAPL,-0.10615486647026318
2026-06-29,MSFT,-0.3157631931435829
2026-06-29,NVDA,-0.17198089245361947
2026-06-29,GOOGL,-0.12110370216170097
2026-06-29,AMZN,-0.1267318523667854
2026-06-29,META,-0.2855140004943021
2026-06-29,TSLA,-0.15930433528020882
2026-06-29,AMD,-0.02200753139056766
2026-06-29,NFLX,-0.4490452616770825
2026-06-29,CRM,-0.5651938079298771
2026-06-29,ORCL,-0.5464136034551059
2026-06-29,ADBE,-0.7001176777894876
2026-06-29,AVGO,-0.22536812671899198
2026-06-29,QCOM,-0.24541056981687914
2026-06-29,INTC,-0.06541791585775092
2026-06-29,BTC-USD,-0.5179386077086111
2026-06-29,ETH-USD,-0.6667171150491955
2026-06-29,SOL-USD,-0.7086472438396546
2026-06-30,AAPL,-0.08197974063658053
2026-06-30,MSFT,-0.30750196479679015
2026-06-30,NVDA,-0.15023675535012326
2026-06-30,GOOGL,-0.11185867607134314
2026-06-30,AMZN,-0.1332775562675842
2026-06-30,META,-0.2846377235665898
2026-06-30,TSLA,-0.14142238525507855
2026-06-30,AMD,0.0
2026-06-30,NFLX,-0.46681797495522515
2026-06-30,CRM,-0.5686902952403181
2026-06-30,ORCL,-0.5501279721106722
2026-06-30,ADBE,-0.7021659779962395
2026-06-30,AVGO,-0.21434508626641613
2026-06-30,QCOM,-0.26112456038025256
2026-06-30,INTC,-0.009294717865060087
2026-06-30,BTC-USD,-0.5305998300134691
2026-06-30,ETH-USD,-0.6751251086198313
2026-06-30,SOL-USD,-0.7141810732132785
2026-07-01,AAPL,-0.06605330801445874
2026-07-01,MSFT,-0.28659815032673586
2026-07-01,NVDA,-0.1608964551183375
2026-07-01,GOOGL,-0.10231547229516447
2026-07-01,AMZN,-0.1210589274822681
2026-07-01,META,-0.22162172980602912
2026-07-01,TSLA,-0.13182823639697705
2026-07-01,AMD,-0.06890907388804501
2026-07-01,NFLX,-0.4459835448960259
2026-07-01,CRM,-0.5506020629291966
2026-07-01,ORCL,-0.5625604819339629
2026-07-01,ADBE,-0.6935078559145769
2026-07-01,AVGO,-0.23183643876831195
2026-07-01,QCOM,-0.27260012950885526
2026-07-01,INTC,-0.09876547152840365
2026-07-01,BTC-USD,-0.5190177128169493
2026-07-01,ETH-USD,-0.6669748313272227
2026-07-01,SOL-USD,-0.699173932520393
2026-07-02,AAPL,-0.02084398057516712
2026-07-02,MSFT,-0.2750695639666656
2026-07-02,NVDA,-0.17257540827225581
2026-07-02,GOOGL,-0.10554624915011013
2026-07-02,AMZN,-0.11753152192151883
2026-07-02,META,-0.2597334926601723
2026-07-02,TSLA,-0.1968441081787955
2026-07-02,AMD,-0.10860541002386204
2026-07-02,NFLX,-0.4201458799228178
2026-07-02,CRM,-0.5426729350150117
2026-07-02,ORCL,-0.5694059980781152
2026-07-02,ADBE,-0.6808111876182252
2026-07-02,AVGO,-0.2503261053276016
2026-07-02,QCOM,-0.2952714177293647
2026-07-02,INTC,-0.14609056059755032
2026-07-02,BTC-USD,-0.5071418578430649
2026-07-02,ETH-USD,-0.6485102685282339
2026-07-02,SOL-USD,-0.6864997365097375
2026-07-06,AAPL,-0.008058375277894214
2026-07-06,MSFT,-0.282031296207349
2026-07-06,NVDA,-0.16951764811514347
2026-07-06,GOOGL,-0.08926813049724791
2026-07-06,AMZN,-0.11211312290308884
2026-07-06,META,-0.2376487696516505
2026-07-06,TSLA,-0.14311671260375713
2026-07-06,AMD,-0.04968065050654946
2026-07-06,NFLX,-0.4323179987698439
2026-07-06,CRM,-0.5439394037589385
2026-07-06,ORCL,-0.5586925993896672
2026-07-06,ADBE,-0.6832081455161411
2026-07-06,AVGO,-0.22235245522307112
2026-07-06,QCOM,-0.2543671818966349
2026-07-06,INTC,-0.1329644186784723
2026-07-06,BTC-USD,-0.48702431138045543
2026-07-06,ETH-USD,-0.6279354136730311
2026-07-06,SOL-USD,-0.6815580187525343
2026-07-07,AAPL,-0.014403598443114007
2026-07-07,MSFT,-0.2781326943661673
2026-07-07,NVDA,-0.1636569573661314
2026-07-07,GOOGL,-0.08785153984223826
2026-07-07,AMZN,-0.1054947290339937
2026-07-07,META,-0.2182308111565816
2026-07-07,TSLA,-0.17755370727395825
2026-07-07,AMD,-0.11154910534966223
2026-07-07,NFLX,-0.4311231657900836
2026-07-07,CRM,-0.5332846788928974
2026-07-07,ORCL,-0.5653232618946942
2026-07-07,ADBE,-0.678167272168192
2026-07-07,AVGO,-0.22884149659613062
2026-07-07,QCOM,-0.2684017655212486
2026-07-07,INTC,-0.21675892239648942
2026-07-07,BTC-USD,-0.49261635097083456
2026-07-07,ETH-USD,-0.6339507642652024
2026-07-07,SOL-USD,-0.6864813776091883
2026-07-08,AAPL,-0.005742388203233917
2026-07-08,MSFT,-0.2883432236335509
2026-07-08,NVDA,-0.13312171926397331
2026-07-08,GOOGL,-0.10055091913328573
2026-07-08,AMZN,-0.11407686181759102
2026-07-08,META,-0.23405468445885325
2026-07-08,TSLA,-0.19559893518646576
2026-07-08,AMD,-0.1093112580874922
2026-07-08,NFLX,-0.43552904118698443
2026-07-08,CRM,-0.5413789434905131
2026-07-08,ORCL,-0.5687306497764413
2026-07-08,ADBE,-0.6790388831462743
2026-07-08,AVGO,-0.1915917920525808
2026-07-08,QCOM,-0.2540472744127752
2026-07-08,INTC,-0.21782321587797482
2026-07-08,BTC-USD,-0.500951414813477
2026-07-08,ETH-USD,-0.6392978969745322
2026-07-08,SOL-USD,-0.6976060408909364
2026-07-09,AAPL,0.0
2026-07-09,MSFT,-0.2864496624341184
2026-07-09,NVDA,-0.1388125668862733
2026-07-09,GOOGL,-0.10808110099131751
2026-07-09,AMZN,-0.10164005215033578
2026-07-09,META,-0.19803835294070193
2026-07-09,TSLA,-0.1701029155288296
2026-07-09,AMD,-0.058855939856449546
2026-07-09,NFLX,-0.4364251089490324
2026-07-09,CRM,-0.5526118571673739
2026-07-09,ORCL,-0.5572805160322836
2026-07-09,ADBE,-0.6765547663672054
2026-07-09,AVGO,-0.16576032043719302
2026-07-09,QCOM,-0.23585426156028477
2026-07-09,INTC,-0.20150419351444093
2026-07-09,BTC-USD,-0.4934519740456168
2026-07-09,ETH-USD,-0.6389238799094699
2026-07-09,SOL-USD,-0.6966013730440801
2026-07-10,AAPL,-0.002846043762522954
2026-07-10,MSFT,-0.28507586562027354
2026-07-10,NVDA,-0.10407283558354918
2026-07-10,GOOGL,-0.11233087295634636
2026-07-10,AMZN,-0.10782208425555251
2026-07-10,META,-0.15012223349459952
2026-07-10,TSLA,-0.16763287804904792
2026-07-10,AMD,-0.03962741140676951
2026-07-10,NFLX,-0.4521069214853668
2026-07-10,CRM,-0.5503542316527632
2026-07-10,ORCL,-0.5667682478001826
2026-07-10,ADBE,-0.6751165783285249
2026-07-10,AVGO,-0.16813128453006188
2026-07-10,QCOM,-0.24365129335865932
2026-07-10,INTC,-0.22066131378453036
2026-07-10,BTC-USD,-0.48596521463367104
2026-07-10,ETH-USD,-0.6283246410517573
2026-07-10,SOL-USD,-0.6965191583876627
2026-07-13,AAPL,0.0
2026-07-13,MSFT,-0.27414128759209966
2026-07-13,NVDA,-0.13562739194655526
2026-07-13,GOOGL,-0.12393680758022474
2026-07-13,AMZN,-0.10065818269308469
2026-07-13,META,-0.16597155109859651
2026-07-13,TSLA,-0.194169988913799
2026-07-13,AMD,-0.08008118408481779
2026-07-13,NFLX,-0.44867186212771426
2026-07-13,CRM,-0.528604291180245
2026-07-13,ORCL,-0.5948001847055043
2026-07-13,ADBE,-0.6649912078589469
2026-07-13,AVGO,-0.2012421824696815
2026-07-13,QCOM,-0.2643633246037135
2026-07-13,INTC,-0.2683411312593621
2026-07-13,BTC-USD,-0.5010993326538213
2026-07-13,ETH-USD,-0.6329180799793666
2026-07-13,SOL-USD,-0.7089793352927234
2026-07-14,AAPL,-0.007721115748007268
2026-07-14,MSFT,-0.28539145915351216
2026-07-14,NVDA,-0.1005054162960134
2026-07-14,GOOGL,-0.10654027595817372
2026-07-14,AMZN,-0.10000358455874181
2026-07-14,META,-0.1604980008381105
2026-07-14,TSLA,-0.19127135476665513
2026-07-14,AMD,-0.05642865465758329
2026-07-14,NFLX,-0.45091214547837877
2026-07-14,CRM,-0.5386808693192287
2026-07-14,ORCL,-0.605889706522432
2026-07-14,ADBE,-0.6792713216070502
2026-07-14,AVGO,-0.19071829904580262
2026-07-14,QCOM,-0.28787422427802745
2026-07-14,INTC,-0.2354193254606326
2026-07-14,BTC-USD,-0.47932027807051014
2026-07-14,ETH-USD,-0.6089125414038887
2026-07-14,SOL-USD,-0.6977016020824865
2026-07-15,AAPL,0.0
2026-07-15,MSFT,-0.26552728697748695
2026-07-15,NVDA,-0.09753264257740124
2026-07-15,GOOGL,-0.07818394990493449
2026-07-15,AMZN,-0.07283895498682036
2026-07-15,META,-0.13475558188247805
2026-07-15,TSLA,-0.19478242115752498
2026-07-15,AMD,-0.08911872904480722
2026-07-15,NFLX,-0.4497920038030465
2026-07-15,CRM,-0.5402226500363982
2026-07-15,ORCL,-0.5918737380697711
2026-07-15,ADBE,-0.6737800904288909
2026-07-15,AVGO,-0.17996556643131478
2026-07-15,QCOM,-0.28835405483195875
2026-07-15,INTC,-0.2692635442050165
2026-07-15,BTC-USD,-0.48127405230505094
2026-07-15,ETH-USD,-0.6032280277670593
2026-07-15,SOL-USD,-0.6996390147813173
2026-07-16,AAPL,0.0
2026-07-16,MSFT,-0.2553724406698348
2026-07-16,NVDA,-0.1191918581175413
2026-07-16,GOOGL,-0.11909068024355407
2026-07-16,AMZN,-0.09127601635002691
2026-07-16,META,-0.1560530830193263
2026-07-16,TSLA,-0.2017228838475621
2026-07-16,AMD,-0.13766327727210204
2026-07-16,NFLX,-0.44478876888903773
2026-07-16,CRM,-0.5245847027038901
2026-07-16,ORCL,-0.6173797228552569
2026-07-16,ADBE,-0.6581634887811536
2026-07-16,AVGO,-0.22120846361755708
2026-07-16,QCOM,-0.31782271763953307
2026-07-16,INTC,-0.3119057636085141
2026-07-16,BTC-USD,-0.48867345126514217
2026-07-16,ETH-USD,-0.614353361560172
2026-07-16,SOL-USD,-0.7073832083267193
2026-07-17,AAPL,0.0
2026-07-17,MSFT,-0.268887506685077
2026-07-17,NVDA,-0.1386851521036674
2026-07-17,GOOGL,-0.13820198020643548
2026-07-17,AMZN,-0.10094910903184517
2026-07-17,META,-0.17958557128120278
2026-07-17,TSLA,-0.22258513811153835
2026-07-17,AMD,-0.14658030902444297
2026-07-17,NFLX,-0.48511347039159214
2026-07-17,CRM,-0.5298432371435999
2026-07-17,ORCL,-0.6106027615202632
2026-07-17,ADBE,-0.6553452334022625
2026-07-17,AVGO,-0.22873753204301983
2026-07-17,QCOM,-0.3131445230979951
2026-07-17,INTC,-0.3256705032693693
2026-07-17,BTC-USD,-0.48779026527768354
2026-07-17,ETH-USD,-0.6189494281831649
2026-07-17,SOL-USD,-0.708395409551184
2026-07-20,AAPL,-0.02142383591993391
2026-07-20,MSFT,-0.25316322917573664
2026-07-20,NVDA,-0.1366890736763654
2026-07-20,GOOGL,-0.12522916385710026
2026-07-20,AMZN,-0.09091234455444475
2026-07-20,META,-0.17978881539864322
2026-07-20,TSLA,-0.24559074948848725
2026-07-20,AMD,-0.1331358892009763
2026-07-20,NFLX,-0.49519463152403764
2026-07-20,CRM,-0.5215287061338851
2026-07-20,ORCL,-0.6260973469829398
2026-07-20,ADBE,-0.6589915203186592
2026-07-20,AVGO,-0.21349232258337747
2026-07-20,QCOM,-0.31898223657719726
2026-07-20,INTC,-0.3113381873329749
2026-07-20,BTC-USD,-0.4771246187138989
2026-07-20,ETH-USD,-0.6059570410209527
2026-07-20,SOL-USD,-0.697587029493114
2026-07-21,AAPL,-0.017978014688601163
2026-07-21,MSFT,-0.2615916199245776
2026-07-21,NVDA,-0.11965902402871531
2026-07-21,GOOGL,-0.13725758643642905
2026-07-21,AMZN,-0.09978540367680289
2026-07-21,META,-0.1823795573032826
2026-07-21,TSLA,-0.22648405956795947
2026-07-21,AMD,-0.06279799307159373
2026-07-21,NFLX,-0.4872043711334004
2026-07-21,CRM,-0.5317979858206339
2026-07-21,ORCL,-0.6086312878414557
2026-07-21,ADBE,-0.6700030430242129
2026-07-21,AVGO,-0.19614658404271934
2026-07-21,QCOM,-0.3062671563040361
2026-07-21,INTC,-0.2518093151581894
2026-07-21,BTC-USD,-0.466903602406865
2026-07-21,ETH-USD,-0.6008601457643268
2026-07-21,SOL-USD,-0.6963559154335062
2026-07-22,AAPL,-0.023521200801569164
2026-07-22,MSFT,-0.27534797876532313
2026-07-22,NVDA,-0.09940124134695305
2026-07-22,GOOGL,-0.14983280724083792
2026-07-22,AMZN,-0.10960393178373873
2026-07-22,META,-0.20351190320118795
2026-07-22,TSLA,-0.23652730048638249
2026-07-22,AMD,-0.0491985976759548
2026-07-22,NFLX,-0.4882498215043045
2026-07-22,CRM,-0.5512352552173976
2026-07-22,ORCL,-0.6123586295017032
2026-07-22,ADBE,-0.6827868702017174
2026-07-22,AVGO,-0.17470356113249264
2026-07-22,QCOM,-0.2977504400184816
2026-07-22,INTC,-0.2718887401095029
2026-07-22,BTC-USD,-0.47014464385867927
2026-07-22,ETH-USD,-0.599803231095096
2026-07-22,SOL-USD,-0.6971425008962939
2026-07-23,AAPL,-0.036195720376242524
2026-07-23,MSFT,-0.2916106384082552
2026-07-23,NVDA,-0.11341608893188526
2026-07-23,GOOGL,-0.21047200943300937
2026-07-23,AMZN,-0.15029633092113637
2026-07-23,META,-0.23027023244765965
2026-07-23,TSLA,-0.34741161252768127
2026-07-23,AMD,-0.0709575882817034
2026-07-23,NFLX,-0.48556150427261613
2026-07-23,CRM,-0.5679469697460674
2026-07-23,ORCL,-0.6302251126536244
2026-07-23,ADBE,-0.6917791308832023
2026-07-23,AVGO,-0.1837300370571635
2026-07-23,QCOM,-0.3158234645606305
2026-07-23,INTC,-0.28884630608259887
2026-07-23,BTC-USD,-0.4786092767155776
2026-07-23,ETH-USD,-0.6114748981313245
2026-07-23,SOL-USD,-0.7050980442402642
2026-07-24,AAPL,-0.0021573105114066626
2026-07-24,MSFT,-0.29138779304647544
2026-07-24,NVDA,-0.12157011601751733
2026-07-24,GOOGL,-0.20537733744857511
2026-07-24,AMZN,-0.1559329108215053
2026-07-24,META,-0.24412558562620368
2026-07-24,TSLA,-0.3610067860308386
2026-07-24,AMD,-0.10149586624988216
2026-07-24,NFLX,-0.47660048481550277
2026-07-24,CRM,-0.5494181625269852
2026-07-24,ORCL,-0.6457812963867174
2026-07-24,ADBE,-0.6729810970740684
2026-07-24,AVGO,-0.20567215340920442
2026-07-24,QCOM,-0.3323771279215252
2026-07-24,INTC,-0.3449695040752897
2026-07-24,BTC-USD,-0.4861948254556959
2026-07-24,ETH-USD,-0.6149777424094471
2026-07-24,SOL-USD,-0.7127947834385278
2026-07-27,AAPL,0.0
2026-07-27,MSFT,-0.27764999519230715
2026-07-27,NVDA,-0.1654406345723275
2026-07-27,GOOGL,-0.18842818619249868
2026-07-27,AMZN,-0.15855119238182502
2026-07-27,META,-0.24580196172463342
2026-07-27,TSLA,-0.3687841958467488
2026-07-27,AMD,-0.14797466890125677
2026-07-27,NFLX,-0.4742855101604102
2026-07-27,CRM,-0.5220517652160366
2026-07-27,ORCL,-0.6306563710519997
2026-07-27,ADBE,-0.6546188798372514
2026-07-27,AVGO,-0.20296843915949847
2026-07-27,QCOM,-0.32010188209884827
2026-07-27,INTC,-0.3495814064069157
2026-07-27,BTC-USD,-0.48918953548287225
2026-07-27,ETH-USD,-0.6086778932593752
2026-07-27,SOL-USD,-0.711776531784803
2026-07-28,AAPL,0.0
2026-07-28,MSFT,-0.26976004333848447
2026-07-28,NVDA,-0.1633172062375634
2026-07-28,GOOGL,-0.17065887554454995
2026-07-28,AMZN,-0.16047853082365382
2026-07-28,META,-0.24638617220113845
2026-07-28,TSLA,-0.37241773622715824
2026-07-28,AMD,-0.2174002579844203
2026-07-28,NFLX,-0.45942513105446803
2026-07-28,CRM,-0.5003018668272807
2026-07-28,ORCL,-0.6304715527389303
2026-07-28,ADBE,-0.6380144479810439
2026-07-28,AVGO,-0.20777280966398537
2026-07-28,QCOM,-0.3487308107651843
2026-07-28,INTC,-0.38768269081281037
2026-07-28,BTC-USD,-0.48801549242112074
2026-07-28,ETH-USD,-0.6026060977490555
2026-07-28,SOL-USD,-0.7134975823196492
2026-07-29,AAPL,-0.005557412706758247
2026-07-29,MSFT,-0.27497670227235294
2026-07-29,NVDA,-0.19304552729997948
2026-07-29,GOOGL,-0.1632032191350995
2026-07-29,AMZN,-0.17578820340584123
2026-07-29,META,-0.256291918129546
2026-07-29,TSLA,-0.39103453018952694
2026-07-29,AMD,-0.2605394683907095
2026-07-29,NFLX,-0.4501654033524146
2026-07-29,CRM,-0.48136009164833427
2026-07-29,ORCL,-0.6373101123443404
2026-07-29,ADBE,-0.6173133713782293
2026-07-29,AVGO,-0.22979816124539754
2026-07-29,QCOM,-0.37751972384530885
2026-07-29,INTC,-0.41904359418853865
2026-07-29,BTC-USD,-0.48772047085216963
2026-07-29,ETH-USD,-0.6049717815835342
2026-07-29,SOL-USD,-0.7138937964592889
2026-07-30,AAPL,-0.019554185514855327
2026-07-30,MSFT,-0.1625492306045353
2026-07-30,NVDA,-0.17168363454430147
2026-07-30,GOOGL,-0.17078310992268397
2026-07-30,AMZN,-0.14360519159521967
2026-07-30,META,-0.315447126973737
2026-07-30,TSLA,-0.3695394728809196
2026-07-30,AMD,-0.16443160371138654
2026-07-30,NFLX,-0.45360046271006715
2026-07-30,CRM,-0.5024768398326513
2026-07-30,ORCL,-0.6070602851767252
2026-07-30,ADBE,-0.639873911334148
2026-07-30,AVGO,-0.19335963456364214
2026-07-30,QCOM,-0.3938334105855209
2026-07-30,INTC,-0.35341283046093375
2026-07-30,BTC-USD,-0.48117037830645215
2026-07-30,ETH-USD,-0.6031391914500452
2026-07-30,SOL-USD,-0.7105086109471959
2026-07-31,AAPL,-0.09165478279503991
2026-07-31,MSFT,-0.13726422864229282
2026-07-31,NVDA,-0.14743375988307916
2026-07-31,GOOGL,-0.11494032613763061
2026-07-31,AMZN,-0.012400464683107293
2026-07-31,META,-0.29299408218292244
2026-07-31,TSLA,-0.36472199650295023
2026-07-31,AMD,-0.18033771856415082
2026-07-31,NFLX,-0.46450305727290486
2026-07-31,CRM,-0.4933638956837799
2026-07-31,ORCL,-0.599944498101711
2026-07-31,ADBE,-0.6362276022511997
2026-07-31,AVGO,-0.1903646923914608
2026-07-31,QCOM,-0.40978731642585986
2026-07-31,INTC,-0.3600113850874841
2026-07-31,BTC-USD,-0.49649321368980237
2026-07-31,ETH-USD,-0.6149427233151975
2026-07-31,SOL-USD,-0.7170330201583694
2026-08-03,AAPL,-0.10779801723312576
2026-08-03,MSFT,-0.09469554249109313
2026-08-03,NVDA,-0.12241946140136539
2026-08-03,GOOGL,-0.07174728860556723
2026-08-03,AMZN,0.0
2026-08-03,META,-0.2504119572082698
2026-08-03,TSLA,-0.3425328991549419
2026-08-03,AMD,-0.16572268156281356
2026-08-03,NFLX,-0.45240562973030685
2026-08-03,CRM,-0.48805031568292645
2026-08-03,ORCL,-0.5630409061399351
2026-08-03,ADBE,-0.6348765952602238
2026-08-03,AVGO,-0.18422913049897782
2026-08-03,QCOM,-0.39395333755214523
2026-08-03,INTC,-0.3543351892743728
2026-08-03,BTC-USD,-0.49130572500908676
2026-08-03,ETH-USD,-0.6153752066025495
2026-08-03,SOL-USD,-0.7143739158164627
2026-08-04,AAPL,-0.09027281680898869
2026-08-04,MSFT,-0.08511614352876029
2026-08-04,NVDA,-0.09991090047737738
2026-08-04,GOOGL,-0.061458526777593114
2026-08-04,AMZN,-0.023237715094833633
2026-08-04,META,-0.2533328544426139
2026-08-04,TSLA,-0.33177512280415844
2026-08-04,AMD,-0.10729710099017309
2026-08-04,NFLX,-0.4506134372334386
2026-08-04,CRM,-0.47417437339592483
2026-08-04,ORCL,-0.5510580331383184
2026-08-04,ADBE,-0.6259424552772087
2026-08-04,AVGO,-0.1302992513153266
2026-08-04,QCOM,-0.3495704835627057
2026-08-04,INTC,-0.2843763384190189
2026-08-04,BTC-USD,-0.4865358443378278
2026-08-04,ETH-USD,-0.6132786088818933
2026-08-04,SOL-USD,-0.713425155122329
2026-08-05,AAPL,-0.08550917906711775
2026-08-05,MSFT,-0.0950482579974864
2026-08-05,NVDA,-0.06899341802740122
2026-08-05,GOOGL,-0.0992835311584298
2026-08-05,AMZN,-0.04003237644178692
2026-08-05,META,-0.2522787776991866
2026-08-05,TSLA,-0.3436147942598945
2026-08-05,AMD,-0.17018124997307615
2026-08-05,NFLX,-0.44590891056437
2026-08-05,CRM,-0.4686956146278781
2026-08-05,ORCL,-0.5552166331969413
2026-08-05,ADBE,-0.6232839764027305
2026-08-05,AVGO,-0.130049672800978
2026-08-05,QCOM,-0.37012259173768836
2026-08-05,INTC,-0.2829573165318485
2026-08-05,BTC-USD,-0.4821948753043839
2026-08-05,ETH-USD,-0.6053843044924899
2026-08-05,SOL-USD,-0.7124780849893121
2026-08-06,AAPL,-0.08136310148122827
2026-08-06,MSFT,-0.07202815048907352
2026-08-06,NVDA,-0.0699701781938552
2026-08-06,GOOGL,-0.11091428230133671
2026-08-06,AMZN,-0.0414054633580061
2026-08-06,META,-0.250843657022604
2026-08-06,TSLA,-0.347738230598463
2026-08-06,AMD,-0.1577352405730461
2026-08-06,NFLX,-0.44971731249861846
2026-08-06,CRM,-0.4857926901683157
2026-08-06,ORCL,-0.5580506236724997
2026-08-06,ADBE,-0.6219475106696479
2026-08-06,AVGO,-0.12528682453085294
2026-08-06,QCOM,-0.35868695736881584
2026-08-06,INTC,-0.29182633865720053
2026-08-06,BTC-USD,-0.48488329144624065
2026-08-06,ETH-USD,-0.6063092027349862
2026-08-06,SOL-USD,-0.7178616620363087
2026-08-07,AAPL,-0.07865790777876136
2026-08-07,MSFT,-0.0717868009021434
2026-08-07,NVDA,-0.04886305012824521
2026-08-07,GOOGL,-0.11948835167997585
2026-08-07,AMZN,-0.03358910779650981
2026-08-07,META,-0.24804982614870552
2026-08-07,TSLA,-0.3292643437225664
2026-08-07,AMD,-0.16792617152864442
2026-08-07,NFLX,-0.446356944445394
2026-08-07,CRM,-0.46935632969665086
2026-08-07,ORCL,-0.5471150857807032
2026-08-07,ADBE,-0.6147275544601141
2026-08-07,AVGO,-0.11033290658056849
2026-08-07,QCOM,-0.32881845621420436
2026-08-07,INTC,-0.2787711099399306
2026-08-07,BTC-USD,-0.47992885790644024
2026-08-07,ETH-USD,-0.6039864716135122
2026-08-07,SOL-USD,-0.7137171179930988
2026-08-10,AAPL,-0.09278437181216903
2026-08-10,MSFT,-0.06051801159272674
2026-08-10,NVDA,-0.07608576338322315
2026-08-10,GOOGL,-0.11148589704544543
2026-08-10,AMZN,-0.02087878637125007
2026-08-10,META,-0.24446846310677095
2026-08-10,TSLA,-0.3245692790381095
2026-08-10,AMD,-0.1916819829812656
2026-08-10,NFLX,-0.4303017323596915
2026-08-10,CRM,-0.4562237970714247
2026-08-10,ORCL,-0.5347009543807111
2026-08-10,ADBE,-0.6034690742024431
2026-08-10,AVGO,-0.12148076808375985
2026-08-10,QCOM,-0.3515697366416082
2026-08-10,INTC,-0.3080743936867113
2026-08-10,BTC-USD,-0.48770108873041407
2026-08-10,ETH-USD,-0.6126798480626103
2026-08-10,SOL-USD,-0.7047660417640964
2026-08-11,AAPL,-0.1026435095379633
2026-08-11,MSFT,-0.0646950849939929
2026-08-11,NVDA,-0.07629809972918522
2026-08-11,GOOGL,-0.1455831111673046
2026-08-11,AMZN,-0.041370327633645454
2026-08-11,META,-0.23913462378350248
2026-08-11,TSLA,-0.3206295536838508
2026-08-11,AMD,-0.18348792540663217
2026-08-11,NFLX,-0.44150303516746914
2026-08-11,CRM,-0.45633393027747415
2026-08-11,ORCL,-0.5518589751664729
2026-08-11,ADBE,-0.6169066151551472
2026-08-11,AVGO,-0.13462532128862137
2026-08-11,QCOM,-0.3495305488029755
2026-08-11,INTC,-0.306726285001349
2026-08-11,BTC-USD,-0.4905764687640356
2026-08-11,ETH-USD,-0.6105904007053543
2026-08-11,SOL-USD,-0.7037947402550719
2026-08-12,AAPL,-0.11047195570954838
2026-08-12,MSFT,-0.08582163130297327
2026-08-12,NVDA,-0.048311027528859074
2026-08-12,GOOGL,-0.14622917546849912
2026-08-12,AMZN,-0.05893947919830811
2026-08-12,META,-0.26487696516504433
2026-08-12,TSLA,-0.3314485047333767
2026-08-12,AMD,-0.16866637688861363
2026-08-12,NFLX,-0.44583421925994193
2026-08-12,CRM,-0.46775950341833794
2026-08-12,ORCL,-0.5278316073910028
2026-08-12,ADBE,-0.6241120301067877
2026-08-12,AVGO,-0.1346877000204877
2026-08-12,QCOM,-0.3479710688308403
2026-08-12,INTC,-0.2837377948094567
2026-08-12,BTC-USD,-0.4917743715621
2026-08-12,ETH-USD,-0.6112607156912426
2026-08-12,SOL-USD,-0.7063976705135533
2026-08-13,AAPL,-0.10161343428651592
2026-08-13,MSFT,-0.07756034619475372
2026-08-13,NVDA,-0.043172202505945445
2026-08-13,GOOGL,-0.13922089942502325
2026-08-13,AMZN,-0.06650934744578862
2026-08-13,META,-0.24440500750063887
2026-08-13,TSLA,-0.30603415516744303
2026-08-13,AMD,-0.1685286324987032
2026-08-13,NFLX,-0.41574006149868925
2026-08-13,CRM,-0.4455965949859554
2026-08-13,ORCL,-0.5187751340214792
2026-08-13,ADBE,-0.6070572625869217
2026-08-13,AVGO,-0.13100640103712757
2026-08-13,QCOM,-0.34109376338059827
2026-08-13,INTC,-0.25812405458086285
2026-08-13,BTC-USD,-0.4917764694654242
2026-08-13,ETH-USD,-0.6100485648639531
2026-08-13,SOL-USD,-0.7038636973532575
2026-08-14,AAPL,-0.09964166062967783
2026-08-14,MSFT,-0.08030793982244344
2026-08-14,NVDA,-0.043766783199725046
2026-08-14,GOOGL,-0.14036412891324057
2026-08-14,AMZN,-0.07524116591722996
2026-08-14,META,-0.2509072677769174
2026-08-14,TSLA,-0.3013187196820809
2026-08-14,AMD,-0.11450992678953975
2026-08-14,NFLX,-0.4163374210157972
2026-08-14,CRM,-0.4598028948073435
2026-08-14,ORCL,-0.536333578817678
2026-08-14,ADBE,-0.6164562794914887
2026-08-14,AVGO,-0.1826485513572812
2026-08-14,QCOM,-0.3370953185665102
2026-08-14,INTC,-0.27274018572113423
2026-08-14,BTC-USD,-0.4951958640117773
2026-08-14,ETH-USD,-0.6107401540759294
2026-08-14,SOL-USD,-0.707168091839347
2026-08-17,AAPL,-0.10064227693243966
2026-08-17,MSFT,-0.10824767371806299
2026-08-17,NVDA,-0.044403857112755074
2026-08-17,GOOGL,-0.14508602187177722
2026-08-17,AMZN,-0.07995913081309569
2026-08-17,META,-0.27742426402745135
2026-08-17,TSLA,-0.30738143134840745
2026-08-17,AMD,-0.1289528095705349
2026-08-17,NFLX,-0.4323179987698439
2026-08-17,CRM,-0.4742294189570684
2026-08-17,ORCL,-0.5482548770506983
2026-08-17,ADBE,-0.6309542904424745
2026-08-17,AVGO,-0.18381320869965212
2026-08-17,QCOM,-0.3515297405381611
2026-08-17,INTC,-0.2657159353548757
2026-08-17,BTC-USD,-0.4829262920767389
2026-08-17,ETH-USD,-0.604209446726609
2026-08-17,SOL-USD,-0.7047704609501737
2026-08-18,AAPL,-0.0875752572852968
2026-08-18,MSFT,-0.10587141334477035
2026-08-18,NVDA,-0.06678500325413705
2026-08-18,GOOGL,-0.14458893257624994
2026-08-18,AMZN,-0.08650791408015268
2026-08-18,META,-0.30955452147568885
2026-08-18,TSLA,-0.31234181481284906
2026-08-18,AMD,-0.16615304084662263
2026-08-18,NFLX,-0.41924981216076984
2026-08-18,CRM,-0.45999559635510845
2026-08-18,ORCL,-0.5601453408957804
2026-08-18,ADBE,-0.6177346245261013
2026-08-18,AVGO,-0.2096654732256622
2026-08-18,QCOM,-0.35948663406289005
2026-08-18,INTC,-0.31396338323746165
2026-08-18,BTC-USD,-0.48152786729527786
2026-08-18,ETH-USD,-0.6033282339198687
2026-08-18,SOL-USD,-0.7005442657709184
2026-08-19,AAPL,-0.06756275160232428
2026-08-19,MSFT,-0.10089610399783222
2026-08-19,NVDA,-0.0760432701639735
2026-08-19,GOOGL,-0.14329665219086984
2026-08-19,AMZN,-0.06400955347866777
2026-08-19,META,-0.3065573689102593
2026-08-19,TSLA,-0.28325305867264106
2026-08-19,AMD,-0.19708726826817902
2026-08-19,NFLX,-0.40095431672440285
2026-08-19,CRM,-0.4326017183473506
2026-08-19,ORCL,-0.5570032885626794
2026-08-19,ADBE,-0.6041808865095608
2026-08-19,AVGO,-0.24610406349430025
2026-08-19,QCOM,-0.35260932861264804
2026-08-19,INTC,-0.34156377576097996
2026-08-19,BTC-USD,-0.4447712859533661
2026-08-19,ETH-USD,-0.5339897451155691
2026-08-19,SOL-USD,-0.6681101092707524
2026-08-20,AAPL,-0.0838376531708157
2026-08-20,MSFT,-0.10508101047600249
2026-08-20,NVDA,-0.0790585371018353
2026-08-20,GOOGL,-0.15336176178160443
2026-08-20,AMZN,-0.08418422852962792
2026-08-20,META,-0.30681134648296915
2026-08-20,TSLA,-0.2954805228979015
2026-08-20,AMD,-0.1918541372016077
2026-08-20,NFLX,-0.40155173321428306
2026-08-20,CRM,-0.4344188110377628
2026-08-20,ORCL,-0.5623632076562537
2026-08-20,ADBE,-0.6045440632920662
2026-08-20,AVGO,-0.24288033571839263
2026-08-20,QCOM,-0.357287523154186
2026-08-20,INTC,-0.3463176127606521
2026-08-20,BTC-USD,-0.41457895017661217
2026-08-20,ETH-USD,-0.5184812890907589
2026-08-20,SOL-USD,-0.6593148909131332
2026-08-21,AAPL,-0.08957648989082045
2026-08-21,MSFT,-0.10119370415876217
2026-08-21,NVDA,-0.08810446766570956
2026-08-21,GOOGL,-0.14304810754310615
2026-08-21,AMZN,-0.0893950606048266
2026-08-21,META,-0.301642584824553
2026-08-21,TSLA,-0.25928802618027924
2026-08-21,AMD,-0.18532987574951698
2026-08-21,NFLX,-0.40565890036624375
2026-08-21,CRM,-0.42412196648668
2026-08-21,ORCL,-0.5488093319899066
2026-08-21,ADBE,-0.6000697448381638
2026-08-21,AVGO,-0.23368745292186188
2026-08-21,QCOM,-0.3572475270507388
2026-08-21,INTC,-0.36093374390092337
2026-08-21,BTC-USD,-0.3720753662062468
2026-08-21,ETH-USD,-0.4793831020186562
2026-08-21,SOL-USD,-0.6359253253647993
2026-08-24,AAPL,-0.08666292801472375
2026-08-24,MSFT,-0.09362365970661835
2026-08-24,NVDA,-0.11460518544430143
2026-08-24,GOOGL,-0.13499601987051846
2026-08-24,AMZN,-0.07728322842937829
2026-08-24,META,-0.2900603852236252
2026-08-24,TSLA,-0.2876826799850589
2026-08-24,AMD,-0.21373358848091262
2026-08-24,NFLX,-0.4025224922807591
2026-08-24,CRM,-0.42442480124049475
2026-08-24,ORCL,-0.5611926760056005
2026-08-24,ADBE,-0.5986606171487182
2026-08-24,AVGO,-0.25384099743910193
2026-08-24,QCOM,-0.3661241469236003
2026-08-24,INTC,-0.3808712883164058
2026-08-24,BTC-USD,-0.367031004631419
2026-08-24,ETH-USD,-0.4863067256267609
2026-08-24,SOL-USD,-0.6168454449877177
2026-08-25,AAPL,-0.08795786436273734
2026-08-25,MSFT,-0.08543985394603737
2026-08-25,NVDA,-0.09519681302153127
2026-08-25,GOOGL,-0.13772978332143226
2026-08-25,AMZN,-0.0808393505499817
2026-08-25,META,-0.27605267653109145
2026-08-25,TSLA,-0.28502899381699476
2026-08-25,AMD,-0.17512176614574904
2026-08-25,NFLX,-0.38594455500960445
2026-08-25,CRM,-0.43370296624032156
2026-08-25,ORCL,-0.5540768889305863
2026-08-25,ADBE,-0.6020744434377874
2026-08-25,AVGO,-0.25804230994866384
2026-08-25,QCOM,-0.35800726898508295
2026-08-25,INTC,-0.37931033176118945
2026-08-25,BTC-USD,-0.3702334070876818
2026-08-25,ETH-USD,-0.49431109002666307
2026-08-25,SOL-USD,-0.6244575968122068
2026-08-26,AAPL,-0.07751008654643943
2026-08-26,MSFT,-0.07677244082876677
2026-08-26,NVDA,-0.1095938400791373
2026-08-26,GOOGL,-0.15005645947807744
2026-08-26,AMZN,-0.08358563183111811
2026-08-26,META,-0.26831853969567065
2026-08-26,TSLA,-0.2940720097221672
2026-08-26,AMD,-0.17210925115908582
2026-08-26,NFLX,-0.39169458902234955
2026-08-26,CRM,-0.433895709871849
2026-08-26,ORCL,-0.5414163174452882
2026-08-26,ADBE,-0.6027281793795387
2026-08-26,AVGO,-0.2604340669521549
2026-08-26,QCOM,-0.34537211957509906
2026-08-26,INTC,-0.3739180052841703
2026-08-26,BTC-USD,-0.3665265058499565
2026-08-26,ETH-USD,-0.4812502311866612
2026-08-26,SOL-USD,-0.6028281723171744
2026-08-27,AAPL,-0.07418454845808453
2026-08-27,MSFT,-0.06060939748994154
2026-08-27,NVDA,-0.03179057213648895
2026-08-27,GOOGL,-0.15341147071115724
2026-08-27,AMZN,-0.09773952651871487
2026-08-27,META,-0.2747192554873197
2026-08-27,TSLA,-0.2757205968358105
2026-08-27,AMD,-0.179442537632009
2026-08-27,NFLX,-0.40379201656494745
2026-08-27,CRM,-0.30606653425992814
2026-08-27,ORCL,-0.5319593730616874
2026-08-27,ADBE,-0.5799497422207374
2026-08-27,AVGO,-0.2272607902806688
2026-08-27,QCOM,-0.34113375948404534
2026-08-27,INTC,-0.3466014279645291
2026-08-27,BTC-USD,-0.35666604710675964
2026-08-27,ETH-USD,-0.48039142958958836
2026-08-27,SOL-USD,-0.575457305679787
2026-08-28,AAPL,-0.05911620639155002
2026-08-28,MSFT,-0.044855490515789964
2026-08-28,NVDA,-0.07608576338322315
2026-08-28,GOOGL,-0.13864928468091464
2026-08-28,AMZN,-0.061932247793460404
2026-08-28,META,-0.2659309643343809
2026-08-28,TSLA,-0.28809096814754287
2026-08-28,AMD,-0.1985333216917785
2026-08-28,NFLX,-0.3897530139166251
2026-08-28,CRM,-0.2951915850655501
2026-08-28,ORCL,-0.5353170310921559
2026-08-28,ADBE,-0.5765068334158816
2026-08-28,AVGO,-0.2329803032000607
2026-08-28,QCOM,-0.3434927934628209
2026-08-28,INTC,-0.36519086369464926
2026-08-28,BTC-USD,-0.3761225661503361
2026-08-28,ETH-USD,-0.4944401502960908
2026-08-28,SOL-USD,-0.5952106225606983
2026-08-31,AAPL,-0.06750383370495316
2026-08-31,MSFT,-0.05646166974635247
2026-08-31,NVDA,-0.06236823858275342
2026-08-31,GOOGL,-0.1566422475661028
2026-08-31,AMZN,-0.08538131447794917
2026-08-31,META,-0.27314442387351945
2026-08-31,TSLA,-0.24889767179811495
2026-08-31,AMD,-0.18968510960030072
2026-08-31,NFLX,-0.39475624883063387
2026-08-31,CRM,-0.2909517301770961
2026-08-31,ORCL,-0.5406462098050722
2026-08-31,ADBE,-0.5746618669875674
2026-08-31,AVGO,-0.22975663901103582
2026-08-31,QCOM,-0.31834254429691144
2026-08-31,INTC,-0.36490704849077216
2026-08-31,BTC-USD,-0.37036441645347373
2026-08-31,ETH-USD,-0.4894137227550941
2026-08-31,SOL-USD,-0.5996036494291123
2026-09-01,AAPL,-0.04313562486831046
2026-09-01,MSFT,-0.06812364545950023
2026-09-01,NVDA,-0.07655286441925324
2026-09-01,GOOGL,-0.16740328217057565
2026-09-01,AMZN,-0.10245754513892957
2026-09-01,META,-0.2652706536749717
2026-09-01,TSLA,-0.2731077145655837
2026-09-01,AMD,-0.20881030349050167
2026-09-01,NFLX,-0.3965484983002743
2026-09-01,CRM,-0.28938242667935465
2026-09-01,ORCL,-0.564673530576902
2026-09-01,ADBE,-0.5844095637498499
2026-09-01,AVGO,-0.23112928904651098
2026-09-01,QCOM,-0.3338165582396022
2026-09-01,INTC,-0.3687384725447901
2026-09-01,BTC-USD,-0.37954264956046735
2026-09-01,ETH-USD,-0.4995513210132151
2026-09-01,SOL-USD,-0.6113050016644612
2026-09-02,AAPL,-0.043635977926625324
2026-09-02,MSFT,-0.07593543682856185
2026-09-02,NVDA,-0.046951958139443195
2026-09-02,GOOGL,-0.16218429991651173
2026-09-02,AMZN,-0.10224630099797283
2026-09-02,META,-0.24709737146399846
2026-09-02,TSLA,-0.2712296762325954
2026-09-02,AMD,-0.21319994717171686
2026-09-02,NFLX,-0.38221078740701186
2026-09-02,CRM,-0.29263120896464934
2026-09-02,ORCL,-0.5510272457540202
2026-09-02,ADBE,-0.5935470596778544
2026-09-02,AVGO,-0.23620409456285107
2026-09-02,QCOM,-0.3204216668952743
2026-09-02,INTC,-0.36107562443675434
2026-09-02,BTC-USD,-0.38036947396608434
2026-09-02,ETH-USD,-0.5050034352063884
2026-09-02,SOL-USD,-0.6097549054151816
2026-09-03,AAPL,-0.03407116024608281
2026-09-03,MSFT,-0.051198012351059474
2026-09-03,NVDA,-0.029794493709187075
2026-09-03,GOOGL,-0.14886352106030742
2026-09-03,AMZN,-0.08844446197052103
2026-09-03,META,-0.22445372713251566
2026-09-03,TSLA,-0.231709824108413
2026-09-03,AMD,-0.21474923008661084
2026-09-03,NFLX,-0.38265887826080813
2026-09-03,CRM,-0.27198247430134015
2026-09-03,ORCL,-0.5254904970860563
2026-09-03,ADBE,-0.5848889375961918
2026-09-03,AVGO,-0.257168753355003
2026-09-03,QCOM,-0.32231117606456505
2026-09-03,INTC,-0.3495814064069157
2026-09-03,BTC-USD,-0.3485363272939602
2026-09-03,ETH-USD,-0.48088599218038275
2026-09-03,SOL-USD,-0.5957882902602087
2026-09-04,AAPL,-0.058321623101851294
2026-09-04,MSFT,-0.07057874745467563
2026-09-04,NVDA,-0.02168289496766118
2026-09-04,GOOGL,-0.15831345418851617
2026-09-04,AMZN,-0.0898175488867402
2026-09-04,META,-0.21671959029709476
2026-09-04,TSLA,-0.27721078010324696
2026-09-04,AMD,-0.1778932547171148
2026-09-04,NFLX,-0.4156653701942612
2026-09-04,CRM,-0.28629886524501547
2026-09-04,ORCL,-0.5108892393062489
2026-09-04,ADBE,-0.6128390085912234
2026-09-04,AVGO,-0.2556296964476681
2026-09-04,QCOM,-0.3216277457140986
2026-09-04,INTC,-0.3202781226601351
2026-09-04,BTC-USD,-0.36135990226651216
2026-09-04,ETH-USD,-0.4916371573106225
2026-09-04,SOL-USD,-0.6036754400263656
2026-09-08,AAPL,-0.06935795119478494
2026-09-08,MSFT,-0.08127350845444414
2026-09-08,NVDA,-0.04134609695564295
2026-09-08,GOOGL,-0.15856215061927081
2026-09-08,AMZN,-0.0952397325515939
2026-09-08,META,-0.22089780839230644
2026-09-08,TSLA,-0.2484690128347259
2026-09-08,AMD,-0.1294004000366058
2026-09-08,NFLX,-0.426717347365955
2026-09-08,CRM,-0.3141333181607342
2026-09-08,ORCL,-0.49936841208730565
2026-09-08,ADBE,-0.6262765495439276
2026-09-08,AVGO,-0.23345873090501823
2026-09-08,QCOM,-0.3001195957105529
2026-09-08,INTC,-0.258762598190425
2026-09-08,BTC-USD,-0.3712466004572552
2026-09-08,ETH-USD,-0.4856629907903319
2026-09-08,SOL-USD,-0.5983276910114586
2026-09-09,AAPL,-0.07194782389081222
2026-09-09,MSFT,-0.08555144691120775
2026-09-09,NVDA,-0.05009470473505506
2026-09-09,GOOGL,-0.17773545393397605
2026-09-09,AMZN,-0.1113301751295589
2026-09-09,META,-0.16983225844087557
2026-09-09,TSLA,-0.24918348597105922
2026-09-09,AMD,-0.10295915085574359
2026-09-09,NFLX,-0.43224330746541584
2026-09-09,CRM,-0.3277889519518743
2026-09-09,ORCL,-0.5021099934063293
2026-09-09,ADBE,-0.6297630599559116
2026-09-09,AVGO,-0.24215239308596948
2026-09-09,QCOM,-0.29083289308992477
2026-09-09,INTC,-0.24620408667910132
2026-09-09,BTC-USD,-0.37268187945084286
2026-09-09,ETH-USD,-0.4893943687679403
2026-09-09,SOL-USD,-0.605002708456863
2026-09-10,AAPL,-0.038897667695514504
2026-09-10,MSFT,-0.08408206385456163
2026-09-10,NVDA,-0.07160808095172344
2026-09-10,GOOGL,-0.17288613915449436
2026-09-10,AMZN,-0.11312580405204087
2026-09-10,META,-0.1816556358895599
2026-09-10,TSLA,-0.2578590799076125
2026-09-10,AMD,-0.13308424818828302
2026-09-10,NFLX,-0.4323926331014998
2026-09-10,CRM,-0.3309826465922632
2026-09-10,ORCL,-0.528878942500823
2026-09-10,ADBE,-0.6385228821766207
2026-09-10,AVGO,-0.249535783963312
2026-09-10,QCOM,-0.28890314244231907
2026-09-10,INTC,-0.2882077624730367
2026-09-10,BTC-USD,-0.3862399084587712
2026-09-10,ETH-USD,-0.4955655619094128
2026-09-10,SOL-USD,-0.6163469074120606
2026-09-11,AAPL,-0.02212250288257611
2026-09-11,MSFT,-0.07814879190681956
2026-09-11,NVDA,-0.07190572811190499
2026-09-11,GOOGL,-0.15821396043791514
2026-09-11,AMZN,-0.09590870814752317
2026-09-11,META,-0.17702019610419817
2026-09-11,TSLA,-0.2540213954459609
2026-09-11,AMD,-0.11151464298513847
2026-09-11,NFLX,-0.4220127637241141
2026-09-11,CRM,-0.3179877278698958
2026-09-11,ORCL,-0.5370728990735958
2026-09-11,ADBE,-0.6335836868011662
2026-09-11,AVGO,-0.24712317046231613
2026-09-11,QCOM,-0.26844022803177214
2026-09-11,INTC,-0.2696182726107016
2026-09-11,BTC-USD,-0.38138492179893146
2026-09-11,ETH-USD,-0.4794964971809882
2026-09-11,SOL-USD,-0.6019386702390299
2026-09-14,AAPL,-0.019738663199611817
2026-09-14,MSFT,-0.059958400685496405
2026-09-14,NVDA,-0.10307031998496974
2026-09-14,GOOGL,-0.13113253561758642
2026-09-14,AMZN,-0.10731637527833238
2026-09-14,META,-0.15470686225060126
2026-09-14,TSLA,-0.2672287138835667
2026-09-14,AMD,-0.15062569679906623
2026-09-14,NFLX,-0.4002075745984388
2026-09-14,CRM,-0.2857482412985298
2026-09-14,ORCL,-0.5539844797740516
2026-09-14,ADBE,-0.6141609773995159
2026-09-14,AVGO,-0.28304181079163515
2026-09-14,QCOM,-0.2757570612139135
2026-09-14,INTC,-0.3104157743873208
2026-09-14,BTC-USD,-0.37345253014655766
2026-09-14,ETH-USD,-0.47956416033712124
2026-09-14,SOL-USD,-0.6015545569579106
2026-09-15,AAPL,-0.024859490694295383
2026-09-15,MSFT,-0.07537747200271006
2026-09-15,NVDA,-0.09792585082453709
2026-09-15,GOOGL,-0.14209938795785626
2026-09-15,AMZN,-0.12534325829796744
2026-09-15,META,-0.1488141791784624
2026-09-15,TSLA,-0.2721074895523333
2026-09-15,AMD,-0.13205137540032286
2026-09-15,NFLX,-0.41827899612152153
2026-09-15,CRM,-0.29615521905566244
2026-09-15,ORCL,-0.5676615519812316
2026-09-15,ADBE,-0.6255501959789166
2026-09-15,AVGO,-0.29437687207730856
2026-09-15,QCOM,-0.2450023273806209
2026-09-15,INTC,-0.31077055692522093
2026-09-15,BTC-USD,-0.39390001104687
2026-09-15,ETH-USD,-0.503433286149357
2026-09-15,SOL-USD,-0.6233503385986303
2026-09-16,AAPL,-0.02171043685644991
2026-09-16,MSFT,-0.08806240215039518
2026-09-16,NVDA,-0.0905705016353725
2026-09-16,GOOGL,-0.14734660184824633
2026-09-16,AMZN,-0.13400459042329094
2026-09-16,META,-0.14491538295768602
2026-09-16,TSLA,-0.2690455152217851
2026-09-16,AMD,-0.11776346819150019
2026-09-16,NFLX,-0.42940560762487123
2026-09-16,CRM,-0.3102238628904289
2026-09-16,ORCL,-0.5590055496257852
2026-09-16,ADBE,-0.63609686392947
2026-09-16,AVGO,-0.29387765146172895
2026-09-16,QCOM,-0.256902210999321
2026-09-16,INTC,-0.2830282297336566
2026-09-16,BTC-USD,-0.38958897627578193
2026-09-16,ETH-USD,-0.49990777799854913
2026-09-16,SOL-USD,-0.6165336995859845
2026-09-17,AAPL,-0.00820198204836331
2026-09-17,MSFT,-0.07420568910699399
2026-09-17,NVDA,-0.06744147483519103
2026-09-17,GOOGL,-0.13625543923834693
2026-09-17,AMZN,-0.115590408570452
2026-09-17,META,-0.13348561644483836
2026-09-17,TSLA,-0.25246997518375447
2026-09-17,AMD,-0.061661785724154594
2026-09-17,NFLX,-0.4376199419287927
2026-09-17,CRM,-0.3302193313109
2026-09-17,ORCL,-0.5361179731203103
2026-09-17,ADBE,-0.6329444921173082
2026-09-17,AVGO,-0.2776758409397023
2026-09-17,QCOM,-0.2413439107895501
2026-09-17,INTC,-0.22804029255647407
2026-09-17,BTC-USD,-0.38755732912233
2026-09-17,ETH-USD,-0.49349407889271346
2026-09-17,SOL-USD,-0.6050208597446434
2026-09-18,AAPL,-0.010762395795705038
2026-09-18,MSFT,-0.08158972636337825
2026-09-18,NVDA,-0.0549840848297003
2026-09-18,GOOGL,-0.1307595289172021
2026-09-18,AMZN,-0.10671777857982256
2026-09-18,META,-0.1545163402840236
2026-09-18,TSLA,-0.2564097628340406
2026-09-18,AMD,-0.03630505034394593
2026-09-18,NFLX,-0.46390564078302465
2026-09-18,CRM,-0.343816300337335
2026-09-18,ORCL,-0.5452976430306669
2026-09-18,ADBE,-0.638392143854891
2026-09-18,AVGO,-0.2562328180294756
2026-09-18,QCOM,-0.28552617082458465
2026-09-18,INTC,-0.22945936857585936
2026-09-18,BTC-USD,-0.3515044534417012
2026-09-18,ETH-USD,-0.45949933104939444
2026-09-18,SOL-USD,-0.562275021906113
2026-09-21,AAPL,-0.002374768482301892
2026-09-21,MSFT,-0.06702627679437345
2026-09-21,NVDA,-0.03325811276649415
2026-09-21,GOOGL,-0.11725615512282395
2026-09-21,AMZN,-0.09002879302769695
2026-09-21,META,-0.05789059601880453
2026-09-21,TSLA,-0.23389404741525055
2026-09-21,AMD,0.0
2026-09-21,NFLX,-0.45218161278979485
2026-09-21,CRM,-0.34795330251062473
2026-09-21,ORCL,-0.5423712433985737
2026-09-21,ADBE,-0.6375205107102571
2026-09-21,AVGO,-0.2443561872643868
2026-09-21,QCOM,-0.21915233043553806
2026-09-21,INTC,-0.13594439712085904
2026-09-21,BTC-USD,-0.3058023497018222
2026-09-21,ETH-USD,-0.4253223121051256
2026-09-21,SOL-USD,-0.5383636068340902
2026-09-22,AAPL,-0.00010867478021203691
2026-09-22,MSFT,-0.07374069949830842
2026-09-22,NVDA,-0.026923184715623716
2026-09-22,GOOGL,-0.12673090477006133
2026-09-22,AMZN,-0.10224630099797283
2026-09-22,META,-0.06380065568724358
2026-09-22,TSLA,-0.22654529656272948
2026-09-22,AMD,0.0
2026-09-22,NFLX,-0.4611426322469081
2026-09-22,CRM,-0.3566134253766938
2026-09-22,ORCL,-0.5403997697197662
2026-09-22,ADBE,-0.6538925262722404
2026-09-22,AVGO,-0.240438980946445
2026-09-22,QCOM,-0.20291059987530058
2026-09-22,INTC,-0.12118633131254164
2026-09-22,BTC-USD,-0.309254246093704
2026-09-22,ETH-USD,-0.43025586072082533
2026-09-22,SOL-USD,-0.5393071178910719
2026-09-23,AAPL,-0.008143153964860095
2026-09-23,MSFT,-0.06892341396369694
2026-09-23,NVDA,-0.04120875627602116
2026-09-23,GOOGL,-0.1598801582216255
2026-09-23,AMZN,-0.12235048970281526
2026-09-23,META,-0.054268351431110085
2026-09-23,TSLA,-0.22405488828204256
2026-09-23,AMD,-0.014684954218497137
2026-09-23,NFLX,-0.4671166832001652
2026-09-23,CRM,-0.34475401072984435
2026-09-23,ORCL,-0.5546929656420312
2026-09-23,ADBE,-0.6503479173283382
2026-09-23,AVGO,-0.2603375420643126
2026-09-23,QCOM,-0.20705142345641403
2026-09-23,INTC,-0.13012632077191677
2026-09-23,BTC-USD,-0.3235968283208682
2026-09-23,ETH-USD,-0.4443183262954892
2026-09-23,SOL-USD,-0.5530379145997333
2026-09-24,AAPL,-0.01138040502102633
2026-09-24,MSFT,-0.07387091021148273
2026-09-24,NVDA,-0.04516276654601625
2026-09-24,GOOGL,-0.1486149005210482
2026-09-24,AMZN,-0.12196319086961138
2026-09-24,META,-0.01170337033048574
2026-09-24,TSLA,-0.22850494269139254
2026-09-24,AMD,0.0
2026-09-24,NFLX,-0.4644283659684767
2026-09-24,CRM,-0.3429888914859246
2026-09-24,ORCL,-0.5701567402185894
2026-09-24,ADBE,-0.6529046960637701
2026-09-24,AVGO,-0.2699846895503989
2026-09-24,QCOM,-0.219031728688027
2026-09-24,INTC,-0.09614022149170198
2026-09-24,BTC-USD,-0.32362845343067936
2026-09-24,ETH-USD,-0.44377818329630636
2026-09-24,SOL-USD,-0.5451317237767871
2026-09-25,AAPL,0.0
2026-09-25,MSFT,-0.03994528652543894
2026-09-25,NVDA,-0.043079431050178085
2026-09-25,GOOGL,-0.1447354031625656
2026-09-25,AMZN,-0.12094215961353716
2026-09-25,META,-0.04465979184389113
2026-09-25,TSLA,-0.2404058511418986
2026-09-25,AMD,0.0
2026-09-25,NFLX,-0.46868485875652144
2026-09-25,CRM,-0.3545724891543832
2026-09-25,ORCL,-0.5776729513040408
2026-09-25,ADBE,-0.6579310503203777
2026-09-25,AVGO,-0.26487980743857176
2026-09-25,QCOM,-0.18803579135971293
2026-09-25,INTC,-0.127288222865361
2026-09-25,BTC-USD,-0.32638703974192906
2026-09-25,ETH-USD,-0.4431212089177513
2026-09-25,SOL-USD,-0.5256919911535607
2026-09-28,AAPL,-0.007828344241351815
2026-09-28,MSFT,-0.052871963590042204
2026-09-28,NVDA,-0.02696567793487359
2026-09-28,GOOGL,-0.14764500720855367
2026-09-28,AMZN,-0.13333566855171075
2026-09-28,META,-0.09046566330269212
2026-09-28,TSLA,-0.2703314921119524
2026-09-28,AMD,-0.036090908439813885
2026-09-28,NFLX,-0.4830225126770116
2026-09-28,CRM,-0.37318899893418667
2026-09-28,ORCL,-0.5915348888279304
2026-09-28,ADBE,-0.6644101338735587
2026-09-28,AVGO,-0.2716306995943285
2026-09-28,QCOM,-0.24628882781235806
2026-09-28,INTC,-0.17674189889747838
2026-09-28,BTC-USD,-0.33065398723122097
2026-09-28,ETH-USD,-0.44349520071651194
2026-09-28,SOL-USD,-0.5380269479001096
2026-09-29,AAPL,-0.034215888753422186
2026-09-29,MSFT,-0.05335557094673182
2026-09-29,NVDA,-0.03398088674460675
2026-09-29,GOOGL,-0.1521958407362325
2026-09-29,AMZN,-0.13150479645616997
2026-09-29,META,-0.06101721974148899
2026-09-29,TSLA,-0.27974199228177143
2026-09-29,AMD,-0.03656660384067656
2026-09-29,NFLX,-0.47503225228637436
2026-09-29,CRM,-0.37859470029080733
2026-09-29,ORCL,-0.5755474937001022
2026-09-29,ADBE,-0.6612722811527387
2026-09-29,AVGO,-0.26010831135240786
2026-09-29,QCOM,-0.25987713589620853
2026-09-29,INTC,-0.17745140984106345
2026-09-29,BTC-USD,-0.32969352325265944
2026-09-29,ETH-USD,-0.44596791260527713
2026-09-29,SOL-USD,-0.5371766253173212
2026-09-30,AAPL,-0.023602246276948624
2026-09-30,MSFT,-0.04602727341150592
2026-09-30,NVDA,-0.02900645533631796
2026-09-30,GOOGL,-0.14433757994315277
2026-09-30,AMZN,-0.12277303170907783
2026-09-30,META,-0.07831515591383753
2026-09-30,TSLA,-0.2757205968358105
2026-09-30,AMD,-0.029922450519451638
2026-09-30,NFLX,-0.48040888674975124
2026-09-30,CRM,-0.36684558718505667
2026-09-30,ORCL,-0.5770568745925959
2026-09-30,ADBE,-0.6514374476758548
2026-09-30,AVGO,-0.2682552535164501
2026-09-30,QCOM,-0.26011840073494685
2026-09-30,INTC,-0.14694195207696648
2026-09-30,BTC-USD,-0.33024323654755505
2026-09-30,ETH-USD,-0.44452788500234774
2026-09-30,SOL-USD,-0.5412998742222528
2026-10-01,AAPL,-0.031518455944972934
2026-10-01,MSFT,-0.046213337368692375
2026-10-01,NVDA,-0.018462363074521204
2026-10-01,GOOGL,-0.15886055597957816
2026-10-01,AMZN,-0.12601223389389682
2026-10-01,META,-0.07736192548822418
2026-10-01,TSLA,-0.27714954310847706
2026-10-01,AMD,-0.023627205015136155
2026-10-01,NFLX,-0.49332774772274135
2026-10-01,CRM,-0.34720863033597904
2026-10-01,ORCL,-0.5746849298997112
2026-10-01,ADBE,-0.6494908254415976
2026-10-01,AVGO,-0.2839865211069663
2026-10-01,QCOM,-0.26795782104172905
2026-10-01,INTC,-0.14857387596620586
2026-10-01,BTC-USD,-0.3198286182068951
2026-10-01,ETH-USD,-0.44000375154048643
2026-10-01,SOL-USD,-0.5397331689514748
2026-10-02,AAPL,-0.021637800816056818
2026-10-02,MSFT,-0.03741565677682057
2026-10-02,NVDA,-0.005324757185311446
2026-10-02,GOOGL,-0.145779897815137
2026-10-02,AMZN,-0.1144285120708406
2026-10-02,META,-0.0746293005718297
2026-10-02,TSLA,-0.2435086293702844
2026-10-02,AMD,0.0
2026-10-02,NFLX,-0.4992271073715703
2026-10-02,CRM,-0.3527246332336986
2026-10-02,ORCL,-0.5616547217882741
2026-10-02,ADBE,-0.6547060387184045
2026-10-02,AVGO,-0.2600249489492714
2026-10-02,QCOM,-0.25678160925181026
2026-10-02,INTC,-0.15332765883366306
2026-10-02,BTC-USD,-0.3226813909838002
2026-10-02,ETH-USD,-0.4477419607175711
2026-10-02,SOL-USD,-0.5388883629365414
2026-10-05,AAPL,-0.02398332453784302
2026-10-05,MSFT,-0.023187042864753704
2026-10-05,NVDA,0.0
2026-10-05,GOOGL,-0.13839406158154688
2026-10-05,AMZN,-0.11485105407710317
2026-10-05,META,-0.05706443195363675
2026-10-05,TSLA,-0.2268922854344163
2026-10-05,AMD,-0.003407381546336352
2026-10-05,NFLX,-0.4959413736500017
2026-10-05,CRM,-0.36623886558336893
2026-10-05,ORCL,-0.5611002668490659
2026-10-05,ADBE,-0.6531080741753112
2026-10-05,AVGO,-0.24466871679254543
2026-10-05,QCOM,-0.2731841216941564
2026-10-05,INTC,-0.17560663808197008
2026-10-05,BTC-USD,-0.3226813909838002
2026-10-05,ETH-USD,-0.4477419607175711
2026-10-05,SOL-USD,-0.5388883629365414
