date,port_return,port_index,port_drawdown,port_vol30,port_vol90,port_var95,port_var99,avg_pairwise_corr,avg_corr_equity,avg_corr_cross,avg_corr_crypto,avg_vol30,vol30_dispersion
2021-10-07,0.0047151627435779,100.4715162743578,0.0,,,,,,,,,,
2021-10-08,-0.0006498400109547,100.40622586312142,-0.0006498400109548,,,,,,,,,,
2021-10-11,-0.0049025759138572,99.91397671860356,-0.0055492300348265,,,,,,,,,,
2021-10-12,-0.0013433845676303,99.7797538241892,-0.0068851598524658,,,,,,,,,,
2021-10-13,0.0104016971426527,100.81763260443692,0.0,,,,,,,,,,
2021-10-14,0.0192229782275972,102.7556477609499,0.0,,,,,,,,,,
2021-10-15,0.0160067999650742,104.40043685994104,0.0,,,,,,,,,,
2021-10-18,0.0086504563322583,105.30354828006668,0.0,,,,,,,,,,
2021-10-19,0.0094041035945203,106.29383375696295,0.0,,,,,,,,,,
2021-10-20,0.0090846769146772,107.2594788946674,0.0,,,,,,,,,,
2021-10-21,0.0102436936712488,108.35821213980216,0.0,,,,,,,,,,
2021-10-22,-0.0100048208727738,107.2741076372494,-0.0100048208727739,,,,,,,,,,
2021-10-25,0.0206776775128749,109.49228704045387,0.0,,,,,,,,,,
2021-10-26,-0.0034214317451078,109.11766665372922,-0.0034214317451078,,,,,,,,,,
2021-10-27,-0.0072546875379885,108.32605207728204,-0.0106512978648529,,,,,,,,,,
2021-10-28,0.0198549909503693,110.4768648609657,0.0,,,,,,,,,,
2021-10-29,0.0119504841569408,111.79711688419518,0.0,,,,,,,,,,
2021-11-01,0.0031562244905564,112.14997368247867,0.0,,,,,,,,,,
2021-11-02,0.0140267068370541,113.72306848510614,0.0,,,,,,,,,,
2021-11-03,0.0171259009517249,115.6706784919083,0.0,,,,,,,,,,
2021-11-04,0.0209678015929475,118.09603832864826,0.0,,,,,,,,,,
2021-11-05,-0.0015647251259953,117.9112504901949,-0.0015647251259954,,,,,,,,,,
2021-11-08,0.0196652630135047,120.23000624333584,0.0,,,,,,,,,,
2021-11-09,-0.0100670521016869,119.01964450629802,-0.010067052101687,,,,,,,,,,
2021-11-10,-0.021388522899542,116.47399011427972,-0.031240255626821,,,,,,,,,,
2021-11-11,0.0085429485546351,117.46902141977908,-0.0229641909688397,,,,,,,,,,
2021-11-12,0.006509437747341,118.2336787019522,-0.0166042371930285,,,,,,,,,,
2021-11-15,0.0007835991504256,118.32632651213471,-0.0158336491087608,,,,,,,,,,
2021-11-16,0.0011971969889292,118.46798643394612,-0.0146554081168683,,,,,,,,,,
2021-11-17,0.0019775505219852,118.7022628623571,-0.0127068394048546,0.16848942997896682,,,,,,,,0.37204171560442045,0.21341648669929558
2021-11-18,-0.0032008291258315,118.32231720208516,-0.0158669961090218,0.1704767517139478,,,,,,,,0.3834618287830012,0.2256006436524246
2021-11-19,0.0163810483792101,120.26056080451276,0.0,0.17225578582662107,,,,,,,,0.38694834373440745,0.2333049964832402
2021-11-22,-0.0152118933333714,118.43116998134306,-0.0152118933333715,0.18037253505788434,,,,,,,,0.38963051792600467,0.22438405669913555
2021-11-23,-0.0021498550766008,118.17656012933092,-0.0173290450438647,0.18066287935756517,,,,,,,,0.39114280613742536,0.22600592592052
2021-11-24,0.0032246316921698,118.55763601039556,-0.0141602931395384,0.18024335556214025,,,,,,,,0.39124595033529425,0.22724022784136683
2021-11-26,-0.0287077654999192,115.15411119758434,-0.0424615482645976,0.20084134433610148,,,,,,,,0.4008200042038204,0.23757574978416293
2021-11-29,0.0384326308053862,119.5797866389635,-0.0056608264670898,0.22200753780087856,,,,,,,,0.41141097437035434,0.23768957790012085
2021-11-30,-0.0126492422040845,118.06719295505448,-0.018238463506117,0.2271778744200539,,,,,,,,0.4183340508720771,0.23187165536622825
2021-12-01,-0.0185596061127332,115.87591235897258,-0.0364595709200753,0.23561170665409778,,,,,,,,0.4356915403927593,0.23343936803225687
2021-12-02,0.0054572207212349,116.50827278898996,-0.0312013181247527,0.23502982479552229,,,,,,,,0.432156661028854,0.22267629314159057
2021-12-03,-0.0312794317738618,112.86396021919629,-0.0615047903970769,0.2537682675878579,,,,,,,,0.44345225434944247,0.2278533351702234
2021-12-06,-8.82101273430395e-05,112.85400447489288,-0.0615875751790269,0.25148485813391264,,,,,,,,0.4348883717168934,0.2408491125136144
2021-12-07,0.0280643766681673,116.02118176498732,-0.0352516154187628,0.25714731375442806,,,,,,,,0.43810049355033054,0.22646408487682862
2021-12-08,0.0038348927731507,116.46611055647028,-0.0315519088108234,0.256662969350695,,,,,,,,0.4350380732707182,0.22500987443454842
2021-12-09,-0.0265732416921256,113.37122845171136,-0.0572867140042713,0.2687360851952014,,,,,,,,0.4367097959572347,0.2322576755216184
2021-12-10,0.0118332455763758,114.71277803927586,-0.0461313561829715,0.26499546441626637,,,,,,,,0.45833759313543915,0.21414334973987487
2021-12-13,-0.0205365660431143,112.35697149708317,-0.0657205425831758,0.27041704368342817,,,,,,,,0.46038007873616965,0.21986875423056765
2021-12-14,-0.0123042236766767,110.97450618814906,-0.0772161260037566,0.2727041833761984,,,,,,,,0.4593521770200392,0.2157459264199157
2021-12-15,0.042481329498956,115.68885075151177,-0.0380150401961989,0.2969990057778147,,,,,,,,0.47357839686615044,0.23072998162801492
2021-12-16,-0.0326489398660639,111.9117324201516,-0.0694228293008913,0.3079691190043355,,,,,,,,0.48457450438605776,0.2238294530131529
2021-12-17,-0.010192607830914,110.7710600199148,-0.0789078374582288,0.3019077530297061,,,,,,,,0.4722957446819952,0.21779426318509396
2021-12-20,-0.0098142497918705,109.6839251671691,-0.0879476660227479,0.3027599361523717,,,,,,,,0.47311396298627095,0.2178476832477749
2021-12-21,0.0255818752988554,112.48984566308462,-0.0646156569489116,0.3069354100673626,,,,,,,,0.46771123872909737,0.2092373747664509
2021-12-22,0.0079751040240021,113.38696388389168,-0.0571558695106563,0.307287143347415,,,,,,,,0.4652627239562753,0.20596222470597117
2021-12-23,0.0158933611462968,115.18906385018046,-0.042170907240123,0.30524063848707383,,,,,,,,0.46213819923233707,0.21125053757500867
2021-12-27,0.0160221125878961,117.0346360000824,-0.0268244616759618,0.3078588284770963,,,,,,,,0.464684403286682,0.21155056517693838
2021-12-28,-0.0174573909145721,114.99151660888433,-0.0438135674769838,0.31131141523768424,,,,,,,,0.46484074405808307,0.2206669785725846
2021-12-29,-0.0090306159948284,113.95307237972654,-0.0524485199685641,0.3121919459553923,,,,,,,,0.46483258944049866,0.22069756543718744
2021-12-30,-0.0022422484433525,113.69756128056784,-0.054573165799661,0.3121342060858539,,,,,,,,0.456952315809739,0.2166689253460661
2021-12-31,-0.0090875423233821,112.66432988036534,-0.0631647721691179,0.31280738104586236,,,,,,,,0.45659604579979024,0.2155541114610799
2022-01-03,0.0181337875409932,114.70736090186426,-0.0461764011867147,0.31789999286452786,,,,,,,,0.45612903253367304,0.21187935674336658
2022-01-04,-0.0118299485438434,113.35037872479512,-0.0574600852805795,0.31512231003830343,,,,,,,,0.4513690785892035,0.2020058037101458
2022-01-05,-0.043276788320348,108.44493837869088,-0.0982501856533707,0.335364200064021,,,,,,,,0.4665956697096041,0.2049398848325676
2022-01-06,-0.0060667983550296,107.78702480492376,-0.1037209199436972,0.3354988107944059,,,,,,,,0.4652470046906947,0.20168172621032646
2022-01-07,-0.0218446690467772,105.43245292052342,-0.1232998398210771,0.33940131763097964,,,,,,,,0.46884220124060594,0.20595731898890204
2022-01-10,0.0047429788400846,105.93251681378366,-0.1191416695122498,0.3317289461315765,,,,,,,,0.46254390701670517,0.20204817269399647
2022-01-11,0.0168779027061949,107.72043552598906,-0.1042746283123363,0.3139869805700923,,,,,,,,0.44832433299102675,0.19377728965436647
2022-01-12,0.0128361424465421,109.10315038080422,-0.0927769698483714,0.31606419163600286,,,,,,,,0.44638546845791005,0.20280529682220394
2022-01-13,-0.031049469022717,105.7155554927746,-0.12094576321976,0.32358412120336344,,,,,,,,0.43984586399159237,0.19489552652657616
2022-01-14,0.011917035236333,106.97537149261052,-0.1104700429054018,0.3255613124553053,,,,,,,,0.4401324969297457,0.19450956693243737
2022-01-18,-0.0279865222214324,103.9815028811866,-0.1353648928162595,0.32317506715639194,,,,,,,,0.43818500632325746,0.1814715912579874
2022-01-19,-0.0165064861950671,102.265133639336,-0.1496369802767583,0.32559222939063254,,,,,,,,0.4350701262816557,0.18000031984135492
2022-01-20,-0.0230520440103215,99.90771327796058,-0.1692395860321685,0.316694189296734,,,,,,,,0.4250102154523102,0.18293092189429067
2022-01-21,-0.0520579076565754,94.7067267659569,-0.2124872349472442,0.34375788725293777,,,,,,,,0.465939807431029,0.19557094256491228
2022-01-24,-0.0079847990807935,93.95051258113112,-0.2187753661497506,0.33857510478197794,,,,,,,,0.4701945657760855,0.2076078093864341
2022-01-25,-0.0210103162856535,91.97658259660228,-0.2351891427970882,0.33690079691846825,,,,,,,,0.4531605137459733,0.21169953680962028
2022-01-26,0.0020989722113495,92.16963888756744,-0.233583826060881,0.3354504770847916,,,,,,,,0.4526759730530466,0.20600057226962626
2022-01-27,-0.017446313134771,90.56161850601616,-0.246954962622976,0.3365710799269677,,,,,,,,0.46434437486514724,0.21271622563353185
2022-01-28,0.0288938354954157,93.1782910133276,-0.225196603192365,0.32133521062282017,,,,,,,,0.45388298973442454,0.18409724232301644
2022-01-31,0.0487822727392039,97.72373981891268,-0.1873999325700333,0.35019986663159736,,,,,,,,0.46996783084006183,0.20699454302365589
2022-02-01,0.0167070222976194,99.35641251907404,-0.1738238051244336,0.35489515270992206,,,,,,,,0.4729980422556374,0.2227441016469032
2022-02-02,0.0004770995107223,99.403815414874,-0.173429636866088,0.3545260443702526,,,,,,,,0.4809048896994966,0.22496872027310508
2022-02-03,-0.0438222456053829,95.04771700165124,-0.2096518063294729,0.3628164679229185,,,,,,,,0.5122671935079229,0.22877314550931682
2022-02-04,0.0352259252063189,98.39586077178278,-0.1818110599722856,0.3797141031672279,,,,,,,,0.5364443235063473,0.23857112364877706
2022-02-07,-0.0015039459256615,98.2478787178731,-0.1830415718950615,0.37493720550463827,,,,,,,,0.5370388465546551,0.2366591653615351
2022-02-08,0.0076860192838176,99.00301380829283,-0.1767624136625698,0.3716361463453464,,,,,,,,0.5336478019634253,0.23558069110392288
2022-02-09,0.0235333051374227,101.33288194176788,-0.1573889123426957,0.3788979994045165,,,,,,,,0.5390115425868421,0.2300218594614379
2022-02-10,-0.0315974598837403,98.13102026970904,-0.1840132823825423,0.387094457335659,,,,,,,,0.5459877484263431,0.22796726886828667
2022-02-11,-0.0443551289550055,93.77840621115983,-0.2202064784680364,0.4036756167259484,,,,,,,,0.5592899189590885,0.2293822412018333
2022-02-14,0.0038677235976389,94.14111516581173,-0.2171904526635212,0.40458366004837937,0.3165058374780658,,,0.4045508595709184,0.45157762967676507,0.27394499289983093,0.7177019059326001,0.5601228818412852,0.22985169637102223
2022-02-15,0.0386011631035143,97.77507170707396,-0.1869730936477974,0.4191279390417148,0.32308931527910767,,,0.41221903971933976,0.4565900028987398,0.28778447209391467,0.7257538428217144,0.5675946867823637,0.2342798428242071
2022-02-16,-0.0085323237695859,96.9408231386747,-0.1939101024461793,0.41876784731511424,0.32339661028418676,,,0.41268157015903634,0.45690043789349083,0.28854877644259536,0.7270131051997456,0.5659929178146376,0.23485757422720147
2022-02-17,-0.0451490153251135,92.56404042915756,-0.230304267584256,0.420292648301382,0.3319579521554293,,,0.4268643265031434,0.4676086776736474,0.30978607216613513,0.7569858505906274,0.5647815031245031,0.2381781356011322
2022-02-18,-0.0154461148342469,91.13428563116692,-0.2421930762545793,0.4213919376657509,0.33288108368229785,,,0.4283988976886054,0.4686272595984806,0.3122265770505962,0.7629910404131103,0.5669470282878621,0.235825965693377
2022-02-22,-0.0173894939097808,89.5495065262115,-0.2553709551398402,0.4200618575528514,0.33348363276772847,,,0.42908398468769654,0.46879994225521643,0.3138113898503589,0.7681143923845618,0.5645822566424956,0.23302392902096877
2022-02-23,-0.0271799056441554,87.1155593883484,-0.2756099023190368,0.4237427424125887,0.33451571667619956,,,0.4306957962260104,0.4711697224375703,0.3135847125146553,0.7707746344917412,0.5664377540657577,0.2347771249544887
2022-02-24,0.0449653325809937,91.0327394892248,-0.2430374606584338,0.44432713839161236,0.3422546424879596,,,0.4433052899191273,0.4874107117204378,0.3185036658722234,0.7716398875768226,0.5858991788503655,0.2277006838342688
2022-02-25,0.0197152714343291,92.82747465766543,-0.2281137387296956,0.4471938282104658,0.34366256508805576,,,0.4458978488442734,0.48848861736937005,0.32463331617664337,0.7741889404803439,0.5870580681174633,0.22390557472305547
2022-02-28,0.0207391608827728,94.75263858893229,-0.2121054653740088,0.4461544071394585,0.34516999421460076,,,0.4448581175231773,0.48798711265290684,0.3221246828239525,0.7763448084710111,0.5892440520695824,0.23255446538617774
2022-03-01,-0.0163775840337696,93.20081928802064,-0.2250092743245937,0.44532610636676706,0.34568406380571987,,,0.445511541845482,0.4885077734605793,0.32336381824860577,0.7728592892702196,0.5915424559012156,0.23294829769866882
2022-03-02,0.0168279575723477,94.76919872070752,-0.2119677632739649,0.44346598729931713,0.34648262098951343,,,0.4478225786406395,0.4901549957774694,0.326131531880859,0.7915536802483026,0.5922972464894359,0.23129008753658056
2022-03-03,-0.0253270518480821,92.36897431110695,-0.2319262965914854,0.44657654439216476,0.34852124658348643,,,0.45939474854162365,0.5036431482178573,0.333656168410771,0.7967794618362363,0.5932203961051472,0.23361556691966953
2022-03-04,-0.0238551408499516,90.16549941874992,-0.2502488029694395,0.44689579101759347,0.3484920716931018,,,0.4603458421223804,0.5044592407589382,0.3349684007988789,0.7970385096953784,0.5958303508592901,0.2362859322588664
2022-03-07,-0.0430488246928817,86.28398064092603,-0.2825247108136864,0.43900035666983694,0.3552200791237857,,,0.47187860043006324,0.516571025949043,0.3458402493012945,0.7982189741973018,0.5785719122131527,0.2090033612610626
2022-03-08,0.0017896117823426,86.43839546930845,-0.2812407085826189,0.438897734970925,0.3551893876458411,,,0.4767502578740049,0.5217818725277913,0.35038093700774914,0.7961835579853199,0.5694336862393043,0.1928461690963711
2022-03-09,0.0471488458761792,90.51386605507513,-0.2473520375295089,0.4578372856247009,0.3628539708389846,,,0.4881044980098015,0.5315521156648114,0.36606105660794025,0.798089501112378,0.5831327398758228,0.1937474020896244
2022-03-10,-0.0190980437653086,88.785228279788,-0.2617261412566408,0.4610501178531859,0.3632046169350083,,,0.48714590706335925,0.5302351755148803,0.3658471165432324,0.7985033690620306,0.5867589552335966,0.19814881680400037
2022-03-11,-0.022850144927275,86.75647294619364,-0.2785958059249452,0.463003437011348,0.364702648669726,,,0.4916109469829311,0.5356291718199464,0.36830225817764367,0.8006034097667145,0.5782854140618474,0.19664468696930318
2022-03-14,-0.0191696303095707,85.09338343285283,-0.2924248576291378,0.4569359427607852,0.3646510413850192,,,0.4907325939828565,0.5375355689226446,0.36110256131146257,0.797078961161179,0.5722290449077176,0.2016327781425936
2022-03-15,0.0321193625719725,87.8265286678085,-0.2696979950844131,0.44298625023114874,0.3678381874168135,,,0.49480921420134244,0.5440195151738446,0.3593156498874996,0.8048521448714073,0.5595516902977618,0.19160756185139852
2022-03-16,0.0419703975846525,91.51264299447632,-0.239046929581237,0.4586154444557921,0.3733170757297432,,,0.5104015014813841,0.5589990800672184,0.3769905128897264,0.8106510798520525,0.5691886619162623,0.1890228597600619
2022-03-17,0.0101305957849569,92.4397205898664,-0.2313380216135028,0.45998111515023726,0.3739174863340505,,,0.5115664100186929,0.5602304594055199,0.378065991377099,0.8108309611036542,0.5602034854198982,0.1893930929049016
2022-03-18,0.0255554776563417,94.80206180395922,-0.2116944975995671,0.4490019838638982,0.37503107962373866,,,0.5183351429907643,0.5665778339205547,0.3861372467639802,0.8128094038498662,0.532984314356154,0.17320772536090318
2022-03-21,-0.0032991871598905,94.48929205892446,-0.2142952649911577,0.43667556369614524,0.3748082328186207,,,0.5206068340091707,0.5694514861559865,0.3871553297175139,0.8128165732454694,0.5120147173699288,0.1572458698450352
2022-03-22,0.0211844990730064,96.4910003789558,-0.197650503760706,0.44136682485932716,0.3754339049310384,,,0.5221883117289084,0.5708785097947238,0.3891643282391334,0.8133911317719996,0.5126282863592041,0.15498203044635303
2022-03-23,-0.0117912213109225,95.35325363897522,-0.2071111842395706,0.4419416423756246,0.37538768657966176,,,0.5189455411997826,0.5694324463084818,0.3814828513087003,0.8138442107615527,0.5176251217390014,0.1563660518467829
2022-03-24,0.0333888752120462,98.53699152578956,-0.1806375185131183,0.4475594262500987,0.3797894881941863,,,0.5230049626050791,0.5718301609475994,0.3896735931048888,0.8140935631197238,0.5243709007958802,0.16035052105975695
2022-03-25,-0.0030130708796625,98.24009258605366,-0.1831063157459745,0.43789098303368434,0.3797711979061038,,,0.5234190380754038,0.5721875658614687,0.39008707137291126,0.8165000661005184,0.5157608573521346,0.15794225461639752
2022-03-28,0.0267491847410514,100.867934971616,-0.1612550756720655,0.42297341421000295,0.38273408384369967,,,0.5296040916505509,0.5738926278647642,0.40702583963734107,0.8181791043512319,0.5058320677566406,0.15532079089320966
2022-03-29,0.019289228756038,102.81359964343268,-0.1450763329587381,0.42567275621250633,0.38427237045648927,,,0.5317640588839052,0.5761050805573166,0.40922495533153186,0.8179148536001056,0.5088374786248724,0.1560766553183013
2022-03-30,-0.0116459963726417,101.61623283492702,-0.1550327708839863,0.41420774272798183,0.38464995144104963,,,0.5367366167673138,0.5797211626035761,0.4184897941890885,0.8059798511715163,0.5007347182212423,0.14849049519585758
2022-03-31,-0.0191241257945971,99.6729112154188,-0.1711920304659131,0.4175859428952109,0.384591070112909,,,0.5382578948779595,0.5809976356487313,0.4209121281220903,0.8025534692389837,0.505287316794685,0.14938935687995586
2022-04-01,0.0047003871308956,100.14141248459468,-0.1672963121519313,0.3937576318044712,0.3840670136716002,,,0.5359562957902121,0.5800831507568286,0.4150656435226652,0.8048761559718393,0.4885631014694256,0.14536574528946736
2022-04-04,0.0253134060366014,102.676332719896,-0.1462177455932577,0.39495427997718385,0.38669054074622033,,,0.5405419351664522,0.5849138811224482,0.4194097964824524,0.8045059069665891,0.48944421889759493,0.14362539559726098
2022-04-05,-0.029142145022964,99.68412414134669,-0.1710987918692122,0.4019643191933793,0.3894091442424834,,,0.5444688334691385,0.5880832563440038,0.4253459247650555,0.8048076634100995,0.4934777779874328,0.14281837135044795
2022-04-06,-0.0392149600777535,95.77501519275792,-0.2036041196544628,0.4114490997394756,0.39186723642561916,,,0.5477924630898721,0.5910068024459131,0.4297025034873425,0.8066399796663807,0.5017504086653586,0.1533421512318356
2022-04-07,0.0041584877747096,96.17329442255964,-0.2002923171222167,0.3922528457681359,0.3860714648392242,,,0.5421653792640658,0.5874179949379934,0.41921066872638874,0.8026444887417558,0.48286291581305985,0.15659567177447759
2022-04-08,-0.0221794638512627,94.04022231545764,-0.2180294047661816,0.3947150811038571,0.38713495727578745,,,0.5462865179466427,0.5902022074771559,0.4265162526407286,0.8057913639673969,0.4849150477097807,0.16067205090395176
2022-04-11,-0.0338673935771734,90.85532509421516,-0.2445127106807419,0.40231764401135534,0.389801346749251,,,0.5554113262216215,0.5952172403465272,0.4449139501601383,0.8196649727721677,0.4886499950891058,0.16067058341327708
2022-04-12,-0.0003476748833659,90.82373697965984,-0.2447753746359404,0.39969835778412294,0.3895909718963201,,,0.5558825783897003,0.5960137426857866,0.44452385308965037,0.8216727075274338,0.4841169594678338,0.16020889029338908
2022-04-13,0.019561076545997,92.60034705091246,-0.2300023679297722,0.4008081920601327,0.3882302192115107,,,0.5575514773456419,0.5989650941994855,0.4435502127809125,0.8180938559320589,0.48268274886185825,0.16242996847811164
2022-04-14,-0.0295543248976379,89.86360630853576,-0.2527591281183876,0.4032665900614833,0.39096215964112,,,0.5642189397107082,0.6035911755848958,0.45438821796382495,0.8336515103173974,0.4842495069486064,0.15940658705078972
2022-04-18,0.0086679444688292,90.64253905778688,-0.2462820857360782,0.3979538293310913,0.3880431910059028,,,0.5618715806565673,0.5971863267061145,0.46132870214770805,0.8339986465553073,0.47620431942414876,0.151806996685039
2022-04-19,0.0245712165896743,92.8697365172138,-0.2277623196171817,0.38160465135659744,0.3905364888017036,,,0.5663290313833524,0.601987762811517,0.46522613531914814,0.8348168723606534,0.4612200109593153,0.14959657104866853
2022-04-20,-0.0365053471211162,89.47949454860631,-0.255953124199562,0.39820704900101006,0.39263863433894075,,,0.5531092413922288,0.5876060153932191,0.454033392051075,0.831859891474878,0.5040672031964158,0.2140559066028956
2022-04-21,-0.0264049623939313,87.11679186002237,-0.2755996539743948,0.38158290550664903,0.3939462962381756,,,0.5713625958204013,0.6040487064893747,0.4775868651138083,0.8339846830052252,0.4912845459773765,0.21503785848915022
2022-04-22,-0.0220521445405014,85.19567977402039,-0.2915742351101406,0.38289455055559984,0.3941481782384941,,,0.5727041613753292,0.6063937536793961,0.47661702525714567,0.8348754725057409,0.4890927646242973,0.2101707333119624
2022-04-25,0.0124978778724797,86.26044497509899,-0.282720416418829,0.37912819516076207,0.3946332323274205,,,0.5748838056913975,0.6088699267590729,0.4782558055743078,0.8347895700790998,0.48602794493618845,0.2087691821904397
2022-04-26,-0.0476159718403595,82.1530700562278,-0.3168743808722948,0.40006802268730424,0.3943599065393735,,,0.5763437257102666,0.6117030914365357,0.47663337629021696,0.8344211665916035,0.5026278990651742,0.2125959047717502
2022-04-27,0.001022773606929,82.23709404800951,-0.3161756980188339,0.38775266219724613,0.3913239053772085,,,0.5730819127043417,0.6073187368058771,0.47567649963324166,0.8358742652170982,0.4929002116778107,0.21276773913893066
2022-04-28,0.045556827365194,85.9835551445699,-0.2850228323453536,0.391400807857315,0.39950319934177975,,,0.5806113372155095,0.6197220720439746,0.47228615397816104,0.8366133667794609,0.5077764878611117,0.21460333200155238
2022-04-29,-0.0472341249267474,81.9221971592254,-0.3187941532021253,0.4110496935885979,0.4062930881925763,,,0.5874834458272877,0.6271792013738331,0.4781391828582171,0.8382959462342593,0.5297535718487423,0.20453085436391194
2022-05-02,0.0218603146240758,83.71304216382165,-0.3039027790673637,0.4088988374967822,0.40560119850939347,,,0.584916065181628,0.6281814126265224,0.46747650011329145,0.8322223806353692,0.5323988133853739,0.20740600643438642
2022-05-03,-0.0017174483901012,83.56926933432692,-0.3050982901188084,0.40894189445139056,0.4051857554642299,,,0.585932019690793,0.6294265081328615,0.4680211855094982,0.8322874369378108,0.5322510416422143,0.20738514401007394
2022-05-04,0.0430170879082547,87.16417593971028,-0.2752056421772526,0.425092194950455,0.4112747845877362,,,0.5932887905143943,0.6353714003697405,0.479010260666329,0.8345753932982559,0.5449783390893583,0.2070433605804101
2022-05-05,-0.0606084759555873,81.88128807807976,-0.319134323586098,0.45623494556665134,0.42123450475933966,,,0.6061476615142061,0.6465155731497069,0.49634462037330274,0.8403163713852254,0.5647045431847997,0.20987693797764473
2022-05-06,-0.0118278483118192,80.91280862311586,-0.3271874995274458,0.4420661677098095,0.42081570096905235,,,0.6069720582125651,0.6462395812632635,0.500016291415877,0.8369452533884406,0.5493050244900796,0.21012388377121974
2022-05-09,-0.0690682304310548,75.32430411231066,-0.3736574683469784,0.4779647954256383,0.4347896916577051,,,0.6137996342452103,0.6510055763965822,0.5105244260308422,0.8607197821627143,0.5911036296497174,0.23899863537450247
2022-05-10,0.0243087677993566,77.15534513062494,-0.358431853182164,0.47645651213313717,0.43739316366553627,,,0.6164675206052446,0.6527511814063351,0.5154720062507424,0.8614721078846069,0.5869158905446032,0.23449305750089344
2022-05-11,-0.054735744463988,72.93218987552424,-0.3935485633226193,0.48718580018042107,0.4455140469493994,,,0.6194027181375551,0.6547878856689424,0.5207652862362293,0.860483333058886,0.6027043424643324,0.26044472260071855
2022-05-12,-0.0091028986070713,72.26829554589567,-0.3990690292608063,0.4872086386615612,0.4439368276961167,,,0.6190050273892932,0.6553835009341863,0.5184308232253607,0.8543715157770312,0.6033287268077973,0.2605307697012541
2022-05-13,0.0435181703988191,75.41327954589418,-0.3729176128782503,0.511185636690946,0.4510349176419244,,,0.624987523470362,0.6622068569990588,0.5229596726921483,0.8527286116391829,0.6226750526155114,0.2697685650628912
2022-05-16,-0.0044119990190032,75.08055623051789,-0.3756842997550657,0.5097828494777078,0.4461424001813795,,,0.6219545812005154,0.6629086666979878,0.5114267867880221,0.8464785049763778,0.6216452267417542,0.27048408270273566
2022-05-17,0.0339535746631088,77.62980950223852,-0.3544865500134482,0.5154278183550605,0.450541539964445,,,0.6255996825428186,0.6662152324380454,0.5160380258257129,0.8474802869664612,0.6270361009239748,0.27316857579509535
2022-05-18,-0.0605927971959158,72.92600219871179,-0.3936000155757193,0.5339602637770546,0.45964560688111056,,,0.6365179013566101,0.6758437161489497,0.5305517429911971,0.8496067591059305,0.6426400765900007,0.2744994779687915
2022-05-19,0.0041660656231039,73.22981670950224,-0.3910737134467585,0.5279711022956876,0.459616720366712,,,0.633988559350576,0.6745110522057641,0.5248403257574332,0.8529248133161303,0.6414507508425511,0.2757787655710566
2022-05-20,-0.009266244514421,72.55125132212576,-0.3967161733092192,0.526635874937415,0.45838654357936315,,,0.6305072689532036,0.6712411241686631,0.520593822014153,0.8535240404978862,0.6428579486938979,0.2731436753891817
2022-05-23,0.0099174602059874,73.27077547000755,-0.3907331299650975,0.5277717717328105,0.4581095349794421,,,0.6283312068029079,0.6687270810953337,0.5191392148729214,0.852355485517808,0.6456147479325689,0.26949515437131355
2022-05-24,-0.0240982071280958,71.5050811462951,-0.4054153691954854,0.5243179327759021,0.45709390610692807,,,0.6259322397329158,0.6684040688973601,0.5117659160993033,0.8519130734815469,0.6455510544099272,0.26791946755874996
2022-05-25,0.0133904553103692,72.46256673984888,-0.3974536102684651,0.5274302486212609,0.4572450978144567,,,0.6251890086450717,0.6689509470508737,0.5079713985924267,0.85178531523168,0.6484975076700079,0.2679211618237217
2022-05-26,0.0180480654589842,73.77037588769569,-0.3865788135845157,0.5267869907702935,0.4568689457407173,,,0.6207340901336786,0.6710717463276133,0.4880514996898921,0.8491549800027625,0.6552187350845646,0.26977634874714274
2022-05-27,0.0235867860477008,75.51038196041723,-0.3721101793034069,0.5295328204278424,0.4585336835703284,,,0.6194373375226272,0.6757318625781836,0.4727564944269198,0.84934160701376,0.6625799679137249,0.2684711585882223
2022-05-31,0.0188011078582593,76.93006079607339,-0.3603051550613872,0.5326505231251669,0.4586864070919995,,,0.612552676199854,0.6733393595653567,0.45454311462467234,0.8551621820349892,0.6766131452569278,0.2817214888157993
2022-06-01,-0.0146626679386543,75.80206086012008,-0.3696847881547911,0.5258810810121669,0.4514539448305466,,,0.6045108374782504,0.6673283254076434,0.44123038697941863,0.855105517431967,0.6787503006232822,0.28107580036773705
2022-06-02,0.0362167552459015,78.54736554542599,-0.3468568163996245,0.531679955360396,0.45585121207816837,,,0.6108291279311904,0.6720724396427735,0.45060835787587705,0.8706247688554735,0.6584537410880152,0.24886329328590004
2022-06-03,-0.0338409873569342,75.88924514108274,-0.3689598266181125,0.534856379620534,0.45790093041308594,,,0.6133980688976336,0.6721858087658883,0.45902490084693653,0.8714246942691745,0.6589218008492911,0.24874341780969286
2022-06-06,0.0149844240792716,77.02640177333252,-0.3595040530491012,0.5347849626387688,0.45871213324106447,,,0.6149140368897221,0.6748166935546626,0.4578951221482129,0.8736047747394456,0.6606451034724342,0.2627561994761624
2022-06-07,0.0002130690674403,77.04281371692666,-0.3593675831749851,0.5329136727115644,0.45793339702519736,,,0.6211531218688068,0.6836938223740063,0.4584097384606758,0.8733793553087877,0.6592287915529931,0.26358141417959796
2022-06-08,-0.010888094740437,76.20396426210692,-0.366342849623171,0.5167028454941615,0.4553174874891323,,,0.6198485664673293,0.6825944593735158,0.4565073980182477,0.8738598414870219,0.64649542386983,0.2612818268835308
2022-06-09,-0.0216127128988401,74.55698986075653,-0.3800378996905625,0.519714543418076,0.44834820787623203,,,0.6144024246857893,0.6793108169942148,0.4456444388706801,0.8739784811175353,0.6476019790813006,0.26182084268566963
2022-06-10,-0.044497572945303,71.2393847658453,-0.407624708472405,0.5124847302284417,0.4525610852323125,,,0.619290763088379,0.6833967594977165,0.4524629186466916,0.8779985553868803,0.6334032279991526,0.2623368137226675
2022-06-13,-0.0875406793477422,65.003040627128,-0.4594816439215475,0.552588822593096,0.4739498309409453,,,0.6397944736651305,0.7002803687336489,0.48198810823045746,0.8898836277870928,0.6670227078224411,0.3195410683349661
2022-06-14,0.0104025551586362,65.67923834273077,-0.4538588719081861,0.5483554818657532,0.46980186851066524,,,0.6403770026095886,0.6976535350878452,0.4902813946315384,0.8871324855413595,0.6662742999506218,0.3189151845774799
2022-06-15,0.0346944322191228,67.95794222561625,-0.4349108155575294,0.5616651634388794,0.4696781311772757,,,0.6458471298314142,0.7043684248879872,0.49407696367417786,0.8741542952098916,0.6806558999657076,0.33430958282008877
2022-06-16,-0.0597157229197447,63.89978457747534,-0.4686555247206404,0.5622781658295077,0.4789288988061524,,,0.655580567807024,0.7095635632520795,0.5148456667372343,0.8771992432769409,0.6813246827404699,0.33659060131809054
2022-06-17,0.0085496612469426,64.44610608936536,-0.4641127094515674,0.5432452732635599,0.4789923405961671,,,0.6555578419139201,0.709016464699159,0.5159897347482183,0.8780276519160752,0.6640815367841423,0.3408885508964185
2022-06-21,0.0297238161407794,66.36169029775482,-0.4481840941551254,0.5535336020820574,0.4801216694175024,,,0.6522629593817639,0.7045324431673156,0.5157734977295337,0.8701729516709141,0.6780371494905918,0.35883443516360003
2022-06-22,-0.0103850589499018,65.6725202319975,-0.453914734866818,0.5205670793950532,0.47800604355613097,,,0.650071310495594,0.7027756081187209,0.5123814444426821,0.8707688844798288,0.6499030258384,0.32977862043005207
2022-06-23,0.023114823752615,67.19052896255016,-0.4412920702093644,0.5200135070698755,0.47520177192704827,,,0.6457105450570116,0.6979631352134222,0.508569907734592,0.8739794494189351,0.6525346771059558,0.3396640671804794
2022-06-24,0.0477046140251651,70.3958272128553,-0.4146391240659032,0.5180344696666339,0.4826635991997305,,,0.6518084416536857,0.7040730548995887,0.5152403019285241,0.8710690739245095,0.649409472955091,0.31364287621593584
2022-06-27,-0.0151765404346042,69.32746209473198,-0.4235228770683523,0.5191930039650825,0.4779802647857214,,,0.6490708275883674,0.7027441524740187,0.5092137350147592,0.8683608451946986,0.6477445478426901,0.31138471139648644
2022-06-28,-0.037790939684481,66.70751215623181,-0.4453084892505454,0.5122393349981754,0.4813721788191433,,,0.6497781678373515,0.703107384560418,0.5107967391146425,0.8679770133706621,0.642545866288093,0.3091926813210618
2022-06-29,-0.0080315523881467,66.1717472776661,-0.4497635231783899,0.5123986101705205,0.4762995310880816,,,0.644323886224336,0.6986327913948833,0.502824526527748,0.8660026007040008,0.6401099943769888,0.30276970995831365
2022-06-30,-0.0159117354171738,65.1188399428918,-0.4585187404144533,0.500817789310427,0.4763338638365389,,,0.6458025792599076,0.700695543597908,0.5030483413840403,0.8658623955679056,0.6289536627754084,0.3011560766702226
2022-07-01,-0.0045942354738293,64.81966865841154,-0.461006432825655,0.47264809962763366,0.47574134627590026,,,0.6427326704571722,0.6970086684364324,0.5012508975393808,0.865299334949929,0.607784108799397,0.2995745020232513
2022-07-05,0.0307468842883928,66.81267151026368,-0.4444340599835573,0.48256070280164215,0.4773235913781738,,,0.6438048498838677,0.6966110822440662,0.5056936988148026,0.8672539833128909,0.6117738392800867,0.3023719804662825
2022-07-06,0.0114513602208085,67.57776747904228,-0.4380720742780168,0.48380683801684415,0.47114329315754006,,,0.6393685482329988,0.6902278846145843,0.5054604833508758,0.8679127481093559,0.6109361257810069,0.3034410581410625
2022-07-07,0.0326337891264957,69.7830860925927,-0.4197342368457165,0.49302314711134376,0.4733868583218772,,,0.6404378532737678,0.6908609321027467,0.50757004646273,0.868647196425078,0.6179283129315374,0.30597125693711946
2022-07-08,-0.0005596078794528,69.74403492776274,-0.4200589581389544,0.4881987297813493,0.47173695051986486,,,0.6418600011898608,0.6915881044947826,0.510599218065661,0.8702881323805899,0.6085439074746951,0.3070312143421967
2022-07-11,-0.0409466081407469,66.88825325942108,-0.4438055767247751,0.5001494209544571,0.47549252795732255,,,0.6459882841338094,0.6934433236696734,0.5199948982459226,0.8749626886968672,0.6173702356553297,0.31711041096066556
2022-07-12,-0.0162312845396094,65.80257098840995,-0.4528333266682993,0.49796736424516586,0.47476117936512957,,,0.644938915248691,0.6914244794007489,0.5211584354951493,0.874651366229782,0.6087156337129938,0.3137628931476619
2022-07-13,0.011415468685253,66.55373817693729,-0.4465871626432672,0.493482097111633,0.47397990397709266,,,0.64245607534591,0.6899593546244684,0.5160875229294817,0.8753695868427922,0.5983997499453069,0.3240843945271526
2022-07-14,0.0113601628498535,67.3097994808938,-0.4403003026876952,0.4909956196040893,0.47329489710987044,,,0.6419889847094582,0.6895930839084133,0.5154538598535349,0.8738723855848782,0.5910618676165081,0.30991028624833483
2022-07-15,0.024675055424047,68.97067251366633,-0.426489681635692,0.4967563259356661,0.4705459878660273,,,0.6404654854014542,0.6879493068794881,0.5141680792523219,0.872992825907254,0.5908994132886355,0.30063597648649637
2022-07-18,0.0271246203916784,70.84147582375829,-0.4109334319593496,0.49124122956859384,0.47303378980070254,,,0.6311711067893517,0.6879100758013796,0.4835344014491716,0.8598577714710749,0.5969482790027562,0.35321364732476407
2022-07-19,0.0347600762416692,73.30393092446451,-0.390457433142838,0.494000833134135,0.4698501404303939,,,0.628487633260942,0.6882032683314827,0.4739473963004102,0.8565439601999928,0.6017970163918054,0.348125700955555
2022-07-20,0.0180508278987631,74.62712756588485,-0.3794546851715289,0.49492470783958586,0.47011236791035976,,,0.6294959887538087,0.6919361299198529,0.4687482821764833,0.8553066466021453,0.6066401806260596,0.3424266151030556
2022-07-21,0.0205819255224143,76.1630975473976,-0.3666826677184462,0.4987129938297005,0.47014205442883866,,,0.6297264135261736,0.6921387410311188,0.46911316858859325,0.8544936249167953,0.6102080280069406,0.3406420082034106
2022-07-22,-0.0251108777041803,74.25057531931334,-0.382585821797306,0.5031210731730454,0.47089647325487116,,,0.6301734072466075,0.6901028335952248,0.4753574000505026,0.8548835929865751,0.6141497691998664,0.342232567416061
2022-07-25,-0.0200568149791412,72.76134526803908,-0.3949691837350161,0.5025701449193155,0.4685711734057192,,,0.6289361343332607,0.6872071529204309,0.4777804674031846,0.8567854877334528,0.6107116328853073,0.3506665620588797
2022-07-26,-0.022365266070911,71.13401842144197,-0.4085008589218829,0.48958985492710616,0.46395634306237005,,,0.624805875439529,0.6846156099196599,0.469867764244879,0.8555368365546968,0.5994492162373829,0.3512562883318869
2022-07-27,0.0600880851467744,75.40832537718178,-0.3729588081685371,0.4439512884465453,0.47516228632277874,,,0.6342671970339916,0.6913359321910036,0.48608613546544044,0.8595773900668396,0.5587084715427828,0.29122687544855175
2022-07-28,0.0117101918287198,76.29137133283112,-0.3656160355276815,0.44409701538448637,0.47346616516139634,,,0.6295947752315616,0.6860061178958866,0.482555956702073,0.8607800599225138,0.5555069200299857,0.2976451900969632
2022-07-29,0.010114310439312,77.0630059463322,-0.359199679173287,0.4356330437249139,0.47389101720819604,,,0.6193053781758583,0.6731304750455754,0.47762954260630935,0.860564521278996,0.556775388413402,0.2829614123557619
2022-08-01,-0.0013223060334484,76.96110506861369,-0.3600470133037519,0.39138806063823234,0.4722917147216977,,,0.6177827880027672,0.6720630268703159,0.47501714489696945,0.8594590742255321,0.5219552645244833,0.269133133099891
2022-08-02,-0.0066789083066263,76.44708890468378,-0.3643212006224477,0.39318320543140106,0.47207108848647167,,,0.6223173467074637,0.6759133754704957,0.48150334856352045,0.8586663121605028,0.523770357874631,0.2707576267894754
2022-08-03,0.0185377327818749,77.86424461075104,-0.3525371569044836,0.38862920760736286,0.4695653358671317,,,0.6219035095599624,0.6779484368157466,0.47536937584760475,0.8583430612928825,0.5159785617653493,0.2551802980865811
2022-08-04,0.0085740426532294,78.53185596520511,-0.3469857828714014,0.38571366409705454,0.46990694581467396,,,0.6212811640603771,0.6771945289813495,0.4749496281849595,0.8592864299576121,0.51292266218655,0.25035023978193055
2022-08-05,-0.0007894443068541,78.46985943860669,-0.3475013012274085,0.3828494189846979,0.46738141178321757,,,0.6194912970987162,0.677727364537685,0.46774014675619086,0.8574961918726864,0.5105635471547364,0.24437359589450927
2022-08-08,-0.0001961069283982,78.45447095550034,-0.3476292607430087,0.36150237373362565,0.465961897659686,,,0.6165302005160233,0.6750775854195159,0.46382270576475665,0.8579841501627805,0.49597515779591866,0.24157003258189486
2022-08-09,-0.0217780963699139,76.74588192638085,-0.3618366535714593,0.36501385933151487,0.4668284165773349,,,0.6174274129320539,0.6741984069209628,0.4686522140409822,0.8620706066863111,0.49863936230310874,0.2380956827049655
2022-08-10,0.0388371888820661,79.72647623867644,-0.3370521831486027,0.3568919230220755,0.47110333133190796,,,0.6230455348509019,0.679356593234819,0.4755719793996183,0.8642618231830611,0.48884957232791304,0.23913883395452018
2022-08-11,-0.0045012136197235,79.36761033797835,-0.3400362528909803,0.3558134058664135,0.47098231515008154,,,0.6250553022673646,0.6807794534151221,0.47905518797470337,0.8647117264857748,0.48667962160928835,0.2355221765452482
2022-08-12,0.0272771782905423,81.53253479566168,-0.3220343040957931,0.35437843214927883,0.47131776298049444,,,0.6255789351347161,0.679920637321632,0.48277181432269933,0.8657261707729087,0.48518411668830086,0.23506775722246162
2022-08-15,0.0012980494881319,81.63836806071929,-0.3211542710712536,0.35300221520772684,0.4691230443951938,,,0.6239636930946708,0.6784339983420549,0.4807684703628333,0.8654313504137924,0.4808389645173324,0.2375482750754339
2022-08-16,-0.0068091598566225,81.08247936216006,-0.3257766401575149,0.34868793264390563,0.46491607397778956,,,0.620581337275121,0.6759836707515468,0.47508961627763396,0.8638754805625212,0.47688493652642294,0.2343519978944022
2022-08-17,-0.0177920061799043,79.63985938826656,-0.337772426342468,0.3554636467478219,0.46562078783381183,,,0.621102295409458,0.6761507608751064,0.47645601957385497,0.8641001416458103,0.4816085981652692,0.2360355996574079
2022-08-18,0.0061455001980935,80.12928615991328,-0.3337027066573729,0.3462123571297637,0.4644979251895399,,,0.61925195733678,0.6742722231738247,0.47450948099019885,0.8646797982389218,0.4741377241543117,0.23623058994035018
2022-08-19,-0.0388265979617633,77.01813858121925,-0.359572763788998,0.36845540751074257,0.46555389774939415,,,0.6200080195921088,0.6750883474488164,0.47519984377754654,0.8643191818257742,0.49218957831422677,0.2524269120379202
2022-08-22,-0.0279189965576116,74.86786943529653,-0.3774528495921738,0.3565187701631142,0.46765806053427983,,,0.6216476643230666,0.6799089738733869,0.4696167721397878,0.8629652128110413,0.4863668570513946,0.2302176788130436
2022-08-23,0.0014334396501206,74.97518800786513,-0.3765604658227096,0.351445582552697,0.46630525047934623,,,0.6203956785925722,0.6788716441826648,0.46778678004851254,0.8628703611002234,0.48046382271961363,0.22878399504814098
2022-08-24,0.0013882720460689,75.07927396552522,-0.3756949621449971,0.3509557368396812,0.4639802600380756,,,0.6182695767358881,0.6764916613491065,0.46613245071409704,0.8625535056001074,0.47774354141632663,0.2252477364730752
2022-08-25,0.0184588605067949,76.46515181060629,-0.3641710025375422,0.3528018192081155,0.46488020554536746,,,0.6177212019542015,0.6757264122930501,0.4660376049256796,0.8627927955223352,0.4788918610744202,0.22058794006303653
2022-08-26,-0.0559835074665771,72.18436441328426,-0.399766939964448,0.38837154190985607,0.4716023181339339,,,0.6235594869103628,0.6803392193924628,0.47496387661108835,0.8652030045259722,0.5047974552203927,0.22863056806788878
2022-08-29,-0.0083759312883639,71.57975313686437,-0.4047944508323101,0.38183685689118085,0.46817105003706916,,,0.6427670561418003,0.7050949668681115,0.48249686390231483,0.8653430643131879,0.4764225554133211,0.16048886363567044
2022-08-30,-0.0147671678272391,70.52272290925994,-0.4135839510685735,0.37016539007858323,0.4668593981314489,,,0.6435308158137749,0.7060114928370318,0.48296192159778295,0.8652405332396605,0.4640344308402962,0.1624563984636081
2022-08-31,-0.0039579926994741,70.24359448683805,-0.4159049815090986,0.365779259573694,0.4656293971767985,,,0.6422347166691758,0.7042339200253853,0.48269577035018363,0.865346793986721,0.45547345512988713,0.16147733006941234
2022-09-01,-0.0028687843685222,70.04208076098539,-0.417580624167877,0.35959492624455075,0.46501124514253267,,,0.6398793816065788,0.7016288546990485,0.480760093413605,0.8654371462647453,0.4505881112705461,0.1626722388733876
2022-09-02,-0.0121439147695637,69.19149570194108,-0.4246534754281248,0.3544498205864504,0.45888092838271416,,,0.6342449332957513,0.6959801752197154,0.474802051394313,0.8651546944785804,0.44477574533632275,0.160023416954253
2022-09-06,-0.0138033614241781,68.23642047928773,-0.4325951914509351,0.35215419840759565,0.4593216982817931,,,0.639355296427786,0.7020968400751201,0.47813950063526256,0.8616382056589459,0.4414646167838579,0.15164478787938987
2022-09-07,0.0232932704485033,69.82586987594958,-0.4193784777916204,0.35395624605489046,0.45432622220197166,,,0.6422122419487605,0.7025426879090138,0.48674900356551765,0.8625952090885289,0.44124964770029423,0.155374748019801
2022-09-08,0.0086542077956133,70.43015746336549,-0.4143536584878239,0.30570653933560465,0.44811847456834647,,,0.6396549314257322,0.6981879775716839,0.4882502965102482,0.8620678400496771,0.40260958377560124,0.13905795438712212
2022-09-09,0.0332366253503802,72.77101822034365,-0.394888750447163,0.3201764085763846,0.45018133070315264,,,0.6439320774516477,0.7001372120955972,0.4985570588641521,0.8573776437258407,0.409159581401364,0.1404535294895845
2022-09-12,0.0155732994708387,73.90430307988693,-0.3854651717447031,0.3222628350731154,0.45104878392545994,,,0.6438572544772462,0.6997411913915212,0.4994177074070676,0.8545126685302972,0.39962363126274864,0.14842925735253154
2022-09-13,-0.0681594613212625,68.86702559263853,-0.4273515346017386,0.37620133775002934,0.4586570320398397,,,0.6505851552684178,0.7069938972845698,0.5053632902625351,0.854607159791336,0.4440970454389636,0.15344111595532056
2022-09-14,0.007855380941297,69.40800231296276,-0.422853162760586,0.37746401712693917,0.44815584279505954,,,0.6367094507797458,0.6914944124564072,0.4944538103453876,0.8530703986119681,0.447668858531784,0.14848451117200503
2022-09-15,-0.0280784677601756,67.45913195772005,-0.4390585616229002,0.37859608389529525,0.4500439177759961,,,0.6255701692796922,0.6765755070733728,0.4915858965268268,0.8501474377938564,0.4580968809843183,0.16041745668076768
2022-09-16,-0.0068295667852155,66.99841531074213,-0.4428895486388915,0.3766039732105079,0.4354443515937691,,,0.6149084194137825,0.6693073092405593,0.47315338977440285,0.837272720067289,0.45629757252088105,0.16016608205817162
2022-09-19,0.0046282643076985,67.3085016849972,-0.4403110942214111,0.37745722719382246,0.43345604521709563,,,0.6127493806474494,0.6679345293377503,0.46916951846819444,0.8349671091757461,0.4523182144323795,0.15468062336750907
2022-09-20,-0.0163032025008309,66.21115755199916,-0.449435815789788,0.37862625475084905,0.42468321880630566,,,0.6074652432887249,0.6646019558983602,0.4588589814919669,0.8367742289028602,0.45083306108425547,0.15180163955812404
2022-09-21,-0.0188214722255616,64.96496608911193,-0.4597982442912894,0.37760782853920777,0.4255372003977483,,,0.611546208269525,0.6685107220791127,0.4632483631672589,0.8422559014679473,0.44945659273875815,0.15157115645109762
2022-09-22,-0.0010128610809241,64.89916560333671,-0.4603453936254936,0.35409807895292367,0.41887048419221495,,,0.603243162490592,0.6603813431426396,0.4537791756616454,0.8453666421031212,0.4371457823976422,0.151607115029957
2022-09-23,-0.0156787721261572,63.88162637466426,-0.4688065152256706,0.35500576033525,0.4195298682376066,,,0.6053791896599757,0.6620802923637228,0.45686877268921966,0.848496849590172,0.4405581388644497,0.1514979593234533
2022-09-26,-0.0091181963765917,63.29914116052401,-0.473650041733809,0.33985015631372256,0.41541072443751775,,,0.6024701113036943,0.659547362365078,0.45289956928513625,0.8483244544336345,0.4287613832649954,0.14947620732125286
2022-09-27,-0.0001654857252637,63.28866605624049,-0.4737371451383952,0.33952193264414965,0.40337733367061124,,,0.5880965978677744,0.6456338231733257,0.4366688392898049,0.845710090843017,0.42840186941072506,0.14939856935055731
2022-09-28,0.0189789346029726,64.48981751043125,-0.4637492368320032,0.34856258657186323,0.4046999101909679,,,0.5900713335649628,0.6460425337123925,0.44248625227075444,0.8448555478180512,0.4395286076561786,0.15107980608329868
2022-09-29,-0.0263965571749483,62.78750835531517,-0.4779044107620769,0.351677432846607,0.40669057497423383,,,0.5935196743990852,0.6532167559851207,0.43750613083986384,0.8443249722761599,0.44612092530697545,0.14623134208407707
2022-09-30,-0.014471434891778,61.87888301613425,-0.485459883089018,0.3497194549182451,0.40683746486702266,,,0.5966200078588709,0.6569286349755323,0.4393854855321532,0.8443358936764863,0.44311512860267527,0.1464774543183758
2022-10-03,0.0197549159390361,63.10129514851944,-0.4752951863321797,0.34654224600353695,0.406572454437131,,,0.5942187371738087,0.6523949910818376,0.4418037086526017,0.8442752782109051,0.4468392293567749,0.11976578231702037
2022-10-04,0.0340558643922069,65.25026429907004,-0.4574259103519702,0.3593923864072647,0.4101073188978054,0.044433473149669125,0.06445947849208164,0.5985585493653836,0.6558439885812518,0.4484674305279371,0.8449349593716905,0.45648312085486764,0.11516724204956995
2022-10-05,-0.0010536179423746,65.18151544985984,-0.457997576147891,0.3591185411358198,0.40886129030023527,0.044433473149669125,0.06445947849208164,0.600370586911101,0.6507211815586783,0.46640437663811496,0.8475929283406822,0.457081619201931,0.11397469001965838
2022-10-06,-0.0057863495195218,64.80435241925485,-0.4611337916127273,0.3587148084475291,0.4068003709035696,0.044433473149669125,0.06445947849208164,0.6021893970163483,0.6458300599818093,0.48403185276177896,0.8471293570437619,0.4566348770958737,0.11391557773432834
2022-10-07,-0.0454476007931825,61.85915008084384,-0.485623967932448,0.37057287839100417,0.4119539511070154,0.04485586625419877,0.06445947849208164,0.6116340644379926,0.6564594774526964,0.4917305596216478,0.8412971811685303,0.4677207007825651,0.1188543731737869
2022-10-10,-0.0173181509116647,60.78786398447647,-0.4945320096811371,0.34178072775338764,0.4122074414441215,0.04485586625419877,0.06445947849208164,0.6170024227834533,0.6606094162900633,0.500382831048156,0.8400515260815674,0.4460738569084673,0.10754876762720254
2022-10-11,-0.0182451498796289,59.6787802952172,-0.5037543489238596,0.3436978608535431,0.4079201319504369,0.04485586625419877,0.06445947849208164,0.6130368568515352,0.6541591503160579,0.5019670013394193,0.8398044182749796,0.44904368255099947,0.10907763319337405
2022-10-12,0.0045940815613421,59.95294947937485,-0.5014745559283544,0.34389556304779206,0.4046739070504307,0.04485586625419877,0.06445947849208164,0.6098089907262184,0.6505913266368615,0.49931209127033965,0.8398807256919,0.44939778486412585,0.10815126481685743
2022-10-13,0.0220808467617375,61.27676136974311,-0.4904666919909813,0.3528555542273325,0.4057045637117334,0.04485586625419877,0.06445947849208164,0.6116512513818845,0.6541336697359231,0.4974516785941354,0.8377602008067688,0.45795733046830417,0.10619304655566211
2022-10-14,-0.0281443322469778,59.552167838734285,-0.5048071667024889,0.3595062805573312,0.40799316771584176,0.04485586625419877,0.06445947849208164,0.6143383479344805,0.6574770763431526,0.4986625799318662,0.8396193736701734,0.46167108554407665,0.10557228777463845
2022-10-17,0.0384765278315425,61.84352848201004,-0.4857538658701367,0.38027569941674044,0.4134540264527608,0.04485586625419877,0.06445947849208164,0.6216148257918822,0.6671822681577942,0.5006990400979795,0.8404911283934946,0.47967925560485153,0.10667502826571727
2022-10-18,-0.0009791526987435,61.78297422419706,-0.4862573913601884,0.3790576307951465,0.4121190284157125,0.04485586625419877,0.06445947849208164,0.6203212766835388,0.663957168226865,0.5037931094681388,0.8409875808981205,0.47932154557438317,0.10498201473829653
2022-10-19,0.0039412829949211,62.026478409882536,-0.4842325863529899,0.3714540904839515,0.40581474747884183,0.04485586625419877,0.06445947849208164,0.6087300246768199,0.6516575263789288,0.4931903844427259,0.8393620686144199,0.4794222325193905,0.1126445562033935
2022-10-20,-0.0025551262141223,61.86799292892775,-0.4855504371919895,0.36963792073319834,0.3786304402431707,0.04485586625419877,0.06445947849208164,0.5850213863916432,0.6323027620847829,0.4602586606660379,0.8016141230158412,0.4804351691463374,0.11124038759766863
2022-10-21,0.0253061831895518,63.433635691557086,-0.4725316823137852,0.36334823885863404,0.38063549811902814,0.04485586625419877,0.06445947849208164,0.5933999250513713,0.6442345322312711,0.46066547017681053,0.8052054968732886,0.4747578144078446,0.11164196731028547
2022-10-24,0.0076832230578382,63.921010463944974,-0.4684790255730592,0.36030307049296656,0.37630295311021483,0.04485586625419877,0.06445947849208164,0.591219328666709,0.6418240114724053,0.45782672465172375,0.820944490692114,0.47067621208120275,0.11277100841576992
2022-10-25,0.03422815053428,66.10890843240817,-0.4502860456482467,0.32362188184247914,0.3670965962909813,0.04485586625419877,0.06445947849208164,0.5801839641196668,0.6338225994181217,0.43961356897192305,0.8113876558899001,0.44343957827528047,0.12172997154543319
2022-10-26,-0.0123217850769172,65.29432867103444,-0.4570595028475513,0.32402048997194044,0.36748484157408207,0.04485586625419877,0.06445947849208164,0.5675867762306384,0.6227233302026722,0.42278722239508854,0.8098006947427002,0.45650760822595843,0.11251167298376005
2022-10-27,-0.028978408913244,63.40220291508945,-0.472793054589595,0.3246637719410088,0.3673546173716234,0.04485586625419877,0.06445947849208164,0.5587912222125079,0.6107500147248515,0.4192784932748761,0.8329244183449637,0.45869658304137073,0.14164145819454005
2022-10-28,0.0317222167276918,65.413461336975,-0.4560688816069417,0.3384723977926326,0.37080330842332415,0.04485586625419877,0.06445947849208164,0.5524115086754485,0.6014418929745367,0.4194747282317763,0.8303997648624445,0.4784705348049287,0.13765429816827246
2022-10-31,-0.0126496048429893,64.58600689965012,-0.4629493953164191,0.33986435027909245,0.3693791740076566,0.04485586625419877,0.06445947849208164,0.5535309133518296,0.603530520526602,0.4187469678812888,0.8253038442929087,0.4787405132579619,0.13884977087325234
2022-11-01,-0.0103671620951021,63.91643329704606,-0.4685170859884464,0.33799545032384926,0.3607483695913433,0.04485586625419877,0.06445947849208164,0.541587174135939,0.5910658083221348,0.4067744149079119,0.8320263660394867,0.4777092280725226,0.14142569362662138
2022-11-02,-0.03804857161499,61.48450430736867,-0.4887392517043586,0.3511637249947708,0.36532746452450754,0.04485586625419877,0.06445947849208164,0.5489482066288208,0.5992284793584708,0.41255181278186465,0.8350845687954092,0.4873844021832713,0.13959346426991626
2022-11-03,-0.0166054074557564,60.463529061129606,-0.4972289447459426,0.35383595531798256,0.36099225583679706,0.04485586625419877,0.06445947849208164,0.5411796762026941,0.5925621960780908,0.4016388439865184,0.8359039638064444,0.48709995995374933,0.1371444692500858
2022-11-04,0.0240408965241343,61.91712650677221,-0.4851418778312499,0.3592915696639978,0.36316456773582734,0.04485586625419877,0.06445947849208164,0.5379100054644438,0.5866382583771312,0.4041272151278685,0.8391630085690083,0.500254617218578,0.1334148678746421
2022-11-07,0.002156767483122,62.05066735187037,-0.4840314485749352,0.3585065443686884,0.36224781257652816,0.04485586625419877,0.06445947849208164,0.5299750022340206,0.5835255365132684,0.38475225611681085,0.8340474942184887,0.5122250977723373,0.14003452192573781
2022-11-08,-0.0197855112881918,60.8229631725401,-0.4942401501735078,0.36287005419926666,0.36364954100248964,0.04485586625419877,0.06445947849208164,0.5249210166549857,0.58689660470393,0.35862404590306896,0.8502299962206864,0.5387770014800098,0.15181974739219786
2022-11-09,-0.0638058226477876,56.9421039714401,-0.5265105734539086,0.4004942630996759,0.37492837046656513,0.045313237332551444,0.06602617837125979,0.5207152214109821,0.5841667422432296,0.3510051674311143,0.8455628019803464,0.5948035541905019,0.2598119966964998
2022-11-10,0.1080731886274944,63.09601871479194,-0.4753390613456687,0.5094595300009602,0.4168888747244349,0.045313237332551444,0.06602617837125979,0.5664497697609898,0.6214152469718177,0.41866299564254933,0.8594596791586196,0.6732230120913214,0.30017060550598407
2022-11-11,0.0153690002526885,64.0657414423632,-0.4672755472469145,0.5091029909356976,0.41400357276566746,0.045313237332551444,0.06602617837125979,0.5623157012304901,0.6214274452410962,0.4045865981882686,0.8593412064925996,0.676093570275968,0.30270904156433626
2022-11-14,-0.0131852840540583,63.2210164433118,-0.4742996704790068,0.5078716318628959,0.41453747463555296,0.045313237332551444,0.06602617837125979,0.5610091437140835,0.6204601193646554,0.4025897637221233,0.8565156958234686,0.6722526154943353,0.3128850133979641
2022-11-15,0.019813200521236,64.47362711925948,-0.4638838644361276,0.5013417319457916,0.41030401271812095,0.045313237332551444,0.06602617837125979,0.5579838293259012,0.6193761391930273,0.3951517700453927,0.8517338731841174,0.6659250554697203,0.3154908221736443
2022-11-16,-0.0223413094742237,63.0332018628624,-0.4758614009348849,0.5055365101996714,0.411111591983484,0.045313237332551444,0.06602617837125979,0.5586111976536797,0.620771681418196,0.39402168064915694,0.8518370209634506,0.6713348720944619,0.31454384975666616
2022-11-17,-0.0086512290489756,62.48788719585646,-0.4803958440088064,0.5058582230464985,0.41088459961954976,0.045313237332551444,0.06602617837125979,0.5587579783305786,0.6198889990048624,0.3967562195894704,0.849198635847273,0.6724813094952926,0.31521517601414784
2022-11-18,-0.005686089004503,62.13257550755748,-0.483350359486882,0.4881318175253854,0.41049641147268057,0.045313237332551444,0.06602617837125979,0.5603644654572086,0.6219043215568236,0.39756350073041646,0.8484839728725655,0.6514048531735591,0.3191826341466847
2022-11-21,-0.0291659046807871,60.32042273273224,-0.4984189136554506,0.49309225439739807,0.411010659126619,0.045313237332551444,0.06602617837125979,0.5594227742992518,0.6196357511750108,0.3994438590088255,0.8516523130040842,0.6533928376367828,0.3258447073049715
2022-11-22,0.0244074428285076,61.792690001972815,-0.4861766019666352,0.49472162010364834,0.410506066129465,0.045313237332551444,0.06602617837125979,0.5724394131601016,0.6226093751507024,0.43614007213561257,0.8609808588564065,0.6531201911154183,0.3279298153833498
2022-11-23,0.0258185777965748,63.388089376048384,-0.4729104125908103,0.4996301367964401,0.4085569751776625,0.045313237332551444,0.06602617837125979,0.5678834304686856,0.6154531372633463,0.43719925849317287,0.8632062722882555,0.6602541814124954,0.3427208373908419
2022-11-25,-0.0076695236988288,62.9019329223553,-0.476952938672851,0.49684209858804124,0.40737487049170185,0.045313237332551444,0.06602617837125979,0.5688540877740442,0.6142760841691807,0.44322730806227784,0.8634859096207607,0.6572699587693879,0.3438810762886903
2022-11-28,-0.0186657733777818,61.727819697402175,-0.4867160165854984,0.49269700969015023,0.4066238913262027,0.045313237332551444,0.06602617837125979,0.5690041638897128,0.6141267359718953,0.4439882134358471,0.8649533978213105,0.6516286538694572,0.34519068443522405
2022-11-29,-0.0026468541035036,61.564435164535766,-0.4880746044032619,0.4802477178481136,0.4047434968691991,0.045313237332551444,0.06602617837125979,0.5682182489607456,0.6144924703230912,0.44054692476548396,0.863690364207569,0.6410268864867853,0.3458259899403408
2022-11-30,0.0597302627868778,65.24169505523919,-0.4574971659969923,0.510163559117061,0.41638368483146565,0.045313237332551444,0.06602617837125979,0.5831624608227907,0.6310621722215801,0.45273736682541593,0.8630489718257737,0.6643782778416525,0.34446619530321354
2022-12-01,-0.005140941985494,64.90629128592492,-0.4602861415935678,0.5105893935158019,0.4148612249838793,0.045313237332551444,0.06602617837125979,0.5782939240935057,0.6241610406498331,0.45228455499264797,0.8630853811349124,0.6612580854040838,0.34474607528843676
2022-12-02,-0.0037686945475067,64.66167929985677,-0.462320158268958,0.5106956308148748,0.4019348440590797,0.045313237332551444,0.06602617837125979,0.5646238849554014,0.6140885925478149,0.4296107148483726,0.8585566708263616,0.6599998072785979,0.3466230396035651
2022-12-05,-0.0229575794645851,63.1772036590168,-0.4746639859620039,0.510682061147538,0.4029199687970184,0.045313237332551444,0.06602617837125979,0.5672559346774625,0.6181047399342171,0.4294008921254749,0.8553733889708699,0.6602761513230232,0.3471771390357943
2022-12-06,-0.0176116747097072,62.064547299105264,-0.4839160329545352,0.5127850421083152,0.4032738504540728,0.045313237332551444,0.06602617837125979,0.5771071116062948,0.632232916938329,0.42992623083175546,0.8554171366031896,0.6640790094953226,0.3482778096038781
2022-12-07,-0.0124902706970044,61.2893443026524,-0.490362061405317,0.5030842512819653,0.40364681038593253,0.045313237332551444,0.06602617837125979,0.5782313768303965,0.6326665850235483,0.4325397453818373,0.8583735617984645,0.6559538887928831,0.3406564033578152
2022-12-08,0.0156825348581368,62.25051658111111,-0.4823696466682768,0.5046590252213216,0.40467877082958614,0.045313237332551444,0.06602617837125979,0.5788914091884365,0.6329585966281377,0.4340772521545484,0.8587522043072099,0.6468150015961402,0.3432693178159859
2022-12-09,-0.0018833200869056,62.13327893281364,-0.4833445103102987,0.49772096846262237,0.4031897794753225,0.045313237332551444,0.06602617837125979,0.5772810177800175,0.6289369575135089,0.43799055705312384,0.8586800380112246,0.6260834979609357,0.3363625051242742
2022-12-12,0.0080794225867127,62.63527995000994,-0.4791702322773505,0.4891836420831263,0.4031532442647187,0.045313237332551444,0.06602617837125979,0.5759978926443423,0.6272299326737634,0.4376038731522305,0.8587867839962864,0.6117021907930865,0.3404728557696828
2022-12-13,0.0174893612539822,63.73073098829997,-0.4700612523178215,0.490742352879894,0.4044915496372451,0.045313237332551444,0.06602617837125979,0.5780074957679592,0.6264236889288995,0.446246663685989,0.8598532163645985,0.6112413935618246,0.3423377701854433
2022-12-14,-0.006616730242907,63.30904193316711,-0.4735677140564984,0.4901735194245603,0.4045535761592673,0.045313237332551444,0.06602617837125979,0.5793348673075127,0.6275244870901295,0.44828014882532957,0.8585189521486764,0.6098066273637159,0.3443915423807166
2022-12-15,-0.0344896985450868,61.12553216171391,-0.4917242049030907,0.4878678365179703,0.4068602937720588,0.045313237332551444,0.06602617837125979,0.5822110708227339,0.6320532452011975,0.4475916611855771,0.8570261121338582,0.6108990357742701,0.3437122429946527
2022-12-16,-0.020528648982383,59.87070756810472,-0.502158420286877,0.4891764074054702,0.40200277979559174,0.045313237332551444,0.06602617837125979,0.5740546733827151,0.62457707665098,0.43709547485415634,0.8601585369218242,0.6071533648152262,0.3535834129180556
2022-12-19,-0.0137292136267578,59.048729833917065,-0.508993393687041,0.4853597229961391,0.40240563127913115,0.045313237332551444,0.06602617837125979,0.5737192799155957,0.6238439919394447,0.43767754253113833,0.8599804198477385,0.5995526098008332,0.3455388988468612
2022-12-20,0.0031092448276834,59.23232679173446,-0.5074667339360039,0.48542378823002846,0.3992827575837209,0.045313237332551444,0.06602617837125979,0.5671822436474796,0.6175594216957077,0.43013553977216795,0.8596815700891797,0.5966170234043406,0.3438242066182477
2022-12-21,0.0143974610247621,60.08512190812443,-0.5003755054344488,0.4841030201888333,0.4003040913510696,0.045313237332551444,0.06602617837125979,0.5680718279948113,0.6188256234298144,0.43020514121071646,0.8596892895311262,0.5858032817721606,0.3225059336590009
2022-12-22,-0.0267355780092127,58.47871144415671,-0.5137332550842195,0.45251709246050154,0.40221264057539047,0.045313237332551444,0.06602617837125979,0.5683979744421603,0.6206333008258711,0.4271221724237101,0.8592985812890451,0.5394993647165638,0.2133379477953858
2022-12-23,0.0017868334401594,58.58320316130256,-0.5128643774035666,0.31995910620904544,0.4015502859044025,0.045313237332551444,0.06602617837125979,0.567935855120672,0.6204251253597398,0.4260578468758432,0.8589815204257344,0.42912011880576695,0.16014355775759231
2022-12-27,-0.0224660478225944,57.26707011747997,-0.5238083895969073,0.3206180184718696,0.40253948733963224,0.045313237332551444,0.06602617837125979,0.5667874776611899,0.6188408747520011,0.4258998377298401,0.8582331784530447,0.4258843319135168,0.16614563933266668
2022-12-28,-0.0188376468073838,56.18829327691319,-0.5327787189663202,0.3225090053068266,0.3989333238076461,0.045313237332551444,0.06602617837125979,0.5640474271516854,0.6161067094649839,0.42312318544571687,0.855836171775775,0.4249907767580534,0.16256400143281588
2022-12-29,0.0286803244369421,57.79979175765311,-0.5193786610424306,0.32908958200770194,0.4002384553900356,0.045313237332551444,0.06602617837125979,0.5669803310170781,0.617606047473346,0.42949559891372485,0.857351236597998,0.4316949158940433,0.16539938185259173
2022-12-30,0.002780836695112,57.96052353954263,-0.5180421315866035,0.32456835172484405,0.40028286033706545,0.045313237332551444,0.06602617837125979,0.5673062238630389,0.6179345392742778,0.4298678519070572,0.8568907638093974,0.4255628395257376,0.16681309090206328
2023-01-03,0.0145619506609591,58.804541823608815,-0.5110238848861065,0.32776021319952864,0.40125510384835716,0.045313237332551444,0.06602617837125979,0.556986223168863,0.6118423455268844,0.41258458813379906,0.8030464661640635,0.4568036023773599,0.26139011615582297
2023-01-04,0.0170596829953229,59.80772866580478,-0.502682107369979,0.33203001400339993,0.4010559612698256,0.045313237332551444,0.06602617837125979,0.5552880401049839,0.6095536566473633,0.4121873235767351,0.8025022090454343,0.46430073719476084,0.2609330080058389
2023-01-05,-0.016070412973576,58.84659376713371,-0.5106742112836921,0.3244810858089424,0.39140547274909926,0.045313237332551444,0.06602617837125979,0.5439222218327225,0.6009703620388388,0.39376392571612623,0.799611756367602,0.4558468869580369,0.2525858672504189
2023-01-06,0.0266446743742759,60.41454209609428,-0.4976362849804103,0.32604184686334187,0.39415964793477154,0.045313237332551444,0.06602617837125979,0.5456843214856539,0.6026457816281626,0.3958066235793228,0.8001986850928121,0.4596308552041328,0.24993658994987714
2023-01-09,0.0297652626934069,62.21279681208641,-0.4826832970352165,0.32900263903793275,0.3969750598104911,0.045313237332551444,0.06602617837125979,0.5442877652651281,0.6002766926085238,0.3970075658361692,0.7938782996806673,0.46569046300881706,0.2601308324988973
2023-01-10,0.0093503290819467,62.79450693538771,-0.4778462156229081,0.3294405334394291,0.3973268887548142,0.045313237332551444,0.06602617837125979,0.5450238404845485,0.6006376472441799,0.3986860448957601,0.7936075377292808,0.4668567202935464,0.2594782135007404
2023-01-11,0.0182475482559792,63.940352730901616,-0.4683181892454449,0.32849117051297255,0.39860543557145617,0.045313237332551444,0.06602617837125979,0.5475293092954727,0.6030259200091168,0.40166451204066006,0.7931198931401227,0.46889450162923363,0.25689247622903083
2023-01-12,0.0157281969481951,64.9460191915903,-0.4599557930121243,0.3308425127284956,0.3990685919057158,0.045313237332551444,0.06602617837125979,0.5475758733613199,0.6029744000214404,0.4021926424843789,0.7893759034112152,0.4715119451796619,0.2558733745832189
2023-01-13,0.0134366230866914,65.81867437244871,-0.4526994225526771,0.2846148446962769,0.3990799937948142,0.045313237332551444,0.06602617837125979,0.5467071106419453,0.6022823282008776,0.40040024357219195,0.7961775021256186,0.4384377421798862,0.2642429825936124
2023-01-17,0.0247850587043799,67.44999408061432,-0.4391345456117042,0.2926106674012058,0.3993352231104838,0.045313237332551444,0.06602617837125979,0.5400632693692355,0.5979283149786963,0.3875566549228048,0.8023858897345728,0.4511848983025442,0.299176245032954
2023-01-18,-0.0177089096981032,66.25552822630311,-0.4490668612962523,0.2975179026545207,0.40013939781014835,0.045313237332551444,0.06602617837125979,0.5409247071168167,0.5983906207830962,0.3893102844405456,0.8038340689411013,0.4548597302793508,0.3055637441510112
2023-01-19,-0.0059292401180502,65.8626832903011,-0.4523334761646178,0.28959956579752727,0.3961735725676158,0.045313237332551444,0.06602617837125979,0.5343804964107622,0.592051508869366,0.3807604672053079,0.8201954984414446,0.44876078474604164,0.3081206134587906
2023-01-20,0.0508421411335203,69.21128312957893,-0.4244889374656749,0.3169130671623889,0.4046072876013599,0.04485586625419877,0.06602617837125979,0.5433467075909209,0.5983907983330456,0.3957656286346295,0.8305197159609218,0.46485683656579674,0.3242828343243189
2023-01-23,0.0284723886451352,71.1818936814728,-0.4081027628236229,0.3207945549855728,0.3908698838083169,0.04485586625419877,0.06602617837125979,0.5244544877628008,0.5847823834791316,0.36330067068336896,0.8302853938827005,0.4765700519708328,0.32540760136967234
2023-01-24,-0.0091798876436282,70.5284518952162,-0.4135363129574759,0.32182406611794456,0.3910217172204919,0.04485586625419877,0.06602617837125979,0.5275076681791232,0.5887569223681443,0.3642675475033943,0.8323855816993229,0.4770619572882782,0.3293846931860509
2023-01-25,0.0062999760874717,70.97277945564247,-0.4098416057529375,0.32131631491310786,0.38813480841105225,0.04485586625419877,0.06602617837125979,0.5364002895552941,0.6027714150286854,0.3612596550210467,0.8405204160003045,0.4759958763349084,0.33003882122378553
2023-01-26,0.0211151878896424,72.47138302889852,-0.397380300373761,0.3247316048755516,0.38938283037300764,0.04485586625419877,0.06602617837125979,0.5367462091766071,0.6048207417445478,0.3575832911280362,0.841581340027249,0.48049768485946476,0.3317100612961677
2023-01-27,0.0080603767857952,73.05552968229912,-0.3925229585362308,0.3227431671006172,0.38951156425007705,0.04485586625419877,0.06602617837125979,0.531950492599923,0.597943711617457,0.3571533660733723,0.8441447248844947,0.4841920285568201,0.33466274302759286
2023-01-30,-0.0232543826233443,71.35666844231585,-0.4066494620933265,0.331328039273009,0.3905684554101013,0.04485586625419877,0.06602617837125979,0.5333294957409827,0.600192347078791,0.35657472191256656,0.8444513063439328,0.49004081179311715,0.33597082588665944
2023-01-31,0.0162626127237371,72.51711430644936,-0.3970000320859291,0.31190283823220094,0.3899062282101095,0.04485586625419877,0.06602617837125979,0.5323378689113835,0.5997843259348152,0.35402985287575206,0.846332113625746,0.47216105682608844,0.3415735949410934
2023-02-01,0.0355207443853626,75.09297618729288,-0.3755810243612715,0.3129374662960561,0.39400591141160146,0.04485586625419877,0.06602617837125979,0.538345783066402,0.603370338550294,0.36603114301428474,0.847205941911942,0.4722353707787057,0.3306918705295895
2023-02-02,0.0339485364035187,77.64227282303575,-0.3543829140357523,0.3149808727190108,0.39647195310016425,0.04485586625419877,0.06602617837125979,0.5296908186981234,0.5941509442196647,0.3580497256965346,0.8482028204680031,0.49938978530648875,0.33144040198228475
2023-02-03,-0.0114719484759207,76.7515646696565,-0.3617893999811081,0.32028398272781394,0.39668632362480605,0.04485586625419877,0.06602617837125979,0.5267616060202662,0.5908828607006101,0.35572219956984175,0.848108788964597,0.505131777038225,0.3268166899176146
2023-02-06,-0.0164626483987567,75.48803064644551,-0.3722960366935788,0.328050117228164,0.39792577313976546,0.04485586625419877,0.06602617837125979,0.5278100688777526,0.5912784593286418,0.35829288743510973,0.8491741247362761,0.510148638001573,0.3308983894428994
2023-02-07,0.0236721284461574,77.27499300405563,-0.3574369478480271,0.31411752885109956,0.39856084736646646,0.04485586625419877,0.06602617837125979,0.5286994083008756,0.5916575183993588,0.36036915261706,0.8501193901111961,0.5011593262894808,0.32513068582546434
2023-02-08,-0.0173117361782867,75.93722871199046,-0.3685608298847969,0.32295666138051865,0.3969943525739211,0.04485586625419877,0.06602617837125979,0.5254856128646695,0.5846275709561564,0.365817241260183,0.8505426537299264,0.5100199823646603,0.3240473973877964
2023-02-09,-0.0195479840798596,74.45280897405982,-0.3809041927296085,0.3205972721661182,0.397696210864788,0.04485586625419877,0.06602617837125979,0.5238736107630243,0.5820812589161763,0.36607687775798226,0.8535569204783368,0.5082857959244872,0.3252904998476632
2023-02-10,-0.0167421488061089,73.2063089671833,-0.3912691868601675,0.3190710767194844,0.39786626459157654,0.04485586625419877,0.06602617837125979,0.5254808140366524,0.5829146375788847,0.3695784800413696,0.85383199998776,0.5082361691478082,0.3168790252361116
2023-02-13,0.0176116240144449,74.49559095619861,-0.3805484486531416,0.31473739452732347,0.3950515261110638,0.04485586625419877,0.06602617837125979,0.5220457690068825,0.5798678952877556,0.3650084909146206,0.8538305205602522,0.5045122649940247,0.31552763145045126
2023-02-14,0.0158036558122237,75.67289363519859,-0.3707588495433077,0.3148784191280084,0.3957161955282664,0.04485586625419877,0.06602617837125979,0.5215691583687004,0.5789937693776552,0.3653801609350182,0.8545427345605194,0.5066325123955102,0.31666979428859243
2023-02-15,0.0177579909166998,77.01669219301283,-0.3595847909090841,0.3154943150835093,0.39637136281617846,0.04485586625419877,0.06602617837125979,0.518573965334436,0.5781861378168002,0.3573493153228965,0.8505176786247843,0.48559994315288435,0.25346445997343475
2023-02-16,-0.02848002069566,74.82325520544455,-0.3778238293178088,0.3327990396765663,0.39158110159416976,0.0438456362317134,0.06602617837125979,0.5145512191411046,0.5702550302263425,0.36210614522367024,0.8515939399192939,0.49285660902950773,0.26148939027236334
2023-02-17,-0.0026262561862419,74.62675016858648,-0.3794578233349953,0.3266775318931911,0.3902544524010786,0.0438456362317134,0.06602617837125979,0.5137824681509205,0.5725985824459987,0.3540575206897455,0.8510926797408086,0.4898808789815859,0.26148595263446794
2023-02-21,-0.0204842501899133,73.098077147273,-0.3921691645351947,0.3320095614260358,0.3906105307783577,0.0438456362317134,0.06602617837125979,0.5150363102215992,0.5763589388774127,0.34989227592716765,0.8459048216845985,0.4928925702710395,0.26688458681427646
2023-02-22,-0.0025030542253264,72.91510869640628,-0.3936905980761886,0.32553954245399686,0.39068596074027273,0.0438456362317134,0.06602617837125979,0.5152667651190017,0.5766458804110418,0.349994838795641,0.8460766247480104,0.4824601794659945,0.24777255297129913
2023-02-23,0.0118546213354897,73.77948969963826,-0.3865030297042344,0.3258771900637696,0.38960595778567336,0.0438456362317134,0.06602617837125979,0.5092313366122689,0.5681345390392767,0.34930990539492873,0.8464407199271027,0.4897597740924746,0.25056923021902816
2023-02-24,-0.0221496387808815,72.1453006533535,-0.4000917659894509,0.3331936719546442,0.3884043248266065,0.0438456362317134,0.06602617837125979,0.5062158410872387,0.5621058210358649,0.3531091200042553,0.8466673591300727,0.4938831351041543,0.2513385953699388
2023-02-27,0.0068628542801703,72.64042333873654,-0.3959746831979622,0.33152496589759956,0.3836694279912722,0.0438456362317134,0.06602617837125979,0.4996942416434886,0.5539222983483229,0.35010612687642734,0.8455339784802075,0.492291104732455,0.2522951625838266
2023-02-28,-0.0023776944612734,72.46770660649946,-0.3974108708481914,0.3307594922844116,0.38370807678801266,0.0438456362317134,0.06602617837125979,0.5008341330637867,0.5553214731456818,0.3507170585053237,0.8455333485743983,0.49022195575061367,0.24881289929585507
2023-03-01,-0.0003215960636997,72.44440127730947,-0.3976046611401549,0.32461510109529346,0.38371515712747806,0.0438456362317134,0.06602617837125979,0.5053660600575981,0.5616268907386356,0.35144047278357043,0.8451207953317019,0.4735926695481486,0.2083445694022089
2023-03-02,0.0108907998827751,73.23337875424811,-0.3910440940543157,0.31962323484575433,0.3839216635899568,0.0438456362317134,0.06602617837125979,0.5031076836743346,0.5597584246799718,0.3481130315375714,0.8452515305284823,0.4793630155345394,0.201782469101071
2023-03-03,0.0135892990061696,74.22856903537166,-0.3827688101668468,0.319605695573949,0.3824192657456126,0.0438456362317134,0.06602617837125979,0.49899439173287513,0.5586442892918838,0.33687614237998686,0.8430217174608954,0.4839394808810552,0.19711155339447067
2023-03-06,-0.0044876939846455,73.89545393262279,-0.3855387548645966,0.2880998041409423,0.3824521629335727,0.042899638783252717,0.06602617837125979,0.49930306212880754,0.5591111595056693,0.3367981951508488,0.8435926586080291,0.45656592994021417,0.1789419756929756
2023-03-07,-0.010967281035055,73.08502172213073,-0.3922777240251466,0.2795681351732829,0.3790960070344877,0.042899638783252717,0.06602617837125979,0.49645401527748373,0.5574230328197312,0.33108282181870613,0.8431063031804863,0.44346797249024233,0.17764098141313267
2023-03-08,-0.0003636618300112,73.05844348938486,-0.3924987294201661,0.27793339491251057,0.37839851103715344,0.042899638783252717,0.06602617837125979,0.505871357049942,0.5660624247815874,0.34264053085451424,0.8476463793737681,0.4449998863305146,0.18106217984112208
2023-03-09,-0.0275699932828785,71.04422269312496,-0.4092475353693923,0.2897477778456621,0.37808423997317947,0.042899638783252717,0.06602617837125979,0.5135495541730523,0.5756161042217162,0.3465195682526248,0.8466700912762241,0.4518450407798307,0.17815633159173522
2023-03-10,-0.009831652945762,70.34574055180472,-0.415055608578494,0.28415932623716716,0.37507402199626255,0.042899638783252717,0.06602617837125979,0.519077335588954,0.5842056050486358,0.3454392266844559,0.8441595380675592,0.44883796116437946,0.17400791690480386
2023-03-13,0.0308941454990913,72.51901209565351,-0.3969842514410405,0.2977532972132318,0.3776294573026154,0.042899638783252717,0.06602617837125979,0.5110623819065355,0.5830066115051278,0.32247174382777705,0.8218739171371795,0.4744182718647639,0.20201882515090402
2023-03-14,0.030608688915976,74.73872397738327,-0.378526729981965,0.3022087889217693,0.38017995138813054,0.042899638783252717,0.06602617837125979,0.5144743435656891,0.5869601547477408,0.3248422315894315,0.8219526318377457,0.4771552908613118,0.20164344080364127
2023-03-15,-0.0011260925646847,74.65456125601831,-0.3792265664104826,0.29912369829853513,0.37413401947300173,0.042899638783252717,0.06602617837125979,0.5035450620148691,0.5741161264359118,0.31763044458753975,0.8222770686883151,0.4785723877750163,0.20434516555384977
2023-03-16,0.0356970001633421,77.31950514136864,-0.3570668170502391,0.2993001238156791,0.37682624977290635,0.042899638783252717,0.06602617837125979,0.5106636663072316,0.5823350216121259,0.32267049455427815,0.8220638069302298,0.4779253839138364,0.19859338566822998
2023-03-17,0.0103496320088419,78.11973356668757,-0.3504126952004356,0.28426222043972466,0.37535627465542953,0.042899638783252717,0.06602617837125979,0.5112732645308868,0.5879729125255796,0.3116871958738527,0.8205766145721558,0.4531804893789506,0.20077678248418115
2023-03-20,0.0028972175142501,78.34606342698552,-0.3485306994839359,0.28210797415768285,0.3753544015473103,0.042899638783252717,0.06602617837125979,0.5134232863236581,0.5876593941130919,0.32002383243826465,0.8161513219743745,0.4476408967172129,0.20407388455748945
2023-03-21,0.0172185513302536,79.69506914162639,-0.3373133418929155,0.281046434670133,0.37413663793666513,0.042899638783252717,0.06602617837125979,0.5175572306721531,0.5866742009637714,0.33705103447741497,0.8060562133865824,0.4487166198087956,0.20069064853884522
2023-03-22,-0.0166685573956843,78.36666730748615,-0.3483593724889277,0.27827179954885717,0.358179721689451,0.042899638783252717,0.06602617837125979,0.5125912433226429,0.585605430408656,0.3255581055625958,0.7625917617128871,0.4460645657617359,0.20331001910824506
2023-03-23,0.0236305920336162,80.2185180516635,-0.3329607186676838,0.2806412376437744,0.3136818890426592,0.042899638783252717,0.06602617837125979,0.4515431262377536,0.5365984902743031,0.2341486449667752,0.7355226040232022,0.44659019219069357,0.20586926430423858
2023-03-24,-0.005166081291206,79.80410266634851,-0.3364066978194743,0.2740728496587271,0.3132455368843455,0.042899638783252717,0.06602617837125979,0.45156565562063383,0.532705036904658,0.24316007572694404,0.7377710090851326,0.43984520327436943,0.19915073583467482
2023-03-27,-0.0091312942708008,79.07538792088489,-0.3424661635378171,0.27030094015725076,0.3127388563301448,0.042899638783252717,0.06602617837125979,0.4517019294711045,0.5325822633336688,0.24403443978302053,0.7359025896026172,0.4376431779100657,0.19681211716004685
2023-03-28,-0.0023510678753165,78.8894763166159,-0.344012070217657,0.26691090468895123,0.3114974136154575,0.042899638783252717,0.06602617837125979,0.4501572997371975,0.5314059420145762,0.24161689251721424,0.7345609283286834,0.43452498166559406,0.19914926000775524
2023-03-29,0.0234989290246066,80.74329452136844,-0.3285970564147031,0.2712535276707702,0.31061715166815035,0.042899638783252717,0.06602617837125979,0.4492385462147767,0.5303222044976493,0.24102770063798365,0.7344731899661308,0.4369769337132288,0.19370351987830198
2023-03-30,0.0069344644873823,81.30320602982113,-0.3239412365456868,0.2676858218928706,0.31006427710095363,0.042899638783252717,0.06602617837125979,0.4499760498090075,0.5324309432432304,0.23860962036764113,0.7345512212317084,0.4304264925007923,0.1809537057705624
2023-03-31,0.0186702720898954,82.82115900817873,-0.3113190354832365,0.2557332377295871,0.3107842004491281,0.042899638783252717,0.06602617837125979,0.4515211905756321,0.5342189486298548,0.2396296376291781,0.7354729528746531,0.4235085087278424,0.17840550875193004
2023-04-03,-0.0084826771046699,82.11861385887781,-0.317160893733365,0.25751256605449413,0.30654824243756296,0.042899638783252717,0.06602617837125979,0.4466021362095209,0.5313858505542562,0.23002368643272827,0.7278488807956708,0.42221084024995603,0.1785069497014156
2023-04-04,0.002471542022195,82.32157346383443,-0.3154732281878288,0.24747164501618907,0.3045266533137037,0.042899638783252717,0.06602617837125979,0.4428205363028097,0.5279945254186524,0.22517915127177293,0.7263516927138699,0.4102563059870258,0.1777131138771508
2023-04-05,-0.0092749193082824,81.55804751262652,-0.3218221587607458,0.2498056338102288,0.3028599863182387,0.042899638783252717,0.06602617837125979,0.44118029851243673,0.5277312209039964,0.22030985492126945,0.7249546686753594,0.41298251624855464,0.17666543085607148
2023-04-06,0.0019430147125721,81.71651599887221,-0.3205044492374775,0.2486984805308477,0.3023293283891393,0.042899638783252717,0.06602617837125979,0.4388129555990556,0.5250915630707461,0.2183528106624189,0.7259638681394379,0.4025848185794032,0.17551947681580576
2023-04-10,0.0036987085144384,82.01876157236748,-0.3179911932583492,0.23648996956592358,0.30008030744039793,0.042899638783252717,0.06602617837125979,0.43365673159595836,0.5214449759541776,0.20969908119838673,0.7204329350218616,0.39577956034369655,0.17708908924992056
2023-04-11,-0.0011120662221756,81.92755127803818,-0.3187496322155528,0.23689484985116632,0.30000461195316724,0.042899638783252717,0.06602617837125979,0.4334796493887365,0.5217101826833699,0.20868976789190516,0.7172592065290363,0.3998775469217424,0.18211313046252098
2023-04-12,-0.0063269442253547,81.40920023058214,-0.3230598652960275,0.23811030882301137,0.2848371090510534,0.042899638783252717,0.06602617837125979,0.406910725329578,0.49305898290724315,0.18536595023572863,0.7148933365190379,0.40186417260479357,0.18115233807329972
2023-04-13,0.0216823459715976,83.17434267525269,-0.308382215093316,0.2431323630526995,0.28629995296785055,0.042899638783252717,0.06602617837125979,0.4124973018047557,0.49999919004835974,0.1884725566624866,0.7103023904126501,0.40502185672003077,0.1800439195212768
2023-04-14,0.0016666181088706,83.31296254094867,-0.3072295523685735,0.2425695241606424,0.2860848190630038,0.042899638783252717,0.06602617837125979,0.4122155732946586,0.4998874649050569,0.18801279010802946,0.7067411147301521,0.393540902703893,0.18286589510433446
2023-04-17,-0.0043415175403179,82.9512578527413,-0.3102372274183792,0.24224618721027824,0.2829850370576645,0.042899638783252717,0.06602617837125979,0.40726684582910094,0.49400811765870395,0.18487259021603894,0.7072361659889261,0.3842323637939685,0.18506252704976997
2023-04-18,0.0032497330993321,83.2208273010166,-0.3079956825056336,0.24097445815162746,0.28078825334484775,0.042899638783252717,0.06602617837125979,0.4040451597799674,0.4882370979295071,0.18743226506414448,0.7065207452834249,0.3830919296775767,0.18425731869613235
2023-04-19,-0.0143901942308689,82.02326343210137,-0.3179537590429774,0.2430272263337765,0.28111085765454147,0.042899638783252717,0.06602617837125979,0.40203991569205305,0.48671785421247854,0.1838306882772497,0.7114504786992074,0.3877935765714031,0.1982453842007729
2023-04-20,-0.0114521388249453,81.08392163240188,-0.3257646472794493,0.24683878284671426,0.2814199127035552,0.042899638783252717,0.06602617837125979,0.4025540901619938,0.48762616766074335,0.1834183242743985,0.7120678660196876,0.38852961192220997,0.19451257070084943
2023-04-21,-0.0067771003729018,80.53440775687058,-0.3303340079397955,0.23086504195743696,0.28178398280030126,0.042899638783252717,0.06602617837125979,0.40365540457025373,0.489260882696086,0.18323154940231212,0.7138214976852514,0.3795080114539766,0.19168132312147196
2023-04-24,-0.0038311901438144,80.22586512763452,-0.3328996256882243,0.2283167221322672,0.28188583643582443,0.042899638783252717,0.06602617837125979,0.4052808082170147,0.49099913571559267,0.18469048302330443,0.7139942236724388,0.3729673987848891,0.1939316346308834
2023-04-25,-0.0155122353658855,78.98138262534286,-0.3432478437072189,0.2211845041868519,0.28246112659349454,0.03999260356020425,0.06602617837125979,0.4075372783467227,0.4981668159837303,0.1757026071937972,0.71302352834534,0.3514121823944372,0.14057907128967534
2023-04-26,0.0035522353400841,79.2619430839133,-0.3409149054879593,0.20509150810832,0.2820396938292151,0.03999260356020425,0.06602617837125979,0.4025166099852208,0.49163711379565744,0.17384064587390138,0.7134384382897293,0.3426522974215484,0.14208585907535007
2023-04-27,0.0314520041152087,81.75489004396798,-0.3201853583830939,0.22177648294045624,0.27901758810167954,0.03999260356020425,0.06602617837125979,0.39284250376757146,0.47911052100287466,0.17008762429493066,0.7147850926215722,0.3560822562667612,0.14070158038787647
2023-04-28,0.0109606256482591,82.65097478865448,-0.3127341645861257,0.2008048129101551,0.2763373893372655,0.0384764861057153,0.06602617837125979,0.3897126880106431,0.47770079825431555,0.16346990466969968,0.7037705795962607,0.34127389077475057,0.1475728465991953
2023-05-01,-0.0096321563009795,81.85486768106183,-0.3193540165331555,0.2021923352855191,0.2756883942901848,0.0384764861057153,0.06602617837125979,0.3878966342934074,0.4752641695162803,0.1627552716491111,0.7071533411573024,0.33534175176025005,0.13683639585778407
2023-05-02,-0.0062347146077282,81.34452594181707,-0.3235976499889677,0.20342579424102636,0.2761960114755363,0.0384764861057153,0.06602617837125979,0.388956443688041,0.4770940154705574,0.16208606068616754,0.707197176328068,0.33703937594958866,0.13422181550656415
2023-05-03,-0.0087355473795521,80.63393698138512,-0.3295063947651294,0.19968559344208048,0.276366763150624,0.0384764861057153,0.06602617837125979,0.38376754909402067,0.46929610060733423,0.1626952967534794,0.7063520312361677,0.33981900448998975,0.12752178669183448
2023-05-04,-0.0038339335621563,80.32479182414338,-0.3320770227014507,0.19348381570336365,0.27191159685864885,0.03793263724626095,0.06602617837125979,0.37403280101053193,0.45566907272366675,0.16134242253730746,0.7071189681491815,0.3401657864335423,0.12388096872488266
2023-05-05,0.0273292410001586,82.52000741819298,-0.313823194685315,0.19751555639500534,0.27475308005458093,0.03793263724626095,0.06602617837125979,0.3773587528347387,0.45743674260838774,0.16861783770565977,0.7057428376932052,0.3427687501050409,0.12306307032825167
2023-05-08,-0.0071099331731316,81.9332956800033,-0.3187018659160554,0.19812378067436953,0.2717561780088132,0.036305381171753574,0.06223144017637041,0.3727578433215246,0.4542216317275378,0.1598662219458063,0.7148995697468371,0.34984429146694174,0.13238877229891477
2023-05-09,-0.0055586218616392,81.47785947144027,-0.3224889446184685,0.19680988477595307,0.26947710622593857,0.036305381171753574,0.06223144017637041,0.36936878805988094,0.45212429117347247,0.15317168618787858,0.7158827071642153,0.3482731873322902,0.1313835099144572
2023-05-10,0.0110295854710301,82.3765264864771,-0.3150162785255701,0.19860039280257707,0.26655436524206155,0.03419777851041812,0.06223144017637041,0.3629204695004763,0.44217625672271277,0.15444527287458695,0.7160958661105363,0.3496247758137563,0.12871681398968746
2023-05-11,-0.0026547529075861,82.15783716327027,-0.3168347410518035,0.1876077996973021,0.26678463116010176,0.03419777851041812,0.06223144017637041,0.3605027305843302,0.43879694718098433,0.15397246012776292,0.7181592065499447,0.3444716358335126,0.12999962212861443
2023-05-12,-0.0042564059947862,81.80814005264986,-0.3197425697554203,0.18715133648258767,0.2665379125205343,0.03419777851041812,0.06223144017637041,0.37185603899725733,0.44746534966153967,0.1681518262795413,0.7810933565131154,0.34377017779494307,0.1312714058869935
2023-05-15,0.0093293348611817,82.5713555855715,-0.3133962203968616,0.18103023825127273,0.26576288778145163,0.03419777851041812,0.06223144017637041,0.3738242820494314,0.4504550698387128,0.16777463835842135,0.7824913647897321,0.3417895604705696,0.12875434143945985
2023-05-16,0.0030448532938063,82.82277324960027,-0.3113056126169972,0.17943366982531486,0.2636473264655313,0.03419777851041812,0.06223144017637041,0.3695673110235627,0.44485189617482673,0.16638804302048124,0.782295850775543,0.3403773713124225,0.1271490763215564
2023-05-17,0.0167986568885162,84.2140845999757,-0.299736471902303,0.18560701993629877,0.2617544777591786,0.03173720015266795,0.06180167378104657,0.3670835569536901,0.44111154358830074,0.1666848680445625,0.7820843583792305,0.3440750685539199,0.12557786958823233
2023-05-18,0.0196677492082443,85.8703860956899,-0.2859638644519972,0.19080608114217631,0.2594569581374137,0.03173720015266795,0.06180167378104657,0.3676520984830499,0.4477914292447711,0.15179844125940864,0.8005803801774284,0.3533665913054894,0.12199436391084378
2023-05-19,-0.0009932010714434,85.78509953621437,-0.286673045906873,0.1909750734484969,0.2593985228742529,0.03173720015266795,0.06180167378104657,0.3672245805588856,0.44722259893478633,0.15164086633917387,0.8010496506980366,0.35346668105127754,0.12280277457977906
2023-05-22,0.0019746935440074,85.95449881844058,-0.2852644437758587,0.19088286750885283,0.25822387792500606,0.03173720015266795,0.06180167378104657,0.36623551187548525,0.44706826357651464,0.1486319277145477,0.8011429647535174,0.3512810730509526,0.12520910096725324
2023-05-23,-0.00742139597938,85.31659644649979,-0.2905687793591405,0.19253996094614115,0.25800565210235205,0.03173720015266795,0.06180167378104657,0.3655052394035426,0.44859929467767706,0.14241126427273676,0.8036229317709246,0.349621557864722,0.11234080886317566
2023-05-24,-0.0068757662850572,84.7299794690971,-0.29544666262759,0.19273837776082195,0.2579548614712317,0.03173720015266795,0.06180167378104657,0.3659925983610662,0.4485683127799436,0.14405324102416436,0.8049329537538861,0.3484020256680547,0.11113446451987169
2023-05-25,0.0326422979648071,87.49576070547937,-0.2724484226569804,0.2049868232815399,0.2601645191207899,0.03173720015266795,0.06180167378104657,0.3564394860627978,0.4318145923760422,0.15037207514181072,0.8093219289140531,0.3848407679494581,0.1455637346319693
2023-05-26,0.0363939877411912,90.6800803480008,-0.2459699194700741,0.2282274865897161,0.2636824354482552,0.03173720015266795,0.06180167378104657,0.35662995217534865,0.43486944136224226,0.14392610013233992,0.8088056112792031,0.404383673750469,0.141842949215964
2023-05-30,0.0214221529322632,92.6226428971256,-0.2298169717694352,0.23325704636495664,0.2648447888069445,0.03173720015266795,0.06180167378104657,0.3573378246715845,0.43226033089000554,0.1523728799241062,0.809524278239023,0.413029712062126,0.14835466362652752
2023-05-31,-0.0051724759308421,92.14355450608922,-0.233800724945301,0.2346980530210086,0.25307703471366866,0.03173720015266795,0.06180167378104657,0.3371998675810731,0.4178443563822277,0.1178041819904332,0.8055780434002627,0.4170522038798404,0.15411720254811923
2023-06-01,0.0061530107270612,92.71051478539476,-0.2290862925868227,0.22855861723660462,0.24952442118460408,0.03173720015266795,0.06180167378104657,0.3307385528692985,0.4050920884281645,0.12536020428982853,0.8090400370010372,0.4124065491638049,0.14868212406875367
2023-06-02,0.0091113505692543,93.55523278706052,-0.2220622275399376,0.22405552582509838,0.2488598434070385,0.0290815315853927,0.06180167378104657,0.3303004279518938,0.40487801231123416,0.12432926027213909,0.8096524905713028,0.40699159591887557,0.14760001667045772
2023-06-05,-0.0124214688531808,92.39313937694396,-0.2317253573502633,0.2271817537485672,0.25018160372537473,0.0290815315853927,0.06180167378104657,0.33212628817187295,0.40440058352076036,0.13136426598211223,0.8139562838072263,0.40989270219013435,0.14814661987735575
2023-06-06,0.0132154547741074,93.61415673181776,-0.2215722585562322,0.22699960480064232,0.2489130883581116,0.0290815315853927,0.06180167378104657,0.32965353119278673,0.3991771449748048,0.13526278151065607,0.8121882940541173,0.4141041235925857,0.14993415720604367
2023-06-07,-0.0244660408809118,91.32378894618503,-0.2406173035012312,0.2354441319924009,0.2529471567632635,0.0290815315853927,0.06180167378104657,0.3395082722887401,0.4081187013725805,0.14784401333882344,0.8131071386030744,0.4186330426378642,0.15198794645632915
2023-06-08,0.0184137957415888,93.00540654218808,-0.2266341856382058,0.23859249501006272,0.2504819366097221,0.0290815315853927,0.06180167378104657,0.3349824379277792,0.40292736676748,0.14458527697129359,0.8128673428855354,0.4144393695719511,0.15624037260412554
2023-06-09,0.0064115572635888,93.60171603205666,-0.2216757064337232,0.22556313919579654,0.24955360920456973,0.028754134215331194,0.06180167378104657,0.33117371866636336,0.3998674185083899,0.13919831013139436,0.8065253522199732,0.39846857390933255,0.16783686054661254
2023-06-12,0.0120160213062286,94.7264362461974,-0.2123233451390755,0.225841599065518,0.24390589785396705,0.028328960893753006,0.05788693734769257,0.31855727131641165,0.3959383033796223,0.1057016931468154,0.8030548216479808,0.40847159525838495,0.17384078737725592
2023-06-13,0.0049756751929756,95.1977642251466,-0.2084041219473978,0.22174373858287508,0.23814601318681297,0.028328960893753006,0.05788693734769257,0.3236584813183159,0.3996070390286282,0.11445922183864161,0.8034478536524966,0.4055248437222161,0.17419984203014166
2023-06-14,0.0060091785947418,95.76982459219565,-0.2036472809413183,0.21910992257051495,0.23706136117184737,0.028328960893753006,0.05788693734769257,0.32449823284736923,0.40209088491053424,0.11146307045218824,0.8042828465643069,0.40523519750081305,0.17467788514065133
2023-06-15,0.0104081495144737,96.76661124552612,-0.195358722775098,0.21525662186531122,0.23520902008215927,0.02811469322791681,0.05082091319661372,0.3204690563103954,0.3986733565642211,0.10581299540989364,0.8031594609340243,0.39951083855919395,0.16773444773181972
2023-06-16,-0.0004360431540044,96.72441682715632,-0.1957095810954612,0.21410437717454828,0.23261734609524845,0.02811469322791681,0.05082091319661372,0.3166523443454632,0.3981497231506062,0.09402867806746501,0.8035990803354341,0.3997526948614325,0.1693723272708249
2023-06-20,0.0110562556192211,97.79382670421744,-0.1868171406319622,0.20522562705184638,0.23057508632230816,0.02811469322791681,0.05082091319661372,0.3107937974117386,0.39400422121237827,0.08351392296906678,0.8076270810294294,0.4021161315940302,0.1774189388615613
2023-06-21,-0.0122221938717994,96.59857159477336,-0.1967560191923826,0.20851926169601928,0.22887357798109145,0.02811469322791681,0.05082091319661372,0.30867542885277416,0.40348604332472515,0.05448012023213148,0.8032335516441281,0.4089479716674797,0.17331452054214555
2023-06-22,0.003490504654278,96.93574935852152,-0.1939522923388527,0.20594990242783068,0.22642300766149037,0.02811469322791681,0.05082091319661372,0.3036732487885347,0.3983139248394417,0.0495539043150035,0.8030397541097605,0.40934008735062233,0.17196846317827771
2023-06-23,-0.0031273839237867,96.63259405433745,-0.1964731129815974,0.2069635191984072,0.22534863996695587,0.02811469322791681,0.05082091319661372,0.3009797957564929,0.39624570456347197,0.045085283582671505,0.8050906701195469,0.4110513281440158,0.1747639282264833
2023-06-26,-0.0185812066240175,94.837043857599,-0.2114036120972399,0.21725228227684149,0.22715246768716862,0.02811469322791681,0.05082091319661372,0.3042979630627907,0.39920257341831855,0.04946199478360097,0.8051761248071655,0.41680745377042744,0.1747757430556161
2023-06-27,0.0192842624484481,96.66590630118394,-0.1961961123870248,0.21934774960675482,0.22745477537199635,0.028006705719021797,0.05082091319661372,0.30784443983123677,0.4035222406579969,0.05209585515959343,0.7953501809692843,0.4163615130763227,0.17363987239173975
2023-06-28,-0.0045073130992904,96.2302027954578,-0.1998191081789234,0.22100155607321237,0.22163389640116246,0.028006705719021797,0.05082091319661372,0.2960770799879479,0.3916871377944006,0.03969271366000329,0.7954905516812739,0.4180531004799437,0.17458167704102334
2023-06-29,0.0071528368946865,96.91852174039632,-0.1940955447734825,0.22097272892633132,0.22154812430599685,0.028006705719021797,0.05082091319661372,0.29559539329633916,0.3893103567486811,0.04466482662568684,0.7795301725241529,0.42174906464222817,0.18615048463195294
2023-06-30,0.0189330519670842,98.75348514908023,-0.178837313842174,0.2220181328413617,0.21952451068039283,0.028006705719021797,0.05082091319661372,0.29043246755166935,0.3774540142303469,0.05406210232463397,0.7902338122034873,0.42297903651193186,0.18719223693896345
2023-07-03,0.0070460035514162,99.4493025561554,-0.1730513986392156,0.21795462637959326,0.21937375607279702,0.028006705719021797,0.05082091319661372,0.28869858939735593,0.375543204587879,0.052630842175753305,0.7901532660530856,0.4170703872798436,0.18780533319322373
2023-07-05,-0.0047068810400918,98.98120651950344,-0.1769437473320912,0.21910415253200394,0.2193485800379705,0.028006705719021797,0.05082091319661372,0.29187177881086795,0.37916443601213123,0.05494606333230149,0.7905145089451485,0.4189099845837618,0.18777025531636346
2023-07-06,-0.0093157588948312,98.05912146444828,-0.1846111409388287,0.22281383068220956,0.21614975247308404,0.028006705719021797,0.05082091319661372,0.2873819874775517,0.37636582819868575,0.04690210365930192,0.780145819511608,0.42087551451705557,0.18777504129079942
2023-07-07,0.0052907372116157,98.57792650731857,-0.1802971327602569,0.2199330112804133,0.21609663732342105,0.028006705719021797,0.05082091319661372,0.28721706588878004,0.377348875855163,0.04430652140695601,0.7762618842927355,0.4189627379954993,0.1939739643150228
2023-07-10,0.0020563248359981,98.78063474587675,-0.1786115573962129,0.21727777986569677,0.21588304886377555,0.0277619450839817,0.05082091319661372,0.28483783329349066,0.3741951376961657,0.043646802515058036,0.7751976408763569,0.4186515981184673,0.19118836751241433
2023-07-11,0.0078398554610675,99.55506064463697,-0.1721719907288078,0.20138410617177838,0.2159018126814577,0.0277619450839817,0.05082091319661372,0.2857215878745636,0.3737374123229265,0.04785249754475322,0.773204087129018,0.3810616245180235,0.16228288419792603
2023-07-12,0.0135706298375976,100.90608552110491,-0.160937843245793,0.1795465355130989,0.2162033786382528,0.0277619450839817,0.05082091319661372,0.2947233161429157,0.38542450061752914,0.05120847527826314,0.7729044725012328,0.3629285604750151,0.16329652627068506
2023-07-13,0.0318915964176533,104.1241416766292,-0.1341788115732621,0.19077470596105034,0.22070580965606046,0.0277619450839817,0.05082091319661372,0.3022855616086061,0.38381585805697926,0.08093877550414995,0.7689269774823854,0.3713279345267903,0.1841422350031929
2023-07-14,-0.0043036894481683,103.67602370679587,-0.1379050370858949,0.19042886235568338,0.22068631242150358,0.0277619450839817,0.05082091319661372,0.30312531029126816,0.38490589772365635,0.08163819310362268,0.7631115079723627,0.367990344099757,0.18271986743025154
2023-07-17,0.0089122956062175,104.60001507734808,-0.1302217919357732,0.19086637187665434,0.2194067200100577,0.0277619450839817,0.05082091319661372,0.29927907682580224,0.38079821720039103,0.07818714271301695,0.7624881754069738,0.36438064763178724,0.18377260503806736
2023-07-18,0.004100117829397,105.02888746412194,-0.1266555987972679,0.1902747015423037,0.21927754181474893,0.0277619450839817,0.05082091319661372,0.2980409353872523,0.378740451410596,0.0787682062918735,0.762648811000906,0.367773558658573,0.18367724817502082
2023-07-19,0.0017659617307434,105.21436446000614,-0.1251133060069849,0.1840184400616269,0.2126623646271548,0.0277619450839817,0.05082091319661372,0.28442285220815544,0.36812526618982294,0.05774244494068967,0.7550444718617789,0.362926077240913,0.17803086789832642
2023-07-20,-0.032943819867677,101.74820138974358,-0.1539354156585181,0.2114077366214673,0.22043500707577346,0.028006705719021797,0.05082091319661372,0.29850607618533304,0.3849335186442542,0.0661278779941559,0.7592185629907506,0.37856200227125686,0.17900255670463774
2023-07-21,0.000303553831729,101.779087446147,-0.1536785895120509,0.1951424013248017,0.21584298823975734,0.028006705719021797,0.05082091319661372,0.2988518851024305,0.3835916127355992,0.0713786531664762,0.7450598969808367,0.36823189260040956,0.17357294574992588
2023-07-24,-0.0055195042742995,101.21731733795367,-0.1583498641546704,0.19175241398272558,0.21159200846154821,0.028006705719021797,0.05082091319661372,0.2912002693701587,0.3748530219560376,0.06565247828164376,0.7465707951921207,0.36731507937944796,0.18301332480633545
2023-07-25,0.0063541352926899,101.86046586628215,-0.1530019053223983,0.19174333528939264,0.21150288216722643,0.028006705719021797,0.05082091319661372,0.2930111579849648,0.37672236946367504,0.067541540018392,0.7451630257286969,0.36257804104085584,0.17610628038453097
2023-07-26,0.0004151312617815,101.90275133000289,-0.1526502899346282,0.18988592473071395,0.2044386801410294,0.028006705719021797,0.05082091319661372,0.2736837107522487,0.35407396133194935,0.054992418510042204,0.7403943240958242,0.35067283705743985,0.16212080238740634
2023-07-27,-0.0003642548894118,101.8656327545864,-0.1529589412095613,0.1899132203175961,0.20415678115265334,0.028006705719021797,0.05082091319661372,0.27685660399644674,0.35305464505980905,0.068973190822448,0.7281763643887476,0.3497309206590621,0.1612574430372285
2023-07-28,0.0208171099946933,103.9861808363177,-0.1353259943186989,0.19711973431783347,0.20631330848306306,0.028006705719021797,0.05082091319661372,0.28207587297317255,0.36048438807974337,0.06887416646388272,0.7358034418825415,0.3481252917867988,0.1599673120702355
2023-07-31,0.0004001835852679,104.0277943989831,-0.1349799659750173,0.19590319152612562,0.20500063819473002,0.028006705719021797,0.05082091319661372,0.27961962312375915,0.3589559169947359,0.06404003130571573,0.7365432149102267,0.34841472744128954,0.16557102516198377
2023-08-01,0.0028879601053542,104.32822251905536,-0.1324818226264211,0.19570878685370177,0.20226890043477885,0.028006705719021797,0.05082091319661372,0.27403668912651263,0.35544449470726247,0.053535685206952344,0.7322785525936683,0.34675708428383295,0.1650753103261955
2023-08-02,-0.0285965216139987,101.34479824883913,-0.1572898249362214,0.2137324076768531,0.20621997599357908,0.02811469322791681,0.05082091319661372,0.2849971485399351,0.37077372828811345,0.05505188563190364,0.7319958009741662,0.3492167201070283,0.15973002813622772
2023-08-03,-0.0048686854302712,100.85138230617125,-0.1613927156874957,0.21073804533020052,0.20618851975231836,0.02811469322791681,0.05082091319661372,0.2832478849440296,0.36766269930188233,0.056757302055369045,0.7260881257490914,0.3414876461787841,0.15965475244083271
2023-08-04,0.0036813455187793,101.22265109048676,-0.158305512519376,0.2107542566105596,0.20522145643171205,0.02811469322791681,0.05082091319661372,0.27344796657635073,0.3554904443449396,0.0519519871889275,0.724400935487087,0.34698610108673106,0.15409792280756668
2023-08-07,0.0075227315642928,101.98412192286656,-0.1519736708309145,0.21096985657491774,0.20518076903068316,0.02811469322791681,0.05082091319661372,0.27246757658689785,0.3524804783249896,0.05554143250644536,0.7259081769604773,0.3455744172994801,0.15398855797066116
2023-08-08,-0.0050978896391208,101.46421812436112,-0.1562968154680875,0.20307581325377594,0.20263137099188133,0.02811469322791681,0.05082091319661372,0.26702319763474835,0.35054388307552986,0.04134247850161247,0.7290099942044336,0.340582393698245,0.14906159725222307
2023-08-09,-0.0179036967605726,99.64763353101397,-0.1714022214398762,0.20469769595483137,0.20537831723757183,0.02811469322791681,0.05082091319661372,0.27302356160340624,0.358184174486168,0.04391602272664145,0.7290151938582136,0.34219890625314636,0.14839121466737207
2023-08-10,0.0016450487573938,99.81155874673138,-0.1700391376938766,0.2040103161239081,0.20351401420925988,0.02811469322791681,0.05082091319661372,0.26927127259940387,0.3548164936600667,0.039105726472221894,0.7276717273839349,0.338290257959928,0.14580956230440328
2023-08-11,-0.008094193205211,99.00366470612208,-0.1767570012661459,0.20499212338651626,0.20345754103631009,0.02811469322791681,0.05082091319661372,0.2704205420038081,0.35716363553325675,0.037540755554245624,0.7276090652165422,0.3353783034249902,0.13358753165435536
2023-08-14,0.0173078075761482,100.71720108418911,-0.1625084698556491,0.2037928224346286,0.2050302516999807,0.02811469322791681,0.05082091319661372,0.27317799230048934,0.3602024415465789,0.03983658634827847,0.7274433579705172,0.3370265503178669,0.13266543107589454
2023-08-15,-0.0131913703301071,99.38860318607573,-0.1735561307781112,0.20676702785583986,0.20576111108654527,0.02811469322791681,0.05082091319661372,0.27520843471550827,0.3604866887795734,0.04597542665318523,0.7289646634080736,0.3363124859785424,0.13464046093341017
2023-08-16,-0.0181002828550161,97.5896413558428,-0.1885149985748215,0.21300102604357668,0.208568872634607,0.02811469322791681,0.05082091319661372,0.282289636116349,0.36755677508088275,0.05348916629004946,0.7299468197521618,0.3378158844419887,0.13791637163210133
2023-08-17,-0.0216353142884639,95.47825879381064,-0.2060717316210298,0.22035546851440385,0.21228015517267265,0.02811469322791681,0.05082091319661372,0.29083578104234836,0.3712561596917804,0.07315078102897524,0.7413975285128255,0.3461748565016982,0.13697769960848385
2023-08-18,-0.0040597424622939,95.09064165235952,-0.2092948759241835,0.21977706553798695,0.21245101400791677,0.028006705719021797,0.05082091319661372,0.29179335354039043,0.36937792176129064,0.08006053753922589,0.7523257058263532,0.344480309625116,0.1290750513448343
2023-08-21,0.0206280028527968,97.05217167963866,-0.1929842083690266,0.22851729236820661,0.21433075940553956,0.0278496542453919,0.05082091319661372,0.29408830941868674,0.37119348388848583,0.08354189222591876,0.7536034608672383,0.35194839408740175,0.13426445874061332
2023-08-22,-0.0069014107779226,96.382374775988,-0.1985537558513425,0.22784208162492423,0.21224196871383338,0.0278496542453919,0.05082091319661372,0.28899938160443983,0.36678807699392724,0.07622228601443018,0.7580514768225264,0.3507526248762824,0.13586005632351586
2023-08-23,0.0238138286563444,98.67760813439496,-0.1794682523159154,0.23533705555007794,0.2154355414268878,0.0278496542453919,0.05082091319661372,0.29652664846927074,0.3725378311824956,0.08784577561085505,0.7663483463826383,0.354388362851242,0.13888981844068735
2023-08-24,-0.0278805555629759,95.9264215979824,-0.2023451332984073,0.22716252499093023,0.2209200158663543,0.027989407271435732,0.05082091319661372,0.30922508281427175,0.38840916354989574,0.09377403046275684,0.7695480423401562,0.341397272124764,0.10543867105740935
2023-08-25,0.0075284734482651,96.6486011159699,-0.1963400098135649,0.22898620867680083,0.22112029442723896,0.027740802536932067,0.04182207649586816,0.3093134196225425,0.38877069724085406,0.09314528762171581,0.7708306829940375,0.3428268181283886,0.10587051678342567
2023-08-28,0.0074292999059617,97.36663255915212,-0.1903693787240475,0.2283984090712152,0.21961738378261134,0.027740802536932067,0.04182207649586816,0.3096816264288839,0.3903176473098982,0.09139037967381328,0.7617895969194448,0.3405294354729644,0.10432249896592247
2023-08-29,0.0321002625743051,100.4921270302768,-0.1643800231928915,0.24871420165545652,0.2241087508490956,0.027740802536932067,0.04182207649586816,0.3209843644850165,0.3984192311448894,0.11046833573743473,0.7685044626031896,0.3528586892720912,0.10809167438140511
2023-08-30,0.0007361124936052,100.56610054049273,-0.1637649128880579,0.24861991011451648,0.22358151877552582,0.027740802536932067,0.04182207649586816,0.32063231375924617,0.3989269537205977,0.10815762233388272,0.767440286492389,0.35156080682334356,0.10909570231839788
2023-08-31,-0.0002513690693886,100.54082133338784,-0.1639751165236953,0.22991213526548396,0.22337151265336708,0.027740802536932067,0.04182207649586816,0.3177380352212297,0.39714274954298356,0.10221765802607356,0.7713786918871882,0.3397813994028777,0.10061984706747357
2023-09-01,-0.0021057884957734,100.32910362846836,-0.1657356081055001,0.22996353438949801,0.2214099082386631,0.027740802536932067,0.04182207649586816,0.31136885373884254,0.3829541422759369,0.11366595806850827,0.7714271899955577,0.34244264527138324,0.10342110616479523
2023-09-05,0.0101282858379243,101.34526546788022,-0.1572859398799904,0.23139023382376395,0.2217499056137907,0.027740802536932067,0.04182207649586816,0.3177741242604641,0.39150109657783516,0.11553586729663308,0.7709039476099404,0.342214250545287,0.10011479985670856
2023-09-06,-0.0091479942733759,100.41815955974629,-0.1649950832760617,0.23213617641640133,0.21727398582158564,0.027740802536932067,0.04182207649586816,0.31407559290709136,0.39168713782181547,0.10277661035364553,0.767156259193436,0.3438417807804482,0.09995734825371662
2023-09-07,-0.0040368550835899,100.01278600184278,-0.1683658771189613,0.2323635043257721,0.21704606474504787,0.027740802536932067,0.04182207649586816,0.3119338983178112,0.39021867392162357,0.0986466315862243,0.7712757531581792,0.3394628772108242,0.09987462745298963
2023-09-08,-0.0015363603274078,99.859130325196,-0.1696435667922744,0.23238149518631124,0.21621623455410718,0.027740802536932067,0.04182207649586816,0.31148872580854076,0.39116373976621044,0.09520024286813134,0.7671904813962421,0.33674828371804233,0.10015976799667149
2023-09-11,0.0041041704646554,100.26896921850286,-0.1662356424439666,0.22391619781773614,0.21575192495014633,0.027740802536932067,0.04182207649586816,0.3070146602171765,0.3882763322291385,0.08634711498614525,0.7728693182639709,0.34016591475586333,0.1155423817848368
2023-09-12,-0.0144794768353939,98.81712700139472,-0.1783081141453762,0.22716965506299133,0.21680420535337608,0.02719450640972888,0.036304723810737426,0.3056028426073312,0.3895674652025299,0.07851615648065906,0.7731413436754596,0.3543081168839352,0.11434692034042344
2023-09-13,0.0081018557336721,99.617729108376,-0.171650885028653,0.2285655388031647,0.21675956247347333,0.02719450640972888,0.036304723810737426,0.3058046347102747,0.38987974189712443,0.0784340919783767,0.7737340241490007,0.35736930551073187,0.11327191529007205
2023-09-14,0.0068393681364146,100.29905143066182,-0.1659855004858906,0.2146273736498081,0.21278556014647323,0.026583018633793715,0.036304723810737426,0.2989720249677626,0.3860823926440122,0.0638572401414414,0.7768309286938448,0.348287624430373,0.11400810451279013
2023-09-15,-0.0156539888088725,98.72897120202572,-0.1790411541277218,0.21887519367789765,0.21432546485406467,0.026583018633793715,0.036304723810737426,0.30402411189103373,0.39326465399071375,0.0651367238022796,0.7639159597335459,0.35015602896505293,0.11147910300562854
2023-09-18,0.0007664352421176,98.80464056497296,-0.1784119423359171,0.21854055178034568,0.21394113745802112,0.026583018633793715,0.036304723810737426,0.3031318021953924,0.39206565422433226,0.06494121319184758,0.7633058162356671,0.3430091585581651,0.11680397183118565
2023-09-19,-0.0005412640866981,98.75116116143602,-0.1788566384455908,0.21714473529622297,0.21346985352958814,0.026583018633793715,0.036304723810737426,0.3021018079090934,0.3910672745006354,0.06375510570148263,0.7635110103192843,0.3426299060479104,0.11821437743724968
2023-09-20,-0.0161911837609083,97.15226296446814,-0.1921519215065682,0.22131173520012598,0.21551648622966976,0.026583018633793715,0.036304723810737426,0.30989722827388533,0.40159924957939347,0.06590450224885797,0.7602173729565105,0.34467222473811276,0.11340354078184883
2023-09-21,-0.0230167657769369,94.91613208311558,-0.2107459715126002,0.2250982784172836,0.2193005819861026,0.026583018633793715,0.036304723810737426,0.3172569813142242,0.40718385376352584,0.07759863217890307,0.7646916826184823,0.34716602099698,0.11256365177199265
2023-09-22,-0.0019693195213442,94.7292118913138,-0.2123002648782,0.22489988344710143,0.21900922755921004,0.026583018633793715,0.036304723810737426,0.31697276808482355,0.40727744854546827,0.07640578368346264,0.7648137179826713,0.34864091570068073,0.113844101772927
2023-09-25,0.0053528001108992,95.23627842723104,-0.2080838656486846,0.22492525297875007,0.21908573904045012,0.026583018633793715,0.036304723810737426,0.3184794351184632,0.40950810468148113,0.07630094420841381,0.7651533640635789,0.34837701769525814,0.11284365033294586
2023-09-26,-0.0153032941348072,93.77884964615473,-0.2202027911827625,0.22144475350934392,0.21938465503982565,0.026583018633793715,0.036304723810737426,0.31959584825778986,0.4117734728029625,0.07482858210460513,0.7648879814745162,0.34458190005087164,0.1085466074406987
2023-09-27,0.0024565654684432,94.00922352986578,-0.2182871682871937,0.21938071958788088,0.21718169453318326,0.026583018633793715,0.036304723810737426,0.31746532523409887,0.40451518935947517,0.08456825349883769,0.7641761568748446,0.34303891426260497,0.10709252068826534
2023-09-28,0.0166258345976639,95.57220533092816,-0.205290540044265,0.21999176958567807,0.2186969057588875,0.02571428630147727,0.036304723810737426,0.3206187671259199,0.40655506503500954,0.0903587209999408,0.7667490321974677,0.34417461501168467,0.10813463557678586
2023-09-29,0.0034067550605177,95.89779642508412,-0.2025831595699195,0.21097545697948492,0.2187226376250509,0.02571428630147727,0.036304723810737426,0.32155037579605256,0.4075919279649409,0.0910152926374154,0.7681222972645178,0.3339913126525947,0.10636001615742127
2023-10-02,0.0197325543268579,97.79010490286808,-0.1868480884449815,0.21792496434328248,0.22036648477460105,0.02571428630147727,0.036304723810737426,0.32361918537838413,0.40593624810442414,0.10309980338986005,0.7503127197948447,0.34425830868268853,0.12706284975841967
2023-10-03,-0.0157705893577632,96.24789731519236,-0.199671973327596,0.21498665372479722,0.22183434250553075,0.02571428630147727,0.036304723810737426,0.32786617775072874,0.41227549595787916,0.10295994456750332,0.7471335382488448,0.3383891187442345,0.12257765061564371
2023-10-04,0.0141268741081342,97.60757924373668,-0.1883658400495835,0.21790013999206895,0.2165790619023672,0.02571428630147727,0.036304723810737426,0.34237693525227925,0.43210307843969287,0.10618510217561615,0.7448394198427474,0.3413361624451422,0.12400367425692592
2023-10-05,-0.0035457906369561,97.26148320315828,-0.1912437248545694,0.20661204600190697,0.20841637782695285,0.02571428630147727,0.036304723810737426,0.3296183203461092,0.4156463049547238,0.1011334156762785,0.7459124290920564,0.3341254257619725,0.12370185821531648
2023-10-06,0.0210528107114507,99.30911079854933,-0.1742171320822347,0.19857426946454593,0.2083141143698864,0.02392079466500641,0.033732217993156,0.33351812638085093,0.42219821294803456,0.09960510898357919,0.7384103574884975,0.3282853103211512,0.12119168543258559
2023-10-09,-0.0030494018080167,99.0062774165277,-0.1767352758526924,0.19802519226842105,0.2081702753364722,0.02392079466500641,0.033732217993156,0.33663411815053407,0.42804265657784973,0.09654405792812913,0.7386861765305546,0.32746317980139583,0.12338693415851251
2023-10-10,0.0013976345934696,99.14465201481568,-0.1755846525946408,0.1970606532888215,0.2079814423068525,0.02392079466500641,0.033732217993156,0.3411540949266777,0.4333639229543161,0.0994983285713822,0.7386466092887654,0.3278951714434413,0.12349103391358458
2023-10-11,0.005544892444691,99.69439844670416,-0.1710133581635256,0.17393818391110646,0.20766476851130544,0.02392079466500641,0.033732217993156,0.33979163718864924,0.433156224022393,0.09556706784498253,0.7353996381626183,0.3148277042321225,0.11713740017207265
2023-10-12,-0.0026310887468851,99.43209363682357,-0.1731944955881795,0.17405317757181502,0.20654419482436093,0.02392079466500641,0.033732217993156,0.3383897683739457,0.43303210237089235,0.09147910110582166,0.7295680875026712,0.3148121117506091,0.11691981442289122
2023-10-13,-0.0144685893068416,97.99345151007294,-0.1851572048681502,0.1788169158812324,0.20706449679788094,0.023147455042460966,0.033732217993156,0.34225945215223946,0.4420951594922585,0.08303288784242582,0.7364081598987764,0.312400187438563,0.11719878189754186
2023-10-16,0.0219486295969491,100.14427348019412,-0.1672725221780585,0.1904923539579544,0.20572165215619295,0.023147455042460966,0.033732217993156,0.3414152462401738,0.442415188713146,0.07926990445813697,0.7385973864166938,0.3156603241742257,0.12183366366565825
2023-10-17,-0.0052099768082648,99.62252413788178,-0.1716110130251158,0.18858903124632434,0.20388446305856942,0.023147455042460966,0.033732217993156,0.3369821067395862,0.43684227593197134,0.07730471606470934,0.7370370451292567,0.3153465126636185,0.11835175996665583
2023-10-18,-0.0164552864232071,97.98320696899007,-0.1852423910756179,0.1926452968550564,0.20569933232002474,0.023147455042460966,0.033732217993156,0.34235751376184315,0.44154642222714463,0.08418747876006569,0.7432962425029522,0.3170574282012131,0.11964128727606771
2023-10-19,0.0073840002909973,98.70671499776196,-0.179226220654228,0.19379067976762537,0.20511610542774775,0.023147455042460966,0.033732217993156,0.33423176516432845,0.4153242234163464,0.11820953541310758,0.7363291726120159,0.33123800224943906,0.1428020198575282
2023-10-20,-0.00960277343632,97.75885677699502,-0.1871079252997576,0.19561558281306846,0.20567331211406503,0.023147455042460966,0.033732217993156,0.33559042786320586,0.4249081524946908,0.1000877469719624,0.7420102791298825,0.33880436672308895,0.14723939514316192
2023-10-23,0.0255921870666222,100.260719727051,-0.1663042392590543,0.20955626412805906,0.20976122622844318,0.023147455042460966,0.033732217993156,0.3398092292840126,0.42384951554592165,0.11423114254808492,0.7820705111561072,0.34764709010924527,0.15757511667027252
2023-10-24,0.0079066239180498,101.05344353168582,-0.159712520416803,0.20605441444523864,0.20947145330659359,0.023147455042460966,0.033732217993156,0.3406160467713094,0.42649020240532354,0.1115773372547038,0.7706012423299006,0.3370715392612784,0.16112791207084393
2023-10-25,-0.0232020950548702,98.70879192924168,-0.1792089503915097,0.2161767202284756,0.21321100433233484,0.023230853217530954,0.033732217993156,0.3402229164393357,0.43110849280962943,0.09969152443878192,0.7671986234873618,0.3556992275176495,0.15524006342487368
2023-10-26,-0.0165327527170363,97.07686388127811,-0.1927788858470437,0.22012526032339955,0.21427083071974384,0.023118696879800213,0.033732217993156,0.34721753671912414,0.43982228221333547,0.10363749028443942,0.759752140941997,0.3591881190149023,0.1532583867578087
2023-10-27,0.01087720864063,98.13278918389284,-0.18399857336928,0.21819429475609836,0.2140236983587392,0.023118696879800213,0.033732217993156,0.3464907938388212,0.42968058518030433,0.12455422743008929,0.7638965930178893,0.3658704755836448,0.15698862664483254
2023-10-30,0.0179378343058349,99.89307889624295,-0.1693612749850531,0.22438200307571743,0.21599645108073995,0.023118696879800213,0.033732217993156,0.350782058327746,0.4313409829691226,0.13526300682948464,0.7640054683534859,0.3722985131020929,0.16275716682423866
2023-10-31,0.0119580708253281,101.0876074086443,-0.1594284382810643,0.22680774943815185,0.21676750042833992,0.023118696879800213,0.033732217993156,0.3529402518191129,0.43232934628315406,0.1407053647637182,0.7578452514085973,0.373619746962232,0.16856539977347385
2023-11-01,0.0297206838450239,104.09200022908652,-0.1344460766460979,0.23564379425319026,0.21971799929471839,0.022990131936378586,0.03109264142610094,0.3598300229038948,0.43997116005568854,0.1462694378530961,0.7582989983530973,0.38049324899171755,0.1719660594231541
2023-11-02,0.0121085424427796,105.35240263181424,-0.1239654802286527,0.22443412643410718,0.21836313420698938,0.022990131936378586,0.03109264142610094,0.354159228395017,0.4378672968012856,0.13178414604343075,0.7600030694494087,0.38067448485955635,0.16972019973002747
2023-11-03,0.0106150361205672,106.47072219113949,-0.1146663421584162,0.22469390383999766,0.218739251356984,0.022990131936378586,0.03109264142610094,0.3563141874430733,0.44105092100304,0.13217397082747245,0.7526317620782507,0.38142925428079993,0.1706873557317919
2023-11-06,0.010242171032786,107.56121353780536,-0.1055986034137206,0.2253956233102517,0.2190374605819026,0.022990131936378586,0.03109264142610094,0.3583143379927576,0.44203124443208264,0.13645252800170696,0.7561497624821465,0.3816263323740585,0.17125315087325474
2023-11-07,0.0125326749108396,108.90924326009008,-0.0943893614705039,0.21884943646878052,0.21783314699360828,0.022990131936378586,0.03109264142610094,0.3557327581738764,0.44039603147102724,0.13108887590710672,0.7621764267751403,0.3777957087002802,0.17069401917628826
2023-11-08,0.003499949315908,109.29042009153429,-0.0912197701357035,0.21876121256822842,0.21764356137532592,0.02273639022568928,0.028886906978060782,0.3564760573198583,0.44156827083322436,0.13085175969436152,0.7626130487344969,0.37829332431701335,0.1703519047346614
2023-11-09,0.0055247282325518,109.89421996096144,-0.0861990063425872,0.21603874631464456,0.21753840017619344,0.02273639022568928,0.028886906978060782,0.35320202314668153,0.444440187102113,0.11560159414305578,0.7238727197609628,0.3846282098977873,0.17403414740920375
2023-11-10,0.0362507455058574,113.87796736133096,-0.0530730390785127,0.234445362259525,0.22451900127743957,0.02273639022568928,0.028886906978060782,0.36148230037948925,0.45297884540304667,0.12696306206124616,0.6768917993286293,0.40232306415021396,0.20909294571128292
2023-11-13,-0.0077623555455775,112.99400608986464,-0.0604234228248785,0.23383941107804276,0.2250000189915121,0.02273639022568928,0.028886906978060782,0.3615063204123443,0.45179558571216316,0.12971441908626424,0.6782605548098832,0.4033147827639586,0.209808376635324
2023-11-14,0.0213469303370839,115.40608126637302,-0.0403663470855656,0.2299961226833049,0.22740926075984425,0.02273639022568928,0.028886906978060782,0.36680507444174487,0.4629365748433457,0.12320579462024911,0.656191757708148,0.4039190834104588,0.2155167368061794
2023-11-15,0.0149179558081164,117.12770408669266,-0.0260505746594067,0.2302452263476974,0.22824568633767392,0.02273639022568928,0.028886906978060782,0.36528704006243323,0.4630057558307292,0.11685665989507629,0.6715876906824264,0.40737387001743636,0.22384615739680314
2023-11-16,-0.0049622006506178,116.54649291726832,-0.0308835071315006,0.23080194623650566,0.22767081477747378,0.02273639022568928,0.028886906978060782,0.35947811279102876,0.45776714219406694,0.10836607468290413,0.6860426553065619,0.41662205341058167,0.2398242589243911
2023-11-17,0.0031854469556406,116.91774558832222,-0.0277964379496314,0.22654655455502365,0.22188734576972952,0.02273639022568928,0.028886906978060782,0.3513275642112363,0.4546103860932029,0.08909130026429807,0.6699727575464731,0.41344168433289014,0.24138526837453242
2023-11-20,0.0123725703711555,118.36431862325058,-0.0157677809630754,0.22586567537498095,0.22243077691731153,0.022323663753823594,0.028539436164012735,0.3538112023093955,0.45743375488674987,0.0910635950558628,0.6682359709049837,0.4129720018292366,0.23757980537346463
2023-11-21,-0.0153982174555848,116.54171910610764,-0.0309232026985987,0.2339833425737515,0.22387382105771197,0.022323663753823594,0.028539436164012735,0.3570208554921941,0.4581022435799458,0.09973890283210324,0.6784015623222475,0.41900907663894726,0.24616608804244516
2023-11-22,0.0149068013217688,118.27898335851978,-0.0164773674156907,0.23556404561522307,0.2249840763061672,0.022323663753823594,0.028539436164012735,0.3598507677027499,0.4594793173943199,0.10538976236007339,0.6897666086379464,0.4205786837512598,0.25043488318760065
2023-11-24,-0.0012149591481601,118.13527922565328,-0.0176723072355714,0.23515796723494406,0.22502639590448945,0.022323663753823594,0.028539436164012735,0.3622008335344676,0.4628928298997444,0.10543648575315999,0.6894461774693897,0.41874190126748495,0.24889798682887648
2023-11-27,-0.0043644047963119,117.61968904638718,-0.0219595829294225,0.22931594300496486,0.2176411074368676,0.022323663753823594,0.028539436164012735,0.34858074090484925,0.4448830646034511,0.10097650919730072,0.6920628870670131,0.41505104448699004,0.253617274434716
2023-11-28,0.0074270056536793,118.4932511419187,-0.0146956712223125,0.22446300654322368,0.21783758582605495,0.022323663753823594,0.028539436164012735,0.3504139433270923,0.4471998511200231,0.10175344298183815,0.6928146757533256,0.4129223393911056,0.2514866137465349
2023-11-29,0.0001065973633572,118.50588221006606,-0.0145906403787603,0.2227356201530325,0.2175066839247941,0.022323663753823594,0.028539436164012735,0.34925328842966097,0.44514306638007783,0.102916339256559,0.6881652977616027,0.4111068427235688,0.25031957155296913
2023-11-30,-0.0015243040636787,118.32524321224342,-0.016092703870018,0.21373705783888863,0.21744387049003913,0.022323663753823594,0.028539436164012735,0.338004725570557,0.4285825846805396,0.10336772385709492,0.6873346824230991,0.41348349035206405,0.2454910239858894
2023-12-01,0.0028632924574657,118.66404298866084,-0.0132754895301635,0.21395676117668722,0.2174396251781415,0.022323663753823594,0.028539436164012735,0.3437353497698665,0.4355545005248952,0.10653864411562392,0.6880156581575033,0.3940084361046207,0.2472777202697051
2023-12-04,-0.0039043634119678,118.20073544089972,-0.0171280206065338,0.2109048445510382,0.2176193644455878,0.021918192759293575,0.028539436164012735,0.34273816161129717,0.4442544810108268,0.08346085049014948,0.6788266494449754,0.3932186252476808,0.2511749772924053
2023-12-05,0.0069427251986975,119.02137066534983,-0.0103042105481052,0.20296064185972895,0.2154038672532418,0.021918192759293575,0.028539436164012735,0.33845533604880035,0.43705442122827715,0.08622056156034366,0.6710089720939608,0.38014784498019943,0.23017488680786513
2023-12-06,-0.0103045241634852,117.7949120753576,-0.020502554725012,0.20812518952753736,0.21631448752975574,0.021918192759293575,0.028539436164012735,0.3434706303923126,0.4424505912791134,0.09083066926325233,0.6687714162901918,0.3814941892066822,0.22470939292400108
2023-12-07,0.0276499470994732,121.05193516282836,0.0,0.1998298720999297,0.22069692072464836,0.021918192759293575,0.028539436164012735,0.34779467691558985,0.4452271014637984,0.09978943080292098,0.6577385094183237,0.3661460053153067,0.23456055213887875
2023-12-08,0.0131773547397774,122.64707945440549,0.0,0.1877417335857563,0.21544085732453572,0.021918192759293575,0.028539436164012735,0.3360728675345085,0.4326320282832822,0.08972055010232993,0.6517870028101044,0.3572265312558623,0.24286850621166362
2023-12-11,-0.001680519760696,122.44096861379067,-0.0016805197606961,0.1895254012346311,0.21521006305740983,0.021918192759293575,0.028539436164012735,0.3298581988032686,0.4284854027212176,0.07758890267370538,0.661945503618504,0.3626124860991682,0.248773481950532
2023-12-12,1.4842962054309152e-05,122.44278600044171,-0.0016657017425327,0.1880381926534114,0.2152283832094828,0.021918192759293575,0.028539436164012735,0.33080818714681925,0.42970344581919057,0.07801535006529045,0.6613666898367546,0.37143367547722367,0.244780383436384
2023-12-13,0.0130666499832245,124.04270302808035,0.0,0.18832583034555575,0.21581516384256763,0.021918192759293575,0.028539436164012735,0.33332467647871356,0.43192119625955255,0.08136918946158017,0.6617787894063488,0.3722645580412003,0.23952239173849593
2023-12-14,0.0025754669846526,124.36217091441624,0.0,0.17577222046687838,0.2154551623420236,0.021137314900727483,0.02818628278064479,0.3275107281436169,0.42277342462560424,0.08308227169325345,0.6597431980295138,0.37021627305816934,0.23768517508773557
2023-12-15,0.003495150966167,124.7968354762424,0.0,0.17494488420662158,0.21271625159122998,0.021117335444116116,0.02818628278064479,0.32057017918548236,0.4163600245451792,0.0741509234412528,0.6642144277595378,0.36608770267694113,0.2417363585207229
2023-12-18,0.0116701631364766,126.25323490516618,0.0,0.1752279298854209,0.21325066007891247,0.021117335444116116,0.02818628278064479,0.31940145666445924,0.414509600622953,0.07453038364510838,0.6636825134074396,0.367669574835076,0.23898428682592632
2023-12-19,0.0042481776973764,126.78958108191192,0.0,0.1747546811156718,0.21247984537083975,0.021117335444116116,0.02818628278064479,0.31811800339530183,0.4138111670749247,0.07173415802544053,0.6646149551564196,0.36779774373433427,0.2387732187615278
2023-12-20,-0.0043157538266431,126.2423884621792,-0.0043157538266431,0.17572886058525886,0.21138913551512323,0.021117335444116116,0.02818628278064479,0.3167230628081487,0.41608337764680503,0.06170196814560585,0.6644284633933197,0.37481277580208033,0.24617078906918569
2023-12-21,0.022515250531187,129.08476746606058,0.0,0.18282307202374143,0.21227836693598673,0.020062930440389124,0.02818628278064479,0.3171308246893004,0.4165741834676415,0.0623808425854541,0.6578629990050553,0.3780028376396964,0.2550435365914586
2023-12-22,0.004598537618189,129.67836862518843,0.0,0.18284730335362212,0.20926745775549158,0.020062930440389124,0.02818628278064479,0.3116117387724093,0.41193401866447793,0.054727919111067704,0.6535892374701294,0.3700099088981769,0.25013699879222195
2023-12-26,0.0117699989468948,131.20468288734196,0.0,0.1594530549315296,0.2054506172030133,0.019228332307245483,0.02818628278064479,0.30297075551035263,0.40873140371543504,0.03570711981682454,0.61030260373539,0.35797635705363784,0.22992582664109282
2023-12-27,0.0041941007505417,131.75496854631436,0.0,0.1549830393602197,0.2050407916913444,0.019112934224730642,0.02818628278064479,0.3021107883498426,0.40889833189875147,0.03381861521871922,0.5889293611048826,0.3558746626079322,0.22668668797946048
2023-12-28,-0.0054081040290544,131.0424239700711,-0.0054081040290544,0.15004995548531008,0.2035822175422144,0.019112934224730642,0.02818628278064479,0.3018022518355612,0.4065099429289332,0.038139996061043444,0.5919669001853051,0.3497114166389394,0.22773371961707853
2023-12-29,-0.0048221574792974,130.41051676521857,-0.0102041827790594,0.1487991917473618,0.20331320382889273,0.019112934224730642,0.02818628278064479,0.30289511305190236,0.408374466674969,0.03778003147579369,0.5878439598862,0.34235366198577855,0.21312500529840844
2024-01-02,-0.0166685797106516,128.23675867141026,-0.0267026732556759,0.1582411791757682,0.20311495050953596,0.019112934224730642,0.02818628278064479,0.29994720042936235,0.413325380951105,0.017016914487765076,0.5756651712923259,0.34589920285562675,0.19302772464816767
2024-01-03,-0.0210755782494767,125.53409482957169,-0.0472154772254826,0.1732256548718711,0.2004880913225922,0.020062930440389124,0.02818628278064479,0.2927897184617129,0.40092232086611257,0.020787377063471953,0.5881837552813424,0.3541847173747726,0.20414765733047174
2024-01-04,0.0030657798263494,125.9189547250192,-0.0442944496567027,0.17066519510320063,0.20034622885325312,0.020062930440389124,0.02818628278064479,0.29247650729507063,0.4007253714669108,0.020046457875528025,0.5902170025738006,0.3531282412666207,0.2035060334603969
2024-01-05,6.438094871466207e-06,125.91976540319584,-0.0442882967337003,0.16257270154995815,0.200268915248367,0.020062930440389124,0.02818628278064479,0.291565876830651,0.39940928427412326,0.02007334297903568,0.5894346240833515,0.3478217701755708,0.19736481227775582
2024-01-08,0.0275957094749068,129.39461066641084,-0.0179147542285952,0.1746106317601556,0.1985462184498472,0.020062930440389124,0.02818628278064479,0.2898601926354208,0.4006064286364719,0.012563623461524186,0.5731904702070817,0.35431969358863796,0.18946374032161795
2024-01-09,0.0026371028899084,129.7358375681378,-0.0153248943888349,0.17414805834801003,0.19851331245617382,0.020062930440389124,0.02818628278064479,0.2901376405744339,0.4002665660796694,0.014596821209532991,0.5687375383647045,0.3549707808431681,0.18867673555669198
2024-01-10,0.0131851790451169,131.4464278150419,-0.0023417768200826,0.17496301963191002,0.1991794034077151,0.020062930440389124,0.02818628278064479,0.29225038313772866,0.39941726595718874,0.025489781986030833,0.5428185017320937,0.3593162791411257,0.18830295307791184
2024-01-11,0.0037373058023083,131.93768331240778,0.0,0.17461934265435233,0.198990189821332,0.020062930440389124,0.02818628278064479,0.29490677823204137,0.403846024422062,0.024371276403344494,0.540065689011774,0.35912761268185217,0.1889487781026804
2024-01-12,-0.0108445535232003,130.5068780439993,-0.0108445535232004,0.17936872963704856,0.19999237619173932,0.020062930440389124,0.02818628278064479,0.2949264811112654,0.4035896413709837,0.02419281475633845,0.5527208673450308,0.3649716140233014,0.2017634809510038
2024-01-16,0.0088341781129549,131.6597990496057,-0.0021061781276248,0.17946920246992026,0.19918909827301112,0.020062930440389124,0.02818628278064479,0.2914648681565903,0.39968474455952874,0.0215391443687651,0.5526550508711212,0.361378624409436,0.20633959191045742
2024-01-17,-0.003704412644631,131.17207682521678,-0.0058027886193678,0.18071727327033912,0.19915618455409273,0.020062930440389124,0.02818628278064479,0.29837036554462015,0.4088079059339335,0.023887384244554,0.5503011714196466,0.3609636799413825,0.2077246858132321
2024-01-18,0.005874717719069,131.94267574918894,0.0,0.17949707550365304,0.19905421298889567,0.020062930440389124,0.02818628278064479,0.29562708125940945,0.41001110410161457,0.011343567151127148,0.5564389934064682,0.35755888496574134,0.21026184644740822
2024-01-19,0.0219246997860415,134.83547930395693,0.0,0.18692256354194742,0.2015074581339148,0.020062930440389124,0.02818628278064479,0.30424224261130534,0.417529243032613,0.023940011965800513,0.5437306875481087,0.36290441824332437,0.2087791255125178
2024-01-22,-0.0149559149165053,132.81889134776074,-0.0149559149165052,0.1905177867903451,0.20162853376754847,0.020062930440389124,0.02818628278064479,0.30543375105236387,0.4146033802745536,0.033371727187306674,0.5654270862515792,0.3673147772664833,0.22410694643911405
2024-01-23,0.0032325298828139,133.2482323830446,-0.0117717304755836,0.17692527113069617,0.20146958128690043,0.020062930440389124,0.02818628278064479,0.3073299539571629,0.4178048606716319,0.0325064306661874,0.5630610683153788,0.3566951809399239,0.2181013622796927
2024-01-24,0.0192695525847688,135.81586620377718,0.0,0.18073140507155516,0.2031516610461681,0.020062930440389124,0.02818628278064479,0.3081769462354128,0.4191253650627566,0.032373699139518354,0.5620309937167951,0.3637474442177657,0.21165921070026972
2024-01-25,-0.0020561616754431,135.53660682477187,-0.002056161675443,0.18082764384990763,0.20079066704367263,0.020062930440389124,0.02818628278064479,0.30051289102871637,0.4077127870987438,0.03289244666628772,0.5628231940141856,0.3596582250623003,0.20867801073751926
2024-01-26,-0.0028037204444002,135.15660006925262,-0.0048541172173168,0.18147699788885352,0.20102234628963056,0.020062930440389124,0.02818628278064479,0.2962765921119214,0.4039565135790199,0.02713032018212053,0.5646734197104916,0.3577765120264509,0.21524722400521176
2024-01-29,0.0188480797530794,137.70404244651294,0.0,0.18490491596976866,0.20251333713857195,0.019112934224730642,0.02818628278064479,0.2987306858302081,0.40540115974706203,0.03186316980875803,0.5682768390620713,0.3607691219758028,0.2205174145964137
2024-01-30,-0.0082725238502863,136.56488247109334,-0.0082725238502862,0.1880500842134795,0.2007276699826563,0.019112934224730642,0.02818628278064479,0.29372970985539737,0.3991198011552174,0.02957746361389696,0.5673602079841974,0.3543863216480013,0.22078208161661622
2024-01-31,-0.0209662443734003,133.7016297723797,-0.0290653244670566,0.20064993421107316,0.19997792191609587,0.020062930440389124,0.02818628278064479,0.2898554468565613,0.39434875023463395,0.02761550761921183,0.56618891718426,0.36537295171598594,0.2125678012225194
2024-02-01,0.0107444714541728,135.13818311684545,-0.0186331445619263,0.20029500447165416,0.20005435958425388,0.020062930440389124,0.02818628278064479,0.28734963065960006,0.39066411974075343,0.02770586513104854,0.5659989957475069,0.36724826940950295,0.21119761568026174
2024-02-02,0.0245949455179134,138.46189936799408,0.0,0.21039998031504326,0.20298333600104176,0.020062930440389124,0.02818628278064479,0.27015530836233653,0.36737490387786953,0.023620619082455368,0.5654898045168983,0.39588873787506673,0.2100936694997992
2024-02-05,-0.0039158360656493,137.91970526873055,-0.0039158360656494,0.21028190189551244,0.20075999861425295,0.020062930440389124,0.02818628278064479,0.2620839560472095,0.3570484009541927,0.020205299087207636,0.5665082387028226,0.3910734133222687,0.2037274209497813
2024-02-06,-0.0033020002202449,137.4642943715571,-0.0072049061943432,0.20267729555783096,0.20114659014735856,0.020062930440389124,0.02818628278064479,0.2613650211319787,0.35681083133574315,0.018408082896391627,0.5651157375340284,0.38835355799336996,0.18886621317649255
2024-02-07,0.0174533060181353,139.86350076779092,0.0,0.20738147712637373,0.20129475765872656,0.020062930440389124,0.02818628278064479,0.26230453007665855,0.35801985782606677,0.0188028669634528,0.564793005545453,0.3897586683693117,0.18761264332702288
2024-02-08,0.0030322444045767,140.28760108539856,0.0,0.20556447825298466,0.20130053896013297,0.019627880585260167,0.02818628278064479,0.26220091638409165,0.35792995324748766,0.018709638123217017,0.5640538000783534,0.3809585918554474,0.16818772410882796
2024-02-09,0.017452887636201,142.7360248238942,0.0,0.2101584009074137,0.20084178517775306,0.019627880585260167,0.02818628278064479,0.2626016071725063,0.35814839284182215,0.01910845648401738,0.5708613690737864,0.3816805980170365,0.16576963064034198
2024-02-12,0.0038225426278934,143.28163936331964,0.0,0.20874026598872703,0.19795594647420328,0.019627880585260167,0.02818628278064479,0.2549704451600804,0.3518126219714829,0.007784855216403968,0.5732781059161377,0.3867653924027427,0.1664110917574792
2024-02-13,-0.0129213355463544,141.43024922347442,-0.0129213355463545,0.21268185226805722,0.1994031020304972,0.019627880585260167,0.02818628278064479,0.25922976551503474,0.3556842422965234,0.013145262566377703,0.5745906223927866,0.3892023345911218,0.16245243063139556
2024-02-14,0.0232313361889754,144.71586289047556,0.0,0.2123918343418317,0.20147871477737234,0.019627880585260167,0.02818628278064479,0.26305249563134747,0.3586701185316479,0.019246406786998724,0.573527026786064,0.38123689207273365,0.1660287440056526
2024-02-15,0.0011497909226596,144.8822558759919,0.0,0.19881127841902596,0.19959373847351486,0.018364790927966865,0.02772838004572817,0.2565696311900616,0.35063509123177194,0.01609473098379902,0.5714020328241358,0.37696646507541465,0.15991386262797364
2024-02-16,-0.0147198106406686,142.74961650430438,-0.0147198106406686,0.20673464974613212,0.20175135855751364,0.018364790927966865,0.02772838004572817,0.2597865529267241,0.35299449524806625,0.021820978137400884,0.5669921935195992,0.3813460333463376,0.15614903027346347
2024-02-20,-0.0078157519363418,141.6339209126988,-0.022420516188493,0.20936351741569487,0.20269453708480611,0.018011819112516522,0.02772838004572817,0.25986943467122736,0.3550797375192989,0.018220408818180475,0.5522442227844268,0.3888816954303676,0.1556918368829557
2024-02-21,-0.0063769631795899,140.73072661405757,-0.0286545045618816,0.19900552570165608,0.20342612509404726,0.018011819112516522,0.02772838004572817,0.2615786690881716,0.35586994072191747,0.022065215399623576,0.554085967235287,0.38055310901088507,0.15842712615004606
2024-02-22,0.0287654552262406,144.77891002943056,-0.0007133092036458,0.21266867106156673,0.20731078384019946,0.018011819112516522,0.02772838004572817,0.2609080954606567,0.35970038567023777,0.01090961828231958,0.5531550958003747,0.40330516212687795,0.1653189437001462
2024-02-23,-0.0051459037696217,144.03389169054836,-0.0058555423527478,0.21223738676281553,0.20550419197608327,0.017347894088108134,0.02772838004572817,0.25557874239339057,0.3511548598858597,0.01259950840974082,0.5551031399117149,0.4002466242647423,0.16264211942107465
2024-02-26,0.0165182330804023,146.41307708497027,0.0,0.2157539959523768,0.20438688269368982,0.017347894088108134,0.02772838004572817,0.24984487416234885,0.34625828867924124,0.0038956674727359765,0.564613466415309,0.41080781555626317,0.17136862297186378
2024-02-27,0.0047741686797615,147.11207781189682,0.0,0.21139435428378034,0.20375185332267076,0.017347894088108134,0.02772838004572817,0.249863736986639,0.3472393867894694,0.002091711518004591,0.5582963759170898,0.4045664345894908,0.16412115575910047
2024-02-28,0.0081136888370418,148.30569943543327,0.0,0.2112639890629998,0.20074945763014804,0.017347894088108134,0.02772838004572817,0.24340994791058043,0.3424486402925599,-0.008829861592231283,0.5606528570834762,0.4068786092858112,0.16605087688966566
2024-02-29,0.016754123111865,150.79043138196576,0.0,0.2130424455049918,0.20171486707714711,0.017347894088108134,0.02772838004572817,0.25324138966649373,0.35739665696578077,-0.009997767353460208,0.5563943894907551,0.4114324452112177,0.16921294523747443
2024-03-01,0.0232797466037738,154.3007944148117,0.0,0.2197132697682585,0.20257022735022684,0.017347894088108134,0.02772838004572817,0.25082147633937446,0.3480792107040439,0.0036226054370511185,0.5547838371107919,0.40984633850957347,0.16662003005711484
2024-03-04,0.0075725973197543,155.46925219703326,0.0,0.21415738142993243,0.19964798341110349,0.017347894088108134,0.02772838004572817,0.24645838527546893,0.3463359131972429,-0.004317660197416226,0.5123855901066553,0.4109123035694388,0.17001913962936793
2024-03-05,-0.030403615458835,150.74242483756203,-0.0304036154588349,0.2306163802107092,0.20815950830048738,0.018011819112516522,0.028245698248997527,0.2643152027969331,0.36068123101632893,0.022221887157699807,0.5229039497065732,0.4168286035827879,0.1554728689182521
2024-03-06,0.0154640901563246,153.07351928563307,-0.015409689553044,0.23282457389890596,0.20357424766894613,0.018011819112516522,0.028245698248997527,0.25960536036048537,0.34963412715123127,0.03183762086736687,0.5251146150811588,0.4192347769335003,0.1564877027165611
2024-03-07,0.0257100807114005,157.00905182124484,0.0,0.2370279671794819,0.2032132690288735,0.017347894088108134,0.028245698248997527,0.25768488945606316,0.3459265290090854,0.03402167201830581,0.5241757666666425,0.4168681119001232,0.1626405653707088
2024-03-08,-0.0131904079112819,154.93803838195902,-0.0131904079112818,0.24203280084462106,0.20536819663474953,0.017347894088108134,0.028245698248997527,0.2633726798519996,0.3524888086219416,0.038232515136984606,0.5214106436292523,0.41519083650704736,0.16081600055634335
2024-03-11,0.0041115909380409,155.5750802165281,-0.0091330505348781,0.24102694113828127,0.20423432106883782,0.017347894088108134,0.028245698248997527,0.2601530401919048,0.3502105748268379,0.03260413773549646,0.5213728648153758,0.4100558357358664,0.1609353482126686
2024-03-12,0.0197211975521509,158.64320710766998,0.0,0.2414816235845848,0.20539129461674832,0.017347894088108134,0.028245698248997527,0.25837487168336487,0.3498579606219117,0.027109977275831868,0.5254401749472217,0.41940266599440723,0.15304187879712286
2024-03-13,-0.0062750134462928,157.64771884990634,-0.0062750134462927,0.2406068229595759,0.2019784790391037,0.017347894088108134,0.028245698248997527,0.2518862676663243,0.34517253635214007,0.01609018519589725,0.5238081007191805,0.42287924244831715,0.15723245146963535
2024-03-14,-0.0022883389061288,157.28696744139964,-0.0085489929950159,0.22896103521120229,0.20192041877868117,0.017347894088108134,0.028245698248997527,0.2496457822645253,0.3387700180070137,0.024264866252759882,0.5110112714539133,0.4179881621667001,0.1631494715820762
2024-03-15,-0.0160576982065856,154.76130078639656,-0.0244694140521175,0.23670363284584256,0.20456451426819322,0.017347894088108134,0.028245698248997527,0.24884945644378356,0.3339094580779725,0.033044891568904264,0.5088178723703599,0.4285019541667861,0.16680418799976332
2024-03-18,0.0133194552613322,156.82263700840656,-0.0114758780565235,0.2306200116903228,0.20488446816743588,0.017347894088108134,0.028245698248997527,0.24746584118288528,0.3349070145617357,0.02681379482919833,0.4968054682284266,0.4123939317146959,0.16388666748602143
2024-03-19,-0.0191361567615404,153.82165444285553,-0.030392430616598,0.23936265006407142,0.2081005619112628,0.018011819112516522,0.028245698248997527,0.2466791127573766,0.33169962940402836,0.029160624510081303,0.5337383538339947,0.42618400529038647,0.1870559355067002
2024-03-20,0.0285259502849847,158.20956331024655,-0.002733453296422,0.2487989971916657,0.21212911318896002,0.018011819112516522,0.028245698248997527,0.2519819568007459,0.33346870751425767,0.041546637358752525,0.556475473457734,0.4347731883206787,0.20047975524855466
2024-03-21,-0.004844420367652,157.44312967938905,-0.0075646316672509,0.2473451642364597,0.2126556106982675,0.018011819112516522,0.028245698248997527,0.25013507705426924,0.3267358334683223,0.05036035751956681,0.5657293955829504,0.43949232801483656,0.20447081819640203
2024-03-22,-0.0035266691620467,156.8878798491726,-0.0110646228760746,0.24831321391496555,0.2059334020847474,0.018011819112516522,0.028245698248997527,0.23990368352163877,0.3158626671316081,0.03867917929439677,0.5997068205813427,0.44199713049652956,0.20794955371448778
2024-03-25,0.0109849955132426,158.61129250539793,-0.0002011721954813,0.24593110001925764,0.20538048877738047,0.018011819112516522,0.028245698248997527,0.23753372280154442,0.3164393060327687,0.02876934639706628,0.6073039557758658,0.44505047875507053,0.21570350021631451
2024-03-26,-0.0015614210910384,158.3636334880031,-0.0017622791720109,0.24639045813784757,0.20342494451692386,0.018011819112516522,0.028245698248997527,0.23352185020627395,0.30847582022873493,0.03272946232191777,0.6220187176854807,0.44303453663981773,0.2139012871038921
2024-03-27,-0.0023068478181107,157.9983126856232,-0.0040650616802589,0.24214287123489817,0.20275297220127478,0.018011819112516522,0.028245698248997527,0.2334267694426157,0.30769206265513527,0.034648534860547156,0.6158150257354594,0.4436252292940984,0.21637130171370245
2024-03-28,0.0010698729368315,158.16735080443058,-0.0029995378429057,0.2351151408372644,0.2022983018799189,0.018011819112516522,0.028245698248997527,0.23682185851101203,0.30999779856104065,0.04160695748017556,0.6038874722225603,0.4384554482546601,0.21698870209467336
2024-04-01,0.0052067730360865,158.99089230178834,0.0,0.2351208083485684,0.20231827912800812,0.018011819112516522,0.028245698248997527,0.2372282372145031,0.3110927802732213,0.04045296139439785,0.6035983674609436,0.4350301460931498,0.21638560246868044
2024-04-02,-0.0174449680312958,156.21730126831642,-0.0174449680312959,0.23705119095609437,0.2047538834367949,0.018011819112516522,0.028245698248997527,0.23948141493138703,0.31062659748331295,0.04816772712921237,0.6191053426465988,0.4365805306833399,0.2242048463807305
2024-04-03,0.0046051398212568,156.93670378315645,-0.0129201647270004,0.2347959439222773,0.202339276714941,0.018011819112516522,0.028245698248997527,0.23453107941426338,0.30665191033154626,0.04119690864242236,0.6103145588869779,0.43548945069943995,0.21915183440509228
2024-04-04,-0.0151060451324943,154.5660108528632,-0.0278310372680093,0.2393163699672377,0.2037309605156255,0.018011819112516522,0.028245698248997527,0.2377982432787045,0.3133285341429298,0.03748758065793863,0.598898002342304,0.44250545906187794,0.2176638571639055
2024-04-05,0.0059882420307969,155.49158953558495,-0.0220094542243413,0.22699355794907522,0.20365966600604288,0.018011819112516522,0.028245698248997527,0.2362398768636023,0.3130077311048727,0.032883709190343884,0.5997074935180158,0.4240110408792143,0.2126871836504567
2024-04-08,0.011395169705182,157.26344258607142,-0.0108650859851642,0.2272263783140256,0.20372300686082162,0.018011819112516522,0.028245698248997527,0.23477309367895902,0.3123419456039911,0.02979910792379463,0.5944730626302982,0.4284412132830952,0.21815393993704046
2024-04-09,-0.0049208177866387,156.48957784060585,-0.0157324386634337,0.22465083086967963,0.20406460037454477,0.018011819112516522,0.028245698248997527,0.2345707508998696,0.3123999528492665,0.028540078523739652,0.6010087683129227,0.4239238078895603,0.21539953340130463
2024-04-10,-0.0057223370326309,155.59409173410776,-0.0213647493796873,0.22571084725985938,0.20454542874875967,0.018011819112516522,0.028245698248997527,0.23625119947036824,0.31530398747749694,0.02748320468233399,0.6009235410413755,0.42440048937253005,0.2142478319197023
2024-04-11,0.0142155156115873,157.80594197422474,-0.0074529446964445,0.22783737166686677,0.20522981033314067,0.018011819112516522,0.028245698248997527,0.2447033798900815,0.3288018317324246,0.024663363073020302,0.6018578176639914,0.42455338897070616,0.20404618000257133
2024-04-12,-0.0296166327920423,153.1322613383718,-0.0368488463621928,0.24128776771696825,0.21248765774226325,0.018364790927966865,0.029116778314800935,0.25627306752900614,0.33704906747834357,0.04384586980662475,0.6155210351379129,0.42852000437233445,0.2147161961491893
2024-04-15,-0.0291888324895552,148.66250941341926,-0.0649621040478486,0.24634737290707187,0.21890416121522566,0.01888642919965509,0.02940701064382362,0.26636714774680953,0.33685258240833715,0.07791350095958606,0.6261816364016974,0.43215096964542077,0.22037855098780593
2024-04-16,0.0016195302354978,148.90327284229926,-0.063447781904018,0.2451224890171482,0.21878943391684502,0.01888642919965509,0.02940701064382362,0.26598275043458586,0.33660954784056385,0.07689533168211873,0.6303561225123602,0.4240545827770863,0.21421318115777804
2024-04-17,-0.0193293095940123,146.02507538196875,-0.0815506896785542,0.23562259482707942,0.2208068070080971,0.019242390819399945,0.02940701064382362,0.2676850105802974,0.33674818787576544,0.08209054529513074,0.6343907845164155,0.4166607675039422,0.21559489122200248
2024-04-18,0.0001946568852177,146.05350016830633,-0.0813719071965765,0.2304777167051236,0.21668817651467448,0.019242390819399945,0.02940701064382362,0.2617481604003287,0.3336522270059351,0.06856349872241592,0.642875754372797,0.41420444424030733,0.2154723690171412
2024-04-19,-0.0269367728308965,142.11929021311536,-0.1061167834485019,0.22702649060212565,0.22127193127066824,0.020229623722675682,0.02940701064382362,0.2680766880932137,0.34331377229778953,0.06725388993074066,0.647120713370156,0.4197189093502771,0.20607598922838707
2024-04-22,0.0171658792197234,144.5588927837065,-0.0907724921166411,0.23242140068352027,0.22269103824357891,0.020229623722675682,0.02940701064382362,0.27604441077939074,0.3503849025233255,0.07799296602874951,0.6448988710012974,0.4203424867587457,0.21568204258931195
2024-04-23,0.0131119049152665,146.4543352405427,-0.0788507874869297,0.23598332662923593,0.22344686620726706,0.020229623722675682,0.02940701064382362,0.28696006386329104,0.36724713340534115,0.07576103099383713,0.6448981229333429,0.4190568791305129,0.21333835598400067
2024-04-24,-0.0011729721845861,146.28254837899345,-0.0799312698910611,0.2269413859112001,0.22273546147977344,0.020229623722675682,0.02940701064382362,0.2815542671231733,0.36191535868325075,0.06967505820785867,0.647104196250179,0.4101458975333065,0.22779816645613118
2024-04-25,-0.0017532035438176,146.02608529677673,-0.0815443376492439,0.22668353568727587,0.2228177794305216,0.020229623722675682,0.02940701064382362,0.27965263569312276,0.35812123819379954,0.07201215242988623,0.6478587971179833,0.41739515778285674,0.21967144741932995
2024-04-26,0.0087759013381879,147.30759581414304,-0.0734840613729537,0.22900847939534155,0.2231009762708082,0.020229623722675682,0.02940701064382362,0.2729225769571719,0.3479625867183686,0.07301371304117044,0.645155194055312,0.43019837259141336,0.20924099416262398
2024-04-29,0.0079024637033626,148.47168874329392,-0.0661623027973665,0.2268202059813894,0.22272456329404564,0.020229623722675682,0.02940701064382362,0.2686804761660102,0.3426203859258387,0.07114186179955181,0.6438628500688868,0.42464077848148407,0.22330460750463163
2024-04-30,-0.0303280693671646,143.96882906802722,-0.0944837972558013,0.23743105702139364,0.22911552566539756,0.02102637800524232,0.02997946544535467,0.28032717842571725,0.35047786963915517,0.0918375832198712,0.652396914043082,0.42520665600681157,0.2226785212300464
2024-05-01,-0.0063973094307915,143.0478159200903,-0.1002766645993514,0.232607327696828,0.22929195015648282,0.02102637800524232,0.02997946544535467,0.2767513207342255,0.3415675856628559,0.10089851133898727,0.6459741891607335,0.4223723633578495,0.20948870600760336
2024-05-02,0.0182888427785313,145.66399493526512,-0.0838217659740331,0.2224854394933589,0.22830170057496368,0.02102637800524232,0.02997946544535467,0.27339074396355373,0.3381603167855168,0.09680400043812167,0.655256848076328,0.41692824484485436,0.1829281391282368
2024-05-03,0.0241396804528141,149.18027722648276,-0.0617055161668227,0.23548515314908453,0.23138655821435805,0.02102637800524232,0.02997946544535467,0.2776752767094678,0.33996980026384166,0.10697760656502882,0.6578320044729677,0.42188676769183503,0.1824901923566936
2024-05-06,0.0178412760676293,151.84184373632596,-0.0449651452480209,0.2420865377696684,0.2323584288430985,0.02102637800524232,0.02997946544535467,0.2809785141914051,0.34265149726840377,0.10971545712635784,0.6913699624721623,0.42575767358929617,0.18298748308665405
2024-05-07,-0.0064930896031749,150.8559210394347,-0.0511662721340808,0.2398722973166909,0.23272546468869998,0.02102637800524232,0.02997946544535467,0.2812973642925923,0.3420808449740487,0.11110240774940043,0.7067998885894959,0.416957602965509,0.17381727998010857
2024-05-08,-0.0054181241891752,150.0385649245706,-0.0563071711065366,0.24013298718453682,0.2327263210786353,0.02102637800524232,0.02997946544535467,0.28118693513712567,0.3418416853988875,0.11129372979444777,0.7066687561156293,0.41701564880521397,0.1738327052919951
2024-05-09,0.0042413064298517,150.67492445471095,-0.0523046806435455,0.24073534491239754,0.232510933590384,0.02102637800524232,0.02997946544535467,0.2798121511620876,0.3405733925240978,0.10925907402998435,0.7114648604732788,0.4173536080423463,0.17863802845108193
2024-05-10,-0.006939537706233,149.62931013507364,-0.0588812480462404,0.24112026613061446,0.2308975441885132,0.02102637800524232,0.02997946544535467,0.2759440118107147,0.32966771160985364,0.1209581368005913,0.7204026439927018,0.41819231764569903,0.17950803005021307
2024-05-13,0.0065368066809624,150.6074080092324,-0.05272933670089,0.24148358460810998,0.22774624092783052,0.02102637800524232,0.02997946544535467,0.2714093214357238,0.32679334097894425,0.11278811987479512,0.7122866608369396,0.4185372658282747,0.1801513231527506
2024-05-14,0.005744953499866,151.4726405649808,-0.0472873107884493,0.23766064210166965,0.22782161610813598,0.02102637800524232,0.02997946544535467,0.2714142253831564,0.32685816394440115,0.11264208674088202,0.7124584553737043,0.4178892629251953,0.17278008162337408
2024-05-15,0.0278987371295694,155.69853594642493,-0.0207078299121312,0.25154816259316504,0.23182181613445743,0.02102637800524232,0.02997946544535467,0.27559203107136,0.32798749554621676,0.12356270109302182,0.7221907241264441,0.42688324634413033,0.18495108043555875
2024-05-16,-0.0032771139250575,155.18829410616382,-0.0239170819194259,0.24774091910775237,0.22807200318230547,0.02102637800524232,0.02997946544535467,0.2670210880766315,0.317342091004168,0.1187077701215753,0.7304857549386954,0.4201779909523296,0.18488771801974088
2024-05-17,0.0100058079397716,156.74107837149086,-0.0141505837078201,0.24882051608740702,0.22845194231933558,0.02102637800524232,0.02997946544535467,0.2671476764275229,0.31738891140424025,0.11879088371744333,0.7340563428936107,0.41838195459747074,0.18847473568855588
2024-05-20,0.026232945607006,160.85285855479367,0.0,0.2580695464289148,0.23125360382958068,0.02102637800524232,0.02997946544535467,0.26848536445549304,0.31807939921765593,0.12122234609775742,0.7416394231458244,0.4288940755105777,0.20408734866905856
2024-05-21,0.0020094621150973,161.1760862801646,0.0,0.25749674397985184,0.23124234264284738,0.02102637800524232,0.02997946544535467,0.2683162580056542,0.3180012439807798,0.12118390075003048,0.7363271077106117,0.42857268426683437,0.2049001166586006
2024-05-22,-0.0050592432961666,160.36065724614932,-0.0050592432961665,0.25735094686484594,0.23051044655666192,0.02102637800524232,0.02997946544535467,0.2695167469181292,0.3186050957345413,0.12408761571255435,0.7328615064273306,0.4271583156745684,0.2058662698371219
2024-05-23,-0.0069132657317069,159.2520414096955,-0.0119375331345659,0.2552956078559132,0.23077101480740403,0.02102637800524232,0.02997946544535467,0.2710333526353996,0.3201373418795837,0.12565489908248598,0.7330705323826612,0.42877092620863,0.20950604162266295
2024-05-24,0.00800614732846,160.52703671557953,-0.0040269594551196,0.23962446759558223,0.23075161711376463,0.02102637800524232,0.02997946544535467,0.2691033591308416,0.31855820417823494,0.12259339135843265,0.7358332990582084,0.42172638758382425,0.1999990461815307
2024-05-28,0.0100153025911418,162.1347635623454,0.0,0.22202635632261322,0.2310344963244736,0.02102637800524232,0.02997946544535467,0.2700796813864851,0.31544856391937426,0.13342503986370371,0.7319884155770806,0.4088155548695079,0.19586099341683016
2024-05-29,-0.0079690650980644,160.84270107685776,-0.0079690650980644,0.22426873074564435,0.22928877806536574,0.02102637800524232,0.02997946544535467,0.2670166780060319,0.3095197203784478,0.13680519835145571,0.7325823897901165,0.40921630657517477,0.19640120333027666
2024-05-30,-0.0250331157887106,156.81630711703184,-0.0328026903574474,0.22967494236720756,0.23201076099362708,0.021383433070919656,0.02997946544535467,0.2606655254617186,0.3033041423721497,0.13039083003410754,0.7224343650107982,0.4362189922283894,0.1813921832467623
2024-05-31,0.0011233157578837,156.99246134590953,-0.0317162223785432,0.22961038258136415,0.23200466463411817,0.021383433070919656,0.02997946544535467,0.2583761651869794,0.29995489096895445,0.13029423359148642,0.7243497367502516,0.4355902064724645,0.18100356827015665
2024-06-03,0.0036955325611523,157.57263209866878,-0.0281378981499075,0.21195649046175416,0.2301651515995833,0.021383433070919656,0.02997946544535467,0.25899740737053434,0.30065683608403115,0.13064596742372597,0.7261890016002717,0.41887205607725303,0.18319937063446548
2024-06-04,0.0047435132796808,158.3200799715431,-0.023527857363763,0.20803488465124514,0.23012747083038376,0.021383433070919656,0.02997946544535467,0.2612395530028151,0.30336594330003663,0.13197182262307838,0.7258318482961136,0.4147253045696028,0.17550219736877043
2024-06-05,0.0225139132100571,161.8844845114317,-0.0015436482924122,0.2136678611418539,0.23256996771059238,0.02102637800524232,0.02997946544535467,0.26845508840634424,0.31095801004138096,0.13883401807734308,0.7251688861150812,0.41870018779202334,0.17445906862340893
2024-06-06,-0.0003214198124458,161.83245163078217,-0.0018645719457134,0.2135225852056184,0.23087018555818503,0.02102637800524232,0.02997946544535467,0.26632349028005786,0.3094359974390788,0.13501334189142722,0.7270379655437869,0.4106079374394604,0.1672301501815065
2024-06-07,-0.0045357370042732,161.09842219142817,-0.0063918517420153,0.21426398582047976,0.23048833902839586,0.02102637800524232,0.02997946544535467,0.26435283080842203,0.30702460089724415,0.13375165435900963,0.7298585244408348,0.4011582512512882,0.17405113981798317
2024-06-10,-0.0015236569540311,160.85296346017276,-0.0079057697066906,0.21408425976328815,0.22729079608941363,0.02102637800524232,0.02997946544535467,0.2585427197789476,0.30166927369367574,0.12656633489805091,0.7287591059769154,0.3845183044015712,0.18232244762649522
2024-06-11,-0.0029294148574021,160.38175839915536,-0.0108120252848548,0.21424130296317626,0.22697958127973555,0.02102637800524232,0.02997946544535467,0.2563088328697288,0.30072080390944306,0.12091433034096691,0.732807384411157,0.37637197775087006,0.17979656334393926
2024-06-12,0.0203661603417324,163.64811900660155,0.0,0.19601049759917127,0.22589566912032263,0.02102637800524232,0.02997946544535467,0.2622800467021257,0.30743957222829904,0.1254937418948775,0.7334912253947832,0.3753383550202279,0.17546750206888345
2024-06-13,0.0013804803014417,163.87403201125815,0.0,0.19358486796117758,0.22567941781902315,0.02102637800524232,0.02997946544535467,0.25734410287616694,0.301650753505235,0.12206095797041897,0.7358585044450038,0.37518873492753185,0.17580471754623703
2024-06-14,0.0083430277197505,165.24123760287534,0.0,0.18958382544076596,0.2257434236355557,0.02102637800524232,0.02997946544535467,0.2514374723426035,0.29404000090227805,0.11973301661713924,0.7359158086359603,0.3813750685562487,0.1809261060599989
2024-06-17,0.0120031128785945,167.22464683002133,0.0,0.18163311614092945,0.22487964331794674,0.02102637800524232,0.02997946544535467,0.24943293984908743,0.29270295808911684,0.11609152757367802,0.735103485579199,0.3773852957920685,0.1813283915333498
2024-06-18,-0.004053379818434,166.5468218214158,-0.0040533798184339,0.17805470495878134,0.2251077136183331,0.02102637800524232,0.02997946544535467,0.24873519040380365,0.29145404209158987,0.11655134491022295,0.736333063734993,0.37542133385377485,0.18097356230199227
2024-06-20,-0.0051790545611886,165.6842667442101,-0.0092114417043857,0.1774763170013736,0.22389320065586416,0.02102637800524232,0.02997946544535467,0.24292539186653472,0.28499846517904426,0.11199295093379703,0.7343544399197667,0.3815893420719998,0.18094167123725158
2024-06-21,-0.0009620776567744,165.52486561309644,-0.0101646572389096,0.176062419814826,0.2239113218049259,0.02102637800524232,0.02997946544535467,0.24265865628002276,0.28192939272263123,0.11850807398088599,0.7304416152757792,0.38424584848402044,0.18034785522403998
2024-06-24,-0.0220444788077254,161.87595622093696,-0.031985061475544,0.1907606052602588,0.2261081219148445,0.021383433070919656,0.02997946544535467,0.24319166495288008,0.2796528536330005,0.12567406653265603,0.7298140374520261,0.39211655512443955,0.17865555229478305
2024-06-25,0.0138300703775466,164.1147120879052,-0.0185973467492341,0.1913618426270475,0.22410004303432543,0.021383433070919656,0.02997946544535467,0.23995266062708784,0.2770755301456515,0.1208016434935253,0.7279174844807946,0.3932743505366648,0.17710446837205865
2024-06-26,0.0035078722585554,164.69040553365912,-0.0151547116074234,0.19109787052325344,0.22412442545302907,0.021383433070919656,0.02997946544535467,0.23946901368375154,0.2767450830908246,0.11981812972621948,0.7295698437991738,0.39553110959956755,0.17540927720191243
2024-06-27,0.0145271734566089,167.08289162148583,-0.0008476932750205,0.19384784475473457,0.2234649060905461,0.021383433070919656,0.02997946544535467,0.23695895848047152,0.27296615464077834,0.12025766116894793,0.7272265525425864,0.3976992909757431,0.18040920752002762
2024-06-28,-0.0066217077748402,165.97651753899308,-0.0074637878727107,0.18126545374235514,0.22332758205546632,0.021383433070919656,0.02997946544535467,0.23631912992439363,0.26936952924670016,0.1256693073641942,0.7393024920466579,0.39011199884922787,0.17008547494846019
2024-07-01,0.0147211931599682,168.41988991370346,0.0,0.18402788179677954,0.22391346650493446,0.021383433070919656,0.02997946544535467,0.23664330065280098,0.26893017676138253,0.12776970752032593,0.7397065338395734,0.3936537478535669,0.17092358133034127
2024-07-02,0.0144026581482023,170.8455840134884,0.0,0.18595587085069915,0.22033087857957617,0.021383433070919656,0.02997946544535467,0.23375874808278688,0.26100327110471205,0.13668618994445403,0.7362888143903975,0.39711347189199825,0.17028678037233028
2024-07-03,0.0033787747126477,171.4228327525207,0.0,0.17238418470440828,0.22001651770751163,0.021383433070919656,0.02997946544535467,0.23185211842822806,0.2613390775194771,0.12929144833139397,0.73821860168702,0.377105455745255,0.1617699983110812
2024-07-05,0.0024031798468221,171.8347926494767,0.0,0.17238456224107554,0.21864846228904983,0.021383433070919656,0.02997946544535467,0.23128476075503984,0.2651125147728678,0.1190773920411288,0.7304239008397255,0.38772956737352576,0.15597117931049784
2024-07-08,0.0084109001199361,173.28007792758137,0.0,0.17187963425613714,0.2188695962936209,0.021383433070919656,0.02997946544535467,0.23032233833404997,0.2635502494079751,0.11913319523199785,0.7351825972774509,0.39191916619597733,0.15459647267249674
2024-07-09,0.0021123436321955,173.64610499677804,0.0,0.1694931339710045,0.21861856743533967,0.021383433070919656,0.02997946544535467,0.23140555242421557,0.2616654481721518,0.12740267988664933,0.7323522893099405,0.38611308405863515,0.15385477365272382
2024-07-10,0.0086938427527766,175.15575692825217,0.0,0.16968323287756573,0.21747554318489848,0.021383433070919656,0.02997946544535467,0.23064847780136452,0.2600653345956762,0.1280507616526119,0.7400242322317435,0.38344964468856785,0.15283559554396386
2024-07-11,-0.0275090149398556,170.33739459411115,-0.0275090149398555,0.18979848087766066,0.21983735504429347,0.02186035477405772,0.02997946544535467,0.23772632410232672,0.27087151791995745,0.12706618685455742,0.7375465992017917,0.39681002320215675,0.1482117734393464
2024-07-12,0.0070743928735602,171.54242824452854,-0.0206292316455447,0.18812858258449539,0.2197980042528411,0.02186035477405772,0.02997946544535467,0.24090761853389386,0.27257235495019977,0.13342972021787472,0.7448103187034709,0.39625794307106116,0.1489147667368562
2024-07-15,0.0243205725760339,175.71443832051872,0.0,0.180220434789343,0.2165778821066193,0.02186035477405772,0.02997946544535467,0.22714004634480095,0.25936168639345836,0.11594514966178643,0.7673060948870075,0.39251107843914335,0.15727988291903494
2024-07-16,-0.0027905583357356,175.2240969299543,-0.0027905583357356,0.18109222417620452,0.2154673557197834,0.02186035477405772,0.02997946544535467,0.22742736073971598,0.26056021541002616,0.11417759920534919,0.7665238702943614,0.3883782217636073,0.15899752590348357
2024-07-17,-0.0345923019446809,169.16269206096925,-0.0372863284438726,0.2124445093108655,0.21993793544774193,0.022579236640791714,0.030366597873916504,0.23414966589340447,0.27081195278059095,0.11277573630639431,0.7715785686470302,0.40836065563282353,0.1626521423273157
2024-07-18,-0.0001478196352245,169.1376864935352,-0.0374286364276278,0.21245977623795642,0.21864703166179514,0.02186035477405772,0.02997946544535467,0.23184218062875953,0.2665629505049577,0.11483575522074382,0.77171161608206,0.4103995894239152,0.15980156487976763
2024-07-19,-0.0052264267944671,168.25370075689122,-0.042459445193789,0.20458333070506773,0.21883733979617473,0.02186035477405772,0.02997946544535467,0.2339246415460542,0.2715818674256345,0.11005293705276607,0.7739973031600673,0.41093142238135605,0.16304754886731584
2024-07-22,0.0212522567928188,171.82947161171876,-0.0221095474335093,0.21243937792204434,0.2192235501571705,0.02186035477405772,0.02997946544535467,0.23662104399033218,0.27328179956091136,0.11548114652180791,0.7705930610479239,0.41643671145363254,0.1657322584355102
2024-07-23,-0.0029072423397898,171.32992169662546,-0.0249525119608868,0.21205029201117057,0.218980176652423,0.02186035477405772,0.02997946544535467,0.23607522612215284,0.2699214303760744,0.12147647035762693,0.7704394137027872,0.4167322237934352,0.16526760217723904
2024-07-24,-0.0412853276541547,164.25650974241958,-0.0652076669829423,0.2465325255457708,0.23008904473573838,0.022579236640791714,0.030366597873916504,0.2607717328346662,0.30454184268695506,0.12407563496131842,0.7792593561047735,0.44046539790694295,0.17068365732552176
2024-07-25,-0.0136171091599542,162.01981091902397,-0.0779368362235238,0.24986691979990172,0.22962493900231323,0.022579236640791714,0.030366597873916504,0.2619779104047911,0.3056827583241117,0.12528591187856705,0.7826882111219321,0.43844980839488906,0.17042784811666192
2024-07-26,0.0168575858501948,164.75107379102374,-0.0623930772808597,0.24763492298417158,0.23025473887586578,0.022579236640791714,0.030366597873916504,0.2642846602710237,0.3048754547892107,0.1336090296131138,0.8037413120031262,0.4262521795560008,0.17933945943351365
2024-07-29,-0.0006453022231932,164.64475955683292,-0.0629981171125717,0.24763075820534963,0.22782111764884452,0.022579236640791714,0.030366597873916504,0.26587727452434323,0.305625704548728,0.13834677505467396,0.7876397157159124,0.41770061750729287,0.17284271633255044
2024-07-30,-0.0186422875119007,161.57540461184666,-0.0804659756125515,0.25229794225494767,0.225259129959035,0.022579236640791714,0.030366597873916504,0.26312761660023326,0.30544325288356383,0.13061789714965447,0.7697261384423456,0.406849928235114,0.18218877646502168
2024-07-31,0.0271732693115774,165.96593659549143,-0.055479229926713,0.2625196080722375,0.2295062454557596,0.02186035477405772,0.030366597873916504,0.26616505913255195,0.31509848293890547,0.11825897043314604,0.7720865564012698,0.4251622658750355,0.1970173057783401
2024-08-01,-0.028515216926979,161.23338191098173,-0.0824124445773901,0.2749831655788619,0.2345595463793561,0.022579236640791714,0.030366597873916504,0.2687619655779274,0.3184338792514997,0.11948898774438764,0.7693396545059975,0.4379913863623696,0.20542058602864313
2024-08-02,-0.0475170566144462,153.572046174579,-0.1260135043971174,0.3062618695233082,0.247181013299918,0.023118696879800213,0.032539845566616404,0.28546813824239636,0.3268588116351589,0.15660291207670884,0.7697729619810186,0.4753093226317582,0.22435310376881673
2024-08-05,-0.0523708813542633,145.52934276503865,-0.1717849474635646,0.33876333129787356,0.26212166183225444,0.024209156458482397,0.038005745056512524,0.30625018379700675,0.33819671098421605,0.19898153343165798,0.7971514877249125,0.5078271290374432,0.24396365694676087
2024-08-06,0.0138188619417882,147.54039266118792,-0.1603399579944525,0.33816333149027744,0.26324606366066683,0.024209156458482397,0.038005745056512524,0.3069230352387992,0.33855709038264625,0.20063188061449982,0.7940984245686423,0.5089143775760043,0.24773113872479216
2024-08-07,-0.0154236700534496,145.26477832522536,-0.1732905974394117,0.3362377957768301,0.26438996699894446,0.024209156458482397,0.038005745056512524,0.30711884396122135,0.338103817012401,0.202564904078055,0.7909538854174293,0.5083478418197552,0.2484780485380587
2024-08-08,0.0551190696451119,153.27163775871523,-0.1277231443034057,0.37685618202242516,0.2803161889790602,0.024209156458482397,0.038005745056512524,0.3289714492284144,0.3535368625302015,0.23961326096970106,0.8095548075465656,0.5370292115109833,0.2699291756219756
2024-08-09,-0.0005274790192204,153.19079018555598,-0.128183252043737,0.3735897401561605,0.2788035038777232,0.024209156458482397,0.038005745056512524,0.3273497300133615,0.353192090877631,0.23508243034704243,0.8068765947587143,0.5339288746162636,0.2691773094723079
2024-08-12,-0.0019452681912587,152.89279301421422,-0.129879169432143,0.3734002727147876,0.27870833995304833,0.024209156458482397,0.038005745056512524,0.32760154165658856,0.35442769583672606,0.23395065360453798,0.7934494661325351,0.5332104619892495,0.27184798863634185
2024-08-13,0.0256679079452657,156.81723115079765,-0.107544988051869,0.3790828227369672,0.2808504402919067,0.024209156458482397,0.038005745056512524,0.3324574086734293,0.3591284629451811,0.23934146328916028,0.7957096899261579,0.5369481238792626,0.2733547083890321
2024-08-14,-0.0049241885261175,156.04503354046736,-0.1119396047817802,0.37589710588794484,0.2808200377139096,0.024209156458482397,0.038005745056512524,0.33283680617320904,0.35812353092398086,0.242894204976173,0.7969404578517363,0.5327399359398668,0.2698826274809279
2024-08-15,0.0211222433511764,159.3410547126516,-0.0931817770034389,0.38187841635528036,0.28238583645567894,0.024209156458482397,0.038005745056512524,0.33727452679375214,0.3652589092509563,0.2411990290393464,0.7989536071076956,0.5362043907780605,0.2652368321761723
2024-08-16,0.0026314524462027,159.76035312085574,-0.0907955279722735,0.38190265001227974,0.2822729980993082,0.024209156458482397,0.038005745056512524,0.3378993074229303,0.3654485983071472,0.24321765460759118,0.7938989187054227,0.5278181328695195,0.2619449800202948
2024-08-19,0.0182614541190278,162.67780947941193,-0.0741921322215242,0.385320309303735,0.283652779244837,0.024209156458482397,0.038005745056512524,0.3400276975573753,0.3666978316385424,0.24749679534841526,0.794536537850926,0.5287115600351201,0.26005310892255823
2024-08-20,-0.0048933040588156,161.88177749400708,-0.0787223916186081,0.3852346150009831,0.2828670126168744,0.024209156458482397,0.038005745056512524,0.3388033992119041,0.36394147183769326,0.2497779361223056,0.7943528036532644,0.5270736343318615,0.2600385000819593
2024-08-21,0.0076488370616383,163.11998483330714,-0.0716756893035629,0.38499320147031557,0.2784941577595062,0.024209156458482397,0.038005745056512524,0.33299587661179614,0.3598265851961615,0.24009805806004114,0.787388354435338,0.5260906734014084,0.2615506899208324
2024-08-22,-0.0209243146929352,159.70681093794818,-0.0911002393176775,0.3816732191158685,0.27630442950804424,0.023118696879800213,0.038005745056512524,0.3301786860438916,0.36070313871087567,0.2287153084560164,0.7837735065175786,0.5210910177877518,0.262802522779537
2024-08-23,0.0233257422698732,163.43209084863014,-0.0698994777508521,0.38783725562704086,0.27882976521407027,0.023118696879800213,0.038005745056512524,0.33303264476188704,0.36270945178400105,0.23343349797498256,0.7883316007914627,0.5253595680174379,0.2674905790128366
2024-08-26,-0.0116759225041648,161.5238704211879,-0.0807592593697165,0.3811291248467492,0.27752621875793826,0.023118696879800213,0.038005745056512524,0.33109932580469104,0.36166818654878335,0.22959865773022656,0.7836992208784266,0.5118754738549184,0.2512652205419114
2024-08-27,-0.0095713008743748,159.97787685899317,-0.0895575890742721,0.3816767578594241,0.2781141928055275,0.023118696879800213,0.038005745056512524,0.33162971899762245,0.3608929388626027,0.2329327215519178,0.7878719854088859,0.5158651389405307,0.2559044446129179
2024-08-28,-0.012097920395137,158.04247723977,-0.1005720488860084,0.370781408563891,0.2749593205807094,0.023118696879800213,0.038005745056512524,0.3311570397980355,0.3577888107524802,0.23877616802134155,0.7847581330428807,0.5022680228153726,0.2536220690926313
2024-08-29,-0.0014097034078048,157.81968422102716,-0.1018399755337688,0.3707446887228892,0.27368400422549105,0.023118696879800213,0.038005745056512524,0.3295410239131976,0.35625299071303357,0.23718198420116496,0.7800077815994308,0.5021924115079927,0.25580544639462266
2024-08-30,0.016615322215742,160.44190912634622,-0.0869167573259634,0.37449955494595344,0.27418087076844205,0.023118696879800213,0.038005745056512524,0.3288074795788721,0.35535736465095435,0.23675428842458054,0.7803593693703664,0.5043664188946889,0.2571687447954258
2024-09-03,-0.0412731078993146,153.81997289940247,-0.1246025405219052,0.38544549078121004,0.2832099857225619,0.024209156458482397,0.04127933997428305,0.34670077030899293,0.37492048293710206,0.25190359483310326,0.7809684604635184,0.5135888490841806,0.26042102913497045
2024-09-04,0.005632576312165,154.6863756350935,-0.1196717975279195,0.38633351813935957,0.2832972508587882,0.024209156458482397,0.04127933997428305,0.3533264500022036,0.38362723822221517,0.2540966719001352,0.7812455338328244,0.5144641680111349,0.26287785959103677
2024-09-05,-0.0009869497152178,154.53370796071235,-0.1205406371966476,0.36899923245165983,0.28298972085871543,0.024209156458482397,0.04127933997428305,0.3635963003217047,0.3953839477544328,0.261465815897477,0.782985906539634,0.4944883682383041,0.2642078386308795
2024-09-06,-0.0355342982373559,149.04246109431193,-0.151791608482137,0.3804054208253526,0.28912287908893736,0.02608012716191282,0.04127933997428305,0.3790800864567839,0.41250989193299353,0.2739380886016324,0.7861668626167226,0.5037118260183046,0.26808878451152446
2024-09-09,0.021706642506033,152.27767251550551,-0.1333798521568413,0.38280169020847693,0.2866625915935966,0.02608012716191282,0.04127933997428305,0.3722346790351761,0.4063299629779463,0.26504960281905326,0.78667588428006,0.5062036813430503,0.2726931028210978
2024-09-10,0.0188445556413221,155.147277588155,-0.1170487805609201,0.38768728432842964,0.28798037030729157,0.02608012716191282,0.04127933997428305,0.37405792541681165,0.40793368055202306,0.26666508403149347,0.7992991164641875,0.5166769373741912,0.26686655701733875
2024-09-11,0.0199064813038929,158.23571396881349,-0.0994723286189066,0.38913482081274064,0.2882668712679498,0.02608012716191282,0.04127933997428305,0.37518872545593707,0.4124604536730778,0.25994804100504176,0.7992885046194415,0.5183891900005133,0.2669720740881356
2024-09-12,0.0129500491904864,160.28487424840134,-0.0878104509771273,0.3825028650731891,0.28633448923257054,0.02608012716191282,0.04127933997428305,0.3728399840198048,0.4114863888414917,0.2542094145317606,0.7996743575814262,0.504065616243016,0.2582952807601821
2024-09-13,0.006680457536231,161.35565054451794,-0.0817166074298861,0.37391010952721576,0.2850776528120903,0.02608012716191282,0.04127933997428305,0.3674760564326191,0.40489454836237165,0.25101291728739294,0.8047759260696744,0.4943382665474304,0.25287814866968655
2024-09-16,-0.0076440571354207,160.12223873263267,-0.0887360181492001,0.3464553693873488,0.2851679268851276,0.02608012716191282,0.04127933997428305,0.3652396432537743,0.4024098635387737,0.2490346528911034,0.8073567887188574,0.4656861371240422,0.227516336768738
2024-09-17,0.0048766780434972,160.90310333853571,-0.0842920770970785,0.30633223440916263,0.28505024692030523,0.02608012716191282,0.04127933997428305,0.36451104752139435,0.4015807827380613,0.2486171343144081,0.8054790130428441,0.4282756243508785,0.19954080611976005
2024-09-18,-0.004316758204662,160.2085235470435,-0.0882449667863436,0.3055488843035547,0.2851290968772546,0.02608012716191282,0.04127933997428305,0.3641847560869661,0.40129180067324843,0.2481517613157611,0.8059331171351602,0.424134561227548,0.19260667015309355
2024-09-19,0.0357557194083686,165.93689456182062,-0.0556445096495883,0.31470515303432045,0.29072523503519204,0.02608012716191282,0.04127933997428305,0.3752232729275934,0.41294105664833664,0.2585715974683367,0.8048759745904325,0.43149128236628836,0.18597191587191333
2024-09-20,0.0030952261019972,166.45050676915272,-0.0527215158862913,0.2759135555653444,0.290607281373316,0.02608012716191282,0.04127933997428305,0.37455462363092507,0.41245220613858247,0.257395108756578,0.8055319589781197,0.4003394575983649,0.161108015277603
2024-09-23,0.0054050398435046,167.3501783902115,-0.0476014379367623,0.27580890798422375,0.29059304554594545,0.02608012716191282,0.04127933997428305,0.37448464916356106,0.41118194364334576,0.2603389199855524,0.802265280041226,0.40004728728348926,0.1607389321162793
2024-09-24,0.0112613519620525,169.23476764997596,-0.0368761425212154,0.2763660242397911,0.28759512746260735,0.02608012716191282,0.04127933997428305,0.3711516830746372,0.4093966868722191,0.2535952924507703,0.7959224095172764,0.3986968771409951,0.15750620322509679
2024-09-25,0.0013532042824657,169.463776862302,-0.0355728391927301,0.26831463892955687,0.2875004005397441,0.02608012716191282,0.04127933997428305,0.3708954615562865,0.4096438217400705,0.25200811780410404,0.7980130114065801,0.39282274732419564,0.15553068334698486
2024-09-26,0.0104945625247786,171.24222506426858,-0.0254515980530435,0.2682151665264556,0.28754422960889275,0.02608012716191282,0.04127933997428305,0.3704800612495787,0.4089953241252606,0.2522160996108289,0.796405285181963,0.39268157455308883,0.1563287361652175
2024-09-27,-0.0015761649607056,170.97231906932902,-0.0269876470967038,0.263084577053441,0.28442304437497196,0.02608012716191282,0.04127933997428305,0.3714432060623974,0.40972501917659376,0.25386824883021636,0.7952041055482432,0.3850266570726626,0.15502646360053807
2024-09-30,-0.0041749161875246,170.25852396682782,-0.0310498921195014,0.26379022234029714,0.2845391454423979,0.02608012716191282,0.04127933997428305,0.37210339795397696,0.4107205316173692,0.2531241197511403,0.8051928927777934,0.3867642869073599,0.15632861440756063
2024-10-01,-0.0231767867911957,166.31247845746498,-0.0535070421811538,0.2692282730646776,0.28719260001986596,0.02608012716191282,0.04127933997428305,0.3757269881481431,0.4132062050402538,0.25946803991924106,0.8078386203577996,0.39091937341708594,0.15782687321108577
2024-10-02,-0.002332694599455,165.92452223714525,-0.0557149211922801,0.2688534376340884,0.2869569373667415,0.02608012716191282,0.04127933997428305,0.37664237983563587,0.41437582559527336,0.25977972665825605,0.808911575909021,0.39274591199906556,0.15864095713884666
2024-10-03,-0.0011031675487005,165.74147968867962,-0.0567566258479428,0.26815757469221063,0.2866976492333819,0.02608012716191282,0.04127933997428305,0.3773311275412038,0.4141780407632087,0.26240955658481363,0.8115127291168891,0.39331699551242455,0.15931319636852817
2024-10-04,0.0208725875764818,169.20093323853726,-0.0370686959150178,0.26626462826515773,0.28828730836600724,0.02608012716191282,0.04127933997428305,0.38062209451890305,0.4170997361619807,0.266563692042464,0.8147806741577704,0.3908056371321624,0.15815390312636646
2024-10-07,-0.0124861218188464,167.08826977425838,-0.0490919734810035,0.2616035182473033,0.2887678513632262,0.02608012716191282,0.04127933997428305,0.3813050599353976,0.419611081908219,0.2630134046643236,0.8149691199527628,0.3884434012029365,0.14774105866384368
2024-10-08,0.0166623997796915,169.87236132373403,-0.0332475637894265,0.2626849644393372,0.28671435095571335,0.02608012716191282,0.04127933997428305,0.3892639742028534,0.42751248587181784,0.27161885968052907,0.8152427836239605,0.38836143352224445,0.1446484691260604
2024-10-09,-0.0011036421340896,169.68488302835985,-0.0343145125112623,0.26063413604599334,0.2867369800732681,0.02608012716191282,0.04127933997428305,0.3920956089598297,0.4315092425496087,0.2718209172012505,0.8167388096962517,0.38348862617518675,0.13862039690450081
2024-10-10,-0.0026310709020134,169.23843007011237,-0.0368552994978906,0.2575802648081056,0.28676565891499317,0.02608012716191282,0.04127933997428305,0.39278769410743974,0.43242639011708095,0.2719871873272258,0.8174409354732043,0.3820388864558274,0.13826989995995403
2024-10-11,0.0018088191309919,169.54455178012222,-0.035113144937709,0.25733408527105384,0.2866979527967741,0.02608012716191282,0.04127933997428305,0.3901824946125747,0.4299598576775442,0.2688359904543973,0.8181723497113094,0.38500855494087716,0.14237319666287396
2024-10-14,0.0188148727479863,172.7345109469796,-0.0169589215435072,0.25845756150116256,0.28597511583393864,0.02608012716191282,0.04127933997428305,0.3859105938786472,0.4241134190835022,0.2675366697918223,0.8244205730111015,0.38725548631336143,0.1462669994700926
2024-10-15,-0.0126273302088911,170.5533352387808,-0.0293721058500817,0.22771661494020654,0.2868617799543117,0.02608012716191282,0.04127933997428305,0.3867292096212582,0.42534586776507577,0.2675539092791063,0.8227756797199183,0.3640583537933132,0.14009015551518172
2024-10-16,-0.0013029861948391,170.3311065974809,-0.0306368205964847,0.22805174317812313,0.2867442345530837,0.02608012716191282,0.04127933997428305,0.38702306203738585,0.4257117013469808,0.26777703781878426,0.8216110494805883,0.3619994612207783,0.13716467606463584
2024-10-17,-0.0014309886853355,170.08736471117922,-0.0320239683381921,0.2281281724489762,0.2867421670013792,0.02608012716191282,0.04127933997428305,0.38824637313936544,0.42727878514914236,0.268275856447155,0.8216697031803325,0.35936863595255997,0.1340066807957043
2024-10-18,0.0113099571287804,172.0110455142099,-0.02107620091841,0.19712479655818163,0.28720979839946037,0.02608012716191282,0.04127933997428305,0.3854201490686391,0.4203693887002575,0.2749070807493624,0.8198927867511437,0.3443736492279257,0.12307190834294886
2024-10-21,0.0066379067637244,173.152838796664,-0.0145781960113153,0.19066850509413147,0.2854943255801495,0.02608012716191282,0.04127933997428305,0.3896788528811283,0.42757783817065226,0.27316043250748756,0.8109906733523989,0.3395638721541965,0.12034882004290429
2024-10-22,-0.0010275883964381,172.97490894870623,-0.0155908040226913,0.1861974142428677,0.2855086195417596,0.02608012716191282,0.04127933997428305,0.3936571120192834,0.43234262991195,0.27563830227393776,0.8099461319561382,0.32915068290527427,0.12003769274667635
2024-10-23,-0.0189907650229677,169.68998309799213,-0.0342854877499448,0.1908450638096511,0.2871125728321272,0.02608012716191282,0.04127933997428305,0.4082866745511037,0.4502466809259879,0.28379978302544273,0.8069898243150719,0.32683042982024635,0.11625045366882875
2024-10-24,0.0193225947221719,172.96883386980684,-0.0156253776124171,0.19475928958161212,0.28820510872923066,0.02608012716191282,0.04127933997428305,0.4037686240934095,0.4435369736018676,0.28406943459000417,0.8073642338484545,0.3420619810757037,0.15932085442761937
2024-10-25,0.0011636741662897,173.1701132333544,-0.0144798862943935,0.19441443083409357,0.28810191201594154,0.02608012716191282,0.04127933997428305,0.4039991850446393,0.4462415983668554,0.2784468924784199,0.8087991072603641,0.339256454150298,0.1655892754067085
2024-10-28,0.0115851703742079,175.1763184988837,-0.0030624678699052,0.19374266164413353,0.2885156112139889,0.02608012716191282,0.04127933997428305,0.4081690689141822,0.45225581112637714,0.27818038390035255,0.8149633666948063,0.3321327380025668,0.16921799932555498
2024-10-29,0.0160394796674038,177.9860554976572,0.0,0.19731491403460344,0.2896248430580365,0.02608012716191282,0.04127933997428305,0.41245725537704075,0.4569356860671674,0.28193712015203964,0.8135142095976269,0.33472662883386295,0.16899408021987053
2024-10-30,-0.0123985841107972,175.77928041802048,-0.0123985841107971,0.20142440797985345,0.28789894198313765,0.02608012716191282,0.04127933997428305,0.4060381794841792,0.4502907876019166,0.2755552121477036,0.8144414054105069,0.34268742157207677,0.17320725448172322
2024-10-31,-0.0317771900714311,170.19350881355763,-0.0437817820183229,0.2015967480504123,0.29226148678372293,0.027251505990823998,0.04127933997428305,0.4125966011394536,0.45649400004091534,0.28329405006843983,0.8157259056535016,0.3458680651872454,0.16508066624838924
2024-11-01,0.0087696205192872,171.68604130069852,-0.0353961111129944,0.20279533341339623,0.29254359319947654,0.027251505990823998,0.04127933997428305,0.4107472616887258,0.4544569443125285,0.2817450328757761,0.8159418020498799,0.351814620472993,0.16122817201206965
2024-11-04,-0.0121721045375951,169.59626085834051,-0.047137370485898,0.2059362968294915,0.29236403780230685,0.027251505990823998,0.04127933997428305,0.4116798870345078,0.4560290379991363,0.2808474560102783,0.8219460686359535,0.35237084461840174,0.1626619488779178
2024-11-05,0.0179000073668203,172.63203517709,-0.0300811223980278,0.2098059560494365,0.29358887656494387,0.027251505990823998,0.04127933997428305,0.41634427329607426,0.4612697851531709,0.2844506965839316,0.8223550089798315,0.3542106312638888,0.16324449117653939
2024-11-06,0.0521839151773591,181.64065065766613,0.0,0.25740489494406504,0.30515307188415786,0.027251505990823998,0.04127933997428305,0.4318078581582286,0.4723850965657166,0.31029515196287255,0.8342951068264902,0.3881176384833895,0.18982581653743344
2024-11-07,0.0239818391676793,185.9967275280509,0.0,0.2639561779250772,0.3067590352704844,0.027251505990823998,0.04127933997428305,0.43560956998408834,0.4757006031546903,0.3154189735721708,0.8352823551917866,0.39278369848903827,0.18938657596806113
2024-11-08,0.0055613793661203,187.03112589069127,0.0,0.26371693428136367,0.30682607802313094,0.027251505990823998,0.04127933997428305,0.43581411934857855,0.47264747976238075,0.3232398840109072,0.8352600349305718,0.39434510194204886,0.19219058774109787
2024-11-11,0.0256318195303694,191.8250739560833,0.0,0.27060267644887126,0.30954379040996366,0.027251505990823998,0.04127933997428305,0.43218938544916274,0.4653034482610828,0.32777834278120727,0.8393628270512933,0.41781878521448584,0.21437601195101041
2024-11-12,-0.0080635514544137,190.2782826019917,-0.0080635514544137,0.26071823568497965,0.30971657255853696,0.027251505990823998,0.04127933997428305,0.43065195414937985,0.46400582078156355,0.32550152911047103,0.8405229976065837,0.4146909292282675,0.21684971956831137
2024-11-13,0.0013602945365611,190.53711711024144,-0.0067142257228413,0.2600805640435612,0.3097130560893673,0.027251505990823998,0.04127933997428305,0.4307465286892146,0.4638862472550935,0.32627243263636907,0.8379678196761366,0.414012090001165,0.2136103990686035
2024-11-14,-0.0118677700976805,188.27586640930224,-0.0185023129332593,0.2640269452405504,0.3102189466930831,0.027251505990823998,0.04127933997428305,0.4296584953766417,0.4619189311937098,0.3270620530522572,0.8394898766450222,0.4178225937882629,0.21624700780876074
2024-11-15,-0.0141621968028824,185.6094665359805,-0.0324024763390723,0.2645473636211551,0.3075392663825699,0.027251505990823998,0.04127933997428305,0.42450900593195406,0.46080232191671644,0.31207035879722583,0.8408226534861939,0.42418816456466174,0.21133364431369903
2024-11-18,0.0166855097965738,188.70645510820347,-0.0162576183788873,0.2630005463046992,0.3084834022449868,0.027251505990823998,0.04127933997428305,0.4248621045465183,0.4613966572801944,0.3125344519734109,0.8310675474644637,0.4237116180996786,0.21779903844137993
2024-11-19,0.0071222863442579,190.050476516494,-0.0092511234479993,0.26051252421688137,0.30617483950392077,0.027251505990823998,0.04127933997428305,0.4274741895542111,0.4626057323487441,0.31971406069670383,0.8142721246081684,0.42206714484186203,0.21981377707626532
2024-11-20,-0.0056688499725999,188.97310887790084,-0.0148675301896946,0.26160474201877265,0.3063150824596204,0.027251505990823998,0.04127933997428305,0.42638679685623504,0.46133455010547936,0.31910028904013016,0.8125130503742595,0.42126135961879707,0.21866904229971754
2024-11-21,0.0134580031142912,191.51630956569693,-0.0016096143429981,0.26236255276970255,0.30100202326037373,0.027251505990823998,0.04127933997428305,0.4139096949212279,0.4480712076948145,0.30744224891782074,0.8152684378968033,0.4271927395688504,0.22253187679548697
2024-11-22,0.0021063462322043,191.91970922275632,0.0,0.262339798612308,0.3009894829974413,0.027251505990823998,0.04127933997428305,0.41516026908074577,0.44947059452983656,0.3083844538214785,0.8159361072515804,0.42459119394648276,0.21596067735116528
2024-11-25,-0.0076124419100759,190.45873158489945,-0.0076124419100759,0.2607856349543947,0.30116875586515307,0.027251505990823998,0.04127933997428305,0.41149020174730055,0.44364473009482247,0.3105223922044128,0.800598852727346,0.42830475725832,0.2204046300978105
2024-11-26,0.0008917627875878,190.62857559429804,-0.006727467614906,0.2564779367838922,0.2993199941694416,0.027251505990823998,0.04127933997428305,0.40760584133074,0.4392092025416157,0.3073041933216578,0.8060129190863213,0.42629647948633764,0.2209716826325145
2024-11-27,-0.0012154624128322,190.39687372585144,-0.0079347530437188,0.2564628073222807,0.2992655579072821,0.027251505990823998,0.04127933997428305,0.40444309435327697,0.4406558072179916,0.2930040614768564,0.8085836372345758,0.4327666031613471,0.22407064856753015
2024-11-29,0.0094536513059313,192.19681937979507,0.0,0.2564575647120613,0.2907199573843613,0.027251505990823998,0.04127933997428305,0.3893348461709296,0.4176530071425954,0.29506140241041734,0.8123008685703109,0.4320666595544589,0.22365650078641697
2024-12-02,0.0074322414944628,193.6252725558934,0.0,0.25576963278307396,0.2896679180550546,0.027251505990823998,0.04127933997428305,0.3875920359308087,0.41856946963002023,0.2872954700957927,0.8078303439836453,0.42945039846307126,0.23194452475700428
2024-12-03,0.0027078901285516,194.1495885200856,0.0,0.2556814007297922,0.2885989484579566,0.027251505990823998,0.04127933997428305,0.3851325726361928,0.4164844021430689,0.2839821518267235,0.8050748520375698,0.43036839541184296,0.23060745631814164
2024-12-04,0.0208734754003185,198.2021651800416,0.0,0.25982446745385485,0.29028403445351325,0.027251505990823998,0.04127933997428305,0.38261378152003805,0.41380719799138777,0.28203978382800365,0.7994541704033145,0.4396561326015852,0.22895378053336726
2024-12-05,-0.0040836113614517,197.39278456644803,-0.0040836113614516,0.251483094166161,0.2883358962661847,0.027251505990823998,0.04127933997428305,0.3810547076818803,0.41240122541438795,0.2802186511147606,0.7964674355509085,0.43429931337009997,0.23130290868857062
2024-12-06,0.0173088199365082,200.80942073127463,0.0,0.2505646138600838,0.28640119701360933,0.027251505990823998,0.04127933997428305,0.38542241121190085,0.4111769676435907,0.2980080226576811,0.7952287644160497,0.42686391701783233,0.20780737028986987
2024-12-09,-0.0178382412227671,197.227333844466,-0.0178382412227671,0.25907088091345876,0.28369493627540554,0.027251505990823998,0.04127933997428305,0.38769417159651726,0.4121758702241709,0.3031835431549459,0.7984941462522115,0.43241224414343904,0.21038791043259733
2024-12-10,-0.0102760978550179,195.200606462196,-0.0279310315654186,0.26159147254418935,0.2717334401065937,0.027251505990823998,0.04127933997428305,0.37300822376952353,0.3996199656517864,0.2829385399322245,0.7926425154498068,0.4375111732447776,0.20321555872640268
2024-12-11,0.0289603014404944,200.8536748667085,0.0,0.269431583359752,0.258735547117158,0.027251505990823998,0.04127933997428305,0.35183010103034934,0.38615289810334336,0.24414360090157242,0.7658297054072111,0.4428572682980462,0.20464419432620148
2024-12-12,-0.0107906255969091,198.6863380614585,-0.0107906255969091,0.2686111342210396,0.25929139851442917,0.027251505990823998,0.04127933997428305,0.3491994945088716,0.3824736211299549,0.24348727459994665,0.7702883614048311,0.44706854471718,0.20451554787793397
2024-12-13,0.0079550744627853,200.2669026754756,-0.002921391364247,0.2460688132035073,0.25741899846117855,0.027251505990823998,0.04127933997428305,0.3325922503959854,0.36145836511919377,0.2359384747086202,0.77208487039417,0.4555170616564589,0.22456703140610165
2024-12-16,0.0155340247626192,203.3778537007695,0.0,0.2476133199983478,0.24315913240892423,0.027251505990823998,0.04127933997428305,0.30813115567073596,0.34415173931684767,0.1955092675899241,0.7367390492690072,0.454270554461703,0.23193891104398384
2024-12-17,-0.0049223107257689,202.37676471011432,-0.0049223107257689,0.2439100920130941,0.24346415118946613,0.027251505990823998,0.04127933997428305,0.30947343587778947,0.34503735594904705,0.19838958322274622,0.7309940232094251,0.4520116240197843,0.22935328359986856
2024-12-18,-0.0434391547271044,193.58568911470084,-0.0481476444356419,0.28005868398656825,0.25555457061430786,0.02806242603277346,0.042383779461359045,0.33531543492268945,0.3684914096001081,0.229789773203201,0.7570412470053617,0.4737223674353522,0.2357676275297574
2024-12-19,-0.0094400935584888,191.75822209787356,-0.0571332197260374,0.24228445655043898,0.25338442001182543,0.02806242603277346,0.042383779461359045,0.32944161391211935,0.359623173019751,0.23017770465194862,0.7620456840475726,0.44957873499652595,0.22356356663940646
2024-12-20,0.0083193276443841,193.35352157601037,-0.0492892020559327,0.23400317664401193,0.25327494999380723,0.02806242603277346,0.042383779461359045,0.32953762170309764,0.35985333360136224,0.22999765303242445,0.7615872353239347,0.4453768117756517,0.2236732699791002
2024-12-23,0.0109935418520658,195.47916160770052,-0.0388375231095236,0.23536838944979427,0.25172987902330374,0.02806242603277346,0.042383779461359045,0.3256802896833874,0.35232102843790375,0.2344367459883041,0.7619075887015693,0.44927056579306623,0.22170682445869533
2024-12-24,0.0191553017001832,199.22362392439493,-0.0204261658817911,0.23031166042400664,0.25328692784032963,0.02806242603277346,0.042383779461359045,0.3289439409562456,0.3553063843416606,0.2383243498438623,0.7655522891524683,0.4265317918977897,0.19942232904808882
2024-12-26,-0.0087127580801779,197.48783668528532,-0.0289609557201353,0.23055016083854332,0.2525795942812306,0.02806242603277346,0.042383779461359045,0.32773411741863967,0.353711651759566,0.23769729830544692,0.7690727021841134,0.4225984203602762,0.1979307041582825
2024-12-27,-0.0142804655057205,194.66761844570172,-0.0428278452966818,0.23495442101042727,0.2538200472030151,0.02806242603277346,0.042383779461359045,0.33111450866825254,0.35760166094979734,0.24014494870769404,0.7686075782225581,0.42350021981812375,0.19788964654397845
2024-12-30,-0.0097464016478202,192.77030964850533,-0.0521568295625298,0.23403750045190466,0.2544266770995641,0.02806242603277346,0.042383779461359045,0.3328523727484317,0.3609284612975116,0.2384402449840951,0.7663711899956885,0.4217457550692921,0.19589662161615964
2024-12-31,-0.0083005059472571,191.1702185468133,-0.0600244074358132,0.23136235084506196,0.2520742939949165,0.02806242603277346,0.042383779461359045,0.32860756309453665,0.3550170546964472,0.2377864245670406,0.7665924349401093,0.41341082328543766,0.19835772979379532
2025-01-02,0.0063408885107638,192.38240758919704,-0.0540641270005244,0.22720743206428082,0.24961973409207333,0.02806242603277346,0.042383779461359045,0.3227650322832695,0.35146974756840155,0.22650993444710968,0.761926464846045,0.41439124854814524,0.19852848213372193
2025-01-03,0.0191669179731509,196.0697854149365,-0.0359334517148824,0.23276000411130096,0.25019218942929194,0.02806242603277346,0.042383779461359045,0.3221654474500923,0.34990158564342166,0.22784157889325632,0.7662586390361042,0.41841423268366074,0.20238760862322971
2025-01-06,0.0125495336543484,198.5303697856021,-0.0238348661221469,0.23411117742382095,0.24996365175842292,0.02806242603277346,0.042383779461359045,0.3233161090326474,0.34915166529307107,0.23417296375969185,0.7562188190121492,0.41850824587235014,0.2029919854742538
2025-01-07,-0.0270777458858778,193.15461488191812,-0.0502672175599454,0.24568991312202268,0.2536740942854433,0.02806242603277346,0.042383779461359045,0.3271405952777255,0.3492465688742672,0.24613293606900796,0.7685464075295286,0.41943258197906325,0.20281084589153192
2025-01-08,-0.0069152525707451,191.8189019348047,-0.0568348596252349,0.24653546471764193,0.2540725998316439,0.02806242603277346,0.042383779461359045,0.3295261799608013,0.35187127073442354,0.24799394547124243,0.7704315202274085,0.4190769270184005,0.20249095270905318
2025-01-10,-0.0237910702289001,187.25532496764325,-0.0792737677173414,0.2552388554646304,0.25660876353661977,0.02806242603277346,0.042383779461359045,0.33734766778843983,0.3591951112651428,0.2575532052388251,0.7696040843480567,0.4190132979626439,0.1968459233366023
2025-01-13,-0.0039701967466137,186.5118844856706,-0.0829292320092719,0.25540740761204883,0.24624224852311685,0.02806242603277346,0.042383779461359045,0.3190888832109686,0.34023183168133186,0.23996562304159363,0.7659345892888795,0.417354607608748,0.19900841487308552
2025-01-14,0.0018185852573226,186.8510722491117,-0.0812614606306825,0.2554954062479021,0.24617714102939958,0.02806242603277346,0.042383779461359045,0.3193171076300789,0.3408560574876643,0.23915374412360677,0.7679043152116721,0.41126962764912606,0.19232951085384167
2025-01-15,0.0339306566307528,193.19105182268436,-0.0500880587179026,0.2730292526606245,0.2517596562247533,0.02806242603277346,0.042383779461359045,0.33011886429016174,0.34913034386502423,0.2564294614692127,0.7700581214842114,0.4251118995116764,0.19892418500949377
2025-01-16,-0.0090163374797234,191.44917610138825,-0.0586527853565214,0.2734651458217924,0.24418046157371356,0.02806242603277346,0.042383779461359045,0.31635343794090703,0.33536749359233553,0.24227284272694818,0.762070418350295,0.4244997440363065,0.1968618044239805
2025-01-17,0.0267143602670553,196.5636183645917,-0.0335052967281462,0.2843433363672031,0.2454130482004275,0.02806242603277346,0.042383779461359045,0.32004398589325284,0.33941346994315197,0.24563306819396488,0.7582758096361041,0.43146024685330125,0.1983476229892193
2025-01-21,0.0161575418376593,199.7396032520793,-0.017889118124155,0.2817333211699578,0.24496132157318132,0.02806242603277346,0.042383779461359045,0.3195624821216316,0.3397143186790335,0.24560194815856048,0.7236562120586294,0.4287225908668668,0.2117554307362787
2025-01-22,0.0166561802402884,203.0665020849696,-0.0015309022596824,0.2852491741443157,0.24438315781114794,0.02806242603277346,0.042383779461359045,0.3143260712883354,0.3324341492244913,0.24511848967571723,0.7186570677121485,0.44073821976517696,0.20453814285920802
2025-01-23,0.0047773794318907,204.03662781533637,0.0,0.28134753773072013,0.2438127606156845,0.02806242603277346,0.042383779461359045,0.3129305074617319,0.33100441721688895,0.2438871149103349,0.7159945543021903,0.43706877061273147,0.20208767858138288
2025-01-24,-0.0049182360688986,203.03312751303852,-0.0049182360688984,0.27640491780631515,0.24406262546788207,0.02806242603277346,0.042383779461359045,0.31575624413030046,0.33429803822361936,0.24581794828773312,0.7158678885026478,0.43060252899524015,0.1973184648124843
2025-01-27,-0.0392432384064322,195.06545008564083,-0.0439684669647397,0.29863420889379216,0.25339394562855333,0.0288857054863959,0.042383779461359045,0.3113900264481721,0.3243439382257589,0.25434713962663563,0.7136464165556803,0.4643167086335435,0.22495815823535853
2025-01-28,0.0119660541401115,197.3996138222308,-0.0325285418807861,0.2882688539423741,0.25387358801789134,0.0288857054863959,0.042383779461359045,0.309840194592664,0.32602953107764754,0.24492119749606459,0.7169983740672308,0.4625330727753921,0.2222502210401255
2025-01-29,-0.0019803362633435,197.00869620860863,-0.0344444606930495,0.28664031721756034,0.25372861585621354,0.0288857054863959,0.042383779461359045,0.30939035138189397,0.32508460619595214,0.24564885302356845,0.7162139082647426,0.4500678606786301,0.23009182586374916
2025-01-30,0.0112007015165647,199.21533181100884,-0.0236295612996065,0.2875880211129173,0.2478545935003229,0.0288857054863959,0.042383779461359045,0.28860537517204155,0.300250033592071,0.23303873916069257,0.7145418706412469,0.440241264883632,0.19530370673124411
2025-01-31,-0.0045987969174481,198.299180957168,-0.0281196906633893,0.2840261564143239,0.24810606283507833,0.0288857054863959,0.042383779461359045,0.28906814903246414,0.30045798121996226,0.23423957098510864,0.712852693180361,0.43281052525396,0.18874423688031625
2025-02-03,-0.0215714334788064,194.02158336624865,-0.0490845421056059,0.2902151076566141,0.2511662115106048,0.0288857054863959,0.042383779461359045,0.2921410796635808,0.3028032785018896,0.2394053967812091,0.7099993635583485,0.43951262222198617,0.1965949093387837
2025-02-04,0.0055227356733376,195.09311328610283,-0.0438328873839645,0.2616393353278988,0.25073526270407026,0.0288857054863959,0.042383779461359045,0.2906248019444344,0.305241507576301,0.22818774979913117,0.7155958870086562,0.42283618563757,0.19797930205727088
2025-02-05,-0.003731810855914,194.36506268802768,-0.047401122194893,0.2602952640423206,0.2508997534527114,0.0288857054863959,0.042383779461359045,0.2851872853306655,0.29759939705430577,0.22797253315452204,0.7089846576454093,0.4303493764444934,0.19560558579833137
2025-02-06,-0.0072651726834529,192.95296694396905,-0.0543219175402105,0.2601879022282081,0.2508866376466687,0.0288857054863959,0.042383779461359045,0.2841308246847426,0.2963292574211074,0.22742615071459188,0.7077557884642361,0.43201988122991125,0.19461651432185054
2025-02-07,-0.0127565462089329,190.4915535049976,-0.0663855036978838,0.2606211724025673,0.25196377199046954,0.0288857054863959,0.042383779461359045,0.28564044359831964,0.2979196087409343,0.22892320551687198,0.7066282348285206,0.430295141221443,0.1915452419004047
2025-02-10,0.0173681778043421,193.8000446764977,-0.0501703211253974,0.2594852330374445,0.25320761688092125,0.0288857054863959,0.042383779461359045,0.28871088225795877,0.3007072624399841,0.2330153921039765,0.704269928196806,0.4304705274862659,0.1883699769828024
2025-02-11,-0.0030508596418862,193.2087879415984,-0.0530681181593418,0.25850007514690443,0.24985656377678125,0.0288857054863959,0.042383779461359045,0.28083730358874676,0.2938149339146016,0.22263065872357096,0.6997199151614631,0.43301649842381285,0.18660006669569235
2025-02-12,0.0084635260851904,194.84401555823013,-0.045053735476485,0.25643822285360807,0.2500053030409494,0.0288857054863959,0.042383779461359045,0.2796686448730854,0.2920093599285845,0.22313554754927312,0.695740077787797,0.4362172021486251,0.18817258029296058
2025-02-13,0.0112388561835837,197.03383942732103,-0.0343212317464547,0.256608710424932,0.25043684869374594,0.0288857054863959,0.042383779461359045,0.28024082196792577,0.29450668643971095,0.2191911116573089,0.6966812201146974,0.43841286737755425,0.19010452125187408
2025-02-14,0.004163115354431,197.85411402958343,-0.0303009996388903,0.25528314879534386,0.24843304997643212,0.0288857054863959,0.042383779461359045,0.27683750733119034,0.2911485260671955,0.21552933772500135,0.6955743956638463,0.43838177993894,0.1910263498381648
2025-02-18,-0.0028532604607648,197.2895847090232,-0.0330678034554638,0.2550873333641953,0.24737860112593016,0.0288857054863959,0.042383779461359045,0.266776602161959,0.2802613414841251,0.20736536495858174,0.6859792839368031,0.44999107754137235,0.20531532765498112
2025-02-19,-0.0005198362390737,197.1870264332996,-0.033570449851955,0.24919374544416592,0.24615646829355367,0.0288857054863959,0.042383779461359045,0.26315400118147886,0.274682320854783,0.2080694638569356,0.6859308724839819,0.4447178605712864,0.20355559880797697
2025-02-20,-0.0025617495866587,196.6818826498396,-0.0360462003525815,0.24657857226172156,0.24621686575025026,0.0288857054863959,0.042383779461359045,0.2640268725543335,0.27607057080150277,0.20792053670710833,0.6840924716117899,0.4417198145508462,0.20508689290852394
2025-02-21,-0.0304268284844075,190.69747674046255,-0.0653762572813465,0.24991983652622254,0.2519470663880568,0.0294241226559231,0.042383779461359045,0.2754418373414431,0.2888237742370983,0.2167927316775065,0.6868106309525578,0.4425886666171923,0.1996516417510063
2025-02-24,-0.0273648619952354,185.4790666066202,-0.0909521070183129,0.26138375138972975,0.2565179171559303,0.0294241226559231,0.042383779461359045,0.280877274509562,0.29222951692021576,0.22692526837918914,0.6928288820922767,0.4531977439845666,0.21464327889978724
2025-02-25,-0.0184878297327798,182.04996120420208,-0.1077584296827005,0.25779068163104035,0.2568294012495681,0.0294241226559231,0.042383779461359045,0.2833820753745734,0.296888921395582,0.22544182812599975,0.6797461733678757,0.4516239347314954,0.21739310654962196
2025-02-26,-0.0035214840282259,181.40887517348236,-0.1109004441218921,0.2577461791328767,0.25594060251808876,0.0294241226559231,0.042383779461359045,0.2797898420063859,0.2941223344244948,0.2191519571535385,0.6877208801652874,0.45720206919312356,0.2200034262866469
2025-02-27,-0.0285845793997131,176.22337877727324,-0.1363149809711398,0.2698443135505339,0.26060835509146196,0.0294241226559231,0.042383779461359045,0.28881706168121235,0.3088913907207273,0.2154322928207592,0.6869870782049882,0.4670819562055185,0.22138852933135875
2025-02-28,0.0161512795130603,179.0696118246409,-0.1223653628175617,0.2538260917820138,0.261894845506136,0.0294241226559231,0.042383779461359045,0.2910947659778102,0.312494101592885,0.21540379689816863,0.6774825556448155,0.4553108343804139,0.2197616985180103
2025-03-03,-0.0261660169277832,174.38407333038575,-0.1453295655904865,0.262429971854554,0.2650869535949974,0.0294241226559231,0.042383779461359045,0.3006965900157708,0.3253300730847295,0.2184671502034675,0.6719662797867675,0.4598363114420244,0.22489583175328492
2025-03-04,-0.0035104661103619,173.77190395077255,-0.1483298571860094,0.2468770468869622,0.26494276096045016,0.0294241226559231,0.042383779461359045,0.29913713291901345,0.323420170036027,0.21710363746621225,0.679733265615555,0.4539372004305425,0.2214604713383178
2025-03-05,0.0175326127066989,176.81857944204717,-0.1333978544181925,0.24788190707086086,0.26651933323808785,0.02891691859912625,0.042383779461359045,0.3029511072300231,0.3271196819254395,0.22143608068108472,0.6797763911245244,0.4495906983548973,0.2055628541607789
2025-03-06,-0.0302318457918641,171.4730274152187,-0.1595968368463205,0.25126229376661513,0.26948041812787626,0.0294241226559231,0.042383779461359045,0.30381795725426414,0.3286604506148556,0.22050134503496477,0.6840798729230545,0.449442502193665,0.20562223510118444
2025-03-07,0.0037246933866442,172.11171186642,-0.1564665927424072,0.2509064535379726,0.2676135677055421,0.0294241226559231,0.042383779461359045,0.30425848293370866,0.3306580166627128,0.21731169391469654,0.6844766377037467,0.45277782123102295,0.20965758606065268
2025-03-10,-0.0596511443220559,161.84505130236008,-0.2067843257592054,0.2958586417550871,0.2856594917511262,0.029954999941944283,0.04551888468964871,0.33380468189323537,0.35265773420189706,0.26481691390928447,0.7087643708493342,0.48482632351034216,0.21932322694388434
2025-03-11,0.0116782432930585,163.73511718724657,-0.1975209601315539,0.2847734093117237,0.2856707662749884,0.029954999941944283,0.04551888468964871,0.331975500738889,0.350462751435045,0.26394043537052286,0.7054477068989194,0.4592511002637468,0.20161080957655436
2025-03-12,0.023234617944826,167.53944007924352,-0.1788756662314801,0.2925996881763635,0.28710675083960313,0.029954999941944283,0.04551888468964871,0.3320541236279468,0.3521933334900473,0.2601350896746238,0.7059672877542752,0.460893289563774,0.20632327310385448
2025-03-13,-0.0219143401973943,163.867923792866,-0.1968700642260422,0.29632330567205284,0.28865984432857733,0.029954999941944283,0.04551888468964871,0.334551733810534,0.3540656182274026,0.26417977119934744,0.7071452183879349,0.4832151373914955,0.20305542639357513
2025-03-14,0.030898880903011,168.9312592539655,-0.1720542479909196,0.3113488858561909,0.28855384942909656,0.029954999941944283,0.04551888468964871,0.3360394503212886,0.35578044080159926,0.26525010736784704,0.7069449278120393,0.48624086871261507,0.2070511683772846
2025-03-17,0.0042682174964485,169.65229461041034,-0.1685203954460843,0.3125788848705907,0.28826825656153243,0.029954999941944283,0.04551888468964871,0.33691383421420296,0.356791512245473,0.2659701802857184,0.7053499120470237,0.4876151609869517,0.2075770109777084
2025-03-18,-0.0186970851526846,166.48029121173116,-0.1840666404151494,0.3113631670235712,0.2892554650446043,0.029954999941944283,0.04551888468964871,0.3388773904559604,0.3598090115471223,0.26582601963812613,0.7020412145328079,0.48327303086755535,0.20319564247428776
2025-03-19,0.0207305008062189,169.93151102291552,-0.1671519332464547,0.31881800817272643,0.289790842175808,0.029954999941944283,0.04551888468964871,0.3380464017114052,0.3577396566719926,0.26738077611591643,0.7087668620231816,0.4897681485778523,0.21469999425145042
2025-03-20,-0.0087800223169771,168.43950856377666,-0.1744643578592022,0.31906241956793835,0.27634439932611327,0.029954999941944283,0.04551888468964871,0.3219155591536964,0.34638663876293935,0.24021199187060735,0.690981282076529,0.48141432334988377,0.21886888445052083
2025-03-21,0.0064506074275891,169.5260457088176,-0.1691391515142692,0.32052604910893184,0.27345514411087335,0.029954999941944283,0.04551888468964871,0.3171118932515093,0.34192043287690665,0.23416699603325822,0.6929864646363696,0.4803473954780211,0.2213812473996286
2025-03-24,0.0340110574948466,175.29180579629423,-0.1408806954262038,0.33775480993546453,0.2794316427515975,0.029954999941944283,0.04551888468964871,0.3256926331936456,0.3488354402483728,0.24678333725988047,0.69933382528467,0.49499386845827004,0.233637980558876
2025-03-25,0.0083422679289706,176.754137006,-0.1337136920044983,0.3341237345711995,0.27632238422215993,0.029954999941944283,0.04551888468964871,0.334352788123002,0.35444988920519244,0.26458032890262834,0.677541138551943,0.49199982280420657,0.23227544683369813
2025-03-26,-0.0296724460956847,171.5094094035002,-0.1594185257819246,0.3430536067848331,0.2802775479435663,0.029980115928583365,0.04551888468964871,0.34381872064583824,0.3658166027540034,0.27026614638159907,0.6771814608236463,0.49652148612645863,0.23099001465689406
2025-03-27,-0.0064701213749104,170.39972270772034,-0.1648571899456167,0.34116430726792873,0.2803972488575773,0.029980115928583365,0.04551888468964871,0.34500970603904224,0.36729918645684884,0.2706217243597763,0.6806976166048017,0.4934288639759219,0.2282592111795379
2025-03-28,-0.0358430941197607,164.2920694087264,-0.1947912922898373,0.34979079820228676,0.28582528742554675,0.030284768758279373,0.04551888468964871,0.35787435012624286,0.3804449486595872,0.2834480352257468,0.6842981249666266,0.4990923852654237,0.22207698270232742
2025-03-31,-0.0085954439027667,162.87990614245422,-0.2017124185669794,0.34858466167434987,0.2852700681695927,0.030284768758279373,0.04551888468964871,0.3588373294822375,0.3754520275321744,0.29828686038701746,0.6855799341627454,0.49807486256444783,0.2207730100825646
2025-04-01,0.0111786809092046,164.7006886397419,-0.192788616420359,0.35211941784114553,0.2844351907473403,0.030284768758279373,0.04551888468964871,0.3591126164562648,0.37551527650847066,0.29856502804716145,0.6932333407656094,0.48743122159083835,0.1984732288934177
2025-04-02,-0.0006280489508958,164.5972485450299,-0.1932955846829673,0.35210556366058343,0.2840769164486267,0.030284768758279373,0.04551888468964871,0.3573053452477732,0.3755037659493817,0.2918732872216054,0.7018414910839876,0.4897914169919733,0.20184110447521453
2025-04-03,-0.0506296399616289,156.2637491125203,-0.234138738785925,0.37511597226094223,0.29569807091533784,0.030382386881648193,0.04910447412150937,0.37386963923766925,0.40760834021107273,0.27312487835330396,0.7041865184340322,0.5233321897255528,0.18525952738812457
2025-04-04,-0.051639708730798,148.19433462316724,-0.2736875912432216,0.3911440671321795,0.30598681418408724,0.031169527357270466,0.05114477503390514,0.39408781535078924,0.4447651652636513,0.2559915089077339,0.6918251650464491,0.5459046947739736,0.18702956724814374
2025-04-07,-0.0153495542233081,145.91961764828184,-0.2848361629444954,0.38752788490742157,0.3066104875264773,0.031169527357270466,0.05114477503390514,0.38820277344926873,0.44208072401955684,0.24117057779804713,0.7079574382575088,0.5527012537089537,0.18610566129146955
2025-04-08,-0.025719199792195,142.16668184838497,-0.3032296045538787,0.3898414627095307,0.3088947136786276,0.031169527357270466,0.05114477503390514,0.39404943807236137,0.4459721915135119,0.250935388183571,0.72346381596395,0.5551420037974538,0.18430778391608862
2025-04-09,0.1393562733064956,161.9785008191261,-0.2061302788942141,0.5782387955180098,0.39011953338109856,0.031169527357270466,0.05114477503390514,0.5044987326107394,0.5640704310303536,0.34943140227193353,0.7454992430063303,0.7019847617036181,0.20945650228767138
2025-04-10,-0.0537501338788183,153.2721347146078,-0.2488008826859902,0.5922867320976103,0.3997892645116665,0.03332550160171846,0.0520126067687653,0.5198740106453502,0.5748712550316348,0.37653274516855983,0.745089439277241,0.7108409683086507,0.21324230641380504
2025-04-11,0.0234148238697381,156.86097475308912,-0.2312116876629798,0.5948018586755489,0.4016100832772693,0.03332550160171846,0.0520126067687653,0.5198046141466811,0.5732259491180454,0.3798319107829557,0.7496484406048126,0.7141678576527184,0.2128447985859007
2025-04-14,0.0084821926498031,158.19149976018073,-0.2246906770908202,0.5919238937463491,0.40168333302650855,0.03332550160171846,0.0520126067687653,0.5203502055619478,0.5723146618342978,0.3833351881987425,0.7568194964777814,0.7112178493247019,0.21258259173022176
2025-04-15,-0.0035465842113095,157.6304602847679,-0.227440376894331,0.5919243896684124,0.40161505293376615,0.03332550160171846,0.0520126067687653,0.519642976590478,0.57149964054593,0.38273658424309004,0.7582556233604739,0.7100818886437453,0.2102522067111951
2025-04-16,-0.026304912824515,153.48400476848892,-0.2477624904318658,0.5926072528041497,0.40176500866203096,0.03332550160171846,0.0520126067687653,0.5244739323229769,0.5815982664166183,0.3752034415999516,0.7641795998909008,0.7121869427061107,0.21404065834155953
2025-04-17,-0.0025589543012355,153.09124621431573,-0.2496874318425258,0.5873896814964895,0.4017563818278097,0.03332550160171846,0.0520126067687653,0.5249177683971425,0.5821806376907014,0.3751236469272356,0.7676291651711833,0.7043683778634721,0.21606386074894582
2025-04-21,-0.0187649631250237,150.21849462434017,-0.2637670195162427,0.588723199442798,0.40125209116100824,0.03332550160171846,0.0520126067687653,0.5229220179733356,0.5830613231770752,0.36633377039736276,0.7668700494820437,0.7039470722614012,0.2147404826698582
2025-04-22,0.0391626154808817,156.10144376743008,-0.2349342103972139,0.5769239736446327,0.40654920756991225,0.03332550160171846,0.0520126067687653,0.5308469557857769,0.5886818942530574,0.37973889479921635,0.7732450242293686,0.6908509312842077,0.19860654076269296
2025-04-23,0.0290083683218757,160.6296919438123,-0.2127409001819494,0.5822874204149021,0.4096632655723809,0.03332550160171846,0.0520126067687653,0.5379533302389575,0.5979398801988299,0.3823370019678452,0.7726690057101123,0.6936061754367046,0.19974483904472615
2025-04-24,0.0320461711754465,165.77725854770293,-0.1875122603097524,0.585893014547859,0.41035217473068847,0.03332550160171846,0.0520126067687653,0.5390596867178796,0.6035276561626305,0.37336742111805565,0.7680647401489585,0.6972176933704965,0.19436525334845356
2025-04-25,0.013986708185479,168.09593668679835,-0.1761482313904254,0.5833074899921958,0.4109103467919244,0.03332550160171846,0.0520126067687653,0.5455814681055291,0.6115774354099718,0.37668828727149517,0.7691203249605421,0.6822228853341711,0.20454729145119788
2025-04-28,-0.0004268179836386,168.02419031804385,-0.1764998661411205,0.5766056852457975,0.41060168970977884,0.03332550160171846,0.0520126067687653,0.555552931238737,0.6246708804589189,0.3800506184648513,0.768959400140652,0.6757433865298121,0.20532183329034515
2025-04-29,0.0018632650384236,168.3372639174729,-0.174965467132564,0.5765088913218233,0.4096201754411634,0.03332550160171846,0.0520126067687653,0.5584853148920047,0.6282386820933304,0.3810213339025319,0.7790771776876931,0.6718457216883065,0.2021211164404231
2025-04-30,-0.0009314344763935,168.18046878619842,-0.175733932740692,0.5736995763875505,0.4095878244126821,0.03332550160171846,0.0520126067687653,0.558896504373417,0.6285061765827992,0.38165257500855293,0.7812169175179934,0.668710635194586,0.20184014833038993
2025-05-01,0.0121835342348749,170.2295012852924,-0.1656914588915924,0.5716696967140406,0.40408893036335797,0.03332550160171846,0.0520126067687653,0.5419443339973001,0.6099783970615174,0.3674950084337298,0.777492010203254,0.6699152339025118,0.1948089723593904
2025-05-02,0.0165013537567128,173.03851850582984,-0.1519242385125154,0.5727357940578163,0.404906173690066,0.03332550160171846,0.0520126067687653,0.5421105551465527,0.6100753862635332,0.3680405989043706,0.7743908096849722,0.671531115446376,0.19393395701347774
2025-05-05,-0.0094960169486829,171.39534180132347,-0.1599775803173679,0.5734036950601434,0.40486426277956555,0.03332550160171846,0.0520126067687653,0.5424219792457784,0.6104593054168241,0.3682353050050808,0.7739156768696455,0.6723590837523648,0.1929158288143542
2025-05-06,-0.0042986714543252,170.6585695381178,-0.1635885607138508,0.5649103953856849,0.4043874113227434,0.03332550160171846,0.0520126067687653,0.5439746101618878,0.61094012799941,0.3723935776045901,0.7738969742080702,0.6617920393010006,0.1833629184064512
2025-05-07,0.0072824731404715,171.9013859869704,-0.1574974168728664,0.5647777887667148,0.40318199298078683,0.03332550160171846,0.0520126067687653,0.5380358569121589,0.6041335989780204,0.3680943289735702,0.7737378036858402,0.6644201623494934,0.1813672199072031
2025-05-08,0.0307174708304593,177.18176179674072,-0.131617868351072,0.5646427257237738,0.4065212272559372,0.03332550160171846,0.0520126067687653,0.535133256080244,0.6042376408250253,0.3580636520938052,0.7725238498094854,0.6762247039791504,0.19816363834737183
2025-05-09,0.0089517763441272,178.76785330060358,-0.1238443057273144,0.5644788064043988,0.4062126950796261,0.03332550160171846,0.0520126067687653,0.533500807363524,0.6029342236695572,0.35576439581943275,0.7693774098137308,0.6769708454608954,0.20013357791521674
2025-05-12,0.0431774142665042,186.4865869600974,-0.0860141683537458,0.564675513648449,0.4124547641909749,0.03332550160171846,0.0520126067687653,0.5352672614346397,0.6049568673550401,0.3571191097155148,0.7683533300074927,0.6808676803728422,0.20128615564506316
2025-05-13,0.0259895863685773,191.33329621847807,-0.0622600546425196,0.5664281742968758,0.4144965667676207,0.03332550160171846,0.0520126067687653,0.536076478200394,0.6048275643939629,0.360162111253745,0.768503965625215,0.682366797060818,0.2033288406120074
2025-05-14,0.0049236342019692,192.2753513797149,-0.0576429661750048,0.5662189304254817,0.4144452484570027,0.03332550160171846,0.0520126067687653,0.5364227412951456,0.6044059295879353,0.36242109593714333,0.7670358314175396,0.6846809144116537,0.20533687336091272
2025-05-15,-0.0082655499731407,190.6860898542826,-0.065432065330626,0.5673999240946738,0.4134546747416689,0.03332550160171846,0.0520126067687653,0.5366093291257724,0.6051726587074382,0.36138105460886966,0.7653169115210151,0.6825961043174592,0.20316311591306135
2025-05-16,0.0042665021937695,191.4996524749673,-0.0614447291871325,0.5419356922889167,0.41297593379647796,0.03332550160171846,0.0520126067687653,0.5370372608749787,0.6060639839119173,0.36055547301780977,0.7683287724396664,0.6528697738391428,0.20252880023106581
2025-05-19,-0.0015994843813498,191.19335177179963,-0.0629459336838312,0.5132579711941259,0.41045147605599364,0.03332550160171846,0.0520126067687653,0.5350470522744272,0.6052899063175656,0.3560866036427417,0.7609538902398602,0.6201465469598941,0.20222545864955882
2025-05-20,-0.0021121545307893,190.789521867598,-0.0649251366755957,0.5092166229203161,0.4102940396670963,0.03332550160171846,0.0520126067687653,0.5353333210870203,0.6058891528689226,0.3556790783210981,0.7606928502092684,0.6028772057511422,0.18629731770042174
2025-05-21,-0.0062210580708614,189.60260917274772,-0.0707422917009397,0.500576699259034,0.4084264811470458,0.03332550160171846,0.0520126067687653,0.5324881706599582,0.6041380981570919,0.3500528544289749,0.7612704517250283,0.5952379753032415,0.17977865680265498
2025-05-22,0.0060513058936258,190.74995255908163,-0.0651190690540124,0.31685242356524107,0.40846302635489523,0.03332550160171846,0.0520126067687653,0.5320600909419305,0.6037336172384827,0.34945283594789994,0.7625954954730615,0.4442696631836649,0.1406017694974502
2025-05-23,-0.0184673184536673,187.22731244015117,-0.0823838129220528,0.27280771032081447,0.40969608396982327,0.03332550160171846,0.0520126067687653,0.5342344865148769,0.6051299847979542,0.35357062128545674,0.7628500250484785,0.4144401447800027,0.13337981681701974
2025-05-27,0.028743330792804,192.60884901506608,-0.0560084673160399,0.2760399292323424,0.408582458852055,0.03332550160171846,0.0520126067687653,0.5341623075901853,0.6067964170554342,0.3498684983634043,0.7563756147081943,0.41209557391272145,0.13432477629813638
2025-05-28,-0.0042472511455995,191.7907908604342,-0.0600178364346681,0.27790969605841037,0.4083528503989116,0.03332550160171846,0.0520126067687653,0.5351545388042286,0.6079278324630703,0.35042331437713414,0.7590576271511837,0.41059990341310026,0.13395762752156726
2025-05-29,-0.0041103316621162,191.00246710025823,-0.0638814748833953,0.2780930678928222,0.40596634990529606,0.03332550160171846,0.0520126067687653,0.5318706179511443,0.6052883407695121,0.3454806827897367,0.7580993467293863,0.41027502518348774,0.13471660470813485
2025-05-30,-0.0118698105840468,188.73530399469257,-0.0749930244607466,0.26615614729382686,0.40551611908649743,0.03332550160171846,0.0520126067687653,0.5339192119095534,0.606637472929613,0.3474315906916439,0.7860943944761072,0.3985580503970263,0.14209818865380622
2025-06-02,0.0084056045479478,190.32173832430868,-0.0672177816202703,0.2646091423632322,0.40477283541727077,0.03332550160171846,0.0520126067687653,0.5373118065104643,0.6089691981940288,0.3531841534187057,0.7912178939620799,0.3984411973992518,0.14042008825107294
2025-06-03,0.0079283566009164,191.8306769346501,-0.0598223515619619,0.2527015800440206,0.4049213867498329,0.03332550160171846,0.0520126067687653,0.5372432555289639,0.6090946765829304,0.352552249834777,0.79280860405294,0.3857505609853374,0.1423811956502529
2025-06-04,0.0023477696631578,192.2810511784203,-0.05761503100098,0.2355833865503244,0.4048728532949669,0.03332550160171846,0.0520126067687653,0.5371559551135622,0.6090176712926169,0.3524377625203338,0.7927687777450684,0.3721876970968585,0.13427652450487684
2025-06-05,-0.0178539776742402,188.8480695835013,-0.0744403511980281,0.23682362300062615,0.40060548406818686,0.03332550160171846,0.0520126067687653,0.5502547782767783,0.6294715004579824,0.34917170822091936,0.7939155527725171,0.37928446230718066,0.15761385989262244
2025-06-06,0.0131561679973843,191.33258651292363,-0.0622635329667892,0.22443917088378573,0.4007115120714278,0.03332550160171846,0.0520126067687653,0.552120280942913,0.6292961453621249,0.3559154255703277,0.7940378568592785,0.37056442847257076,0.16188626288925886
2025-06-09,0.0218073966269178,195.50505211466503,-0.0418139418986713,0.22830611044726754,0.4023587641096691,0.03332550160171846,0.0520126067687653,0.5514214389338604,0.6281317154565063,0.3557356309978536,0.8018488796813595,0.37318981416433084,0.1651287751268401
2025-06-10,0.0142352092682599,198.2881074445194,-0.0281739628436696,0.22914904042717626,0.40262508378726297,0.03332550160171846,0.0520126067687653,0.5576576952318986,0.6360007850406634,0.3587094898566674,0.7998726325535985,0.3780865362732871,0.16714042434351994
2025-06-11,-0.0092951930005634,196.44498121610613,-0.0372072734220104,0.2329950087236726,0.40286215443990314,0.03332550160171846,0.0520126067687653,0.5583314671468845,0.6364325240277002,0.35977370028451217,0.8031609792539193,0.3830279447497674,0.16764107785785495
2025-06-12,0.0001322971851387,196.4709703341556,-0.0370798986544123,0.23276953476813098,0.4011734615209953,0.03332550160171846,0.0520126067687653,0.5502760252342647,0.6270346240474916,0.35373015112371237,0.8119131784296106,0.39531617970507393,0.1697491653694635
2025-06-13,-0.0120705728084607,194.09945318198828,-0.0487028958464346,0.23710969828669426,0.4016232552064103,0.03332550160171846,0.0520126067687653,0.5490520594857035,0.6218007025253539,0.36192751729832745,0.8097176859085712,0.39125087232048283,0.17728839138914188
2025-06-16,0.0166830155147623,197.33761737083023,-0.0328323914986922,0.23719023350203844,0.4025016052932577,0.03332550160171846,0.0520126067687653,0.5550669073262062,0.6295990295125213,0.36396144647494266,0.8130245435741346,0.3917732699960715,0.1804462287483885
2025-06-17,-0.0120326178497432,194.9631292336282,-0.0444699497284386,0.2386002979647151,0.40284025496935527,0.03332550160171846,0.0520126067687653,0.5574077201724378,0.6324007237919691,0.3653531075092977,0.8134717834359381,0.39294079608202587,0.18078465988524142
2025-06-18,0.0017763478719839,195.30945157335765,-0.0427725959570222,0.23731931710618703,0.40222716670921976,0.03332550160171846,0.0520126067687653,0.5578957572660904,0.6327996740989235,0.3659931890393292,0.8147971915183504,0.39201113933252746,0.1806326441225425
2025-06-20,-0.0118120711415113,193.0024424367636,-0.0540794341521819,0.24186296413163208,0.4017437174110085,0.03332550160171846,0.0520126067687653,0.5565189803008118,0.6312471415917014,0.36484395090619903,0.8161587760388705,0.3911881854824936,0.18602678390074087
2025-06-23,0.014703209524852,195.84019778671956,-0.0401713658786548,0.23067259295318646,0.40242681023421895,0.03332550160171846,0.0520126067687653,0.5580863920841372,0.6327907088039256,0.36659886368439415,0.8157482328876949,0.37172308194476245,0.14833623468513948
2025-06-24,0.020088640376114,199.774361091244,-0.0208897136250945,0.23519719550682655,0.4035499435512714,0.03332550160171846,0.0520126067687653,0.5598334471381821,0.6348461238630001,0.3675631322631211,0.8184444848954615,0.3747120711023978,0.14489626445680148
2025-06-25,0.0009364853013465,199.9614468439918,-0.0199727912335072,0.20349286987499465,0.40314822277808715,0.03332550160171846,0.0520126067687653,0.559065524629902,0.6328750857444854,0.369643023292536,0.8170684056799723,0.346697084924969,0.15587381121859087
2025-06-26,0.0070158336571077,201.36434309288384,-0.0130970833573619,0.19146039435178228,0.40325034892955103,0.03332550160171846,0.0520126067687653,0.5589518036586273,0.633292694644776,0.3683269102474417,0.8163940203112002,0.3385497587853591,0.14770529275618224
2025-06-27,0.0068927515143681,202.75229747367703,-0.006294606784139,0.19182651634857228,0.4033501202062325,0.03332550160171846,0.0520126067687653,0.5657981450457514,0.6384511754433035,0.3786155372676586,0.8306811978028169,0.33529963488963,0.14433590371692062
2025-06-30,0.0083596134712671,204.4472283109684,0.0,0.19026082088243598,0.40355294891334725,0.03332550160171846,0.0520126067687653,0.5652116124680705,0.6382861676764933,0.37746204610173806,0.823845675668253,0.33749216149399747,0.14984812306345066
2025-07-01,-0.0156333522510672,201.25103277402863,-0.0156333522510672,0.19717562184999876,0.4044452039278845,0.03332550160171846,0.0520126067687653,0.5647796482793991,0.6361980119727599,0.3808034075628248,0.8247805297603882,0.34539394514920635,0.15146208148307577
2025-07-02,0.0137826881966408,204.02481300800503,-0.0020661336739712,0.19993835074753777,0.4016073514104177,0.03332550160171846,0.0520126067687653,0.5579808332613116,0.6292127909713623,0.37398673519360265,0.8247737844251787,0.352628646039388,0.15714784553761835
2025-07-03,0.0097148261712367,206.00687860099688,0.0,0.20063630762930057,0.39896049473933626,0.03332550160171846,0.0520126067687653,0.5582627923151995,0.629768324818161,0.3734603670042195,0.8276055343762501,0.3529393303386037,0.15713766203245677
2025-07-07,-0.0155121619979574,202.81126652744467,-0.0155121619979574,0.2059383219399298,0.3985698434117559,0.03332550160171846,0.0520126067687653,0.5588923808946382,0.6299966562274755,0.3747119926759839,0.832948567525149,0.3521477310100192,0.1611999383447835
2025-07-08,0.009400481042972,204.71778999373703,-0.0062575027397828,0.20669180843345633,0.39869487639347895,0.03332550160171846,0.0520126067687653,0.5617087892237412,0.6303934477971431,0.3836203255141154,0.829072694799064,0.3536229165336383,0.16135857644339927
2025-07-09,0.0108106221744466,206.93091667374705,0.0,0.19820089473798183,0.39567446068836215,0.03332550160171846,0.0520126067687653,0.560174314198859,0.6266320462298739,0.38706469609560806,0.8307979646621032,0.3495113809079758,0.16438666280382028
2025-07-10,0.010593824195817,209.123106425668,0.0,0.1845582067985742,0.3952241478766499,0.03332550160171846,0.0520126067687653,0.5574267661271878,0.6236604369991682,0.3836251635869848,0.8462723237109153,0.34760439478898725,0.16628528513704338
2025-07-11,-0.0026088631840609,208.5775328523776,-0.002608863184061,0.18407416798684653,0.39242223406372057,0.03332550160171846,0.0520126067687653,0.5565296165948349,0.6225069649712381,0.3828292770258843,0.8528275169549749,0.3485963343796464,0.16601969967784277
2025-07-14,0.0025000373173842,209.09898446807648,-0.0001153481219928,0.18289045184395145,0.39229968514816616,0.03332550160171846,0.0520126067687653,0.5583221318344023,0.6245647235710892,0.38419900331202333,0.8516783488860445,0.3470015291856522,0.1657353465315071
2025-07-15,0.0072044611327881,210.60542997458225,0.0,0.17761538884483327,0.3915481256188485,0.03332550160171846,0.0520126067687653,0.5562672099318621,0.6228820779564929,0.3813592260405798,0.8483665874390178,0.3448076184590945,0.16301714633899506
2025-07-16,0.0109174761841856,212.90470974058996,0.0,0.17833869918901038,0.3879234480891689,0.03332550160171846,0.0520126067687653,0.5550172323264272,0.622781014213361,0.3775550470398787,0.8452176455819743,0.34597695599178313,0.16939322574011934
2025-07-17,0.0085499680845503,214.72503821392243,0.0,0.17847261980500917,0.38804368836621517,0.031169527357270466,0.0520126067687653,0.5595410083586992,0.6268424516043922,0.38346929047342265,0.8450662630385984,0.34440613535443276,0.16976268728853308
2025-07-18,0.0006168953278039,214.8575010867591,0.0,0.17866762264071165,0.37343167461549626,0.031169527357270466,0.0520126067687653,0.5416448096309946,0.6146245356123927,0.35248267532604094,0.8247864148563733,0.34675589667536394,0.16900889252296836
2025-07-21,0.0154897310017529,218.18558598230183,0.0,0.16950266722521698,0.37372470580999206,0.031169527357270466,0.0520126067687653,0.5434375027920546,0.6166372104892318,0.3546754351527056,0.8128787479810868,0.33782948059512763,0.153525620402194
2025-07-22,-0.0029580637031753,217.5401791198516,-0.0029580637031754,0.16909944641709557,0.37236842028429373,0.031169527357270466,0.0520126067687653,0.5415667249266624,0.614821788110975,0.35273632889017886,0.8100954540229769,0.33717783935357853,0.15610566462540673
2025-07-23,-0.0001572608884165,217.5059685580169,-0.003114859403866,0.16118455971229992,0.36999054027222966,0.031169527357270466,0.0520126067687653,0.5525908741006057,0.6335841022636313,0.34654896810872615,0.8084564782729015,0.33084152423973034,0.15583838716955678
2025-07-24,-0.0023480714959752,216.9952489930413,-0.0054556169872611,0.15883478881076718,0.36716886924614506,0.030339086272762966,0.0520126067687653,0.547394382273298,0.6295284748102552,0.33843540085343926,0.8070858647776712,0.3296840865382304,0.15694685219623866
2025-07-25,0.0009165515298974,217.19413632048636,-0.0045440658114599,0.1546352963643339,0.3671800323844925,0.030339086272762966,0.0520126067687653,0.5488488165195358,0.6310165547622453,0.3398564446401069,0.807863556216137,0.3283822035778669,0.16002308180077632
2025-07-28,0.0073577710171934,218.7922010418096,0.0,0.15472710765145048,0.3654036181258745,0.030339086272762966,0.0520126067687653,0.5466188477775714,0.6291715572475307,0.33662924143847794,0.807118111415391,0.31739806412106797,0.14914917056980684
2025-07-29,-0.0017505268989752,218.40919940859987,-0.0017505268989752,0.1483828228822284,0.36430104591196766,0.030339086272762966,0.0520126067687653,0.5477030869683376,0.6308574373861645,0.3366688061203613,0.802815035064039,0.30653517412860537,0.14773519749411482
2025-07-30,-0.0012667667558938,218.13252589560767,-0.0030150761455881,0.14409077659045594,0.3638271214173897,0.030339086272762966,0.0520126067687653,0.5473883309826356,0.6301435832210309,0.337485173584389,0.7995018636124955,0.3005875466768433,0.14568459072527284
2025-07-31,-0.0100543827506234,215.93933798989295,-0.0130391441666214,0.14235505984844923,0.3644481627053224,0.030339086272762966,0.0520126067687653,0.53632837556753,0.6147331286832153,0.3357143898908122,0.8013718016693138,0.3199482537658355,0.14130908771438008
2025-08-01,-0.0276328487928549,209.97231891478907,-0.0403116842603319,0.16848147649575185,0.36416735775886877,0.030339086272762966,0.0520126067687653,0.536208009684838,0.6142682782127937,0.33638300122490783,0.8014737381053396,0.3373523766630048,0.13974878259458626
2025-08-04,0.019406819518903,214.0472138119339,-0.0216871863223723,0.16977506249164961,0.36515985496104714,0.029980115928583365,0.0520126067687653,0.5361570499405175,0.6132508954613084,0.33847408293046777,0.8031169618635828,0.336827325122182,0.1394207921753428
2025-08-05,-0.0073373881198879,212.47666632821512,-0.0288654471389846,0.16916587113430484,0.3615024568443423,0.02918290608249747,0.05114477503390514,0.5309935607138416,0.6078706770724044,0.3334326694209608,0.8037078575573613,0.33583419674343556,0.13740923041508324
2025-08-06,0.0125978598671571,215.15341759565868,-0.0166312301298872,0.16381288224248575,0.3615511851438861,0.02918290608249747,0.05114477503390514,0.5286387338634114,0.604455300989801,0.3333783484517193,0.8039646656151636,0.3369877659137821,0.1339387097174394
2025-08-07,0.0061979367960017,216.48692487936037,-0.0105363726470703,0.16407856174487456,0.35560905402153953,0.02918290608249747,0.05114477503390514,0.5157363963220661,0.5939895210163537,0.3141331749697616,0.8009253523065697,0.33961847678363116,0.1348342458230677
2025-08-08,0.0110104068003628,218.8705339892417,0.0,0.165394298544199,0.3552635653027177,0.02918290608249747,0.05114477503390514,0.5148007609468565,0.5934043582700319,0.3125747087566392,0.7970656374889716,0.3398623959253072,0.1321752246974054
2025-08-11,0.0032339409662389,219.57834837541213,0.0,0.16495370440801319,0.3550278125087831,0.02918290608249747,0.05114477503390514,0.513445487835844,0.5923567798703664,0.3106068421036324,0.7941299526107334,0.3410197302763054,0.13391600924986322
2025-08-12,0.0241950930886197,224.89106695460055,0.0,0.1756986614226746,0.3566485597030647,0.02918290608249747,0.05114477503390514,0.5164280788968592,0.5924187191990626,0.321226864326246,0.7847738868789352,0.3454084386654928,0.13956679722588425
2025-08-13,0.0099733715958102,227.13398913391703,0.0,0.16726691655706802,0.34471863245087014,0.02918290608249747,0.05114477503390514,0.5041965688276662,0.5709554058740489,0.3296278080491443,0.786168683882095,0.3427652963430973,0.1325134290590884
2025-08-14,-0.0014699166839985,226.800121093786,-0.0014699166839984,0.16542174754467792,0.331602576568805,0.02918290608249747,0.05114477503390514,0.48523415406133646,0.5367510819803517,0.34454781513897387,0.7924367607312398,0.3438498926851514,0.13818167023855313
2025-08-15,-0.0011852008501077,226.5313173974611,-0.0026533753876026,0.16492854291622808,0.32999094606968854,0.02918290608249747,0.05114477503390514,0.4915742141036351,0.5390260256333486,0.36212837420117033,0.7724484091006354,0.3470213011855498,0.14049214043740918
2025-08-18,-0.0044642591214071,225.5200228974851,-0.0071057891537332,0.15693769777938663,0.32626511721444584,0.02918290608249747,0.05114477503390514,0.48853049974270735,0.5371338085817002,0.3560861564223582,0.7740798401831883,0.34315822126989515,0.14043360116032114
2025-08-19,-0.0187194499795716,221.29841210946373,-0.0256922226686763,0.16861972858038643,0.23758803575420528,0.02918290608249747,0.05114477503390514,0.325657784317212,0.35066394384512617,0.23872550331570494,0.7544264158628201,0.3545490626659593,0.14472829259371972
2025-08-20,-0.0028623127057292,220.66498685272512,-0.0284809961990225,0.1675253918409409,0.21720195267898063,0.02918290608249747,0.05114477503390514,0.2814176588227486,0.3083635494520986,0.18755827898172966,0.7462021844107859,0.35795233820139155,0.1502922671348766
2025-08-21,-0.008904195452854,218.70014268018696,-0.0371315912950285,0.16856232808223962,0.21581330164567966,0.02918290608249747,0.05114477503390514,0.2807596034308388,0.309351929808942,0.18270642823508712,0.7508258081335004,0.3536737251716873,0.15037231930800957
2025-08-22,0.0358908434713759,226.5494752682892,-0.0025734319546654,0.1951471799959541,0.22227703591150919,0.02918290608249747,0.05114477503390514,0.290618445882057,0.31595859325844355,0.19989127195120102,0.7646208966713713,0.36971383508681294,0.1720725749428989
2025-08-25,-0.0127503295053176,223.66089480936168,-0.0152909493546017,0.2003095681412942,0.22370189327492374,0.02918290608249747,0.05114477503390514,0.2913501246032105,0.3177364901754105,0.1975679098710576,0.7745605505585028,0.3774301248042026,0.18477181753416516
2025-08-26,0.0081154907435387,225.4760127308787,-0.00729955216901,0.20051977227635348,0.2178400565827279,0.02918290608249747,0.05114477503390514,0.27827883009357335,0.29589840527453914,0.20374253111449583,0.7796381834459304,0.37505772112202895,0.18567068366261538
2025-08-27,0.0045413994411845,226.49998936909523,-0.0027913029099665,0.19899924960532853,0.21752389743788514,0.02918290608249747,0.05114477503390514,0.2785896743385691,0.2960144812459422,0.20482701393161848,0.7751613386847707,0.37288164007625063,0.1816684788874398
2025-08-28,0.0102422714277314,228.81986373859183,0.0,0.19953257768318963,0.21414611026368371,0.02918290608249747,0.05114477503390514,0.27316223636132836,0.2835250479205175,0.21541377645122636,0.7766907304412363,0.37344476354868317,0.18325006146407205
2025-08-29,-0.0204804748058916,224.133524284206,-0.0204804748058918,0.21007528964420832,0.21024947702168037,0.02918290608249747,0.05114477503390514,0.2620039719240961,0.27468792800640035,0.19872565225214822,0.7672403041226653,0.3790459510943058,0.18613421373897954
2025-09-02,-0.005345267408331,222.93547066173525,-0.0257162685997358,0.20666474210050967,0.2065580588725032,0.02918290608249747,0.05114477503390514,0.25341382852741146,0.26410925521873146,0.19456808630057665,0.7617600277337372,0.3759153489585947,0.17690506891349234
2025-09-03,0.0115197507468437,225.50363171638875,-0.0144927628572998,0.20862763641325044,0.20138202244279887,0.0281563006266269,0.05114477503390514,0.23422562851673967,0.2342717696308204,0.1988877321126163,0.7626791355857657,0.37962011249297634,0.1724250509611801
2025-09-04,0.0018734852479745,225.92610944377407,-0.012646429586741,0.20858888543936793,0.20061523125039027,0.0281563006266269,0.05114477503390514,0.23122585769469958,0.23042194469745406,0.19753004745563604,0.7647999661842454,0.3808692147891373,0.16777690094182296
2025-09-05,0.0050138854736409,227.05887708203045,-0.0076959518626983,0.20854599126643894,0.20053029670868117,0.0281563006266269,0.05114477503390514,0.22346557827870578,0.22063573942314327,0.1939205179791667,0.765685842716481,0.38700131686461314,0.162705994195457
2025-09-08,0.0092366065504144,229.1561305934161,0.0,0.20970154860200926,0.20074666512863096,0.02751225473392612,0.05114477503390514,0.22339935709547645,0.2203129698476571,0.1947180064627241,0.761643170260439,0.385221438855061,0.15950260832788596
2025-09-09,0.0038286921134516,230.03349886336815,0.0,0.20914814401011533,0.2006063381221671,0.02751225473392612,0.05114477503390514,0.22262073283030656,0.21937216153831063,0.19429858431179228,0.7611529558278795,0.38496651294016293,0.15847667833894705
2025-09-10,0.0253874622986445,235.87346564318725,0.0,0.21971773170426495,0.20340978649872785,0.02751225473392612,0.05114477503390514,0.2181407691700424,0.21338724037977494,0.19309614321607074,0.7601836661389786,0.4344037047546532,0.23056834665095458
2025-09-11,0.0008276621520427,236.06868918337125,0.0,0.21947620636411144,0.2023070822010438,0.02751225473392612,0.05114477503390514,0.21540818508613926,0.20853610857028915,0.19503557037293726,0.7615200838389233,0.43887371704697054,0.23264879324688184
2025-09-12,0.0084807685549371,238.0707330994028,0.0,0.2166508046236161,0.20126163136777594,0.02751225473392612,0.05114477503390514,0.21147181732269565,0.20486521111041409,0.19028845860550977,0.7604534155103412,0.4225030963350232,0.24705292155648187
2025-09-15,0.0078490105995649,239.93935280694623,0.0,0.19598182233305006,0.20091457018788836,0.02751225473392612,0.05114477503390514,0.21048586532260904,0.2052300960053981,0.1857687935319941,0.7651938682842188,0.41184014840240596,0.24794651203623116
2025-09-16,0.005087308978793,241.1599984308468,0.0,0.19086388027592363,0.20084261841490886,0.02751225473392612,0.05114477503390514,0.21337578087170306,0.20861456578452267,0.18779751740816455,0.763692260876093,0.40665925848308965,0.24807993354104602
2025-09-17,0.0005678736347099,241.29694683570236,0.0,0.18811987178301642,0.19569179464758668,0.02751225473392612,0.05114477503390514,0.21131724906055602,0.20573955546185446,0.18907879494483318,0.7401133367509551,0.4068101023575884,0.24728339076554678
2025-09-18,0.0145727171049948,244.813298980238,0.0,0.1889605321536891,0.1963590794533021,0.02751225473392612,0.05114477503390514,0.2075915782864925,0.1999265481400697,0.18964771443200382,0.7450255912286209,0.419432334184621,0.26606178080480675
2025-09-19,0.0016007526911593,245.20518452741223,0.0,0.18904638440091165,0.18458807713777536,0.02751225473392612,0.05114477503390514,0.18020666216061884,0.1626220234389896,0.18303871442503514,0.7531882334513975,0.4164811069672048,0.26587418487218256
2025-09-22,-0.0027913596025073,244.52072868099705,-0.0027913596025074,0.1889761803492096,0.18073063237740783,0.02751225473392612,0.05114477503390514,0.1708214653919451,0.15535709530428574,0.16769168353581065,0.7590211463020395,0.42330650928674346,0.2719496461912674
2025-09-23,-0.0115621906657189,241.69353339426684,-0.0143212760362855,0.19413531901494346,0.18227901976691513,0.02751225473392612,0.05114477503390514,0.1757374140990577,0.15866641650824087,0.1766967583056706,0.7588321666784519,0.42416029896597995,0.2723277224190481
2025-09-24,0.0029510591308584,242.4067853028594,-0.0114124798378396,0.18372784134052011,0.1813480764603129,0.02751225473392612,0.05114477503390514,0.17440992669800653,0.15751742077282158,0.17483872075804446,0.7592157231789122,0.4180489695430383,0.26839071715067453
2025-09-25,-0.0147840466844694,238.82303207230976,-0.0260278038876008,0.18899215621385487,0.18367915148357258,0.02751225473392612,0.05114477503390514,0.1754165812271741,0.15710919310556612,0.17851059959075843,0.7697648900296884,0.42107710167528345,0.27703759330155264
2025-09-26,0.0108429712547839,241.41258334405012,-0.0154670513621953,0.1905365106603607,0.18406806925607266,0.02751225473392612,0.05114477503390514,0.1756289520005019,0.1569054635804632,0.1795347692972905,0.7723637872500291,0.41977380114433904,0.27875672216704295
2025-09-29,0.0051732197197448,242.66146368080013,-0.0103738460975637,0.19045974760807768,0.18393679283325895,0.02751225473392612,0.05114477503390514,0.17340249489043325,0.15528360883933587,0.17570242886764753,0.7730644970206276,0.42156521204617414,0.27947117791817105
2025-09-30,-0.005896486478529,241.2306136413462,-0.0162091633328482,0.19095058330417441,0.1838928069557514,0.02751225473392612,0.05114477503390514,0.1734781371331021,0.1519698200238365,0.18354890488727674,0.775207719644777,0.42251204713064355,0.2785349982124641
2025-10-01,0.0140808026039638,244.62733429406308,-0.0023565987581496,0.18305091068725227,0.1847901529758284,0.02751225473392612,0.05114477503390514,0.17270405739603498,0.1513104451473264,0.18233217693794773,0.7770586929721442,0.41769959846893434,0.27766694359051924
2025-10-02,0.0121654680833439,247.60334032173105,0.0,0.18375642465129205,0.1818777828337351,0.02751225473392612,0.05114477503390514,0.16448303033433076,0.14382880621709082,0.1719121458944664,0.7759441410356933,0.416690544736653,0.27324438074607965
2025-10-03,-0.0058002277359213,246.16718455969013,-0.0058002277359214,0.18208797796368356,0.17725425282796592,0.02751225473392612,0.05114477503390514,0.15188008911512546,0.12938658457557797,0.162853135077126,0.7745570585692804,0.4170062888743387,0.2717347884308601
2025-10-06,0.0238609613597494,252.0409702385072,0.0,0.16645501317899986,0.18030780278239017,0.02751225473392612,0.05114477503390514,0.14924713166793757,0.12735385605309382,0.15875187220022938,0.7729406702030938,0.42678636191401365,0.273789085494136
2025-10-07,-0.0109247656415511,249.28748170658235,-0.0109247656415509,0.16497298440507657,0.18143679694687062,0.02751225473392612,0.05114477503390514,0.1508714193842441,0.1283594569003476,0.1617039677488528,0.7763018808514907,0.42427350445603806,0.2718076704575616
2025-10-08,0.0185020925193114,253.8998217570237,0.0,0.17007040708154383,0.18149340846894324,0.02751225473392612,0.05114477503390514,0.15231641670219467,0.1305473029884738,0.16166852193478456,0.7739538181935766,0.42628863824213054,0.27539636997535744
2025-10-09,-0.0014881276241413,253.5219864185025,-0.0014881276241413,0.17080622013800278,0.1814705186159913,0.02751225473392612,0.05114477503390514,0.15208326792470603,0.13066859087494795,0.16039167093212275,0.7769709195549876,0.4289779412711592,0.27491451688152124
2025-10-10,-0.0507933279879676,240.64476101018647,-0.0522058686576079,0.23163528128777064,0.2025653261925607,0.0281563006266269,0.0512249821668111,0.19292918653050273,0.1650892240657635,0.21728254060855395,0.8020275616256072,0.4640943771215993,0.27827633382079126
2025-10-13,0.0365034292506891,249.4291200182708,-0.0176081326399325,0.24265298990261747,0.21035647280763992,0.0281563006266269,0.0512249821668111,0.20402756493107987,0.17484530151523534,0.23224312001844025,0.8021734581752327,0.4745740419791893,0.2810070155827206
2025-10-14,-0.0169532921261233,245.2004752818392,-0.0342629089496155,0.24866450727729508,0.21010911514177288,0.0281563006266269,0.0512249821668111,0.20937461570320967,0.18062342993424732,0.23715798548625777,0.798915570871172,0.47759828392978004,0.2833216045302394
2025-10-15,0.0053393633896893,246.50968972269348,-0.029106487681596,0.2475313314947063,0.20944456142265444,0.0281563006266269,0.0512249821668111,0.20735000399058912,0.18026600896699058,0.2308912148419218,0.8021716670465476,0.4731056772220067,0.2912348664245689
2025-10-16,-0.0044987809948143,245.40069661553144,-0.0334743249628025,0.24849097236979772,0.20733760293312903,0.0281563006266269,0.0512249821668111,0.2071276374304813,0.18020372014875716,0.23069200428809516,0.7959992394266194,0.4706578338459242,0.29427880936289014
2025-10-17,-0.0032063177056644,244.61386401699068,-0.0365733133476536,0.2490189116437029,0.20662229806261642,0.0281563006266269,0.0512249821668111,0.20658886412840444,0.1798786346677976,0.22945477153776236,0.7984582841092734,0.4647205712688591,0.2950816979049676
2025-10-20,0.0208305914391287,249.7093154786752,-0.0165045656564452,0.25392070928255367,0.20793125639023285,0.0281563006266269,0.0512249821668111,0.21202274901347373,0.18489169409300166,0.2362865632737008,0.7976524573265878,0.4708583820100663,0.29289794409295355
2025-10-21,-0.0013675937109826,249.3678145892528,-0.0178495878272335,0.25421832772727315,0.2079999456447868,0.0281563006266269,0.0512249821668111,0.21118769469567888,0.18319717142367306,0.23755913939508713,0.795284338724759,0.4736598184096793,0.29178617015562575
2025-10-22,-0.0169745531555456,245.13490736522527,-0.0345211522054011,0.25116800302336784,0.20914720184686542,0.0281563006266269,0.0512249821668111,0.21068480877021398,0.181507754135398,0.23966705011424183,0.7971481008283529,0.4379350723715957,0.23142575312937616
2025-10-23,0.0135840440440949,248.46483074361964,-0.0214060450133172,0.2536216306485674,0.2086234784066557,0.0281563006266269,0.0512249821668111,0.20804978843204847,0.17679389041366977,0.2416917226658325,0.7973772055685432,0.4353474700648914,0.23156707730098522
2025-10-24,0.0104523622924262,251.06187517147836,-0.011177426458618,0.25413463631672517,0.20753307310617566,0.0281563006266269,0.0512249821668111,0.20441074584505803,0.1729472284709344,0.2382908340614522,0.7974325306934738,0.43223417405569264,0.22846841910201526
2025-10-27,0.0264750136139839,257.70874173459555,0.0,0.2634865777796098,0.21123702748416914,0.0281563006266269,0.0512249821668111,0.20996940552656418,0.17922940234529453,0.24248505526879763,0.7981347707375005,0.4405315471950486,0.2273501841899664
2025-10-28,0.0040168204689434,258.7439114834208,0.0,0.2634141375132754,0.2097126693693736,0.0281563006266269,0.0512249821668111,0.20639124231265413,0.17716141796822496,0.2352226944667284,0.7969633120565612,0.4427588787587142,0.2281046254040182
2025-10-29,-0.0018169444634027,258.2737881660118,-0.0018169444634028,0.2636553450832568,0.20900082096449296,0.0281563006266269,0.0512249821668111,0.20357541440717605,0.17388086000170128,0.23333436661028747,0.796500535552121,0.4441667431370566,0.22458457913294458
2025-10-30,-0.0250480343764223,251.80453744150077,-0.0268194679524457,0.27261830086755445,0.2122737520033266,0.0281563006266269,0.0512249821668111,0.20409419634576523,0.17244822616587838,0.2383550714547991,0.7977900260062967,0.4452387040696784,0.19919808948015338
2025-10-31,0.0106422305578979,254.484299384478,-0.0164626563559379,0.2740234849646541,0.212671040557967,0.02751225473392612,0.0512249821668111,0.20076142658328217,0.16791906197066778,0.2373933886337163,0.8007647572682731,0.4510390495642307,0.1945523398432665
2025-11-03,-0.010466656721582,251.8206995817884,-0.0267570041047169,0.27593594877880434,0.213692708287488,0.02751225473392612,0.0512249821668111,0.1986218245341332,0.16556979754962584,0.23530782890276342,0.8051527034624386,0.4486526768384316,0.200333268055963
2025-11-04,-0.033057803654744,243.49606033881332,-0.058930279971378,0.29114041256919604,0.22171425885921073,0.0281563006266269,0.0512249821668111,0.21074142901945814,0.17613907497502496,0.2514344757673018,0.8114281193569625,0.4589480173337352,0.20744405466004087
2025-11-05,0.0160198005662102,247.39681866409904,-0.0438545307376201,0.2945746143354911,0.2226917039439906,0.0281563006266269,0.0512249821668111,0.2116542635050499,0.1761865790668262,0.2538543225588382,0.8200223330360551,0.4604042115917381,0.20955070113838026
2025-11-06,-0.0279683925936034,240.477527313293,-0.0705963825985456,0.30301152500049067,0.22641692988863915,0.028307295336963727,0.0512249821668111,0.22108613118110035,0.18717843622933894,0.26020942895481,0.8210059878871075,0.4597045546235374,0.20630598220997584
2025-11-07,0.0006933053462128,240.64425166862333,-0.0699520221018116,0.3013977050831008,0.2255593478324547,0.028307295336963727,0.0512249821668111,0.22132828938538213,0.18908508246772746,0.2565709404863163,0.8212007649892841,0.4586320375570749,0.20420160853899852
2025-11-10,0.0226207032901822,246.0877938841072,-0.0489136827481428,0.3081319608363052,0.22784182763210978,0.028307295336963727,0.0512249821668111,0.22554438066959187,0.19291970417996793,0.26187521287348,0.8224455747481066,0.46133724651228586,0.20232506306637657
2025-11-11,-0.0104769796884626,243.50953706600484,-0.0588781947759652,0.3092616231151523,0.22689486673579345,0.028307295336963727,0.0512249821668111,0.2210213288448504,0.18838590127546262,0.25693225105509865,0.8245974606197003,0.46388940556757396,0.20630372881522144
2025-11-12,0.0004029748295035,243.6076652801865,-0.0584989463769629,0.3065705549104884,0.22657843374415645,0.028307295336963727,0.0512249821668111,0.21990078449180475,0.18719485259191096,0.25593665259122217,0.8240703794968232,0.4594982343797104,0.20539948449229983
2025-11-13,-0.0292156738099635,236.49050319375377,-0.0860055340513507,0.3156753533407315,0.23202296831979424,0.028931681325350813,0.0512249821668111,0.22955597863458765,0.19756383366402389,0.26453566499256803,0.8245857572346124,0.4642594584031656,0.20475621384434353
2025-11-14,-0.0077827893431453,234.6499474257424,-0.0931189604406296,0.31597108091208825,0.2320416140742676,0.028931681325350813,0.0512249821668111,0.2302774262322979,0.19750500064862545,0.2673695625406103,0.8209302770361471,0.4669076255535094,0.2033431045344311
2025-11-17,-0.0157015461534908,230.9655804463229,-0.1073583949389967,0.3092158993040112,0.233708183454619,0.028931681325350813,0.0512249821668111,0.2325757026023592,0.19898152422472254,0.27155270291869127,0.8237169410746619,0.45176345131270623,0.17135921874352078
2025-11-18,-0.0033374312848895,230.19474869240867,-0.1103375249579212,0.308247298767378,0.23382324743732136,0.028931681325350813,0.0512249821668111,0.23063480796035402,0.19969139495950622,0.26322266775885966,0.824836366012442,0.4554220037469014,0.17570774499659875
2025-11-19,-0.0026499005145471,229.5847555094026,-0.1126950420083086,0.3017705657642959,0.2336852859496012,0.028931681325350813,0.0512249821668111,0.2299417330378817,0.19851778588715924,0.2631439080327474,0.8317472583901826,0.4524491476889707,0.16653964494830056
2025-11-20,-0.0317643913900509,222.2921354782128,-0.1408797439762893,0.31285494655347423,0.2394341837077662,0.029466898567110156,0.0512249821668111,0.24196503872715547,0.21015330741239774,0.277053843446088,0.8290435639596868,0.45925542955041276,0.17044400551701902
2025-11-21,-0.0020398053786596,221.8387027846306,-0.1426321820954419,0.2799132929602353,0.23909313641069863,0.029466898567110156,0.0512249821668111,0.23901831542977978,0.20764955674090937,0.27281976207394837,0.8299031698777167,0.43786216180223925,0.15030638382409386
2025-11-24,0.0355815201837241,229.73206106529312,-0.1121257317777953,0.27880591762056794,0.24620464138701348,0.029466898567110156,0.0512249821668111,0.24836732038990691,0.21564818878308667,0.2855021213606452,0.8365149120675427,0.43711496148998374,0.1420196255320033
2025-11-25,0.0007389979550079,229.90183258862007,-0.111469594509275,0.2755818118427123,0.24495751728227236,0.029466898567110156,0.0512249821668111,0.24633408759577827,0.213096151871866,0.2838816738703677,0.8464480438138665,0.43629778273502134,0.14233786451257174
2025-11-26,0.0143844324047464,233.2088399592185,-0.0986885889519316,0.2789017146222235,0.2459412921146823,0.029466898567110156,0.0512249821668111,0.2475441056954935,0.21259040136101648,0.2890993676556741,0.8475948279994799,0.43676297165250133,0.1374438917969694
2025-11-28,0.0101289929989902,235.57101066646803,-0.0895592119795157,0.2808405865145992,0.24641885370494623,0.029466898567110156,0.0512249821668111,0.24869102985374636,0.2134949375331471,0.2909070333210834,0.8473142090646629,0.4400775726978175,0.13921565220626417
2025-12-01,-0.0125656188532446,232.6109151335596,-0.1009994639102288,0.28272238473857514,0.24740384314031813,0.029466898567110156,0.0512249821668111,0.24917318434729802,0.21494237511192452,0.28861450936837835,0.8556316322691652,0.4438588052616605,0.14498756716780262
2025-12-02,0.019064357091855,237.0454926831289,-0.0838605966644444,0.2815528640700671,0.24926542633202373,0.029466898567110156,0.0512249821668111,0.24981900593452938,0.2159920972711009,0.2879840835355791,0.8612846451387769,0.44520831375781483,0.1606020303967799
2025-12-03,0.0098438954204571,239.3789437229924,-0.0748422161874492,0.28349505567342426,0.24947692760195456,0.029466898567110156,0.0512249821668111,0.24657061905727146,0.21312904029304844,0.28342100583043006,0.8642700742076973,0.4484514559006672,0.1668019438288817
2025-12-04,-0.0021724411434311,238.85890705677744,-0.0768520670211693,0.2795599353974773,0.24949168213878192,0.029466898567110156,0.0512249821668111,0.24454893950948028,0.21101758052819633,0.28146527557316103,0.8644014628992083,0.446908788701236,0.1707593708889322
2025-12-05,0.0039016695953486,239.79085559201908,-0.0732502487990568,0.27665013551428186,0.24950172769199794,0.029466898567110156,0.0512249821668111,0.2424721696950247,0.21059219543066496,0.27529732615541813,0.8658939220417139,0.4503696725990681,0.16281136150274486
2025-12-08,-0.0015520474917161,239.41868879606105,-0.0746886084258567,0.27449748249995065,0.2488229393979563,0.029466898567110156,0.0512249821668111,0.2520095707612781,0.2230920734079446,0.2786742100792993,0.8641523883576334,0.4498897159042177,0.159869380357237
2025-12-09,0.0099144464615623,241.79239256802703,-0.0655146581738211,0.26385464939858405,0.24436630360658163,0.029466898567110156,0.0512249821668111,0.2434224041542388,0.21460487259365832,0.2693142976481934,0.863657606365237,0.43936396999155886,0.16463923430301486
2025-12-10,0.0009969969363185,242.0334588426425,-0.0645829791509858,0.26340214823568175,0.24252107964790434,0.029466898567110156,0.0512249821668111,0.24070467628668593,0.2122924528148924,0.2654635610916033,0.8637492257256968,0.4372673929992393,0.1628337979717806
2025-12-11,-0.0110113153211085,239.3683521090676,-0.0748831509242863,0.26466443101445863,0.24297686457645337,0.029466898567110156,0.0512249821668111,0.23910253535097237,0.21087459424032753,0.2634494648886641,0.8618765311581648,0.43901190136829554,0.16706492540960668
2025-12-12,-0.0219473891671929,234.11484173102025,-0.0951870504360782,0.2625021152051867,0.24535007210592175,0.029466898567110156,0.0512249821668111,0.23983139430507425,0.21138802279774183,0.26471521410570403,0.8620921000522607,0.43509697931380775,0.17517410669556757
2025-12-15,-0.0149267877848379,230.6202591712204,-0.1086930013191921,0.26201378661891506,0.24663984444161488,0.029466898567110156,0.0512249821668111,0.24356554937028002,0.21407205389561354,0.27126513232033667,0.8603441467327556,0.42962450998679297,0.17981236059870592
2025-12-16,0.0050892006986128,231.79393195530884,-0.1041569611188273,0.26211531672009136,0.24614583725257894,0.029466898567110156,0.0512249821668111,0.24217649090803875,0.21228953872331882,0.2706856781124629,0.8605820093068726,0.42388541134768815,0.17289053337476
2025-12-17,-0.0238093918987527,226.27505938963205,-0.1254864391113187,0.2540307678383268,0.2495118769033648,0.029466898567110156,0.0512249821668111,0.24619699942819048,0.21521292044091161,0.2771697944816687,0.8660478381807795,0.41994360950999987,0.1692648317767288
2025-12-18,0.0082187251862848,228.1347519192657,-0.1182990524826953,0.25011324538123775,0.24662349526648267,0.028931681325350813,0.0512249821668111,0.24321822608005264,0.21409024454293732,0.26948523139074737,0.8686925002186671,0.4168902400454388,0.16498921693249527
2025-12-19,0.0214674610733587,233.0322258255729,-0.099371171713524,0.24752987297598286,0.24864449696366422,0.028931681325350813,0.0512249821668111,0.2466684818046603,0.21717799461049894,0.27395286758358106,0.8695697469164992,0.4157640719418027,0.1743763298386448
2025-12-22,0.0047160174103682,234.13120985974317,-0.0951237904790456,0.2480332047238644,0.2487277554778995,0.028931681325350813,0.0512249821668111,0.24853709110459765,0.21783194391883934,0.2788279098313436,0.8688549617049467,0.4134477155932024,0.17197922698130072
2025-12-23,0.0011724261622234,234.40571141557567,-0.0940628899374297,0.23802510210370686,0.2487144760287924,0.028931681325350813,0.0512249821668111,0.24892230930167325,0.21830900970366904,0.2790032905323885,0.869173076771092,0.40702999567862197,0.1698985074085221
2025-12-24,0.0006936190411014,234.5682996803565,-0.0934345147078498,0.23656605476873466,0.24857260156295866,0.028931681325350813,0.0512249821668111,0.2493054917845474,0.21883888297078072,0.2790814566552441,0.8689973272059291,0.40213345132987366,0.16738620930206363
2025-12-26,-0.0005373867686218,234.44224577977013,-0.0939216910045351,0.2365284993238728,0.24643259866829903,0.028931681325350813,0.0512249821668111,0.24719751166367465,0.21738763425803725,0.2753559856302509,0.8681661113623402,0.3955289003929758,0.1652559656334468
2025-12-29,-0.0034499936931915,233.63342151041223,-0.0970476554561073,0.22127741245845262,0.24645902390652819,0.028931681325350813,0.0512249821668111,0.24895432173357487,0.2152557673218205,0.28626819583924307,0.8686956145599544,0.3853491731737459,0.16083833875095135
2025-12-30,0.0033337302129981,234.41229230646763,-0.0940374559442037,0.22035935378467747,0.24595129885416908,0.028931681325350813,0.0512249821668111,0.2478548376762344,0.21444964173180903,0.2844373194422571,0.8682994692407839,0.3815745015755947,0.1593918711950691
2025-12-31,-0.0070746905532933,232.7538978765112,-0.100446860596273,0.21638017466414813,0.23905007656134397,0.028931681325350813,0.0512249821668111,0.24038348575794619,0.20926682330165527,0.27118369101940437,0.8674635928062558,0.3756994254723549,0.15989757963114923
2026-01-02,0.0048840300496509,233.89067490791356,-0.0960534160321672,0.21647568588537727,0.23812004029344633,0.028931681325350813,0.0512249821668111,0.23782572942434405,0.20838212901085307,0.2645682331655342,0.8672141877786745,0.37843446126118097,0.16229815939959005
2026-01-05,0.0094831270524441,236.1086898944472,-0.0874811757277773,0.2177351144533639,0.23825307695836126,0.028931681325350813,0.0512249821668111,0.23761951537387382,0.20789068896737928,0.2650567919428439,0.8665692910666317,0.3773457919558687,0.16175369976383513
2026-01-06,0.0043622893528403,237.13866431848683,-0.0835005045763881,0.19438217489900156,0.2382449267953926,0.028931681325350813,0.0512249821668111,0.2355304341382044,0.20505212835304404,0.2643325853511918,0.870238868424008,0.3667018304419121,0.15485770923344466
2026-01-07,-0.001944023046714,236.67766128978468,-0.0852822007177935,0.19436409117681788,0.237723719924538,0.028931681325350813,0.0512249821668111,0.23349637112709284,0.20363329494911434,0.2604671528567249,0.8741423114118604,0.3647975746164445,0.15758609452651767
2026-01-08,-0.0072332669680943,234.96570858029148,-0.0918985987604694,0.16840728329969268,0.2354379499736977,0.028931681325350813,0.0512249821668111,0.23030145645338887,0.2011185889281518,0.2555999379414358,0.8722245975159817,0.34588995816261126,0.14900831120708186
2026-01-09,0.0085577401084623,236.97648404872237,-0.0841273029765309,0.169898406331002,0.23558758153212336,0.028931681325350813,0.0512249821668111,0.22892206292625436,0.19804293068915357,0.25785098463464495,0.8757578655989241,0.34829899827694455,0.15991854605867295
2026-01-12,0.0002929498255865,237.0459062683925,-0.0838589982296783,0.1651418782124704,0.23488753524288972,0.028931681325350813,0.0512249821668111,0.22864994449811218,0.1985972716946981,0.25559410992103715,0.8763310112737325,0.34746075266838977,0.1586398728009935
2026-01-13,0.0071409389702565,238.7386366182043,-0.0773168912478867,0.16386524245596099,0.2351296131430816,0.028931681325350813,0.0512249821668111,0.2249538281222643,0.1972916071834532,0.24599251271794426,0.8775512920454522,0.3575199492649307,0.15786928480449783
2026-01-14,-0.0091139628627203,236.5627815501695,-0.0857261908351129,0.1617662004323342,0.2355874303068374,0.028931681325350813,0.0512249821668111,0.22987425418632573,0.2054465815944575,0.24371964035225555,0.8771620024127648,0.35206837943163016,0.14985809617596632
2026-01-15,-0.0051451969465842,235.34561944886207,-0.0904303096463701,0.15273452170327392,0.23531753904650382,0.028931681325350813,0.0512249821668111,0.22958866335767147,0.20513318169294759,0.24329446153307555,0.8799435489919456,0.3430334456081631,0.13895610440832537
2026-01-16,-0.0027842964588995,234.6903474740131,-0.092962821314344,0.14988053064984636,0.2353053129286076,0.028931681325350813,0.0512249821668111,0.22999165419276063,0.20587422217495766,0.24294687180670604,0.8797735106066814,0.3365777869612753,0.13871997182841353
2026-01-20,-0.0390873002775221,225.51693539006035,-0.1284164558805066,0.1868408976525889,0.24054099421769629,0.029466898567110156,0.0512249821668111,0.25969636916808453,0.23524285027857492,0.27474182956587767,0.889887624334023,0.3573836038666939,0.15021004716000863
2026-01-21,0.0163288944735377,229.1993776300403,-0.1141844601637074,0.19351544891315323,0.2421553007772521,0.029466898567110156,0.0512249821668111,0.26100613556999935,0.23609907005377703,0.2772108572256592,0.8896826038028852,0.36101366542978797,0.15858227834695976
2026-01-22,0.0108335738535621,231.6824260147858,-0.104587912092258,0.196751138923471,0.24242630720534225,0.029466898567110156,0.0512249821668111,0.2636897169096038,0.23998114809155885,0.2770785000434231,0.8926578785338872,0.36334538177024167,0.15479883180710585
2026-01-23,-0.0042275400580708,230.70297927805723,-0.1083733025623688,0.19417441272445485,0.2421350013365667,0.029466898567110156,0.0512249821668111,0.25970943255396844,0.23283598402093372,0.28014156134505125,0.8937981993439443,0.37421314467223465,0.17291395504005652
2026-01-26,-0.0029160951234897,230.0302274452099,-0.1109733708267401,0.19406995074587363,0.2419992161965411,0.028931681325350813,0.0512249821668111,0.25823868432128716,0.23157736877852933,0.27803301629527394,0.894469748708007,0.37535329132246065,0.17787622337623993
2026-01-27,0.0062252934138179,231.4622331051036,-0.105438919207439,0.19325078065043547,0.2422489318513747,0.028931681325350813,0.0512249821668111,0.2585983036428818,0.23156407435869333,0.27916985178912546,0.8962231063958247,0.37159286996877955,0.17504549098858505
2026-01-28,0.0043442245220538,232.4677570140882,-0.1015527450237848,0.1833088782448364,0.24106704842364624,0.028931681325350813,0.0512249821668111,0.26009714106962395,0.23319385458621897,0.28046989396970706,0.8961208744875525,0.36060397737228006,0.17736312608382865
2026-01-29,-0.0185186848635063,228.16275988101813,-0.1181908066051716,0.18609593077473716,0.2429237254942153,0.028931681325350813,0.0512249821668111,0.25203164459911687,0.21976355838764944,0.28431643162246495,0.8971428566502545,0.3779428307820614,0.1732677384834608
2026-01-30,-0.0110616607823911,225.63890082804016,-0.1279450807772991,0.18791745110617614,0.2435203550043191,0.028931681325350813,0.0512249821668111,0.2570715469570801,0.2227283879944559,0.2947634128152831,0.8937041227758803,0.382095922532657,0.17752857557681032
2026-02-02,-0.0143981919060149,222.3901086324557,-0.1405010948568521,0.1797169107072095,0.2439219498905531,0.028931681325350813,0.0512249821668111,0.24869302682784414,0.2177739818558521,0.2774772642737363,0.8990960391591827,0.38816132411827353,0.19003561143267073
2026-02-03,-0.0305080129726743,215.60542831330235,-0.1667226986049587,0.19753039965961847,0.24883824596592383,0.029466898567110156,0.0512249821668111,0.2607326954275514,0.22993748649941928,0.28986739584871296,0.9015445015947527,0.39909889111249824,0.18927105383219056
2026-02-04,-0.0256423414160675,210.0768003093352,-0.1880898796615896,0.19648480736114535,0.25117161653923,0.029466898567110156,0.0512249821668111,0.25945802545799446,0.22725734480516308,0.2918597788515865,0.9004555474032108,0.41141204062925946,0.19539391675358117
2026-02-05,-0.0468649817466928,200.2315548974345,-0.2261400326312044,0.23173578669409925,0.26161740868243083,0.029980115928583365,0.0512249821668111,0.2684711101262344,0.23303904416342708,0.30851367517524614,0.9079549430893178,0.44186915080307937,0.2138770917735842
2026-02-06,0.0389492446733029,208.0304227204506,-0.195998771419283,0.2642042845143953,0.2701826113660483,0.029980115928583365,0.0512249821668111,0.26722577709994094,0.22941667587514777,0.3124947198794875,0.911510178274504,0.4765437102336999,0.23478558149901832
2026-02-09,0.0141590590408071,210.9759377580335,-0.1846148705549273,0.2690482887421945,0.2713539679308465,0.029980115928583365,0.0512249821668111,0.26701357134233683,0.22981100637812338,0.31091180315357614,0.9106298679212174,0.48509706084718623,0.23507073576374526
2026-02-10,-0.0104256260369072,208.7763815281824,-0.1931157709905768,0.26966384266432425,0.2705071874325203,0.029980115928583365,0.0512249821668111,0.2677084439851467,0.23024744049874546,0.31236004978627485,0.9090694789922672,0.4880010715693607,0.23822528551857283
2026-02-11,-0.0129070694305383,206.0816902763416,-0.2035302817568078,0.27097235817455434,0.27014390508369707,0.029980115928583365,0.0512249821668111,0.26840177176671026,0.2308550947164129,0.31324256611407797,0.9099235533166024,0.4904815797671259,0.23700186174816212
2026-02-12,-0.0182590053731009,202.31884358628812,-0.2180730266217225,0.2730904607930754,0.2714553121668788,0.029980115928583365,0.0512249821668111,0.2702182194448126,0.23402103954336284,0.3120190803708595,0.9101066021048516,0.4973222612222334,0.23208112610482615
2026-02-13,0.009426293210932,204.2259603280292,-0.2107023537011222,0.27604237210917465,0.26861655529075507,0.029980115928583365,0.0512249821668111,0.26879817448262605,0.23377514680462155,0.30755463957337204,0.9132571668515959,0.5038788043932729,0.2368234307617131
2026-02-17,-0.0054305544504354,203.11690013027535,-0.2149886775469487,0.2747077898084525,0.26826792138598404,0.029980115928583365,0.0512249821668111,0.26799435306461317,0.23299907614920046,0.30680757341588855,0.9106307398349277,0.4992485847780485,0.23047533918238428
2026-02-18,0.000621721842462,203.24318234365956,-0.2145006188611997,0.271962312699932,0.2660331448834043,0.029980115928583365,0.0512249821668111,0.2659342690650478,0.23196066466078433,0.3022520877434316,0.9102431430385121,0.4963811413080109,0.22811116033929663
2026-02-19,-0.0028433095694334,202.66529905837967,-0.2167340367683758,0.27064208617683616,0.2660306688879245,0.029980115928583365,0.0512249821668111,0.26694578797119833,0.23309782948109256,0.3030396469265157,0.910216450795141,0.4911739300402665,0.23019938891547911
2026-02-20,0.0057555470342134,203.83174871931308,-0.2122259126766978,0.2723323217501323,0.2533996090528915,0.029466898567110156,0.0512249821668111,0.24640424392111063,0.21441681142960492,0.27705806257985116,0.9061571012427031,0.4939085870142259,0.22694632649755586
2026-02-23,-0.0285140981101336,198.0196702383705,-0.2346885802912554,0.28082013482335244,0.24894888406328539,0.029466898567110156,0.0512249821668111,0.24277808263170492,0.21113631372383188,0.27183878574895637,0.9143294476484893,0.49775673442399676,0.22828313266212558
2026-02-24,0.021452786148439,202.26774387717867,-0.2182705180672854,0.28881606601133225,0.2508961961659662,0.029466898567110156,0.0512249821668111,0.24684187894040796,0.21757871418482114,0.27069922861197115,0.9131924003124982,0.501895182106641,0.22466898490089876
2026-02-25,0.0299239977805493,208.3204033960361,-0.1948780467849409,0.30589069784268325,0.2562513103477053,0.029466898567110156,0.0512249821668111,0.2546183686007636,0.2222473967129817,0.28597913735819847,0.9171908533116037,0.5145151699451006,0.23748384051760016
2026-02-26,-0.0089143567353184,206.4633610049184,-0.2020551910913364,0.3042915144998653,0.256492362992949,0.029466898567110156,0.0512249821668111,0.25339110146910393,0.22044958501409392,0.28599459991571113,0.9172917006953477,0.5091872803139774,0.22772613816092194
2026-02-27,-0.0091626114058369,204.57161745848728,-0.2093664492986713,0.30429774676445875,0.2567790941756868,0.029466898567110156,0.0512249821668111,0.24873326366805734,0.2147895748098045,0.2833481514630495,0.9175390567820232,0.5196836308178482,0.2229293437574691
2026-03-02,0.0100911166049379,206.63597350432164,-0.201388073946768,0.3072731835517494,0.2547132096895284,0.029466898567110156,0.0512249821668111,0.24271662466080632,0.20966436491955265,0.27480294701184793,0.9182508803390603,0.5234349837271552,0.22853217839384418
2026-03-03,-0.0071491454944148,205.15870286535915,-0.2070974667996976,0.3073656046736814,0.2548579396507003,0.029466898567110156,0.0512249821668111,0.242921320186837,0.20959090049445359,0.2757325360886493,0.9173177708930705,0.5249838571869199,0.2284450605140088
2026-03-04,0.0249840810557056,210.28440452703072,-0.1872875256409469,0.30035003035717955,0.2575518871604036,0.029466898567110156,0.0512249821668111,0.24468149865961775,0.2098282052795028,0.28118219642239517,0.9170363005219803,0.5178132912911592,0.22749053160153193
2026-03-05,0.0027405725934692,210.8607042029115,-0.1850602281073479,0.29562828242341976,0.25638165069760904,0.028899964745040037,0.0512249821668111,0.24200927882991516,0.20805300710557117,0.27610651496411615,0.919020247168941,0.5119745060035018,0.2178214485100915
2026-03-06,-0.0201504587438228,206.6117642821773,-0.2014816383595712,0.29702223793306953,0.25738914861679896,0.028899964745040037,0.0512249821668111,0.2443733080624026,0.210290514827851,0.2788922686209286,0.9194866628938181,0.5102365949164567,0.22179878423218907
2026-03-09,0.0121732667407511,209.12690440056144,-0.1917610613459346,0.30052356811636277,0.25399427911174643,0.028268530627695004,0.05071312085506164,0.23958496839297305,0.20537260625336268,0.274099468299063,0.9193001446879885,0.5037892870481382,0.2128432586898712
2026-03-10,0.0002453971959432,209.1782235564976,-0.1915627217767369,0.30067947443819587,0.2538116132053818,0.028268530627695004,0.05071312085506164,0.24058154382762187,0.2061135594153323,0.27574173410736796,0.9195581440615667,0.5014074679000146,0.21424549300946338
2026-03-11,0.0071412793956768,210.6720236944059,-0.185789445299064,0.3009349959650404,0.2542953848381254,0.028268530627695004,0.05071312085506164,0.24142413384653771,0.20708582406319648,0.2762319682958757,0.9211474595234113,0.5026613695604761,0.21506739458801466
2026-03-12,-0.0144858201575223,207.62026664694747,-0.1975839529648182,0.30191152979910213,0.2522061165486323,0.028268530627695004,0.05071312085506164,0.24259215284151378,0.21069163980794728,0.27174902845748466,0.9217569747767774,0.501886876130404,0.21278304092852454
2026-03-13,-0.0149155827278181,204.52348938380328,-0.2095524558965003,0.30054039612198574,0.252199959636085,0.028268530627695004,0.05071312085506164,0.24775107011304975,0.22008374617261275,0.2673787789554165,0.9216917753928445,0.48828329534845527,0.21922861684236708
2026-03-16,0.0243293087802438,209.4994045098348,-0.1903214135214208,0.3101186858595876,0.2557063856611348,0.028268530627695004,0.05071312085506164,0.25487468235376654,0.22474263642179268,0.28037759932093387,0.9269525354653397,0.49486078060944066,0.2323298175364253
2026-03-17,-0.0036240658435871,208.74016487369883,-0.1932557420309617,0.30802711014528544,0.25024060322620223,0.028268530627695004,0.05071312085506164,0.24693184546459068,0.2175897916212188,0.27010731962321954,0.9262716176031711,0.4830453298095547,0.2157602697434192
2026-03-18,-0.0152179191055251,205.5635739305769,-0.2055327108875814,0.29874668708764013,0.24947564198434663,0.028268530627695004,0.05071312085506164,0.24772927652257679,0.2184634722572464,0.27076141541506404,0.9265503424218314,0.4751332594067255,0.2166881097077859
2026-03-19,-0.0040965613820139,204.72147013206416,-0.2087872949034326,0.28996185757114606,0.24558952172785672,0.028268530627695004,0.05071312085506164,0.2405398838152445,0.21020607202123576,0.26562176109152774,0.9259951374613035,0.45835452624126244,0.20771791698068226
2026-03-20,-0.0142522052173612,201.80373772734205,-0.2200638207470525,0.25854537313190756,0.24645439581205175,0.028268530627695004,0.05071312085506164,0.24305054996673242,0.21385194075599875,0.2656782425918663,0.9255864829654014,0.42727803790391405,0.17592075709650548
2026-03-23,0.0123833359252479,204.3027412025904,-0.2104056090391088,0.2344577844383435,0.2441628065166143,0.028268530627695004,0.05071312085506164,0.23880605283360917,0.2098187957314993,0.26071302275110925,0.9247555026449539,0.3971794820061431,0.1513860859625226
2026-03-24,-0.0150793285849737,201.22199303718563,-0.2223121623092603,0.23388868829279505,0.2447387797102133,0.028268530627695004,0.05071312085506164,0.24201211942967585,0.21374061947185002,0.26240232839208,0.9256614835175188,0.3951168709224771,0.14881409485522065
2026-03-25,0.0129590223672293,203.829633345733,-0.2122340882259038,0.23592062511925382,0.24598640179704073,0.02781739788326657,0.05071312085506164,0.24565503441367575,0.21810523147347344,0.264586334573443,0.9259286349242494,0.3969487514345364,0.1478565638553139
2026-03-26,-0.0283279283728418,198.0555620920525,-0.2345498645492068,0.2468393069727436,0.24571119605648487,0.028166137272184515,0.05071312085506164,0.24246259869542416,0.21340953381534916,0.2646002539398019,0.9272550408323822,0.4075578032516224,0.1488334687442728
2026-03-27,-0.0259555536644411,192.91492032163117,-0.2544175466173537,0.2524048080578368,0.24881569901746706,0.02781739788326657,0.05071312085506164,0.25125611719954094,0.22233247119539984,0.27361932920897175,0.9281355472030178,0.4081998140693863,0.1492983934163829
2026-03-30,-0.0025643802063988,192.4202131184393,-0.2563295035030465,0.2502931870314953,0.24774386084966743,0.02781739788326657,0.05071312085506164,0.2501254578793949,0.221526867089207,0.2716468472125827,0.9282552955381526,0.405899642365811,0.1451757751391835
2026-03-31,0.0375939878054372,199.6540562639336,-0.2283719639264765,0.27482400473845103,0.2563908213635172,0.02781739788326657,0.05071312085506164,0.2713594658566381,0.2461094623847796,0.2862545952342424,0.9316826467076219,0.42292710302192027,0.1426196625146998
2026-04-01,0.0100837970093098,201.66732723938443,-0.2205910234440186,0.2765013776021238,0.25710662104035165,0.02781739788326657,0.05071312085506164,0.27370942007019267,0.24904458298685062,0.28751472438081327,0.9298991533278546,0.426387438200803,0.14544512771865056
2026-04-02,8.849742657926176e-05,201.68517427887025,-0.2205220477553405,0.2763803664843058,0.25189532611159193,0.02703527760710193,0.04886843832974294,0.26333112189029106,0.23842920765628806,0.27682341315013065,0.9325137511828068,0.4298680220455628,0.14804859437882265
2026-04-06,0.0049033005193942,202.674097298666,-0.2167000331072428,0.2762367299445121,0.25207857107464393,0.026147701202481742,0.04305391782679914,0.26598479983013384,0.24076385902353786,0.28042602622041446,0.9320993322067891,0.4265974823179329,0.14892472858871572
2026-04-07,0.0120707564100695,205.1205269577889,-0.2072450100108648,0.2646913888844758,0.24543237971691936,0.026147701202481742,0.04305391782679914,0.2539943031982152,0.2303140691708942,0.2639876693290347,0.9329020021921539,0.42215775185383525,0.14821143408319679
2026-04-08,0.0175518511304788,208.7207719107574,-0.1933306924436313,0.2623427036443094,0.24740130583115028,0.026147701202481742,0.04305391782679914,0.25668517159727045,0.2376598935361859,0.2559749723643673,0.9332228922287776,0.42675973960842145,0.15306725031947196
2026-04-09,0.0070172110275943,210.1854096130976,-0.1876701236830248,0.2485715496422025,0.2464132816629263,0.026147701202481742,0.04305391782679914,0.2539950819612171,0.23470187906641496,0.2537176959658635,0.933417973209596,0.4166327846732364,0.14049997768855346
2026-04-10,0.0089444668088443,212.06540603308528,-0.1804042660664749,0.24813542358796678,0.2462692611417121,0.025814608152672974,0.03613284693236082,0.25298237571847687,0.23208698829075153,0.25617342293641143,0.9364552274198452,0.41347749534872635,0.1397828269681387
2026-04-13,0.0283535830245566,218.0782201296807,-0.1571657903778184,0.2583812411645338,0.25033559269486694,0.025814608152672974,0.03613284693236082,0.2605116326069783,0.23917884362207406,0.2654042787721852,0.9337695546005204,0.41042418143250253,0.15003131751449914
2026-04-14,0.0128660022820197,220.884015007528,-0.146321883513455,0.25923570031234605,0.24916959248234002,0.025814608152672974,0.03613284693236082,0.260538949538871,0.2425232119788405,0.25784814938037687,0.9314517665173527,0.4138593963854331,0.14795273161671071
2026-04-15,0.0238066575373174,226.1425251082799,-0.1259986609471576,0.2648397825677056,0.2519168157499268,0.025814608152672974,0.03613284693236082,0.2688192986179807,0.2530622772465987,0.26138635233984914,0.931809240788325,0.4182476956160811,0.14111183765959515
2026-04-16,0.0161833967067044,229.80227930436308,-0.1118543505550744,0.2597830179885971,0.25344108836743856,0.02537490324822715,0.03613284693236082,0.271251203647791,0.25558310186689503,0.2640349885183894,0.927877992920172,0.41502828891683446,0.1406779149616737
2026-04-17,0.0044599109204491,230.8271769993767,-0.1078933000741657,0.2598105868583531,0.25346903180556196,0.02537490324822715,0.03613284693236082,0.27065986316738744,0.25254681383640615,0.2692565902123718,0.9256656840769701,0.42055315953302,0.1339656610282136
2026-04-20,-0.0109992371792117,228.28825413215264,-0.1177057932558138,0.2539671759832834,0.2540936848836672,0.02537490324822715,0.03613284693236082,0.2716729048792796,0.2529058590606413,0.2717978492706395,0.9266453426612239,0.41777811592067615,0.1329760307189437
2026-04-21,0.0001033924538968,228.3118574149432,-0.1176145706927196,0.25277294681621404,0.25349547704604397,0.02537490324822715,0.03613284693236082,0.2705066827281611,0.2516862644151802,0.27063155903507724,0.9273481790787487,0.4165357963080211,0.1307152970496957
2026-04-22,0.0204529082783789,232.98149889351737,-0.0995672224409197,0.2575626389544313,0.2559022750220401,0.02537490324822715,0.03613284693236082,0.2769899208122359,0.2591449314356119,0.2752778523239024,0.9272455763190774,0.4203756281324507,0.13175420608328703
2026-04-23,-0.0194960707426113,228.43927510936973,-0.1171221235711776,0.26592774051021595,0.25729840596601117,0.02537490324822715,0.03613284693236082,0.28095949461976233,0.26485887860691276,0.2753629091493849,0.928429837125159,0.4277832926080834,0.12906884182210232
2026-04-24,0.0360551322355804,236.6756833812382,-0.0852898449886679,0.27741277325746994,0.2618039556452375,0.02537490324822715,0.03613284693236082,0.2843257347598608,0.2746227005069342,0.2640501972719432,0.9280649959310566,0.45538734556798854,0.1577487091728239
2026-04-27,-0.0007667390250208,236.4942148985163,-0.0859911889610981,0.27177131899540524,0.26054807638922206,0.02537490324822715,0.03613284693236082,0.2829409681988579,0.2736778545004661,0.2615412154372091,0.9281462390673022,0.4504591150889918,0.15865298511099363
2026-04-28,-0.0077901923777885,234.6518794682228,-0.093111493434085,0.26782919927992016,0.26078476620922764,0.02537490324822715,0.03613284693236082,0.2821555769507262,0.27270915636537246,0.26110736023745146,0.9285035481372267,0.440468061707503,0.1577075406571331
2026-04-29,0.0077344104873018,236.4667734256469,-0.086097245458088,0.26706981157926957,0.2578632591822364,0.02537490324822715,0.03613284693236082,0.27794898898519416,0.26909821688550845,0.2552280893342418,0.9285395072384808,0.44238909816210864,0.16209984385939621
2026-04-30,0.0104265938650653,238.93231643473857,-0.0765683526043149,0.2610568379139421,0.25807385155029444,0.02537490324822715,0.03613284693236082,0.2609806543256151,0.24648686535057734,0.2502433707670039,0.9293225218311064,0.4599729672663259,0.16427224034688825
2026-05-01,0.0167316032324577,242.93003715273667,-0.0611178606677954,0.26162014592933197,0.25711179255985034,0.02537490324822715,0.03613284693236082,0.2602488658654464,0.24640969048130013,0.24802299482613274,0.9280080699002721,0.4623658379691512,0.1655580426867277
2026-05-04,-0.0023546935775962,242.3580113544479,-0.0633286404114008,0.2558853653488058,0.2570629066490165,0.02537490324822715,0.03613284693236082,0.25855224290698053,0.24492723678604544,0.2457388131680776,0.927628903223253,0.4618233008865091,0.1677497239273594
2026-05-05,0.0206391221806497,247.36006796225163,-0.0439965657777364,0.25870864937492355,0.25925861514821935,0.02537490324822715,0.03613284693236082,0.258795501399308,0.24438852673795605,0.24786154799623278,0.9270489155927537,0.4676861855190273,0.17757007225201366
2026-05-06,0.0241658278830846,253.33772878977555,-0.0208939513306833,0.2552130750647827,0.2622076449744308,0.02537490324822715,0.03613284693236082,0.25810748058224153,0.24394670766254567,0.24668004655385442,0.9251460431974029,0.47307776629401704,0.19111203917546146
2026-05-07,0.0014002658967641,253.6924689717636,-0.019522942521416,0.25539362804824706,0.26219571710895395,0.02537490324822715,0.03613284693236082,0.25585368478275217,0.24174742767414803,0.244175872270844,0.9247398712625173,0.4771920066178991,0.1923258724736934
2026-05-08,0.0251923342130826,260.08357443744234,0.0,0.23666883355176185,0.2651789835248202,0.02537490324822715,0.03613284693236082,0.25600603535729843,0.24156325548115945,0.24526795902954118,0.9225744759385232,0.4671368942136725,0.1970083840577321
2026-05-11,0.0067399585621406,261.8365269518441,0.0,0.21212829967161764,0.26531306168167534,0.02537490324822715,0.03613284693236082,0.2527038328149043,0.23806505855191634,0.24237227183940743,0.9200343466519354,0.46034906246879664,0.1991245801226134
2026-05-12,-0.0222694486215063,256.0055718676564,-0.0222694486215062,0.22950461439051562,0.2678880033464234,0.02537490324822715,0.03613284693236082,0.2532340951323671,0.23805976528218767,0.24415488108236885,0.9205238506386206,0.4698369036847748,0.20963861636184258
2026-05-13,0.002285913340633,256.59077841966507,-0.0200344413105656,0.21448774451092872,0.2678220919630349,0.02537490324822715,0.03613284693236082,0.2545499521711846,0.23759569825330965,0.24979043551728494,0.9193415891053044,0.4619698398662799,0.21363524417058946
2026-05-14,0.0047522425673105,257.8101600392503,-0.0153774072680635,0.21469913423496062,0.26752316535525505,0.02537490324822715,0.03613284693236082,0.2532668977422573,0.2358318533962105,0.24958364449019305,0.9187422486348596,0.4658578823267157,0.21655467812335719
2026-05-15,-0.01348006078088,254.33486341199284,-0.0286501796643176,0.22266687222692805,0.268574437579409,0.02537490324822715,0.03613284693236082,0.25220498760361537,0.23414229102892464,0.24982435298629962,0.920108886977527,0.4740700982969104,0.22330714701744347
2026-05-18,-0.0061009641280087,252.78317553381427,-0.0345763500739333,0.2261911145982902,0.268789935504396,0.02537490324822715,0.03613284693236082,0.25159204343977254,0.23319532293399833,0.24993810707496453,0.9202863066139905,0.47991131228021633,0.22266450666429133
2026-05-19,-0.0113142987242041,249.92311117337172,-0.0454994416446083,0.23215088728884456,0.26922484704579525,0.02537490324822715,0.03613284693236082,0.2533304029471838,0.235317154094141,0.2507830075528229,0.9220050437190933,0.474363573908335,0.2275062788462157
2026-05-20,0.0200028318854448,254.92228115046004,-0.0264067274412622,0.23325164919605285,0.2708316008031148,0.02537490324822715,0.03613284693236082,0.25610672863009754,0.2381428913165933,0.25363298322447686,0.9219472156870575,0.4677864082650558,0.22870702707919452
2026-05-21,0.001746185463344,255.36742273208745,-0.0247066530215107,0.23370714448131077,0.2708324519816976,0.02537490324822715,0.03613284693236082,0.2561119166622405,0.23794493575581332,0.2540868319286248,0.9223325193914259,0.46429150101695504,0.23165948577025963
2026-05-22,0.0055818849891656,256.7928543157576,-0.0192626777279784,0.2336191692864369,0.27074444621408833,0.02537490324822715,0.03613284693236082,0.2577864223273904,0.23815728736748043,0.25930308121742834,0.9220562625736686,0.4661180225059517,0.2358647882094661
2026-05-26,0.0092181827318716,259.16001777107914,-0.0102220618793085,0.22447107470538608,0.2705518865633487,0.02537490324822715,0.03613284693236082,0.25693854688085127,0.23506790473639824,0.2636397193504075,0.9218934348933615,0.45366835716257004,0.2377340324527905
2026-05-27,-0.0064564349717583,257.48676796906045,-0.0166124987732657,0.22621384947425419,0.2706472637472931,0.02537490324822715,0.03613284693236082,0.2557916319748579,0.23366756272742803,0.2629962039570769,0.922065475901617,0.4510481510653078,0.24360195362941373
2026-05-28,0.0107444521479224,260.2533222262272,-0.00604653882347,0.21997024869278334,0.27103783180703944,0.02537490324822715,0.03613284693236082,0.2557491510620811,0.23392617464169566,0.2621986651749788,0.9228106140821062,0.4447994688427835,0.24738737070194441
2026-05-29,0.0149175503367672,264.1356642608479,0.0,0.21943025978799188,0.2632075874921513,0.02537490324822715,0.03613284693236082,0.23763628099260242,0.2188758868192833,0.2360658831541058,0.9178060446362207,0.4577555738059599,0.2481081457092219
2026-06-01,0.0009766470293209,264.39363157268593,0.0,0.21970152520053504,0.2620748039815213,0.02537490324822715,0.03613284693236082,0.2297517416977046,0.2098532276079468,0.23043332456154364,0.915975991881643,0.46829583787847884,0.2618848598338659
2026-06-02,-0.0169926379091546,259.9008863258848,-0.0169926379091547,0.22404964680194941,0.26346849427917657,0.02537490324822715,0.03613284693236082,0.22805632338552564,0.20651313654087738,0.23225749638443963,0.9190502679645093,0.4820259575944067,0.2534603330766955
2026-06-03,-0.0116249924213002,256.87954049205723,-0.028420091043543,0.2285502932216584,0.2642067408968478,0.02537490324822715,0.03613284693236082,0.230974050590781,0.20938898242761653,0.23551319906289245,0.9183642092198646,0.4888860367532699,0.2531617943431599
2026-06-04,-0.0092533515431061,254.50254379965264,-0.0374104614933362,0.22621435382150062,0.264707573192628,0.02537490324822715,0.03613284693236082,0.22743030662365568,0.204903941869174,0.23401997202810682,0.9170080919637488,0.4949340686107766,0.2556927466453932
2026-06-05,-0.0573420750914572,239.90883982212608,-0.0926073430926365,0.2793418545945917,0.2821302679172844,0.025814608152672974,0.04305391782679914,0.24995267633076376,0.22759036943184732,0.25766358686535096,0.9169697597740306,0.5215700201596599,0.27338457913885267
2026-06-08,0.0174451142540309,244.09407694337503,-0.0767777745196189,0.26430525396224175,0.28347693498715576,0.025814608152672974,0.04305391782679914,0.2481049880190298,0.22578278128301557,0.2555007139430771,0.9184463349188173,0.5120864015706045,0.24164838666195249
2026-06-09,-0.0224640510526295,238.6107351372746,-0.0975170857257324,0.27302061765215585,0.2843099752959643,0.025814608152672974,0.04305391782679914,0.2592749925145786,0.2397462024697117,0.260982313047736,0.9171728360875594,0.5160994398885245,0.24263022490723465
2026-06-10,-0.0241588365342408,232.84617739177816,-0.1193200229266295,0.2813054036253663,0.2866733405955786,0.025814608152672974,0.04305391782679914,0.2638829078944799,0.24619800489768098,0.2614718738910195,0.9190200228343475,0.5204323780544402,0.2454348037845834
2026-06-11,0.0162739564112301,236.6355059331736,-0.1049878753674943,0.2844442900422911,0.2867509335352643,0.025814608152672974,0.04305391782679914,0.2651453750308519,0.24355088049940388,0.2720975018428079,0.916670781452193,0.5308258750803194,0.24592978406318022
2026-06-12,0.0030431025569381,237.35561204634115,-0.1022642616825345,0.28293421241672734,0.281814926247902,0.025814608152672974,0.04305391782679914,0.25568717499576665,0.234319355730146,0.261559146363914,0.9154812787702786,0.513939613102154,0.24725815208636504
2026-06-15,0.0366671346160739,246.058762225125,-0.0693468645159873,0.29867983577211704,0.28427163448809134,0.025814608152672974,0.04305391782679914,0.26558228476453655,0.24409842287998246,0.27244034956571883,0.9146464787061951,0.5258773331845538,0.24614759067264774
2026-06-16,-0.0192519151295539,241.32165981788376,-0.0872637196953789,0.3040978026224784,0.2744398000300079,0.025814608152672974,0.04305391782679914,0.2579496908974748,0.24066369440978053,0.25536850134252653,0.9016774112910017,0.5285265224766629,0.2486619673422996
2026-06-17,-0.0177038615053465,237.04933457422763,-0.103422676392797,0.3018206516944573,0.2692986431078839,0.025814608152672974,0.04305391782679914,0.2661278485623088,0.2496472660827976,0.2627654977303551,0.8933834978245082,0.526790167718828,0.23525063192872156
2026-06-18,0.0152687875016061,240.66879049123867,-0.0897330277598797,0.29636457265238136,0.26945160314720035,0.025814608152672974,0.04305391782679914,0.26618816037230586,0.25239056060314063,0.25640142384401793,0.8959052002174062,0.5201138024156651,0.22729696076654426
2026-06-22,-0.0111291157192534,237.9903596718489,-0.0998634942293547,0.2975074874417838,0.26954310865079834,0.025814608152672974,0.04305391782679914,0.2651052119400457,0.2550812064948061,0.24651638499170195,0.8947778067485913,0.5261633885839282,0.22056598764871438
2026-06-23,-0.0242665772151688,232.2151482324062,-0.1217067262508302,0.29278458733046603,0.2719337179339605,0.025814608152672974,0.04305391782679914,0.2646471125854144,0.2543534180980231,0.24669657553344324,0.8941844754236791,0.5224344386651241,0.21169782666097245
2026-06-24,-0.0131548144925024,229.16040103505995,-0.1332605113370131,0.2923538375762769,0.27101762326927215,0.025814608152672974,0.04305391782679914,0.2634450392432605,0.2517261621701599,0.24867035004048274,0.8952260748434498,0.5167083555855995,0.20848596082026088
2026-06-25,-0.0139314109952859,225.967873304396,-0.145335415379421,0.2888705206594707,0.2719074517814225,0.025814608152672974,0.04305391782679914,0.26744673253455525,0.2532613504897298,0.25898336427349755,0.8908856280193119,0.5153294407381401,0.19443365314821262
2026-06-26,0.0072629507469085,227.6090668385895,-0.1391280285961947,0.29016737932393605,0.27185135158090273,0.025814608152672974,0.04305391782679914,0.2648386736442548,0.24956200013444357,0.2589535799960504,0.8877986512107143,0.5249351498982706,0.19640022121584338
2026-06-29,0.0186190602938425,231.84693377748243,-0.1230994014553482,0.29644427051427363,0.27336722280267967,0.025814608152672974,0.04305391782679914,0.26519907975754714,0.2484959227348665,0.26279495238156103,0.885871486191161,0.5290765169452062,0.18976494055735998
2026-06-30,0.0052960476052768,233.07480617590545,-0.11845529414036,0.2958696513178386,0.27333097663521083,0.025814608152672974,0.04305391782679914,0.2632528251263512,0.24708455825251915,0.2594511574518699,0.8861671808276901,0.5260164018411982,0.18776892894362499
2026-07-01,0.0081555065220729,234.975649277804,-0.1112658505422226,0.29734224015857874,0.27346123660109684,0.025814608152672974,0.04305391782679914,0.26058778587551684,0.2433719409556757,0.2590255875667951,0.8865753327007843,0.5376836690636227,0.19111479300524872
2026-07-02,-0.0006026187149566,234.8340485539901,-0.1118014183733069,0.2961263525721308,0.2686676053399338,0.025814608152672974,0.04305391782679914,0.2479745450296162,0.2326722829592099,0.24129677010354472,0.8837203413849085,0.5499067047596616,0.18870342532887616
2026-07-06,0.0229876626987635,240.23233445233427,-0.0913838089693523,0.29816445813853426,0.26899373054694936,0.025814608152672974,0.04305391782679914,0.2468417535740849,0.22931956961575284,0.24540863922592887,0.8816149073380489,0.5532807089337963,0.18575992488481638
2026-07-07,-0.0113726192237403,237.50026358737765,-0.1017171549304691,0.2992293734832596,0.26573563583245957,0.025814608152672974,0.04305391782679914,0.24145882727577359,0.22494768663415635,0.23800901005391806,0.8710960080602087,0.556916322427865,0.19190946802515205
2026-07-08,-0.0037563602820354,236.60812703026508,-0.1050914289317221,0.29833041169190166,0.2652977704481396,0.025814608152672974,0.04305391782679914,0.24128008033856976,0.22501681297831846,0.23725034996320954,0.8709403935777676,0.553773533394649,0.18469244600438142
2026-07-09,0.0139422114083775,239.90696755826127,-0.0926144244427191,0.30025805363407393,0.26544756578719564,0.025814608152672974,0.04305391782679914,0.2458830457330977,0.2307816212663038,0.23963417023123243,0.868166034598863,0.554608711348382,0.18264229001809182
2026-07-10,0.0043629570388892,240.9536713510482,-0.0886555401588549,0.3006236555940924,0.265120576980233,0.025814608152672974,0.04305391782679914,0.24559561527838888,0.2295427717092904,0.24192523439954658,0.8625008533794684,0.5556004501809642,0.18099793217824828
2026-07-13,-0.016746396344281,236.9185656699939,-0.1039172756895193,0.30102710280488404,0.2665253100545649,0.025814608152672974,0.04305391782679914,0.24523142138815027,0.2284770209197401,0.2431519885521453,0.8628269303225801,0.5583238724380111,0.18167909815690306
2026-07-14,0.0084694157137046,238.92512749294767,-0.0963279785834649,0.29826857179627686,0.2638666404464212,0.025814608152672974,0.04305391782679914,0.24077565544532872,0.22622227204258558,0.23315536801958942,0.8644483859274268,0.5486457959259236,0.18013096902755682
2026-07-15,0.0082749723842333,240.9022263248513,-0.0888501175618385,0.29989502981301386,0.2640993541139061,0.025814608152672974,0.04305391782679914,0.24159395580088308,0.22640451268121664,0.2356264194259296,0.8627375106135112,0.5321479371981663,0.18000005526657523
2026-07-16,-0.0185022152648074,236.4450014756176,-0.1057084088252133,0.3005416778569063,0.263728817785704,0.025814608152672974,0.04305391782679914,0.2376040408384802,0.2223689799489138,0.2316148211687129,0.8606694670198157,0.5272635211297023,0.1808299454878853
2026-07-17,-0.0127631619900098,233.42721562005616,-0.1171223972696808,0.30084434816575295,0.264208402078469,0.025814608152672974,0.04305391782679914,0.23914652403965483,0.22468487362227355,0.23149064360527247,0.8601424951637382,0.5240469501522829,0.17814313968192214
2026-07-20,0.0048206419329723,234.5524846439712,-0.112866360476277,0.3010719499943643,0.26426469039061484,0.025814608152672974,0.04305391782679914,0.23802428464808262,0.22329130401429237,0.23078076643318737,0.8623313800541682,0.5175958276044188,0.17531733920924653
2026-07-21,0.0146815237077544,237.99607250798437,-0.099841886915663,0.256171714075375,0.2650277952390028,0.025814608152672974,0.04305391782679914,0.23819854450047384,0.22339380554634822,0.2312195976900987,0.8610486100504983,0.49264890625577235,0.16308305412637883
2026-07-22,-0.0075994065839148,236.1874435876213,-0.1066825544068004,0.25147196612607065,0.2641010096865986,0.025814608152672974,0.04305391782679914,0.2371172809482254,0.22089345518875045,0.2333942717261353,0.8607963208611985,0.48614728909035065,0.15237278403398385
2026-07-23,-0.0337513223199813,228.21580505116307,-0.136833199447079,0.26177003422357736,0.26926055623344813,0.026878065985068672,0.04305391782679914,0.24304517100509213,0.22558459423179805,0.24255676152948719,0.861491500204461,0.4971471528194418,0.15442870116951338
2026-07-24,-0.0081046940063573,226.3661857838089,-0.1438289022420068,0.2536242080662854,0.26688610223077913,0.026878065985068672,0.04305391782679914,0.23973352103496734,0.2213795656500277,0.2417681948503716,0.8516018522767923,0.4977839799333404,0.15634550040988354
2026-07-27,0.0070040342525077,227.9516623026482,-0.1378322505473028,0.24958690694035018,0.2669571276253448,0.026878065985068672,0.04305391782679914,0.2381538064747864,0.21936481090457757,0.24122175129951834,0.8497494790611166,0.4908273006016866,0.14389479510172257
2026-07-28,-0.0010030917563515,227.7230058693458,-0.1386970839093709,0.2492748956512629,0.26554998761119875,0.026878065985068672,0.04305391782679914,0.2343266670399614,0.21604916381303005,0.23628670132302076,0.8446387657366698,0.49038993467151215,0.1434521485771562
2026-07-29,-0.0106486450975608,225.29806439929337,-0.1478687929843143,0.22305816392874336,0.2661510456241468,0.026878065985068672,0.04305391782679914,0.23301419496720246,0.21476529343236417,0.2348129826212445,0.8447439338759133,0.4763028724220731,0.14372708795738043
2026-07-30,0.0235554820816104,230.6050689182724,-0.1277964316062753,0.2300791918120988,0.2674500237653058,0.026878065985068672,0.04305391782679914,0.22209920952733714,0.19940072032262895,0.23356720340822623,0.8445264234787859,0.5070800442618637,0.15671999212058604
2026-07-31,0.0077698410924026,232.39683365886995,-0.1210195484796295,0.22621725999645761,0.26703561842817525,0.025814608152672974,0.04305391782679914,0.207670572001681,0.18459118740681418,0.21901889917131612,0.8452241252774914,0.5210197064334569,0.14374025877592644
2026-08-03,0.0255220088674153,238.32806770827085,-0.098586201601642,0.2342611504195702,0.26850510591120985,0.025814608152672974,0.04305391782679914,0.20823634684164324,0.1851266505011905,0.21971495394719598,0.8448966121741982,0.5207699136172185,0.13777258279807797
2026-08-04,0.0263515893708275,244.608391084062,-0.0748325153330505,0.24407526436756385,0.270973274859571,0.025814608152672974,0.04305391782679914,0.2102864572213404,0.18803862866279655,0.2198985459664819,0.8447791255932527,0.5238276409650702,0.1489200163242079
2026-08-05,-0.0053246743967823,243.30593104681856,-0.079758730951392,0.232936379312572,0.26633610389279344,0.025814608152672974,0.04305391782679914,0.20439301784729647,0.18443821697270035,0.20862097823049627,0.8393916427101625,0.517933423646804,0.14791189056736712
2026-08-06,-0.001758885885273,242.87798367889715,-0.0813773303305673,0.22894545541293435,0.2620781649890676,0.025814608152672974,0.04305391782679914,0.1969101839725662,0.17782032677589163,0.19879890449611443,0.8367243780029545,0.5161177747210699,0.14871799011489062
2026-08-07,0.013254901311027,246.09730738318217,-0.0692010775020268,0.22600464273336032,0.26251532743331185,0.025814608152672974,0.04305391782679914,0.19815646938923812,0.17882498977249112,0.2006015029323218,0.8380827528291269,0.5104170311682408,0.15252088906839442
2026-08-10,-0.0004815081016937,245.97880953587213,-0.0696492647242574,0.2258338868495098,0.2559045197929683,0.025814608152672974,0.04305391782679914,0.18545494204818785,0.1650125363260796,0.19017128263655922,0.8301940334964041,0.5036708632813395,0.15459408125795088
2026-08-11,-0.0082912333184526,243.93934183461505,-0.0773630197384225,0.2227856294163581,0.25619950187362095,0.025814608152672974,0.04305391782679914,0.1866359106254805,0.1664795061732619,0.1905268364709829,0.833746178770594,0.49996103906099676,0.15131826283811098
2026-08-12,-0.0012800884018812,243.62707791237,-0.0785440766360021,0.22270194796600354,0.25624236520942617,0.025814608152672974,0.04305391782679914,0.187243377881885,0.16651942037144227,0.19258427516175047,0.8324684315493988,0.49730875080206643,0.14863065210982457
2026-08-13,0.0174107431699046,247.8688063951366,-0.0625008442119242,0.22665970083110468,0.25746352400758354,0.025814608152672974,0.04305391782679914,0.18965857637698258,0.16928853961143603,0.19428371468177458,0.833232788599232,0.4897383082753904,0.1443390954428604
2026-08-14,-0.0071502527414893,246.0964817826801,-0.0692042001207416,0.22807307185703302,0.25742180539297876,0.025814608152672974,0.04305391782679914,0.19227874172647547,0.1703052031342934,0.2014830534176218,0.8232879170856537,0.4826276983605387,0.1497010584554991
2026-08-17,-0.0102781009595326,243.56707729713196,-0.0787710133246097,0.22132325587767648,0.2569207170584203,0.025814608152672974,0.04305391782679914,0.19338904542845495,0.17088009703709411,0.20404163454701812,0.8214134023476375,0.4754984535796327,0.15010923913106658
2026-08-18,-0.0076617859131859,241.70091849538093,-0.0858292725975377,0.21984201659370828,0.2572582205776872,0.025814608152672974,0.04305391782679914,0.19320511985309216,0.17128973987949195,0.2024465326090561,0.8216222275896392,0.4749860289849497,0.14509269440790026
2026-08-19,0.0253609836127852,247.83069152853744,-0.0626450037605957,0.2306698934143875,0.26002190015756316,0.025814608152672974,0.04305391782679914,0.1908260568563776,0.17103991320736014,0.19391163508638173,0.8370574111219254,0.502668941528249,0.13042131374544264
2026-08-20,0.0009548826603106,248.06734075857088,-0.0617499397281311,0.22770697375880666,0.2561320439579793,0.025814608152672974,0.04305391782679914,0.18551878766943092,0.16925423313481172,0.18035045293353894,0.8323032174194841,0.5005009448010531,0.12559648952457764
2026-08-21,0.0181988104230959,252.58187126519763,-0.044674904751785,0.23284210748308207,0.2569525871401703,0.025814608152672974,0.04305391782679914,0.18494747430932235,0.1665729619624236,0.18405329583635735,0.8414680835452523,0.5051720670777472,0.12610279514386688
2026-08-24,-0.0052607793487732,251.2530937729712,-0.0497006592842317,0.2272580199578185,0.2544376071801574,0.025814608152672974,0.04305391782679914,0.179518698155755,0.16085307023671638,0.17955704873629677,0.8322404166139791,0.5000698505819392,0.12428076327422488
2026-08-25,0.0046447713596249,252.42010694694503,-0.0452867361234047,0.2265899020461318,0.25325608597311006,0.025814608152672974,0.04305391782679914,0.1788037192835955,0.16057174436598168,0.1773754472219254,0.8383469223251301,0.49564085464366087,0.12392393225749616
2026-08-26,0.0067179734133202,254.11585851440205,-0.0388729977993375,0.22625581993924174,0.25336730762373305,0.025814608152672974,0.04305391782679914,0.18033330952964385,0.16260155499837833,0.17786500379047995,0.8379693042113986,0.4934425751679509,0.12411412717902398
2026-08-27,0.0312479488043013,262.0564578516212,-0.0088397504401395,0.23315177688630287,0.25743957680973145,0.025814608152672974,0.04305391782679914,0.18144023854775118,0.1635324079149773,0.18007677643180603,0.8286662424340142,0.5106045501647831,0.13699203873467428
2026-08-28,-0.0048226801869763,260.79264336447096,-0.0136197993378104,0.22943370830610815,0.25765602192518283,0.025814608152672974,0.04305391782679914,0.1797076972578876,0.16229966650880265,0.17694481611306787,0.8304319906481563,0.5104924345536075,0.1410174254521712
2026-08-31,0.0025636370653277,261.4612210513649,-0.0110910784948876,0.2294399379087411,0.25568294685306475,0.025814608152672974,0.04305391782679914,0.17526537758999083,0.15763943502339722,0.17276280728369683,0.8297119220151785,0.5104375867080574,0.1413987987626791
2026-09-01,-0.0137740062041128,257.85985257046843,-0.0247123161150016,0.23243726971906173,0.25453484509103247,0.025814608152672974,0.04305391782679914,0.17325633370627452,0.15440101673240578,0.1733874191311725,0.831226146418211,0.507335651556175,0.13283003794170734
2026-09-02,0.0054098593577767,259.2548381068917,-0.0194361469118119,0.23043927630721286,0.24782324945476744,0.025814608152672974,0.04305391782679914,0.1704706022278931,0.14830289923450574,0.1781478627610012,0.8311812989998292,0.505624722795551,0.13066350924338258
2026-09-03,0.0221485933693356,264.9969680951542,0.0,0.20842297125237902,0.2502799085397642,0.025814608152672974,0.04305391782679914,0.17390398014474923,0.1506477565037467,0.1843014458335904,0.83190982224722,0.49053471897155276,0.1301353514811351
2026-09-04,-0.0096422940912627,262.4417893954878,-0.0096422940912627,0.2093136656191328,0.2504913307704478,0.025814608152672974,0.04305391782679914,0.17461895064165195,0.151006746254618,0.18583656244609695,0.8327819271211641,0.49380007739264986,0.12611628812610604
2026-09-08,0.0075848286705263,264.43236540403893,-0.0021306005694092,0.20936815454087943,0.25048069110023063,0.025814608152672974,0.04305391782679914,0.1740606655507226,0.15008646356937588,0.18631720990223605,0.8293095696251558,0.4965906131086345,0.1304703584882178
2026-09-09,-0.0007672744134675,264.2294732159717,-0.0028962402275746,0.20931007707115434,0.25003418219950785,0.025814608152672974,0.04305391782679914,0.17962848958812228,0.15709938398618686,0.18888121971088462,0.8293562338144272,0.49339919983051317,0.12468714909418868
2026-09-10,-0.0138073943700022,260.58115267510084,-0.0166636450665645,0.21155714998833242,0.249899326464616,0.025814608152672974,0.04305391782679914,0.17848273063012615,0.1556757577302251,0.1882066505596704,0.8308679831834991,0.4916377762572853,0.12472819651805728
2026-09-11,0.0147717500212931,264.43039232267785,-0.0021380462446383,0.2063098821184097,0.2509084381402548,0.025814608152672974,0.04305391782679914,0.18113861370306833,0.15775138342241063,0.192314586020362,0.8320520887666829,0.4564632927862829,0.12269946550554439
2026-09-14,-0.0013835953001645,264.06452767463946,-0.0035186833540674,0.20681357297473432,0.24874761875013407,0.025814608152672974,0.04305391782679914,0.17887331341583299,0.15532752590700696,0.1903181716597125,0.8313030025665533,0.4390335449198571,0.14016210057028697
2026-09-15,-0.0132482852779519,260.5661254802182,-0.0167203521111418,0.20280913870439063,0.24668701292909015,0.025814608152672974,0.04305391782679914,0.17894336887005147,0.15425747496413883,0.1926488211396544,0.8373678715329507,0.43226856119437324,0.15080032820624584
2026-09-16,0.0009523365337133,260.8142721209612,-0.0157839389796005,0.19044033728197232,0.24668317593066635,0.025814608152672974,0.04305391782679914,0.17957631196024776,0.15466117434337637,0.19385256556748456,0.8374623244421932,0.41935586117937385,0.14868895615361807
2026-09-17,0.0206817635911849,266.20837123817387,0.0,0.19632478428449848,0.2455137224971375,0.025814608152672974,0.04305391782679914,0.18079508823404988,0.15606694443703653,0.19459610703796093,0.8392648390708514,0.42167280130220214,0.1535473020312857
2026-09-18,0.0066013318972843,267.9657010505525,0.0,0.19603051965393828,0.24550365970074436,0.025814608152672974,0.04305391782679914,0.17869268992735582,0.15758193878819926,0.18326269538126724,0.8490188979891647,0.4325643848254008,0.15656324786569475
2026-09-21,0.0426987728139646,279.4075076416449,0.0,0.22533551461599471,0.2525055464439715,0.025814608152672974,0.04305391782679914,0.18826285475395538,0.16532808268581883,0.19770941694257596,0.8492814443094265,0.45591301619858515,0.16314293715253061
2026-09-22,-0.0027135868619026,278.64931109979153,-0.0027135868619027,0.22584253503224208,0.2525775072991946,0.025814608152672974,0.04305391782679914,0.18952188127276368,0.16574970699140992,0.20096656617984915,0.8498777075138627,0.4519665809919872,0.16255518291828114
2026-09-23,-0.0116377653653864,275.40645579798564,-0.0143197721400915,0.2276599232522608,0.25338353621480353,0.025814608152672974,0.04305391782679914,0.19181424836098748,0.16793049663219464,0.20353160932922476,0.8519851443451779,0.45361453212249714,0.16444072207188515
2026-09-24,0.0033050462872287,276.3166868821995,-0.0110620533626086,0.22709662493570226,0.2522479336318408,0.025814608152672974,0.04305391782679914,0.19198787521012256,0.16872477597474494,0.2023915399761361,0.8501413769581383,0.45082840884846287,0.16476470992509867
2026-09-25,0.0004324365174522,276.4361763079888,-0.0106344004809885,0.22388998804070034,0.2519605004500695,0.025814608152672974,0.04305391782679914,0.19207232634145902,0.16848708924579417,0.20370033588713746,0.8431354815045521,0.4502109949271858,0.16425974855062953
2026-09-28,-0.0235326362663769,269.9309043200648,-0.0339167812689353,0.23554419712783076,0.2544845549669494,0.025814608152672974,0.04305391782679914,0.19470891060230247,0.17185082796629478,0.20488237396761694,0.8421398523828545,0.45544849088260375,0.16697925104940725
2026-09-29,0.0018071025290356,270.4186971399265,-0.0321709698411075,0.2321181789967629,0.2524473096481101,0.025814608152672974,0.04305391782679914,0.19243772468095321,0.16915303160218492,0.20345602453814654,0.842127484579945,0.45443861562713583,0.16646633045501033
2026-09-30,0.0050016397730474,271.77123405091726,-0.0273302376703548,0.22967068272584937,0.2525412995482976,0.025814608152672974,0.04305391782679914,0.19292688726378993,0.16997192398809624,0.2032130346006916,0.8420583918595442,0.448945680899239,0.16408721472762006
2026-10-01,-0.0001172806248394,271.73936055077434,-0.0274443129878434,0.2207944275688976,0.25241688630328024,0.025814608152672974,0.04305391782679914,0.19507841465613524,0.1711570757725571,0.20794168170567132,0.8393762698383299,0.425475424401386,0.14852273762370616
2026-10-02,0.0090710700343542,274.20432732142103,-0.0186221922386466,0.2213401297317691,0.2524030382954277,0.025814608152672974,0.04305391782679914,0.19538082978513674,0.17203303124283403,0.20690989379102748,0.8396178186773708,0.42603439089107903,0.14864302985482644
2026-10-05,0.0023997485760161,274.8623487654481,-0.0162671322419375,0.21687584369499313,0.25212172656358217,0.025814608152672974,0.04305391782679914,0.19590556812241952,0.17280479443755759,0.20693368619686303,0.8390108759759354,0.41786045753256706,0.14750458098405123
