date,AAPL,MSFT,NVDA,GOOGL,AMZN,META,TSLA,AMD,NFLX,CRM,ORCL,ADBE,AVGO,QCOM,INTC,BTC-USD,ETH-USD,SOL-USD
2021-10-06,138.50270080566406,281.3056030273437,20.609224319458008,136.26832580566406,163.10049438476562,330.4748229980469,260.9166564941406,103.63999938964844,63.90999984741211,270.11346435546875,85.38626861572266,570.3099975585938,44.7423210144043,114.86695861816406,49.71888732910156,55361.44921875,3580.56201171875,154.1077423095703
2021-10-07,139.76089477539062,282.9755554199219,20.982580184936523,137.91268920898438,165.1215057373047,326.0968017578125,264.53668212890625,106.4499969482422,63.185001373291016,269.4364013671875,86.29303741455078,578.9600219726562,45.212833404541016,114.66962432861328,49.90308380126953,53805.984375,3587.974853515625,154.28118896484375
2021-10-08,139.3805389404297,282.9755554199219,20.73965072631836,138.46788024902344,164.43099975585938,326.9188842773437,261.8299865722656,105.05999755859376,63.26599884033203,267.375732421875,88.54441833496094,576.8599853515625,45.11489486694336,113.51254272460938,49.56230926513672,53967.84765625,3563.75927734375,158.94920349121094
2021-10-11,139.29273986816406,282.3805847167969,20.604246139526367,137.6046142578125,162.31500244140625,322.3625183105469,263.9800109863281,104.68000030517578,62.70399856567383,268.6219482421875,89.388671875,573.0700073242188,45.06821060180664,112.0684051513672,49.22150421142578,57484.7890625,3545.35400390625,144.85813903808594
2021-10-12,138.02479553222656,281.0849304199219,20.580347061157227,135.16282653808594,162.3665008544922,320.698486328125,268.5733337402344,105.04000091552734,62.49399948120117,273.77362060546875,89.65133666992188,580.6900024414062,44.42193603515625,110.28340911865234,48.051753997802734,56041.05859375,3492.5732421875,152.73712158203125
2021-10-13,137.43954467773438,284.3768310546875,20.847177505493164,136.28517150878906,164.21400451660156,321.461181640625,270.3599853515625,109.16000366210938,62.97600173950195,279.0823059082031,90.429931640625,591.1199951171875,44.39723205566406,112.1580810546875,48.13465118408203,57401.09765625,3606.20166015625,148.17604064941406
2021-10-14,140.2193603515625,290.55743408203125,21.650636672973636,139.82052612304688,164.9929962158203,325.41326904296875,272.7733459472656,111.98999786376952,63.380001068115234,284.587158203125,89.3792953491211,607.510009765625,45.5496940612793,115.40515899658205,49.64519500732422,57321.5234375,3786.01416015625,149.75680541992188
2021-10-15,141.2727508544922,291.9586486816406,21.76613044738769,140.03546142578125,170.4510040283203,321.6790466308594,281.010009765625,112.12000274658205,62.82899856567383,286.1964111328125,89.42620086669922,610.0900268554688,46.06689834594727,116.78651428222656,50.16099548339844,61593.94921875,3862.634765625,162.59620666503906
2021-10-18,142.9406280517578,294.91461181640625,22.12455177307129,141.43215942382812,172.33700561523438,332.1586608886719,290.03668212890625,116.43000030517578,63.797000885009766,286.2356872558594,90.53311920166016,622.8300170898438,46.07695770263672,116.71472930908205,50.170204162597656,62026.078125,3748.76025390625,157.2312774658203
2021-10-19,145.09622192382812,295.8167724609375,22.192251205444336,141.88685607910156,172.20750427246094,336.7645263671875,288.0899963378906,116.33000183105467,63.900001525878906,286.8637084960937,91.04906463623048,636.0700073242188,46.720481872558594,118.84953308105467,50.85178756713867,64261.9921875,3877.65087890625,156.01702880859375
2021-10-20,145.5839080810547,295.0297546386719,22.006072998046875,140.4326934814453,170.7530059814453,337.5470886230469,288.6000061035156,116.38999938964844,62.51399993896485,284.6558532714844,90.6550750732422,632.3699951171875,46.628936767578125,118.54454803466795,50.99915313720703,65992.8359375,4155.9921875,175.94686889648438
2021-10-21,145.79847717285156,298.244873046875,22.592493057250977,140.548583984375,171.75050354003906,338.6366271972656,298.0,119.33000183105467,65.31600189208984,284.38116455078125,90.33612823486328,638.6599731445312,47.06467056274414,119.34286499023438,51.57942581176758,62210.171875,4054.32275390625,190.3184356689453
2021-10-22,145.02793884277344,296.7093200683594,22.6263370513916,136.26980590820312,166.77749633789062,321.5304260253906,303.2266540527344,119.81999969482422,66.47799682617188,287.07958984375,92.16535949707033,643.5800170898438,47.18000411987305,118.06021881103516,45.5556869506836,60692.265625,3970.181884765625,196.43153381347656
2021-10-25,144.97914123535156,295.72076416015625,23.06440544128418,136.1514434814453,166.01849365234375,325.5718078613281,341.6199951171875,122.36000061035156,67.16600036621094,288.41412353515625,91.82765197753906,646.969970703125,47.789649963378906,118.33826446533205,45.5096321105957,63039.82421875,4217.876953125,210.1042938232422
2021-10-26,145.6424102783203,297.6210021972656,24.608612060546875,137.995361328125,168.80349731445312,312.81396484375,339.4766540527344,122.93000030517578,66.85199737548828,289.581787109375,90.97402954101562,642.5,48.86981201171875,118.34725189208984,44.46883010864258,60363.79296875,4131.10205078125,199.8072509765625
2021-10-27,145.18397521972656,310.1550598144531,24.34377670288086,144.83926391601562,169.62449645996094,309.2580261230469,345.9533386230469,122.27999877929688,66.29199981689453,289.6210632324219,90.08285522460938,640.0800170898438,47.88485336303711,117.68346405029295,44.10961532592773,58482.38671875,3930.25732421875,183.77459716796875
2021-10-28,148.81234741210938,311.2875671386719,24.831626892089844,144.47422790527344,172.32850646972656,313.9134216308594,359.0133361816406,121.16000366210938,67.40499877929688,292.79058837890625,90.27047729492188,639.280029296875,48.476192474365234,119.91693878173828,44.28462219238281,60622.13671875,4287.31884765625,194.86398315429688
2021-10-29,146.11058044433594,318.2646789550781,25.454879760742188,146.6505126953125,168.6215057373047,320.50030517578125,371.3333435058594,120.2300033569336,69.03099822998047,294.07598876953125,89.9984130859375,650.3599853515625,48.66843032836914,119.33391571044922,45.13199996948242,62227.96484375,4414.74658203125,200.1827545166016
2021-11-01,145.29129028320312,316.1053466796875,25.71373748779297,142.14439392089844,165.90550231933594,326.8495178222656,402.86334228515625,125.2300033569336,68.11699676513672,297.0885314941406,88.53502655029297,640.2000122070312,48.33705520629883,120.9215316772461,45.63857269287109,61004.40625,4324.626953125,203.5450897216797
2021-11-02,146.32516479492188,319.71392822265625,26.28522682189941,144.0616455078125,165.6374969482422,324.967529296875,390.6666564941406,127.62999725341795,67.77200317382812,297.2749938964844,89.9327621459961,640.4000244140625,49.16273498535156,121.29830932617188,45.92411422729492,63226.40234375,4584.798828125,220.23959350585935
2021-11-03,147.75897216796875,320.54888916015625,26.481359481811523,145.21617126464844,169.1999969482422,328.4739990234375,404.6199951171875,130.52999877929688,68.8290023803711,297.2160339355469,90.19542694091795,655.1799926757812,49.64788055419922,124.2134780883789,46.41226959228516,62970.046875,4607.19384765625,242.89881896972656
2021-11-04,147.24205017089844,322.8905639648437,29.670310974121094,146.8699188232422,173.85000610351562,332.66387939453125,409.9700012207031,137.5,66.83999633789062,302.2696228027344,89.70759582519531,674.0800170898438,50.21999740600586,140.0271759033203,46.660831451416016,61452.23046875,4537.32421875,247.3877716064453
2021-11-05,147.7694854736328,322.5259094238281,29.621532440185547,147.44891357421875,175.94949340820312,337.89373779296875,407.36334228515625,136.33999633789062,64.5719985961914,301.4944152832031,89.06973266601562,662.719970703125,51.16284942626953,146.23426818847656,47.22658920288086,61125.67578125,4486.2431640625,236.47433471679688
2021-11-08,146.948974609375,323.4184875488281,30.668914794921875,147.62623596191406,174.44900512695312,335.4075622558594,387.6466674804688,150.16000366210938,65.1449966430664,304.15362548828125,89.2479476928711,666.02001953125,51.16560363769531,148.7637939453125,47.81088638305664,67566.828125,4812.08740234375,248.46717834472656
2021-11-09,147.31040954589844,322.4203491210937,30.522558212280277,147.51478576660156,178.81149291992188,332.1883850097656,341.1666564941406,148.9199981689453,65.5989990234375,303.9083251953125,88.73204803466797,667.9199829101562,51.06032943725586,149.5620880126953,47.48628234863281,66971.828125,4735.06884765625,239.213134765625
2021-11-10,144.48744201660156,317.4778137207031,29.329816818237305,144.518310546875,174.1024932861328,324.53173828125,355.9833374023437,139.8699951171875,64.69100189208984,294.0564270019531,88.01909637451172,647.5,50.233734130859375,143.3370361328125,47.07819366455078,64995.23046875,4636.17431640625,233.77952575683597
2021-11-11,144.4385986328125,319.0421447753906,30.25672912597656,144.39248657226562,173.625,324.6307983398437,354.5033264160156,146.00999450683594,65.75800323486328,297.30438232421875,88.21607971191406,643.1699829101562,50.84064102172852,147.48106384277344,46.8648681640625,64949.9609375,4730.38427734375,234.24075317382807
2021-11-12,146.50946044921875,323.1593933105469,30.25672912597656,147.27658081054688,176.25750732421875,337.656005859375,344.47332763671875,147.88999938964844,68.26100158691406,300.9056396484375,87.74706268310547,657.5999755859375,51.55646896362305,147.947509765625,46.660831451416016,64155.94140625,4667.115234375,228.5020904541016
2021-11-15,146.5192108154297,322.5355224609375,29.89333152770996,147.0526885986328,177.28399658203125,344.2627868652344,337.7966613769531,146.49000549316406,67.93299865722656,299.7673645019531,88.19732666015625,659.72998046875,51.78989791870117,151.14974975585938,46.670108795166016,63557.87109375,4557.50390625,237.55360412597656
2021-11-16,147.49598693847656,325.8370666503906,30.07055282592773,146.4821319580078,177.03500366210938,339.70635986328125,351.57666015625,152.4499969482422,68.73999786376953,301.3374328613281,89.68885803222656,671.030029296875,52.06452178955078,163.0795135498047,46.9390754699707,60161.24609375,4216.365234375,219.2390289306641
2021-11-17,149.92823791503906,326.0581359863281,29.132678985595703,146.6514892578125,177.4499969482422,337.5371398925781,363.0033264160156,151.33999633789062,69.16899871826172,302.2499694824219,89.42620086669922,670.6699829101562,52.1441535949707,164.63128662109375,46.58662414550781,60368.01171875,4287.59375,218.7152404785156
2021-11-18,154.20657348632812,328.1253356933594,31.536094665527344,148.42611694335938,184.8029937744141,335.4769287109375,365.4599914550781,155.02000427246094,68.2020034790039,297.314208984375,88.79769897460938,670.9600219726562,52.617408752441406,167.12489318847656,46.07653045654297,56942.13671875,4000.65087890625,195.48741149902344
2021-11-19,156.8244171142578,329.8945007324219,32.84035110473633,147.522705078125,183.82850646972656,342.024169921875,379.0199890136719,155.41000366210938,67.87999725341797,295.5282592773437,88.1504135131836,688.3699951171875,52.059940338134766,165.94085693359375,45.92813491821289,58119.578125,4298.306640625,215.28001403808597
2021-11-22,157.28347778320312,326.74078369140625,31.815860748291016,144.92295837402344,178.6284942626953,337.7748718261719,385.6233215332031,152.52000427246094,65.91999816894531,291.2794494628906,88.75079345703125,673.5700073242188,50.64657211303711,162.71176147460938,46.21565628051758,56289.2890625,4088.457763671875,215.73727416992188
2021-11-23,157.66444396972656,324.6736755371094,31.606788635253903,144.4078826904297,179.0019989013672,334.0505676269531,369.6766662597656,149.9199981689453,65.40599822998047,285.9609375,87.18421173095703,665.1599731445312,50.81501388549805,162.29916381835938,45.53859329223633,57569.07421875,4340.763671875,221.8368988037109
2021-11-24,158.18211364746094,324.894775390625,32.53071975708008,144.74266052246094,179.02049255371094,337.8244323730469,372.0,157.8000030517578,65.8290023803711,283.75311279296875,87.78457641601562,668.3200073242188,51.14545440673828,162.09283447265625,46.15072250366211,56280.42578125,4239.9814453125,214.92153930664065
2021-11-26,153.171142578125,316.9817810058594,31.36484909057617,140.84278869628906,175.22799682617188,329.9597473144531,360.6400146484375,154.80999755859375,66.56400299072266,278.885986328125,86.61199188232422,662.0999755859375,50.03418731689453,157.6348419189453,45.24180603027344,53569.765625,4030.908935546875,191.51174926757807
2021-11-29,156.52157592773438,323.6640319824219,33.229637145996094,144.15872192382812,178.07850646972656,334.8231506347656,378.9966735839844,161.91000366210938,66.38400268554688,291.1813049316406,87.18421173095703,687.489990234375,51.65899658203125,164.8107147216797,46.37331771850586,57806.56640625,4445.10498046875,204.31936645507807
2021-11-30,161.46417236328125,317.85675048828125,32.5327033996582,140.5599822998047,175.35350036621094,321.3818664550781,381.586669921875,158.3699951171875,64.19000244140625,279.6219177246094,85.12045288085938,669.8499755859375,50.68318939208984,161.95828247070312,45.631343841552734,57005.42578125,4631.47900390625,208.6709899902344
2021-12-01,160.94647216796875,317.3663635253906,31.30097961425781,139.72193908691406,172.18600463867188,307.6534118652344,365.0,149.11000061035156,61.777000427246094,246.78875732421875,84.1917724609375,657.4099731445312,50.78206253051758,158.1317138671875,45.07486343383789,57229.828125,4586.990234375,229.7992401123047
2021-12-02,159.95989990234375,316.799072265625,31.98903465270996,141.618408203125,171.8679962158203,307.44537353515625,361.5333251953125,150.67999267578125,61.64699935913086,256.3070678710937,84.41690063476562,671.8800048828125,50.57060241699219,159.3922576904297,45.90958404541016,56477.81640625,4511.30224609375,233.9930419921875
2021-12-03,158.0844268798828,310.56866455078125,30.562143325805664,140.66299438476562,169.489501953125,303.92901611328125,338.3233337402344,144.00999450683594,60.2130012512207,253.4810028076172,82.7752685546875,616.530029296875,51.089630126953125,158.92405700683594,45.6777229309082,53598.24609375,4220.7060546875,211.22439575195312
2021-12-06,161.48367309570312,313.62615966796875,29.908945083618164,141.8056182861328,171.36849975585938,314.8544006347656,336.336669921875,139.05999755859375,61.26900100708008,253.9029083251953,83.43193817138672,622.0399780273438,51.717586517333984,157.9696502685547,47.29150772094727,50582.625,4358.7373046875,194.19921875
2021-12-07,167.20770263671875,322.0199584960937,32.28874588012695,145.88133239746094,176.1645050048828,319.7475280761719,350.5833435058594,144.85000610351562,62.55799865722656,261.9886169433594,84.47318267822266,649.9600219726562,54.04449844360352,165.4156951904297,48.75690841674805,50700.0859375,4315.0615234375,190.59690856933597
2021-12-08,171.01719665527344,322.0679931640625,31.69031524658203,146.78965759277344,176.1580047607422,327.42401123046875,356.32000732421875,145.24000549316406,62.80799865722656,261.3213195800781,83.43193817138672,653.0999755859375,53.87606430053711,164.434326171875,47.99638366699219,50504.796875,4439.35791015625,194.6217041015625
2021-12-09,170.50929260253906,320.2699890136719,30.36000633239746,146.24684143066406,174.17100524902344,326.6910400390625,334.6000061035156,138.10000610351562,61.09999847412109,259.3686218261719,83.27246856689453,632.5700073242188,53.40555953979492,164.10118103027344,46.818504333496094,47672.12109375,4119.81591796875,181.17808532714844
2021-12-10,175.28573608398438,329.34637451171875,30.069255828857425,146.60643005371094,172.21200561523438,326.6217041015625,339.010009765625,138.5500030517578,61.16600036621094,261.0465393066406,96.27410125732422,654.4500122070312,57.82322311401367,165.5597686767578,46.9205207824707,47243.3046875,3908.49609375,167.954833984375
2021-12-13,171.66189575195312,326.32733154296875,28.040939331054688,144.45196533203125,169.5675048828125,331.3167419433594,322.1366577148437,133.8000030517578,60.45600128173828,260.7816162109375,94.6418914794922,658.2999877929688,56.90600204467773,165.0555877685547,46.37331771850586,46737.48046875,3784.226806640625,155.2130584716797
2021-12-14,170.2846221923828,315.6933898925781,28.216184616088867,142.550537109375,169.0915069580078,330.5738830566406,319.5033264160156,135.60000610351562,59.79899978637695,250.8021545410156,93.70379638671876,614.8599853515625,56.28811264038086,163.84909057617188,46.09508514404297,46612.6328125,3745.4404296875,153.34144592285156
2021-12-15,175.13931274414062,321.7602844238281,30.329145431518555,145.0606689453125,173.31500244140625,338.418701171875,325.3299865722656,146.5,60.50400161743164,255.1688232421875,97.23094940185548,630.3300170898438,58.5720100402832,170.42173767089844,46.99471664428711,48896.72265625,4018.388671875,178.34078979492188
2021-12-16,168.2626495361328,312.38580322265625,28.265979766845703,143.08348083496094,168.87100219726562,331.7228698730469,308.97332763671875,138.63999938964844,59.10599899291992,248.3784027099609,96.82756042480467,566.0900268554688,56.8162956237793,160.40061950683594,47.14311218261719,47665.42578125,3962.4697265625,176.9546661376953
2021-12-17,167.1686248779297,311.3282470703125,27.682472229003903,140.3891143798828,170.0175018310547,330.6234130859375,310.8566589355469,137.75,58.67300033569336,248.1919403076172,90.63630676269533,556.6400146484375,58.12347030639648,159.18516540527344,46.94834518432617,46202.14453125,3879.486572265625,175.5032958984375
2021-12-20,165.8109130859375,307.5880432128906,27.6008243560791,140.27220153808594,167.07899475097656,322.3625183105469,299.9800109863281,135.8000030517578,59.374000549316406,242.57913208007807,85.96471405029297,549.77001953125,59.04526138305664,159.068115234375,46.00233459472656,46880.27734375,3933.844482421875,173.67178344726562
2021-12-21,168.97567749023438,314.68377685546875,28.95104217529297,142.12013244628906,170.41700744628906,331.029541015625,312.84332275390625,144.25,60.492000579833984,247.819091796875,85.8427734375,557.52001953125,59.534446716308594,161.68821716308594,47.08747482299805,48936.61328125,4020.260009765625,180.09254455566406
2021-12-22,171.564208984375,320.3662109375,29.274656295776367,145.034912109375,171.03700256347656,327.3150634765625,336.2900085449219,143.8800048828125,61.42399978637695,248.06442260742188,84.29496002197266,563.97998046875,60.35987854003906,163.30885314941406,47.27296829223633,48628.51171875,3982.099609375,178.5971221923828
2021-12-23,172.18934631347656,321.798828125,29.51362991333008,145.53163146972656,171.06849670410156,332.0596008300781,355.6666564941406,146.13999938964844,61.40900039672852,248.3980255126953,84.16362762451172,569.6199951171875,61.24428176879883,164.53335571289062,47.58829879760742,50784.5390625,4108.015625,190.03631591796875
2021-12-27,176.1453857421875,329.2598876953125,30.81307029724121,146.51231384277344,169.66949462890625,342.8958435058594,364.6466674804688,154.36000061035156,61.3120002746582,253.4613342285156,83.9947738647461,577.6799926757812,62.11759567260742,167.76568603515625,48.172607421875,50640.41796875,4037.547607421875,195.42950439453125
2021-12-28,175.12950134277344,328.10601806640625,30.192726135253903,145.30430603027344,170.66099548339844,342.9354553222656,362.8233337402344,153.14999389648438,61.07099914550781,250.66476440429688,83.15989685058594,569.3599853515625,61.63120269775391,166.40609741210938,48.00565719604492,47588.85546875,3800.89306640625,177.42562866210938
2021-12-29,175.21742248535156,328.7791748046875,29.87309455871582,145.27264404296875,169.2010040283203,339.6865539550781,362.0633239746094,148.25999450683594,61.05400085449219,249.77178955078125,82.74713897705078,569.2899780273438,61.96376419067383,167.6486358642578,48.07058334350586,46444.7109375,3628.53173828125,170.65756225585938
2021-12-30,174.06478881835938,326.2503967285156,29.459863662719727,144.82241821289062,168.64450073242188,341.09307861328125,356.7799987792969,145.14999389648438,61.20899963378906,250.5470123291016,82.55952453613281,570.530029296875,61.27008056640625,164.52432250976562,47.98710632324219,47178.125,3713.85205078125,172.75119018554688
2021-12-31,173.4494171142578,323.3659973144531,29.285614013671875,143.4866485595703,166.7169952392578,333.1590881347656,352.260009765625,143.89999389648438,60.24399948120117,249.3695068359375,81.80906677246094,567.0599975585938,61.30046463012695,164.65042114257812,47.76451873779297,46306.4453125,3682.6328125,170.299072265625
2022-01-03,177.78634643554688,321.8564453125,29.992584228515625,143.62481689453125,170.4044952392578,335.3282775878906,399.9266662597656,150.24000549316406,59.73699951171875,250.674560546875,82.45635223388672,564.3699951171875,61.10793685913086,167.65762329101562,49.35049057006836,46458.1171875,3761.38037109375,170.29774475097656
2022-01-04,175.52999877929688,316.33758544921875,29.16512680053711,143.0383758544922,167.52200317382812,333.3374328613281,383.1966552734375,144.4199981689453,59.1150016784668,243.5799865722656,83.33809661865234,554.0,61.80807113647461,168.5759735107422,49.28556060791016,45897.57421875,3794.056640625,167.93890380859375
2022-01-05,170.8609161376953,304.194091796875,27.48631477355957,136.476318359375,164.35699462890625,321.0946655273437,362.7066650390625,136.14999389648438,56.75199890136719,223.40513610839844,81.10552978515625,514.4299926757812,59.235958099365234,167.91871643066406,49.96261215209961,43569.00390625,3550.386962890625,155.0997314453125
2022-01-06,168.0087127685547,301.79034423828125,28.057865142822266,136.44906616210938,163.25399780273438,329.3059997558594,354.8999938964844,136.22999572753906,55.32899856567383,224.85739135742188,81.29381561279297,514.1199951171875,58.68598556518555,167.4235076904297,50.09245681762695,43160.9296875,3418.408203125,150.4313507080078
2022-01-07,168.17474365234375,301.944091796875,27.13083839416504,135.72549438476562,162.5540008544922,328.64239501953125,342.32000732421875,132.0,54.10599899291992,224.03314208984372,82.39544677734375,510.7000122070313,57.03879928588867,162.4354705810547,49.56379699707031,41557.90234375,3193.21044921875,136.40281677246094
2022-01-10,168.19427490234375,302.165283203125,27.283184051513672,137.36241149902344,161.48599243164062,324.9576416015625,352.7066650390625,132.0,53.98500061035156,225.32843017578125,84.06200408935547,525.8300170898438,57.22396469116211,161.77822875976562,51.205413818359375,41821.26171875,3083.097900390625,135.95494079589844
2022-01-11,171.01719665527344,302.84796142578125,27.698406219482425,138.4188232421875,165.36199951171875,331.1978454589844,354.79998779296875,137.30999755859375,54.08399963378906,230.44081115722656,83.30876159667969,529.8900146484375,57.30595779418945,166.92832946777344,51.85464859008789,42735.85546875,3238.111572265625,140.18385314941406
2022-01-12,171.456787109375,306.0112609863281,27.8796329498291,140.09735107421875,165.20700073242188,330.09844970703125,368.739990234375,137.47000122070312,53.72200012207031,233.3748016357422,83.14868927001953,532.3699951171875,57.30134582519531,167.84671020507812,51.69697570800781,43949.1015625,3372.25830078125,151.70310974121094
2022-01-13,168.19427490234375,293.0600280761719,26.46169853210449,137.2806854248047,161.21400451660156,323.3827514648437,343.85333251953125,132.74000549316406,51.91999816894531,224.3471527099609,82.65908813476562,516.9000244140625,55.0157470703125,165.56874084472656,50.95500183105469,42591.5703125,3248.28857421875,146.01004028320312
2022-01-14,169.05384826660156,298.2520751953125,26.827131271362305,138.16575622558594,162.13800048828125,328.7513122558594,349.8699951171875,136.8800048828125,52.56900024414063,226.8984222412109,82.56493377685547,520.5999755859375,54.94020080566406,169.89051818847656,51.65988540649414,43099.69921875,3310.00146484375,146.15902709960938
2022-01-18,165.85972595214844,290.9928894042969,25.79256820678711,134.71607971191406,158.91749572753906,315.1317749023437,343.5033264160156,131.92999267578125,51.08000183105469,221.8252868652344,80.55001831054688,513.3400268554688,53.22853469848633,161.03990173339844,50.78805923461914,42375.6328125,3164.025146484375,141.58718872070312
2022-01-19,162.37258911132812,291.6465759277344,24.96013069152832,133.84288024902344,156.2989959716797,316.55810546875,331.8833312988281,128.27000427246094,51.58599853515625,222.0313873291016,78.50682830810547,516.5800170898438,51.95537567138672,155.28656005859375,49.73074722290039,41744.328125,3095.825927734375,135.79238891601562
2022-01-20,160.69252014160156,289.9833068847656,24.04703521728516,132.05093383789062,151.66749572753906,313.5568542480469,332.0899963378906,121.88999938964844,50.82500076293945,218.7637634277344,77.8853988647461,510.8500061035156,50.458343505859375,149.91134643554688,48.26535034179688,40680.41796875,3001.1201171875,127.20528411865234
2022-01-21,158.64120483398438,284.6278381347656,23.27434730529785,129.12283325195312,142.64300537109375,300.2938842773437,314.6333312988281,118.80999755859376,39.75,214.53448486328125,77.41464233398438,499.9100036621094,49.12347030639648,148.49778747558594,48.26535034179688,36457.31640625,2557.931640625,111.96605682373048
2022-01-24,157.86952209472656,284.9547424316406,23.27235221862793,129.571044921875,144.54400634765625,305.7812805175781,310.0,116.52999877929688,38.71500015258789,218.85206604003903,77.60293579101562,519.6599731445312,49.8927116394043,153.1256866455078,48.172607421875,36654.328125,2440.352294921875,91.65016174316406
2022-01-25,156.072265625,277.37823486328125,22.22882080078125,125.73851013183594,139.98599243164062,297.302490234375,306.1333312988281,111.12999725341795,36.641998291015625,211.35519409179688,76.33182525634766,502.7200012207031,49.207305908203125,148.96597290039062,47.30078887939453,36954.00390625,2455.93505859375,94.72035217285156
2022-01-26,155.9843292236328,285.2816162109375,22.674915313720703,128.01483154296875,138.87249755859375,291.8348693847656,312.4700012207031,110.70999908447266,35.970001220703125,207.0474090576172,74.93832397460938,500.80999755859375,51.32432556152344,150.36158752441406,47.94073867797852,36852.12109375,2468.0302734375,92.23804473876952
2022-01-27,155.52523803710938,288.29107666015625,21.85044479370117,127.78898620605467,139.6374969482422,291.8448486328125,276.3666687011719,102.5999984741211,38.66999816894531,208.75482177734372,75.11724090576172,493.0499877929688,49.959957122802734,145.13941955566406,44.56476211547852,37138.234375,2423.001220703125,89.63249206542969
2022-01-28,166.37741088867188,296.3868103027344,22.742626190185547,132.09402465820312,143.97799682617188,298.8477478027344,282.1166687011719,105.23999786376952,38.43600082397461,217.96893310546875,75.77632141113281,518.1599731445312,51.59885787963867,150.19049072265625,44.26797103881836,37784.33203125,2547.092041015625,91.31289672851562
2022-01-31,170.72413635253906,299.001953125,24.381607055664062,134.02813720703125,149.57350158691406,310.2882080078125,312.239990234375,114.25,42.7140007019043,228.27224731445312,76.41659545898438,534.2999877929688,53.97382354736328,158.24874877929688,45.278907775878906,38483.125,2688.27880859375,99.73883819580078
2022-02-01,170.55810546875,296.8674621582031,24.532958984375,136.3465576171875,151.19349670410156,315.97369384765625,310.4166564941406,116.77999877929688,45.7130012512207,227.7718048095703,76.30360412597656,535.97998046875,54.60395431518555,159.48226928710938,45.39948654174805,38743.2734375,2792.1171875,109.9789810180664
2022-02-02,171.759521484375,301.386474609375,25.134382247924805,146.6049346923828,150.6125030517578,319.9357604980469,301.8866577148437,122.76000213623048,42.948001861572266,220.7949981689453,77.67827606201172,533.0900268554688,55.590599060058594,169.4493408203125,45.91885757446289,36952.984375,2682.85400390625,101.8376007080078
2022-02-03,168.88778686523438,289.64678955078125,23.84590148925781,141.7412109375,138.8455047607422,235.50442504882807,297.0466613769531,120.08000183105467,40.560001373291016,208.7842712402344,77.15099334716797,510.8299865722656,53.51043319702149,161.2560272216797,44.778076171875,37154.6015625,2679.16259765625,101.45903778076172
2022-02-04,168.60415649414062,294.1560974121094,24.21532249450684,141.94232177734375,157.63949584960938,234.84075927734372,307.7733459472656,123.5999984741211,41.016998291015625,215.1232147216797,77.31108093261719,513.5399780273438,54.36810302734375,161.5891571044922,44.86685943603516,41500.875,2983.5869140625,112.17424774169922
2022-02-07,167.8901824951172,289.3583374023437,24.62257575988769,137.88893127441406,157.9355010986328,222.77630615234372,302.4466552734375,123.66999816894533,40.209999084472656,212.9055633544922,76.0211181640625,507.1000061035156,54.135032653808594,157.64553833007812,45.025726318359375,43840.28515625,3142.470703125,117.35514831542967
2022-02-08,170.9906005859375,292.8291931152344,25.00095558166504,138.08502197265625,161.4134979248047,218.0911865234375,307.3333435058594,128.22999572753906,40.35300064086914,213.35696411132807,76.0682144165039,511.30999755859375,55.29488754272461,160.7967987060547,45.61448287963867,44118.4453125,3122.608642578125,113.5954818725586
2022-02-09,172.40872192382812,299.22320556640625,26.59114646911621,140.25735473632812,161.1894989013672,229.79904174804688,310.6666564941406,132.85000610351562,41.28900146484375,217.8806304931641,78.57274627685547,521.75,56.31930160522461,165.62283325195312,46.64247131347656,44338.796875,3239.45703125,114.01937866210938
2022-02-10,168.340087890625,290.73321533203125,25.71389961242676,137.3133544921875,159.0034942626953,225.90635681152344,301.51666259765625,125.7699966430664,40.62699890136719,213.59251403808597,77.06625366210938,495.0199890136719,54.47865295410156,156.72714233398438,45.66121292114258,43565.11328125,3077.482177734375,106.20280456542967
2022-02-11,164.9365234375,283.67596435546875,23.84689712524414,133.01675415039062,153.2935028076172,217.46717834472656,286.6666564941406,113.18000030517578,39.13100051879883,204.0054931640625,75.08898162841797,473.9700012207031,52.82595443725586,148.2366943359375,44.51173400878906,42407.9375,2927.383544921875,96.3818817138672
2022-02-14,165.17123413085938,283.637451171875,24.163543701171875,134.24853515625,155.16700744628906,215.63473510742188,291.9200134277344,114.2699966430664,39.65700149536133,202.5335998535156,74.33575439453125,474.010009765625,53.30131149291992,148.67788696289062,44.46501159667969,42586.91796875,2933.47900390625,96.43327331542967
2022-02-15,168.9954071044922,288.8968811035156,26.382043838500977,135.32086181640625,156.510498046875,218.9034118652344,307.4766540527344,121.47000122070312,40.74599838256836,210.23654174804688,75.10781860351562,479.5,55.5297966003418,155.76377868652344,45.26870346069336,44575.203125,3179.877197265625,104.87330627441406
2022-02-16,168.7606658935547,288.55963134765625,26.397972106933597,136.43971252441406,158.10049438476562,214.48573303222656,307.7966613769531,117.69000244140624,39.80799865722656,207.7735595703125,74.56170654296875,477.7000122070313,55.01758193969727,155.4036407470703,45.07245635986328,43961.859375,3127.830078125,101.93289947509766
2022-02-17,165.17123413085938,280.11004638671875,24.40252113342285,131.28968811035156,154.65249633789062,205.739501953125,292.1166687011719,112.37000274658205,38.66699981689453,196.2829132080078,71.11563873291016,457.7099914550781,53.33999633789063,150.18148803710938,44.455665588378906,40538.01171875,2881.48193359375,93.4104232788086
2022-02-18,163.6259307861328,277.4122619628906,23.541202545166016,129.173828125,152.60150146484375,204.2041931152344,285.6600036621094,113.83000183105467,39.12900161743164,193.15269470214844,70.21172332763672,442.55999755859375,53.43119812011719,150.93777465820312,42.091304779052734,40030.9765625,2785.7275390625,90.06546020507812
2022-02-22,160.71139526367188,277.2099304199219,23.29027366638184,128.58987426757812,150.19749450683594,200.1629180908203,273.84332275390625,115.6500015258789,37.73799896240234,191.4747009277344,69.78804016113281,438.3999938964844,53.1981315612793,149.36216735839844,41.76420593261719,38286.02734375,2639.29931640625,86.46538543701172
2022-02-23,156.55471801757812,270.0320739746094,22.29155158996582,126.38534545898438,144.82699584960938,196.56735229492188,254.67999267578125,109.76000213623048,36.74599838256836,186.9706573486328,68.2344741821289,429.4500122070313,52.0677604675293,145.51759338378906,41.72683334350586,37296.5703125,2590.359619140625,84.90278625488281
2022-02-24,159.16607666015625,283.8288879394531,23.646753311157227,131.4402313232422,151.35800170898438,205.6305389404297,266.92333984375,116.61000061035156,39.00299835205078,200.46310424804688,70.43769836425781,463.8200073242188,53.432125091552734,151.243896484375,43.66131210327149,38332.609375,2598.067138671875,89.19474792480469
2022-02-25,161.22976684570312,286.4496154785156,24.05401039123535,133.19207763671875,153.7884979248047,208.48321533203125,269.9566650390625,121.05999755859376,39.08000183105469,204.1919403076172,71.88771057128906,465.5400085449219,54.1700439453125,153.89999389648438,44.58649444580078,39214.21875,2764.53564453125,92.59882354736328
2022-02-28,161.4938507080078,287.8755187988281,24.28103828430176,133.78396606445312,153.56300354003906,209.0279693603516,290.1433410644531,123.33999633789062,39.45199966430664,206.58621215820312,71.52991485595703,467.6799926757813,54.11753463745117,154.85440063476562,44.57715606689453,43193.234375,2919.201171875,99.52034759521484
2022-03-01,159.61598205566406,284.1758117675781,23.37690734863281,132.7978057861328,151.14199829101562,201.55953979492188,288.1233215332031,113.83000183105467,38.624000549316406,204.97694396972656,71.56757354736328,466.6799926757813,52.52194213867188,147.38136291503906,43.754764556884766,44354.63671875,2972.485107421875,98.65355682373048
2022-03-02,162.90219116210938,289.22442626953125,24.120847702026367,133.30303955078125,152.05250549316406,206.13571166992188,293.2966613769531,118.27999877929688,38.00299835205078,206.4488220214844,73.70490264892578,471.1799926757813,53.9646110534668,153.0230712890625,45.670555114746094,43924.1171875,2950.118408203125,100.6496353149414
2022-03-03,162.5794677734375,285.1104431152344,23.616924285888672,132.6373748779297,147.89849853515625,201.04444885253903,279.7633361816406,111.9800033569336,36.80699920654297,200.9145050048828,73.6766586303711,459.0799865722656,53.30315399169922,149.49696350097656,44.792091369628906,42451.7890625,2834.468994140625,95.53919982910156
2022-03-04,159.58665466308594,279.2717590332031,22.84210777282715,130.6631317138672,145.64100646972656,198.1620635986328,279.42999267578125,108.41000366210938,36.17300033569336,199.20709228515625,72.01951599121094,452.1300048828125,54.90518951416016,146.70323181152344,44.92293167114258,39137.60546875,2617.156005859375,88.24597930908203
2022-03-07,155.80165100097656,268.72174072265625,21.26458740234375,125.18724822998048,137.4530029296875,185.6914978027344,268.1933288574219,102.9499969482422,35.0260009765625,192.5541076660156,69.97635650634766,437.9700012207031,52.57536697387695,135.70912170410156,44.55845642089844,38062.0390625,2497.771240234375,82.13006591796875
2022-03-08,153.98248291015625,265.7735290527344,21.425922393798828,125.90641784667967,136.01449584960938,188.48475646972656,274.79998779296875,105.52999877929688,34.17599868774414,188.4818420410156,69.0442123413086,431.5299987792969,53.05902862548828,136.30580139160156,44.39025115966797,38737.26953125,2576.74755859375,82.2547607421875
2022-03-09,159.37147521972656,277.9613952636719,22.91979217529297,132.16236877441406,139.2790069580078,196.6168670654297,286.3233337402344,111.0500030517578,35.87900161743164,199.35430908203125,71.65231323242188,450.8699951171875,55.00007629394531,142.04701232910156,44.51173400878906,41982.92578125,2729.783447265625,88.20206451416016
2022-03-10,155.03875732421875,275.15777587890625,22.565244674682617,131.1812286376953,146.8175048828125,193.3581085205078,279.4333190917969,106.45999908447266,35.676998138427734,196.40066528320312,72.17018127441406,438.9500122070313,54.14424896240234,139.87709045410156,43.60523986816406,39437.4609375,2608.048583984375,82.9390869140625
2022-03-11,151.33200073242188,269.83935546875,22.009531021118164,128.6463623046875,145.52450561523438,185.8301696777344,265.1166687011719,104.29000091552734,34.03200149536133,194.19284057617188,73.27177429199219,416.3800048828125,53.23405838012695,137.73434448242188,42.82957458496094,38794.97265625,2559.56298828125,80.7449951171875
2022-03-14,147.312255859375,266.3420715332031,21.242677688598636,124.76377868652344,141.85299682617188,184.85948181152344,255.4566650390625,102.25,33.10100173950195,189.5023498535156,72.56562805175781,411.5,52.30821228027344,127.74373626708984,41.49319839477539,39666.75390625,2590.696044921875,81.17333984375
2022-03-15,151.68408203125,276.66070556640625,22.878952026367188,127.98019409179688,147.3665008544922,190.20823669433597,267.2966613769531,109.33000183105467,34.375,192.4657745361328,75.8893051147461,421.6600036621094,54.60762786865234,130.38375854492188,41.8763542175293,39338.78515625,2620.149658203125,82.95508575439453
2022-03-16,156.08526611328125,283.63629150390625,24.395721435546875,132.02420043945312,153.10400390625,201.6982269287109,280.07666015625,115.37000274658205,35.75299835205078,201.7191467285156,75.2867202758789,442.3599853515625,55.930545806884766,136.02554321289062,43.57720184326172,41143.9296875,2772.0556640625,87.90362548828125
2022-03-17,157.09262084960938,284.4360046386719,24.66461944580078,132.57745361328125,157.23899841308594,205.86827087402344,290.5333251953125,111.69000244140624,37.13999938964844,206.46847534179688,75.8893051147461,444.3599853515625,55.52058410644531,138.1773223876953,44.05381393432617,40951.37890625,2814.8544921875,87.87684631347656
2022-03-18,160.3788604736328,289.45562744140625,26.344709396362305,134.84237670898438,161.25050354003906,214.43621826171875,301.7966613769531,113.45999908447266,38.060001373291016,214.7013092041016,76.90618896484375,453.3299865722656,56.2336311340332,139.2261505126953,44.34352493286133,41801.15625,2945.343017578125,89.82203674316406
2022-03-21,161.74810791015625,288.2320251464844,26.62455940246582,134.818603515625,161.4915008544922,209.48367309570312,307.0533447265625,115.91999816894533,37.45899963378906,209.7164764404297,76.228271484375,453.5899963378906,55.76803970336914,140.6727294921875,44.28744888305664,41077.99609375,2897.9765625,88.7572021484375
2022-03-22,165.11257934570312,292.9530639648437,26.41542053222656,138.5496368408203,164.88900756835938,214.5946807861328,331.32666015625,114.77999877929688,38.29199981689453,214.12240600585935,77.01917266845703,466.4500122070313,56.70014953613281,142.4990692138672,45.22197341918945,42358.80859375,2973.131103515625,90.51296997070312
2022-03-23,166.47203063964844,288.550048828125,25.5290584564209,136.9721221923828,163.4080047607422,211.43495178222656,333.03668212890625,113.91999816894533,37.44900131225586,207.1553649902344,75.69158172607422,422.8999938964844,55.59089279174805,138.21351623535156,45.109840393066406,42892.95703125,3031.067138671875,95.1026840209961
2022-03-24,170.24729919433594,292.9915771484375,28.034761428833008,140.23756408691406,163.64950561523438,217.4869842529297,337.97332763671875,120.52999877929688,37.57099914550781,209.9716033935547,77.4334487915039,432.1400146484375,58.09970474243164,143.26756286621094,48.240516662597656,43960.93359375,3108.06201171875,102.22369384765624
2022-03-25,170.88296508789062,292.5868835449219,27.578638076782227,140.33758544921875,164.77349853515625,219.71563720703125,336.8800048828125,119.66999816894533,37.3849983215332,207.0768585205078,76.9532699584961,431.6199951171875,58.32601547241211,142.82456970214844,48.43676376342773,44348.73046875,3106.67138671875,98.6581039428711
2022-03-28,171.74366760253906,299.3505859375,28.10347366333008,140.1221466064453,168.99049377441406,221.4688415527344,363.9466552734375,120.23999786376952,37.85100173950195,211.2472381591797,78.71395874023438,450.010009765625,58.69792175292969,143.25848388671875,48.13771438598633,47128.00390625,3336.634521484375,106.46525573730467
2022-03-29,175.0299072265625,303.8884582519531,28.53868865966797,141.1622314453125,169.31500244140625,227.67938232421875,366.5233459472656,123.2300033569336,39.18199920654297,217.1446685791016,79.36365509033203,466.3299865722656,59.494625091552734,145.6273651123047,48.82926940917969,47465.73046875,3401.98779296875,111.71031188964844
2022-03-30,173.86602783203125,302.3950500488281,27.576644897460938,140.60060119628906,166.30099487304688,225.68844604492188,364.663330078125,119.22000122070312,38.14699935913086,210.91360473632807,78.48799896240234,460.05999755859375,58.53190231323242,138.08692932128906,48.06295776367188,47062.6640625,3385.157958984375,120.6994857788086
2022-03-31,170.77542114257812,297.0477294921875,27.174299240112305,137.75665283203125,162.99749755859375,220.25051879882807,359.20001220703125,109.33999633789062,37.45899963378906,208.3426971435547,77.89482879638672,455.6199951171875,58.401123046875,138.1682891845703,46.31538009643555,45538.67578125,3281.642822265625,122.66146087646484
2022-04-01,170.4819793701172,298.11724853515625,26.60264778137207,138.82943725585938,163.55999755859375,222.7168884277344,361.5299987792969,108.19000244140624,37.34700012207031,208.2740173339844,77.21691131591797,458.1900024414063,58.15070724487305,132.89724731445312,44.96031188964844,46281.64453125,3449.55224609375,134.43093872070312
2022-04-04,174.52130126953125,303.46453857421875,27.24799919128418,141.62384033203125,168.34649658203125,231.671142578125,381.8166809082031,110.52999877929688,39.150001525878906,214.7503662109375,79.15650177001953,468.80999755859375,58.880638122558594,139.0633544921875,45.97895050048828,46622.67578125,3521.2412109375,132.41262817382812
2022-04-05,171.21554565429688,299.52392578125,25.824846267700195,139.26580810546875,164.05499267578125,229.64056396484372,363.7533264160156,106.81999969482422,38.01499938964844,206.2035369873047,78.09254455566406,458.5799865722656,56.95798110961914,131.5139617919922,44.979000091552734,45555.9921875,3411.79248046875,126.86223602294922
2022-04-06,168.0564727783203,288.55963134765625,24.307079315185547,135.26092529296875,158.75599670410156,221.1815948486328,348.586669921875,103.66999816894533,36.834999084472656,197.05810546875,77.32047271728516,444.3299865722656,55.83388519287109,125.92642974853516,44.4276237487793,43206.73828125,3171.69189453125,112.88338470458984
2022-04-07,168.35964965820312,290.361328125,24.1088981628418,134.6076202392578,157.7845001220703,220.8349151611328,352.4200134277344,103.72000122070312,36.21500015258789,196.41049194335935,77.07472229003906,452.7200012207031,55.9312744140625,125.87220001220705,44.44632339477539,43503.84765625,3233.274658203125,118.79651641845705
2022-04-08,166.3546905517578,286.1220397949219,23.02435874938965,132.03114318847656,154.4604949951172,220.2207946777344,341.8299865722656,101.0,35.5880012512207,193.47650146484372,76.507568359375,445.3399963378906,54.44268035888672,123.58477020263672,43.941673278808594,42287.6640625,3192.073974609375,109.8008804321289
2022-04-11,162.11000061035156,274.8398132324219,21.82727813720703,127.60922241210938,151.1219940185547,214.4065093994141,325.3099975585937,97.37000274658205,34.79999923706055,191.7887115478516,75.3921890258789,434.4400024414063,53.85002136230469,122.38229370117188,43.52113342285156,39521.90234375,2981.05224609375,99.33910369873048
2022-04-12,163.97804260253906,271.7567138671875,21.415971755981445,126.51066589355467,150.78750610351562,212.10850524902344,328.9833374023437,95.0999984741211,34.40999984741211,191.1606903076172,74.98572540283203,426.7699890136719,54.263668060302734,123.04231262207033,43.45571517944336,40127.18359375,3030.37646484375,103.30638885498048
2022-04-13,166.65786743164062,277.1136169433594,22.112104415893555,128.6696319580078,155.54100036621094,212.95040893554688,340.7900085449219,97.73999786376952,35.042999267578125,192.05364990234372,75.38273620605469,431.6700134277344,54.95649719238281,127.0294952392578,43.93232727050781,41166.73046875,3118.34423828125,105.00194549560548
2022-04-14,161.6600799560547,269.6080627441406,21.170976638793945,125.53543853759766,151.7064971923828,208.18606567382807,328.3333435058594,93.05999755859376,34.112998962402344,185.86184692382807,75.09915924072266,420.4400024414063,53.22304916381836,123.78369903564452,42.68004989624024,39935.515625,3019.909423828125,100.70780181884766
2022-04-18,161.44493103027344,270.27294921875,21.69382667541504,126.47303009033205,152.78500366210938,208.7704620361328,334.7633361816406,93.88999938964844,33.7859992980957,183.5068206787109,73.93651580810547,425.4700012207031,54.39630126953125,125.9626235961914,43.586551666259766,40826.21484375,3057.606689453125,102.15853118896484
2022-04-19,163.72373962402344,274.8783264160156,22.107133865356445,128.7835235595703,158.11549377441406,215.24839782714844,342.7166748046875,96.93000030517578,34.86100006103516,187.8047637939453,75.2031478881836,436.3999938964844,55.42765045166016,127.52676391601562,44.792091369628906,41502.75,3104.1064453125,108.58203125
2022-04-20,163.55752563476562,275.8996887207031,21.394062042236328,126.83309936523438,153.9980010986328,198.51866149902344,325.7333374023437,94.0199966430664,22.61899948120117,182.74142456054688,75.8931655883789,428.1099853515625,55.43693161010742,126.8848114013672,44.96031188964844,41374.37890625,3077.745849609375,105.49700164794922
2022-04-21,162.7652587890625,270.5523376464844,20.10037422180176,123.63799285888672,148.29600524902344,186.2858123779297,336.260009765625,89.8499984741211,21.82200050354004,173.91001892089844,75.12752532958984,417.4800109863281,54.97410583496094,123.06039428710938,44.39025115966797,40527.36328125,2987.480712890625,101.77613830566406
2022-04-22,158.23695373535156,264.0200500488281,19.43511199951172,118.50780487060548,144.35000610351562,182.36338806152344,335.01666259765625,88.13999938964844,21.552000045776367,168.2186737060547,72.03660583496094,408.6700134277344,54.43804168701172,120.0767593383789,43.49310302734375,39740.3203125,2964.835693359375,100.61205291748048
2022-04-25,159.3030242919922,270.4656066894531,19.820528030395508,121.91390991210938,146.07400512695312,185.21604919433597,332.67333984375,90.69000244140624,20.99099922180176,171.29986572265625,72.7644271850586,413.9500122070313,54.5242919921875,123.4672622680664,43.97905349731445,40458.30859375,3009.3935546875,101.24763488769533
2022-04-26,153.3565216064453,260.3491516113281,18.71108627319336,117.53160095214844,139.39100646972656,179.23338317871094,292.1400146484375,85.16000366210938,19.84000015258789,166.89393615722656,70.4296875,399.1199951171875,51.94498825073242,120.70062255859376,42.53987884521485,38117.4609375,2808.29833984375,95.78215026855467
2022-04-27,153.131591796875,272.87432861328125,18.33961677551269,113.2171630859375,138.16700744628906,173.290283203125,293.836669921875,84.91000366210938,18.85400009155273,171.4077911376953,70.66598510742188,397.8999938964844,51.89583206176758,122.1472396850586,42.25951385498047,39241.12109375,2888.9296875,98.37886810302734
2022-04-28,160.04637145996094,279.0501708984375,19.701017379760746,117.4052963256836,144.59649658203125,203.7782287597656,292.5033264160156,89.63999938964844,19.95199966430664,182.2606201171875,71.97042083740234,410.5299987792969,53.69512939453125,133.982177734375,43.77345275878906,39773.828125,2936.94091796875,98.18572998046876
2022-04-29,154.1878662109375,267.38250732421875,18.47107696533203,113.03389739990234,124.28150177001952,198.5681610107422,290.2533264160156,85.5199966430664,19.035999298095703,172.64422607421875,69.3804702758789,395.9500122070313,51.41818237304688,126.29713439941406,40.73622512817383,38609.82421875,2815.601806640625,94.01134490966795
2022-05-02,154.4910888671875,274.07861328125,19.45303726196289,115.48407745361328,124.5,209.1270751953125,300.9800109863281,89.83999633789062,19.94599914550781,174.24365234375,69.94760131835938,407.2900085449219,53.45491027832031,131.34214782714844,42.01654052734375,38529.328125,2857.410400390625,87.58101654052734
2022-05-03,155.97769165039062,271.48687744140625,19.521753311157227,116.2280044555664,124.25350189208984,210.01849365234372,303.0833435058594,91.12999725341795,19.98699951171875,175.0188751220703,69.27649688720703,407.5799865722656,53.90196228027344,130.42897033691406,42.10999298095703,37750.453125,2783.476318359375,85.84237670898438
2022-05-04,162.3740234375,279.3873596191406,20.250755310058597,121.10857391357422,125.92849731445312,221.29055786132807,317.5400085449219,99.41999816894533,20.400999069213867,182.00547790527344,71.09133911132812,423.3500061035156,55.98784637451172,134.7597198486328,43.49310302734375,39698.37109375,2940.644775390625,92.7708511352539
2022-05-05,153.3272247314453,267.2186889648437,18.7668571472168,115.4073257446289,116.40699768066406,206.3040771484375,291.09332275390625,93.87000274658205,18.832000732421875,169.07237243652344,68.8133316040039,400.510009765625,53.79251480102539,128.06019592285156,42.00957107543945,36575.140625,2749.213134765625,84.59602355957031
2022-05-06,154.05203247070312,264.6944580078125,18.598546981811523,114.65547943115234,114.77249908447266,201.83688354492188,288.54998779296875,95.33999633789062,18.097000122070312,166.5210723876953,68.52029418945312,391.010009765625,53.80271530151367,127.10179901123048,41.72699737548828,36040.921875,2694.979736328125,81.76410675048828
2022-05-09,148.93914794921875,254.9151611328125,16.8806095123291,111.45047760009766,108.78900146484376,194.34860229492188,262.3699951171875,86.36000061035156,17.309999465942383,160.5353546142578,67.6223373413086,376.9100036621094,52.20932388305664,121.9844741821289,40.56843948364258,30296.953125,2245.430419921875,63.2696533203125
2022-05-10,151.33889770507812,259.6555480957031,17.522974014282227,113.31671142578124,108.85900115966795,195.77491760253903,266.67999267578125,88.7300033569336,17.766000747680664,164.01885986328125,68.55810546875,393.0299987792969,53.922359466552734,123.69326782226562,41.45384216308594,31022.90625,2343.510986328125,66.76615142822266
2022-05-11,143.49325561523438,251.0323944091797,16.561922073364258,112.53167724609376,105.37200164794922,186.949462890625,244.6666717529297,87.91999816894531,16.636999130249023,158.24900817871094,67.1402587890625,379.3299865722656,52.59792709350586,119.61564636230467,40.34238052368164,28936.35546875,2072.108642578125,50.21084976196289
2022-05-12,139.63412475585938,246.02235412597656,16.108779907226562,111.78033447265624,106.93049621582033,189.4257354736328,242.6666717529297,87.05999755859375,17.430999755859375,157.4149169921875,66.856689453125,388.489990234375,53.01158905029297,119.13648986816406,40.35179138183594,29047.751953125,1961.7015380859373,44.683589935302734
2022-05-13,144.09072875976562,251.5815887451172,17.633520126342773,114.95661163330078,113.05500030517578,196.7357177734375,256.5299987792969,95.12000274658205,18.763999938964844,163.78334045410156,67.2725830078125,405.4500122070313,54.55767822265625,121.9935073852539,41.067657470703125,29283.103515625,2014.418212890625,48.59355163574219
2022-05-16,142.5529327392578,251.94775390625,17.193326950073242,113.36622619628906,110.8105010986328,198.1422271728516,241.4566650390625,94.23999786376952,18.650999069213867,161.0456085205078,65.8925552368164,402.8599853515625,54.04108047485352,121.07131958007812,40.57786178588867,29862.91796875,2022.7259521484373,53.646461486816406
2022-05-17,146.1770782470703,257.0733947753906,18.10259246826172,115.3751220703125,115.36849975585938,200.69781494140625,253.8699951171875,102.47000122070312,19.05599975585937,160.6629180908203,67.9437026977539,409.6499938964844,56.404273986816406,126.29713439941406,41.82118606567383,30425.857421875,2090.4091796875,57.12562561035156
2022-05-18,137.92982482910156,245.3689422607422,16.868661880493164,110.84473419189452,107.1125030517578,190.416259765625,236.60333251953125,96.27999877929688,17.7189998626709,154.38279724121094,64.55975341796875,397.8800048828125,52.91883850097656,117.94303894042967,39.8902587890625,28720.271484375,1916.6561279296875,49.75621032714844
2022-05-19,134.53103637695312,244.4611358642578,17.05389976501465,109.34351348876952,107.31900024414062,189.47528076171875,236.47332763671875,96.66999816894533,18.347999572753903,152.68521118164062,63.36875915527344,394.3800048828125,50.65951156616211,118.05152130126952,39.57000350952149,30314.333984375,2018.336181640625,52.2139778137207
2022-05-20,134.76614379882812,243.90103149414065,16.62565803527832,107.88143920898438,107.59100341796876,191.70391845703125,221.3000030517578,93.5,18.63500022888184,156.6593475341797,64.87168884277344,399.0899963378906,50.37942123413086,118.98277282714844,39.23091125488281,29200.740234375,1961.315673828125,49.53850936889648
2022-05-23,140.17282104492188,251.7135772705078,16.82882308959961,110.4371109008789,107.55699920654295,194.36839294433597,224.96665954589844,95.06999969482422,18.74399948120117,157.31678771972656,66.20448303222656,406.760009765625,48.818485260009766,119.4529266357422,39.56058883666992,29098.91015625,1972.181884765625,49.05685043334961
2022-05-24,137.47926330566406,250.71897888183597,16.087867736816406,104.97113800048828,104.0999984741211,179.5602264404297,209.3866729736328,91.16000366210938,18.03400039672852,153.9902801513672,65.24977111816406,398.4100036621094,48.61814880371094,116.20710754394533,39.24975204467773,29655.5859375,1978.9827880859373,49.65333557128906
2022-05-25,137.635986328125,253.5195159912109,16.905508041381836,104.80768585205078,106.7750015258789,182.0860290527344,219.6000061035156,92.6500015258789,18.78300094604492,156.6593475341797,66.0059814453125,402.5,49.30725860595703,118.64826965332033,39.748966217041016,29562.361328125,1944.827880859375,47.98242568969727
2022-05-26,140.82904052734375,256.7836608886719,17.777923583984375,106.77643585205078,111.07749938964844,189.81207275390625,235.91000366210935,98.75,19.13999938964844,159.4167022705078,67.73576354980469,408.6000061035156,51.07224655151367,121.91212463378906,40.95462417602539,29267.224609375,1803.913330078125,43.4912109375
2022-05-27,146.56881713867188,263.8719482421875,18.73399353027344,111.25779724121094,115.14649963378906,193.2788543701172,253.2100067138672,102.26000213623048,19.518999099731445,162.00726318359375,68.7944107055664,428.2200012207031,54.09765625,126.36040496826172,41.96247482299805,28627.57421875,1724.9228515625,40.98134613037109
2022-05-31,145.78521728515625,262.54901123046875,18.595558166503903,112.68968200683594,120.20950317382812,191.8029937744141,252.7533264160156,101.86000061035156,19.74399948120117,157.23828125,67.98151397705078,416.4800109863281,53.805511474609375,129.48873901367188,41.840030670166016,31792.310546875,1942.3280029296875,45.76784133911133
2022-06-01,145.65789794921875,263.080078125,18.24500274658203,112.81844329833984,121.68399810791016,186.85040283203125,246.7899932861328,101.22000122070312,19.291000366210938,172.7717742919922,67.67903137207031,418.1600036621094,53.20172500610352,127.26195526123048,41.54803466796875,29799.080078125,1823.5693359375,40.26966857910156
2022-06-02,148.10658264160156,265.1660461425781,19.511795043945312,116.5137939453125,125.51100158691406,196.97344970703125,258.3333435058594,108.58999633789062,20.50900077819824,184.8707733154297,69.13469696044922,441.2799987792969,53.4910888671875,132.8788299560547,42.23563766479492,30467.48828125,1834.1505126953125,40.8913459777832
2022-06-03,142.396240234375,260.762451171875,18.64336585998535,113.46134185791016,122.3499984741211,188.97007751464844,234.51666259765625,106.3000030517578,19.89800071716309,181.4461669921875,67.85863494873047,429.760009765625,52.24641418457031,128.3525848388672,40.86985778808594,29704.390625,1775.07861328125,38.259220123291016
2022-06-06,143.140625,259.53594970703125,18.70909309387207,115.7193603515625,124.79000091552734,192.4071807861328,238.27999877929688,105.6500015258789,19.714000701904297,179.4443359375,68.97401428222656,429.4599914550781,52.05257797241211,127.64368438720705,40.82275390625,31370.671875,1859.2896728515625,42.43313217163086
2022-06-07,145.65789794921875,263.1573486328125,18.84851837158203,116.04524230957033,123.0,193.7938995361328,238.8866729736328,105.27999877929688,19.86100006103516,183.6442108154297,68.7093505859375,433.4200134277344,53.143287658691406,128.96151733398438,41.0017204284668,31155.478515625,1814.04833984375,39.43757247924805
2022-06-08,144.92333984375,261.1390686035156,18.575586318969727,116.08931732177734,121.18000030517578,194.7745056152344,241.86666870117188,101.9000015258789,20.28300094604492,185.64596557617188,67.47107696533203,428.8399963378906,52.43562698364258,126.29853057861328,38.83530426025391,30214.35546875,1793.572265625,38.84336853027344
2022-06-09,139.71246337890625,255.7118225097656,17.97791290283203,113.75306701660156,116.1500015258789,182.2544403076172,239.7066650390625,98.8000030517578,19.277000427246094,183.6049346923828,65.42938232421875,426.4200134277344,51.5879135131836,124.2535400390625,37.68616485595703,30111.998046875,1789.8260498046875,39.97260665893555
2022-06-10,134.3155517578125,244.3162841796875,16.90808868408203,110.11369323730467,109.6500015258789,173.90440368652344,232.22999572753903,94.81999969482422,18.29400062561035,175.10716247558594,63.46329879760742,393.8399963378906,50.20134353637695,121.0633544921875,36.90437698364258,29083.8046875,1665.042236328125,37.08976745605469
2022-06-13,129.17332458496094,233.95416259765625,15.586237907409668,105.38963317871094,103.66999816894533,162.7017059326172,215.73666381835935,86.98999786376953,16.9689998626709,162.91983032226562,60.5424919128418,371.6499938964844,48.00787734985352,116.93702697753906,35.57627487182617,22487.388671875,1204.582763671875,28.19236183166504
2022-06-14,130.03529357910156,236.10772705078125,15.774506568908691,105.70958709716795,102.30999755859376,162.1767120361328,220.88999938964844,86.98999786376953,16.753999710083008,161.3694305419922,66.84724426269531,370.8200073242188,48.24437713623047,118.3912353515625,35.72697448730469,22206.79296875,1211.662841796875,29.714618682861328
2022-06-15,132.65045166015625,243.1284637451172,16.462820053100586,108.72986602783205,107.66999816894533,167.743408203125,233.0,89.30000305175781,18.01099967956543,165.39260864257812,65.88309478759766,376.9200134277344,48.85094833374024,119.09105682373048,36.405155181884766,22572.83984375,1233.2064208984375,34.48794174194336
2022-06-16,127.39064025878906,236.5712738037109,15.540417671203612,105.03402709960938,103.66000366210938,159.34384155273438,213.1000061035156,82.05000305175781,17.334999084472656,156.85562133789062,64.94731140136719,365.0799865722656,46.11211013793945,109.81136322021484,35.17124557495117,20381.650390625,1067.730712890625,29.98974227905273
2022-06-17,128.85986328125,239.15936279296875,15.81833553314209,106.13357543945312,106.22000122070312,162.18666076660156,216.75999450683597,81.56999969482422,17.551000595092773,160.20169067382812,64.01152038574219,360.7900085449219,46.24844741821289,109.96587371826172,34.82273864746094,20471.482421875,1086.519287109375,30.742919921875
2022-06-21,133.08143615722656,245.04058837890625,16.501672744750977,110.49259948730467,108.68000030517578,155.56008911132812,237.0366668701172,83.79000091552734,17.090999603271484,163.70481872558594,63.97370529174805,362.989990234375,47.11066818237305,113.05609130859376,35.53859329223633,20710.59765625,1124.8245849609375,36.12115859985352
2022-06-22,132.57212829589844,244.45150756835935,16.29647445678711,110.43661499023438,108.9499969482422,154.3715057373047,236.086669921875,83.75,17.888999938964844,164.313232421875,62.88669204711914,365.3299865722656,46.39339828491211,111.02926635742188,35.208919525146484,19987.029296875,1051.421875,34.12163543701172
2022-06-23,135.43218994140625,249.98501586914065,16.161996841430664,111.18401336669922,112.44000244140624,157.24395751953125,235.07000732421875,82.43000030517578,18.17099952697754,169.80831909179688,63.92646026611328,376.6400146484375,46.43829727172852,109.14787292480467,35.2371826171875,21085.876953125,1143.38671875,38.17523193359375
2022-06-24,138.75259399414062,258.52197265625,17.05949592590332,116.86296081542967,116.45999908447266,168.54574584960938,245.7066650390625,87.08000183105469,19.084999084472656,182.43722534179688,66.82830810546875,387.7200012207031,47.608177185058594,113.70138549804688,36.36748123168945,21231.65625,1226.8447265625,42.2120475769043
2022-06-27,138.75259399414062,255.8083038330078,16.80349349975586,114.7416534423828,113.22000122070312,167.88209533691406,244.9199981689453,86.16000366210938,18.91399955749512,177.91360473632812,66.5542221069336,381.0700073242188,47.292091369628906,115.59187316894533,36.38631820678711,20735.478515625,1193.6806640625,38.45125198364258
2022-06-28,134.61917114257812,247.6866607666016,15.919939041137695,110.95171356201172,107.4000015258789,159.15567016601562,232.663330078125,80.77999877929688,17.959999084472656,168.2480926513672,64.82443237304688,365.6300048828125,46.613162994384766,119.60913848876952,35.5856819152832,20280.634765625,1144.5792236328125,35.326438903808594
2022-06-29,136.3724822998047,251.33702087402344,15.481648445129396,110.64859771728516,108.91999816894533,162.38473510742188,228.4900054931641,77.98999786376953,17.836000442504883,167.4140167236328,65.41991424560547,368.5,45.861289978027344,118.36396026611328,35.1241455078125,20104.0234375,1098.94384765625,33.8739013671875
2022-06-30,133.91400146484375,248.024658203125,15.10013484954834,107.93590545654295,106.20999908447266,159.7202606201172,224.47332763671875,76.47000122070312,17.48699951171875,161.9483642578125,66.04377746582031,366.05999755859375,45.43111801147461,116.10084533691406,35.2371826171875,19784.7265625,1067.298828125,33.588417053222656
2022-07-01,136.07861328125,250.6803131103516,14.466604232788086,107.71253204345705,109.55999755859376,158.51182556152344,227.26333618164065,73.66999816894531,17.9950008392334,165.04917907714844,66.989013671875,368.4800109863281,44.68578720092773,112.2744369506836,34.22932052612305,19269.3671875,1059.767333984375,32.803070068359375
2022-07-05,138.6546173095703,253.83827209472656,14.905890464782717,112.19538116455078,113.5,166.59442138671875,233.0666656494141,75.19999694824219,18.58799934387207,168.97422790527344,68.04769134521484,376.489990234375,44.54178237915039,114.36487579345705,34.55899429321289,20190.115234375,1134.541015625,35.39555358886719
2022-07-06,139.98672485351562,257.0831298828125,15.071246147155762,113.49205017089844,114.33000183105467,168.15939331054688,231.73333740234372,75.3499984741211,18.4060001373291,169.4943084716797,67.73576354980469,382.8299865722656,45.131866455078125,115.4828109741211,34.84157943725586,20548.24609375,1186.9739990234375,37.07356262207031
2022-07-07,143.34632873535156,259.19793701171875,15.796420097351074,117.66334533691406,116.33000183105467,170.55645751953125,244.5433349609375,79.30000305175781,18.927000045776367,173.33106994628906,67.89645385742188,390.8900146484375,46.62158203125,122.1540069580078,35.92477798461914,21637.587890625,1237.5933837890625,38.51830673217773
2022-07-08,144.02215576171875,258.4833068847656,15.77649974822998,118.22848510742188,115.54000091552734,169.25889587402344,250.76333618164065,79.3499984741211,18.697999954223636,172.21241760253906,67.93425750732422,389.4400024414063,46.63560485839844,123.61729431152344,35.78349304199219,21731.1171875,1222.5062255859375,38.286720275878906
2022-07-11,141.89669799804688,255.4413146972656,15.093159675598145,114.58612823486328,111.75,161.33480834960938,234.3433380126953,76.94999694824219,17.733999252319336,171.09375,67.9532470703125,384.1600036621094,45.15524291992188,120.1908187866211,35.03937149047852,19970.556640625,1097.236572265625,33.463600158691406
2022-07-12,142.8664093017578,244.97299194335935,15.02343463897705,112.94574737548828,109.22000122070312,161.72109985351562,233.07000732421875,76.36000061035156,17.44499969482422,163.21421813964844,66.85187530517578,375.5400085449219,45.01591110229492,120.83612823486328,35.048797607421875,19323.9140625,1038.191650390625,32.75759506225586
2022-07-13,142.5040283203125,244.0555419921875,15.10511302947998,110.30388641357422,110.4000015258789,161.9390106201172,237.0399932861328,77.5199966430664,17.6560001373291,160.4274139404297,66.49107360839844,371.9400024414063,45.0495719909668,123.2810516357422,35.048797607421875,20212.07421875,1113.587158203125,34.91093826293945
2022-07-14,145.4228057861328,245.3689422607422,15.312307357788086,109.3271942138672,110.62999725341795,156.5506134033203,238.31333923339844,78.5999984741211,17.47800064086914,158.02328491210938,65.94036102294922,372.9599914550781,45.32171249389648,128.9706573486328,35.51975631713867,20569.919921875,1191.5262451171875,37.10782241821289
2022-07-15,147.08792114257812,247.91842651367188,15.700791358947754,110.723876953125,113.5500030517578,163.13751220703125,240.0666656494141,81.11000061035156,18.910999298095703,164.24456787109375,67.16519927978516,379.8599853515625,46.240028381347656,131.21559143066406,36.37689971923828,20836.328125,1233.129150390625,37.41592788696289
2022-07-18,144.0515899658203,245.5330810546875,16.03847885131836,108.00227355957033,113.76000213623048,165.6435089111328,240.54666137695312,81.43000030517578,19.09199905395508,164.74497985839844,66.66197967529297,375.2300109863281,45.92207717895508,128.77976989746094,36.461673736572266,22485.689453125,1578.7178955078125,43.74615859985352
2022-07-19,147.90090942382812,250.63206481933597,16.926015853881836,112.73722076416016,118.20999908447266,174.11239624023438,245.52999877929688,85.87999725341797,20.163000106811523,170.55409240722656,68.58939361572266,387.8299865722656,47.59975814819336,133.9422149658203,37.88397216796875,23389.43359375,1542.9752197265625,44.89987564086914
2022-07-20,149.89901733398438,253.27810668945312,17.737852096557617,112.82638549804688,122.7699966430664,181.35304260253903,247.5,89.43000030517578,21.643999099731445,179.0322265625,68.92169952392578,401.489990234375,47.85880279541016,137.88682556152344,38.204227447509766,23231.732421875,1520.20068359375,42.09366989135742
2022-07-21,152.16160583496094,255.76004028320312,17.979907989501953,113.26222229003906,124.62999725341795,181.43231201171875,271.7066650390625,91.08999633789062,22.38800048828125,181.8779144287109,70.77316284179688,408.9100036621094,48.4114875793457,141.6586456298828,38.25131988525391,23164.62890625,1576.74951171875,43.19059371948242
2022-07-22,150.927490234375,251.4335479736328,17.251747131347656,106.8829345703125,122.41999816894533,167.6641387939453,272.24334716796875,88.0999984741211,22.04400062561035,179.05186462402344,71.11497497558594,401.8999938964844,47.92893600463867,139.6955108642578,36.9232177734375,22714.978515625,1537.4051513671875,40.61850357055664
2022-07-25,149.81085205078125,249.9560546875,16.9578914642334,106.49659729003906,121.13999938964844,165.06903076171875,268.4333190917969,87.54000091552734,21.85099983215332,173.96890258789062,71.07698059082031,391.9599914550781,47.98411560058594,139.28648376464844,36.88553237915039,21361.701171875,1445.3834228515625,36.71199798583984
2022-07-26,148.48858642578125,243.263671875,16.468801498413086,104.0300750732422,114.80999755859376,157.64016723632812,258.8599853515625,85.25,21.391000747680664,167.26681518554688,70.2889175415039,379.260009765625,47.79521179199219,136.3052978515625,36.69715118408203,21239.75390625,1441.8067626953125,36.19085311889648
2022-07-27,153.57205200195312,259.5262756347656,17.720918655395508,111.99430084228516,120.97000122070312,167.9712371826172,274.82000732421875,89.81999969482422,22.674999237060547,176.92251586914062,72.03593444824219,392.7799987792969,49.35693359375,139.4409637451172,37.846290588378906,22930.548828125,1636.232666015625,40.3078498840332
2022-07-28,154.12060546875,266.9333801269531,17.914159774780273,113.14336395263672,122.27999877929688,159.19528198242188,280.8999938964844,91.66999816894533,22.601999282836918,177.8939666748047,73.1468276977539,403.5,49.90119934082031,133.1060791015625,37.403587341308594,23843.88671875,1725.4681396484375,42.84526824951172
2022-07-29,159.1746826171875,271.1148986816406,18.092470169067383,115.22355651855467,134.9499969482422,157.5906524658203,297.1499938964844,94.47000122070312,22.489999771118164,180.5728302001953,73.90638732910156,410.1199951171875,50.07606887817383,131.84271240234375,34.20106887817383,23804.6328125,1727.406982421875,41.92699813842773
2022-08-01,158.1951904296875,268.47857666015625,18.369394302368164,113.77731323242188,135.38999938964844,158.41273498535156,297.27667236328125,96.77999877929688,22.621000289916992,179.5522918701172,73.52661895751953,411.0899963378906,50.159297943115234,133.9967498779297,34.813316345214844,23314.19921875,1635.19580078125,41.78648376464844
2022-08-02,156.72601318359375,265.3977966308594,18.454057693481445,114.0447769165039,134.16000366210938,158.67030334472656,300.586669921875,99.29000091552734,22.142000198364254,180.34710693359372,72.49169158935547,409.9599914550781,49.676753997802734,133.6332244873047,33.91849136352539,22978.1171875,1632.9454345703125,39.7545051574707
2022-08-03,162.7203826904297,272.7855529785156,18.81963157653809,116.96697998046876,139.52000427246094,167.19862365722656,307.39666748046875,98.08999633789062,22.67300033569336,186.09735107421875,73.46014404296875,424.5400085449219,51.12906265258789,135.5691375732422,34.39887237548828,22846.5078125,1618.87451171875,38.54441833496094
2022-08-04,162.40696716308594,273.9250793457031,19.1403865814209,117.0759506225586,142.57000732421875,168.95184326171875,308.6333312988281,103.91000366210938,22.99099922180176,187.68701171875,73.4886245727539,430.5899963378906,51.69577026367188,137.2505645751953,33.927921295166016,22630.95703125,1608.205810546875,38.83067321777344
2022-08-05,162.18136596679688,273.2104187011719,18.91526222229004,116.36273956298828,140.8000030517578,165.52464294433594,288.1700134277344,102.30999755859376,22.67799949645996,186.60760498046875,73.441162109375,433.4299926757813,51.5685920715332,136.5234832763672,33.671024322509766,23289.314453125,1732.254638671875,40.561031341552734
2022-08-08,161.71055603027344,270.7093505859375,17.723907470703125,116.19432830810548,139.41000366210938,168.63487243652344,290.42333984375,100.06999969482422,23.349000930786133,186.1954498291016,72.60562133789062,434.3399963378906,51.01591491699219,134.34213256835938,33.66151809692383,23809.486328125,1775.51611328125,42.17055130004883
2022-08-09,161.7595977783203,272.62139892578125,17.0196475982666,115.53063201904295,137.8300018310547,166.93118286132812,283.3333435058594,95.54000091552734,22.99399948120117,178.826171875,72.89046478271484,426.5700073242188,49.82544708251953,129.52505493164062,32.84328842163086,23164.318359375,1703.0250244140625,40.37262344360352
2022-08-10,165.996826171875,279.2461242675781,18.0267276763916,118.57170104980467,142.69000244140625,176.64810180664062,294.3566589355469,99.0500030517578,24.410999298095703,185.0768585205078,73.62156677246094,438.3999938964844,51.47227096557617,133.59686279296875,33.652000427246094,23947.642578125,1851.74267578125,42.365867614746094
2022-08-11,165.26116943359375,277.1795959472656,17.872329711914062,117.71981048583984,140.63999938964844,175.8061981201172,286.6300048828125,98.12000274658205,24.270000457763672,183.23204040527344,73.2607650756836,434.8900146484375,51.00655364990234,134.3603515625,33.86131286621094,23957.529296875,1881.22412109375,42.8217887878418
2022-08-12,168.80201721191406,281.90191650390625,18.636350631713867,120.53304290771484,143.5500030517578,178.78761291503906,300.0299987792969,100.83000183105467,24.93000030517578,186.33287048339844,75.1501693725586,445.6700134277344,52.20356369018555,137.5050506591797,34.35606002807617,24402.818359375,1957.2464599609373,45.33475875854492
2022-08-15,169.8711395263672,283.4084167480469,18.95809364318848,120.92929077148438,143.17999267578125,179.1739044189453,309.32000732421875,101.01000213623048,24.910999298095703,187.48092651367188,75.11222076416016,451.0199890136719,52.27183151245117,138.26849365234375,34.57488250732422,24136.97265625,1904.2281494140625,43.82322311401367
2022-08-16,169.7141876220703,282.67449951171875,18.805688858032227,120.5528564453125,144.77999877929688,177.7673797607422,306.5633239746094,100.1999969482422,24.569000244140625,186.03846740722656,75.50148010253906,447.55999755859375,51.58823394775391,136.35984802246094,34.432167053222656,23883.291015625,1878.139404296875,43.15880584716797
2022-08-17,171.20504760742188,281.9292907714844,18.2637996673584,118.42312622070312,142.10000610351562,173.1912384033203,303.9966735839844,98.2699966430664,24.114999771118164,184.43902587890625,75.2451400756836,437.8200073242188,50.36690902709961,134.99655151367188,34.042083740234375,23335.998046875,1832.9996337890625,40.403053283691406
2022-08-18,170.81271362304688,280.8163757324219,18.700103759765625,119.03726959228516,142.3000030517578,173.00303649902344,302.8699951171875,100.44000244140624,24.517000198364254,184.40956115722656,75.31160736083984,439.0299987792969,52.22413635253906,137.5868682861328,34.44168472290039,23212.73828125,1847.0078125,39.54523086547852
2022-08-19,168.23309326171875,276.92596435546875,17.77968978881836,116.10518646240234,138.22999572753906,166.36659240722656,296.6666564941406,95.9499969482422,24.11599922180176,180.32748413085935,74.68495178222656,425.05999755859375,51.287109375,134.1512908935547,33.66151809692383,20877.552734375,1612.9873046875,35.8902587890625
2022-08-22,164.35879516601562,268.7967529296875,16.96785545349121,113.16316986083984,133.22000122070312,161.50318908691406,289.913330078125,92.83999633789062,22.65399932861328,173.66468811035156,72.59610748291016,411.3500061035156,49.44670486450195,128.7070770263672,32.19631576538086,21398.908203125,1622.505859375,35.47438049316406
2022-08-23,164.0253448486328,267.5289611816406,17.114282608032227,112.78675842285156,133.6199951171875,159.58157348632812,296.4533386230469,92.48999786376952,22.45499992370605,172.7030792236328,72.54866790771484,410.4100036621094,49.54302978515625,127.89815521240234,32.300968170166016,21528.087890625,1662.7698974609375,35.6462516784668
2022-08-24,164.31959533691406,266.89996337890625,17.155122756958008,112.61835479736328,133.8000030517578,161.711181640625,297.0966796875,92.7300033569336,22.961000442504883,176.63790893554688,72.32079315185547,405.6499938964844,49.64215850830078,128.4344024658203,32.21534729003906,21395.01953125,1657.0592041015625,34.957916259765625
2022-08-25,166.7716827392578,269.8612670898437,17.84343719482422,115.55046081542967,137.27999877929688,167.1788330078125,296.07000732421875,97.18000030517578,23.39800071716309,170.6522216796875,73.00439453125,403.9299926757813,51.44609069824219,132.92428588867188,33.195316314697266,21600.904296875,1696.45703125,35.316463470458984
2022-08-26,160.48448181152344,259.4481201171875,16.196857452392578,109.29993438720705,130.75,160.24522399902344,288.0899963378906,91.18000030517578,22.327999114990234,162.13482666015625,70.87759399414062,381.0199890136719,48.708866119384766,125.7713851928711,31.7396297454834,20260.01953125,1507.7828369140625,31.726362228393555
2022-08-29,158.28741455078125,256.6803894042969,15.739641189575195,108.38860321044922,129.7899932861328,157.66000366210938,284.82000732421875,88.48999786376953,22.457000732421875,157.2088623046875,70.44082641601562,375.260009765625,48.08417510986328,124.58982849121094,31.340023040771484,20297.994140625,1553.037353515625,32.46529769897461
2022-08-30,155.8647918701172,254.4931488037109,15.407933235168455,107.91313934326172,128.72999572753906,155.66905212402344,277.70001220703125,86.94000244140625,22.065000534057617,156.67898559570312,70.39337921142578,375.0700073242188,47.35567855834961,122.16312408447266,30.693058013916016,19796.80859375,1523.8388671875,31.41205596923828
2022-08-31,154.20709228515625,253.0415496826172,15.035387992858888,107.19992065429688,126.7699966430664,161.38429260253906,275.6099853515625,84.87000274658203,22.356000900268555,153.19546508789062,70.4028549194336,373.4400024414063,46.67488861083984,120.89266204833984,30.36957359313965,20049.763671875,1553.6849365234375,31.47295570373535
2022-09-01,154.9329833984375,252.00604248046875,13.882879257202148,108.7055892944336,127.81999969482422,163.791259765625,277.1600036621094,82.33000183105469,23.003999710083008,150.65399169921875,71.49473571777344,370.5299987792969,46.01092529296875,118.74480438232422,30.21734619140625,20127.140625,1586.1767578125,31.585678100585938
2022-09-02,152.8241729736328,247.80589294433597,13.594005584716797,106.83341979980467,127.51000213623048,158.79910278320312,270.2099914550781,80.23999786376953,22.61100006103516,150.8109893798828,70.90608978271484,368.1400146484375,46.778690338134766,117.4286651611328,29.703575134277344,19969.771484375,1577.220458984375,31.227930068969727
2022-09-06,151.56869506835938,245.0865020751953,13.412713050842283,105.80320739746094,126.11000061035156,157.03591918945312,274.4200134277344,78.72000122070312,21.839000701904297,148.8778839111328,70.09903717041016,368.2999877929688,46.589786529541016,115.77435302734376,28.885347366333008,18837.66796875,1561.74853515625,30.891742706298828
2022-09-07,152.97128295898438,249.7705078125,13.664803504943848,108.41832733154295,129.47999572753906,158.86842346191406,283.70001220703125,79.61000061035156,22.895999908447266,150.40867614746094,70.72565460205078,379.7200012207031,47.23785781860352,117.53834533691406,29.161264419555664,19290.32421875,1629.9063720703125,32.71091842651367
2022-09-08,151.50006103515625,250.1865997314453,13.93981647491455,107.35841369628906,129.82000732421875,160.52256774902344,289.260009765625,82.77999877929688,22.74399948120117,153.96084594726562,70.87759399414062,383.6300048828125,47.87377166748047,117.76683807373048,29.25640296936035,19329.833984375,1635.34765625,33.608646392822266
2022-09-09,154.35426330566406,255.9351348876953,14.3353910446167,109.60701751708984,133.27000427246094,167.54527282714844,299.67999267578125,85.44999694824219,23.35700035095215,159.54425048828125,72.07393646240234,394.7799987792969,48.852874755859375,120.69157409667967,29.931915283203125,21381.15234375,1719.08544921875,34.73976516723633
2022-09-12,160.29815673828125,258.0545654296875,14.452966690063477,109.81502532958984,136.4499969482422,167.35711669921875,304.4200134277344,84.63999938964844,23.652999877929688,162.52732849121094,73.18480682373047,396.3599853515625,49.475704193115234,121.55988311767578,30.02705764770508,22370.44921875,1713.7652587890625,37.4241828918457
2022-09-13,150.8919219970703,243.8670959472656,13.08389663696289,103.33668518066406,126.81999969482422,151.67730712890625,292.1300048828125,77.02999877929688,21.8129997253418,155.1383819580078,72.19735717773438,368.3900146484375,47.09944534301758,114.18402862548828,27.867321014404297,20296.70703125,1580.7879638671875,33.430816650390625
2022-09-14,152.33377075195312,244.08973693847656,13.08090877532959,104.01026153564452,128.5500030517578,150.0330352783203,302.6099853515625,77.44999694824219,22.41200065612793,157.2775115966797,68.4754409790039,371.5199890136719,47.7634162902832,116.56038665771484,27.76266288757324,20241.08984375,1634.7550048828125,34.09157180786133
2022-09-15,149.45008850097656,237.47018432617188,12.882622718811035,101.93997955322266,126.27999877929688,148.13125610351562,303.75,76.66000366210938,23.538000106811523,151.8805694580078,66.6904525756836,309.1300048828125,46.77120971679688,114.2297134399414,27.439178466796875,19701.2109375,1471.6934814453125,33.04768371582031
2022-09-16,147.81207275390625,236.85079956054688,13.150657653808594,101.8310089111328,123.52999877929688,144.9021453857422,303.3500061035156,76.51000213623047,24.01300048828125,148.6718292236328,65.35169982910156,299.5,46.99190902709961,114.20228576660156,27.819747924804688,19772.583984375,1432.44775390625,32.208858489990234
2022-09-19,151.5196533203125,236.63790893554688,13.33399486541748,102.09847259521484,124.66000366210938,146.6157684326172,309.07000732421875,76.7699966430664,24.363000869750977,149.96710205078125,65.57958221435547,296.0599975585937,46.93018341064453,115.75607299804688,28.010034561157227,19544.12890625,1377.5413818359375,32.685302734375
2022-09-20,153.8932647705078,234.63462829589844,13.128734588623049,100.18666076660156,122.19000244140624,144.7040557861328,308.7300109863281,75.25,24.28499984741211,146.9938507080078,64.6680908203125,291.0599975585937,46.10911560058594,114.0377960205078,27.553346633911133,18890.7890625,1324.38818359375,31.433040618896484
2022-09-21,150.7742156982422,231.24745178222656,13.213430404663086,98.34417724609376,118.54000091552734,140.77171325683594,300.79998779296875,74.4800033569336,23.687000274658203,144.86453247070312,63.37682723999024,286.29998779296875,45.46598434448242,113.9006805419922,27.087146759033203,18547.400390625,1252.6077880859375,30.826377868652344
2022-09-22,149.81298828125,233.2120056152344,12.515941619873049,99.19607543945312,117.30999755859376,141.465087890625,288.5899963378906,69.5,23.70499992370605,147.33731079101562,62.69321060180664,287.0599975585937,45.03881454467773,113.04154205322266,26.70657539367676,19413.55078125,1327.68017578125,32.408905029296875
2022-09-23,147.54727172851562,230.2506561279297,12.471101760864258,97.8092803955078,113.77999877929688,139.07797241210938,275.3299865722656,67.95999908447266,22.641000747680664,144.2561492919922,61.28799819946289,284.5599975585937,44.19670486450195,110.76571655273438,26.183290481567383,19297.638671875,1328.259521484375,33.6766357421875
2022-09-26,147.8807373046875,229.7957763671875,12.184134483337402,97.24464416503906,115.1500015258789,135.07626342773438,276.010009765625,66.30000305175781,22.40699958801269,143.57904052734375,60.24357986450195,276.9599914550781,43.5912971496582,109.44044494628906,25.66000747680664,19222.671875,1335.3201904296875,33.88055419921875
2022-09-27,148.85177612304688,228.78933715820312,12.368474006652832,96.58097839355467,114.41000366210938,133.1249542236328,282.94000244140625,67.16999816894531,22.43600082397461,146.1009063720703,59.2656364440918,277.57000732421875,43.82609558105469,109.98883819580078,25.583890914916992,19110.546875,1330.127685546875,32.75012969970703
2022-09-28,146.96856689453125,233.2991180419922,12.690314292907717,99.10694122314452,118.01000213623048,140.2666015625,287.8099975585937,68.36000061035156,24.520000457763672,147.35693359375,59.882789611816406,281.3999938964844,43.94020462036133,108.70011138916016,25.81223487854004,19426.720703125,1337.410888671875,33.23543930053711
2022-09-29,139.74960327148438,229.8441619873047,12.17616367340088,96.50171661376952,114.8000030517578,135.11593627929688,268.2099914550781,64.13999938964844,23.97100067138672,144.05987548828125,58.29718017578125,278.25,42.44742965698242,104.9619140625,25.098663330078125,19573.05078125,1335.65234375,33.952449798583984
2022-09-30,135.5516357421875,225.3924865722656,12.095454216003418,94.74842071533205,113.0,134.392822265625,265.25,63.36000061035156,23.54400062561035,141.14549255371094,57.98385620117188,275.20001220703125,41.87031173706055,103.2619171142578,24.518295288085938,19431.7890625,1327.9786376953125,33.21244430541992
2022-10-03,139.7201690673828,232.979736328125,12.467117309570312,97.7102279663086,115.87999725341795,137.29502868652344,242.3999938964844,66.11000061035156,23.90399932861328,145.12945556640625,59.89228820800781,285.239990234375,43.07452774047852,107.13719940185548,25.66000747680664,19623.580078125,1323.439208984375,32.967620849609375
2022-10-04,143.30023193359375,240.85731506347656,13.11976718902588,100.68194580078124,121.08999633789062,138.9491729736328,249.44000244140625,67.9000015258789,24.073999404907227,152.81275939941406,62.37038803100586,294.9700012207031,45.25098419189453,111.84423828125,26.354549407958984,20336.84375,1362.1265869140625,34.12247085571289
2022-10-05,143.594482421875,241.16702270507807,13.16161823272705,100.47391510009766,120.9499969482422,137.66152954101562,240.80999755859372,67.94000244140625,23.67300033569336,153.30340576171875,63.27238845825195,297.3800048828125,45.71683120727539,114.1474380493164,26.297462463378903,20160.716796875,1352.837158203125,34.073883056640625
2022-10-06,142.64309692382812,238.83474731445312,13.082901000976562,100.4640121459961,120.3000030517578,137.75067138671875,238.1300048828125,67.8499984741211,24.00200080871582,152.54783630371094,62.00009536743164,298.4100036621094,45.21702575683594,114.5039291381836,25.859806060791016,19955.443359375,1351.70947265625,33.34281921386719
2022-10-07,137.4053955078125,226.6892852783203,12.03268051147461,97.74983215332033,114.55999755859376,132.18397521972656,223.07000732421875,58.43999862670898,22.475000381469727,147.4746856689453,60.09166717529297,288.7699890136719,43.42342758178711,110.50980377197266,24.47072029113769,19546.849609375,1332.5169677734375,33.00146484375
2022-10-10,137.72906494140625,221.8601226806641,11.628135681152344,96.93758392333984,113.66999816894533,132.52073669433594,222.9600067138672,57.810001373291016,22.99799919128418,142.9117889404297,59.40804672241211,285.7200012207031,41.27527618408203,104.7425537109375,23.975980758666992,19141.484375,1291.337646484375,31.970834732055664
2022-10-11,136.31663513183594,218.1439208984375,11.544440269470217,96.26399230957033,112.20999908447266,127.32056427001952,216.5,57.630001068115234,21.429000854492188,139.89930725097656,59.56074523925781,284.8299865722656,40.62083053588867,100.5656509399414,23.823755264282227,19051.41796875,1279.57568359375,30.77686882019043
2022-10-12,135.68896484375,218.4729766845703,11.458746910095217,96.64039611816406,112.9000015258789,126.2904281616211,217.2400054931641,57.84999847412109,22.08699989318848,139.62451171875,60.86820602416992,286.1499938964844,40.60291290283203,99.29522705078124,24.09966468811035,19157.4453125,1294.9063720703125,31.16548538208008
2022-10-13,140.2498321533203,226.6892852783203,11.917096138000488,98.12627410888672,112.52999877929688,129.053955078125,221.72000122070312,58.93999862670898,23.250999450683597,142.7155303955078,62.22336959838867,294.739990234375,41.30073928833008,103.1522216796875,25.13671875,19382.904296875,1288.1239013671875,30.54451942443848
2022-10-14,135.72817993164062,221.19235229492188,11.186728477478027,95.64981842041016,106.9000015258789,125.55746459960938,204.9900054931641,55.93999862670898,23.0,139.55581665039062,61.37401580810547,287.94000244140625,40.27568817138672,100.4925308227539,24.65149307250977,19185.65625,1297.422119140625,30.007417678833008
2022-10-17,139.6809539794922,229.8732452392578,11.845355987548828,99.02767944335938,113.79000091552734,132.76840209960938,219.3500061035156,57.959999084472656,24.51000022888184,144.42291259765625,63.96028518676758,293.5,41.05556106567383,101.991455078125,25.13671875,19550.7578125,1331.713623046875,31.224876403808597
2022-10-18,140.99526977539062,230.81198120117188,11.924074172973633,99.82015228271484,116.36000061035156,131.5401611328125,220.19000244140625,57.91999816894531,24.086000442504883,150.65399169921875,63.969818115234375,292.9800109863281,41.00463104248047,101.64417266845705,24.61343765258789,19334.416015625,1310.447021484375,30.164331436157227
2022-10-19,141.1031951904297,228.8571014404297,12.007771492004396,98.6908950805664,115.06999969482422,131.96607971191406,222.0399932861328,57.22999954223633,27.238000869750977,150.79135131835938,63.27315521240234,299.8299865722656,41.04895782470703,103.14309692382812,24.73712158203125,19139.53515625,1285.7442626953125,28.900798797607425
2022-10-20,140.64218139648438,228.53770446777344,12.15025806427002,99.02767944335938,115.25,130.2821807861328,207.27999877929688,57.77000045776367,26.81599998474121,154.54962158203125,66.08848571777344,302.3800048828125,40.57745742797852,102.3479232788086,24.813234329223636,19053.740234375,1283.200927734375,28.08509635925293
2022-10-21,144.44784545898438,234.31524658203125,12.421283721923828,100.17674255371094,119.31999969482422,128.77662658691406,214.44000244140625,58.81999969482422,28.957000732421875,157.16957092285156,69.38097381591797,306.3699951171875,42.40970230102539,105.78450012207033,25.66000747680664,19172.46875,1299.9464111328125,28.10867691040039
2022-10-24,146.58607482910156,239.27989196777344,12.553805351257324,101.55363464355467,119.81999969482422,128.4893798828125,211.25,58.70000076293945,28.2450008392334,157.64059448242188,69.5909423828125,316.2200012207031,43.05000686645508,106.36944580078124,25.859806060791016,19345.572265625,1344.99853515625,28.3100643157959
2022-10-25,149.42066955566406,242.5799560546875,13.213430404663086,103.49517059326172,120.5999984741211,136.20545959472656,222.4199981689453,61.470001220703125,29.101999282836918,162.17405700683594,69.80087280273438,323.7900085449219,43.38478088378906,108.91947174072266,26.078636169433597,20095.857421875,1461.6654052734375,30.93997573852539
2022-10-26,146.4879913330078,223.86343383789065,12.849739074707031,94.03519439697266,115.66000366210938,128.58843994140625,224.63999938964844,59.72999954223633,29.86199951171875,156.9144744873047,71.40419006347656,320.4800109863281,43.489444732666016,107.9506607055664,25.888347625732425,20770.44140625,1566.566650390625,31.28472137451172
2022-10-27,142.02516174316406,219.4407196044922,13.128734588623049,91.3507308959961,110.95999908447266,97.01084899902344,225.08999633789065,58.59999847412109,29.694000244140625,156.7574920654297,71.71913146972656,318.6499938964844,42.94439697265625,104.83396911621094,24.994007110595703,20285.8359375,1514.3748779296875,30.630624771118164
2022-10-28,152.7555389404297,228.2667236328125,13.78437328338623,95.3823699951172,103.41000366210938,98.25890350341795,228.5200042724609,62.0099983215332,29.57200050354004,159.96624755859375,73.82823181152344,325.67999267578125,44.59465408325195,108.95603942871094,27.658002853393555,20595.3515625,1555.4779052734375,32.111263275146484
2022-10-31,150.40150451660156,224.6472930908203,13.448583602905272,93.61915588378906,102.44000244140624,92.27620697021484,227.5399932861328,60.060001373291016,29.1879997253418,159.54425048828125,74.50582122802734,318.5,44.332496643066406,107.53936004638672,27.04909324645996,20495.7734375,1572.7144775390625,32.61103820800781
2022-11-01,147.76304626464844,220.81491088867188,13.494418144226074,89.61724090576172,96.79000091552734,94.29683685302734,227.82000732421875,59.65999984741211,28.674999237060547,156.826171875,73.58964538574219,316.0199890136719,44.1231575012207,107.2377471923828,26.925405502319336,20485.2734375,1579.70458984375,32.2484245300293
2022-11-02,142.250732421875,213.0050811767578,13.17158031463623,86.15022277832031,92.12000274658205,89.6810531616211,214.97999572753903,58.630001068115234,27.299999237060547,147.19992065429688,71.69049072265625,301.2200012207031,43.00380325317383,102.82318878173828,26.088150024414062,20159.50390625,1519.7117919921875,30.78807640075684
2022-11-03,136.21864318847656,207.3437042236328,13.372855186462402,82.64358520507812,89.30000305175781,88.0665283203125,215.30999755859372,60.11000061035156,26.9060001373291,143.58885192871094,71.60459899902344,285.92999267578125,41.88068008422852,94.94466400146484,26.059606552124023,20209.98828125,1531.541748046875,30.84387969970703
2022-11-04,135.95333862304688,214.2534942626953,14.105220794677734,85.7638931274414,90.9800033569336,89.92869567871094,207.47000122070312,62.18999862670898,26.07900047302246,137.15174865722656,72.53030395507812,285.75,43.87797546386719,97.51296997070312,27.1926326751709,21147.23046875,1645.0933837890625,33.780853271484375
2022-11-07,136.48385620117188,220.5246124267578,14.2496976852417,87.6558837890625,90.52999877929688,95.80243682861328,197.0800018310547,63.08000183105469,25.86000061035156,141.88145446777344,73.23651885986328,299.5400085449219,44.813419342041016,100.62049102783205,27.395130157470703,20602.81640625,1568.59130859375,29.60134506225586
2022-11-08,137.05369567871094,221.4923553466797,14.549619674682615,88.0620346069336,89.9800033569336,95.5548095703125,191.3000030517578,63.84999847412109,26.34600067138672,144.34445190429688,72.18675231933594,302.1700134277344,45.46315002441406,102.85975646972656,27.462629318237305,18541.271484375,1332.8355712890625,24.152936935424805
2022-11-09,132.5048828125,217.2729034423828,13.726580619812012,86.49691772460938,86.13999938964844,100.50737762451172,177.58999633789062,59.91999816894531,25.465999603271484,139.39883422851562,72.20582580566406,298.8699951171875,44.27120208740234,100.93126678466795,26.536922454833984,15880.7802734375,1100.1697998046875,13.94085693359375
2022-11-10,144.29444885253906,235.14752197265625,15.693501472473145,93.05452728271484,96.62999725341795,110.8087158203125,190.72000122070312,68.47000122070312,27.496999740600582,153.3721160888672,73.64690399169922,329.95001220703125,47.76974487304688,110.29961395263672,28.69690704345703,17586.771484375,1299.464599609375,17.681407928466797
2022-11-11,147.0748291015625,239.1444396972656,16.2684326171875,95.5012435913086,100.79000091552734,111.94779205322266,195.97000122070312,72.37000274658203,29.01300048828125,154.77529907226562,74.19085693359375,341.1499938964844,48.85608673095703,110.98506927490234,29.342973709106445,17034.29296875,1287.2210693359375,16.326745986938477
2022-11-14,145.67971801757812,233.7636566162109,16.23654556274414,94.79792022705078,98.48999786376952,113.13641357421876,190.9499969482422,73.52999877929688,29.927000045776367,155.6879119873047,74.94481658935547,340.3699951171875,48.39684295654297,110.40925598144533,29.26582717895508,16618.19921875,1241.604248046875,14.00135612487793
2022-11-15,147.40887451171875,234.1700897216797,16.606216430664062,97.51210021972656,98.94000244140624,115.9692840576172,194.4199981689453,76.37000274658203,31.020000457763672,159.03402709960938,75.56514739990234,345.9599914550781,49.453006744384766,115.18026733398438,29.61297035217285,16884.61328125,1251.7362060546875,14.301294326782228
2022-11-16,146.18075561523438,234.5970916748047,15.852928161621094,97.91824340820312,97.12000274658205,112.15583038330078,186.9199981689453,72.69999694824219,30.601999282836918,152.21417236328125,76.24271392822266,338.4100036621094,48.25634002685547,110.34529876708984,28.475122451782227,16669.439453125,1215.6025390625,14.285508155822754
2022-11-17,148.07693481445312,234.548583984375,15.620763778686523,97.432861328125,94.8499984741211,110.3927001953125,183.1699981689453,73.9000015258789,29.527999877929688,146.88592529296875,75.584228515625,337.8299865722656,48.29216766357422,112.29208374023438,28.82226181030273,16687.517578125,1200.80859375,13.638734817504885
2022-11-18,148.63693237304688,234.1021881103516,15.353724479675291,96.51162719726562,94.13999938964844,110.98700714111328,180.19000244140625,73.56999969482422,28.79800033569336,145.26683044433594,76.09001159667969,330.8599853515625,48.57978820800781,113.19691467285156,28.802978515625,16697.77734375,1212.30029296875,13.247496604919434
2022-11-21,145.4144744873047,234.90768432617188,15.262054443359377,94.6988754272461,92.45999908447266,108.81777954101562,167.8699951171875,72.45999908447266,28.5049991607666,142.13658142089844,76.1759262084961,321.489990234375,48.79479598999024,109.8608627319336,27.906200408935547,15787.2841796875,1108.35302734375,11.846208572387695
2022-11-22,147.54640197753906,237.7997131347656,15.980466842651367,96.13521575927734,93.1999969482422,110.38279724121094,169.91000366210938,75.25,28.66900062561035,146.4541473388672,78.37091827392578,330.8800048828125,49.983924865722656,113.01412200927734,28.754762649536133,16189.76953125,1135.1734619140625,12.435625076293944
2022-11-23,148.4208221435547,240.2745056152344,16.459745407104492,97.53192138671876,94.12999725341795,111.1751937866211,183.1999969482422,76.4000015258789,29.149999618530277,149.38812255859375,78.79081726074219,335.7799987792969,50.32245635986328,114.38510131835938,28.61012077331543,16610.70703125,1183.1995849609375,14.35151195526123
2022-11-25,145.51268005371094,240.18716430664065,16.211637496948242,96.54133605957033,93.41000366210938,110.35308074951172,182.8600006103516,75.13999938964844,28.554000854492188,150.4773712158203,78.94352722167969,334.29998779296875,49.9707145690918,112.83130645751952,28.29191017150879,16521.841796875,1198.9259033203125,14.063138008117676
2022-11-28,141.69091796875,234.626220703125,15.770224571228027,95.14463806152344,93.9499969482422,107.74801635742188,182.9199981689453,73.19000244140625,28.117000579833984,150.8109893798828,77.67424011230469,328.9700012207031,49.24460220336914,109.25764465332033,27.70369911193848,16217.322265625,1170.086181640625,13.404518127441406
2022-11-29,138.6944122314453,233.2384033203125,15.582900047302246,94.29273986816406,92.41999816894533,108.4215850830078,180.8300018310547,73.38999938964844,28.09600067138672,148.83863830566406,77.15888977050781,326.7799987792969,49.167274475097656,108.19742584228516,27.867626190185547,16444.982421875,1216.9012451171875,13.369733810424805
2022-11-30,145.43409729003906,247.61143493652344,16.866607666015625,100.03805541992188,96.54000091552734,116.97959899902344,194.6999969482422,77.62999725341797,30.55299949645996,157.24810791015625,79.23937225341797,344.92999267578125,51.96232986450195,116.3469467163086,28.995832443237305,17168.56640625,1295.6885986328125,14.115445137023926
2022-12-01,145.70919799804688,247.1746826171875,17.077898025512695,100.03805541992188,95.5,119.2974090576172,194.6999969482422,77.4800033569336,31.69499969482422,144.24632263183594,80.27007293701172,344.1099853515625,51.93593215942383,116.64130401611328,28.764406204223636,16967.1328125,1276.27392578125,13.480968475341797
2022-12-02,145.21795654296875,247.49496459960935,16.819765090942383,99.4932632446289,94.12999725341795,122.31845092773438,194.8600006103516,74.9800033569336,32.04100036621094,141.85203552246094,79.54476165771484,341.5299987792969,50.99764251708984,115.5835189819336,28.359411239624023,17088.66015625,1294.3033447265625,13.7156400680542
2022-12-05,144.0586700439453,242.8171844482422,16.55465316772461,98.54229736328124,91.01000213623048,121.26852416992188,182.4499969482422,73.62000274658203,31.25900077819824,131.421142578125,75.8037109375,334.0899963378906,50.039546966552734,113.41276550292967,28.12798309326172,16974.826171875,1259.6767578125,13.8311128616333
2022-12-06,140.40390014648438,237.88706970214844,15.933727264404297,96.06586456298828,88.25,113.03736877441406,179.82000732421875,70.2699966430664,30.55599975585937,130.7734832763672,75.30745697021484,331.1499938964844,49.58503341674805,110.17501831054688,27.57834815979004,17089.50390625,1271.65380859375,14.288854598999023
2022-12-07,138.46844482421875,237.15919494628903,16.066280364990234,94.04509735107422,88.45999908447266,112.84915924072266,174.0399932861328,70.13999938964844,30.84199905395508,128.03578186035156,75.18341064453125,326.67999267578125,48.89474487304688,108.73090362548828,27.317989349365234,16848.126953125,1232.4375,13.5196533203125
2022-12-08,140.14845275878906,240.09983825683597,17.111791610717773,92.82669067382812,90.3499984741211,114.23587799072266,173.44000244140625,70.47000122070312,31.025999069213867,127.69232940673828,76.41450500488281,332.5799865722656,50.08104705810547,111.98705291748048,27.424060821533203,17233.474609375,1281.1163330078125,13.68922233581543
2022-12-09,139.6670684814453,238.17823791503903,16.944351196289062,91.9549789428711,89.08999633789062,114.80047607421876,179.0500030517578,68.58999633789062,32.000999450683594,128.65394592285156,76.21409606933594,330.6400146484375,51.36730194091797,109.5035629272461,27.231204986572266,17133.15234375,1264.2847900390625,13.580187797546388
2022-12-12,141.95620727539062,245.05902099609372,17.476566314697266,92.43045806884766,90.5500030517578,113.62175750732422,167.82000732421875,70.66999816894531,31.51799964904785,130.6165313720703,77.56926727294922,338.1700134277344,52.49041366577149,111.49036407470705,27.66513061523437,17206.4375,1274.6190185546875,13.318544387817385
2022-12-13,142.91900634765625,249.33888244628903,18.011781692504883,94.72859191894533,92.48999786376952,119.01016235351562,160.9499969482422,71.6500015258789,32.03400039672852,133.0794677734375,76.88214111328125,342.4599914550781,53.84929275512695,113.58751678466795,27.70369911193848,17781.318359375,1320.5491943359375,13.833986282348633
2022-12-14,140.6986541748047,249.63006591796875,17.61510467529297,94.17386627197266,91.58000183105467,120.43649291992188,156.8000030517578,68.93000030517578,31.78300094604492,132.22576904296875,78.0846176147461,339.9200134277344,54.1699104309082,111.95025634765624,27.250492095947266,17815.650390625,1309.3287353515625,14.140525817871094
2022-12-15,134.1063232421875,241.6623077392578,16.8955078125,90.00354766845703,88.44999694824219,115.04811096191406,157.6699981689453,66.52999877929688,29.041000366210938,127.99649810791016,76.41450500488281,328.7099914550781,52.61961364746094,107.28679656982422,26.18014144897461,17364.865234375,1266.3538818359375,14.02151107788086
2022-12-16,132.1511993408203,237.4698028564453,16.515779495239258,89.4092025756836,87.86000061035156,118.29698944091795,150.22999572753906,65.41000366210938,29.07099914550781,125.86717224121094,75.9468765258789,338.5400085449219,52.42252349853516,105.34600830078124,25.958356857299805,16647.484375,1168.2593994140625,12.266606330871582
2022-12-19,130.04872131347656,233.3548889160156,16.1998348236084,87.60636138916016,84.91999816894531,113.39395141601562,149.8699951171875,64.58999633789062,28.82999992370605,126.59329223632812,76.82487487792969,328.760009765625,52.26278305053711,103.57999420166016,25.83300399780273,16439.6796875,1167.60986328125,11.932655334472656
2022-12-20,129.97994995117188,234.66506958007807,16.03139305114746,88.18089294433594,85.19000244140625,115.97918701171876,137.8000030517578,65.05000305175781,28.819000244140625,126.04378509521484,77.24478912353516,338.2200012207031,51.72934341430664,103.11087799072266,25.49550437927246,16906.3046875,1217.70361328125,12.28051471710205
2022-12-21,133.07470703125,237.21743774414065,16.44601058959961,88.73562622070312,86.7699966430664,118.62386322021484,137.57000732421875,67.68000030517578,29.79599952697754,127.8591537475586,77.77922821044922,341.3800048828125,53.36579132080078,105.40119934082033,25.871570587158203,16817.53515625,1213.5999755859375,12.128985404968262
2022-12-22,129.9111785888672,231.16159057617188,15.287886619567873,86.93276977539062,83.79000091552734,116.0089111328125,125.3499984741211,63.86000061035156,29.774999618530277,126.76994323730467,76.8153305053711,336.5199890136719,52.5917854309082,101.8047332763672,25.04229164123535,16830.341796875,1218.18212890625,11.794829368591309
2022-12-23,129.5476837158203,231.6856231689453,15.155330657958984,88.38892364501953,85.25,116.92017364501952,123.1500015258789,64.5199966430664,29.496000289916992,127.01525115966795,77.15888977050781,338.45001220703125,52.52902603149414,101.951904296875,25.158008575439453,16796.953125,1220.159423828125,11.786166191101074
2022-12-27,127.74974060058594,229.96788024902344,14.073944091796877,86.56625366210938,83.04000091552734,115.77117919921876,109.0999984741211,63.27000045776367,28.41699981689453,128.21240234375,77.282958984375,335.0899963378906,52.63457107543945,100.68255615234376,25.01336669921875,16717.173828125,1212.7916259765625,11.085430145263672
2022-12-28,123.82971954345705,227.6095733642578,13.989227294921877,85.20917510986328,81.81999969482422,114.5231475830078,112.70999908447266,62.56999969482422,27.6879997253418,126.06342315673828,76.66264343261719,328.3299865722656,51.81206130981445,98.39224243164062,24.627655029296875,16552.572265625,1189.986083984375,9.755906105041504
2022-12-29,127.33715057373048,233.8983612060547,14.554338455200195,87.61626434326172,84.18000030517578,119.11912536621094,121.81999969482422,64.81999969482422,29.11199951171875,130.05714416503906,77.68379211425781,337.5799865722656,53.04060363769531,101.03209686279295,25.273717880249023,16642.341796875,1201.5953369140625,9.651782989501951
2022-12-30,127.65150451660156,232.7434844970703,14.565302848815918,87.39835357666016,84.0,119.19835662841795,123.18000030517578,64.7699966430664,29.488000869750977,130.1062469482422,78.00825500488281,336.5299987792969,53.16610336303711,101.1240692138672,25.48586082458496,16602.5859375,1199.2327880859375,9.880176544189451
2023-01-03,122.87674713134766,232.51058959960935,14.267297744750977,88.27996063232422,85.81999969482422,123.55661010742188,108.0999984741211,64.0199966430664,29.4950008392334,132.25521850585938,79.89786529541016,336.9200134277344,52.62887573242188,98.60379791259766,25.775144577026367,16679.857421875,1214.77880859375,13.344045639038086
2023-01-04,124.14412689208984,222.3397979736328,14.699853897094728,87.24976348876953,85.13999938964844,126.16167449951172,113.63999938964844,64.66000366210938,30.94099998474121,136.97512817382812,80.6231918334961,341.4100036621094,53.27164840698242,102.58657836914062,26.691207885742188,16863.23828125,1256.526611328125,13.435112953186035
2023-01-05,122.82762145996094,215.7501373291016,14.217466354370115,85.38748168945312,83.12000274658203,125.7357406616211,110.33999633789062,62.33000183105469,30.96999931335449,133.7860107421875,80.46092224121094,328.44000244140625,52.77530288696289,100.62737274169922,26.57549476623535,16836.736328125,1250.4385986328125,13.419329643249512
2023-01-06,127.34693145751952,218.29283142089844,14.80948543548584,86.5167236328125,86.08000183105469,128.78652954101562,113.05999755859376,63.959999084472656,31.55500030517578,137.87789916992188,81.7492904663086,332.75,55.95215606689453,106.091064453125,27.70369911193848,16951.96875,1269.3790283203125,13.52584171295166
2023-01-09,127.86767578125,220.4182281494141,15.575922966003418,87.1903305053711,87.36000061035156,128.24171447753906,119.7699966430664,67.23999786376953,31.517000198364254,144.34445190429688,82.78385925292969,341.9800109863281,54.85485076904297,105.41961669921876,28.26297950744629,17196.5546875,1321.5389404296875,16.30246353149414
2023-01-10,128.43746948242188,222.09719848632807,15.855986595153809,87.58655548095703,89.87000274658203,131.7283477783203,118.8499984741211,68.05000305175781,32.75400161743164,144.67807006835938,82.8604965209961,338.70001220703125,54.66847610473633,107.53517150878906,28.38833999633789,17446.29296875,1336.5860595703125,16.19672393798828
2023-01-11,131.14906311035156,228.81300354003903,15.947680473327637,90.65733337402344,95.08999633789062,131.6292724609375,123.22000122070312,69.05999755859375,32.72600173950195,142.1856231689453,84.87212371826172,342.92999267578125,54.97370910644531,108.89647674560548,28.783693313598636,17934.896484375,1387.9327392578125,16.35941505432129
2023-01-12,131.07046508789062,231.47213745117188,16.455976486206055,90.27100372314452,95.2699966430664,135.41305541992188,123.55999755859376,70.80000305175781,33.01300048828125,146.79762268066406,85.04454803466797,344.5400085449219,55.335052490234375,111.8398895263672,29.20797538757324,18869.587890625,1417.9384765625,16.619043350219727
2023-01-13,132.39682006835938,232.1708526611328,16.84268569946289,91.2516860961914,98.12000274658205,135.68048095703125,122.4000015258789,71.0,33.28200149536133,146.7093048095703,85.44688415527344,344.3800048828125,55.05549240112305,110.59813690185548,29.03440284729004,19909.57421875,1451.6148681640625,18.28844451904297
2023-01-17,133.55613708496094,233.25787353515625,17.643016815185547,90.42950439453124,96.0500030517578,134.0758514404297,131.49000549316406,71.58999633789062,32.62200164794922,145.6887969970703,84.87212371826172,344.3800048828125,55.078311920166016,110.6349105834961,28.542621612548828,21161.51953125,1567.8460693359375,22.884063720703125
2023-01-18,132.8389434814453,228.851806640625,17.3190975189209,90.26110076904295,95.45999908447266,131.758056640625,128.77999877929688,70.52999877929688,32.632999420166016,142.725341796875,83.0616455078125,341.3099975585937,54.60763168334961,112.25377655029295,27.780841827392575,20688.78125,1515.5069580078125,20.85063362121582
2023-01-19,132.8978729248047,225.0863037109375,16.709136962890625,92.17291259765624,93.68000030517578,134.8583526611328,127.16999816894533,67.70999908447266,31.577999114990234,143.6673583984375,82.32404327392578,342.5299987792969,53.55500411987305,108.15143585205078,27.404773712158203,21086.79296875,1552.5565185546875,21.42676544189453
2023-01-20,135.4522705078125,233.13168334960935,17.779556274414062,97.09605407714844,97.25,138.04782104492188,133.4199981689453,70.06999969482422,34.25,148.4167022705078,83.57894897460938,356.3800048828125,54.273868560791016,113.04484558105467,28.17619514465332,22676.552734375,1659.754150390625,25.54827117919922
2023-01-23,138.6354522705078,235.42202758789065,19.129045486450195,98.8493881225586,97.5199966430664,141.91079711914062,143.75,76.52999877929688,35.742000579833984,152.9501495361328,85.22657775878906,364.9800109863281,55.305572509765625,120.5229034423828,29.18868637084961,22934.431640625,1628.2510986328125,24.357807159423828
2023-01-24,140.03054809570312,234.89796447753903,19.2008056640625,96.7790756225586,96.31999969482422,141.78207397460938,143.88999938964844,74.69999694824219,36.382999420166016,151.95904541015625,85.92584228515625,361.3200073242188,55.628868103027344,120.21935272216795,28.85118865966797,22636.46875,1556.604248046875,22.795673370361328
2023-01-25,139.37232971191406,233.51014709472656,19.25861167907715,94.3224639892578,97.18000030517578,140.15760803222656,144.42999267578125,74.91000366210938,36.79600143432617,153.24452209472656,85.86837005615234,358.1700134277344,55.690677642822266,120.65169525146484,28.639049530029297,23117.859375,1611.7110595703125,24.57144546508789
2023-01-26,141.4354705810547,240.6820831298828,19.73601722717285,96.6007843017578,99.22000122070312,145.90260314941406,160.27000427246094,75.16000366210938,36.48699951171875,161.9974365234375,86.0503921508789,365.8200073242188,56.91730117797852,123.21795654296876,29.015117645263672,23032.77734375,1603.10595703125,24.350696563720703
2023-01-27,143.37094116210938,240.8373870849609,20.29713630676269,98.433349609375,102.23999786376952,150.30052185058594,177.89999389648438,75.4000015258789,36.07699966430664,161.4381103515625,85.2457275390625,370.7099914550781,56.195587158203125,122.7028350830078,27.1540641784668,23078.728515625,1598.156494140625,24.40785789489746
2023-01-30,140.49234008789062,235.54820251464844,19.0981502532959,96.02623748779295,100.5500030517578,145.66485595703125,166.66000366210938,72.44999694824219,35.31100082397461,161.66380310058594,83.67472076416016,363.4200134277344,55.2884521484375,121.07479858398438,26.95156478881836,22840.138671875,1567.3265380859375,23.94632148742676
2023-01-31,141.7596893310547,240.4977264404297,19.47189712524414,97.90834045410156,103.12999725341795,147.5567626953125,173.22000122070312,75.1500015258789,35.38600158691406,164.823486328125,84.73802185058594,370.3399963378906,55.62696838378906,122.52811431884766,27.250492095947266,23139.283203125,1586.535400390625,23.952547073364254
2023-02-01,142.87973022460938,245.29193115234372,20.873214721679688,99.4833526611328,105.1500015258789,151.6673583984375,181.41000366210935,84.63999938964844,36.19900131225586,168.60137939453125,86.26113891601562,383.9200134277344,57.31381607055664,127.35710144042967,28.031553268432617,23723.76953125,1641.792724609375,24.993358612060547
2023-02-02,148.1752166748047,256.7923278808594,21.636659622192383,106.72444915771484,112.91000366210938,186.97915649414065,188.2700042724609,88.30999755859375,36.68899917602539,171.36854553222656,85.61930847167969,392.2300109863281,57.60097503662109,124.95639038085938,29.111547470092773,23471.87109375,1643.2415771484375,24.26505851745605
2023-02-03,151.7906494140625,250.7267303466797,21.029687881469727,103.79232788085938,103.38999938964844,184.7604522705078,189.97999572753903,86.08999633789062,36.59000015258789,167.83596801757812,85.8492202758789,379.3299865722656,56.82602310180664,124.19295501708984,29.236900329589844,23449.322265625,1664.74560546875,24.680896759033203
2023-02-06,149.06919860839844,249.1933135986328,21.01872444152832,101.93006134033205,102.18000030517578,184.29486083984372,194.75999450683597,83.68000030517578,36.14799880981445,165.8832550048828,84.8050765991211,375.2300109863281,57.17594146728516,122.2705535888672,28.002227783203125,22760.109375,1616.2470703125,22.706388473510746
2023-02-07,151.93801879882812,259.6649475097656,22.09911346435547,106.62538146972656,102.11000061035156,189.8021240234375,196.80999755859372,85.91000366210938,36.29499816894531,168.0714874267578,84.04832458496094,383.8200073242188,58.42632675170898,125.67385864257812,28.353593826293945,23264.291015625,1672.0035400390625,23.86135673522949
2023-02-08,149.25588989257812,258.8594055175781,22.131004333496094,98.433349609375,100.0500030517578,181.68980407714844,201.2899932861328,84.69000244140625,36.68299865722656,166.45240783691406,83.04248809814453,378.3599853515625,57.21491622924805,121.57147979736328,27.56301498413086,22939.3984375,1650.716796875,23.192670822143555
2023-02-09,148.2243194580078,255.84120178222656,22.2625675201416,94.11443328857422,98.23999786376952,176.2321014404297,207.32000732421875,83.20999908447266,36.25,170.4069061279297,83.00420379638672,375.80999755859375,56.99622344970703,120.06300354003906,27.065242767333984,21819.0390625,1546.438232421875,20.45212745666504
2023-02-10,148.58834838867188,255.3365631103516,21.19413948059082,93.67859649658205,97.61000061035156,172.49786376953125,196.88999938964844,81.4800033569336,34.73600006103516,163.90106201171875,83.47357177734375,370.989990234375,56.41048431396485,118.64647674560548,27.133563995361328,21651.18359375,1514.869140625,20.130109786987305
2023-02-13,151.38284301757812,263.31402587890625,21.715394973754883,93.7182159423828,99.54000091552734,177.727783203125,194.63999938964844,83.12999725341797,35.85699844360352,167.87522888183594,85.65763854980469,375.0,57.158817291259766,120.34814453125,27.86558151245117,21808.1015625,1507.1658935546875,20.79010009765625
2023-02-14,150.74327087402344,264.1388854980469,22.894454956054688,93.7875518798828,99.6999969482422,177.7772979736328,209.25,85.94999694824219,35.99599838256836,166.77618408203125,85.34153747558594,377.8999938964844,57.27197647094727,121.7278823852539,27.95342254638672,22220.8046875,1556.8751220703125,21.824953079223636
2023-02-15,152.839111328125,262.0276794433594,22.68814468383789,96.02623748779295,101.16000366210938,175.47933959960938,214.2400054931641,85.18000030517578,36.141998291015625,167.8948516845703,84.62306213378906,375.9400024414063,57.78354263305664,122.39934539794922,28.158390045166016,24307.841796875,1673.7459716796875,23.883901596069336
2023-02-16,151.2450714111328,255.05177307128903,21.928680419921875,94.6097183227539,98.1500015258789,170.80409240722656,202.0399932861328,80.08000183105469,35.07099914550781,164.9608612060547,84.02916717529297,365.1600036621094,57.10366821289063,119.72267150878906,27.52397346496582,23623.474609375,1640.067626953125,22.285951614379883
2023-02-17,150.10366821289062,251.07249450683597,21.316730499267575,93.4606475830078,97.1999969482422,171.2399139404297,208.30999755859372,78.5,34.79600143432617,162.07594299316406,83.60767364501953,356.8500061035156,56.63298034667969,117.47833251953124,26.948116302490234,24565.6015625,1694.7833251953125,23.166757583618164
2023-02-21,146.09893798828125,245.8284912109375,20.586170196533203,90.92478942871094,94.58000183105467,170.44749450683594,197.3699951171875,76.7699966430664,33.75,158.5924072265625,82.5731201171875,346.70001220703125,55.29701232910156,113.78068542480467,25.435272216796875,24436.353515625,1658.036376953125,24.948558807373047
2023-02-22,146.5220489501953,244.6999053955078,20.684839248657227,90.78610229492188,95.79000091552734,169.49661254882812,200.8600006103516,76.61000061035156,33.487998962402344,160.29981994628906,82.6880874633789,348.7200012207031,54.78639602661133,114.01062774658205,24.859418869018555,24188.84375,1643.231689453125,24.18134880065918
2023-02-23,147.00418090820312,247.8716278076172,23.58514213562012,90.03327178955078,95.81999969482422,170.40786743164062,202.07000732421875,79.75,32.3650016784668,161.0456085205078,84.85298156738281,347.0199890136719,55.511905670166016,116.08021545410156,24.99606132507324,23947.4921875,1651.0738525390625,23.90080070495605
2023-02-24,144.35733032226562,242.47189331054688,23.20840835571289,88.28984832763672,93.5,168.77354431152344,196.8800048828125,78.08999633789062,31.71500015258789,159.16159057617188,84.92961120605469,320.5400085449219,54.93663024902344,114.36935424804688,24.537328720092773,23198.126953125,1608.3731689453125,23.053035736083984
2023-02-27,145.5478973388672,243.386474609375,23.422683715820312,89.02289581298828,93.76000213623048,167.93161010742188,207.6300048828125,78.7699966430664,32.303001403808594,160.08396911621094,84.25906372070312,322.32000732421875,55.66880798339844,113.52312469482422,24.303083419799805,23522.87109375,1634.326416015625,22.692588806152344
2023-02-28,145.0460968017578,242.66651916503903,23.13863754272461,89.21109008789062,94.2300033569336,173.28038024902344,205.7100067138672,78.58000183105469,32.2130012512207,160.54518127441406,83.72264099121094,323.95001220703125,56.509368896484375,113.62430572509766,24.33236312866211,23147.353515625,1605.8951416015625,21.9163875579834
2023-03-01,142.9797821044922,239.6017608642578,22.622364044189453,89.50826263427734,92.16999816894533,171.77481079101562,202.7700042724609,78.29000091552734,31.347999572753903,164.21510314941406,82.70720672607422,323.3800048828125,56.4409065246582,114.45720672607422,24.722774505615234,23646.55078125,1663.4337158203125,22.506431579589844
2023-03-02,143.57020568847656,244.31072998046875,23.23631477355957,91.13280487060548,92.12999725341795,172.87428283691406,190.8999938964844,80.44000244140625,31.1879997253418,183.09466552734372,83.31071472167969,333.5,56.9239616394043,114.54974365234376,25.571916580200195,23475.466796875,1647.3193359375,21.984878540039062
2023-03-03,148.6080322265625,248.3775329589844,23.810392379760746,92.76725769042967,94.9000015258789,183.49256896972656,197.7899932861328,81.5199966430664,31.51799964904785,182.9376678466797,85.49479675292969,344.0400085449219,60.16738128662109,114.3831558227539,25.76712226867676,22362.6796875,1569.1676025390625,21.39935302734375
2023-03-06,151.36318969726562,249.91476440429688,23.475513458251957,94.2332992553711,93.75,183.1458740234375,193.80999755859372,81.16000366210938,31.202999114990234,180.35694885253903,85.96417236328125,347.0199890136719,60.18258285522461,113.28191375732422,25.36695098876953,22429.7578125,1567.398681640625,20.635011672973636
2023-03-07,149.16893005371094,247.26840209960935,23.214340209960938,92.97527313232422,93.5500030517578,182.75958251953125,187.7100067138672,82.11000061035156,30.847000122070312,179.88597106933594,84.64224243164062,344.79998779296875,59.44375991821289,110.3020248413086,24.9179801940918,22219.76953125,1561.93310546875,20.24473190307617
2023-03-08,150.4185333251953,246.8306121826172,24.10451316833496,93.36160278320312,93.91999816894533,183.21522521972656,182.0,85.37000274658203,31.179000854492188,179.52285766601562,84.76676940917969,345.8399963378906,60.11983489990234,112.1621322631836,25.35719108581543,21718.080078125,1534.0882568359375,18.42119407653809
2023-03-09,148.1751251220703,245.4879913330078,23.36186981201172,91.44979095458984,92.25,179.9663543701172,172.9199981689453,84.02999877929688,29.777999877929688,175.3721160888672,83.21492767333984,338.3699951171875,59.19368362426758,108.47892761230467,25.80616569519043,20363.021484375,1438.6607666015625,17.308147430419922
2023-03-10,146.11862182617188,241.8589782714844,22.89236259460449,89.77571105957031,90.7300033569336,177.80699157714844,173.44000244140625,82.66999816894531,29.275999069213867,169.93589782714844,80.5327377319336,329.29998779296875,58.46246719360352,106.60028839111328,26.567462921142575,20187.244140625,1429.1580810546875,18.24364280700684
2023-03-13,148.05706787109375,247.04464721679688,22.893356323242188,90.25118255615234,92.43000030517578,179.18382263183594,174.47999572753906,82.01000213623047,29.35099983215332,172.2222137451172,81.3565444946289,324.2699890136719,58.61840438842773,105.89697265625,26.30394172668457,24197.533203125,1680.3089599609375,20.433712005615234
2023-03-14,150.1430206298828,253.7286529541016,23.986888885498047,93.08424377441406,94.87999725341795,192.17935180664065,183.25999450683597,87.44999694824219,29.49399948120117,179.46397399902344,81.00212097167969,333.3299865722656,60.13884735107422,107.85888671875,27.33852767944336,24746.07421875,1703.507080078125,20.92803382873535
2023-03-15,150.53663635253906,258.25274658203125,24.1513671875,95.2040557861328,96.1999969482422,195.87396240234372,180.4499969482422,89.68000030517578,30.378999710083008,179.48361206054688,79.48858642578125,333.6099853515625,59.52839279174805,106.87792205810548,27.728939056396484,24375.9609375,1656.1805419921875,19.29098129272461
2023-03-16,153.35073852539062,268.72137451171875,25.4602165222168,99.37439727783205,100.04000091552734,202.98587036132807,184.1300048828125,96.5999984741211,31.006000518798828,183.7913818359375,81.25119018554688,353.2900085449219,60.52300643920898,111.52359008789062,29.456506729125977,25052.7890625,1677.2154541015625,19.73054313659668
2023-03-17,152.514404296875,271.86383056640625,25.643632888793945,100.6621322631836,98.9499969482422,193.75428771972656,180.1300048828125,97.83999633789062,30.350000381469727,181.3872833251953,81.67268371582031,358.1400146484375,59.99716567993164,111.7271957397461,29.095378875732425,27423.9296875,1792.485107421875,21.62910270690918
2023-03-20,154.8759002685547,264.85888671875,25.81807518005371,100.26590728759766,97.70999908447266,195.93341064453125,183.25,96.80999755859376,30.51300048828125,181.7797698974609,83.30113983154297,362.8800048828125,61.208587646484375,112.73590087890624,28.46095848083496,27767.236328125,1735.3212890625,22.176464080810547
2023-03-21,156.72576904296875,266.36688232421875,26.116130828857425,103.9310302734375,100.61000061035156,200.24212646484372,197.5800018310547,95.93000030517578,30.57900047302246,185.1454925537109,83.89506530761719,374.2200012207031,60.98255920410156,114.5682601928711,27.777738571166992,28175.81640625,1806.7607421875,22.61826705932617
2023-03-22,155.2990264892578,264.91717529296875,26.3842830657959,102.39564514160156,98.6999969482422,197.91444396972656,191.1499938964844,97.58000183105467,29.38999938964844,183.0161590576172,84.20160675048828,361.7099914550781,60.42420959472656,112.8747100830078,27.455650329589844,27307.4375,1737.717041015625,21.48048591613769
2023-03-23,156.38137817382812,270.141845703125,27.10499763488769,104.60462188720705,98.70999908447266,202.34201049804688,192.22000122070312,100.27999877929688,32.0369987487793,183.92877197265625,84.08663940429688,369.0,61.22007369995117,114.89215087890624,28.334077835083008,28333.97265625,1816.4051513671875,22.216777801513672
2023-03-24,157.68019104003906,272.9730529785156,26.69429588317871,104.44612884521484,98.12999725341795,204.0556182861328,190.41000366210935,97.9499969482422,32.8390007019043,186.4996795654297,84.30695343017578,374.9599914550781,60.9270133972168,115.4566650390625,28.65616798400879,27493.28515625,1752.0447998046875,20.678855895996094
2023-03-27,155.7417755126953,268.8964538574219,26.447084426879883,101.49420928955078,98.04000091552734,200.9157257080078,191.80999755859372,96.61000061035156,32.76599884033203,187.67721557617188,86.34734344482422,373.1499938964844,60.03346252441406,114.3831558227539,28.4804801940918,27139.888671875,1715.4608154296875,19.921674728393555
2023-03-28,155.1219024658203,267.777587890625,26.32646369934082,100.07770538330078,97.23999786376952,198.77618408203125,189.19000244140625,94.55999755859376,32.35200119018555,188.69769287109372,86.06952667236328,373.3999938964844,59.82850646972656,112.29168701171876,28.58784484863281,27268.130859375,1772.78564453125,20.4706974029541
2023-03-29,158.19186401367188,272.9146728515625,26.89864730834961,100.43429565429688,100.25,203.40188598632807,193.8800048828125,96.08999633789062,33.202999114990234,192.95640563964844,86.80714416503906,379.1600036621094,59.90512466430664,115.76204681396484,30.76438331604004,28348.44140625,1793.0018310546875,21.111467361450195
2023-03-30,159.75637817382812,276.3587646484375,27.296388626098636,99.9390106201172,102.0,205.86827087402344,195.27999877929688,97.87999725341795,33.84299850463867,192.9171905517578,86.70178985595703,381.8999938964844,60.69524383544922,117.89979553222656,31.320720672607425,28033.5625,1792.7371826171875,20.55104637145996
2023-03-31,162.25563049316406,280.49371337890625,27.68914222717285,102.75223541259766,103.29000091552734,209.92938232421875,207.4600067138672,98.01000213623048,34.54800033569336,196.0375823974609,89.0103759765625,385.3699951171875,61.441314697265625,118.06637573242188,31.886812210083008,28478.484375,1822.0220947265625,21.17049598693848
2023-04-03,163.50526428222656,279.4527587890625,27.87654685974121,103.37629699707033,102.41000366210938,211.04867553710935,194.7700042724609,96.55999755859376,34.827999114990234,192.80923461914065,89.96829986572266,380.0799865722656,61.53037643432617,115.43817138671876,32.10154342651367,27790.220703125,1810.297119140625,20.443050384521484
2023-04-04,162.97393798828125,279.4040832519531,27.36616516113281,103.73290252685548,103.9499969482422,212.68299865722656,192.5800018310547,95.87000274658205,34.67499923706055,193.5059356689453,90.044921875,385.1499938964844,60.75846862792969,113.18010711669922,32.30651092529297,28168.08984375,1871.005126953125,20.924619674682617
2023-04-05,161.13389587402344,276.64093017578125,26.795978546142575,103.48527526855467,101.0999984741211,209.47369384765625,185.5200042724609,92.55999755859376,34.23500061035156,191.65133666992188,90.89747619628906,382.0199890136719,60.24128723144531,113.86491394042967,32.0429801940918,28177.984375,1909.114013671875,20.966007232666016
2023-04-06,162.01947021484375,283.7043762207031,26.95148277282715,107.39802551269533,102.05999755859376,214.04991149902344,185.05999755859372,92.47000122070312,33.93299865722656,188.94302368164065,91.88414764404295,380.6000061035156,59.63122177124024,113.82791900634766,32.023460388183594,28044.140625,1872.922607421875,20.61012840270996
2023-04-10,159.43165588378906,281.5542297363281,27.49176979064941,105.43669128417967,102.16999816894533,212.71270751953125,184.50999450683597,95.4800033569336,33.89899826049805,187.9028778076172,90.19114685058594,376.25,60.08613204956055,115.02171325683594,31.74041175842285,29652.98046875,1911.20751953125,20.88235664367676
2023-04-11,158.2213897705078,275.1717834472656,27.08306312561035,104.35696411132812,99.91999816894533,211.82125854492188,186.7899932861328,94.02999877929688,33.82099914550781,185.35162353515625,90.39315032958984,371.1099853515625,59.52874374389648,114.35540771484376,31.574485778808597,30235.05859375,1892.189697265625,23.01882743835449
2023-04-12,157.53262329101562,275.81396484375,26.41119956970215,103.65364837646484,97.83000183105467,211.9698181152344,180.5399932861328,92.33000183105467,33.10300064086914,186.7547912597656,90.32579803466795,369.8900146484375,59.06233596801758,111.3014907836914,31.25239944458008,30139.052734375,1920.68212890625,23.98530578613281
2023-04-13,162.90504455566406,281.9920654296875,26.37929344177246,106.4173583984375,102.4000015258789,218.2595672607422,185.8999938964844,92.08999633789062,34.61899948120117,190.3855133056641,91.91299438476562,378.7999877929688,59.784461975097656,112.09735107421876,31.359760284423828,30399.06640625,2012.6346435546875,24.432308197021484
2023-04-14,162.56068420410156,278.3922424316406,26.67336082458496,107.8437957763672,102.51000213623048,219.3887634277344,185.0,91.75,33.862998962402344,191.0036773681641,92.0669174194336,379.3800048828125,59.3343391418457,111.1996841430664,31.12551498413086,30485.69921875,2101.635498046875,24.77272224426269
2023-04-17,162.580322265625,280.9802551269531,26.91658973693848,104.97113800048828,102.73999786376952,216.78372192382807,187.0399932861328,89.87000274658203,33.27199935913086,193.38818359375,91.95148468017578,377.9200134277344,60.08327102661133,110.47784423828124,31.36952209472656,29445.044921875,2076.242919921875,24.55884552001953
2023-04-18,163.80047607421875,280.56182861328125,27.579486846923828,103.51498413085938,102.3000030517578,215.8229217529297,184.30999755859372,89.77999877929688,33.369998931884766,194.78160095214844,92.79798126220705,377.5499877929688,60.558292388916016,109.53392028808594,31.066953659057617,30397.552734375,2104.537353515625,24.852689743041992
2023-04-19,164.94186401367188,280.6396789550781,27.84265518188477,103.197998046875,104.3000030517578,213.6536865234375,180.58999633789065,89.94000244140625,32.3120002746582,195.1937255859375,92.16310119628906,380.1099853515625,60.7670783996582,109.70050048828124,30.40325164794922,28822.6796875,1936.4034423828125,22.71283531188965
2023-04-20,163.9775848388672,278.3630065917969,27.018272399902344,104.29755401611328,103.80999755859376,211.04867553710935,162.99000549316406,90.11000061035156,32.53499984741211,193.81011962890625,91.2204132080078,380.260009765625,60.62532424926758,109.79302215576172,30.120206832885746,28245.98828125,1943.09765625,22.181440353393555
2023-04-21,162.3737335205078,278.02252197265625,27.033222198486328,104.41641235351562,106.95999908447266,210.87033081054688,165.0800018310547,88.43000030517578,32.79800033569336,195.3016357421875,91.5282211303711,377.6700134277344,60.61384582519531,108.9786605834961,29.573631286621094,27276.91015625,1849.9998779296875,21.278135299682617
2023-04-24,162.67872619628906,274.1405334472656,26.956462860107425,104.97113800048828,106.20999908447266,210.77130126953125,162.5500030517578,87.56999969482422,32.902000427246094,191.2686462402344,91.80718994140624,377.3399963378906,60.770904541015625,108.59923553466795,28.94897079467773,27525.33984375,1842.7574462890625,21.391069412231445
2023-04-25,161.1437530517578,267.9625244140625,26.15799903869629,102.87110137939452,102.56999969482422,205.5810394287109,160.6699981689453,83.80000305175781,32.255001068115234,187.0982818603516,90.47970581054688,369.5899963378906,59.57184982299805,105.54531860351562,28.18766975402832,28307.59765625,1866.753662109375,21.92725372314453
2023-04-26,161.13389587402344,287.3723449707031,26.870737075805664,102.73242950439452,104.9800033569336,207.41346740722656,153.75,85.94000244140625,32.1150016784668,187.9323272705078,90.1430435180664,363.05999755859375,59.01349258422852,105.6471176147461,28.353593826293945,28422.701171875,1866.564208984375,21.28301239013672
2023-04-27,165.7093505859375,296.576171875,27.13988494873047,106.57585906982422,109.81999969482422,236.29681396484372,160.19000244140625,87.44000244140625,32.584999084472656,192.2695159912109,91.42243194580078,371.4200134277344,59.226104736328125,105.42499542236328,29.14417839050293,29473.787109375,1908.786376953125,22.34011459350586
2023-04-28,166.95896911621094,298.9403686523437,27.661231994628903,106.32820892333984,105.4499969482422,238.0401153564453,164.30999755859375,89.37000274658203,32.99300003051758,194.65403747558597,91.1146011352539,377.55999755859375,60.00090408325195,108.09024047851562,30.315410614013672,29340.26171875,1892.5128173828125,23.366287231445312
2023-05-01,166.87042236328125,297.286376953125,28.818559646606445,106.18952941894533,102.0500030517578,240.87298583984372,161.8300018310547,89.69000244140625,32.4119987487793,194.0848846435547,91.2588882446289,374.1499938964844,61.09748458862305,107.20183563232422,29.573631286621094,28091.568359375,1831.954833984375,21.98663330078125
2023-05-02,165.8372802734375,297.14044189453125,28.12077140808105,104.3272476196289,103.62999725341795,236.9703826904297,160.30999755859375,89.91000366210938,31.7549991607666,190.20887756347656,91.19154357910156,368.6600036621094,58.64478302001953,107.4516830444336,29.056337356567383,28680.537109375,1870.789306640625,22.26497840881348
2023-05-03,164.76473999023438,296.1578369140625,27.714061737060547,104.41641235351562,103.6500015258789,234.7813415527344,160.61000061035156,81.62000274658203,31.93000030517578,189.0019073486328,91.1723175048828,345.25,58.72713851928711,104.41629028320312,29.91524314880371,29006.30859375,1904.65185546875,22.218002319335938
2023-05-04,163.13137817382812,297.14044189453125,27.474817276000977,103.70320129394533,104.0,231.3046417236328,161.1999969482422,86.61000061035156,32.077999114990234,188.7761993408203,91.3550796508789,335.8299865722656,58.43599319458008,98.6323471069336,30.61595726013184,28847.7109375,1877.7041015625,21.730348587036133
2023-05-05,170.78660583496094,302.2385559082031,28.589282989501957,104.57489776611328,105.66000366210938,230.5716857910156,170.05999755859375,89.83999633789062,32.2760009765625,193.88864135742188,93.27894592285156,348.3999938964844,60.34759140014648,100.66828918457033,30.37095260620117,29534.384765625,1995.0609130859373,22.82611083984375
2023-05-08,170.71774291992188,300.2927551269531,29.058794021606445,106.754150390625,105.83000183105467,231.05699157714844,171.7899932861328,95.04000091552734,33.12099838256836,194.19284057617188,93.1058120727539,344.0599975585937,60.24608612060547,100.23332977294922,30.15534782409668,27694.2734375,1849.042724609375,20.65746307373047
2023-05-09,169.01547241210938,298.6874694824219,28.48062896728516,106.3381118774414,106.62000274658205,231.15603637695312,169.14999389648438,95.05999755859376,33.2140007019043,197.411376953125,92.48053741455078,342.6499938964844,59.23568344116211,97.88274383544922,29.49873161315918,27658.775390625,1848.6031494140625,20.68364524841309
2023-05-10,170.77674865722656,303.8536071777344,28.79363822937012,110.69664764404295,110.19000244140624,230.8688201904297,168.5399932861328,97.0199966430664,33.54199981689453,201.0126190185547,93.80801391601562,344.0199890136719,59.97887420654297,98.52129364013672,29.371326446533203,27621.755859375,1842.4014892578125,20.953710556030277
2023-05-11,170.96372985839844,301.7132263183594,28.487607955932617,115.47119903564452,112.18000030517578,233.55308532714844,172.0800018310547,97.0999984741211,34.47600173950195,199.658447265625,93.73107147216795,341.5799865722656,60.11295700073242,96.30025482177734,28.28350067138672,27000.7890625,1796.4906005859375,20.23488044738769
2023-05-12,170.03749084472656,300.6040344238281,28.2503604888916,116.4023666381836,110.26000213623048,231.59190368652344,167.97999572753906,95.26000213623048,33.98899841308594,198.0295562744141,94.12545013427734,335.45001220703125,60.44624328613281,95.89308166503906,28.3717041015625,26804.990234375,1808.019775390625,20.911794662475582
2023-05-15,169.54486083984375,301.080810546875,28.86141967773437,115.4117660522461,111.1999969482422,236.59397888183597,166.35000610351562,97.4000015258789,33.5890007019043,199.52110290527344,93.55791473388672,345.6700134277344,61.274662017822266,98.354736328125,29.204723358154297,27192.693359375,1817.5499267578125,21.00718879699707
2023-05-16,169.54486083984375,303.2990417480469,29.12059783935547,118.3834991455078,113.4000015258789,236.55438232421875,166.52000427246094,101.4800033569336,33.375,200.72805786132807,94.5102310180664,345.1099853515625,61.431732177734375,96.05039978027344,28.636308670043945,27036.650390625,1824.1214599609373,20.679420471191406
2023-05-17,170.15574645996094,306.16571044921875,30.08254623413086,119.7009506225586,115.5,240.18955993652344,173.86000061035156,103.75,33.99599838256836,205.45774841308597,95.9723663330078,356.6300048828125,62.96696090698242,96.99433135986328,28.29330062866211,27398.802734375,1821.859619140625,21.06839942932129
2023-05-18,172.48110961914062,310.57293701171875,31.577804565429688,121.6722183227539,118.1500015258789,244.5081787109375,176.88999938964844,107.93000030517578,37.12900161743164,209.323974609375,98.44454193115234,360.4299926757813,64.92356872558594,98.9840087890625,29.087121963500977,26832.208984375,1801.728515625,20.348695755004883
2023-05-19,172.58950805664062,310.3973693847656,31.165111541748047,121.60286712646484,116.25,243.3096618652344,180.13999938964844,105.81999969482422,36.5359992980957,206.41940307617188,98.92550659179688,371.25,65.34016418457031,97.96603393554688,29.33212661743164,26890.12890625,1812.5894775390625,20.34987068176269
2023-05-22,171.6435546875,313.1665344238281,31.07738876342773,123.87127685546876,115.01000213623048,245.96424865722656,188.8699951171875,108.0,36.30099868774414,206.32125854492188,97.89624786376952,372.0499877929688,64.96857452392578,97.42927551269533,29.67513656616211,26851.27734375,1817.5347900390625,19.54204559326172
2023-05-23,169.04234313964844,307.394287109375,30.5909366607666,121.40474700927734,114.98999786376952,244.39923095703125,185.7700042724609,108.12000274658205,35.5989990234375,202.7690887451172,94.7891845703125,370.4200134277344,65.74720001220703,95.8375473022461,28.92051696777344,27225.7265625,1854.380615234375,20.043182373046875
2023-05-24,169.31825256347656,306.0194702148437,30.44140625,119.76039123535156,116.75,246.8457946777344,182.8999938964844,108.2699966430664,36.48500061035156,205.14376831054688,94.57756042480467,365.760009765625,65.07966613769531,95.33780670166016,28.42070579528809,26334.818359375,1800.0999755859375,19.223663330078125
2023-05-25,170.45135498046875,317.7882995605469,37.85987091064453,122.31609344482422,115.0,250.29278564453125,184.47000122070312,120.3499984741211,35.900001525878906,205.9778594970703,100.32032775878906,392.05999755859375,69.79833221435547,96.26323699951172,26.8526668548584,26476.20703125,1805.9537353515625,19.260662078857425
2023-05-26,172.85549926757812,324.5844116210937,38.82281112670898,123.4354248046875,120.11000061035156,259.5541076660156,193.1699981689453,127.02999877929688,37.88800048828125,211.4042510986328,100.11832427978516,415.3900146484375,77.83644104003906,102.1212158203125,28.42070579528809,26719.291015625,1828.689697265625,19.36695671081543
2023-05-30,174.69810485839844,322.9462890625,39.984130859375,122.5042953491211,121.66000366210938,260.029541015625,201.16000366210935,125.2699966430664,39.29800033569336,214.7699432373047,101.14759063720705,417.2099914550781,76.9371566772461,107.34988403320312,29.390928268432617,27702.349609375,1901.026611328125,21.25408363342285
2023-05-31,174.6488037109375,320.1967163085937,37.71433639526367,121.71183776855467,120.58000183105467,262.2086486816406,203.92999267578125,118.20999908447266,39.52299880981445,219.1955108642578,101.9075164794922,417.7900085449219,77.37960815429688,105.68187713623048,30.81196594238281,27219.658203125,1874.1304931640625,20.82450294494629
2023-06-01,177.44715881347656,324.2821655273437,39.64420700073242,122.55381774902344,122.7699966430664,270.0237731933594,207.5200042724609,119.47000122070312,40.3129997253418,208.91180419921875,101.95561981201172,426.75,75.6547622680664,107.93695831298828,30.508155822753903,26819.97265625,1862.201416015625,20.50221824645996
2023-06-02,178.2945098876953,327.03173828125,39.20260620117188,123.4948501586914,124.25,270.0237731933594,213.97000122070312,117.86000061035156,40.047000885009766,209.03939819335935,101.8594207763672,436.3699951171875,77.76651000976562,107.74128723144533,30.68456077575684,27249.58984375,1907.256591796875,21.25759506225586
2023-06-05,176.94464111328125,327.55828857421875,39.047096252441406,124.82222747802734,125.3000030517578,268.8153991699219,217.6100006103516,117.93000030517578,40.354000091552734,205.92874145507807,102.85983276367188,434.1799926757813,76.83755493164062,105.04821014404295,29.263525009155277,25760.09765625,1811.828369140625,20.07505989074707
2023-06-06,176.580078125,325.3547058105469,38.53174591064453,126.10997772216795,126.61000061035156,268.5479431152344,221.30999755859372,124.2300033569336,39.92900085449219,208.86276245117188,103.02337646484376,432.8900146484375,75.65956115722656,108.43084716796876,30.341552734375,27238.783203125,1884.494873046875,20.398483276367188
2023-06-07,175.21046447753906,315.3116760253906,37.360328674316406,121.3453140258789,121.2300033569336,261.0992736816406,224.57000732421875,117.83000183105467,39.97700119018555,201.8761138916016,101.24378967285156,418.3200073242188,75.91143798828125,107.33126831054688,30.65515899658203,26345.998046875,1832.39599609375,18.6342830657959
2023-06-08,177.92010498046875,317.144775390625,38.39216232299805,120.98870849609376,124.25,262.07000732421875,234.8600006103516,121.0500030517578,40.9370002746582,205.6049652099609,103.3888931274414,439.0299987792969,77.01951599121094,108.42153930664062,31.184371948242188,26508.216796875,1846.3018798828125,18.90947532653809
2023-06-09,178.3043670654297,318.6366271972656,38.6513671875,121.07786560058594,123.43000030517578,262.4364624023437,244.3999938964844,124.91999816894533,42.00199890136719,211.2766876220703,105.66868591308594,454.0,77.05973815917969,110.99346160888672,30.713960647583008,26480.375,1840.2252197265625,17.37969970703125
2023-06-12,181.0928497314453,323.5703125,39.36119079589844,122.4745635986328,126.56999969482422,268.47857666015625,249.8300018310547,129.19000244140625,42.39699935913086,209.68702697753903,111.99822998046876,474.6300048828125,81.919189453125,113.8169937133789,32.409400939941406,25902.5,1742.5286865234375,15.196707725524902
2023-06-13,180.6199188232422,325.949462890625,40.89647674560547,122.66278076171876,126.66000366210938,268.7460327148437,258.7099914550781,124.52999877929688,43.573001861572266,205.0652313232422,112.23870849609376,478.989990234375,81.51313018798828,115.95093536376952,33.23262023925781,25918.728515625,1739.03759765625,15.018193244934082
2023-06-14,181.25051879882807,328.9233703613281,42.86542892456055,122.5042953491211,126.41999816894533,270.7568054199219,256.7900085449219,127.33000183105467,44.08599853515625,205.47740173339844,117.61592864990234,479.5299987792969,84.870849609375,114.99113464355467,34.86927032470703,25124.67578125,1650.519287109375,14.486572265625
2023-06-15,183.28024291992188,339.4148864746094,42.522491455078125,123.910888671875,127.11000061035156,279.1562805175781,255.8999938964844,124.23999786376952,44.527000427246094,207.9501800537109,121.73302459716795,490.9100036621094,84.60751342773438,115.18682098388672,35.104469299316406,25576.39453125,1665.519775390625,14.759472846984863
2023-06-16,182.2062530517578,333.7888488769531,42.56136322021485,122.36560821533205,125.48999786376952,278.3341979980469,260.5400085449219,120.08000183105467,43.19599914550781,207.7931671142578,120.68450927734376,495.1799926757813,83.14026641845703,114.32018280029295,35.64348220825195,26327.462890625,1716.6688232421875,15.30825424194336
2023-06-20,182.29493713378903,329.6156311035156,43.6739501953125,121.93965911865234,125.77999877929688,281.6325378417969,274.45001220703125,118.93000030517578,43.470001220703125,212.9055633544922,117.39469146728516,485.8599853515625,83.13260650634766,111.6550750732422,34.30084609985352,28327.48828125,1792.1199951171875,16.635231018066406
2023-06-21,181.2603454589844,325.2376403808594,42.91328811645508,119.4136962890625,124.83000183105467,278.9681091308594,259.4599914550781,112.11000061035156,42.44499969482422,205.663818359375,117.45240783691406,477.4800109863281,81.61425018310547,107.87174224853516,32.242801666259766,30027.296875,1891.0072021484373,17.25704574584961
2023-06-22,184.25572204589844,331.2342529296875,42.89335250854492,121.98918151855467,130.14999389648438,282.1773681640625,264.6099853515625,110.6999969482422,42.24800109863281,209.2945098876953,115.9902801513672,477.5799865722656,81.11070251464844,108.4681167602539,32.05659484863281,29912.28125,1872.9429931640625,16.642620086669922
2023-06-23,183.94044494628903,326.6612243652344,42.07984924316406,121.18682861328124,129.3300018310547,285.9908447265625,256.6000061035156,110.01000213623048,42.402000427246094,206.15444946289065,114.12410736083984,484.7200012207031,79.15808868408203,105.70049285888672,32.34080123901367,30695.46875,1892.862060546875,17.149534225463867
2023-06-26,182.55111694335935,320.4014587402344,40.50766372680664,117.22453308105467,127.33000183105467,275.8282165527344,241.0500030517578,107.51000213623048,41.59400177001953,203.47561645507807,112.33490753173828,479.510009765625,79.1080322265625,108.68244934082033,32.674007415771484,30271.130859375,1859.432861328125,16.27002716064453
2023-06-27,185.3001708984375,326.22247314453125,41.74786758422852,117.21463012695312,129.17999267578125,284.3267822265625,250.2100067138672,110.38999938964844,41.70800018310547,204.9082794189453,113.35455322265624,489.2699890136719,81.68550109863281,111.62713623046876,33.418827056884766,30688.1640625,1889.703369140625,16.61964988708496
2023-06-28,186.4727020263672,327.4704895019531,40.99118423461914,119.04718780517578,129.0399932861328,282.5834655761719,256.239990234375,110.16999816894533,42.98400115966797,208.19552612304688,112.09441375732422,482.4299926757813,81.6412124633789,109.53043365478516,32.899417877197266,30086.24609375,1827.97119140625,15.98684310913086
2023-06-29,186.8077087402344,326.6905212402344,40.69709014892578,117.97737121582033,127.9000015258789,278.8592224121094,257.5,111.23999786376952,42.82400131225586,206.48809814453125,113.29684448242188,483.7699890136719,83.04981231689453,110.01499938964844,32.25260162353516,30445.3515625,1852.227294921875,17.970457077026367
2023-06-30,191.1234588623047,332.0434875488281,42.17256546020508,118.57170104980467,130.36000061035156,284.25750732421875,261.7699890136719,113.91000366210938,44.04899978637695,207.3025360107422,114.5569839477539,488.989990234375,83.51773071289062,110.92822265625,32.772010803222656,30477.251953125,1933.18896484375,18.897321701049805
2023-07-03,189.63563537597656,329.5571594238281,42.28321075439453,118.76982879638672,130.22000122070312,283.3065795898437,279.82000732421875,115.81999969482422,44.14400100708008,207.6852569580078,112.69082641601562,485.2099914550781,84.38523864746094,111.90667724609376,32.94841766357422,31156.439453125,1955.38916015625,19.240537643432617
2023-07-05,188.52220153808597,329.713134765625,42.18752670288086,120.60238647460938,130.3800048828125,291.57745361328125,282.4800109863281,113.9499969482422,44.59000015258789,209.8145904541016,111.5461196899414,487.260009765625,82.9814453125,109.14836883544922,31.8605899810791,30514.166015625,1910.5880126953125,18.99286460876465
2023-07-06,188.99514770507807,332.7553100585937,41.97417831420898,118.9778289794922,128.36000061035156,289.21990966796875,276.5400085449219,113.4800033569336,43.88399887084961,206.2035369873047,111.05553436279295,481.2900085449219,81.64698028564453,107.3685302734375,31.331375122070312,29909.337890625,1848.636474609375,19.72938537597656
2023-07-07,187.8817138671875,328.8063659667969,42.37294006347656,118.35379028320312,129.77999877929688,287.7737731933594,274.42999267578125,113.16999816894533,43.810001373291016,205.663818359375,110.2475128173828,485.2699890136719,81.52662658691406,108.03948211669922,31.213773727416992,30342.265625,1870.6025390625,21.484664916992188
2023-07-10,185.84210205078125,323.55084228515625,42.05093765258789,115.35233306884766,127.12999725341795,291.3099365234375,269.6099853515625,113.58000183105467,44.17100143432617,208.8235321044922,110.0262680053711,496.3500061035156,84.50944519042969,109.1390609741211,32.08599853515625,30414.470703125,1880.556396484375,21.31377601623535
2023-07-11,185.3198699951172,324.1749267578125,42.275238037109375,116.0358428955078,128.77999877929688,295.460205078125,269.7900085449219,111.31999969482422,44.02099990844727,217.0269317626953,110.89503479003906,504.739990234375,84.92537689208984,108.9061050415039,32.63480758666992,30620.951171875,1878.3360595703125,22.09293365478516
2023-07-12,186.98507690429688,328.78692626953125,43.76766204833984,117.80896759033205,130.8000030517578,306.4053649902344,271.989990234375,114.58000183105467,44.40499877929688,223.02247619628903,111.9954833984375,507.3599853515625,85.6860122680664,110.59275817871094,33.301231384277344,30391.646484375,1872.11376953125,21.977602005004883
2023-07-13,187.7437896728516,334.11065673828125,45.83631896972656,123.36608123779295,134.3000030517578,310.4367370605469,277.8999938964844,115.91999816894533,45.03799819946289,226.05455017089844,113.37589263916016,517.280029296875,85.7254867553711,114.7302017211914,33.193416595458984,31476.048828125,2006.511474609375,26.02569580078125
2023-07-14,187.8915863037109,336.6262512207031,45.32987594604492,124.23779296875,134.67999267578125,305.9398498535156,281.3800048828125,115.94000244140624,44.19100189208984,225.03404235839844,115.13275909423828,514.8300170898438,85.55409240722656,114.2083740234375,32.48780822753906,30334.068359375,1939.3470458984373,26.7357177734375
2023-07-17,191.14317321777344,337.10406494140625,46.31883239746094,123.47505950927734,133.55999755859375,307.67315673828125,290.3800048828125,118.31999969482422,45.005001068115234,223.72897338867188,114.76593780517578,522.0,87.650146484375,114.99113464355467,33.683433532714844,30145.888671875,1911.6461181640625,26.872766494750977
2023-07-18,190.8869781494141,350.5207214355469,47.34867858886719,122.59342956542967,132.8300018310547,309.0896301269531,293.3399963378906,117.93000030517578,47.47999954223633,223.3659210205078,116.58072662353516,532.22998046875,86.98389434814453,114.4879379272461,33.81083679199219,29856.5625,1897.5992431640625,25.54450416564941
2023-07-19,192.2368621826172,346.220703125,46.93294906616211,120.8797378540039,135.36000061035156,313.0120849609375,291.260009765625,116.43000030517578,47.75899887084961,229.9796600341797,114.5728759765625,527.1699829101562,86.7855453491211,115.94161987304688,33.77163314819336,29913.923828125,1889.0079345703125,26.372352600097656
2023-07-20,190.2957763671875,338.2156066894531,45.38071060180664,118.07642364501952,129.9600067138672,299.65008544921875,262.8999938964844,110.25,43.742000579833984,223.88595581054688,111.86034393310548,516.8800048828125,85.53099060058594,112.49375915527344,32.703407287597656,29792.015625,1890.9691162109373,25.375167846679688
2023-07-21,189.1232452392578,335.19293212890625,44.17341995239258,118.88868713378906,130.0,291.4684143066406,260.0199890136719,110.9499969482422,42.75,223.7878570556641,113.56895446777344,520.22998046875,86.34073638916016,116.2211685180664,33.340431213378906,29908.744140625,1892.080078125,25.544267654418945
2023-07-24,189.92135620117188,336.4994812011719,44.47549057006836,120.38446044921876,128.8000030517578,288.8435363769531,269.0599975585937,110.61000061035156,42.83700180053711,221.4328155517578,113.9743881225586,523.8599853515625,86.80671691894531,115.64342498779295,32.95821762084961,29176.916015625,1850.0020751953125,23.38149070739746
2023-07-25,190.7785797119141,342.22314453125,45.53923034667969,121.05805206298828,129.1300048828125,291.6763916015625,265.2799987792969,113.0,42.77000045776367,221.79586791992188,113.8585433959961,525.3400268554688,88.38574981689453,116.54733276367188,33.418827056884766,29227.390625,1857.741943359375,23.279321670532227
2023-07-26,191.64566040039065,329.3426818847656,45.31292343139648,128.05149841308594,128.14999389648438,295.737548828125,264.3500061035156,110.08999633789062,42.266998291015625,221.3542938232422,111.49352264404295,514.5499877929688,85.98834991455078,115.5688705444336,33.67363357543945,29354.97265625,1872.159912109375,25.17705345153809
2023-07-27,190.3844451904297,322.46856689453125,45.759552001953125,128.1802520751953,128.25,308.7528076171875,255.7100067138672,111.0999984741211,41.31700134277344,220.93235778808597,112.36231231689452,513.969970703125,86.03068542480469,117.274169921875,33.859840393066406,29210.689453125,1860.357177734375,25.099336624145508
2023-07-28,192.95616149902344,329.9276428222656,46.6069564819336,131.33029174804688,132.2100067138672,322.3922424316406,266.44000244140625,112.95999908447266,42.57799911499024,221.3739471435547,111.96653747558594,528.8699951171875,86.63341522216797,120.65680694580078,36.09429550170898,29319.24609375,1874.744873046875,24.84685707092285
2023-07-31,193.56707763671875,327.5387878417969,46.58600997924805,131.46900939941406,133.67999267578125,315.5775146484375,267.42999267578125,114.4000015258789,43.89699935913086,220.7949981689453,113.16352081298828,546.1699829101562,86.5236587524414,123.16350555419922,35.05546951293945,29230.111328125,1856.162353515625,23.720956802368164
2023-08-01,192.73936462402344,327.9483642578125,46.36469650268555,130.30999755859375,131.69000244140625,319.64849853515625,261.07000732421875,117.5999984741211,43.86199951171875,220.06884765625,113.81993865966795,549.0999755859375,88.57928466796875,123.0796356201172,35.08486557006836,29675.732421875,1871.7921142578125,23.99875259399414
2023-08-02,189.7538604736328,319.3288269042969,44.133544921875,127.16989135742188,128.2100067138672,311.3282165527344,254.1100006103516,109.3499984741211,42.970001220703125,216.36947631835935,111.69625091552734,530.2999877929688,85.91226959228516,120.46112060546876,33.70303726196289,29151.958984375,1839.0897216796875,23.145721435546875
2023-08-03,188.36453247070312,318.509765625,44.378787994384766,127.23921966552734,128.91000366210938,310.2188720703125,259.32000732421875,113.1500015258789,43.09999847412109,211.52200317382807,110.57648468017578,523.760009765625,85.2074966430664,110.61139678955078,34.17344665527344,29178.6796875,1835.136474609375,22.636049270629883
2023-08-04,179.31927490234375,319.6018981933594,44.54328918457031,126.90242767333984,139.57000732421875,307.7821655273437,253.8600006103516,115.81999969482422,43.15999984741211,210.57017517089844,110.47030639648438,526.8800048828125,84.88687896728516,113.22059631347656,34.56195068359375,29074.091796875,1827.712890625,22.79361915588379
2023-08-07,176.22537231445312,321.87371826171875,45.27803421020508,130.2902069091797,142.22000122070312,313.5568542480469,251.4499969482422,116.80999755859376,44.07600021362305,212.01263427734372,112.07272338867188,529.72998046875,86.3705825805664,111.2077865600586,34.65047073364258,29180.578125,1826.9388427734373,23.068756103515625
2023-08-08,177.16140747070312,317.9150390625,44.527339935302734,130.16140747070312,139.94000244140625,309.674072265625,249.6999969482422,113.2300033569336,43.83000183105469,207.61656188964844,111.23290252685548,520.5999755859375,85.03225708007812,109.64227294921876,34.44392013549805,29765.4921875,1855.807373046875,24.211763381958008
2023-08-09,175.57504272460938,314.1903991699219,42.423789978027344,128.4378204345703,137.85000610351562,302.31451416015625,242.19000244140625,110.47000122070312,42.88999938964844,202.00372314453125,109.17677307128906,513.780029296875,81.90984344482422,108.62652587890624,33.71609115600586,29561.494140625,1854.297607421875,24.37852668762207
2023-08-10,175.35824584960938,314.87286376953125,42.25830078125,128.46754455566406,138.55999755859375,302.83953857421875,245.33999633789065,110.2300033569336,42.99800109863281,204.34896850585935,109.0706024169922,515.8300170898438,81.15594482421875,107.7319564819336,34.109519958496094,29429.591796875,1850.75341796875,24.613052368164062
2023-08-11,175.41744995117188,313.0008239746094,40.7299919128418,128.33876037597656,138.41000366210938,298.7784118652344,242.6499938964844,107.56999969482422,42.16600036621094,204.7904815673828,109.13816833496094,508.4500122070313,79.89080047607422,106.80010223388672,34.316062927246094,29397.71484375,1847.1243896484373,24.582860946655277
2023-08-14,177.06520080566406,315.9552001953125,43.61912155151367,130.09210205078125,140.57000732421875,303.28521728515625,239.75999450683597,111.9800033569336,42.77799987792969,208.0875396728516,111.56110382080078,522.25,82.23429107666016,106.25030517578124,35.09306335449219,29408.443359375,1844.185791015625,25.142822265625
2023-08-15,175.08201599121094,313.8296203613281,43.805545806884766,128.5566864013672,137.6699981689453,299.08544921875,232.9600067138672,111.3499984741211,42.369998931884766,204.86898803710935,113.22144317626952,518.7000122070312,81.1193618774414,104.06976318359376,34.19803237915039,29170.34765625,1826.9327392578125,23.89658546447754
2023-08-16,174.21376037597656,313.0674133300781,43.35293197631836,127.4868621826172,135.07000732421875,291.4981689453125,225.6000061035156,107.19000244140624,41.54499816894531,203.11257934570312,111.33907318115234,514.489990234375,80.20179748535156,102.6440200805664,32.97843170166016,28701.779296875,1805.6590576171875,22.811975479125977
2023-08-17,171.6780242919922,309.62799072265625,43.21137619018555,128.69537353515625,133.97999572753906,282.3854064941406,219.22000122070312,104.44000244140624,40.29999923706055,200.0215301513672,110.89503479003906,511.6700134277344,79.63468933105469,102.57880401611328,32.04405975341797,26664.55078125,1684.9334716796875,21.70997428894043
2023-08-18,172.16151428222656,309.2372436523437,43.1665153503418,126.25855255126952,133.22000122070312,280.5628967285156,215.4900054931641,105.4499969482422,40.45299911499024,200.99301147460935,112.42022705078124,508.1300048828125,79.51337432861328,102.59741973876952,32.211265563964844,26049.556640625,1660.945068359375,21.335493087768555
2023-08-21,173.49346923828125,314.5135498046875,46.82329177856445,127.15997314453124,134.67999267578125,287.1497802734375,231.27999877929688,108.22000122070312,40.82899856567383,205.11431884765625,112.54573059082033,520.469970703125,83.29725646972656,103.13790893554688,32.5948486328125,26124.140625,1667.26904296875,21.20825958251953
2023-08-22,174.86492919921875,315.0802917480469,45.528263092041016,127.8633270263672,134.25,284.8715209960937,233.19000244140625,105.66000366210938,41.31700134277344,202.8868408203125,112.4974594116211,519.47998046875,82.39701843261719,102.0103530883789,32.348960876464844,26031.65625,1633.892578125,20.546541213989254
2023-08-23,178.70301818847656,319.51641845703125,46.97183990478516,131.12228393554688,135.52000427246094,291.4486083984375,236.8600006103516,109.43000030517578,42.755001068115234,205.2124481201172,113.75237274169922,530.7100219726562,84.39871978759766,103.5945053100586,33.42103576660156,26431.640625,1679.2744140625,21.7036247253418
2023-08-24,174.02627563476562,312.6473083496094,47.0186882019043,128.5566864013672,131.83999633789062,284.0296630859375,230.0399932861328,101.8000030517578,40.69300079345703,201.6602325439453,108.99337005615234,512.4299926757812,82.26895141601562,101.1157684326172,32.053897857666016,26162.373046875,1659.944580078125,21.033031463623047
2023-08-25,176.22654724121094,315.58837890625,45.877201080322266,128.65573120117188,133.25999450683594,282.7915344238281,238.58999633789065,102.25,41.60300064086914,205.54608154296875,112.03409576416016,525.0599975585938,82.01478576660156,102.80243682861328,32.70303726196289,26047.66796875,1652.93505859375,20.392719268798828
2023-08-28,177.78543090820312,316.2919616699219,46.69169616699219,129.77505493164062,133.13999938964844,287.50640869140625,238.82000732421875,102.61000061035156,41.805999755859375,207.75392150878903,112.78704071044922,529.9199829101562,82.90635681152344,104.06976318359376,33.06695556640625,26106.150390625,1652.4573974609375,20.557100296020508
2023-08-29,181.66297912597656,320.8941345214844,48.634727478027344,133.3015594482422,134.91000366210938,295.1630554199219,257.17999267578125,105.91999816894533,42.999000549316406,207.98944091796875,116.46488189697266,540.5700073242188,85.68407440185547,106.02667236328124,33.745601654052734,27727.392578125,1729.7257080078125,21.780763626098636
2023-08-30,185.14588928222656,321.2654113769531,49.113258361816406,134.5991973876953,135.07000732421875,292.30047607421875,256.8999938964844,106.58999633789062,43.46699905395508,211.01171875,116.91858673095705,545.3599853515625,85.91034698486328,106.29881286621094,33.96198272705078,27297.265625,1705.1121826171875,20.834903717041016
2023-08-31,185.3629608154297,320.2590026855469,49.203983306884766,134.88645935058594,138.00999450683594,293.0829467773437,258.0799865722656,105.72000122070312,43.36800003051758,217.3114776611328,116.21392059326172,559.3400268554688,88.8575210571289,107.48126220703124,34.56195068359375,25931.47265625,1645.63916015625,19.735092163085938
2023-09-01,186.9317321777344,321.1383972167969,48.36056518554688,134.38125610351562,138.1199951171875,293.5682983398437,245.00999450683597,109.4499969482422,43.98799896240234,217.3801727294922,116.73517608642578,563.2100219726562,84.0078125,108.28833770751952,36.00776672363281,25800.724609375,1628.4912109375,19.327844619750977
2023-09-05,187.1685485839844,325.9165344238281,48.39944839477539,134.490234375,137.27000427246094,297.302490234375,256.489990234375,110.77999877929688,44.86800003051758,214.5933380126953,119.67938995361328,564.8800048828125,83.97411346435547,109.37694549560548,36.10612106323242,25779.982421875,1633.62939453125,20.272384643554688
2023-09-06,180.4691467285156,325.2618713378906,46.92086410522461,133.1925811767578,135.36000061035156,296.33184814453125,251.9199981689453,109.27999877929688,44.57600021362305,217.4684600830078,120.01722717285156,561.9400024414062,83.9837417602539,107.62203216552734,36.371681213378906,25753.236328125,1632.2523193359375,19.62002944946289
2023-09-07,175.19052124023438,322.3598937988281,46.10330581665039,133.98500061035156,137.85000610351562,295.8366394042969,251.4900054931641,106.58999633789062,44.31399917602539,218.36143493652344,120.75088500976562,560.4600219726562,82.51641082763672,99.85163879394533,37.55193710327149,26240.1953125,1647.5982666015625,19.890499114990234
2023-09-08,175.80223083496094,326.6199951171875,45.43629837036133,135.094482421875,138.22999572753906,295.06396484375,248.5,106.08999633789062,44.27999877929688,220.54966735839844,121.93822479248048,560.3599853515625,82.56647491455078,99.60762786865234,37.38473510742188,25905.654296875,1636.1378173828125,19.599044799804688
2023-09-11,176.9665069580078,330.2060852050781,45.04347610473633,135.62937927246094,143.10000610351562,304.6422119140625,273.5799865722656,105.31999969482422,44.5359992980957,221.08937072753903,122.314697265625,564.5,82.71956634521484,103.49281311035156,37.955196380615234,25162.654296875,1551.6376953125,17.739166259765625
2023-09-12,173.9473419189453,324.17724609375,44.73638534545898,134.06430053710938,141.22999572753906,298.7981872558594,267.4800109863281,105.30999755859376,43.46900177001953,217.5077362060547,105.80784606933594,542.2100219726562,81.31192779541016,104.3843765258789,38.22075653076172,25833.34375,1592.429443359375,17.929826736450195
2023-09-13,171.88525390625,328.3690185546875,45.34956359863281,135.42140197753906,144.85000610351562,302.1659851074219,271.29998779296875,107.70999908447266,41.2239990234375,214.7013092041016,107.96047973632812,553.5599975585938,82.12165069580078,105.70759582519533,38.07322311401367,26228.32421875,1607.988525390625,18.402999877929688
2023-09-14,173.3948211669922,330.9486694335937,45.44527053833008,136.79830932617188,144.72000122070312,308.7627868652344,276.0400085449219,106.62999725341795,40.04899978637695,214.68165588378903,109.71736145019533,552.1599731445312,83.92308044433594,107.02141571044922,38.033878326416016,26539.673828125,1626.974365234375,18.838306427001957
2023-09-15,172.67454528808594,322.6627502441406,43.7692756652832,136.1048583984375,140.38999938964844,297.4610290527344,274.3900146484375,101.48999786376952,39.69400024414063,210.58981323242188,109.9586944580078,528.8900146484375,82.00128936767578,106.1768035888672,37.25687789916992,26608.693359375,1641.640380859375,19.16884422302246
2023-09-18,175.59506225585938,321.5292663574219,43.835086822509766,136.90724182128906,139.97999572753906,299.6797790527344,265.2799987792969,102.37000274658205,39.43999862670898,210.9724884033203,108.31765747070312,532.4199829101562,81.83955383300781,105.81082153320312,37.36506652832031,26754.28125,1637.3470458984375,19.657245635986328
2023-09-19,176.68040466308594,321.1286315917969,43.39041519165039,136.73880004882812,137.6300048828125,302.17584228515625,266.5,101.61000061035156,39.619998931884766,211.65936279296875,108.85822296142578,541.6900024414062,81.76251983642578,103.90574645996094,35.742210388183594,27211.1171875,1643.544677734375,20.03618812561035
2023-09-20,173.14813232421875,313.428955078125,42.113224029541016,132.47935485839844,135.2899932861328,296.8270874023437,262.5899963378906,100.33999633789062,38.630001068115234,209.03939819335935,108.95478057861328,535.780029296875,80.40432739257812,102.4980697631836,34.119346618652344,27132.0078125,1622.890625,20.3049373626709
2023-09-21,171.6089630126953,312.2173767089844,40.89485549926758,129.2104949951172,129.3300018310547,292.9244689941406,255.6999969482422,96.11000061035156,38.415000915527344,204.7022247314453,105.63410949707033,513.8800048828125,78.25425720214844,101.31562042236328,34.08000946044922,26567.6328125,1584.3070068359375,19.47907066345215
2023-09-22,172.45748901367188,309.75506591796875,41.48609924316406,129.02224731445312,129.1199951171875,296.24267578125,244.8800048828125,96.1999969482422,37.98099899291992,202.56301879882807,105.24795532226562,512.9000244140625,80.26009368896484,101.05284881591795,33.61773681640625,26579.568359375,1593.268310546875,19.43814468383789
2023-09-25,173.73028564453125,310.2729187011719,42.09627914428711,129.8741912841797,131.27000427246094,297.9760131835937,246.9900054931641,97.37999725341795,38.47999954223633,202.4747009277344,104.54328918457033,511.6000061035156,80.72572326660156,103.63360595703124,33.72593307495117,26298.48046875,1588.3228759765625,19.40414047241211
2023-09-26,169.66526794433594,304.9964599609375,41.78620529174805,127.3581085205078,125.9800033569336,296.1238098144531,244.1199951171875,95.95999908447266,37.92499923706055,198.6968536376953,101.24191284179688,506.2999877929688,79.01224517822266,102.96729278564452,33.27350234985352,26217.25,1593.417236328125,19.023286819458008
2023-09-27,168.15570068359375,305.6316223144531,42.3415412902832,129.30955505371094,125.9800033569336,294.9154052734375,240.5,98.06999969482422,37.75899887084961,198.9323272705078,100.99095153808594,502.6000061035156,79.07228088378906,102.46991729736328,34.04066848754883,26352.716796875,1597.4912109375,19.130022048950195
2023-09-28,168.41220092773438,306.46221923828125,42.960693359375,131.06285095214844,125.9800033569336,301.0763854980469,246.3800048828125,102.76000213623048,37.63600158691406,199.39352416992188,102.4678726196289,504.6700134277344,80.54275512695312,104.26235961914062,34.60129165649414,27021.546875,1652.8826904296875,19.957616806030277
2023-09-29,168.92527770996094,308.5238342285156,43.36946868896485,129.62649536132812,127.12000274658205,297.3619384765625,250.22000122070312,102.81999969482422,37.7599983215332,198.9813995361328,102.245849609375,509.8999938964844,80.40530395507812,104.22482299804688,34.9651985168457,26911.720703125,1667.94384765625,20.300655364990234
2023-10-02,171.43138122558594,314.4354248046875,44.64865112304688,132.90530395507812,129.4600067138672,303.9092712402344,251.6000061035156,103.2699966430664,38.03300094604492,199.8939971923828,103.0084457397461,521.1300048828125,80.8283462524414,104.26235961914062,34.876686096191406,27530.78515625,1663.6275634765625,23.371700286865234
2023-10-03,170.099365234375,306.2179260253906,43.38742446899414,131.18170166015625,124.72000122070312,298.0850830078125,246.52999877929688,100.08000183105467,37.67499923706055,196.08665466308597,100.8944091796875,507.0299987792969,78.88060760498047,103.40837860107422,35.102901458740234,27429.978515625,1656.6856689453125,23.55269432067871
2023-10-04,171.3425750732422,311.6603698730469,43.909854888916016,133.96522521972656,127.0,302.6809387207031,261.1600036621094,104.06999969482422,37.68999862670898,198.08843994140625,103.36560821533205,518.4199829101562,79.74991607666016,103.08928680419922,35.338951110839844,27799.39453125,1647.838134765625,23.1447868347168
2023-10-05,172.57591247558594,312.05126953125,44.55492782592773,133.7968292236328,125.95999908447266,301.8985290527344,260.04998779296875,102.91000366210938,37.25899887084961,198.22581481933597,104.59156036376952,516.4400024414062,79.75476837158203,103.0423812866211,35.29961013793945,27415.912109375,1611.4764404296875,22.694141387939453
2023-10-06,175.1214599609375,319.7704772949219,45.625736236572266,136.28317260742188,127.95999908447266,312.4375305175781,260.5299987792969,107.23999786376952,38.1510009765625,203.47561645507807,106.14569854736328,526.6799926757812,81.82642364501953,104.055908203125,35.59467315673828,27946.59765625,1645.83154296875,23.42445373535156
2023-10-09,176.60145568847656,322.2718811035156,45.13818740844727,137.11521911621094,128.25999450683594,315.3397521972656,259.6700134277344,106.97000122070312,38.595001220703125,203.33822631835935,106.49321746826172,529.2899780273438,82.85448455810547,104.91929626464844,35.46681594848633,27583.677734375,1579.806640625,22.118396759033203
2023-10-10,176.00946044921875,320.8746337890625,45.6616325378418,136.75865173339844,129.47999572753906,318.7867431640625,263.6199951171875,109.01000213623048,37.33200073242188,203.0045928955078,105.90437316894533,532.719970703125,83.09941864013672,105.39788055419922,35.83072662353516,27391.01953125,1567.7130126953125,22.10511589050293
2023-10-11,177.400634765625,324.8123779296875,46.666622161865234,139.22520446777344,131.8300018310547,324.7100524902344,262.989990234375,108.30999755859376,36.59299850463867,202.9751892089844,106.2240982055664,549.9099731445312,84.66282653808594,104.28113555908205,36.27333068847656,26873.3203125,1566.2547607421875,22.00741958618164
2023-10-12,178.29852294921875,323.5811462402344,46.80521774291992,137.6600799560547,132.3300018310547,321.084716796875,258.8699951171875,108.79000091552734,36.119998931884766,201.8270721435547,105.71060180664062,559.6300048828125,87.66769409179688,104.60020446777344,36.23398208618164,26756.798828125,1539.6124267578125,21.300268173217773
2023-10-13,176.4633026123047,320.2297058105469,45.32563018798828,136.0652313232422,129.7899932861328,311.7045593261719,251.1199951171875,105.08999633789062,35.56800079345703,200.7574920654297,104.8773956298828,548.760009765625,85.49729919433594,101.97254180908205,35.378299713134766,26862.375,1552.0894775390625,21.834917068481445
2023-10-16,176.33505249023438,325.0273132324219,45.957740783691406,137.78883361816406,132.5500030517578,318.10333251953125,253.9199981689453,106.45999908447266,36.08200073242188,204.6237030029297,105.32306671142578,550.739990234375,87.37438201904297,103.70867156982422,35.958587646484375,28519.466796875,1600.5343017578125,23.98295783996582
2023-10-17,174.78599548339844,324.4606018066406,43.80716323852539,138.4029998779297,131.47000122070312,320.92626953125,254.8500061035156,105.13999938964844,35.571998596191406,205.90911865234372,105.6427993774414,560.0900268554688,85.61541748046875,105.29464721679688,35.46681594848633,28415.748046875,1565.4395751953125,23.959318161010746
2023-10-18,173.49346923828125,322.55523681640625,42.070350646972656,136.6595916748047,128.1300048828125,313.96295166015625,242.67999267578125,102.16999816894533,34.61899948120117,200.99301147460935,104.8773956298828,557.8699951171875,85.87000274658203,104.14974212646484,35.05372619628906,28328.341796875,1563.7498779296875,23.432138442993164
2023-10-19,173.11854553222656,323.7375793457031,41.97564315795898,136.45155334472656,128.39999389648438,309.8424377441406,220.1100006103516,102.4000015258789,40.17699813842773,204.4176483154297,104.96458435058594,555.739990234375,84.01132202148438,104.43128204345705,35.083229064941406,28719.806640625,1567.45703125,24.93791961669922
2023-10-20,170.572998046875,319.1940612792969,41.263763427734375,134.3218536376953,125.16999816894533,305.7218933105469,211.9900054931641,101.80999755859376,40.09600067138672,199.9136199951172,98.67679595947266,540.9600219726562,82.63667297363281,101.94438934326172,34.34556579589844,29682.94921875,1604.6668701171875,27.033674240112305
2023-10-23,170.69137573242188,321.7832946777344,42.8470344543457,135.21334838867188,126.55999755859376,311.0310363769531,212.0800018310547,100.01000213623048,40.68399810791016,198.2160186767578,100.43040466308594,540.4099731445312,83.46824645996094,101.97254180908205,33.29316711425781,33086.234375,1765.3826904296875,31.850984573364254
2023-10-24,171.12551879882812,322.96563720703125,43.53297805786133,137.5015869140625,128.55999755859375,309.5848693847656,216.5200042724609,101.66999816894533,41.37300109863281,200.3944396972656,99.9847412109375,539.5599975585938,85.29692840576172,102.65760803222656,34.02099609375,33901.52734375,1784.4375,30.15153694152832
2023-10-25,168.81674194335938,332.87359619140625,41.65459060668945,124.4260025024414,121.38999938964844,296.6884155273437,212.4199981689453,96.05999755859376,41.125,193.3685607910156,98.2698745727539,521.1400146484375,82.24945831298828,98.33131408691406,32.28995132446289,34502.8203125,1787.3975830078125,32.46306610107422
2023-10-26,164.6629180908203,320.3860778808594,40.20591735839844,121.12738037109376,119.56999969482422,285.6145324707031,205.75999450683597,93.66999816894533,40.354000091552734,192.57376098632807,97.27198028564452,514.280029296875,80.03453826904297,99.11962890625,31.985048294067383,34156.6484375,1804.039306640625,32.77549362182617
2023-10-27,165.9751434326172,322.2621154785156,40.37939834594727,121.01841735839844,127.73999786376952,293.9150085449219,207.3000030517578,96.43000030517578,39.7869987487793,192.88775634765625,97.84358978271484,508.1199951171875,81.158447265625,99.90792083740234,34.95537185668945,33909.80078125,1780.0452880859375,31.73969841003418
2023-10-30,168.01754760742188,329.5904846191406,41.03843307495117,123.2868423461914,132.7100067138672,299.7886962890625,197.3600006103516,96.18000030517578,41.007999420166016,195.53717041015625,98.4830322265625,526.9400024414062,81.43824005126953,101.19361114501952,35.102901458740234,34502.36328125,1810.088623046875,34.962337493896484
2023-10-31,168.49114990234375,330.37213134765625,40.65856552124024,122.9104232788086,133.08999633789062,298.41192626953125,200.83999633789065,98.5,41.16899871826172,197.06793212890625,100.1785125732422,532.0599975585938,81.44984436035156,102.28221893310548,35.89957809448242,34667.78125,1816.458984375,38.51951599121094
2023-11-01,171.64845275878906,338.1499938964844,42.19895935058594,125.2580795288086,137.0,308.8916015625,205.66000366210935,108.04000091552734,42.01900100708008,200.0902404785156,102.4552993774414,544.5,82.56989288330078,104.06529998779295,36.67658233642578,35437.25390625,1847.0897216796875,41.461544036865234
2023-11-02,175.20040893554688,340.3485412597656,43.37644958496094,126.2882843017578,138.07000732421875,307.9207763671875,218.50999450683597,107.83000183105467,42.47100067138672,204.21157836914065,103.5404052734375,558.7100219726562,84.34724426269531,110.13709259033205,37.07984161376953,34938.2421875,1800.6209716796875,40.20756912231445
2023-11-03,174.29266357421875,344.7259521484375,44.87099075317383,127.88311004638672,138.60000610351562,311.615478515625,219.9600067138672,112.25,43.23600006103516,203.5835723876953,104.6836395263672,563.6599731445312,85.44889068603516,112.16414642333984,37.51259994506836,34732.32421875,1832.795166015625,39.51976013183594
2023-11-06,176.83824157714844,348.37060546875,45.6147689819336,129.02224731445312,139.74000549316406,312.8040466308594,219.2700042724609,111.75,43.4739990234375,203.5345001220703,105.71060180664062,565.4500122070312,85.26981353759766,112.5489273071289,37.44845581054688,35037.37109375,1899.83740234375,42.12858963012695
2023-11-07,179.3936767578125,352.2790222167969,45.81816482543945,129.7354736328125,142.7100067138672,315.7954406738281,222.17999267578125,113.4499969482422,43.46099853515625,207.87168884277344,105.59434509277344,585.2000122070312,86.91454315185547,113.29031372070312,38.25762176513672,35443.5625,1888.124267578125,43.09254455566406
2023-11-08,180.4493865966797,354.88800048828125,46.4353141784668,130.59725952148438,142.0800018310547,316.746337890625,222.1100006103516,113.58999633789062,43.665000915527344,207.50860595703125,108.8302993774414,585.3099975585938,88.20304107666016,112.6709213256836,37.418853759765625,35655.27734375,1889.3223876953125,43.18988800048828
2023-11-09,179.9757843017578,352.4353942871094,46.81019973754883,129.01235961914062,140.60000610351562,317.50897216796875,209.97999572753903,113.48999786376952,43.51499938964844,206.0759735107422,108.6849594116211,577.739990234375,88.22724151611328,112.70845794677734,37.300437927246094,36693.125,2120.56103515625,45.44482803344727
2023-11-10,184.1548767089844,361.2098693847656,48.19107437133789,131.34019470214844,143.55999755859375,325.6510009765625,214.6499938964844,118.58999633789062,44.7239990234375,209.62815856933597,109.54722595214844,597.219970703125,92.69387817382812,116.56549835205078,38.34643173217773,37313.96875,2078.289794921875,56.64385223388672
2023-11-13,182.5741424560547,358.28826904296875,48.475223541259766,130.84490966796875,142.58999633789062,326.06707763671875,223.7100067138672,116.79000091552734,44.46200180053711,211.2472381591797,110.59358978271484,590.3400268554688,91.66870880126952,116.2276611328125,37.72475814819336,36502.35546875,2055.265380859375,51.90705108642578
2023-11-14,185.18235778808597,361.7961120605469,49.50813293457031,132.36050415039062,145.8000030517578,333.1195068359375,237.41000366210935,119.87999725341795,44.8650016784668,217.0367126464844,112.48283386230467,604.3300170898438,94.18856048583984,119.52163696289062,38.88916397094727,35537.640625,1979.0526123046875,56.838375091552734
2023-11-15,185.74546813964844,361.9430236816406,48.74242401123047,133.35107421875,143.1999969482422,329.5535888671875,242.83999633789065,118.0,46.19400024414063,215.30967712402344,110.50638580322266,595.3099975585938,94.42477416992188,120.9856414794922,40.07330703735352,37880.58203125,2060.408447265625,65.5344009399414
2023-11-16,187.42498779296875,368.3071899414063,49.332664489746094,135.63929748535156,142.8300018310547,331.01959228515625,233.58999633789065,119.83000183105467,46.69499969482422,217.3016662597656,111.0973892211914,602.0599975585938,92.89039611816406,120.77915954589844,42.77709197998047,36154.76953125,1960.881591796875,57.87140274047852
2023-11-17,187.4052276611328,362.1192932128906,49.15120315551758,134.03456115722656,145.17999267578125,331.8615417480469,234.3000030517578,120.62000274658205,46.59099960327149,217.0759735107422,111.7658920288086,602.6599731445312,94.65035247802734,121.50180053710938,43.23101425170898,36596.68359375,1961.28076171875,58.41593551635742
2023-11-20,189.14405822753903,369.5506286621094,50.2588996887207,134.96571350097656,146.1300048828125,336.74481201171875,235.6000061035156,121.52999877929688,47.446998596191406,220.91275024414065,113.27728271484376,612.7000122070312,96.39090728759766,121.53931427001952,44.14872360229492,37476.95703125,2022.2391357421875,56.53383255004883
2023-11-21,188.3437957763672,365.27197265625,49.79528045654297,135.6789093017578,143.89999389648438,333.7831726074219,241.1999969482422,119.16000366210938,47.494998931884766,220.117919921875,112.46346282958984,610.989990234375,94.98625183105467,119.20256042480467,43.06325912475586,35813.8125,1937.0667724609373,52.00047302246094
2023-11-22,189.00572204589844,369.9520568847656,48.57093048095703,137.18458557128906,146.7100067138672,338.2502746582031,234.2100067138672,122.51000213623048,47.79999923706055,219.6468811035156,112.6184539794922,619.719970703125,94.09563446044922,119.6530303955078,43.09286117553711,37432.33984375,2064.42529296875,57.58855819702149
2023-11-24,187.68186950683597,369.5408020019531,47.63373947143555,135.40155029296875,146.74000549316406,335.0212707519531,235.4499969482422,122.30999755859376,47.95600128173828,220.17677307128903,112.62815856933594,619.4299926757812,94.7606964111328,119.88763427734376,43.379032135009766,37720.28125,2081.152099609375,56.86643981933594
2023-11-27,187.5040435791016,370.6961669921875,48.09835433959961,135.1241912841797,147.72999572753906,331.5247497558594,236.0800018310547,122.6500015258789,47.91699981689453,220.57911682128903,112.84130859375,619.27001953125,91.9891357421875,120.30994415283205,43.4974479675293,37254.16796875,2027.4173583984373,55.06462097167969
2023-11-28,188.10667419433597,374.7006530761719,47.6786003112793,135.90672302246094,147.02999877929688,335.7740173339844,246.72000122070312,122.01000213623048,47.900001525878906,220.7066650390625,112.6184539794922,623.3200073242188,91.61255645751952,118.7990264892578,43.64546203613281,37831.0859375,2049.338134765625,58.19437026977539
2023-11-29,187.08909606933597,370.93115234375,47.99665451049805,133.7176055908203,146.32000732421875,329.0484619140625,244.13999938964844,123.8499984741211,47.71900177001953,226.03494262695312,112.5894012451172,617.3900146484375,91.07820129394533,120.80120849609376,44.3460807800293,37858.4921875,2029.92919921875,59.25012969970703
2023-11-30,187.662109375,370.9898376464844,46.63073348999024,131.28077697753906,146.08999633789062,324.0463562011719,240.0800018310547,121.16000366210938,47.39699935913086,247.1812438964844,112.5894012451172,611.010009765625,89.61642456054688,121.87785339355467,44.10924911499024,37712.74609375,2052.55615234375,59.24162292480469
2023-12-01,188.9365692138672,366.6818542480469,46.6257438659668,130.61708068847656,147.02999877929688,321.7384948730469,238.8300018310547,121.38999938964844,46.57400131225586,255.1295623779297,113.5098114013672,612.469970703125,90.02978515625,122.46338653564452,43.16194152832031,38688.75,2087.139892578125,59.80399703979492
2023-12-04,187.1483917236328,361.4241027832031,45.37447738647461,128.05149841308594,144.83999633789062,316.9839782714844,235.5800018310547,118.56999969482422,45.38999938964844,245.9644775390625,112.17279052734376,604.5599975585938,89.446044921875,122.72783660888672,41.790306091308594,41980.09765625,2243.2158203125,61.526615142822266
2023-12-05,191.09030151367188,364.7334289550781,46.43142318725586,129.75531005859375,146.8800048828125,315.2704772949219,238.72000122070312,118.37999725341795,45.51499938964844,246.31773376464844,110.96173858642578,602.219970703125,88.39566802978516,123.48336791992188,41.365989685058594,44080.6484375,2293.841796875,60.99483108520508
2023-12-06,190.00357055664065,361.0911865234375,45.371490478515625,128.79443359375,144.52000427246094,314.4384155273437,239.3699951171875,116.81999969482422,44.67300033569336,244.4631500244141,108.53963470458984,595.7000122070312,87.47795867919922,122.73729705810548,40.72458267211914,43746.4453125,2231.661376953125,61.902957916259766
2023-12-07,191.9300842285156,363.1962585449219,46.461334228515625,135.63929748535156,146.8800048828125,323.4916687011719,242.63999938964844,128.3699951171875,45.20000076293945,244.18836975097656,109.3534698486328,608.780029296875,89.28048706054688,125.55167388916016,41.59295272827149,43292.6640625,2357.57958984375,67.83782958984375
2023-12-08,193.3527374267578,366.40771484375,47.36870193481445,133.7176055908203,147.4199981689453,329.59326171875,243.83999633789065,128.9199981689453,45.3759994506836,246.11167907714844,110.07040405273438,610.010009765625,91.4140853881836,125.57999420166016,42.135684967041016,44166.6015625,2358.73193359375,75.00243377685547
2023-12-11,190.8531951904297,363.5389709472656,46.49224853515625,132.03359985351562,145.88999938964844,322.1941223144531,239.7400054931641,134.41000366210938,45.98899841308594,247.37750244140625,111.54303741455078,625.2000122070312,99.63683319091795,128.5360565185547,43.95136642456055,41243.83203125,2224.578857421875,70.36717224121094
2023-12-12,192.36477661132807,366.5545349121094,47.51927185058594,131.27085876464844,147.47999572753906,331.0492858886719,237.00999450683597,137.61000061035156,46.29999923706055,251.6460723876953,97.66920471191406,633.6599731445312,103.80335235595705,129.08377075195312,43.45797729492188,41450.22265625,2202.0380859375,68.54067993164062
2023-12-13,195.57562255859372,366.5448303222656,47.94902420043945,131.32040405273438,148.83999633789062,331.5643920898437,239.2899932861328,138.19000244140625,47.99800109863281,252.49972534179688,99.78128051757812,624.260009765625,105.48876190185548,131.08599853515625,43.9809684753418,42890.7421875,2260.648681640625,70.76778411865234
2023-12-14,195.72381591796875,358.2811889648437,48.210262298583984,130.6963348388672,147.4199981689453,330.00927734375,251.0500030517578,138.0,46.983001708984375,252.3917694091797,97.1847686767578,584.6400146484375,107.11509704589844,133.63592529296875,44.58290863037109,43023.97265625,2316.5791015625,75.62033081054688
2023-12-15,195.1903076171875,362.9808654785156,48.74870300292969,131.35012817382812,149.97000122070312,331.7427062988281,253.5,139.14999389648438,47.20600128173828,256.6995544433594,100.10099029541016,584.6799926757812,109.3658447265625,135.1753387451172,45.54995727539063,41929.7578125,2219.33740234375,72.36898803710938
2023-12-18,193.5305633544922,364.8607482910156,49.93227767944336,134.51995849609375,154.07000732421875,341.35064697265625,252.0800018310547,138.89999389648438,48.61199951171875,258.6523132324219,101.7286605834961,599.1300048828125,111.03671264648438,133.77761840820312,45.08616638183594,42623.5390625,2217.2734375,74.34716033935547
2023-12-19,194.56793212890625,365.4579772949219,49.460636138916016,135.36192321777344,153.7899932861328,347.03619384765625,257.2200012207031,140.14999389648438,49.50199890136719,259.38818359375,102.93971252441406,604.6400146484375,110.82568359375,135.26974487304688,46.04335021972656,42270.52734375,2177.87255859375,72.9897689819336
2023-12-20,192.4833221435547,362.8731689453125,47.97195053100586,137.0360107421875,152.1199951171875,345.96649169921875,247.13999938964844,135.47000122070312,48.92699813842773,255.37481689453125,100.90514373779295,596.0599975585938,107.98595428466795,132.6348419189453,45.15523910522461,43652.25,2201.911376953125,82.19123077392578
2023-12-21,192.33511352539065,365.7321472167969,48.84841537475586,139.09640502929688,153.83999633789062,350.73077392578125,254.5,139.91000366210938,49.1609992980957,262.24371337890625,102.5618667602539,600.1400146484375,109.63045501708984,134.52369689941406,46.457801818847656,43869.15234375,2239.54248046875,93.85481262207033
2023-12-22,191.2681579589844,366.7503356933594,48.68888092041016,140.1563262939453,153.4199981689453,350.0375061035156,252.5399932861328,139.60000610351562,48.67599868774414,261.3507385253906,102.89126586914062,598.75,109.1140594482422,135.51535034179688,47.36563873291016,43997.90234375,2326.52490234375,98.00369262695312
2023-12-26,190.7247467041016,366.8287353515625,49.13658142089844,140.18603515625,153.41000366210938,351.4638061523437,256.6099853515625,143.41000366210938,49.11899948120117,261.2330627441406,102.8815689086914,598.260009765625,110.07781982421876,137.37583923339844,49.83259963989258,42520.40234375,2231.46533203125,112.6767349243164
2023-12-27,190.8235321044922,366.2510070800781,49.27418518066406,139.04684448242188,153.33999633789062,354.435302734375,261.44000244140625,146.07000732421875,49.17900085449219,261.7236633300781,102.63936614990234,596.0800170898438,109.52152252197266,137.62139892578125,50.08916091918945,43442.85546875,2378.739990234375,107.02379608154295
2023-12-28,191.2483673095703,367.4357604980469,49.37887573242188,138.90817260742188,153.3800048828125,354.9207458496094,253.17999267578125,148.75999450683594,49.05099868774414,260.6050109863281,102.93971252441406,595.52001953125,109.15587615966795,137.75363159179688,49.72405624389648,42627.85546875,2347.566162109375,102.10456848144533
2023-12-29,190.21099853515625,368.1798706054688,49.37887573242188,138.373291015625,151.94000244140625,350.60205078125,248.47999572753903,147.41000366210938,48.6879997253418,258.2107238769531,102.145263671875,596.5999755859375,108.55680084228516,136.5919647216797,49.58590316772461,42099.40234375,2300.690673828125,106.31151580810548
2024-01-02,183.4040069580078,363.1179809570313,48.02879333496094,136.8676300048828,149.92999267578125,343.0048217773437,248.4199981689453,138.5800018310547,46.84999847412109,251.33203125,100.81795501708984,580.0700073242188,105.55465698242188,132.4365234375,47.16828155517578,44957.96875,2355.83642578125,106.61122131347656
2024-01-03,182.03076171875,362.85357666015625,47.431522369384766,137.6105499267578,148.47000122070312,341.2020568847656,238.4499969482422,135.32000732421875,47.0260009765625,247.12237548828125,99.2677993774414,571.7899780273438,102.94831848144533,129.95265197753906,46.42819213867188,42848.17578125,2210.761962890625,98.5944366455078
2024-01-04,179.71893310546875,360.2491760253906,47.85928726196289,135.10438537597656,144.57000732421875,343.826904296875,237.92999267578125,136.00999450683594,47.46699905395508,246.5336456298828,99.39374542236328,567.0499877929688,102.0176239013672,128.60214233398438,46.25057220458984,44179.921875,2269.0380859375,105.0775375366211
2024-01-05,178.99774169921875,360.06317138671875,48.95510482788086,134.4506072998047,145.24000549316406,348.61114501953125,237.4900054931641,138.5800018310547,47.40599822998047,246.41586303710935,99.52938079833984,564.5999755859375,102.04389190673828,129.1310272216797,46.27030563354492,44162.69140625,2268.647216796875,99.97879028320312
2024-01-08,183.3249664306641,366.8580627441406,52.10198593139648,137.53131103515625,149.10000610351562,355.2574462890625,240.4499969482422,146.17999267578125,48.50299835205078,255.98324584960935,101.39923858642578,580.5499877929688,104.53060150146484,131.30320739746094,47.8096923828125,46970.50390625,2333.03271484375,97.79044342041016
2024-01-09,182.9100341796875,367.9350280761719,52.98642349243164,139.6214141845703,151.3699951171875,354.0390930175781,234.9600067138672,149.25999450683594,48.20899963378906,256.4444274902344,100.4013442993164,586.2000122070312,105.27360534667967,132.1154022216797,47.41497802734375,46139.73046875,2344.8271484375,99.40918731689452
2024-01-10,183.9473876953125,374.7691650390625,54.19292831420898,140.93887329101562,153.72999572753906,366.9554138183594,233.94000244140625,148.5399932861328,47.83300018310547,259.1821594238281,101.07243347167967,591.030029296875,105.08688354492188,131.56764221191406,46.84264755249024,46627.77734375,2582.103515625,102.03302001953124
2024-01-11,183.3546295166016,376.59033203125,54.66355895996094,140.7407684326172,155.17999267578125,366.16302490234375,227.22000122070312,148.02000427246094,49.22299957275391,266.2963256835937,101.8991470336914,597.489990234375,106.97453308105467,131.30320739746094,47.01039505004883,46368.5859375,2619.619140625,99.90943908691406
2024-01-12,183.6806488037109,380.3500671386719,54.5518798828125,141.30535888671875,154.6199951171875,370.9373168945313,218.88999938964844,146.55999755859375,49.21599960327149,266.8360595703125,103.67899322509766,596.5399780273438,107.7233657836914,132.4081573486328,46.49726867675781,42853.16796875,2524.460205078125,91.72090911865234
2024-01-16,181.41824340820312,382.1124267578125,56.21905517578125,141.1468963623047,153.16000366210938,363.9739685058594,219.91000366210935,158.74000549316406,48.124000549316406,264.1474304199219,103.64981842041016,597.6799926757812,108.43135833740234,133.27706909179688,46.43806838989258,43154.9453125,2587.691162109375,97.62691497802734
2024-01-17,180.47964477539065,381.32916259765625,55.89100646972656,140.13650512695312,151.7100067138672,364.8753662109375,215.5500030517578,160.1699981689453,48.03300094604492,266.35528564453125,103.51365661621094,596.0999755859375,107.33338928222656,131.5770721435547,45.45127868652344,42742.65234375,2528.369384765625,102.0635986328125
2024-01-18,186.3580017089844,385.63714599609375,56.94195556640625,142.12753295898438,153.5,372.5617370605469,211.8800048828125,162.6699981689453,48.53099822998047,269.3186340332031,105.72145080566406,593.7000122070312,111.24678802490234,137.21527099609375,46.122291564941406,41262.05859375,2467.018798828125,94.2509536743164
2024-01-19,189.25271606445312,390.33685302734375,59.31907272338867,145.00021362304688,155.33999633789062,379.8123168945313,212.19000244140625,174.22999572753906,48.29499816894531,275.618408203125,106.66487121582033,611.5499877929688,117.79082489013672,143.51461791992188,47.51365661621094,41618.40625,2489.49853515625,93.38616943359376
2024-01-22,191.5546417236328,388.2220458984375,59.48159408569336,144.61390686035156,154.77999877929688,378.15814208984375,208.8000030517578,168.17999267578125,48.57099914550781,275.04931640625,107.08309936523438,603.5900268554688,118.69527435302734,144.37400817871094,47.58273696899414,39507.3671875,2310.826416015625,83.62281036376953
2024-01-23,192.8290863037109,390.5619812011719,59.69996643066406,145.65402221679688,156.02000427246094,381.5456848144531,209.13999938964844,168.4199981689453,49.21900177001953,271.5853271484375,108.76567840576172,597.1799926757812,119.2602767944336,144.96902465820312,48.24387741088867,39845.55078125,2240.68603515625,84.27450561523438
2024-01-24,192.15728759765625,394.1455383300781,61.18466567993164,147.29837036132812,156.8699951171875,386.9934997558594,207.8300018310547,178.2899932861328,54.48699951171875,271.6933288574219,111.177734375,606.47998046875,121.9405517578125,145.79067993164062,48.44123458862305,40077.07421875,2233.561767578125,88.73200988769531
2024-01-25,191.83126831054688,396.4072265625,61.43891906738281,150.43846130371094,157.75,389.449951171875,182.6300048828125,180.3300018310547,56.20000076293945,273.8030090332031,111.84882354736328,622.5800170898438,119.6191635131836,145.8850860595703,48.8951530456543,39933.80859375,2217.710205078125,86.88921356201172
2024-01-26,190.10232543945312,395.4868774414063,60.85462188720703,150.7554473876953,159.1199951171875,390.40087890625,183.25,177.25,57.04199981689453,274.6960144042969,111.49868774414062,613.9299926757812,117.17619323730467,142.34352111816406,43.07312774658203,41816.87109375,2267.19970703125,92.44236755371094
2024-01-29,189.420654296875,401.1558837890625,62.28447341918945,152.06301879882812,161.25999450683594,397.2156066894531,190.92999267578125,177.8300018310547,57.57899856567383,282.46759033203125,110.6330795288086,630.22998046875,118.42977142333984,141.32354736328125,43.26061630249024,43288.24609375,2317.064208984375,101.56666564941406
2024-01-30,185.7751007080078,400.0494995117188,62.59257888793945,150.03233337402344,159.0,396.2647399902344,191.58999633789065,172.05999755859375,56.28499984741211,282.340087890625,111.0318603515625,627.9600219726562,117.49519348144533,137.86692810058594,42.35277557373047,42952.609375,2344.49365234375,101.47297668457033
2024-01-31,182.17893981933597,389.2696533203125,61.34918975830078,138.7794189453125,155.1999969482422,386.4388122558594,187.2899932861328,167.69000244140625,56.4109992980957,275.824462890625,108.63925170898438,617.780029296875,114.756591796875,140.25633239746094,42.51066207885742,42582.60546875,2282.54443359375,97.0287094116211
2024-02-01,184.6093597412109,395.3400573730469,62.8448486328125,139.82943725585938,159.27999877929688,391.0347900390625,188.8600006103516,170.47999572753906,56.7509994506836,278.4836730957031,112.3642807006836,627.9099731445312,116.7025909423828,133.26760864257812,42.78696441650391,43075.7734375,2303.82470703125,97.84669494628906
2024-02-02,183.6114959716797,402.6245727539063,65.96879577636719,141.03794860839844,171.80999755859375,470.4837951660156,187.91000366210935,177.66000366210938,56.4640007019043,280.3088073730469,112.61717224121094,634.760009765625,119.06871795654295,133.81539916992188,42.03700256347656,43185.859375,2308.0380859375,100.44052124023438
2024-02-05,185.4194183349609,397.1709289550781,69.13164520263672,142.32565307617188,170.30999755859375,455.0516662597656,181.05999755859372,174.22999572753906,56.20600128173828,282.7129211425781,113.20073699951172,630.5,120.89314270019533,136.0253143310547,42.20476150512695,42658.66796875,2298.888916015625,95.54866027832033
2024-02-06,187.0199279785156,397.0143127441406,68.02583312988281,142.7417449951172,169.14999389648438,450.4061584472656,185.1000061035156,167.8800048828125,55.5880012512207,280.47564697265625,112.14060974121094,607.1400146484375,118.9043426513672,136.0914306640625,42.29877853393555,43084.671875,2372.201904296875,96.86107635498048
2024-02-07,187.12860107421875,405.3954162597656,69.89640045166016,144.16815185546875,170.52999877929688,465.1351013183594,187.5800018310547,170.94000244140625,55.93000030517578,283.42926025390625,114.05661010742188,615.8499755859375,122.25077056884766,137.78196716308594,42.33836364746094,44318.22265625,2423.7451171875,100.97927856445312
2024-02-08,186.05172729492188,405.4540710449219,69.43973541259766,144.53466796875,169.83999633789062,465.5411682128906,189.55999755859372,169.35000610351562,55.85300064086914,286.48101806640625,113.48279571533205,615.8599853515625,123.97210693359376,139.9447021484375,42.061256408691406,45301.56640625,2419.906494140625,102.78563690185548
2024-02-09,186.81344604492188,411.759521484375,71.92451477050781,147.5955352783203,174.4499969482422,463.6691284179688,193.57000732421875,172.47999572753906,56.13199996948242,285.8431701660156,113.44387817382812,627.2100219726562,124.81626892089844,142.60797119140625,42.862892150878906,47147.19921875,2487.515625,106.93333435058594
2024-02-12,185.13172912597656,406.5801086425781,72.03919219970703,146.13938903808594,172.33999633789062,464.4515686035156,188.1300048828125,171.91000366210938,55.78499984741211,281.9377746582031,112.66580200195312,611.8400268554688,123.02294921875,144.59124755859375,43.57545852661133,49958.22265625,2658.115966796875,111.99275207519533
2024-02-13,183.0444793701172,397.8269653320313,71.91954040527344,143.77191162109375,168.63999938964844,455.75494384765625,184.0200042724609,171.5399932861328,55.45199966430664,275.88330078125,110.56500244140624,601.8900146484375,121.72464752197266,141.7012939453125,42.71443939208984,49742.44140625,2642.185302734375,112.57930755615234
2024-02-14,182.1641082763672,401.6720886230469,73.68643188476562,144.56434631347656,170.97999572753906,468.7900695800781,188.7100067138672,178.6999969482422,57.93299865722656,283.73345947265625,111.12911224365234,604.6599731445312,122.75259399414062,145.38453674316406,43.73380661010742,51826.6953125,2777.90234375,116.97632598876952
2024-02-15,181.8772430419922,398.7980041503906,72.4480209350586,141.42422485351562,169.8000030517578,479.4380493164063,200.4499969482422,176.75999450683594,59.34600067138672,286.47119140625,109.68964385986328,590.4400024414062,123.02974700927734,147.3111572265625,43.595252990722656,51938.5546875,2824.37890625,113.69940948486328
2024-02-16,180.3439483642578,396.3458251953125,72.40313720703125,139.19544982910156,169.50999450683594,468.8297424316406,199.9499969482422,173.8699951171875,58.39500045776367,284.2927551269531,108.25993347167967,546.6599731445312,121.12458801269533,144.2040557861328,43.060829162597656,52160.203125,2803.69140625,110.44591522216795
2024-02-20,179.60202026367188,395.10003662109375,69.25128173828125,139.789794921875,167.0800018310547,467.2745666503906,193.75999450683597,165.69000244140625,57.51300048828125,281.0251770019531,105.4782943725586,541.9099731445312,119.2836456298828,143.51461791992188,44.06040191650391,52284.875,3013.503662109375,108.45964050292967
2024-02-21,180.35385131835935,394.5016479492188,67.2770004272461,141.20632934570312,168.58999633789062,464.081787109375,194.7700042724609,164.2899932861328,57.334999084472656,278.2383728027344,105.19625854492188,538.52001953125,119.37117004394533,143.56182861328125,43.021244049072266,51839.1796875,2970.35546875,105.1252212524414
2024-02-22,182.3817596435547,403.7908935546875,78.31104278564453,142.73179626464844,174.5800018310547,482.0291137695313,197.41000366210935,181.8600006103516,58.84700012207031,288.149169921875,107.9681625366211,537.5700073242188,126.90328216552734,146.14955139160156,42.53630065917969,51304.97265625,2971.00732421875,101.66979217529295
2024-02-23,180.55169677734372,402.5058288574219,78.58921813964844,142.60304260253906,174.99000549316406,479.94677734375,191.97000122070312,176.52000427246094,58.35599899291992,287.3150634765625,108.88238525390624,553.4400024414062,126.0737075805664,146.3006591796875,42.54619598388672,50731.94921875,2921.658203125,99.95469665527344
2024-02-26,179.20635986328125,399.7593383789063,78.86343383789062,136.2732696533203,174.72999572753906,477.6760864257813,199.3999938964844,176.00999450683594,58.76499938964844,294.762939453125,107.92926025390624,560.47998046875,127.31465911865234,148.3028106689453,42.54619598388672,54522.40234375,3178.99365234375,109.91853332519533
2024-02-27,180.6605224609375,399.7005004882813,78.47355651855469,137.5709228515625,173.5399932861328,482.9412841796875,199.72999572753903,178.0,60.16699981689453,293.8895874023437,108.32801818847656,552.489990234375,126.06011199951172,149.50222778320312,42.28887939453125,57085.37109375,3244.519287109375,108.3880844116211
2024-02-28,179.46356201171875,399.9359130859375,77.43854522705078,135.094482421875,173.16000366210938,479.9368286132813,202.0399932861328,176.5399932861328,59.64799880981445,294.154541015625,108.61980438232422,551.8200073242188,125.3978271484375,147.93603515625,41.5565185546875,62504.7890625,3385.703857421875,118.0522003173828
2024-02-29,178.80076599121094,405.742919921875,78.88335418701172,137.15487670898438,176.75999450683594,485.9953002929688,201.8800048828125,192.52999877929688,60.29199981689453,303.0350341796875,108.61980438232422,560.280029296875,126.47438049316406,149.77752685546875,42.60557556152344,61198.3828125,3341.919677734375,125.71151733398438
2024-03-01,177.7225341796875,407.5674133300781,82.04121398925781,135.8473358154297,178.22000122070312,498.0626525878906,202.63999938964844,202.63999938964844,61.93399810791016,310.9440612792969,110.66224670410156,570.9299926757812,136.0711669921875,154.80841064453125,43.36763000488281,62440.6328125,3435.053955078125,129.9904022216797
2024-03-04,173.21170043945312,406.99847412109375,84.99066162109375,132.09303283691406,177.5800018310547,493.98736572265625,188.13999938964844,205.3600006103516,61.58300018310547,308.7460021972656,110.93457794189452,567.9400024414062,136.37168884277344,158.10220336914062,45.13915252685547,68330.4140625,3630.433837890625,133.194580078125
2024-03-05,168.285400390625,394.9627075195313,85.71958923339844,131.41944885253906,174.1199951171875,486.0845642089844,180.7400054931641,205.1300048828125,59.84999847412109,293.15362548828125,107.90007781982422,544.8400268554688,130.58424377441406,153.2516632080078,42.71443939208984,63801.19921875,3554.964599609375,125.70671081542967
2024-03-06,167.29620361328125,394.4133605957031,88.44779205322266,130.16140747070312,173.50999450683594,491.905029296875,176.5399932861328,210.6300048828125,59.76900100708008,298.07958984375,109.19363403320312,543.0900268554688,131.28933715820312,159.3646697998047,44.05050277709961,66106.8046875,3819.226318359375,130.7420196533203
2024-03-07,167.177490234375,401.3287963867188,92.40552520751952,133.11334228515625,176.82000732421875,507.86920166015625,178.64999389648438,211.3800048828125,60.85100173950195,296.7549133300781,111.40143585205078,556.0399780273438,136.83360290527344,166.79702758789062,45.67357635498047,66925.484375,3874.34765625,143.9778594970703
2024-03-08,168.88880920410156,398.4645385742188,87.27912139892578,134.1336212158203,175.35000610351562,501.6818542480469,175.33999633789062,207.38999938964844,60.48199844360352,299.5612487792969,109.33950805664062,551.6900024414062,127.27477264404295,161.90855407714844,43.54576873779297,68300.09375,3892.06103515625,145.2400360107422
2024-03-11,170.88705444335938,396.7969665527344,85.53012084960938,136.372314453125,171.9600067138672,479.5104370117188,177.77000427246094,198.38999938964844,60.09299850463867,300.2677917480469,111.00265502929688,560.4199829101562,125.7576675415039,162.4306182861328,44.39689254760742,72123.90625,4066.445068359375,148.75096130371094
2024-03-12,171.3618621826172,407.3515625,91.65167236328124,137.19448852539062,175.38999938964844,495.5342102050781,177.5399932861328,202.75999450683597,61.108001708984375,300.87615966796875,124.04519653320312,579.1400146484375,125.6370620727539,164.2910919189453,44.7729721069336,71481.2890625,3980.273193359375,151.01544189453125
2024-03-13,169.28451538085938,407.1749572753906,90.62958526611328,138.47235107421875,176.55999755859375,491.3894348144531,169.47999572753906,194.7899932861328,60.94499969482422,299.3630676269531,122.08055877685548,573.5499877929688,122.32952880859376,160.6555938720703,42.78371810913086,73083.5,4006.45703125,163.83981323242188
2024-03-14,171.1343536376953,417.1017761230469,87.6939468383789,141.7511444091797,178.75,487.680908203125,162.5,187.05999755859372,61.30099868774414,298.0267944335937,122.09027862548828,570.4500122070312,122.7574462890625,159.896240234375,42.30867385864258,71396.59375,3883.140380859375,176.67974853515625
2024-03-15,170.75843811035156,408.4698181152344,87.58726501464844,139.84922790527344,174.4199981689453,480.0161743164063,163.57000732421875,191.05999755859372,60.5880012512207,289.1936950683594,122.10002136230467,492.4599914550781,120.15403747558594,158.7096710205078,42.199806213378906,69403.7734375,3735.22021484375,182.96469116210935
2024-03-18,171.84658813476562,409.3526611328125,88.20349884033203,146.28794860839844,174.47999572753906,492.7875671386719,173.8000030517578,190.6499938964844,61.8390007019043,295.265869140625,124.29808807373048,513.8599853515625,120.32324981689452,158.44390869140625,42.26908874511719,67548.59375,3517.985107421875,195.9927520751953
2024-03-19,174.18113708496094,413.364501953125,89.1438217163086,145.6440887451172,175.89999389648438,492.0538024902344,171.32000732421875,181.4199981689453,62.07400131225586,296.1894836425781,125.65000915527344,521.1900024414062,120.3981475830078,155.76710510253906,41.61589813232422,61912.7734375,3157.6181640625,170.0162811279297
2024-03-20,176.7432098388672,417.1116027832031,90.11504364013672,147.33798217773438,178.14999389648438,501.2554931640625,175.66000366210938,179.72999572753906,62.76900100708008,300.7386169433594,125.69862365722656,519.1400146484375,124.62120056152344,159.1558380126953,41.76435089111328,67913.671875,3513.39306640625,191.54962158203125
2024-03-21,169.5219268798828,421.1725769042969,91.17501831054688,146.20870971679688,178.14999389648438,503.4765930175781,172.82000732421875,178.67999267578125,62.27099990844727,303.0083312988281,125.47492218017578,511.25,131.653076171875,162.1743621826172,41.982078552246094,65491.390625,3492.9912109375,179.2207489013672
2024-03-22,170.42210388183594,420.55462646484375,94.02090454101562,149.34884643554688,178.8699951171875,505.28118896484375,170.8300018310547,179.64999389648438,62.80099868774414,302.3991394042969,124.28836822509766,499.5199890136719,132.18736267089844,161.46241760253906,42.13053131103516,63778.76171875,3333.68798828125,174.36370849609375
2024-03-25,169.00755310058594,414.786865234375,94.7318878173828,148.6554412841797,179.7100067138672,498.7765808105469,172.6300048828125,178.6300048828125,62.74599838256836,300.718994140625,122.6252212524414,507.2300109863281,132.00274658203125,159.01344299316406,41.39817428588867,69958.8125,3590.8837890625,189.0835418701172
2024-03-26,167.87982177734375,413.5999145507813,92.29782104492188,149.24977111816406,178.3000030517578,491.7067260742188,177.6699981689453,177.8699951171875,62.92399978637695,300.4930114746094,123.00453186035156,507.6000061035156,130.0406494140625,158.58627319335938,41.5565185546875,69987.8359375,3587.5048828125,190.69985961914065
2024-03-27,171.4409942626953,413.3841552734375,89.99340057373047,149.44789123535156,179.8300018310547,489.6938781738281,179.8300018310547,179.58999633789062,61.35300064086914,296.1206970214844,121.83740997314452,504.3999938964844,128.79443359375,160.54168701171875,43.318145751953125,69455.34375,3500.115234375,186.3614654541016
2024-03-28,169.63072204589844,412.6877136230469,90.09910583496094,149.50732421875,180.3800048828125,481.4837036132813,175.7899932861328,180.4900054931641,60.733001708984375,295.9241638183594,122.16809844970705,504.6000061035156,129.4468536376953,160.70303344726562,43.714012145996094,70744.953125,3561.2939453125,189.6216278076172
2024-04-01,168.19639587402344,416.4642333984375,90.10607147216795,154.0243682861328,180.97000122070312,487.20501708984375,175.22000122070312,183.33999633789065,61.430999755859375,296.9853210449219,122.04165649414062,502.0899963378906,131.87384033203125,163.0001678466797,44.06040191650391,69702.1484375,3505.030029296875,192.5678253173828
2024-04-02,167.0192108154297,413.3939514160156,89.19766235351562,153.10311889648438,180.69000244140625,493.17425537109375,166.6300048828125,178.6999969482422,61.42100143432617,298.6949462890625,120.9328842163086,499.2099914550781,130.75067138671875,162.35470581054688,43.48638534545898,65446.97265625,3277.234619140625,181.17225646972656
2024-04-03,167.8204803466797,412.4228820800781,88.71104431152344,153.459716796875,182.41000366210935,502.4652404785156,168.3800048828125,180.7700042724609,63.007999420166016,299.4219665527344,122.78083801269533,497.010009765625,133.1386260986328,165.07894897460938,39.91366195678711,65980.8125,3311.44189453125,185.2486114501953
2024-04-04,166.99942016601562,409.9019165039063,85.6607437133789,149.11109924316406,180.0,506.6099548339844,171.11000061035156,165.8300018310547,61.7140007019043,289.0070495605469,120.78700256347656,487.1099853515625,128.67428588867188,161.13970947265625,39.31985092163086,68508.84375,3330.04052734375,183.95811462402344
2024-04-05,167.751220703125,417.3960571289063,87.75778198242188,151.06253051757812,185.07000732421875,522.8914794921875,164.89999389648438,170.4199981689453,63.61800003051758,296.6414489746094,121.47755432128906,485.1199951171875,130.81610107421875,162.81980895996094,38.31038284301758,67837.640625,3318.88525390625,174.5015106201172
2024-04-08,166.63340759277344,416.48382568359375,86.88525390625,153.39036560058594,185.19000244140625,514.8696899414062,172.97999572753906,169.89999389648438,62.84099960327149,296.46453857421875,120.942626953125,484.2799987792969,130.4908905029297,164.80368041992188,37.58791732788086,71631.359375,3695.292724609375,180.78477478027344
2024-04-09,167.84027099609375,418.14154052734375,85.11129760742188,155.12388610839844,185.6699981689453,512.5394287109375,176.8800048828125,170.77999877929688,61.81999969482422,297.0934143066406,120.24009704589844,492.5499877929688,130.2936248779297,166.6546630859375,37.934303283691406,69139.015625,3505.163330078125,172.4136199951172
2024-04-10,165.9706268310547,415.17919921875,86.79153442382812,154.668212890625,185.9499969482422,515.4447631835938,171.75999450683594,167.13999938964844,61.858001708984375,294.391357421875,118.7959976196289,487.2200012207031,129.1499481201172,162.18382263183594,36.81597137451172,70587.8828125,3543.737060546875,173.43736267089844
2024-04-11,173.15234375,419.760009765625,90.3583526611328,157.90740966796875,189.0500030517578,518.7466430664062,174.60000610351562,170.5,62.87799835205078,293.9295959472656,120.24983978271484,484.2799987792969,135.0186767578125,166.2369842529297,37.24153137207031,70060.609375,3505.247802734375,172.5763702392578
2024-04-12,174.6460723876953,413.8451843261719,87.93526458740234,156.2432403564453,186.1300048828125,507.5816650390625,171.0500030517578,163.27999877929688,62.28300094604492,289.18389892578125,118.1715087890625,474.0899963378906,131.26930236816406,162.5919952392578,35.321556091308594,67195.8671875,3243.034912109375,153.63546752929688
2024-04-15,170.8276824951172,405.742919921875,85.75646209716797,153.40029907226562,183.6199951171875,496.0101013183594,161.47999572753906,160.32000732421875,60.71500015258789,268.1376342773437,116.97135925292967,470.1000061035156,128.00921630859375,161.21560668945312,35.935157775878906,63426.2109375,3101.600341796875,138.5086212158203
2024-04-16,167.5533905029297,406.6649169921875,87.16644287109375,152.9446258544922,183.32000732421875,495.5440673828125,157.11000061035156,163.4600067138672,61.75199890136719,272.5690002441406,117.69342041015624,476.2200012207031,129.80331420898438,160.01962280273438,35.88566970825195,63811.86328125,3084.920166015625,136.27932739257812
2024-04-17,166.1883087158203,403.9772338867188,83.79606628417969,154.00454711914062,181.27999877929688,490.0013122558594,155.4499969482422,154.02000427246094,61.36899948120117,271.4979553222656,115.79071807861328,474.4500122070313,125.26870727539062,155.97592163085938,35.31166076660156,61276.69140625,2984.7275390625,131.86618041992188
2024-04-18,165.2386016845703,396.5517578125,84.43024444580078,154.5394287109375,179.22000122070312,497.5668640136719,149.92999267578125,155.0800018310547,61.055999755859375,267.1747741699219,113.18550872802734,473.1799926757813,122.95989990234376,153.2421875,34.67826843261719,63512.75390625,3066.027587890625,142.0823974609375
2024-04-19,163.22064208984375,391.50006103515625,75.98334503173828,152.63754272460938,174.6300048828125,477.0118103027344,147.0500030517578,146.63999938964844,55.50400161743164,265.6517944335937,112.09268188476562,465.0199890136719,117.65861511230467,149.62564086914062,33.84693908691406,63843.5703125,3059.278564453125,142.6804962158203
2024-04-22,164.05154418945312,393.3049926757813,79.29190826416016,154.80691528320312,177.22999572753906,477.6661682128906,142.0500030517578,148.63999938964844,55.459999084472656,269.03173828125,111.7511749267578,466.8900146484375,119.58750915527344,152.046142578125,34.054771423339844,66837.6796875,3201.652099609375,157.03121948242188
2024-04-23,165.1001434326172,399.7887573242188,82.18865203857422,156.7682342529297,179.5399932861328,491.9149169921875,144.67999267578125,152.27000427246094,57.775001525878906,271.8516845703125,112.29759216308594,472.8999938964844,122.0027847290039,153.15675354003906,33.92611312866211,66407.2734375,3219.91162109375,154.70130920410156
2024-04-24,167.19729614257812,401.2503356933594,79.45045471191406,157.6300506591797,176.58999633789062,489.3368835449219,162.1300048828125,151.74000549316406,55.512001037597656,271.3702697753906,112.54153442382812,477.1199951171875,122.74796295166016,155.3209686279297,34.14384078979492,64276.8984375,3139.80517578125,147.74514770507812
2024-04-25,168.05787658691406,391.421630859375,82.39706420898438,154.529541015625,173.6699981689453,437.6565246582031,170.17999267578125,153.75999450683594,56.47999954223633,268.37353515625,112.1024398803711,473.4400024414063,126.42020416259766,155.00772094726562,34.74754333496094,64481.70703125,3156.509521484375,144.89212036132812
2024-04-26,167.4742431640625,398.5626525878906,87.48556518554688,170.32923889160156,179.6199951171875,439.5504150390625,168.2899932861328,157.39999389648438,56.12300109863281,269.5033569335937,114.36614990234376,477.55999755859375,131.26930236816406,157.24789428710938,31.55088996887207,63755.3203125,3130.164794921875,139.10433959960938
2024-04-29,171.62896728515625,394.5703125,87.50747680664062,164.58389282226562,180.9600067138672,428.9704895019531,194.0500030517578,160.1999969482422,55.94900131225586,270.9281005859375,113.66361236572266,473.0700073242188,130.7369842529297,160.6081085205078,31.03625869750977,63841.12109375,3215.428955078125,137.7766571044922
2024-04-30,168.4931640625,381.8969421386719,86.15634155273438,161.24563598632812,175.0,426.5411682128906,183.27999877929688,158.3800048828125,55.06399917602539,264.246826171875,110.99010467529295,462.8299865722656,126.99153137207033,157.42823791503906,30.155445098876957,60636.85546875,3012.286865234375,126.96270751953124
2024-05-01,167.4742431640625,387.39990234375,82.80489349365234,162.3154754638672,179.0,435.4850463867188,179.99000549316406,144.27000427246094,55.17100143432617,264.00115966796875,111.8487548828125,469.3900146484375,121.38455963134766,155.77659606933594,30.05647850036621,58254.01171875,2969.78466796875,134.6279754638672
2024-05-02,171.1640167236328,390.2445068359375,85.572998046875,165.04945373535156,184.72000122070312,437.95404052734375,180.00999450683594,146.16000366210938,56.51499938964844,267.381103515625,112.1707534790039,476.5700073242188,120.96556091308594,170.95465087890625,30.195032119750977,59123.43359375,2988.16845703125,137.81448364257812
2024-05-03,181.4024200439453,398.8961791992188,88.53654479980469,165.66357421875,186.2100067138672,448.1473083496094,181.19000244140625,150.60000610351562,57.93399810791016,268.8843994140625,112.99037170410156,486.1799926757813,124.82725524902344,170.5179901123047,30.581005096435547,62889.8359375,3103.5419921875,143.77255249023438
2024-05-06,179.75042724609375,405.6448059082031,91.8780288696289,166.51548767089844,188.6999969482422,461.7515258789063,184.75999450683597,155.77999877929688,59.696998596191406,270.82000732421875,115.46873474121094,493.5899963378906,127.97210693359376,172.6157684326172,30.774776458740234,63161.94921875,3062.728759765625,152.80239868164062
2024-05-07,180.43296813964844,401.52490234375,90.2965316772461,169.6357879638672,188.75999450683597,464.2899475097656,177.80999755859375,154.42999267578125,60.59999847412109,272.343017578125,115.06868743896484,492.2699890136719,127.2688980102539,171.00210571289062,30.48660469055176,62334.81640625,3006.5771484375,148.1343231201172
2024-05-08,180.7693328857422,402.7020568847656,90.15493774414062,167.78343200683594,188.0,468.61322021484375,174.72000122070312,153.6199951171875,60.946998596191406,274.1017761230469,114.54178619384766,488.1000061035156,129.4429473876953,171.38174438476562,29.81089210510254,61187.94140625,2973.6572265625,142.29473876953125
2024-05-09,182.57962036132807,404.4481201171875,88.4946517944336,168.3579864501953,189.5,471.409423828125,171.97000122070312,152.38999938964844,61.20899963378906,270.3681030273437,113.80998229980467,482.6499938964844,127.51895141601562,171.37229919433594,29.90032386779785,63049.9609375,3036.0205078125,152.84994506835938
2024-05-10,181.32159423828125,406.8218688964844,89.62245178222656,167.060302734375,187.47999572753903,472.182861328125,168.47000122070312,151.9199981689453,61.08700180053711,271.8418884277344,113.83924865722656,482.2900085449219,130.16860961914062,172.83407592773438,29.66183853149414,60792.77734375,2909.791259765625,146.21690368652344
2024-05-13,184.5210723876953,405.8213195800781,90.1419677734375,167.5457000732422,186.57000732421875,464.0618896484375,171.88999938964844,150.55999755859375,61.65900039672852,272.6770324707031,113.54653930664062,483.1099853515625,130.6286163330078,174.85594177246094,30.317676544189453,62901.44921875,2949.359619140625,147.28233337402344
2024-05-14,185.66021728515625,408.6070861816406,91.09625244140624,168.734375,187.07000732421875,467.8695373535156,177.5500030517578,153.16000366210938,61.36600112915039,271.9696044921875,117.93734741210938,475.9500122070313,134.7813262939453,179.3742218017578,30.854272842407227,61552.7890625,2881.157958984375,142.0303955078125
2024-05-15,187.92860412597656,415.7511901855469,94.36095428466795,170.88392639160156,185.9900054931641,477.4777526855469,173.99000549316406,159.6699981689453,61.35200119018555,282.522216796875,118.6789093017578,485.3500061035156,140.26429748535156,184.7278289794922,31.072887420654297,66267.4921875,3037.056640625,158.18682861328125
2024-05-16,188.0474548339844,413.6973876953125,94.09071350097656,172.53814697265625,183.6300048828125,469.2378540039063,174.83999633789062,162.6199951171875,61.05199813842773,279.71209716796875,119.19606018066406,482.8800048828125,137.9163818359375,183.45587158203125,31.828094482421875,65231.58203125,2945.131103515625,159.116455078125
2024-05-17,188.07717895507807,412.9308776855469,92.21605682373048,174.4004669189453,184.6999969482422,467.9290161132813,177.4600067138672,164.47000122070312,62.11000061035156,280.6258544921875,120.5035400390625,483.4299926757813,136.27174377441406,184.0159149169922,31.629356384277344,67051.875,3094.11865234375,169.53054809570312
2024-05-20,189.23611450195312,417.9720153808594,94.5105209350586,175.2523651123047,183.5399932861328,464.8849487304688,174.9499969482422,166.3300018310547,64.08200073242188,282.0604248046875,121.49879455566406,484.6900024414063,138.10198974609375,187.7178649902344,31.897653579711918,71448.1953125,3663.85546875,186.5204925537109
2024-05-21,190.5337677001953,421.6080017089844,95.11478424072266,176.17361450195312,183.1499938964844,460.7104187011719,186.6000061035156,164.66000366210938,65.06099700927734,278.8081970214844,121.6061019897461,481.8500061035156,136.65357971191406,190.6509552001953,31.5399227142334,70136.53125,3789.312744140625,178.11614990234375
2024-05-22,189.09744262695312,423.062255859375,94.68002319335938,174.71743774414062,183.1300048828125,463.8338928222656,180.11000061035156,165.52000427246094,64.0469970703125,278.8671875,121.57685089111328,483.9299926757813,135.97384643554688,192.62533569335935,31.22194099426269,69122.3359375,3737.2177734375,176.86077880859375
2024-05-23,185.11541748046875,419.603271484375,103.50389099121094,171.91412353515625,181.0500030517578,461.8507385253906,173.74000549316406,160.42999267578125,63.56700134277344,273.7087707519531,121.07923126220705,483.30999755859375,136.07638549804688,191.51470947265625,29.8903865814209,67929.5625,3776.92724609375,175.98577880859375
2024-05-24,188.1861572265625,422.7085266113281,106.16627502441406,173.34051513671875,180.75,474.185791015625,179.24000549316406,166.36000061035156,64.67500305175781,267.5382995605469,119.9278564453125,475.4299926757813,137.49742126464844,199.6780548095703,30.526351928710938,68526.1015625,3726.9345703125,167.7969207763672
2024-05-28,188.19602966308597,422.8658142089844,113.57714080810548,174.7372589111328,182.1499938964844,475.8714294433594,176.75,171.61000061035156,64.9000015258789,265.1212463378906,121.46952056884766,478.4299926757813,137.94764709472656,202.2599334716797,30.86421012878418,68296.21875,3840.25634765625,168.65084838867188
2024-05-29,188.49319458007807,421.7357482910156,114.49850463867188,174.241943359375,182.0200042724609,470.35833740234375,176.19000244140625,165.13999938964844,65.46199798583984,266.8799743652344,120.73771667480467,477.6000061035156,135.8205108642578,197.6846618652344,29.94007110595703,67578.09375,3763.196533203125,168.0726776123047
2024-05-30,189.48374938964844,407.4869079589844,110.1858139038086,170.4877166748047,179.32000732421875,463.1100158691406,178.7899932861328,166.75,64.76599884033203,214.20556640625,114.24905395507812,445.8699951171875,133.2235870361328,195.1970672607422,29.99969482421875,68364.9921875,3746.849609375,166.97653198242188
2024-05-31,190.4347076416016,407.9389343261719,109.3212890625,170.87399291992188,176.44000244140625,462.891845703125,178.0800018310547,166.89999389648438,64.16200256347656,230.3488311767578,114.3466339111328,444.760009765625,129.75352478027344,194.48223876953125,30.65553474426269,67491.4140625,3760.026611328125,165.63771057128906
2024-06-03,192.1978912353516,406.3567504882813,114.67303466796876,171.5377197265625,178.33999633789062,473.4619140625,176.2899932861328,163.5500030517578,63.37900161743164,232.4908142089844,116.38592529296876,439.0199890136719,129.10403442382812,196.2550048828125,30.099063873291016,68804.78125,3766.38916015625,164.9234619140625
2024-06-04,192.51487731933597,408.8626098632813,116.1059341430664,172.15185546875,179.33999633789062,472.9661865234375,174.77000427246094,159.99000549316406,63.1619987487793,230.7614898681641,117.15676879882812,448.3699951171875,129.97520446777344,194.7872009277344,29.8407039642334,70567.765625,3812.515869140625,171.8019256591797
2024-06-05,194.0205078125,416.66510009765625,122.09187316894533,173.756591796875,181.27999877929688,490.8836975097656,175.0,166.1699981689453,65.0270004272461,232.40237426757807,119.65465545654295,455.7999877929688,138.01014709472656,201.9641265869141,30.585975646972656,71082.8203125,3864.260986328125,173.48291015625
2024-06-06,192.64366149902344,417.1662292480469,120.65396118164062,175.0641326904297,185.0,489.5947265625,177.94000244140625,166.77999877929688,64.85199737548828,238.52362060546875,120.5035400390625,458.1300048828125,136.85577392578125,199.61952209472656,30.22824478149414,70757.1640625,3811.60595703125,170.01622009277344
2024-06-07,195.03086853027344,416.5078125,120.5442886352539,172.81553649902344,184.3000030517578,488.8014526367188,177.47999572753906,167.8699951171875,64.14700317382812,237.6295318603516,122.86481475830078,465.4299926757813,137.38021850585938,196.9317321777344,30.546226501464844,69342.5859375,3678.629150390625,162.50704956054688
2024-06-10,191.29649353027344,420.4582214355469,121.4437255859375,173.55931091308594,187.05999755859372,498.3601379394531,173.7899932861328,160.33999633789062,64.44999694824219,237.61968994140625,121.47927856445312,459.9400024414063,140.68426513671875,199.53372192382807,30.71515464782715,69512.28125,3666.717529296875,158.9280242919922
2024-06-11,205.1939849853516,425.1849060058594,120.5761260986328,175.1559600830078,187.22999572753903,503.1890563964844,170.66000366210938,158.9600067138672,64.8550033569336,236.7845458984375,120.8743133544922,462.6900024414063,142.69224548339844,198.74264526367188,30.7250919342041,67332.03125,3498.33056640625,149.42898559570312
2024-06-12,211.05812072753903,433.4197387695313,124.8542709350586,176.3162841796875,186.88999938964844,504.5474548339844,177.2899932861328,160.24000549316406,65.00599670410156,231.68511962890625,136.97398376464844,459.8699951171875,146.05975341796875,205.29052734375,30.56610107421875,68241.1875,3559.61767578125,155.1775665283203
2024-06-13,212.2170562744141,433.9306945800781,129.25209045410156,173.70806884765625,183.8300018310547,499.8474731445313,182.47000122070312,159.89999389648438,65.32599639892578,225.03323364257807,136.45684814453125,458.739990234375,163.97940063476562,207.59703063964844,30.26799201965332,66756.3984375,3469.28125,147.31442260742188
2024-06-14,210.48358154296875,434.903564453125,131.51585388183594,175.32455444335938,183.66000366210935,500.4032897949219,178.00999450683594,159.6300048828125,66.93800354003906,227.89247131347656,134.778564453125,525.3099975585938,169.45358276367188,205.2333221435547,30.258056640625,66011.09375,3480.27197265625,143.0944366455078
2024-06-17,214.62413024902344,440.6030883789063,130.6183319091797,175.77085876464844,184.05999755859372,502.8548889160156,187.44000244140625,158.39999389648438,67.58300018310547,226.4579315185547,137.8814239501953,518.739990234375,178.61752319335938,211.80023193359372,30.784713745117188,66490.296875,3511.37890625,143.3342742919922
2024-06-18,212.2666015625,438.6082763671875,135.20562744140625,173.63864135742188,182.80999755859372,495.7680969238281,184.8600006103516,154.6300048828125,68.56700134277344,227.7647247314453,141.13064575195312,522.25,176.04403686523438,216.44189453125,30.436920166015625,65140.74609375,3483.681396484375,137.50399780273438
2024-06-20,207.7001037597656,437.9794006347656,130.41888427734375,174.83863830566406,186.1000061035156,497.9617004394531,181.57000732421875,161.77999877929688,67.90299987792969,237.5803985595703,139.44259643554688,522.9500122070312,169.4066619873047,205.3667449951172,30.426984786987305,64828.65625,3511.0869140625,133.47296142578125
2024-06-21,205.5308074951172,441.9886779785156,126.22049713134766,178.14102172851562,189.0800018310547,491.09320068359375,183.00999450683597,161.22999572753906,68.61199951171875,240.7835235595703,138.06680297851562,533.4400024414062,161.99095153808594,202.5646209716797,30.894020080566406,64096.19921875,3516.07568359375,134.5883026123047
2024-06-24,206.1746826171875,439.9152526855469,117.78384399414062,177.7344207763672,185.57000732421875,495.1924133300781,182.5800018310547,160.25,66.9020004272461,235.75286865234372,136.4958953857422,524.1699829101562,155.99778747558594,191.4227294921875,30.37729835510254,60277.4140625,3350.25634765625,132.24139404296875
2024-06-25,207.0959014892578,443.1383972167969,125.74181365966795,182.5045623779297,186.33999633789065,506.79534912109375,187.3500061035156,160.25,67.24099731445312,237.54107666015625,135.79331970214844,526.8800048828125,154.87890625,192.69039916992188,30.546226501464844,61804.640625,3395.029052734375,136.5592041015625
2024-06-26,211.2364196777344,444.3274230957031,126.05097198486328,182.35580444335935,193.6100006103516,509.2965698242188,196.3699951171875,157.5399932861328,67.76899719238281,238.9068298339844,134.87615966796875,528.6599731445312,155.9771728515625,188.0773162841797,30.347488403320312,60811.27734375,3369.477294921875,136.60914611816406
2024-06-27,212.0784149169922,445.0054931640625,123.64762878417967,183.87310791015625,197.8500061035156,515.6885375976562,197.4199981689453,159.47000122070312,68.43399810791016,248.43756103515625,136.77883911132812,546.760009765625,155.45401000976562,185.99954223632807,30.397172927856445,61604.80078125,3444.800537109375,149.44837951660156
2024-06-28,208.63124084472656,439.2077026367188,123.19886779785156,180.64010620117188,193.25,500.4628601074219,197.8800048828125,162.2100067138672,67.48799896240234,252.61338806152344,137.77407836914062,555.5399780273438,157.3028106689453,189.840576171875,30.774776458740234,60320.13671875,3373.635986328125,139.70339965820312
2024-07-01,214.703369140625,448.8182678222656,123.9567642211914,181.47317504882807,197.1999969482422,500.9194946289063,209.8600006103516,157.69000244140625,67.36100006103516,251.73892211914065,139.6182403564453,560.010009765625,160.7584228515625,190.65074157714844,30.645597457885746,62851.98046875,3440.341552734375,146.59506225585938
2024-07-02,218.19012451171875,451.3241271972656,122.3312530517578,183.7045440673828,200.0,505.7034912109375,231.25999450683597,164.30999755859375,67.95800018310547,251.7192840576172,139.80360412597656,567.7100219726562,162.39263916015625,190.774658203125,30.874147415161133,62029.015625,3416.354736328125,153.7004852294922
2024-07-03,219.45803833007807,452.788330078125,127.92578125,184.27972412109372,197.58999633789065,506.16009521484375,246.38999938964844,163.89999389648438,68.2509994506836,256.3962707519531,140.87692260742188,570.1500244140625,169.42141723632812,194.25347900390625,31.033138275146484,60173.921875,3292.916748046875,140.73141479492188
2024-07-05,224.20281982421875,459.4606628417969,125.48253631591795,189.0201110839844,200.0,535.886962890625,251.5200042724609,171.89999389648438,69.06500244140625,258.59716796875,141.31600952148438,578.3400268554688,166.88284301757812,196.1025390625,31.818159103393555,56662.375,2981.5986328125,134.3693389892578
2024-07-08,225.6688537597656,458.1636047363281,127.84598541259766,187.4630889892578,199.2899932861328,525.3758544921875,252.94000244140625,178.69000244140625,68.5739974975586,252.8786773681641,141.51116943359375,575.4000244140625,171.05172729492188,198.1421813964844,33.77574157714844,56705.09765625,3018.73193359375,139.4636993408203
2024-07-09,226.52072143554688,451.5796203613281,131.0172119140625,187.41351318359372,199.33999633789065,526.05078125,262.3299865722656,177.10000610351562,68.5739974975586,248.4109649658203,137.26669311523438,566.02001953125,169.82212829589844,197.4082946777344,34.3719596862793,58009.2265625,3064.032958984375,141.34844970703125
2024-07-10,230.78013610839844,458.1733703613281,134.5374755859375,189.5952911376953,199.7899932861328,530.705810546875,263.260009765625,183.9600067138672,67.76499938964844,248.56842041015625,138.62298583984375,564.5499877929688,170.93707275390625,199.00949096679688,34.65019226074219,57742.49609375,3102.21875,141.97479248046875
2024-07-11,225.4212188720703,446.8234558105469,127.0482177734375,184.0317840576172,195.0500030517578,508.8796691894531,241.02999877929688,181.94000244140625,65.2750015258789,247.12181091308597,139.68951416015625,557.6300048828125,167.14154052734375,190.4791717529297,33.2888298034668,57344.9140625,3100.330810546875,135.8832244873047
2024-07-12,228.36317443847656,445.693359375,128.88311767578125,183.5359344482422,194.4900054931641,495.1526794433594,248.22999572753903,181.6100006103516,64.76000213623047,249.9264678955078,141.65631103515625,559.0499877929688,166.62423706054688,192.93817138671875,34.27259063720703,57899.46484375,3134.15869140625,139.52801513671875
2024-07-15,232.18670654296875,446.0962524414063,128.08531188964844,184.98382568359372,192.72000122070312,492.46295166015625,252.63999938964844,179.8300018310547,65.6449966430664,248.8341217041016,139.9928741455078,565.7100219726562,167.9498291015625,198.4185791015625,34.242774963378906,64870.15234375,3489.552734375,159.93397521972656
2024-07-16,232.60276794433597,441.733154296875,126.01106262207033,182.39544677734372,193.0200042724609,486.1404113769531,256.5599975585937,177.5500030517578,65.63200378417969,251.95364379882807,139.54273986816406,566.5399780273438,165.9511260986328,199.81008911132807,34.12353515625,65097.1484375,3443.513427734375,160.5518798828125
2024-07-17,226.71885681152344,435.8370971679688,117.66417694091795,179.51950073242188,187.92999267578125,458.5475463867188,248.5,159.42999267578125,64.74600219726562,247.22021484375,136.2648162841797,563.0900268554688,152.82235717773438,182.6160125732422,34.242774963378906,64118.79296875,3388.75244140625,155.5841064453125
2024-07-18,222.0631866455078,432.7417297363281,120.75562286376952,176.2171173095703,183.75,472.3042297363281,249.22999572753903,155.77000427246094,64.30400085449219,243.41184997558597,135.06126403808594,556.8499755859375,157.27049255371094,182.4825592041016,34.65019226074219,63974.06640625,3426.258544921875,159.07241821289062
2024-07-19,222.1919860839844,429.53814697265625,117.60436248779295,176.1873321533203,183.1300048828125,473.2372741699219,239.1999969482422,151.5800018310547,63.33399963378906,243.68739318847656,135.57984924316406,551.0,154.1646728515625,177.47872924804688,32.7721061706543,66710.15625,3505.73486328125,169.1858673095703
2024-07-22,221.8452911376953,435.2672119140625,123.19886779785156,180.1641082763672,182.5500030517578,483.7681884765625,251.50999450683597,155.8699951171875,64.75,250.03466796875,137.15524291992188,554.8200073242188,157.79954528808594,185.82798767089844,33.15964889526367,67585.25,3440.419921875,178.97828674316406
2024-07-23,222.8853759765625,437.1440734863281,122.25149536132812,180.28309631347656,186.41000366210935,485.048583984375,246.3800048828125,154.0,64.2760009765625,251.98318481445312,140.03199768066406,546.010009765625,160.45468139648438,184.28396606445312,32.7422981262207,65927.671875,3481.995849609375,172.757568359375
2024-07-24,216.47645568847656,421.4703979492188,113.93451690673828,171.19906616210938,180.8300018310547,457.8329162597656,215.9900054931641,144.6300048828125,63.5989990234375,245.8031768798828,135.7853546142578,531.0399780273438,148.27630615234375,172.57974243164062,31.50017547607422,65372.1328125,3336.33935546875,178.0323028564453
2024-07-25,215.4364013671875,411.1522216796875,111.96995544433594,165.89341735839844,179.85000610351562,450.0314636230469,220.25,138.32000732421875,63.40900039672852,252.4358367919922,134.8557891845703,532.1500244140625,146.23841857910156,167.16610717773438,30.90395736694336,65777.2265625,3174.42724609375,171.96307373046875
2024-07-26,215.9019470214844,417.9032287597656,112.74778747558594,165.61570739746094,182.5,462.22991943359375,219.8000030517578,139.99000549316406,63.137001037597656,258.5273132324219,136.02017211914062,542.4400024414062,148.56044006347656,171.60755920410156,31.152381896972656,67912.0625,3275.951416015625,183.13671875
2024-07-29,216.1792907714844,419.33795166015625,111.2818603515625,168.12477111816406,183.1999969482422,462.2397766113281,232.1000061035156,139.75,62.69599914550781,254.47288513183597,135.33522033691406,536.6099853515625,147.17897033691406,170.26370239257812,30.63566017150879,66819.9140625,3320.539306640625,182.7805938720703
2024-07-30,216.7340087890625,415.5939636230469,103.44356536865234,168.8784637451172,181.7100067138672,459.7386474609375,222.6199951171875,138.44000244140625,62.257999420166016,253.8233795166016,132.7519989013672,538.7100219726562,140.6146240234375,159.11231994628906,29.94007110595703,66201.015625,3278.667724609375,179.10719299316406
2024-07-31,219.98306274414065,411.1031188964844,116.69685363769533,170.1180419921875,186.97999572753903,471.2918395996094,232.07000732421875,144.47999572753906,62.834999084472656,254.67955017089844,136.4507293701172,551.6500244140625,157.42723083496094,172.46539306640625,30.546226501464844,64619.25,3231.295654296875,171.82615661621094
2024-08-01,216.29818725585935,409.8846130371094,108.9084243774414,169.34454345703125,184.07000732421875,494.0311279296875,216.8600006103516,132.5399932861328,62.48500061035156,249.0309600830078,134.5524444580078,546.4099731445312,144.0437774658203,156.3101348876953,28.866878509521484,65357.5,3201.564453125,167.672119140625
2024-08-02,217.7840118408203,401.4139099121094,106.9737777709961,165.27854919433594,167.89999389648438,484.502685546875,207.6699981689453,132.5,61.36399841308594,240.08566284179688,130.41343688964844,526.1699829101562,140.90853881835938,151.84007263183594,21.3445987701416,61415.06640625,2986.01318359375,152.6382293701172
2024-08-05,207.29400634765625,388.3049926757813,100.17261505126952,157.92994689941406,161.02000427246094,472.1851806640625,198.8800048828125,134.82000732421875,59.85499954223633,235.2046356201172,125.10999298095705,509.3200073242188,139.20379638671875,150.54383850097656,19.983234405517575,53991.45703125,2417.206298828125,129.8643035888672
2024-08-06,205.2732391357422,392.6877136230469,103.9621353149414,156.97792053222656,161.92999267578125,490.4083862304688,200.63999938964844,130.17999267578125,60.95700073242188,234.62403869628903,125.45246887207033,514.2000122070312,141.0065155029297,151.27772521972656,19.70499992370605,56034.31640625,2458.723876953125,144.09036254882812
2024-08-07,207.8388214111328,391.5282287597656,98.63688659667967,157.6225128173828,162.77000427246094,485.27685546875,191.75999450683597,128.6699981689453,61.14799880981445,236.21823120117188,123.19214630126952,513.6199951171875,133.51138305664062,148.79962158203125,18.989999771118164,55027.4609375,2336.58935546875,144.63209533691406
2024-08-08,211.29586791992188,395.7144165039063,104.68013763427734,160.6868896484375,165.8000030517578,505.8325500488281,198.83999633789065,136.32000732421875,63.03499984741211,245.15367126464844,126.18634033203124,530.239990234375,142.7896728515625,157.21559143066406,20.489999771118164,61710.13671875,2683.352783203125,162.9307403564453
2024-08-09,214.1981964111328,398.9867248535156,104.46074676513672,162.31332397460938,166.94000244140625,513.911865234375,200.0,134.27000427246094,63.39400100708008,248.5093688964844,129.21966552734375,536.2999877929688,145.25865173339844,156.7676544189453,19.709999084472656,60880.11328125,2599.5986328125,156.45721435546875
2024-08-12,215.72540283203125,399.7630310058594,108.71895599365234,160.9447784423828,166.8000030517578,512.1053466796875,197.4900054931641,136.77000427246094,63.31399917602539,247.3087921142578,129.7284698486328,530.9299926757812,145.61135864257812,155.25218200683594,19.36000061035156,59354.515625,2724.431884765625,146.45423889160156
2024-08-13,219.43438720703125,406.8383483886719,115.8192901611328,162.7992401123047,170.22999572753906,524.6015625,207.8300018310547,141.1300048828125,64.802001953125,250.54640197753903,131.37234497070312,535.219970703125,152.9987335205078,161.52366638183594,20.46999931335449,60609.56640625,2703.671875,146.7126922607422
2024-08-14,219.8806610107422,409.638916015625,117.7539520263672,159.04066467285156,170.10000610351562,522.8349609375,201.3800048828125,140.75,66.16799926757812,251.2549743652344,132.68353271484375,539.7899780273438,154.49774169921875,159.3124542236328,19.920000076293945,58737.26953125,2662.914794921875,143.9234619140625
2024-08-15,222.8557586669922,414.482421875,122.52073669433594,159.96298217773438,177.58999633789062,533.326171875,214.13999938964844,147.36000061035156,66.3219985961914,258.60601806640625,133.98492431640625,554.1599731445312,162.7669219970703,165.21218872070312,20.690000534057617,57560.09765625,2570.087646484375,142.74581909179688
2024-08-16,224.17474365234372,411.9622802734375,124.23599243164062,161.6092071533203,177.05999755859375,523.4900512695312,216.1199951171875,148.55999755859375,67.40699768066406,258.7240905761719,134.5133056640625,553.4600219726562,162.36521911621094,164.10658264160156,20.8700008392334,58894.10546875,2593.1865234375,139.33056640625
2024-08-19,224.01605224609372,414.9746398925781,129.64102172851562,165.28846740722656,178.22000122070312,525.336181640625,222.72000122070312,155.27999877929688,68.85299682617188,261.1548156738281,134.95362854003906,563.1199951171875,164.31492614746094,166.0890655517578,21.520000457763672,59493.453125,2637.306396484375,144.34368896484375
2024-08-20,224.63092041015625,418.19384765625,126.89862060546876,165.7942352294922,178.8800048828125,522.8051147460938,221.1000061035156,156.39999389648438,69.85399627685547,257.671142578125,136.17674255371094,562.25,162.59056091308594,164.03988647460938,20.989999771118164,59012.79296875,2573.10693359375,143.16773986816406
2024-08-21,224.52182006835935,417.5440979003906,128.14517211914062,164.4752655029297,180.11000061035156,531.1722412109375,223.2700042724609,157.80999755859375,69.71199798583984,256.9330444335937,137.18458557128906,565.7899780273438,162.4239959716797,166.0509490966797,21.40999984741211,61175.19140625,2631.3955078125,142.70960998535156
2024-08-22,222.6673583984375,409.0876159667969,123.39830017089844,162.44224548339844,176.1300048828125,527.9664916992188,210.66000366210935,151.6999969482422,68.89600372314453,254.47288513183597,135.1101837158203,557.4400024414062,159.05361938476562,161.07571411132812,20.100000381469727,60381.9140625,2622.951416015625,143.2579345703125
2024-08-23,224.95816040039065,410.308349609375,129.0127716064453,164.24713134765625,177.0399932861328,524.0656127929688,220.32000732421875,154.97999572753906,68.6729965209961,259.7967834472656,136.19635009765625,558.2999877929688,162.9922637939453,165.3647003173828,20.540000915527344,64094.35546875,2764.447021484375,153.10708618164062
2024-08-26,225.29534912109372,407.05963134765625,126.1107940673828,164.7826690673828,175.5,517.2368774414062,213.2100067138672,149.99000549316406,68.84400177001953,261.056396484375,135.91256713867188,559.4400024414062,156.38868713378906,161.54270935058594,20.1299991607666,62880.66015625,2681.340576171875,157.23687744140625
2024-08-27,226.13833618164065,407.4042663574219,127.94573211669922,163.31494140625,173.1199951171875,515.2319946289062,209.2100067138672,150.5,69.5719985961914,259.9935607910156,135.50157165527344,567.8200073242188,158.1228790283203,165.77452087402344,20.06999969482422,59504.1328125,2458.7265625,146.8970947265625
2024-08-28,224.61105346679688,404.2146606445313,125.26314544677734,161.50013732910156,170.8000030517578,512.9293212890625,205.75,146.36000061035156,68.38400268554688,254.7779998779297,134.9145050048828,560.5399780273438,154.9778289794922,163.7920684814453,19.61000061035156,59027.625,2528.41552734375,143.89138793945312
2024-08-29,227.88368225097656,406.6954345703125,117.26527404785156,160.43898010253906,172.1199951171875,514.3585205078125,206.27999877929688,145.49000549316406,69.24800109863281,252.91807556152344,136.42137145996094,569.6300048828125,153.75315856933594,161.54270935058594,20.1299991607666,59388.1796875,2528.792724609375,140.0540313720703
2024-08-30,227.10028076171875,410.6529541015625,119.04037475585938,162.02574157714844,178.5,517.425537109375,214.1100006103516,148.55999755859375,70.13500213623047,248.8734893798828,138.2511444091797,574.4099731445312,159.52395629882812,167.080322265625,22.040000915527344,59119.4765625,2525.822021484375,138.09999084472656
2024-09-03,220.9219512939453,403.0726623535156,107.70177459716795,156.05563354492188,176.25,507.9466552734375,210.6000061035156,136.94000244140625,67.53199768066406,244.11053466796875,136.49964904785156,571.0399780273438,149.69696044921875,155.58578491210938,20.100000381469727,57431.0234375,2420.603759765625,127.57758331298828
2024-09-04,219.01785278320312,402.54107666015625,105.9167251586914,155.1531524658203,173.3300018310547,508.91937255859375,219.41000366210935,140.8699951171875,67.96800231933594,243.73660278320312,137.72276306152344,575.25,151.0000457763672,157.57778930664062,19.43000030517578,57971.5390625,2448.97705078125,133.60391235351562
2024-09-05,220.5352020263672,402.03900146484375,106.9139633178711,155.93663024902344,177.88999938964844,513.0086669921875,230.1699981689453,139.44000244140625,68.36199951171875,242.201416015625,139.54273986816406,567.9299926757812,149.72634887695312,156.8305206298828,19.399999618530277,56160.48828125,2367.737548828125,129.32894897460938
2024-09-06,218.98814392089844,395.4530334472656,102.5460433959961,149.66900634765625,171.38999938964844,496.542236328125,210.72999572753903,134.35000610351562,66.5770034790039,240.08566284179688,138.75997924804688,563.4099731445312,134.2266082763672,151.55174255371094,18.88999938964844,53948.75390625,2223.87646484375,124.99007415771484
2024-09-09,219.077392578125,399.4105529785156,106.1760025024414,147.67303466796875,175.39999389648438,501.0286560058594,216.2700042724609,138.14999389648438,67.54199981689453,241.8471527099609,136.88125610351562,569.8800048828125,137.9692840576172,154.0234832763672,19.06999969482422,57019.53515625,2358.482177734375,135.02561950683594
2024-09-10,218.2840118408203,407.7586669921875,107.80148315429688,147.6233673095703,179.5500030517578,501.0286560058594,226.1699981689453,142.83999633789062,67.36199951171875,242.2408142089844,152.53713989257812,574.47998046875,145.20968627929688,154.89529418945312,18.979999542236328,57648.7109375,2389.5810546875,135.63522338867188
2024-09-11,220.8128662109375,416.4612121582031,116.58716583251952,150.10592651367188,184.5200042724609,508.0161437988281,228.1300048828125,149.86000061035156,68.14700317382812,245.59652709960935,153.7993621826172,580.3800048828125,155.06602478027344,159.5705108642578,19.63999938964844,57343.171875,2339.841552734375,132.4973907470703
2024-09-12,220.9219512939453,420.3595886230469,118.8211669921875,153.611328125,187.0,521.6834716796875,229.80999755859372,150.77000427246094,68.68000030517578,249.33599853515625,157.9090576171875,586.5499877929688,161.22869873046875,158.05682373046875,19.36000061035156,58127.01171875,2361.78173828125,136.14190673828125
2024-09-13,220.6541748046875,423.8937377929688,118.7812728881836,156.36199951171875,186.4900054931641,520.7109375,230.2899932861328,152.30999755859375,69.70600128173828,250.5168914794922,158.54507446289062,536.8699951171875,164.2953338623047,160.69140625,19.65999984741211,60571.30078125,2441.607177734375,139.1005401611328
2024-09-16,214.5254669189453,424.632080078125,116.4674835205078,156.95782470703125,184.88999938964844,529.811279296875,226.77999877929688,152.0800018310547,69.6500015258789,252.81968688964844,166.6665802001953,521.5,160.6996307373047,159.61842346191406,20.90999984741211,58192.5078125,2295.28369140625,131.47259521484375
2024-09-17,214.99154663085935,428.38287353515625,115.28067016601562,158.2090301513672,186.8800048828125,532.83154296875,227.8699951171875,150.82000732421875,70.69100189208984,251.1270294189453,163.8680877685547,515.030029296875,159.18099975585938,161.6206817626953,21.46999931335449,60308.5390625,2341.707763671875,131.53707885742188
2024-09-18,218.8592071533203,424.1103210449219,113.0666046142578,158.69561767578125,186.42999267578125,534.4510498046875,227.1999969482422,148.2899932861328,69.0469970703125,248.8009490966797,160.99130249023438,508.1300048828125,158.39720153808594,161.2375030517578,20.770000457763672,61649.6796875,2369.72900390625,133.99185180664062
2024-09-19,226.9713287353516,431.8677978515625,117.55458068847656,161.00936889648438,189.8699951171875,555.4633178710938,243.9199981689453,156.74000549316406,70.43199920654297,262.1659851074219,163.98545837402344,526.4400024414062,164.57029724121094,166.62164306640625,21.13999938964844,62940.45703125,2464.752197265625,142.83627319335938
2024-09-20,226.306884765625,428.5009765625,115.68959045410156,162.44924926757812,191.6000061035156,557.6986694335938,238.25,155.9499969482422,70.10299682617188,262.9643249511719,164.3866729736328,522.2999877929688,168.18765258789062,161.83145141601562,21.84000015258789,63192.9765625,2561.072021484375,146.56680297851562
2024-09-23,224.5912628173828,426.7683410644531,115.9488754272461,160.72137451171875,193.8800048828125,560.7387084960938,250.0,156.75,70.53700256347656,260.41162109375,162.3807373046875,527.8699951171875,169.996337890625,158.99569702148438,22.559999465942383,63329.80078125,2648.54638671875,144.8149871826172
2024-09-24,225.48377990722656,422.4958801269531,120.54654693603516,161.1583251953125,193.9600067138672,559.665771484375,254.2700042724609,158.32000732421875,72.22599792480469,266.5520324707031,162.2340087890625,524.0700073242188,171.864013671875,159.94412231445312,22.809999465942383,64301.96875,2654.35498046875,152.89215087890625
2024-09-25,224.49208068847656,425.3901062011719,123.17947387695312,160.36390686035156,192.52999877929688,564.6134033203125,257.0199890136719,162.02000427246094,72.15599822998047,270.14959716796875,162.70367431640625,517.9000244140625,172.53244018554688,161.20872497558594,23.540000915527344,63143.14453125,2579.388671875,148.02342224121094
2024-09-26,225.63255310058597,424.6025390625,123.70804595947266,161.5952606201172,191.16000366210935,564.146484375,254.22000122070312,167.49000549316406,71.14299774169922,271.79559326171875,164.48452758789062,515.3800048828125,175.0586700439453,165.41455078125,23.920000076293945,65181.01953125,2632.199951171875,155.5760955810547
2024-09-27,225.90028381347656,421.36370849609375,121.07512664794922,162.8067626953125,187.97000122070312,563.6695556640625,260.4599914550781,164.35000610351562,70.73500061035156,272.6629638671875,165.1107635498047,515.47998046875,169.7506103515625,162.99070739746094,23.90999984741211,65790.6640625,2695.900634765625,157.74993896484375
2024-09-30,231.06707763671875,423.6082763671875,121.11502075195312,164.69349670410156,186.3300018310547,568.716552734375,261.6300048828125,164.0800018310547,70.927001953125,269.7749938964844,166.73504638671875,517.780029296875,169.56382751464844,162.91404724121094,23.459999084472656,63329.5,2603.062744140625,152.61846923828125
2024-10-01,224.33338928222656,414.147705078125,116.6868896484375,165.8255615234375,185.1300048828125,572.7203369140625,258.0199890136719,159.75,70.61299896240234,266.97589111328125,163.56472778320312,502.7999877929688,164.61944580078125,158.82322692871094,22.690000534057617,60837.0078125,2448.921142578125,145.28988647460938
2024-10-02,224.8986968994141,410.64306640625,118.53195190429688,164.7034454345703,184.75999450683597,569.084228515625,249.0200042724609,159.77999877929688,71.10900115966797,275.4620666503906,164.10293579101562,505.80999755859375,167.75515747070312,161.25665283203125,22.38999938964844,60632.78515625,2365.231689453125,140.38555908203125
2024-10-03,223.79788208007807,410.062255859375,122.52124786376952,164.7034454345703,181.9600067138672,578.9793701171875,240.66000366210935,162.85000610351562,70.68000030517578,276.8714904785156,163.27117919921875,503.7999877929688,168.96421813964844,161.83145141601562,22.26000022888184,60759.40234375,2349.791259765625,136.78518676757812
2024-10-04,224.91851806640625,409.5897216796875,124.58570098876952,165.8950653076172,186.50999450683597,592.0637817382812,250.0800018310547,170.89999389648438,71.97000122070312,283.6131896972656,167.18515014648438,507.2200012207031,173.63336181640625,161.8123016357422,22.59000015258789,62067.4765625,2414.7939453125,143.17227172851562
2024-10-07,219.8509063720703,403.1711120605469,127.37821197509766,161.843505859375,180.8000030517578,580.9761962890625,240.8300018310547,170.97000122070312,70.19200134277344,280.4789428710937,166.31430053710938,487.2999877929688,172.09991455078125,159.93458557128906,22.3799991607666,62236.66015625,2421.796630859375,143.99179077148438
2024-10-08,223.8970642089844,408.2607116699219,132.5343780517578,163.2337646484375,182.72000122070312,589.0335083007812,244.5,172.8000030517578,72.1760025024414,287.3782958984375,170.6196746826172,496.239990234375,177.65374755859375,159.35972595214844,23.31999969482422,62131.96875,2439.8408203125,143.39442443847656
2024-10-09,227.6357879638672,410.9678955078125,132.29502868652344,160.73133850097656,185.1699981689453,586.6690063476562,241.0500030517578,171.02000427246094,72.74299621582031,283.7807006835937,174.45533752441406,494.0799865722656,182.78489685058597,163.076904296875,23.459999084472656,60582.1015625,2368.283447265625,139.31553649902344
2024-10-10,227.1399383544922,409.3731384277344,134.44924926757812,160.9497833251953,186.6499938964844,580.0325317382812,238.7700042724609,164.17999267578125,73.02899932861328,285.9983825683594,172.0232391357422,503.5700073242188,182.52931213378903,161.44827270507812,23.21999931335449,60274.5,2383.85791015625,138.88841247558594
2024-10-11,225.66232299804688,409.8457336425781,134.43927001953125,162.10169982910156,188.82000732421875,586.1126098632812,217.8000030517578,167.88999938964844,72.27899932861328,283.9581604003906,172.3762969970703,495.4200134277344,178.3909912109375,162.84698486328125,23.559999465942383,62445.08984375,2436.513427734375,145.3811492919922
2024-10-14,229.3811798095703,412.6218872070313,137.7005157470703,163.80972290039062,187.5399932861328,586.5795288085938,219.16000366210935,165.27000427246094,71.30000305175781,287.447265625,172.7195281982422,509.6499938964844,179.20684814453125,170.56874084472656,23.440000534057617,66046.125,2628.89990234375,157.44512939453125
2024-10-15,231.9100646972656,412.22802734375,131.24783325195312,164.3062286376953,187.69000244140625,582.4566650390625,219.57000732421875,156.63999938964844,70.5979995727539,284.2045593261719,170.7287139892578,508.0299987792969,172.9845733642578,166.7845001220703,22.65999984741211,67041.109375,2606.02197265625,154.7206268310547
2024-10-16,229.8571929931641,409.6487731933594,135.35679626464844,164.00828552246094,186.88999938964844,573.0382690429688,221.3300018310547,156.1300048828125,70.19999694824219,286.678466796875,171.39559936523438,502.5400085449219,173.81031799316406,164.28404235839844,22.309999465942383,67612.71875,2611.10205078125,154.23422241210938
2024-10-17,230.2241058349609,410.2394714355469,136.56356811523438,161.79385375976562,187.52999877929688,573.1774291992188,220.88999938964844,156.25,68.76499938964844,286.92486572265625,172.28802490234375,496.8299865722656,178.44012451171875,163.91998291015625,22.440000534057617,67399.8359375,2604.2734375,150.31602478027344
2024-10-18,233.0504913330078,411.6570434570313,137.6306915283203,162.28045654296875,188.9900054931641,572.7203369140625,220.6999969482422,155.97000122070312,76.38899993896484,288.72857666015625,171.31712341308594,494.8999938964844,176.82803344726562,163.74754333496094,22.770000457763672,68418.7890625,2641.55224609375,154.97593688964844
2024-10-21,234.5182037353516,412.2673950195313,143.325439453125,162.92591857910156,189.07000732421875,571.4188842773438,218.8500061035156,157.89999389648438,77.20700073242188,287.1023254394531,170.4050750732422,497.7099914550781,176.9263458251953,161.91770935058594,22.84000015258789,67367.8515625,2665.712158203125,166.2168731689453
2024-10-22,233.90335083007807,420.8616638183594,143.20571899414062,163.9884490966797,189.6999969482422,578.2243041992188,217.97000122070312,154.08999633789062,76.42400360107422,284.184814453125,171.9251708984375,493.1099853515625,176.32675170898438,165.91270446777344,22.399999618530277,67361.40625,2620.197509765625,167.26014709472656
2024-10-23,228.84567260742188,417.9969482421875,139.18653869628906,161.64491271972656,184.7100067138672,560.0234985351562,213.6499938964844,152.91000366210938,74.92900085449219,280.3409118652344,169.75784301757812,485.0299987792969,170.556640625,159.6088104248047,21.979999542236328,66432.1953125,2509.098876953125,170.9324951171875
2024-10-24,228.6572265625,418.1248779296875,140.0342559814453,161.5853271484375,186.3800048828125,564.0868530273438,260.4800109863281,153.44000244140625,75.45500183105469,282.637451171875,171.0131378173828,482.8699951171875,168.4334259033203,161.0458984375,22.34000015258789,68161.0546875,2534.49853515625,177.1569366455078
2024-10-25,229.49024963378903,421.4916687011719,141.16122436523438,164.11756896972656,187.8300018310547,569.521240234375,269.19000244140625,156.22999572753906,75.46800231933594,286.28424072265625,170.1697235107422,483.7200012207031,170.05531311035156,163.12481689453125,22.68000030517578,66642.4140625,2435.93408203125,164.75689697265625
2024-10-28,231.4637451171875,419.9559631347656,140.14395141601562,165.5574188232422,188.38999938964844,574.3993530273438,262.510009765625,159.9199981689453,74.91200256347656,289.546630859375,169.09095764160156,481.0400085449219,169.09201049804688,164.99298095703125,22.920000076293945,69907.7578125,2565.34814453125,178.1049041748047
2024-10-29,231.7315216064453,425.2325744628906,140.87200927734375,168.49679565429688,190.8300018310547,589.4210815429688,259.5199890136719,166.25,75.94400024414062,294.59307861328125,170.08145141601562,485.3900146484375,176.18910217285156,168.61436462402344,22.899999618530277,72720.4921875,2637.95751953125,179.36074829101562
2024-10-30,228.19113159179688,425.8036193847656,138.96710205078125,173.2434539794922,192.72999572753903,587.9505615234375,257.54998779296875,148.60000610351562,75.3740005493164,292.13885498046875,171.18963623046875,486.6799926757813,173.63336181640625,160.58602905273438,22.299999237060547,72339.5390625,2657.37255859375,174.9249725341797
2024-10-31,224.035888671875,400.0307312011719,132.40472412109375,169.9168243408203,186.3999938964844,563.8881225585938,249.8500061035156,144.07000732421875,75.60299682617188,287.1811828613281,164.59939575195312,478.0799865722656,166.8803253173828,155.93954467773438,21.520000457763672,70215.1875,2515.79931640625,168.42999267578125
2024-11-01,221.060791015625,403.98822021484375,135.03765869140625,170.0955352783203,197.92999267578125,563.4708251953125,248.97999572753903,141.86000061035156,75.61000061035156,290.4829406738281,166.7373046875,482.7999877929688,166.04476928710938,158.3346405029297,23.200000762939453,69482.46875,2511.885498046875,166.2621307373047
2024-11-04,220.16824340820312,402.10784912109375,135.6859130859375,168.0598907470703,195.77999877929688,557.0330810546875,242.83999633789065,140.7100067138672,75.5510025024414,293.7257080078125,166.3155975341797,481.3500061035156,165.6810760498047,158.24842834472656,22.520000457763672,67811.5078125,2397.0263671875,157.74710083007812
2024-11-05,221.59629821777344,405.061279296875,139.53558349609375,168.5563507080078,199.5,568.70654296875,251.44000244140625,141.66000366210938,76.39099884033203,293.213134765625,168.4633331298828,486.4200134277344,170.9400177001953,158.94778442382812,23.31999969482422,69359.5625,2422.650634765625,166.72239685058594
2024-11-06,220.8723297119141,413.6456298828125,145.22035217285156,175.27919006347656,207.08999633789065,568.3291015625,288.5299987792969,145.10000610351562,78.02100372314453,302.4879455566406,177.74069213867188,504.8299865722656,176.4938201904297,165.73069763183594,25.049999237060547,75639.078125,2724.169189453125,186.9547882080078
2024-11-07,225.59288024902344,418.8139953613281,148.4816131591797,179.48959350585938,210.0500030517578,587.8512573242188,296.9100036621094,149.82000732421875,79.65399932861328,306.3121032714844,182.7716217041016,500.9200134277344,180.68130493164065,165.654052734375,26.229999542236328,75904.859375,2895.58544921875,196.3345947265625
2024-11-08,225.3247985839844,415.9689636230469,147.23492431640625,177.10635375976562,208.17999267578125,585.5066528320312,321.2200012207031,147.9499969482422,79.50399780273438,317.321533203125,185.59600830078125,494.6799926757813,180.5142059326172,163.7379608154297,26.200000762939453,76545.4765625,2962.296630859375,199.9390106201172
2024-11-11,222.614501953125,411.5094299316406,144.8712615966797,179.09239196777344,206.83999633789065,579.3767700195312,350.0,147.35000610351562,80.54399871826172,336.8171691894531,185.4783477783203,504.4800109863281,175.86471557617188,161.22789001464844,25.049999237060547,88701.484375,3374.81298828125,222.6416778564453
2024-11-12,222.614501953125,416.4513244628906,147.89317321777344,180.35353088378903,208.91000366210935,581.01611328125,328.489990234375,143.6300048828125,81.94999694824219,336.2455139160156,185.919677734375,526.4199829101562,173.22052001953125,156.55270385742188,24.15999984741211,87955.8125,3246.25732421875,212.2318115234375
2024-11-13,223.49807739257807,418.5876159667969,145.87855529785156,177.63262939453125,214.1000061035156,576.227294921875,330.239990234375,139.3000030517578,83.0469970703125,336.8072814941406,185.9686737060547,532.5,170.6254425048828,153.68817138671875,24.920000076293945,90584.1640625,3192.595947265625,215.1845550537109
2024-11-14,226.5757598876953,420.2512817382813,146.3672637939453,174.3556671142578,211.47999572753903,573.4058837890625,311.17999267578125,138.83999633789062,83.72599792480469,326.8820495605469,183.43850708007807,529.8699951171875,167.47991943359375,157.0891876220703,25.030000686645508,87250.4296875,3058.94873046875,209.2190704345703
2024-11-15,223.37893676757807,408.5462036132813,141.6000518798828,171.28720092773438,202.6100006103516,550.4760131835938,320.7200012207031,134.89999389648438,82.39600372314453,320.5839538574219,180.19241333007807,503.3699951171875,162.03421020507812,153.76480102539062,24.350000381469727,91066.0078125,3103.04052734375,218.09490966796875
2024-11-18,226.37718200683597,409.2944030761719,139.7749481201172,174.07762145996094,201.6999969482422,550.7939453125,338.739990234375,138.92999267578125,84.70500183105469,317.6171569824219,182.14398193359372,499.510009765625,162.85006713867188,157.59693908691406,24.84000015258789,90542.640625,3207.8564453125,239.79425048828125
2024-11-19,226.6352996826172,411.2928466796875,146.6165771484375,176.87794494628906,204.6100006103516,557.4404296875,346.0,139.38999938964844,87.13200378417969,318.7802429199219,185.2527618408203,499.6099853515625,162.5355682373047,157.79815673828125,24.200000762939453,92343.7890625,3111.384033203125,238.09754943847656
2024-11-20,227.35012817382807,409.0285339355469,145.49957275390625,174.75286865234375,202.8800048828125,561.8414916992188,342.0299987792969,137.60000610351562,88.38500213623047,321.01763916015625,187.0670623779297,499.5,160.4712677001953,147.7962646484375,24.01000022888184,94339.4921875,3072.18798828125,235.4236602783203
2024-11-21,226.87359619140625,407.2628784179688,146.27749633789062,166.4611053466797,198.3800048828125,559.4274291992188,339.6400146484375,137.49000549316406,89.74800109863281,330.95269775390625,188.714599609375,504.4400024414063,161.14955139160156,148.93630981445312,24.440000534057617,98504.7265625,3361.053955078125,257.0658874511719
2024-11-22,228.21383666992188,411.3367614746094,141.57012939453125,163.611083984375,197.1199951171875,555.5031127929688,352.5599975585937,138.35000610351562,89.77899932861328,337.1029968261719,188.5773162841797,512.1500244140625,161.43458557128906,150.21047973632812,24.5,98997.6640625,3331.600830078125,256.5186767578125
2024-11-25,231.19223022460935,413.1025390625,135.65599060058594,166.48095703125,201.4499969482422,561.4342041015625,338.5899963378906,141.1300048828125,86.55899810791016,334.2348022460937,184.3603363037109,518.72998046875,162.01455688476562,152.15533447265625,24.8700008392334,93102.296875,3413.5439453125,234.4466094970703
2024-11-26,233.36643981933597,422.1775512695313,136.5535888671875,167.94070434570312,207.8600006103516,569.809326171875,338.2300109863281,137.72000122070312,87.26000213623047,338.24627685546875,186.6943817138672,525.2999877929688,161.93592834472656,150.3446044921875,24.049999237060547,91985.3203125,3326.517333984375,230.9781951904297
2024-11-27,233.2373809814453,417.2454833984375,134.9778289794922,168.0499267578125,205.7400054931641,565.49755859375,332.8900146484375,136.24000549316406,87.73400115966797,325.26568603515625,179.17250061035156,513.6799926757812,156.9522247314453,149.8368377685547,23.649999618530277,95962.53125,3657.249267578125,242.30221557617188
2024-11-29,235.6201171875,417.7090759277344,137.88002014160156,167.77188110351562,207.88999938964844,570.5843505859375,345.1600036621094,137.17999267578125,88.68099975585938,325.24591064453125,181.2711639404297,515.9299926757812,159.32119750976562,151.8774871826172,24.049999237060547,97461.5234375,3593.494384765625,243.54949951171875
2024-12-02,237.86380004882807,425.1269836425781,138.259033203125,170.29415893554688,210.7100067138672,588.9739990234375,357.0899963378906,142.05999755859375,89.77400207519531,326.2512512207031,177.90737915039062,516.2000122070312,163.67576599121094,156.18862915039062,23.93000030517578,95865.3046875,3644.198486328125,225.75619506835935
2024-12-03,240.9017639160156,425.3439331054688,139.88465881347656,170.14520263671875,213.44000244140625,609.6585693359375,351.4200134277344,141.97999572753906,90.21700286865234,326.66522216796875,179.3588104248047,516.260009765625,165.28787231445312,155.7575225830078,22.46999931335449,96002.1640625,3620.711669921875,234.2003173828125
2024-12-04,241.25917053222656,431.4795227050781,144.75157165527344,173.15406799316406,218.16000366210935,609.7876586914062,357.92999267578125,143.99000549316406,91.1060028076172,362.5813903808594,184.55650329589844,536.489990234375,167.65684509277344,156.48562622070312,21.959999084472656,98768.53125,3841.3310546875,229.11929321289065
2024-12-05,241.2889404296875,436.6088562011719,144.68177795410156,171.4361572265625,220.5500030517578,604.96923828125,369.489990234375,141.36000061035156,91.78700256347656,356.1846618652344,182.6441192626953,538.219970703125,167.56838989257812,154.46322631835938,20.799999237060547,96593.5703125,3811.00830078125,233.9987030029297
2024-12-06,241.0904083251953,437.54595947265625,142.06861877441406,173.49172973632812,227.02999877929688,619.7127075195312,389.2200012207031,138.58999633789062,93.4739990234375,356.7859191894531,187.9889068603516,552.9600219726562,176.4741668701172,153.61573791503906,20.920000076293945,99920.7109375,4005.810546875,237.0510711669922
2024-12-09,244.9722595214844,439.9626770019531,138.44805908203125,174.34671020507812,226.08999633789065,609.5790405273438,389.7900085449219,130.8699951171875,91.36900329589844,346.5156555175781,186.77284240722656,547.9299926757812,175.8942108154297,154.80029296875,20.809999465942383,97432.71875,3718.6904296875,217.34146118164065
2024-12-10,245.98486328125,437.3092041015625,134.7178497314453,184.08950805664065,225.0399932861328,615.2916870117188,400.989990234375,127.73999786376952,91.33499908447266,343.8052062988281,174.30825805664062,547.0499877929688,168.8855743408203,150.678466796875,20.15999984741211,96675.4296875,3631.833740234375,213.8246154785156
2024-12-11,244.71409606933597,442.8923645019531,138.94677734375,194.25982666015625,230.25999450683597,628.5647583007812,424.7699890136719,130.14999389648438,93.65599822998048,349.74853515625,175.1320343017578,549.9299926757812,180.08169555664062,153.92391967773438,20.1200008392334,101173.03125,3832.822021484375,227.44683837890625
2024-12-12,246.1735076904297,443.4546203613281,136.98191833496094,190.8398895263672,228.97000122070312,626.68701171875,418.1000061035156,130.60000610351562,92.55500030517578,352.8827819824219,171.93496704101562,474.6300048828125,177.58494567871094,152.3926544189453,20.780000686645508,100043.0,3883.1015625,227.02671813964844
2024-12-13,246.34231567382807,441.1957092285156,133.89996337890625,188.71237182617188,227.4600067138672,616.31494140625,436.2300109863281,126.91000366210938,91.88700103759766,349.21630859375,170.042236328125,465.6900024414063,220.9736175537109,152.67196655273438,20.34000015258789,101459.2578125,3911.205322265625,224.83729553222656
2024-12-16,249.23130798339844,445.45703125,131.65582275390625,195.51248168945312,232.92999267578125,620.6798095703125,463.0199890136719,126.69000244140624,92.10800170898438,352.0943298339844,167.92393493652344,461.5299987792969,245.7446746826172,152.0556182861328,20.82999992370605,106029.71875,3987.48095703125,216.3349609375
2024-12-17,251.6537322998047,448.2880554199219,130.05001831054688,194.2797088623047,231.1499938964844,615.9072265625,479.8599853515625,125.0199966430664,91.91300201416016,345.92431640625,166.43328857421875,455.2300109863281,236.14096069335935,152.0845184326172,20.440000534057617,106140.6015625,3886.76611328125,222.8167266845703
2024-12-18,246.26284790039065,431.4498901367188,128.57388305664062,187.3006591796875,220.5200042724609,593.7841796875,440.1300048828125,121.41000366210938,88.95500183105469,332.7610778808594,162.21632385253906,441.30999755859375,219.8136749267578,147.3944549560547,19.299999237060547,100041.5390625,3618.791259765625,206.3817443847656
2024-12-19,247.9903106689453,431.09478759765625,130.33926391601562,187.4100341796875,223.2899932861328,592.17333984375,436.1700134277344,118.87999725341795,90.2040023803711,331.7743530273437,165.5310516357422,437.3900146484375,214.60394287109372,144.84237670898438,19.059999465942383,97490.953125,3417.927978515625,194.28451538085935
2024-12-20,252.6564483642578,430.670654296875,134.34878540039062,190.2931060791016,224.9199981689453,581.9121704101562,421.05999755859375,119.20999908447266,90.90499877929688,339.09600830078125,166.38426208496094,447.1700134277344,217.0318756103516,147.24037170410156,19.520000457763672,97755.9296875,3472.553466796875,194.2081756591797
2024-12-23,253.43087768554688,429.3389892578125,139.30581665039062,193.49432373046875,225.05999755859372,596.428955078125,430.6000061035156,124.5999984741211,91.1449966430664,338.35595703125,165.8743133544922,446.739990234375,229.00706481933597,152.3926544189453,20.200000762939453,94686.2421875,3415.785400390625,189.75369262695312
2024-12-24,256.3397216796875,433.363525390625,139.85440063476562,194.96568298339844,229.0500030517578,604.283935546875,462.2799987792969,126.29000091552734,93.21199798583984,339.8656616210937,168.10047912597656,447.9400024414063,236.2315826416016,153.47128295898438,20.399999618530277,98676.09375,3492.0498046875,196.9890289306641
2024-12-26,257.1537780761719,432.1601257324219,139.5651397705078,194.4586639404297,227.0500030517578,599.9089965820312,454.1300048828125,125.05999755859376,92.41400146484376,337.19158935546875,168.36526489257812,450.1600036621094,241.8298797607422,152.67196655273438,20.440000534057617,95795.515625,3331.225830078125,188.21810913085935
2024-12-27,253.74850463867188,424.68304443359375,136.65277099609375,191.63522338867188,223.75,596.3892211914062,431.6600036621094,125.19000244140624,90.75499725341795,333.9649353027344,165.69776916503906,446.4800109863281,238.27182006835935,151.4296417236328,20.299999237060547,94164.859375,3328.9169921875,183.82847595214844
2024-12-30,250.38296508789065,419.06048583984375,137.1315155029297,190.1240997314453,221.3000030517578,587.8680419921875,417.4100036621094,122.44000244140624,90.04299926757812,331.29083251953125,163.68736267089844,445.7999877929688,232.19061279296875,148.86790466308594,19.81999969482422,92643.2109375,3356.392578125,191.02804565429688
2024-12-31,248.6158142089844,415.7756958007813,133.9398651123047,188.1954345703125,219.38999938964844,582.1707763671875,403.8399963378906,120.79000091552734,89.13200378417969,329.89947509765625,163.4225616455078,444.6799926757813,228.50439453125,147.94337463378906,20.049999237060547,93429.203125,3332.53173828125,189.2644805908203
2025-01-02,242.0931396484375,412.8952941894531,137.9493865966797,188.3246612548828,220.22000122070312,595.822509765625,379.2799987792969,120.62999725341795,88.6729965209961,326.2781982421875,162.82432556152344,441.0,228.64236450195312,147.96266174316406,20.21999931335449,96886.875,3451.392578125,207.7670440673828
2025-01-03,241.60667419433597,417.6005859375,144.0933074951172,190.6708831787109,224.19000244140625,601.1817016601562,410.4400024414063,125.37000274658205,88.1050033569336,328.4884948730469,163.1087188720703,430.5700073242188,229.2041778564453,151.99781799316406,20.559999465942383,98107.4296875,3605.009765625,217.7473297119141
2025-01-06,243.23483276367188,422.0394592285156,149.0404052734375,195.72125244140625,227.6100006103516,626.6058349609375,411.0499877929688,129.5500030517578,88.17900085449219,326.1498413085937,162.4908905029297,431.1799926757813,233.00865173339844,153.9431915283203,19.8700008392334,102078.0859375,3688.611328125,218.7231292724609
2025-01-07,240.4649353027344,416.6338806152344,139.7746124267578,194.3493194580078,222.1100006103516,614.3660888671875,394.3599853515625,127.33000183105467,87.91899871826172,320.62408447265625,158.9015655517578,422.6300048828125,225.35044860839844,154.5884246826172,20.01000022888184,96922.703125,3381.577392578125,202.23025512695312
2025-01-08,240.951416015625,418.7941284179688,139.74468994140625,192.8182678222656,222.1300048828125,607.2369384765625,394.9400024414063,121.83999633789062,87.5,322.5679931640625,159.99014282226562,419.5799865722656,226.01080322265625,153.20162963867188,19.8799991607666,95043.5234375,3326.329345703125,197.55905151367188
2025-01-10,235.14356994628903,413.2602844238281,135.55564880371094,190.91944885253903,218.94000244140625,612.34765625,394.739990234375,116.04000091552734,83.76899719238281,313.637939453125,151.88937377929688,405.9200134277344,221.08273315429688,151.1792449951172,19.149999618530277,94701.453125,3267.489990234375,187.5791778564453
2025-01-13,232.71121215820312,411.5242614746094,132.8826141357422,189.89544677734372,218.4600067138672,604.860595703125,403.30999755859375,117.31999969482422,84.02899932861328,314.8417663574219,151.3191680908203,408.5,222.0486297607422,151.32371520996094,19.200000762939453,94516.5234375,3135.499755859375,182.8353576660156
2025-01-14,231.5992889404297,410.0248718261719,131.41644287109375,188.5533142089844,217.75999450683597,590.8609008789062,396.3599853515625,116.08999633789062,82.83999633789062,319.2525329589844,153.66880798339844,412.7099914550781,221.4671173095703,153.635009765625,19.200000762939453,96534.046875,3223.6845703125,187.49859619140625
2025-01-15,236.15621948242188,420.5203552246094,135.88478088378906,194.408935546875,223.3500061035156,613.6005249023438,428.2200012207031,119.95999908447266,84.82599639892578,316.9040222167969,155.63499450683594,417.2799987792969,224.71966552734372,158.3346710205078,19.71999931335449,100504.4921875,3450.53759765625,205.91134643554688
2025-01-16,226.61544799804688,418.8138122558594,133.22174072265625,191.78436279296875,220.66000366210935,607.8136596679688,413.8200073242188,118.44000244140624,84.23699951171875,315.75946044921875,156.84420776367188,426.9299926757813,226.10939025878903,155.4647674560547,19.670000076293945,99756.90625,3308.34521484375,211.22784423828125
2025-01-17,228.32305908203125,423.2033996582031,137.35093688964844,194.85630798339844,225.94000244140625,609.2752075195312,426.5,121.45999908447266,85.80999755859375,320.25897216796875,158.3090362548828,429.989990234375,234.02386474609372,158.47915649414062,21.489999771118164,104462.0390625,3474.107177734375,219.62161254882807
2025-01-21,221.03591918945312,422.6806335449219,140.4628143310547,196.8943634033203,230.7100067138672,612.9442138671875,424.0700073242188,122.27999877929688,86.96800231933594,322.5087585449219,169.65403747558594,436.3599853515625,236.8525390625,161.08900451660156,21.770000457763672,106146.265625,3327.40625,250.41378784179688
2025-01-22,222.2173614501953,440.1402282714844,146.68655395507812,197.2124938964844,235.00999450683597,619.9441528320312,415.1099853515625,123.75,95.39900207519533,328.2121887207031,181.107177734375,437.3200073242188,237.4439239501953,163.94924926757812,21.86000061035156,103653.0703125,3240.224609375,257.23736572265625
2025-01-23,222.0485992431641,440.643310546875,146.83616638183594,196.8247528076172,235.4199981689453,632.8202514648438,412.3800048828125,123.04000091552734,98.48600006103516,330.22515869140625,183.3191680908203,437.2799987792969,236.82296752929688,167.9169921875,21.56999969482422,103960.171875,3334.714111328125,253.4552001953125
2025-01-24,221.17491149902344,438.0293273925781,142.24815368652344,199.04177856445312,234.8500061035156,643.7973022460938,406.5799865722656,122.83999633789062,97.75900268554688,329.4554748535156,180.4976806640625,435.3800048828125,241.1793670654297,165.75013732910156,20.82999992370605,104819.484375,3309.554931640625,253.36122131347656
2025-01-27,228.20391845703125,428.6583557128906,118.11123657226562,190.6907501220703,235.4199981689453,656.1165161132812,397.1499938964844,115.01000213623048,97.18900299072266,342.50030517578125,155.60549926757812,438.6000061035156,199.2218475341797,164.8544921875,20.290000915527344,102087.6875,3178.92041015625,235.07444763183597
2025-01-28,236.5433807373047,441.1266784667969,128.65370178222656,194.16043090820312,238.1499938964844,670.4842529296875,398.0899963378906,114.16999816894533,97.18299865722656,355.1799621582031,161.22886657714844,442.8399963378906,204.3766021728516,165.21084594726562,19.799999237060547,101332.4765625,3077.112548828125,227.20396423339844
2025-01-29,237.6354522705078,436.3227844238281,123.37747955322266,194.26976013183597,237.07000732421875,672.6318969726562,389.1000061035156,117.3499984741211,97.81500244140624,349.3088684082031,159.28231811523438,441.6799926757813,203.3811492919922,165.3649139404297,19.75,103703.2109375,3112.9990234375,227.94493103027344
2025-01-30,235.8782196044922,409.3540954589844,124.3249969482422,199.6978759765625,234.63999938964844,683.08203125,400.2799987792969,118.86000061035156,97.3239974975586,339.01708984375,167.50106811523438,446.0,212.5572052001953,165.57679748535156,20.01000022888184,104735.3046875,3247.780029296875,239.0231475830078
2025-01-31,234.2996826171875,409.4231567382813,119.75694274902344,202.82952880859372,237.67999267578125,685.2495727539062,404.6000061035156,115.9499969482422,97.6760025024414,337.1719055175781,167.18646240234375,437.4500122070313,218.08648681640625,166.53982543945312,19.43000030517578,102405.0234375,3298.26513671875,231.63790893554688
2025-02-03,226.3672332763672,405.3394165039063,116.35584259033205,200.0558013916016,237.4199981689453,693.4822387695312,383.6799926757813,114.2699966430664,97.8939971923828,334.74444580078125,165.7511444091797,438.6000061035156,214.59739685058597,163.94924926757812,19.3799991607666,101405.421875,2884.566650390625,216.1495819091797
2025-02-04,231.12274169921875,406.7696838378906,118.34063720703124,205.1757659912109,242.05999755859372,700.1740112304688,392.2099914550781,119.5,99.48699951171876,339.5795593261719,165.05311584472656,440.2300109863281,219.22976684570312,166.64576721191406,19.290000915527344,97871.8203125,2735.05126953125,207.09197998046875
2025-02-05,230.7951202392578,407.6771545410156,124.50452423095705,190.2135772705078,236.1699981689453,700.8501586914062,378.1700134277344,112.01000213623048,101.11100006103516,343.3193054199219,168.75941467285156,437.6300048828125,228.662109375,169.36158752441406,19.649999618530277,96615.4453125,2787.779052734375,195.98814392089844
2025-02-06,231.53970336914065,410.1728210449219,128.34445190429688,190.48199462890625,238.8300018310547,707.929443359375,374.3200073242188,110.16000366210938,101.56800079345705,326.4261779785156,169.43775939941406,435.3999938964844,228.0312957763672,163.06326293945312,19.3799991607666,96593.296875,2688.40087890625,189.77249145507807
2025-02-07,225.9900054931641,404.1852416992188,129.50146484375,184.25852966308597,229.1499938964844,710.4450073242188,361.6199951171875,107.55999755859376,101.39299774169922,321.5121459960937,171.51211547851562,433.0700073242188,221.6346893310547,161.75350952148438,19.100000381469727,96529.0859375,2622.211181640625,192.20465087890625
2025-02-10,226.25833129882807,406.6217041015625,133.22174072265625,185.3819274902344,233.13999938964844,713.30859375,350.7300109863281,110.4800033569336,102.76000213623048,322.864013671875,175.89674377441406,451.1000061035156,231.65838623046875,165.0278778076172,19.770000457763672,97437.5546875,2661.166748046875,200.3563537597656
2025-02-11,231.1979522705078,405.852294921875,132.45375061035156,184.23866271972656,232.75999450683597,715.6948852539062,328.5,111.0999984741211,100.80799865722656,320.10113525390625,174.19598388671875,458.8200073242188,231.65838623046875,165.6345672607422,20.96999931335449,95747.4296875,2602.781982421875,197.98236083984372
2025-02-12,235.4219512939453,403.4849548339844,130.79806518554688,182.53863525390625,228.92999267578125,721.2431030273438,336.510009765625,111.72000122070312,102.7310028076172,321.7983093261719,169.30996704101562,462.760009765625,232.9495086669922,163.9973907470703,22.479999542236328,97885.859375,2736.902099609375,196.7738037109375
2025-02-13,240.0534820556641,404.9645385742188,134.937255859375,185.05386352539065,230.3699951171875,724.4049682617188,355.94000244140625,111.80999755859376,104.36900329589844,325.4789123535156,170.9222412109375,459.2200012207031,232.40744018554688,165.7886505126953,24.1299991607666,96623.8671875,2675.902587890625,194.46095275878903
2025-02-14,243.104736328125,402.8831787109375,138.4879608154297,184.14913940429688,228.67999267578125,732.4686279296875,355.8399963378906,113.0999984741211,105.86000061035156,322.2127380371094,171.2171630859375,460.1600036621094,229.6871337890625,165.86570739746094,23.600000381469727,97508.96875,2726.091552734375,199.9356689453125
2025-02-18,242.9755096435547,404.0767517089844,139.03651428222656,182.6976776123047,226.6499938964844,712.2844848632812,354.1099853515625,114.27999877929688,103.58499908447266,324.60064697265625,176.7618865966797,464.1099853515625,225.24203491210935,167.2235870361328,27.38999938964844,95539.546875,2669.3388671875,169.08428955078125
2025-02-19,243.37306213378903,409.1370544433594,138.8669891357422,184.18893432617188,226.6300048828125,699.75634765625,360.55999755859375,114.69000244140624,104.33300018310548,320.2293701171875,178.4528045654297,456.989990234375,225.43914794921875,168.7451934814453,25.71999931335449,96635.609375,2715.77099609375,169.01080322265625
2025-02-20,244.3271942138672,411.30169677734375,139.74468994140625,183.48306274414065,222.8800048828125,690.8772583007812,354.3999938964844,114.16999816894533,102.4540023803711,314.210205078125,173.0260772705078,454.6900024414063,223.47776794433597,167.28140258789062,26.09000015258789,98333.9375,2740.386474609375,176.04888916015625
2025-02-21,244.0489044189453,403.47357177734375,134.07949829101562,178.61166381835938,216.5800018310547,679.651611328125,337.79998779296875,110.83999633789062,100.31500244140624,305.6945495605469,164.97445678710938,444.3200073242188,215.5140380859375,159.3169708251953,24.8700008392334,96125.546875,2659.655517578125,168.89163208007812
2025-02-24,245.5894470214844,399.3124084472656,129.94032287597656,178.2040557861328,212.7100067138672,664.319580078125,330.5299987792969,108.11000061035156,98.84700012207033,304.23419189453125,167.08816528320312,444.4200134277344,204.9383850097656,155.14700317382812,24.270000457763672,91418.171875,2513.8212890625,141.98948669433594
2025-02-25,245.52978515625,393.2831726074219,126.2998275756836,174.3964080810547,212.8000030517578,653.7501831054688,302.79998779296875,103.95999908447266,97.7239990234375,301.8265686035156,165.692138671875,443.4100036621094,199.6259307861328,155.26255798339844,22.989999771118164,88736.171875,2493.592529296875,144.10775756835938
2025-02-26,238.89064025878903,395.0919799804688,130.93771362304688,171.72210693359375,214.3500061035156,669.8578491210938,290.79998779296875,104.73999786376952,99.00599670410156,303.2572937011719,169.5557403564453,441.5,209.87631225585935,156.1100311279297,23.520000457763672,84347.0234375,2331.45263671875,134.83132934570312
2025-02-27,235.84933471679688,387.97552490234375,119.83673095703124,167.5167999267578,208.7400054931641,654.4859008789062,281.95001220703125,99.51000213623048,96.30699920654295,290.9920349121094,161.97601318359375,437.1900024414063,194.95416259765625,148.73309326171875,23.09000015258789,84704.2265625,2305.484375,137.6208038330078
2025-02-28,240.361572265625,392.3837585449219,124.59429168701172,169.28639221191406,212.27999877929688,664.38916015625,292.9800109863281,99.86000061035156,98.05599975585938,293.9029846191406,163.2540283203125,438.55999755859375,196.5606842041016,151.36221313476562,23.729999542236328,84373.0078125,2237.9052734375,148.03001403808594
2025-03-03,236.57489013671875,383.98236083984375,113.76260375976562,166.03546142578125,205.0200042724609,651.3141479492188,284.6499938964844,98.2300033569336,97.37000274658205,289.1763916015625,159.28231811523438,440.7200012207031,184.67420959472656,147.94337463378906,22.739999771118164,86065.671875,2145.573974609375,142.02108764648438
2025-03-04,234.4877166748047,384.1009826660156,115.68758392333984,169.92266845703125,203.8000030517578,636.3499755859375,272.0400085449219,100.75,97.25800323486328,283.5322570800781,154.80918884277344,446.0299987792969,184.7826232910156,148.7523651123047,21.32999992370605,87222.1953125,2170.01513671875,144.9165802001953
2025-03-05,234.29888916015625,396.3670043945313,116.9941635131836,172.0104217529297,208.3600006103516,652.72607421875,279.1000061035156,101.66999816894533,99.09200286865234,288.100830078125,158.83009338378906,451.239990234375,188.8236389160156,152.63343811035156,20.809999465942383,90623.5625,2241.977294921875,146.26730346679688
2025-03-06,233.89138793945312,392.2849426269531,110.2817153930664,171.34432983398438,200.6999969482422,624.3488159179688,263.45001220703125,98.8499984741211,90.63600158691406,282.25933837890625,148.38954162597656,444.7799987792969,176.86814880371094,151.08424377441406,20.75,89961.7265625,2202.476806640625,143.355224609375
2025-03-07,237.6085357666016,388.7464599609375,112.39618682861328,172.8455047607422,199.25,622.0917358398438,262.6700134277344,100.30999755859376,89.11100006103516,279.1412048339844,152.53822326660156,449.3999938964844,192.15499877929688,156.0997314453125,20.63999938964844,86742.671875,2138.987548828125,139.20913696289062
2025-03-10,226.08938598632807,375.7490234375,106.70106506347656,165.092041015625,194.5399932861328,594.5795288085938,222.1499938964844,96.62999725341795,86.66799926757812,269.2835693359375,146.27584838867188,435.0799865722656,181.79624938964844,150.0579071044922,19.93000030517578,78532.0,1861.1513671875,118.291748046875
2025-03-11,219.48995971679688,376.0357055664063,108.4764175415039,163.27061462402344,196.58999633789065,602.2555541992188,230.5800018310547,96.76000213623048,89.51000213623047,273.3785705566406,141.74374389648438,433.6600036621094,187.3550720214844,148.23764038085938,19.780000686645508,82862.2109375,1919.844970703125,125.26394653320312
2025-03-12,215.65354919433597,378.8229675292969,115.4488525390625,166.32623291015625,198.88999938964844,616.0265502929688,248.08999633789065,100.79000091552734,91.96800231933594,280.80877685546875,148.3403778076172,438.6000061035156,191.4355010986328,147.9471435546875,20.68000030517578,83722.359375,1908.982666015625,126.58324432373048
2025-03-13,208.39817810058597,374.3751525878906,115.28924560546876,161.9966278076172,193.88999938964844,587.2715454101562,240.67999267578125,98.11000061035156,89.01699829101562,268.138916015625,145.16497802734375,377.8399963378906,188.60679626464844,147.1144561767578,23.700000762939453,81066.703125,1862.9696044921875,123.28614807128906
2025-03-14,212.1848907470703,384.0516052246094,121.36392211914062,164.7138214111328,197.9499969482422,604.6723022460938,249.97999572753903,100.97000122070312,91.8000030517578,275.69744873046875,146.7477569580078,394.739990234375,192.72666931152344,151.6071014404297,24.049999237060547,83969.1015625,1909.467529296875,133.31448364257812
2025-03-17,212.6917724609375,384.18994140625,119.22930145263672,163.5194549560547,195.7400054931641,601.9852905273438,238.00999450683597,104.58999633789062,95.0019989013672,277.0295715332031,151.4076385498047,399.3399963378906,191.7016448974609,152.93359375,25.690000534057617,84075.6875,1927.0029296875,128.16371154785156
2025-03-18,211.3897857666016,379.0700073242188,115.1396255493164,159.9164276123047,192.82000732421875,579.5538330078125,225.30999755859372,103.51000213623048,92.9980010986328,275.0363464355469,146.92469787597656,391.3699951171875,185.95550537109372,151.32632446289062,25.920000076293945,82718.5,1932.54345703125,125.3126983642578
2025-03-19,213.9241943359375,383.3201599121094,117.22435760498048,163.121337890625,195.5399932861328,581.2457275390625,235.8600006103516,106.2300033569336,95.9489974975586,275.6875915527344,149.87400817871094,387.8900146484375,192.7562255859375,153.23373413085938,24.1200008392334,86854.2265625,2057.7490234375,135.572509765625
2025-03-20,212.79119873046875,382.3515319824219,118.23182678222656,162.0364532470703,194.9499969482422,583.17626953125,236.25999450683597,107.13999938964844,95.08399963378906,275.3323669433594,150.13946533203125,389.6099853515625,188.3668670654297,152.93359375,23.959999084472656,84167.1953125,1982.099853515625,127.49718475341795
2025-03-21,216.9356842041016,386.7202453613281,117.4039077758789,163.22088623046875,196.2100067138672,593.376953125,248.7100067138672,106.44000244140624,96.02899932861328,276.9012756347656,149.65773010253906,387.260009765625,189.4741058349609,151.8394775390625,24.26000022888184,84043.2421875,1964.8475341796875,128.43031311035156
2025-03-24,219.380615234375,388.5191040039063,121.10458374023438,166.89356994628906,203.25999450683597,615.8680419921875,278.3900146484375,113.8499984741211,97.1989974975586,282.1705017089844,152.25311279296875,394.4700012207031,189.06878662109372,154.99594116210938,24.21999931335449,87498.9140625,2077.47900390625,140.86927795410156
2025-03-25,222.38218688964844,390.5749816894531,120.38639831542967,169.76007080078125,205.7100067138672,623.2920532226562,288.1400146484375,114.80999755859376,99.72799682617188,284.785400390625,151.32901000976562,403.6400146484375,186.1128692626953,155.063720703125,24.200000762939453,87471.703125,2067.76416015625,143.81707763671875
2025-03-26,220.17575073242188,385.44525146484375,113.47382354736328,164.2858428955078,201.1300048828125,608.0359497070312,272.0599975585937,110.19000244140624,97.06500244140624,277.266357421875,145.30258178710938,397.80999755859375,177.2254180908203,153.359619140625,23.420000076293945,86900.8828125,2009.1893310546875,137.28857421875
2025-03-27,222.4815826416016,386.048095703125,111.1496810913086,161.4790802001953,201.3600006103516,599.6764526367188,273.1300048828125,106.6500015258789,97.6719970703125,274.12847900390625,143.31671142578125,396.1499938964844,170.0284423828125,152.9529571533203,23.6200008392334,87177.1015625,2002.357421875,138.34738159179688
2025-03-28,216.5679168701172,374.40478515625,109.39411163330078,153.60617065429688,192.72000122070312,573.9609985351562,263.54998779296875,103.22000122070312,93.38500213623048,266.3923645019531,138.4896697998047,385.7099914550781,167.191162109375,147.86968994140625,22.709999084472656,84353.1484375,1895.5029296875,129.42315673828125
2025-03-31,220.77207946777344,371.034423828125,108.10736083984376,153.9147186279297,190.25999450683597,573.5828247070312,259.1600036621094,102.73999786376952,93.25299835205078,264.8037414550781,137.4475860595703,383.5299987792969,165.5204315185547,148.73141479492188,22.709999084472656,82548.9140625,1823.47998046875,124.69412994384766
2025-04-01,221.8256072998047,377.7554931640625,109.87291717529295,156.3333282470703,192.1699981689453,583.17626953125,268.4599914550781,102.77999877929688,92.83799743652344,266.61932373046875,139.54161071777344,383.2000122070313,166.59800720214844,148.189208984375,22.049999237060547,85169.171875,1905.491455078125,126.68238067626952
2025-04-02,222.52133178710935,377.7060852050781,110.14221954345705,156.30345153808594,196.00999450683597,581.1162719726562,282.760009765625,102.95999908447266,93.552001953125,267.941650390625,143.39537048339844,385.7799987792969,170.12730407714844,149.18649291992188,21.979999542236328,82485.7109375,1795.313232421875,117.75762939453124
2025-04-03,201.9478454589844,368.7807922363281,101.5439224243164,150.01309204101562,178.41000366210938,529.058349609375,267.2799987792969,93.8000030517578,91.70500183105467,251.8477325439453,134.91116333007812,367.25,152.2534942626953,134.99209594726562,22.43000030517578,83102.828125,1815.63720703125,117.06145477294922
2025-04-04,187.2284240722656,355.6648254394531,94.07275390625,144.91712951660156,171.0,502.2979431152344,239.42999267578125,85.76000213623047,85.58599853515625,237.5695037841797,126.10259246826172,349.07000732421875,144.6215362548828,123.41193389892578,19.850000381469727,83843.8046875,1815.335205078125,122.78688049316406
2025-04-07,180.3507080078125,353.70782470703125,97.39436340332033,146.06173706054688,175.25999450683594,513.762451171875,233.2899932861328,83.63999938964844,86.78299713134766,240.9737548828125,125.0113525390625,340.70001220703125,152.38201904296875,125.60016632080078,19.56999969482422,79235.3359375,1555.240966796875,106.90277862548828
2025-04-08,171.36593627929688,350.4460754394531,96.05775451660156,144.02133178710938,170.66000366210938,507.9903869628906,221.8600006103516,78.20999908447266,87.04000091552734,240.75668334960935,122.39629364013672,340.0,154.25047302246094,120.70085906982422,18.1299991607666,76271.953125,1472.5531005859375,105.51219177246094
2025-04-09,197.6344146728516,385.9591979980469,114.04239654541016,157.96563720703125,191.1000061035156,582.9474487304688,272.20001220703125,96.83999633789062,94.5469970703125,261.6560363769531,137.32962036132812,364.6400146484375,183.038330078125,139.02964782714844,21.530000686645508,82573.953125,1668.0400390625,119.05754089355467
2025-04-10,189.25592041015625,376.92523193359375,107.29939270019533,152.103271484375,181.22000122070312,543.65771484375,252.3999938964844,88.69999694824219,92.11699676513672,252.13473510742188,131.56768798828125,350.04998779296875,170.3349151611328,130.1315155029297,19.8799991607666,79626.140625,1522.518798828125,112.80392456054688
2025-04-11,196.9386749267578,383.9428405761719,110.65094757080078,156.40296936035156,184.8699951171875,540.9508056640625,252.30999755859372,93.4000015258789,91.8290023803711,252.0161590576172,130.5810546875,352.4700012207031,179.8649444580078,134.82749938964844,19.739999771118164,83404.8359375,1567.1497802734375,121.53237915039062
2025-04-14,201.28196716308597,383.310302734375,110.43150329589844,158.32394409179688,182.1199951171875,528.9191284179688,252.3500061035156,94.5,93.12799835205078,251.5714111328125,132.84043884277344,350.9100036621094,176.32579040527344,134.7694091796875,20.309999465942383,84542.390625,1622.7698974609375,129.3103790283203
2025-04-15,200.9042816162109,381.2544250488281,111.9177474975586,155.57688903808594,179.58999633789062,519.007080078125,254.1100006103516,95.29000091552734,97.62799835205078,251.9469757080078,132.1498260498047,350.3800048828125,176.90904235839844,134.19815063476562,19.850000381469727,83668.9921875,1588.6324462890625,126.26313018798828
2025-04-16,193.08241271972656,367.2981872558594,104.2271499633789,152.61087036132812,174.3300018310547,499.88958740234375,241.5500030517578,88.29000091552734,96.16300201416016,246.91651916503903,128.02566528320312,344.19000244140625,172.61856079101562,131.42898559570312,19.229999542236328,84033.8671875,1578.1053466796875,131.44969177246094
2025-04-17,195.77581787109372,363.5126953125,101.23468780517578,150.4510498046875,172.61000061035156,499.0636596679688,241.3699951171875,87.5,97.3030014038086,244.36671447753903,126.90090942382812,348.79998779296875,169.03985595703125,132.31976318359375,18.93000030517578,84895.75,1582.54833984375,134.69874572753906
2025-04-21,191.97918701171875,354.9531555175781,96.66622161865234,146.97738647460938,167.32000732421875,482.32464599609375,227.5,85.55999755859375,98.79100036621094,233.4954376220703,121.17842864990234,343.2200012207031,164.31436157226562,131.81625366210938,18.84000015258789,87518.90625,1579.7344970703125,136.7043914794922
2025-04-22,198.5189514160156,362.5638427734375,98.64122772216795,150.75958251953125,173.17999267578125,497.869384765625,237.97000122070312,86.26000213623047,104.03399658203124,240.5419921875,125.5393524169922,349.9100036621094,167.6459197998047,134.3336944580078,19.51000022888184,93441.890625,1757.3316650390625,148.73941040039062
2025-04-23,203.3492584228516,370.0460205078125,102.45162200927734,154.62139892578125,180.6000061035156,517.7630615234375,250.7400054931641,90.38999938964844,104.95899963378906,247.5490264892578,129.6437530517578,351.9599914550781,174.892333984375,135.9990692138672,20.59000015258789,93699.109375,1796.104248046875,151.15272521972656
2025-04-24,207.09620666503903,382.8061828613281,106.16226196289062,158.532958984375,186.5399932861328,530.5809326171875,259.510009765625,94.47000122070312,109.68699645996094,261.6026611328125,135.6720733642578,360.9100036621094,186.00411987304688,142.53468322753906,21.489999771118164,93943.796875,1769.8316650390625,152.3036346435547
2025-04-25,208.0006256103516,387.3034057617188,110.73075103759766,161.2003936767578,188.9900054931641,544.6329345703125,284.95001220703125,96.6500015258789,110.15299987792967,264.7157897949219,136.6389923095703,367.7200012207031,190.11669921875,143.841796875,20.049999237060547,94720.5,1786.634521484375,150.91500854492188
2025-04-28,208.8553771972656,386.6213989257813,108.45648193359376,159.85671997070312,187.6999969482422,547.0910034179688,285.8800048828125,96.38999938964844,111.03800201416016,262.5316772460937,138.26693725585938,368.6199951171875,190.2748565673828,142.931640625,20.51000022888184,94978.75,1798.851806640625,147.8099365234375
2025-04-29,209.91883850097656,389.468017578125,108.7457504272461,159.40882873535156,187.38999938964844,551.7683715820312,292.0299987792969,96.05999755859376,112.56400299072266,264.6268615722656,138.90823364257812,370.9800109863281,188.9897003173828,142.21517944335938,20.34000015258789,94284.7890625,1799.1756591796875,146.42787170410156
2025-04-30,211.2009735107422,390.673828125,108.64599609375,158.0552215576172,184.4199981689453,546.3546752929688,282.1600036621094,97.3499984741211,113.1719970703125,265.5657043457031,138.8391876220703,374.9800109863281,190.2748565673828,143.7449951171875,20.100000381469727,94207.3125,1793.775390625,147.64320373535156
2025-05-01,212.01596069335935,420.464111328125,111.32923126220705,160.54348754882812,190.1999969482422,569.4528198242188,280.5199890136719,96.6500015258789,113.34700012207033,266.1784362792969,143.54542541503906,374.6300048828125,195.07943725585935,130.91580200195312,19.979999542236328,96492.3359375,1839.2215576171875,150.84658813476562
2025-05-02,204.0946502685547,430.2295227050781,114.21196746826172,163.26068115234375,189.97999572753903,594.1432495117188,287.2099914550781,98.8000030517578,115.64900207519533,271.8611755371094,148.7153778076172,380.8699951171875,201.3174591064453,135.36968994140625,20.6200008392334,96910.0703125,1842.7078857421875,148.05003356933594
2025-05-05,197.6741485595703,431.1091918945313,113.53368377685548,163.43983459472656,186.3500061035156,596.3823852539062,280.260009765625,100.58999633789062,113.40599822998048,269.4398193359375,147.2946319580078,381.05999755859375,198.43077087402344,135.01144409179688,20.270000457763672,94748.0546875,1819.697509765625,146.69664001464844
2025-05-06,197.2964630126953,428.2823486328125,113.25438690185548,162.46441650390625,185.00999450683597,584.4800415039062,275.3500061035156,98.62000274658205,113.7689971923828,270.16131591796875,145.72589111328125,382.9800109863281,197.80795288085935,135.4568328857422,19.940000534057617,96802.4765625,1815.0875244140625,146.7664031982422
2025-05-07,195.05029296875,428.3218688964844,116.7655258178711,150.6699981689453,188.7100067138672,593.9342651367188,276.2200012207031,100.36000061035156,115.54100036621094,274.9743347167969,147.37356567382812,384.9700012207031,202.4741058349609,139.71710205078125,20.309999465942383,97032.3203125,1811.606689453125,147.2137451171875
2025-05-08,196.28271484375,433.08599853515625,117.07474517822266,153.556396484375,192.0800018310547,595.1284790039062,284.82000732421875,101.6999969482422,114.44300079345705,276.4666442871094,148.2911376953125,383.989990234375,205.4003753662109,140.49169921875,21.0,103241.4609375,2206.5146484375,163.96078491210938
2025-05-09,197.3163604736328,433.6394958496094,116.3565673828125,152.03359985351562,193.05999755859372,589.6351318359375,298.260009765625,102.83999633789062,114.02200317382812,272.1972351074219,148.33059692382812,383.2799987792969,205.82546997070312,140.56915283203125,21.420000076293945,102970.8515625,2345.50732421875,172.82827758789062
2025-05-12,209.7761383056641,444.0472412109375,122.69058990478516,157.71681213378906,208.63999938964844,636.348876953125,318.3800048828125,108.12000274658205,111.0,285.4403991699219,155.11865234375,395.9400024414063,219.0528717041016,147.28872680664062,22.18000030517578,102812.953125,2496.397705078125,174.24789428710938
2025-05-13,211.9058380126953,443.9287414550781,129.6031494140625,158.7817840576172,211.3699951171875,652.8689575195312,334.07000732421875,112.45999908447266,113.84400177001952,285.78631591796875,160.10113525390625,397.3999938964844,229.7692108154297,146.53350830078125,22.559999465942383,104169.8125,2680.129638671875,184.0062561035156
2025-05-14,211.3087158203125,447.6846008300781,134.99954223632812,164.5944061279297,210.25,656.1828002929688,347.67999267578125,117.72000122070312,115.0989990234375,287.3379211425781,160.7720489501953,399.4700012207031,229.4726409912109,148.12142944335938,21.520000457763672,103539.4140625,2610.063232421875,176.709228515625
2025-05-15,210.43296813964844,448.694580078125,134.49082946777344,163.19100952148438,205.1699981689453,640.7774047851562,342.82000732421875,114.98999786376952,117.7979965209961,287.35772705078125,157.26950073242188,404.6900024414063,229.9867248535156,147.76318359375,21.549999237060547,103744.640625,2546.85693359375,169.00999450683594
2025-05-16,210.24388122558597,449.8234252929688,135.0594024658203,165.41053771972656,205.58999633789065,637.2545776367188,349.9800109863281,117.16999816894533,119.15299987792967,287.7431640625,158.34494018554688,417.1300048828125,226.00267028808597,147.6566619873047,21.65999984741211,103489.2890625,2536.297607421875,167.33395385742188
2025-05-19,207.7758026123047,454.37841796875,135.22897338867188,165.75888061523438,206.16000366210935,637.3441162109375,342.0899963378906,114.73999786376952,119.16400146484376,284.26434326171875,157.5063018798828,420.6799926757813,227.9996337890625,148.81857299804688,21.3799991607666,105606.1796875,2529.166748046875,166.86422729492188
2025-05-20,205.86505126953125,453.685302734375,134.04193115234375,163.21090698242188,204.07000732421875,634.0300903320312,343.82000732421875,113.51000213623048,119.2020034790039,284.6893005371094,158.16734313964844,417.6099853515625,229.0376739501953,148.9347686767578,21.270000457763672,106791.0859375,2524.173095703125,168.4836883544922
2025-05-21,201.1179656982422,448.14007568359375,131.46844482421875,167.76943969726562,201.1199951171875,632.4378051757812,334.6199951171875,112.05999755859376,119.46299743652344,278.9768981933594,155.0791473388672,414.0299987792969,227.1099090576172,146.50448608398438,20.690000534057617,109678.078125,2552.34716796875,173.68173217773438
2025-05-22,200.3914794921875,450.40765380859375,132.495849609375,170.068603515625,203.1000061035156,633.5026245117188,341.0400085449219,110.70999908447266,118.7969970703125,280.1036071777344,155.20742797851562,414.3299865722656,227.9007873535156,142.6896209716797,20.549999237060547,111673.28125,2664.156982421875,179.69094848632812
2025-05-23,194.33079528808597,445.77349853515625,130.959716796875,167.6798553466797,200.9900054931641,624.0384521484375,339.3399963378906,110.30999755859376,118.53900146484376,269.9339904785156,153.88536071777344,407.6900024414063,226.11143493652344,140.7628173828125,20.049999237060547,107287.796875,2526.44189453125,173.82542419433594
2025-05-27,199.2470245361328,456.18060302734375,135.1591339111328,172.08908081054688,206.0200042724609,639.2249755859375,362.8900146484375,114.55999755859376,121.15699768066406,273.9465026855469,159.7459716796875,413.1000061035156,232.9623870849609,143.9095916748047,20.549999237060547,108994.640625,2663.06982421875,176.815185546875
2025-05-28,199.45602416992188,452.8831787109375,134.4708709716797,171.55162048339844,204.72000122070312,640.4789428710938,356.8999938964844,112.86000061035156,120.8550033569336,272.800048828125,161.6600341796875,412.2300109863281,236.6992645263672,142.9123077392578,20.3700008392334,107802.328125,2682.212890625,172.18955993652344
2025-05-29,198.9882659912109,454.1902770996094,138.83985900878906,171.05393981933594,205.6999969482422,641.9418334960938,358.42999267578125,113.02999877929688,118.48600006103516,263.79669189453125,160.72271728515625,413.3599853515625,239.21031188964844,143.6287841796875,20.25,105641.7578125,2632.65478515625,166.5881805419922
2025-05-30,199.8839569091797,455.8537902832031,134.7900848388672,170.9345245361328,205.00999450683597,644.3700561523438,346.4599914550781,110.7300033569336,120.7229995727539,262.26483154296875,163.3175811767578,415.0899963378906,239.30918884277344,140.58853149414062,19.549999237060547,103998.5703125,2529.943603515625,156.23471069335938
2025-06-02,200.7298583984375,457.4480895996094,137.03439331054688,168.2372283935547,206.6499938964844,667.667236328125,342.69000244140625,114.62999725341795,121.89800262451172,258.55865478515625,164.34368896484375,403.3999938964844,245.8734436035156,141.97311401367188,19.739999771118164,105881.53125,2607.097412109375,156.99806213378906
2025-06-03,202.29229736328125,458.4382934570313,140.86474609375,165.40060424804688,205.7100067138672,663.6367797851562,344.2699890136719,117.30999755859376,121.79399871826172,261.3753662109375,166.87933349609375,412.489990234375,253.9206085205078,144.20974731445312,20.290000915527344,105432.46875,2593.2802734375,155.34317016601562
2025-06-04,201.84446716308597,459.3294677734375,141.56298828125,167.2618408203125,207.22999572753903,684.6351318359375,332.04998779296875,118.58000183105467,123.96600341796876,260.090576171875,165.85324096679688,413.9100036621094,258.10235595703125,144.3162384033203,20.25,104731.984375,2608.64306640625,153.35964965820312
2025-06-05,199.6650238037109,463.1021728515625,139.63784790039062,167.4210662841797,207.91000366210935,681.3211059570312,284.70001220703125,115.69000244140624,125.052001953125,264.0140991210937,168.8525848388672,415.2000122070313,256.9654846191406,143.7318115234375,19.989999771118164,101575.953125,2416.28564453125,144.54295349121094
2025-06-06,202.9391632080078,465.7757568359375,141.36349487304688,172.86541748046875,213.57000732421875,694.3480834960938,295.1400146484375,116.19000244140624,124.14700317382812,271.2978820800781,171.694091796875,416.9200134277344,244.1137237548828,145.3682403564453,20.059999465942383,104390.34375,2477.19482421875,147.9131317138672
2025-06-09,200.48106384277344,468.12255859375,142.27120971679688,175.47628784179688,216.97999572753903,690.7156372070312,308.5799865722656,121.7300033569336,122.4459991455078,269.0643005371094,174.78225708007812,416.260009765625,241.49398803710935,151.37815856933594,20.479999542236328,110294.1015625,2681.51708984375,161.08865356445312
2025-06-10,201.69517517089844,466.3104553222656,143.5978546142578,177.97755432128906,217.6100006103516,699.0154418945312,326.0899963378906,123.23999786376952,120.36199951171876,265.0814819335937,175.10784912109375,416.05999755859375,241.8399658203125,155.00164794921875,22.07999992370605,110257.234375,2813.517578125,165.02816772460938
2025-06-11,197.8238983154297,467.9938049316406,142.48060607910156,176.73190307617188,213.1999969482422,690.7952270507812,326.42999267578125,121.13999938964844,121.98799896240234,262.7984924316406,174.02256774902344,412.8399963378906,250.0255584716797,155.34255981445312,20.68000030517578,108686.625,2773.529296875,161.0558624267578
2025-06-12,198.2418670654297,474.1826171875,144.64527893066406,175.087646484375,213.2400054931641,690.01904296875,319.1099853515625,118.5,121.50299835205078,263.78680419921875,197.1887359619141,413.6799926757813,253.1494903564453,154.58279418945312,20.770000457763672,105929.0546875,2651.795166015625,152.7896728515625
2025-06-13,195.50509643554688,470.3109436035156,141.62269592285156,174.06124877929688,212.1000061035156,679.57958984375,325.3099975585937,116.16000366210938,121.21499633789062,255.37632751464844,212.34344482421875,391.6799926757813,245.86355590820312,150.70606994628906,20.13999938964844,106090.96875,2579.486083984375,148.62835693359375
2025-06-16,197.46563720703125,474.4500122070313,144.33604431152344,176.15394592285156,216.1000061035156,699.2744140625,329.1300048828125,126.38999938964844,122.53500366210938,260.7922058105469,208.27850341796875,401.7300109863281,249.22479248046875,152.80027770996094,20.739999771118164,106796.7578125,2540.60498046875,150.8699951171875
2025-06-17,194.6989898681641,473.36077880859375,143.7674102783203,175.3367919921875,214.82000732421875,694.4041748046875,316.3500061035156,127.0999984741211,122.06700134277344,259.6853332519531,205.39752197265625,382.6799926757813,246.5259246826172,150.4528045654297,20.799999237060547,104601.1171875,2510.761474609375,147.7498016357422
2025-06-18,195.6344757080078,475.5392456054688,145.12411499023438,172.71595764160156,212.5200042724609,692.9502563476562,322.04998779296875,126.79000091552734,122.22899627685548,256.87017822265625,208.0515899658203,378.0400085449219,248.3943634033203,149.6443328857422,21.489999771118164,104883.328125,2524.301513671875,146.35311889648438
2025-06-20,200.03321838378903,472.72705078125,143.4980926513672,166.05921936035156,209.69000244140625,679.5845336914062,322.1600036621094,128.24000549316406,123.14099884033205,257.9887084960937,202.42776489257807,376.9200134277344,247.72055053710935,147.39427185058594,21.07999992370605,103309.6015625,2407.30419921875,140.16859436035156
2025-06-23,200.5308380126953,481.2428283691406,143.8173065185547,164.61427307128906,208.47000122070312,695.6990356445312,348.67999267578125,129.5800018310547,125.35399627685548,260.74053955078125,204.27276611328125,380.1199951171875,251.4662322998047,149.1670379638672,21.190000534057617,105577.7734375,2421.824951171875,144.8467254638672
2025-06-24,199.3365936279297,485.3126220703125,147.53817749023438,166.1887969970703,212.7700042724609,709.3135986328125,340.4700012207031,138.42999267578125,127.91100311279295,268.4219055175781,212.3927764892578,382.3399963378906,261.3754272460937,151.67037963867188,22.549999237060547,106045.6328125,2448.0087890625,145.95452880859375
2025-06-25,200.5905303955078,487.4515075683594,153.93251037597656,170.08514404296875,211.9900054931641,705.807861328125,327.54998779296875,143.39999389648438,127.5250015258789,265.0464782714844,207.90359497070312,387.5499877929688,262.2474670410156,151.88465881347656,22.200000762939453,107361.2578125,2419.310302734375,143.505126953125
2025-06-26,200.03321838378903,492.5807800292969,154.64077758789062,172.9351806640625,217.1199951171875,723.1473388671875,325.7799987792969,143.67999267578125,130.66700744628906,267.9962463378906,209.9755096435547,384.9500122070313,267.7173767089844,154.08602905273438,22.5,106960.0,2416.146728515625,139.0598602294922
2025-06-27,200.11282348632807,491.0855712890625,157.36407470703125,177.9077911376953,223.3000030517578,730.6567993164062,323.6300048828125,143.80999755859375,132.31199645996094,270.649169921875,207.4300079345703,385.8299865722656,266.90478515625,154.4269561767578,22.690000534057617,107088.4296875,2423.866943359375,142.1914825439453
2025-06-30,204.18316650390625,492.5411682128906,157.60350036621094,175.61581420898438,219.38999938964844,735.0986938476562,317.6600036621094,141.89999389648438,133.91299438476562,269.9264831542969,215.70787048339844,386.8800048828125,273.1475830078125,155.12826538085938,22.399999618530277,107135.3359375,2486.46435546875,154.7353057861328
2025-07-01,206.8204345703125,487.2336120605469,152.92498779296875,175.22715759277344,220.4600067138672,716.30517578125,300.7099914550781,136.11000061035156,129.36000061035156,269.1544189453125,216.033447265625,392.1000061035156,262.3366394042969,155.2646484375,22.850000381469727,105698.28125,2405.792724609375,146.9266357421875
2025-07-02,211.41819763183597,486.2830505371094,156.86532592773438,178.0174102783203,219.9199981689453,710.677978515625,315.6499938964844,138.52000427246094,128.48599243164062,266.48175048828125,226.9061279296875,378.4700012207031,267.4497985839844,158.10890197753906,21.8799991607666,108859.3203125,2571.33544921875,152.22763061523438
2025-07-03,212.5228729248047,493.9571838378906,158.9501953125,178.90431213378906,223.41000366210935,716.0960083007812,315.3500061035156,137.91000366210938,129.71800231933594,269.3919677734375,234.1480712890625,379.30999755859375,272.68182373046875,158.00173950195312,22.489999771118164,109647.9765625,2591.00732421875,152.40179443359375
2025-07-07,208.94015502929688,492.84814453125,157.85287475585938,176.17385864257812,223.47000122070312,715.4386596679688,293.94000244140625,134.8000030517578,128.96200561523438,267.0657958984375,229.1556701660156,376.9299926757813,271.69091796875,153.98861694335938,22.0,108299.8515625,2543.01318359375,148.87234497070312
2025-07-08,208.99989318847656,491.7588806152344,159.6085968017578,173.75233459472656,219.3600006103516,717.749267578125,297.8099975585937,137.82000732421875,127.53099822998048,270.8767395019531,231.36575317382807,382.239990234375,269.33251953125,155.31333923339844,23.59000015258789,108950.2734375,2615.505859375,151.81039428710938
2025-07-09,210.12445068359372,498.5815124511719,162.48153686523438,176.0044403076172,222.5399932861328,729.8101806640625,295.8800048828125,138.41000366210938,128.8280029296875,268.1744689941406,232.65823364257807,373.3800048828125,275.3771667480469,155.2159423828125,23.440000534057617,111326.5546875,2770.777587890625,157.28150939941406
2025-07-10,211.38833618164065,496.5713195800781,163.69857788085938,177.00094604492188,222.25999450683597,724.2926025390625,309.8699951171875,144.16000366210938,125.05899810791016,261.2948608398437,232.3517303466797,371.4299926757813,272.8998413085937,154.9626922607422,23.81999969482422,115987.203125,2954.84521484375,164.06277465820312
2025-07-11,210.14434814453125,498.3933410644531,164.5165557861328,179.56201171875,225.0200042724609,714.6021728515625,313.510009765625,146.4199981689453,124.51100158691406,255.4546813964844,227.96176147460935,363.3500061035156,271.8891296386719,153.37496948242188,23.43000030517578,117516.9921875,2957.88623046875,162.8833770751953
2025-07-14,207.61654663085935,498.0962524414063,163.66864013671875,180.9272308349609,225.69000244140625,717.9982299804688,316.8999938964844,146.24000549316406,126.19499969482422,257.04833984375,226.6961975097656,366.989990234375,273.0980529785156,150.2871856689453,23.299999237060547,119849.703125,3013.350830078125,162.2752227783203
2025-07-15,208.10421752929688,500.8688354492188,170.28240966796875,181.36569213867188,226.3500061035156,707.5109252929688,310.7799987792969,155.61000061035156,126.0270004272461,254.9696044921875,232.31219482421875,364.1799926757813,278.3895568847656,150.2969512939453,22.920000076293945,117777.1875,3139.8896484375,163.950439453125
2025-07-16,209.1491851806641,500.6708068847656,170.95077514648438,182.33230590820312,223.19000244140625,700.0611572265625,321.6700134277344,160.0800018310547,125.03099822998048,255.33590698242188,238.58074951171875,361.7699890136719,278.2607421875,150.0729217529297,22.690000534057617,118738.5078125,3371.5068359375,173.70848083496094
2025-07-17,209.0098419189453,506.6913146972656,172.57679748535156,182.9402008056641,223.8800048828125,698.5672607421875,319.4100036621094,160.41000366210938,127.41699981689452,257.246337890625,245.94677734375,366.4500122070313,283.8495483398437,148.6508026123047,22.799999237060547,119289.84375,3476.784423828125,175.7930450439453
2025-07-18,210.16424560546875,505.0574340820313,171.9882354736328,184.4150238037109,226.1300048828125,701.4257202148438,329.6499938964844,156.99000549316406,120.92400360107422,259.72100830078125,242.68397521972656,365.7900085449219,280.7677917480469,150.7839813232422,23.100000381469727,118003.2265625,3549.016357421875,177.38197326660156
2025-07-21,211.4579925537109,505.06732177734375,170.9607696533203,189.43746948242188,229.3000030517578,710.0803833007812,328.489990234375,157.0,123.3270034790039,259.6219787597656,240.7955017089844,367.6799926757813,285.59356689453125,154.84579467773438,23.26000022888184,117439.5390625,3763.371337890625,195.9942626953125
2025-07-22,213.3687896728516,500.32421875,166.6213836669922,190.67315673828125,227.47000122070312,701.9534912109375,332.1099853515625,154.72000122070312,119.00800323486328,260.9187316894531,235.4266815185547,372.8699951171875,276.0609130859375,153.89122009277344,23.239999771118164,119995.4140625,3749.1455078125,205.70054626464844
2025-07-23,213.11997985839844,500.9183654785156,170.36221313476562,189.5670166015625,228.2899932861328,710.68798828125,332.5599975585937,158.64999389648438,117.6780014038086,264.5119323730469,239.17398071289065,372.4599914550781,281.1145935058594,155.732177734375,23.489999771118164,118754.9609375,3629.70361328125,189.54293823242188
2025-07-24,212.7318420410156,505.8793640136719,173.3149871826172,191.5002593994141,232.22999572753903,711.9031372070312,305.29998779296875,162.1199951171875,118.07599639892578,264.98712158203125,240.093505859375,371.6900024414063,286.0890197753906,154.7191619873047,22.6299991607666,118368.0,3708.005615234375,182.60606384277344
2025-07-25,212.8512725830078,508.68170166015625,173.0755615234375,192.50672912597656,231.44000244140625,709.7916259765625,316.0599975585937,166.47000122070312,118.04900360107422,266.3827514648437,242.357666015625,370.739990234375,287.5456848144531,154.29058837890625,20.700000762939453,117635.8828125,3727.266845703125,186.7796630859375
2025-07-28,213.0204620361328,507.48345947265625,176.31761169433594,191.9088287353516,232.7899932861328,714.7216186523438,325.5899963378906,173.66000366210938,117.45999908447266,267.51123046875,244.9185028076172,369.4700012207031,291.62823486328125,156.87184143066406,20.68000030517578,117924.4765625,3787.42578125,182.54156494140625
2025-07-29,210.2538299560547,507.5527648925781,175.08062744140625,195.06776428222656,231.00999450683597,697.1630249023438,321.20001220703125,177.44000244140625,116.8740005493164,264.6802673339844,247.16290283203125,370.7000122070313,294.719970703125,157.8751220703125,20.40999984741211,117922.1484375,3793.454833984375,181.33531188964844
2025-07-30,208.0445098876953,508.2162170410156,178.8314666748047,195.84507751464844,230.19000244140625,692.3923950195312,319.0400085449219,179.50999450683594,118.41999816894533,262.1263427734375,247.7759552001953,364.0,299.8727722167969,154.93345642089844,20.34000015258789,117831.1875,3808.20166015625,177.6940155029297
2025-07-31,206.57164001464844,528.2778930664062,177.43487548828125,191.23118591308597,234.1100006103516,770.3053588867188,308.2699890136719,176.30999755859375,115.94000244140624,255.7120056152344,250.91021728515625,357.69000244140625,291.0337219238281,142.95257568359375,19.799999237060547,115758.203125,3696.707763671875,172.42434692382812
2025-08-01,201.40660095214844,518.9798583984375,173.29502868652344,188.4708709716797,214.75,746.9703979492188,302.6300048828125,171.6999969482422,115.86000061035156,248.19895935058597,241.6655731201172,347.79998779296875,286.0196533203125,144.345458984375,19.309999465942383,113320.0859375,3488.365966796875,162.87709045410156
2025-08-04,202.37191772460935,530.3969116210938,179.55966186523438,194.3602294921875,211.6499938964844,773.2235717773438,309.260009765625,176.77999877929688,117.0989990234375,249.7629547119141,249.68418884277344,338.8500061035156,295.0172119140625,143.68312072753906,19.5,115071.8828125,3718.986083984375,169.42568969726562
2025-08-05,201.9439849853516,522.584228515625,177.82391357421875,193.9915313720703,213.75,760.3658447265625,308.7200012207031,174.30999755859375,114.78700256347656,244.9818878173828,252.78878784179688,338.739990234375,290.27069091796875,142.9038543701172,20.190000534057617,114141.4453125,3611.8994140625,164.096435546875
2025-08-06,212.2243194580078,519.8016967773438,178.98106384277344,195.4065704345703,222.30999755859372,768.861328125,319.9100036621094,163.1199951171875,117.8479995727539,246.64486694335935,253.54022216796875,345.6199951171875,298.931396484375,142.05642700195312,20.40999984741211,115028.0,3683.920654296875,168.1757354736328
2025-08-07,218.9716796875,515.7418212890625,180.3277740478516,195.8350830078125,223.1300048828125,758.7424926757812,322.2699890136719,172.39999389648438,118.03700256347656,238.4388885498047,246.57955932617188,338.2699890136719,301.0024108886719,142.11485290527344,19.770000457763672,117496.8984375,3914.325927734375,175.4854278564453
2025-08-08,228.2468719482422,516.9300537109375,182.2530517578125,200.718017578125,222.69000244140625,766.1822509765625,329.6499938964844,172.75999450683594,121.16400146484376,238.07261657714844,247.2321319580078,341.04998779296875,302.201416015625,143.7318115234375,19.950000762939453,116688.7265625,4009.848876953125,176.76329040527344
2025-08-11,226.3438873291016,516.6627807617188,181.6146240234375,200.2994842529297,221.3000030517578,762.76611328125,339.0299987792969,172.27999877929688,121.83100128173828,230.32196044921875,249.8325042724609,333.6499938964844,301.1411437988281,144.1311798095703,20.649999618530277,118731.4453125,4226.966796875,174.97781372070312
2025-08-12,228.80479431152344,524.0595703125,182.71192932128903,202.6313323974609,221.47000122070312,786.7982177734375,340.8399963378906,174.9499969482422,122.52799987792967,229.31231689453125,250.9991912841797,338.42999267578125,309.9900817871094,149.7417449951172,21.809999465942383,120172.90625,4590.9248046875,191.85682678222656
2025-08-13,232.47125244140625,515.484375,181.1457672119141,201.25616455078125,224.55999755859372,776.9185180664062,339.3800048828125,184.4199981689453,120.44400024414062,234.6278839111328,241.4282684326172,351.07000732421875,306.2840270996094,152.5275421142578,22.21999931335449,123344.0625,4756.27587890625,201.5904235839844
2025-08-14,231.92327880859372,517.3657836914062,181.57472229003903,202.2327117919922,230.97999572753903,778.9601440429688,335.5799865722656,180.9499969482422,123.05599975585938,231.0049743652344,242.19949340820312,348.5799865722656,308.4046325683594,153.98861694335938,23.86000061035156,118359.578125,4548.16650390625,192.58595275878903
2025-08-15,230.73764038085935,515.0784301757812,180.00856018066406,203.1893615722656,231.02999877929688,782.047607421875,330.5599975585937,177.50999450683594,123.8949966430664,239.9830780029297,245.4820709228516,354.8500061035156,303.5589904785156,153.75486755371094,24.559999465942383,117398.3515625,4439.98876953125,185.7412567138672
2025-08-18,230.0402374267578,512.0383911132812,181.5647430419922,202.7907867431641,231.4900054931641,764.2599487304688,335.1600036621094,176.13999938964844,124.50900268554688,241.49755859375,246.26319885253903,357.239990234375,302.9842529296875,154.77760314941406,23.65999984741211,116252.3125,4312.5048828125,183.0698699951172
2025-08-19,229.71144104003903,504.7801818847656,175.2103271484375,200.8675079345703,228.00999450683597,748.434326171875,329.3099975585937,166.5500030517578,121.41500091552734,243.5069732666016,231.97601318359372,361.0299987792969,292.2327575683594,152.19635009765625,25.309999465942383,112831.1796875,4073.464111328125,176.11227416992188
2025-08-20,225.1781768798828,500.7698364257813,174.97091674804688,198.6253204345703,223.80999755859372,744.6896362304688,323.8999938964844,165.1999969482422,121.38600158691406,243.95242309570312,232.4110565185547,353.42999267578125,288.52667236328125,151.40737915039062,23.540000915527344,114274.7421875,4334.50048828125,187.5863037109375
2025-08-21,224.07228088378903,500.1251220703125,174.5519256591797,199.05381774902344,221.9499969482422,736.1045532226562,320.1099853515625,163.7100067138672,120.62100219726562,243.33872985839844,230.532470703125,353.42999267578125,286.970947265625,150.13136291503906,23.5,112419.03125,4223.2099609375,180.28062438964844
2025-08-22,226.92173767089844,503.09075927734375,177.5545654296875,205.3717193603516,228.83999633789065,751.73095703125,340.010009765625,167.75999450683594,120.46499633789062,245.7737579345703,233.70628356933597,362.0899963378906,291.3310241699219,153.9106903076172,24.799999237060547,116874.0859375,4831.3486328125,200.6474456787109
2025-08-25,226.32395935058597,500.1449890136719,179.37013244628906,207.7633819580078,227.94000244140625,750.2470092773438,346.6000061035156,163.36000061035156,121.80699920654295,245.3580474853516,232.7571258544922,363.2099914550781,291.5589599609375,152.36192321777344,24.549999237060547,110124.3515625,4372.98779296875,187.2784423828125
2025-08-26,228.46604919433597,497.9430541992188,181.3253326416016,206.4180603027344,228.7100067138672,751.0438232421875,351.6700134277344,166.6199951171875,122.60900115966795,241.2698974609375,231.57064819335935,354.9100036621094,295.3045959472656,155.04061889648438,24.350000381469727,111802.65625,4600.4267578125,195.90509033203125
2025-08-27,229.64170837402344,502.6047058105469,181.1557464599609,206.7568817138672,229.1199951171875,744.3510131835938,349.6000061035156,167.1300048828125,122.3499984741211,247.6248321533203,233.1526031494141,356.3500061035156,297.5242614746094,155.6250457763672,24.850000381469727,111222.0625,4503.39306640625,202.92337036132807
2025-08-28,231.7040863037109,505.4810485839844,179.72923278808594,210.90240478515625,231.6000061035156,748.0658569335938,345.9800109863281,168.5800018310547,123.1449966430664,251.95053100585935,237.61178588867188,353.9599914550781,305.8480224609375,156.62832641601562,24.93000030517578,112544.8046875,4507.177734375,214.4056396484375
2025-08-29,231.2856292724609,502.5551452636719,173.75387573242188,212.16796875,229.0,735.7062377929688,333.8699951171875,162.6300048828125,120.8249969482422,253.65313720703125,223.58169555664065,356.70001220703125,294.69024658203125,156.56015014648438,24.350000381469727,108410.8359375,4360.15283203125,205.22000122070312
2025-09-02,228.8745574951172,500.9979248046875,170.36221313476562,210.6134033203125,225.33999633789065,732.1307373046875,329.3599853515625,162.32000732421875,121.41100311279295,250.29747009277344,222.7610321044922,345.6300048828125,295.5325012207031,154.6607208251953,24.209999084472656,111200.5859375,4325.36572265625,209.4815368652344
2025-09-03,237.59234619140625,501.2260437011719,170.20262145996094,229.8561248779297,225.9900054931641,734.0629272460938,334.0899963378906,162.1300048828125,122.61799621582033,253.8511199951172,220.931884765625,348.5,299.64483642578125,153.19964599609375,24.0,111723.2109375,4450.38916015625,210.74630737304688
2025-09-04,238.8975067138672,503.82470703125,171.24008178710938,231.4904022216797,235.67999267578125,745.6159057617188,338.5299987792969,161.7899932861328,125.7480010986328,241.5371551513672,220.48696899414065,344.3099975585937,303.3211364746094,156.45191955566406,24.61000061035156,110723.6015625,4298.744140625,202.5601806640625
2025-09-05,238.80784606933597,490.9605712890625,166.6114044189453,234.1809844970703,232.3300018310547,749.4005126953125,350.8399963378906,151.13999938964844,124.38200378417967,248.21875,230.17654418945312,348.9700012207031,331.84979248046875,156.57925415039062,24.489999771118164,110650.984375,4306.98876953125,203.4985198974609
2025-09-08,237.00450134277344,494.1344299316406,167.8982696533203,233.4329071044922,235.83999633789065,749.2510375976562,346.3999938964844,151.41000366210938,124.47599792480467,249.7134552001953,235.7925262451172,358.6600036621094,342.5121154785156,156.97109985351562,24.479999542236328,112071.4296875,4308.072265625,214.1864013671875
2025-09-09,233.4875030517578,494.34271240234375,170.34225463867188,239.0084228515625,238.2400054931641,762.5968017578125,346.9700012207031,155.82000732421875,126.3249969482422,249.5055694580078,238.78836059570312,354.0599975585937,333.6136474609375,155.42332458496094,24.440000534057617,111530.546875,4309.04150390625,217.2506866455078
2025-09-10,225.955322265625,496.2867126464844,176.89620971679688,238.54962158203125,230.3300018310547,748.932373046875,347.7900085449219,159.5399932861328,124.77100372314452,240.11175537109372,324.62994384765625,350.1600036621094,366.2149658203125,155.70741271972656,24.770000457763672,113955.359375,4349.14599609375,223.9869079589844
2025-09-11,229.1833953857422,496.9215087890625,176.7465362548828,239.7465057373047,229.9499969482422,747.8567504882812,368.80999755859375,155.6699981689453,120.3499984741211,243.7841644287109,304.3906555175781,350.54998779296875,356.365234375,158.21519470214844,24.61000061035156,115507.5390625,4461.2333984375,228.7561798095703
2025-09-12,233.2085418701172,505.7389221191406,177.39500427246094,240.1753845214844,228.1499938964844,752.5277099609375,395.9400024414063,158.57000732421875,118.84400177001952,240.29981994628903,288.8873596191406,349.3599853515625,356.60302734375,158.52867126464844,24.07999992370605,116101.578125,4715.24609375,242.30328369140625
2025-09-15,235.82884216308597,511.1544189453125,177.3251495361328,250.9573516845703,231.42999267578125,761.600830078125,410.0400085449219,161.16000366210938,120.22599792480467,240.0622711181641,298.7351379394531,347.1000061035156,360.7847290039063,157.9311065673828,24.770000457763672,115444.875,4526.8203125,234.3575592041016
2025-09-16,237.2735137939453,504.8859558105469,174.46202087402344,250.5084991455078,234.0500030517578,775.8428344726562,421.6199951171875,160.4600067138672,120.0510025024414,236.88478088378903,303.1943054199219,352.7300109863281,356.7318115234375,160.79153442382812,25.270000457763672,116843.1875,4503.564453125,236.9895782470703
2025-09-17,238.1104278564453,505.8579406738281,169.8829803466797,248.8827362060547,231.6199951171875,772.576171875,425.8599853515625,159.16000366210938,122.8499984741211,240.17288208007807,298.0133361816406,362.0700073242188,343.0274353027344,161.888671875,24.899999618530277,116468.5078125,4592.7333984375,244.85745239257807
2025-09-18,237.00450134277344,504.3008117675781,175.81878662109375,251.37625122070312,231.22999572753903,777.0877685546875,416.8500061035156,157.9199981689453,120.77799987792967,242.22547912597656,293.2773132324219,367.4599914550781,342.21484375,164.70016479492188,30.56999969482422,117137.203125,4589.9189453125,247.6371307373047
2025-09-19,244.5964508056641,513.703369140625,176.2477264404297,254.0592803955078,231.47999572753903,775.2252807617188,426.0700073242188,157.38999938964844,122.6969985961914,245.01182556152344,305.181640625,365.8999938964844,341.8085632324219,163.44627380371094,29.57999992370605,115688.859375,4470.9169921875,238.55270385742188
2025-09-22,255.1374969482422,510.25189208984375,183.17117309570312,251.87496948242188,227.6300048828125,762.5732421875,434.2099914550781,159.7899932861328,122.73699951171876,247.5899658203125,324.4519958496094,364.0799865722656,336.28961181640625,166.25770568847656,28.76000022888184,112748.5078125,4202.87744140625,220.49644470214844
2025-09-23,253.4936065673828,505.0744323730469,178.0035400390625,251.00721740722656,220.7100067138672,752.8462524414062,425.8500061035156,160.89999389648438,121.84700012207033,242.5031280517578,310.2933959960937,361.7799987792969,336.4384765625,166.0715789794922,29.34000015258789,112014.5,4165.50390625,213.71730041503903
2025-09-24,251.3813934326172,505.9869079589844,176.54701232910156,246.4989318847656,220.2100067138672,758.0885009765625,442.7900085449219,160.8800048828125,120.3949966430664,243.8219451904297,304.9839172363281,353.2699890136719,336.8057556152344,170.0095672607422,31.21999931335449,113328.6328125,4153.46923828125,211.7562561035156
2025-09-25,255.92459106445312,502.8923950195313,177.2653045654297,245.1524353027344,218.1499938964844,746.3782348632812,423.3900146484375,161.27000427246094,120.8239974975586,238.9234771728516,288.0469055175781,354.1600036621094,333.6194763183594,166.21852111816406,33.9900016784668,109049.2890625,3868.333984375,192.3807678222656
2025-09-26,254.51980590820312,507.28619384765625,177.7641143798828,245.90049743652344,219.77999877929688,741.2357177734375,440.3999938964844,159.4600067138672,121.06099700927734,241.38262939453125,280.265625,360.3699951171875,332.06103515625,165.74830627441406,35.5,109712.828125,4035.887939453125,205.35255432128903
2025-09-29,253.4936065673828,510.4005737304688,181.4153594970703,243.4169464111328,222.1699981689453,740.8868408203125,443.2099914550781,161.36000061035156,120.64099884033205,243.03858947753903,279.57354736328125,359.4200134277344,325.4799499511719,161.92787170410156,34.47999954223633,114400.3828125,4217.341796875,213.05340576171875
2025-09-30,253.69287109375,513.7232666015625,186.1340484619141,242.46942138671875,219.57000732421875,731.8973999023438,444.7200012207031,161.7899932861328,119.89199829101562,235.0067138671875,278.07061767578125,352.75,327.47509765625,162.9662628173828,33.54999923706055,114056.0859375,4145.95751953125,208.7431182861328
2025-10-01,254.5098419189453,515.4689331054688,186.79249572753903,244.26475524902344,220.6300048828125,714.9149780273438,459.4599914550781,164.00999450683594,117.08999633789062,233.70773315429688,285.7530517578125,343.7200012207031,330.929443359375,163.0936279296875,35.939998626708984,118648.9296875,4351.1123046875,221.6758728027344
2025-10-02,256.1836853027344,511.53125,188.43853759765625,245.0526885986328,222.41000366210935,724.5921630859375,436.0,169.72999572753906,116.25299835205078,236.8708953857422,285.5256652832031,351.4800109863281,335.68408203125,165.40545654296875,37.29999923706055,120681.2578125,4487.923828125,234.85687255859372
2025-10-03,257.0704040527344,513.1281127929688,187.1715545654297,244.71359252929688,219.50999450683597,708.1578369140625,429.8299865722656,164.6699981689453,115.33200073242188,238.3384552001953,282.9154357910156,346.739990234375,335.8726806640625,165.7287139892578,36.83000183105469,122266.53125,4514.87060546875,233.00196838378903
2025-10-06,255.7452850341797,524.256591796875,185.0965576171875,249.7803955078125,220.8999938964844,713.2406005859375,453.25,203.7100067138672,116.33100128173828,243.71286010742188,288.30401611328125,350.1400146484375,333.0139465332031,165.18014526367188,36.59000015258789,124752.53125,4687.771484375,232.5160369873047
2025-10-07,255.53607177734372,519.7039794921875,184.5977325439453,245.1225128173828,221.77999877929688,710.6693725585938,433.0899963378906,211.50999450683597,119.1060028076172,237.72366333007807,281.0368347167969,348.3099975585937,333.9271545410156,162.08462524414062,37.16999816894531,121451.3828125,4451.15185546875,220.4827117919922
2025-10-08,257.1102600097656,520.56689453125,188.6580047607422,243.9854736328125,225.22000122070312,715.4132690429688,438.6900024414063,235.55999755859372,121.4250030517578,238.4078521728516,285.3773803710937,348.7699890136719,342.9500427246094,164.34747314453125,37.43000030517578,123354.8671875,4527.64794921875,229.1012115478516
2025-10-09,253.1050262451172,518.136962890625,192.1097412109375,240.9034881591797,227.7400054931641,731.0302734375,435.5400085449219,232.88999938964844,123.10700225830078,243.2666473388672,294.1229858398437,347.4700012207031,342.4735717773437,162.28053283691406,37.79999923706055,121705.5859375,4369.1435546875,220.99107360839844
2025-10-10,244.3673095703125,506.7902526855469,182.7222442626953,235.9563751220703,216.3699951171875,702.9156494140625,413.489990234375,214.8999938964844,122.00800323486328,239.6473388671875,290.1612548828125,337.510009765625,322.23406982421875,150.45675659179688,36.369998931884766,113214.3671875,3843.0087890625,188.6638641357422
2025-10-13,246.7485198974609,509.8551025390625,187.8699188232422,243.5166778564453,220.07000732421875,713.280517578125,435.8999938964844,216.4199981689453,121.90299987792967,246.65789794921875,305.06744384765625,339.32000732421875,354.0674133300781,158.47967529296875,37.220001220703125,115271.078125,4245.4677734375,208.36729431152344
2025-10-14,246.8581085205078,509.3789978027344,179.59971618652344,244.8133087158203,216.38999938964844,706.2543334960938,429.239990234375,218.08999633789065,121.53500366210938,237.7534027099609,296.1435241699219,335.94000244140625,341.5901794433594,158.4405059814453,35.630001068115234,113118.6640625,4125.412109375,202.46034240722656
2025-10-15,248.42233276367188,509.2401428222656,179.4001922607422,250.37884521484372,215.57000732421875,715.1243286132812,435.1499938964844,238.6000061035156,120.3290023803711,234.5902404785156,300.7193908691406,330.6300048828125,348.7370300292969,159.64541625976562,37.150001525878906,110783.1640625,3987.45947265625,194.02186584472656
2025-10-16,246.53927612304688,507.4349670410156,181.3754425048828,250.8077392578125,214.47000122070312,709.662841796875,428.75,234.55999755859372,118.35900115966795,243.93099975585935,310.009765625,329.2300109863281,351.53619384765625,160.73275756835938,36.84000015258789,108186.0390625,3894.75439453125,184.6889495849609
2025-10-17,251.3614654541016,509.388916015625,182.78208923339844,252.6429748535156,213.0399932861328,714.496337890625,439.30999755859375,233.0800018310547,119.93599700927734,241.03558349609372,288.5269775390625,333.260009765625,346.75177001953125,160.1156005859375,37.0099983215332,106467.7890625,3832.558837890625,182.0347900390625
2025-10-20,261.2748413085937,512.5726928710938,182.20347595214844,255.88450622558597,216.47999572753903,729.6947631835938,447.4299926757813,240.55999755859372,123.8560028076172,252.1413726806641,274.5319519042969,343.3999938964844,346.6624755859375,163.63235473632812,38.09999847412109,110588.9296875,3980.76025390625,189.75067138671875
2025-10-21,261.80291748046875,513.4356079101562,180.72702026367188,249.81033325195312,222.02999877929688,730.7911376953125,442.6000061035156,238.02999877929688,124.13500213623048,261.194580078125,272.5213623046875,357.54998779296875,340.1310119628906,165.3858642578125,38.119998931884766,108476.890625,3876.76416015625,185.6662750244141
2025-10-22,257.4988098144531,516.2921142578125,179.84910583496094,251.0371551513672,217.9499969482422,730.9306030273438,438.9700012207031,230.22999572753903,111.63700103759766,254.48155212402344,270.05517578125,354.0899963378906,337.7884216308594,165.81687927246094,36.91999816894531,107688.5859375,3808.122314453125,180.14813232421875
2025-10-23,258.6246337890625,516.3118896484375,181.72462463378903,252.4235382080078,221.08999633789065,731.5186767578125,448.9800109863281,234.9900054931641,111.35900115966795,252.9049072265625,277.3943786621094,354.1199951171875,341.7489929199219,166.56138610839844,38.15999984741211,110069.7265625,3856.0263671875,191.3882751464844
2025-10-24,261.85272216796875,519.3370971679688,185.8148193359375,259.24578857421875,224.2100067138672,735.8638916015625,433.7200012207031,252.9199981689453,109.46900177001952,252.68675231933597,280.62322998046875,353.5199890136719,351.516357421875,165.49362182617188,38.27999877929688,111033.921875,3934.5673828125,193.5602264404297
2025-10-27,267.8206481933594,527.1824951171875,191.03233337402344,268.571533203125,226.97000122070312,748.28173828125,452.4200134277344,259.6700134277344,109.45600128173828,253.3213653564453,278.7116394042969,357.79998779296875,359.3778686523437,183.8513336181641,39.540000915527344,114119.328125,4120.1220703125,198.74171447753903
2025-10-28,268.00994873046875,537.6464233398438,200.5495147705078,266.7762145996094,229.25,748.899658203125,460.5499877929688,258.010009765625,110.25,252.12155151367188,278.1470947265625,359.9100036621094,370.2173156738281,177.33697509765625,41.52999877929688,112956.1640625,3982.262451171875,194.4427947998047
2025-10-29,268.7073974609375,537.130615234375,206.545166015625,273.8577880859375,230.3000030517578,749.12890625,461.510009765625,264.3299865722656,110.04100036621094,249.3450927734375,272.6699523925781,337.8599853515625,383.13128662109375,175.02513122558594,41.34000015258789,110055.3046875,3903.35302734375,194.41087341308597
2025-10-30,270.401123046875,521.469482421875,202.4050750732422,280.7498779296875,222.8600006103516,664.2169189453125,440.1000061035156,254.83999633789065,108.9000015258789,254.49143981933597,254.4358367919922,339.239990234375,373.69146728515625,173.64389038085938,40.15999984741211,108305.546875,3804.375244140625,184.6244201660156
2025-10-31,269.3749389648437,513.5844116210938,202.00604248046875,280.46063232421875,244.22000122070312,646.158203125,456.55999755859375,256.1199951171875,111.88600158691406,258.2198181152344,260.1011657714844,340.3099975585937,366.9019775390625,177.2096405029297,39.9900016784668,109556.1640625,3847.080322265625,187.20947265625
2025-11-03,268.0597839355469,512.810791015625,206.3855438232422,282.98406982421875,254.0,635.5542602539062,468.3699951171875,259.6499938964844,110.00900268554688,259.1420288085937,255.3866424560547,337.4700012207031,359.87420654296875,177.0333251953125,39.5,106547.5234375,3602.30810546875,166.0906982421875
2025-11-04,269.046142578125,510.1327819824219,198.2151031494141,276.8200988769531,249.32000732421875,625.1992797851562,444.260009765625,250.0500030517578,109.2959976196289,252.30003356933597,245.7991180419922,335.3500061035156,349.342529296875,169.31405639648438,37.02999877929688,101590.5234375,3292.574462890625,155.40318298339844
2025-11-05,269.14581298828125,503.0213317871094,194.74343872070312,283.572509765625,250.1999969482422,633.8001098632812,462.0700073242188,256.3299865722656,109.84600067138672,250.55484008789065,247.91868591308597,335.5299987792969,356.3305969238281,176.0537109375,38.380001068115234,103891.8359375,3425.171142578125,162.56607055664062
2025-11-06,268.7771301269531,493.04339599609375,187.6304931640625,284.0113830566406,243.0399932861328,616.8475952148438,445.9100036621094,237.6999969482422,109.7020034790039,237.25762939453125,241.47088623046875,327.3500061035156,352.9656066894531,169.66671752929688,37.2400016784668,101301.2890625,3312.2578125,155.06591796875
2025-11-07,267.48193359375,492.7657165527344,187.7002868652344,278.10675048828125,244.41000366210935,619.6082153320312,429.5199890136719,233.5399932861328,110.36599731445312,237.86248779296875,236.97422790527344,326.95001220703125,346.8510437011719,167.4038543701172,38.130001068115234,103372.40625,3435.301025390625,161.7081756591797
2025-11-10,268.6985778808594,501.8707275390625,198.5742645263672,289.3475036621094,248.3999938964844,629.624267578125,445.2300109863281,243.97999572753903,112.00700378417967,239.67710876464844,238.52926635742188,328.8500061035156,355.7449645996094,168.06997680664062,38.45000076293945,105996.59375,3568.4599609375,167.36700439453125
2025-11-11,274.5028076171875,504.5289001464844,192.6983337402344,290.5543518066406,249.1000061035156,624.9601440429688,439.6199951171875,237.5200042724609,113.6439971923828,242.44363403320312,233.8939514160156,333.2200012207031,349.3623962402344,170.43080139160156,37.880001068115234,102997.46875,3415.2822265625,154.56832885742188
2025-11-12,272.7276611328125,506.9688415527344,193.3367919921875,285.96630859375,244.1999969482422,606.9512329101562,430.6000061035156,258.8900146484375,115.75,243.9508514404297,224.8214569091797,337.04998779296875,352.59832763671875,173.06593322753906,37.88999938964844,101663.1875,3413.09423828125,153.2620391845703
2025-11-13,272.2090759277344,499.1828918457031,186.41339111328125,277.8474426269531,237.5800018310547,607.8282470703125,401.989990234375,247.9600067138672,115.4229965209961,238.4078521728516,215.49148559570312,333.6000061035156,337.4707946777344,170.94020080566406,35.90999984741211,99697.4921875,3232.757080078125,145.1084747314453
2025-11-14,271.6705322265625,506.0166320800781,189.7154693603516,275.6930236816406,234.69000244140625,607.3997192382812,404.3500061035156,246.80999755859372,111.21700286865234,241.61070251464844,220.72103881835935,331.1099853515625,339.9324951171875,170.43080139160156,35.52000045776367,94397.7890625,3103.78564453125,138.67660522460938
2025-11-17,266.7339782714844,503.34857177734375,186.15402221679688,284.2806701660156,232.8699951171875,599.974853515625,408.9200134277344,240.5200042724609,110.29000091552734,235.03643798828125,217.75958251953125,325.07000732421875,340.12109375,163.3483123779297,34.709999084472656,92093.875,3024.538818359375,130.8482666015625
2025-11-18,266.7139892578125,489.7604370117188,180.9265289306641,283.5426025390625,222.5500030517578,595.66943359375,401.25,230.2899932861328,114.08999633789062,231.5361328125,218.38357543945312,324.4700012207031,337.9869689941406,161.69276428222656,34.33000183105469,92948.875,3122.97900390625,140.71438598632812
2025-11-19,267.8309936523437,483.1448364257813,186.0742034912109,292.0505065917969,222.69000244140625,588.3243408203125,403.989990234375,223.5500030517578,110.0,225.96340942382807,223.3754119873047,318.1099853515625,351.8042297363281,162.72134399414062,35.11000061035156,91465.9921875,3023.07080078125,136.76695251464844
2025-11-20,265.5272521972656,475.4138793945313,180.208251953125,288.6991882324219,217.13999938964844,587.1583251953125,395.2300109863281,206.0200042724609,105.66999816894533,223.4745178222656,208.6772003173828,312.3999938964844,344.26031494140625,156.33436584472656,33.619998931884766,86631.8984375,2831.777587890625,133.51715087890625
2025-11-21,270.75299072265625,469.1436462402344,178.4524688720703,298.8827514648437,220.69000244140625,592.2410888671875,391.0899963378906,203.77999877929688,104.30999755859376,225.19989013671875,196.86114501953125,324.19000244140625,337.689208984375,159.9686737060547,34.5,85090.6875,2765.69921875,128.50050354003906
2025-11-24,275.1710205078125,471.0118103027344,182.1136932373047,317.75360107421875,226.27999877929688,610.9774780273438,417.7799987792969,215.0500030517578,106.97000122070312,224.912353515625,198.36663818359372,318.7300109863281,375.1704711914063,161.69276428222656,35.790000915527344,88270.5625,2952.71337890625,138.37135314941406
2025-11-25,276.2181396484375,473.9829711914063,177.39500427246094,322.6010131835937,229.6699981689453,634.0691528320312,419.3999938964844,206.1300048828125,104.4000015258789,232.1509246826172,195.14767456054688,319.54998779296875,382.1882934570313,159.9686737060547,35.83000183105469,87341.890625,2957.936279296875,138.89114379882812
2025-11-26,276.79656982421875,482.4393310546875,179.8291473388672,319.1200866699219,229.16000366210935,631.4679565429688,426.5799865722656,214.2400054931641,106.13999938964844,226.23114013671875,203.0019378662109,317.5199890136719,394.6357727050781,161.7711181640625,36.810001373291016,90518.3671875,3027.81201171875,143.01219177246094
2025-11-28,278.0930480957031,488.9082946777344,176.5769500732422,319.3494873046875,233.22000122070312,645.7595825195312,430.1700134277344,217.52999877929688,107.58000183105467,228.6010284423828,200.02069091796875,320.1300048828125,399.9859619140625,164.66094970703125,40.560001373291016,90919.265625,3032.304443359375,137.39019775390625
2025-12-01,282.3314819335937,483.6714782714844,179.48997497558594,314.0732421875,233.8800048828125,638.7034912109375,430.1400146484375,219.75999450683597,109.12999725341795,230.8717803955078,199.0203399658203,322.8500061035156,383.2305603027344,164.61196899414062,40.0099983215332,86321.5703125,2800.18896484375,126.70902252197266
2025-12-02,285.4131164550781,486.9109497070313,181.02630615234372,314.9908142089844,234.4199981689453,644.912353515625,429.239990234375,215.2400054931641,109.3499984741211,232.7359771728516,199.17881774902344,322.8099975585937,378.7538757324219,167.2177276611328,43.470001220703125,91350.203125,2997.939697265625,138.67420959472656
2025-12-03,283.378662109375,474.7182922363281,179.16078186035156,318.8009033203125,232.3800048828125,637.4376831054688,446.739990234375,217.6000061035156,103.95999908447266,236.71224975585935,205.74545288085935,326.7799987792969,377.8009338378906,171.4985809326172,43.7599983215332,93527.8046875,3191.57177734375,144.89849853515625
2025-12-04,279.93804931640625,477.8087158203125,182.95188903808597,316.796142578125,229.1100006103516,659.293701171875,454.5299987792969,215.97999572753903,103.22000122070312,245.3787384033203,212.2824249267578,328.7300109863281,378.2178649902344,171.66595458984375,40.5,92141.625,3134.31640625,139.0145263671875
2025-12-05,278.0232238769531,480.1140747070313,181.98416137695312,320.4366149902344,229.52999877929688,671.1434326171875,455.0,217.97000122070312,100.23999786376952,258.37847900390625,215.50135803222656,346.260009765625,387.35986328125,172.11886596679688,41.40999984741211,89387.7578125,3024.432861328125,133.322998046875
2025-12-08,277.1356506347656,487.9244995117188,185.1168365478516,313.1109313964844,226.88999938964844,664.5457763671875,439.5799865722656,221.1100006103516,96.79000091552734,257.34722900390625,218.4330902099609,339.1199951171875,398.1397399902344,172.6111602783203,40.29999923706055,90640.203125,3125.197998046875,133.27822875976562
2025-12-09,276.42755126953125,488.918212890625,184.5381774902344,316.4643859863281,227.9199981689453,654.7391357421875,445.1700134277344,221.6199951171875,96.70999908447266,258.8246765136719,219.41363525390625,344.32000732421875,403.29144287109375,173.29055786132812,40.5,92691.7109375,3321.114990234375,137.901611328125
2025-12-10,278.0232238769531,475.5430603027344,183.35096740722656,319.5883178710937,231.77999877929688,647.9321899414062,451.4500122070313,221.4199981689453,92.70999908447266,261.9779357910156,220.8794860839844,343.1300048828125,409.922119140625,179.40496826171875,40.77999877929688,92020.9453125,3325.39013671875,136.46902465820312
2025-12-11,277.2752380371094,480.4221496582031,180.50759887695312,311.8233947753906,230.27999877929688,650.5034790039062,446.8900146484375,221.42999267578125,94.08999633789062,260.1435241699219,196.9503173828125,350.42999267578125,403.3707885742188,178.47943115234375,39.5099983215332,92511.3359375,3237.056884765625,136.37156677246094
2025-12-12,277.52459716796875,475.5132751464844,174.6114044189453,308.68951416015625,226.19000244140625,642.0521240234375,458.9599914550781,210.77999877929688,95.19000244140624,260.0245361328125,188.15512084960935,356.42999267578125,357.2735595703125,175.54527282714844,37.810001373291016,90270.4140625,3084.172607421875,132.3242950439453
2025-12-15,273.3658752441406,471.82666015625,175.87841796875,307.62158203125,222.5399932861328,645.8472900390625,475.30999755859375,207.5800018310547,93.7699966430664,252.43885803222656,183.15338134765625,351.1499938964844,337.30206298828125,176.5003662109375,37.5099983215332,86419.78125,2964.18310546875,127.75711822509766
2025-12-16,273.8645324707031,473.38677978515625,177.3050994873047,305.97479248046875,222.55999755859372,655.4625854492188,489.8800048828125,209.1699981689453,94.56999969482422,252.7660675048828,186.8477325439453,347.8900146484375,338.78106689453125,173.40869140625,37.310001373291016,87843.984375,2964.180908203125,129.25120544433594
2025-12-17,271.1020812988281,473.1184387207031,170.54092407226562,296.1439208984375,221.2700042724609,647.8322143554688,467.260009765625,198.1100006103516,94.79000091552734,255.9689178466797,176.75511169433594,354.6600036621094,323.6138610839844,169.6868896484375,36.04999923706055,86143.7578125,2831.403564453125,123.11980438232422
2025-12-18,271.4511108398437,480.9289245605469,173.73345947265625,301.8727722167969,226.75999450683597,662.7438354492188,483.3699951171875,201.05999755859372,94.0,256.09405517578125,178.3101043701172,355.8099975585937,327.4453430175781,171.5084228515625,36.27999877929688,85462.5078125,2827.069091796875,119.57015228271484
2025-12-19,272.9271545410156,482.856689453125,180.56748962402344,306.56365966796875,227.3500061035156,657.0784912109375,481.2000122070313,213.42999267578125,94.38999938964844,258.1400146484375,190.1360321044922,355.8599853515625,337.8479919433594,172.55209350585938,36.81999969482422,88103.3828125,2977.970703125,126.1927490234375
2025-12-22,270.23443603515625,481.8629760742188,183.26116943359372,309.1785583496094,228.42999267578125,659.8013916015625,488.7300109863281,214.9499969482422,93.2300033569336,262.8279113769531,196.48480224609372,357.5299987792969,339.5784606933594,171.53794860839844,36.369998931884766,88490.015625,3006.07373046875,125.80123138427734
2025-12-23,271.62066650390625,483.7807922363281,188.76829528808597,313.7396850585937,232.13999938964844,663.2325439453125,485.55999755859375,214.8999938964844,93.5,261.6360168457031,193.4738311767578,352.4200134277344,347.4053039550781,172.05978393554688,36.34999847412109,87414.0,2963.3740234375,123.85721588134766
2025-12-24,273.06671142578125,484.94342041015625,188.169677734375,313.4801940917969,232.3800048828125,665.8358764648438,485.3999938964844,215.0399932861328,93.63999938964844,263.4535827636719,195.60330200195312,352.9800109863281,348.3004150390625,172.07949829101562,36.15999984741211,87611.9609375,2945.590576171875,122.45860290527344
2025-12-26,272.6578369140625,484.6354064941406,190.085205078125,312.9013366699219,232.5200042724609,661.5867919921875,475.1900024414063,214.9900054931641,94.47000122070312,264.2680053710937,196.0985107421875,353.79998779296875,350.1999206542969,172.11886596679688,36.20000076293945,87301.4296875,2925.74560546875,122.19595336914062
2025-12-29,273.0168762207031,484.02923583984375,187.7805938720703,312.95123291015625,232.07000732421875,656.9986572265625,459.6400146484375,215.6100006103516,94.1500015258789,264.4169921875,193.51345825195312,353.1600036621094,347.4749450683594,170.76010131835938,36.68000030517578,87138.140625,2934.538330078125,123.12522888183594
2025-12-30,272.33868408203125,484.4068603515625,187.1021728515625,313.2406616210937,232.52999877929688,664.239990234375,454.4299926757813,215.33999633789065,93.77999877929688,264.109130859375,195.3259735107422,352.510009765625,347.93243408203125,170.97671508789062,37.29999923706055,88430.1328125,2971.416748046875,124.93132019042967
2025-12-31,271.1220092773437,480.5711669921875,186.06460571289065,312.3923034667969,230.82000732421875,658.3950805664062,449.7200012207031,214.16000366210935,93.76000213623048,263.1059875488281,193.0479431152344,349.989990234375,344.2029724121094,168.416748046875,36.900001525878906,87508.828125,2967.03759765625,124.48446655273438
2026-01-02,270.2743530273437,469.95849609375,188.4091339111328,314.53814697265625,226.5,648.7398681640625,438.0700073242188,223.47000122070312,90.98999786376952,251.8928680419922,193.84030151367188,333.29998779296875,345.714599609375,170.31703186035156,39.380001068115234,89944.6953125,3124.422607421875,132.1336669921875
2026-01-05,266.5345458984375,469.86907958984375,187.6808319091797,315.92547607421875,233.05999755859372,657.0982666015625,451.6700134277344,221.0800018310547,91.45999908447266,254.514892578125,190.75010681152344,331.5599975585937,341.5376892089844,173.5957794189453,39.369998931884766,93882.5546875,3226.13037109375,137.98997497558594
2026-01-06,261.64776611328125,475.4933776855469,186.80288696289065,313.7297058105469,240.92999267578125,658.9237060546875,432.9599914550781,214.3500061035156,90.6500015258789,261.1096496582031,191.89903259277344,335.989990234375,341.8857421875,179.6412353515625,40.040000915527344,93729.03125,3295.94677734375,141.09841918945312
2026-01-07,259.6233215332031,480.4221496582031,188.66851806640625,321.3548889160156,241.55999755859372,647.0243530273438,431.4100036621094,210.0200042724609,90.7300033569336,264.3077087402344,190.99771118164065,338.1000061035156,341.6172180175781,177.41604614257812,42.630001068115234,91308.0546875,3166.843994140625,136.31301879882812
2026-01-08,258.3368530273437,475.0959167480469,184.6080017089844,324.80816650390625,246.2899932861328,644.4010620117188,435.7999877929688,204.67999267578125,90.52999877929688,258.7557983398437,187.8381805419922,339.0400085449219,330.6576232910156,179.07017517089844,41.11000061035156,91027.125,3104.382568359375,138.29342651367188
2026-01-09,258.6659240722656,476.258544921875,184.42843627929688,327.9320983886719,247.3800048828125,651.3831176757812,445.010009765625,203.1699981689453,89.45999908447266,258.1698303222656,197.14321899414065,333.95001220703125,343.0791931152344,175.0431365966797,45.54999923706055,90513.1015625,3083.047119140625,135.7563934326172
2026-01-12,259.54351806640625,474.1717529296875,184.5082550048828,331.2156677246094,246.47000122070312,640.321533203125,448.9599914550781,207.69000244140625,89.41000366210938,257.63348388671875,203.26048278808597,327.6499938964844,350.27947998046875,166.66416931152344,44.060001373291016,91192.9921875,3092.3251953125,139.1361846923828
2026-01-13,260.34136962890625,467.7028198242188,185.376220703125,335.3177185058594,242.6000061035156,629.469482421875,447.2000122070313,220.97000122070312,90.31999969482422,239.41839599609372,200.88705444335935,309.92999267578125,352.6663513183594,162.74542236328125,47.290000915527344,95321.78125,3322.095458984375,145.36087036132812
2026-01-14,259.2543334960937,456.4840087890625,182.7124481201172,335.1879577636719,236.6499938964844,613.9395141601562,439.2000122070313,223.6000061035156,88.55000305175781,237.9385528564453,192.2672576904297,304.44000244140625,338.02703857421875,162.0069580078125,48.720001220703125,96929.328125,3354.72265625,146.7528076171875
2026-01-15,257.5090637207031,453.7811279296875,186.61331176757807,332.1338806152344,238.17999267578125,619.2058715820312,438.5700073242188,227.9199981689453,88.05000305175781,231.93966674804688,188.53335571289065,304.0899963378906,341.1398620605469,158.90545654296875,48.31999969482422,95551.1875,3317.101318359375,142.3324432373047
2026-01-16,254.83636474609372,456.9609375,185.79522705078125,329.3593139648437,239.1199951171875,618.6573486328125,437.5,231.8300018310547,88.0,225.5633850097656,189.7647399902344,296.1199951171875,349.7822265625,156.96578979492188,46.959999084472656,95525.1171875,3295.482177734375,144.8604736328125
2026-01-20,246.0303192138672,451.6546020507813,177.654296875,321.3748474121094,231.0,602.5687255859375,419.25,231.9199981689453,87.26000213623047,218.57135009765625,178.67221069335938,290.3699951171875,330.7769470214844,151.69815063476562,48.560001373291016,88310.90625,2935.605712890625,125.70572662353516
2026-01-21,246.97775268554688,441.3102111816406,182.8920440673828,327.7424621582031,231.30999755859372,611.3861083984375,431.4400024414063,249.8000030517578,85.36000061035156,220.071044921875,172.67410278320312,294.2300109863281,326.9977722167969,153.96273803710938,54.25,89376.9609375,2978.901123046875,129.3790740966797
2026-01-22,247.67584228515625,448.29595947265625,184.40847778320312,329.8982849121094,234.33999633789065,645.9671020507812,449.3599853515625,253.72999572753903,83.54000091552734,226.5367126464844,176.9442596435547,299.7300109863281,323.7059020996094,155.3707275390625,54.31999969482422,89462.453125,2949.63330078125,128.28834533691406
2026-01-23,247.3666839599609,463.0125732421875,187.23187255859372,327.2933044433594,239.16000366210935,657.0684814453125,449.05999755859375,259.67999267578125,86.12000274658203,226.4969787597656,175.9313507080078,301.07000732421875,318.2957458496094,153.42123413085938,45.06999969482422,89503.875,2953.25634765625,127.36157989501952
2026-01-26,254.7166748046875,467.3152770996094,186.03468322753903,332.61297607421875,238.4199981689453,670.633544921875,435.2000122070313,251.30999755859372,85.69999694824219,227.83778381347656,181.1747283935547,304.7200012207031,323.0694274902344,152.14122009277344,42.4900016784668,88267.140625,2926.45703125,124.13972473144533
2026-01-27,257.56890869140625,477.5503234863281,188.07989501953125,333.90045166015625,244.67999267578125,671.2418823242188,430.8999938964844,252.02999877929688,85.58000183105469,226.9737091064453,173.68701171875,297.4200134277344,330.9659118652344,150.6840057373047,43.93000030517578,89102.5703125,3022.2109375,127.05479431152344
2026-01-28,255.74388122558597,478.5937194824219,191.0728759765625,335.357666015625,243.00999450683597,667.0128173828125,431.4599914550781,252.7400054931641,84.63999938964844,226.4076232910156,171.60159301757812,299.5799865722656,331.4134216308594,150.34922790527344,48.77999877929688,89184.5703125,3006.607421875,125.11844635009766
2026-01-29,257.578857421875,430.7671508789063,192.06057739257807,337.59326171875,241.72999572753903,736.4141845703125,416.55999755859375,252.17999267578125,83.16000366210938,212.6221160888672,167.83787536621094,291.6499938964844,328.917236328125,149.8766326904297,48.65999984741211,84561.5859375,2818.232666015625,117.60576629638672
2026-01-30,258.775634765625,427.577392578125,190.68380737304688,337.3437805175781,239.3000030517578,714.6602172851562,430.4100036621094,236.72999572753903,83.48999786376953,210.8443145751953,163.43858337402344,293.25,329.4841003417969,149.25631713867188,46.470001220703125,84128.65625,2702.375244140625,117.363037109375
2026-02-02,269.2770690917969,420.7009887695313,185.1766815185547,343.0227355957031,242.9600067138672,704.5960693359375,421.80999755859375,246.2700042724609,82.76000213623047,209.3743896484375,158.94993591308594,293.3800048828125,329.29510498046875,150.2704620361328,48.810001373291016,78688.765625,2344.356689453125,104.47115325927734
2026-02-03,268.7485046386719,408.61767578125,179.91897583007812,339.0504455566406,238.6199951171875,689.9238891601562,421.9599914550781,242.1100006103516,79.94000244140625,195.0426788330078,153.59732055664062,271.92999267578125,318.57421875,144.91421508789062,49.25,75633.546875,2227.558837890625,97.56390380859376
2026-02-04,275.73944091796875,411.5788879394531,173.78335571289062,332.3934020996094,232.9900054931641,667.272216796875,406.010009765625,200.19000244140625,80.16000366210938,198.08181762695312,145.65280151367188,279.7099914550781,306.3614807128906,146.59788513183594,48.59999847412109,73019.703125,2143.504150390625,92.02930450439452
2026-02-05,275.1610107421875,391.1882629394531,171.47874450683594,330.6068725585937,222.69000244140625,668.4890747070312,397.2099914550781,192.5,80.87000274658203,188.6763153076172,135.53347778320312,269.3900146484375,308.8080444335937,134.20172119140625,48.2400016784668,62702.09765625,1821.68310546875,78.18741607666016
2026-02-06,277.36505126953125,398.6111755371094,184.97715759277344,322.233154296875,210.32000732421875,659.7615356445312,411.1099853515625,208.44000244140625,82.19999694824219,190.0469207763672,141.8295135498047,268.3800048828125,331.09521484375,135.2257080078125,50.59000015258789,70555.390625,2063.386962890625,87.46477508544922
2026-02-09,274.1307983398437,410.99261474609375,189.59634399414065,323.6903381347656,208.72000122070312,675.4810180664062,417.3200073242188,216.0,81.47000122070312,192.7086639404297,155.50401306152344,266.8999938964844,342.0548095703125,136.7912139892578,50.2400016784668,70120.78125,2103.567626953125,86.7017822265625
2026-02-10,273.19244384765625,410.6646423339844,188.09983825683597,317.9614562988281,206.9600067138672,668.9977416992188,425.2099914550781,213.57000732421875,82.20999908447266,192.1326141357422,158.7811279296875,264.6700134277344,338.573974609375,137.93336486816406,47.130001068115234,68793.9609375,2019.4974365234373,82.91548156738281
2026-02-11,275.0092163085937,401.8207702636719,189.60633850097656,310.35626220703125,204.0800018310547,666.9729614257812,428.2699890136719,213.5800018310547,79.62000274658203,183.7401428222656,156.07005310058594,257.1600036621094,340.8812866210937,138.8687286376953,48.290000915527344,66991.96875,1940.621337890625,79.2542495727539
2026-02-12,261.2637634277344,399.3067626953125,186.5035858154297,308.4000549316406,199.6000061035156,648.1414794921875,417.0700073242188,205.94000244140625,75.86000061035156,184.16722106933597,155.394775390625,262.5,329.3548278808594,136.33831787109375,46.47999954223633,66221.84375,1946.940673828125,78.34844207763672
2026-02-13,255.3243560791016,398.7900085449219,182.3832092285156,305.1264343261719,198.7899932861328,638.1272583007812,417.4400024414063,207.32000732421875,76.87000274658203,188.4280242919922,159.02938842773438,263.9700012207031,323.3876953125,138.5339813232422,46.790000915527344,68857.84375,2048.52734375,84.32254028320312
2026-02-17,263.4099426269531,394.3581237792969,184.5381774902344,301.43359375,201.1499938964844,637.6483764648438,410.6300048828125,203.0800018310547,77.0,183.0349884033203,152.9021759033203,260.45001220703125,330.71728515625,140.43426513671875,46.18000030517578,67494.21875,1992.1943359375,85.1976089477539
2026-02-18,263.8791198730469,397.0808410644531,187.5411376953125,302.7410888671875,204.7899932861328,641.5682983398438,411.3200073242188,200.1199951171875,77.98999786376953,186.5111541748047,155.0869140625,263.1700134277344,331.6819763183594,141.03488159179688,45.459999084472656,66425.3203125,1953.97412109375,81.56694793701172
2026-02-19,260.11578369140625,396.8517761230469,187.4613342285156,302.26202392578125,204.8600006103516,643.1243286132812,411.7099914550781,203.3699951171875,77.0,184.02818298339844,155.454345703125,259.2099914550781,332.1593322753906,139.09519958496094,44.619998931884766,66957.5234375,1948.2010498046875,82.39324951171875
2026-02-20,264.1086730957031,395.6267395019531,189.3768768310547,314.36846923828125,210.1100006103516,653.9763793945312,411.8200073242188,200.1499938964844,78.66999816894531,183.8990631103516,147.0530242919922,258.6099853515625,330.8266906738281,140.680419921875,44.11000061035156,68005.421875,1969.0223388671875,84.6351089477539
2026-02-23,265.705810546875,382.9182434082031,191.10281372070312,310.8852233886719,205.2700042724609,635.6137084960938,399.8299865722656,196.6000061035156,76.0199966430664,176.94674682617188,140.32997131347656,246.67999267578125,328.52935791015625,138.24844360351562,43.630001068115234,64616.73828125,1855.5028076171875,77.7533187866211
2026-02-24,271.6552429199219,387.429931640625,192.39979553222656,310.29638671875,208.55999755859372,637.6583862304688,409.3800048828125,213.83999633789065,78.04000091552734,184.1573028564453,145.12648010253906,255.1699981689453,323.7059020996094,142.55117797851562,46.119998931884766,64080.04296875,1852.969482421875,79.0365219116211
2026-02-25,273.74151611328125,398.9831237792969,195.10345458984372,312.29248046875,210.63999938964844,652.011474609375,417.3999938964844,210.8600006103516,82.69999694824219,190.44419860839844,146.8643341064453,257.8099975585937,330.4885559082031,143.57518005371094,46.880001068115234,67960.125,2054.6279296875,87.91560363769531
2026-02-26,272.4637756347656,400.0986022949219,184.45835876464844,306.7832336425781,207.9199981689453,655.3228759765625,408.5799865722656,203.67999267578125,84.58999633789062,198.1116180419922,149.26756286621094,259.0400085449219,319.9367370605469,143.34869384765625,45.459999084472656,67453.7734375,2026.7926025390625,85.90911865234375
2026-02-27,263.7094116210937,391.1548461914063,176.77635192871094,311.1547241210937,210.0,646.515625,402.510009765625,200.2100067138672,96.23999786376952,193.46348571777344,144.3916015625,262.4100036621094,317.7984924316406,140.16842651367188,45.61000061035156,65881.796875,1930.7618408203125,81.95148468017578
2026-03-02,264.2484130859375,396.9413757324219,182.0540008544922,305.9248962402344,208.38999938964844,651.8818359375,403.3200073242188,198.6199951171875,97.08999633789062,191.63601684570312,148.21490478515625,260.8800048828125,317.072509765625,138.85890197753906,45.5,68775.8515625,2027.2689208984373,86.634521484375
2026-03-03,263.2801818847656,402.2996826171875,179.62965393066406,302.9905700683594,208.72999572753903,653.3978881835938,392.4299926757813,190.9499969482422,97.6999969482422,194.71490478515625,147.97657775878906,270.989990234375,312.11981201171875,136.00355529785156,43.09999847412109,68293.6484375,1982.7689208984373,87.0197525024414
2026-03-04,262.0523376464844,403.5645751953125,182.61268615722656,302.54150390625,216.82000732421875,666.015380859375,405.9400024414063,202.07000732421875,98.66000366210938,191.76513671875,151.31326293945312,273.1199951171875,315.7895812988281,137.3623046875,45.58000183105469,72710.578125,2126.50537109375,90.83426666259766
2026-03-05,259.8263244628906,409.0224304199219,182.91197204589844,300.2958374023437,218.94000244140625,658.873779296875,405.5499877929688,199.4499969482422,99.16999816894533,200.0185394287109,153.71649169921875,281.739990234375,330.9460144042969,135.7570037841797,45.95000076293945,70841.125,2071.60546875,88.69110870361328
2026-03-06,257.0013427734375,407.3093872070313,177.40489196777344,297.9404296875,213.2100067138672,643.2041015625,396.7300109863281,192.42999267578125,99.0199966430664,200.733642578125,151.89918518066406,283.6199951171875,328.6686096191406,134.45887756347656,43.41999816894531,68136.4921875,1978.751220703125,84.68180084228516
2026-03-09,259.41705322265625,407.757568359375,182.2235870361328,305.9804077148437,213.4900054931641,645.7276611328125,398.6799926757813,202.67999267578125,98.31999969482422,197.4362335205078,150.50889587402344,282.44000244140625,343.8548583984375,136.85693359375,45.58000183105469,68402.3828125,1992.938232421875,84.93617248535156
2026-03-10,260.3653564453125,404.122314453125,184.3386383056641,306.6596069335937,214.3300018310547,652.3905029296875,399.239990234375,203.22999572753903,96.94000244140624,193.5826873779297,148.36386108398438,275.1300048828125,340.7022399902344,133.97332763671875,46.77999877929688,69926.921875,2037.1204833984373,85.83822631835938
2026-03-11,260.34539794921875,403.245849609375,185.60574340820312,308.31756591796875,212.6499938964844,653.1784057617188,407.8200073242188,204.8300018310547,94.88999938964844,192.8079833984375,161.98870849609375,273.7099914550781,339.69781494140625,132.9031219482422,47.97999954223633,70204.8828125,2051.5732421875,86.56493377685547
2026-03-12,255.3043975830078,400.2380065917969,182.72235107421875,303.17388916015625,209.52999877929688,636.5413208007812,395.010009765625,197.7400054931641,94.30999755859376,197.9228973388672,158.05618286132812,269.7799987792969,334.1285095214844,129.96006774902344,45.25,70493.4609375,2073.13623046875,86.86779022216797
2026-03-13,249.6744384765625,393.9534912109375,179.83892822265625,301.9054870605469,207.6699981689453,612.1341552734375,391.2000122070313,193.38999938964844,95.30999755859376,191.51683044433597,154.03427124023438,249.32000732421875,320.3941955566406,128.64215087890625,45.77000045776367,70968.265625,2092.5634765625,88.15328979492188
2026-03-16,252.36964416503903,398.3357543945313,182.8021697998047,305.1814270019531,211.7400054931641,626.3746948242188,395.55999755859375,196.5800018310547,95.1999969482422,196.9893035888672,154.88832092285156,251.8600006103516,323.1390686035156,128.21604919433594,45.7599983215332,74861.0859375,2351.176025390625,96.22372436523438
2026-03-17,253.7771148681641,397.7979431152344,181.5150909423828,310.5347900390625,215.1999969482422,621.5928344726562,399.2699890136719,196.30999755859372,94.36000061035156,193.97994995117188,153.6171875,254.1999969482422,319.5488586425781,130.3960723876953,44.060001373291016,73922.4765625,2318.053466796875,94.70597076416016
2026-03-18,249.4947662353516,390.2086791992188,179.98858642578125,307.30877685546875,209.8699951171875,614.6248168945312,392.7799987792969,199.4600067138672,94.6999969482422,193.0165557861328,151.83958435058594,246.0,314.1983337402344,129.28623962402344,45.02999877929688,71245.578125,2203.671630859375,90.06571960449219
2026-03-19,248.5165252685547,387.4498596191406,178.1527862548828,306.7494812011719,208.75999450683597,605.6602172851562,380.2999877929688,205.2700042724609,91.73999786376952,193.66213989257807,154.44143676757812,245.9900054931641,318.0868835449219,130.08889770507812,46.18000030517578,69912.7890625,2137.423828125,88.9178466796875
2026-03-20,247.54823303222656,380.3287048339844,172.30613708496094,300.6270751953125,205.3699951171875,592.642578125,367.9599914550781,201.3300018310547,91.81999969482422,194.04946899414065,148.6419219970703,248.1499938964844,308.8080444335937,128.72142028808594,43.869998931884766,70522.5859375,2146.4970703125,89.85356903076172
2026-03-23,251.04200744628903,381.4541931152344,175.23944091796875,301.685791015625,210.13999938964844,603.0247802734375,380.8500061035156,202.67999267578125,93.37999725341795,193.850830078125,153.2696075439453,247.63999938964844,321.41510009765625,127.18548583984376,44.0099983215332,70914.859375,2152.14599609375,91.42407989501952
2026-03-24,251.1917266845703,371.2355651855469,174.80044555664062,290.0801696777344,207.2400054931641,591.9038696289062,383.0299987792969,205.3699951171875,90.91999816894533,181.77365112304688,146.06988525390625,238.8699951171875,317.2094116210937,127.50257110595705,44.060001373291016,70517.859375,2155.704345703125,90.82242584228516
2026-03-25,252.16998291015625,369.5424499511719,178.2725067138672,290.5695495605469,211.7100067138672,593.8704833984375,385.9500122070313,220.2700042724609,92.27999877929688,180.72085571289065,145.00730895996094,237.25,317.7276611328125,129.16734313964844,47.18000030517578,71309.8828125,2168.021484375,91.70822143554688
2026-03-26,252.43951416015625,364.4928894042969,170.8494873046875,280.57196044921875,207.5399932861328,546.6016235351562,372.1099853515625,203.7700042724609,93.31999969482422,184.3758087158203,141.819580078125,240.8800048828125,308.3695373535156,129.3555908203125,44.09999847412109,68791.625,2059.578369140625,86.44393157958984
2026-03-27,248.35679626464844,355.3300476074219,167.13795471191406,274.0001220703125,199.33999633789065,524.8190307617188,361.8299865722656,201.9900054931641,93.43000030517578,178.08889770507812,138.69142150878906,234.83999633789065,299.6592102050781,125.95672607421876,43.130001068115234,66338.375,1991.27197265625,83.01882934570312
2026-03-30,246.19065856933597,357.5111999511719,164.79331970214844,273.1611633300781,200.9499969482422,535.4607543945312,355.2799987792969,196.0399932861328,92.97000122070312,183.7699432373047,137.83738708496094,241.1300048828125,292.41387939453125,125.91709899902344,41.18999862670898,66691.4453125,2023.514892578125,82.44405364990234
2026-03-31,253.33790588378903,368.6759643554688,174.0022735595703,287.2037353515625,208.2700042724609,571.1494750976562,371.75,203.42999267578125,96.1500015258789,185.39878845214844,146.08975219726562,243.0800018310547,308.4592590332031,127.61157989501952,44.130001068115234,68233.3125,2104.708251953125,83.10646057128906
2026-04-01,255.1746368408203,367.8791809082031,175.3491973876953,297.0215759277344,210.57000732421875,578.2372436523438,381.260009765625,210.2100067138672,95.5500030517578,184.97171020507807,144.22279357910156,241.3699951171875,312.4257202148437,126.12518310546876,48.02999877929688,68078.5546875,2138.737060546875,81.19525909423828
2026-04-02,255.464111328125,371.9526672363281,176.98544311523438,295.403564453125,209.7700042724609,573.4755249023438,360.5899963378906,217.5,98.66000366210938,185.90530395507807,145.36480712890625,242.9199981689453,313.48211669921875,125.64954376220705,50.380001068115234,66888.5703125,2056.8525390625,78.9513168334961
2026-04-06,258.3988647460937,371.3750305175781,177.23487854003906,299.6183166503906,212.7899932861328,572.0380249023438,352.82000732421875,220.17999267578125,98.93000030517578,183.7699432373047,144.53062438964844,244.3600006103516,313.3625183105469,124.5892562866211,50.77999877929688,68859.828125,2107.761474609375,80.15157318115234
2026-04-07,253.0484161376953,370.7874145507813,177.69383239746094,305.08154296875,213.7700042724609,574.064453125,346.6499938964844,221.52999877929688,98.81999969482422,181.7140655517578,142.1770782470703,240.13999938964844,332.836181640625,122.9443130493164,52.90999984741211,71940.703125,2241.806640625,85.64801025390625
2026-04-08,258.4388122558594,372.8191223144531,181.66476440429688,316.9268798828125,221.25,611.3704223632812,343.25,231.82000732421875,99.38999938964844,175.16891479492188,142.66368103027344,239.30999755859372,349.43963623046875,126.35310363769533,58.95000076293945,71123.359375,2190.33544921875,82.58169555664062
2026-04-09,260.0259704589844,371.5642395019531,183.49058532714844,318.09539794921875,233.6499938964844,627.3130493164062,345.6199951171875,236.63999938964844,102.0500030517578,170.1109161376953,137.38204956054688,229.94000244140625,353.7051086425781,126.59092712402344,61.720001220703125,71767.828125,2189.14404296875,83.2977294921875
2026-04-10,260.0159912109375,369.37310791015625,188.1998291015625,316.8469543457031,238.3800048828125,628.780517578125,348.95001220703125,245.0399932861328,103.01000213623048,164.2463836669922,137.6112518310547,225.3500061035156,370.28857421875,126.89810943603516,62.380001068115234,72979.046875,2245.148681640625,84.82847595214844
2026-04-13,258.73828125,382.8186340332031,188.87826538085935,320.91192626953125,239.88999938964844,633.4425659179688,352.4200134277344,246.8300018310547,103.16000366210938,172.0723876953125,155.08047485351562,240.1100006103516,378.4607849121094,130.0492706298828,65.18000030517578,74484.640625,2370.71484375,86.65656280517578
2026-04-14,258.3689270019531,391.5233459472656,196.0618438720703,332.49755859375,249.0200042724609,661.3546142578125,364.2000122070313,255.07000732421875,106.27999877929688,170.56890869140625,162.4348907470703,235.72000122070312,379.48724365234375,131.63473510742188,63.810001373291016,74181.609375,2323.30859375,83.77462768554688
2026-04-15,265.95538330078125,409.5602722167969,198.41647338867188,336.70233154296875,248.5,670.4290771484375,391.9500122070313,258.1199951171875,107.70999908447266,176.8317108154297,169.22128295898438,244.66000366210935,395.3731384277344,131.84283447265625,64.94000244140625,74805.078125,2359.43701171875,84.9193344116211
2026-04-16,262.9307861328125,418.5637817382813,197.8976593017578,335.6036682128906,249.6999969482422,675.7099609375,388.8999938964844,278.260009765625,107.79000091552734,180.43603515625,177.72171020507812,248.16000366210935,397.1172180175781,133.2499542236328,68.5,75152.1328125,2348.64501953125,88.99420928955078
2026-04-17,269.7486267089844,421.0835876464844,201.2200469970703,341.2566833496094,250.55999755859372,687.3699340820312,400.6199951171875,278.3900146484375,97.30999755859376,181.35206604003903,174.4530792236328,244.4499969482422,405.1598510742188,134.96424865722656,68.5,77126.875,2421.07177734375,88.87416076660156
2026-04-20,272.5635681152344,416.3826293945313,201.59918212890625,337.0019836425781,248.27999877929688,669.7601928710938,392.5,274.95001220703125,94.83000183105467,185.46420288085935,176.96435546875,248.6300048828125,398.2732543945313,136.27227783203125,65.69999694824219,75872.5234375,2315.21240234375,85.33295440673828
2026-04-21,265.69586181640625,422.4480285644531,199.42417907714844,331.8783264160156,249.91000366210935,667.6937866210938,386.4200134277344,284.489990234375,92.58000183105467,186.3005523681641,180.5419006347656,247.17999267578125,400.8046569824219,134.33006286621094,66.26000213623047,76352.7734375,2327.970458984375,86.02946472167969
2026-04-22,272.68341064453125,431.1726989746094,202.03819274902344,338.8996276855469,255.3600006103516,673.5636596679688,387.510009765625,303.4599914550781,93.23999786376952,188.9789276123047,186.84996032714844,255.94000244140625,421.2151184082031,134.83544921875,65.2699966430664,78203.1015625,2376.088134765625,86.91582489013672
2026-04-23,272.9429016113281,414.0719909667969,199.1847076416016,338.4701538085937,255.0800018310547,658.0203857421875,373.7200012207031,305.3299865722656,92.81999969482422,172.55030822753906,175.66885375976562,238.97999572753903,418.5143432617188,132.7346649169922,66.77999877929688,78268.953125,2331.513916015625,86.14105987548828
2026-04-24,270.5771179199219,422.90618896484375,207.79502868652344,343.9732971191406,263.989990234375,673.8731689453125,376.2999877929688,347.8099975585937,92.44000244140624,177.3892822265625,172.67926025390625,245.44000244140625,421.3247680664063,147.49949645996094,82.54000091552734,77455.3125,2315.690185546875,86.23188018798828
2026-04-27,267.1332702636719,423.1053771972656,216.1160125732422,349.90594482421875,261.1199951171875,677.4569702148438,378.6700134277344,334.6300048828125,91.37000274658205,179.40054321289062,172.36036682128906,239.30999755859372,416.7802429199219,148.8966827392578,84.98999786376953,77366.625,2303.06396484375,84.81778717041016
2026-04-28,270.2277526855469,427.5174865722656,212.6838531494141,349.3466491699219,259.70001220703125,670.189453125,376.0199890136719,323.2099914550781,92.2699966430664,180.53561401367188,165.3846435546875,243.1999969482422,398.47259521484375,148.6390380859375,84.5199966430664,76350.671875,2289.419677734375,84.03897857666016
2026-04-29,269.688720703125,422.746826171875,208.77279663085935,349.5064697265625,263.0400085449219,667.9732666015625,372.7999877929688,337.1099853515625,92.12000274658205,180.43603515625,163.26202392578125,243.57000732421875,404.0735168457031,154.58460998535156,94.75,75776.1328125,2253.415771484375,83.02687072753906
2026-04-30,270.8666381835937,406.1341552734375,199.1148834228516,384.3232421875,265.0599975585937,610.8612670898438,381.6300048828125,354.489990234375,93.61000061035156,175.76632690429688,160.83047485351562,246.1000061035156,416.0128479003906,177.95066833496094,94.4800033569336,76304.3203125,2256.251220703125,83.02375793457031
2026-05-01,279.6409912109375,412.7672729492188,197.99742126464844,385.2121887207031,268.260009765625,607.7067260742188,390.8200073242188,360.5400085449219,92.05999755859376,183.0248107910156,171.23428344726562,250.7100067138672,419.8497619628906,175.40399169921875,99.62000274658205,78179.0,2295.09375,83.72350311279297
2026-05-04,276.3368225097656,411.9505615234375,198.02734375,382.7751770019531,272.04998779296875,609.3638916015625,392.510009765625,341.5400085449219,91.0199966430664,184.67759704589844,179.66494750976562,253.9600067138672,415.08599853515625,166.852294921875,95.77999877929688,79827.90625,2346.39697265625,84.08985900878906
2026-05-05,283.6737670898437,409.7196044921875,196.05186462402344,387.9487609863281,273.54998779296875,603.9232177734375,389.3699951171875,355.260009765625,87.88999938964844,186.18109130859372,184.70741271972656,255.6199951171875,425.90911865234375,184.85743713378903,108.1500015258789,80927.0546875,2361.1826171875,86.3191909790039
2026-05-06,286.99786376953125,412.2891845703125,207.3560333251953,397.546875,274.989990234375,611.8296508789062,398.7300109863281,421.3900146484375,88.2699966430664,180.4061737060547,193.35731506347656,250.1699981689453,423.9956665039063,190.82281494140625,113.01000213623048,81427.53125,2350.802001953125,89.14501953125
2026-05-07,286.927978515625,419.07171630859375,211.0176696777344,397.4969177246094,271.1700134277344,615.7529296875,411.7900085449219,408.4599914550781,88.25,185.5338897705078,193.91537475585935,256.510009765625,411.1593933105469,200.71226501464844,109.62000274658205,80009.9921875,2291.107666015625,88.40478515625
2026-05-08,292.7974853515625,413.4445190429688,214.709228515625,400.3034362792969,272.67999267578125,608.5852661132812,428.3500061035156,455.1900024414063,87.48999786376953,181.0334625244141,195.27066040039065,253.0399932861328,428.5401611328125,217.1021881103516,124.91999816894533,80186.765625,2306.97216796875,91.94982147216795
2026-05-11,292.42779541015625,410.9944458007813,218.93955993652344,388.1585083007813,268.989990234375,597.8336791992188,445.0,458.7900085449219,85.44999694824219,176.72218322753906,193.16796875,246.1499938964844,426.9754943847656,235.3748779296875,129.44000244140625,81728.296875,2339.36083984375,97.35015106201172
2026-05-12,294.54595947265625,406.1241760253906,220.2765045166016,386.8701171875,265.82000732421875,601.966552734375,433.4500122070313,448.2900085449219,87.66000366210938,170.56890869140625,186.18228149414065,240.8300018310547,417.8764953613281,208.40185546875,120.61000061035156,80477.4921875,2274.6435546875,94.28429412841795
2026-05-13,298.6124572753906,403.5745239257813,225.3149871826172,402.1211853027344,270.1300048828125,615.5732421875,445.2699890136719,445.5,87.55999755859375,165.12257385253906,189.10211181640625,236.07000732421875,415.3750305175781,211.23590087890625,120.29000091552734,79277.1171875,2257.576416015625,91.0854721069336
2026-05-14,297.9530334472656,407.7774658203125,235.202392578125,400.5731201171875,267.2200012207031,617.3701171875,443.2999877929688,449.7000122070313,86.94000244140625,166.85504150390625,194.9318389892578,237.00999450683597,438.29693603515625,198.26467895507807,115.93000030517578,81051.25,2280.934814453125,92.1487274169922
2026-05-15,299.9713134765625,420.2170715332031,224.80616760253903,396.2884216308594,264.1400146484375,613.1773071289062,422.239990234375,424.1000061035156,87.0199966430664,172.75938415527344,192.2810516357422,247.6000061035156,423.7464904785156,199.6618804931641,108.7699966430664,79065.6796875,2223.328857421875,89.20035552978516
2026-05-18,297.5833435058594,421.83056640625,221.81300354003903,396.4482421875,264.8599853515625,610.1625366210938,409.989990234375,420.989990234375,89.6500015258789,178.7035675048828,185.96304321289065,255.63999938964844,419.2817077636719,201.79237365722656,108.16999816894533,76954.171875,2128.51611328125,85.2968978881836
2026-05-19,298.7123718261719,415.7352600097656,220.1068878173828,387.1797180175781,259.3399963378906,601.5772094726562,404.1099853515625,414.0499877929688,89.33000183105469,178.64382934570312,180.83090209960935,254.9900054931641,409.6744384765625,193.83523559570312,110.8000030517578,76750.90625,2109.9638671875,84.20860290527344
2026-05-20,301.98956298828125,419.3605346679688,222.9603729248047,388.4281921386719,265.010009765625,604.0230712890625,417.260009765625,447.5799865722656,88.08999633789062,179.32089233398438,187.50767517089844,253.3699951171875,416.34173583984375,200.6726226806641,118.95999908447266,77457.7734375,2126.9833984375,86.04193878173828
2026-05-21,304.7271728515625,418.3025207519531,219.0093994140625,387.1797180175781,268.4599914550781,606.339111328125,417.8500061035156,449.5899963378906,89.30000305175781,175.5472869873047,189.11209106445312,244.1000061035156,413.1625671386719,211.4737243652344,118.5,77539.171875,2131.41064453125,87.15620422363281
2026-05-22,308.55389404296875,417.7835388183594,214.83892822265625,382.49554443359375,266.32000732421875,609.214111328125,426.010009765625,467.510009765625,88.5999984741211,179.291015625,191.41407775878903,244.75999450683597,412.7340393066406,235.99917602539065,119.83999633789062,75488.2421875,2064.636962890625,84.30709075927734
2026-05-26,308.0643005371094,415.248291015625,214.37001037597656,388.398193359375,265.2900085449219,611.2906494140625,433.5899963378906,503.8900146484375,87.68000030517578,178.3052978515625,192.3906707763672,240.4900054931641,420.5773315429688,246.56246948242188,123.5199966430664,75825.734375,2070.858154296875,83.58651733398438
2026-05-27,310.5821533203125,411.8946228027344,212.1151580810547,388.3482360839844,271.8500061035156,634.1712646484375,440.3599853515625,495.5400085449219,87.3499984741211,176.74208068847656,190.2979736328125,238.2400054931641,420.4277648925781,231.2823486328125,121.7699966430664,74344.703125,2022.1982421875,82.36812591552734
2026-05-28,312.24072265625,426.1876831054688,213.76138305664065,389.6466674804688,274.0,634.2012329101562,442.1000061035156,518.0900268554688,86.36000061035156,175.4078826904297,202.9937896728516,241.44000244140625,425.13177490234375,241.0826110839844,120.88999938964844,73536.5546875,2007.552734375,81.98542785644531
2026-05-29,311.7911071777344,449.3940124511719,210.6584930419922,379.8687744140625,270.6400146484375,631.426025390625,435.7900085449219,516.0999755859375,86.0199966430664,190.27330017089844,224.9972381591797,259.2099914550781,445.2532348632813,248.74249267578125,114.68000030517578,73372.5234375,2011.978515625,81.93248748779297
2026-06-01,306.0460510253906,459.6546936035156,223.8483428955078,375.9037170410156,261.260009765625,599.44091796875,415.8800048828125,510.1300048828125,85.8499984741211,208.6932678222656,247.2896881103516,274.0299987792969,458.4084167480469,226.91238403320312,109.33000183105467,71319.7734375,2003.22119140625,81.08702087402344
2026-06-02,314.92840576171875,440.4807739257813,222.3118438720703,361.4017028808594,256.5199890136719,596.6058349609375,423.739990234375,521.5399780273438,83.33000183105469,199.97116088867188,243.7320709228516,262.1099853515625,479.9351196289063,238.65484619140625,107.93000030517578,66703.65625,1857.71630859375,74.14286041259766
2026-06-03,309.9926452636719,426.53704833984375,214.26025390625,358.54522705078125,250.0200042724609,621.9122924804688,423.7000122070313,542.52001953125,81.5199966430664,189.7854156494141,229.53146362304688,256.239990234375,477.6030578613281,247.7416534423828,112.70999908447266,64014.3671875,1811.7322998046875,71.61238098144531
2026-06-04,310.9618225097656,427.2456970214844,218.4156036376953,371.7289123535156,253.7899932861328,626.4945068359375,418.4500122070313,523.2000122070312,81.55999755859375,187.9334716796875,235.5206298828125,258.4200134277344,417.4878234863281,241.2569580078125,111.77999877929688,63801.57421875,1769.58056640625,68.71892547607422
2026-06-05,307.0751647949219,415.8870849609375,204.87075805664065,368.0734252929688,246.02999877929688,591.9837036132812,391.0,466.3800048828125,82.18000030517578,184.8568420410156,212.93917846679688,251.44000244140625,384.4204711914063,214.77110290527344,99.16999816894533,60922.66796875,1580.86083984375,63.486942291259766
2026-06-08,301.2801818847656,410.9663391113281,208.40679931640625,363.0766296386719,245.22000122070312,584.3867797851562,408.9500122070313,490.3299865722656,82.63999938964844,181.7602996826172,211.0856475830078,244.9900054931641,395.2535705566406,216.59120178222656,110.2699966430664,63090.58984375,1690.1485595703125,66.79495239257812
2026-06-09,290.29962158203125,402.6520080566406,207.95730590820312,364.0260314941406,244.19000244140625,583.588134765625,396.6799926757813,475.510009765625,81.41000366210938,174.59144592285156,205.0964813232422,237.8800048828125,390.8286437988281,204.30804443359372,107.91999816894533,61643.78125,1637.7066650390625,64.9620590209961
2026-06-10,291.3287353515625,396.61334228515625,200.19598388671875,356.1510925292969,238.0,570.00146484375,381.5899963378906,452.3999938964844,82.0,170.18060302734375,200.56224060058597,233.3800048828125,370.8367614746094,190.1650238037109,107.04000091552734,61449.2890625,1620.1376953125,63.16095352172852
2026-06-11,295.375244140625,389.6065673828125,204.64100646972656,357.5401611328125,241.50999450683597,567.455810546875,399.1499938964844,488.4500122070313,81.2699966430664,166.15768432617188,183.4617462158203,218.8000030517578,384.2610168457031,201.8613739013672,116.95999908447266,63561.0546875,1672.2806396484375,66.82200622558594
2026-06-12,290.879150390625,390.00579833984375,204.96066284179688,359.4489440917969,238.5500030517578,566.00830078125,406.4299926757813,511.5700073242188,80.33999633789062,165.59866333007812,183.49163818359372,204.0200042724609,380.7729187011719,210.57394409179688,124.56999969482422,63543.19921875,1665.1278076171875,66.74927520751953
2026-06-15,296.1645812988281,399.0088806152344,212.2125396728516,369.1127624511719,246.0200042724609,593.011962890625,411.1499938964844,547.260009765625,81.66999816894531,164.26101684570312,191.97213745117188,206.3600006103516,392.60260009765625,219.61474609375,127.86000061035156,66289.5,1794.961181640625,73.97933197021484
2026-06-16,298.9821472167969,393.0899963378906,207.1781768798828,373.01025390625,246.0,599.7366943359375,404.6600036621094,507.2900085449219,78.72000122070312,161.42601013183594,187.6770782470703,207.32000732421875,375.4310607910156,212.91123962402344,117.0500030517578,65600.640625,1790.398193359375,73.41378784179688
2026-06-17,295.6949768066406,378.1980285644531,204.42124938964844,363.5563354492188,237.5,567.1324462890625,396.3800048828125,512.47998046875,76.95999908447266,154.7477569580078,182.8937225341797,196.27999877929688,391.5661315917969,211.8171844482422,121.0999984741211,64418.4453125,1747.885498046875,71.93098449707031
2026-06-18,297.7532043457031,378.6871032714844,210.4545135498047,367.7935791015625,244.38999938964844,576.7647705078125,400.489990234375,537.3699951171875,77.37999725341797,151.51344299316406,183.6510772705078,195.16000366210935,409.9534912109375,224.88604736328125,133.99000549316406,62896.47265625,1709.533447265625,69.62649536132812
2026-06-22,296.75408935546875,366.6497802734375,208.41677856445312,349.45538330078125,232.7899932861328,563.4053344726562,405.0499877929688,551.6300048828125,72.87999725341797,149.85635375976562,174.4630584716797,194.8999938964844,391.4172668457031,220.69883728027344,140.94000244140625,63952.10546875,1726.5108642578125,71.90816497802734
2026-06-23,294.04638671875,373.23736572265625,199.81640625,345.9076538085937,234.1100006103516,561.7566528320312,381.6099853515625,519.8499755859375,72.81999969482422,153.1505584716797,164.58740234375,197.42999267578125,379.4590148925781,203.0250396728516,132.27999877929688,62668.01953125,1665.436767578125,69.64368438720703
2026-06-24,292.8274230957031,364.7733154296875,198.77757263183597,345.0682067871094,234.2700042724609,557.230224609375,375.5299987792969,519.739990234375,71.83999633789062,152.49171447753906,156.98385620117188,196.57000732421875,381.3755493164063,196.34141540527344,131.64999389648438,60995.1328125,1619.9249267578125,67.98249816894531
2026-06-25,274.91290283203125,352.1670227050781,195.52122497558597,343.4891967773437,227.00999450683597,542.44189453125,375.1199951171875,532.5700073242188,70.9000015258789,149.92623901367188,151.9314422607422,193.41000366210935,378.2212829589844,203.79086303710935,132.8699951171875,59721.67578125,1564.816650390625,67.57408905029297
2026-06-26,283.53546142578125,372.2691955566406,192.31480407714844,337.1732788085937,232.69000244140625,549.8161010742188,379.7099914550781,521.5800170898438,73.80999755859375,158.0918731689453,148.0150604248047,202.72999572753903,364.35650634765625,188.3648223876953,128.32000732421875,60016.4296875,1576.6160888671875,71.83538055419922
2026-06-29,281.4972229003906,367.8774719238281,194.7520751953125,353.4228210449219,240.13999938964844,562.1563110351562,411.8399963378906,539.489990234375,73.77999877929688,157.6526336669922,147.2477264404297,206.42999267578125,371.7730407714844,187.69845581054688,131.72000122070312,60138.37890625,1610.205810546875,74.94681549072266
2026-06-30,289.11065673828125,372.319091796875,199.8663482666016,357.14044189453125,238.33999633789065,562.8457641601562,420.6000061035156,580.9099731445312,71.4000015258789,156.38487243652344,146.04193115234375,205.0200042724609,377.0633850097656,183.7897186279297,139.6300048828125,58558.859375,1569.5838623046875,73.52330780029297
2026-07-01,294.1263427734375,383.5579528808594,197.35916137695312,360.97796630859375,241.6999969482422,612.4266357421875,425.2999877929688,540.8800048828125,74.19000244140625,162.94332885742188,142.00596618652344,210.97999572753903,368.6686706542969,180.9352569580078,127.0199966430664,60003.7578125,1608.960693359375,77.38370513916016
2026-07-02,308.3640441894531,389.7562561035156,194.61224365234372,359.6788024902344,242.6699981689453,582.4403686523438,393.4500122070313,517.8200073242188,77.6500015258789,165.8182830810547,139.78370666503906,219.72000122070312,359.7948303222656,175.2959442138672,120.3499984741211,61485.30078125,1698.16943359375,80.64398193359375
2026-07-06,312.3905944824219,386.0133056640625,195.33143615722656,366.2245788574219,244.16000366210935,599.8165893554688,419.7699890136719,552.0499877929688,76.0199966430664,165.3590850830078,143.2615966796875,218.07000732421875,373.2203674316406,185.47056579589844,122.1999969482422,63995.015625,1797.57373046875,81.91517639160156
2026-07-07,310.3923034667969,388.109375,196.7098846435547,366.7942199707031,245.97999572753903,615.0946044921875,402.8999938964844,516.1099853515625,76.18000030517578,169.2222900390625,141.1090850830078,221.5399932861328,370.1060485839844,181.9795684814453,110.38999938964844,63297.39453125,1768.511474609375,80.6487045288086
2026-07-08,313.1199645996094,382.6197204589844,203.891845703125,361.6875305175781,243.6199951171875,602.6444091796875,394.05999755859375,517.4099731445312,75.58999633789062,166.28746032714844,140.00294494628906,220.94000244140625,387.9834899902344,185.55014038085935,110.23999786376952,62257.57421875,1742.6776123046875,77.78702545166016
2026-07-09,315.947509765625,383.6377868652344,202.5533447265625,358.65948486328125,247.0399932861328,630.9819946289062,406.5499877929688,546.719970703125,75.47000122070312,162.21461486816406,143.72000122070312,222.6499938964844,400.38092041015625,190.0755157470703,112.54000091552734,63193.1484375,1744.484619140625,78.04546356201172
2026-07-10,315.0483093261719,384.37640380859375,210.7242126464844,356.9505615234375,245.33999633789065,668.6823120117188,407.760009765625,557.8900146484375,73.37000274658203,163.03318786621094,140.63999938964844,223.63999938964844,399.2430114746094,188.1360626220703,109.83999633789062,64127.140625,1795.6932373046875,78.06661224365234
2026-07-13,317.0365600585937,390.2553405761719,203.3025054931641,352.2835693359375,247.30999755859372,656.2120971679688,394.760009765625,534.3900146484375,73.83000183105469,170.9193115234375,131.5399932861328,230.6100006103516,383.3519287109375,182.98410034179688,103.12000274658205,62239.12109375,1773.500732421875,74.86138916015625
2026-07-14,314.58868408203125,384.2067260742188,211.5632781982422,359.2790832519531,247.4900054931641,660.5186767578125,396.1799926757813,548.1300048828125,73.52999877929688,167.26573181152344,127.94000244140624,220.77999877929688,388.4027099609375,177.1359405517578,107.76000213623048,64956.11328125,1889.4798583984373,77.76244354248047
2026-07-15,327.2178039550781,394.8866271972656,212.26248168945312,370.6817626953125,254.9600067138672,680.7727661132812,394.4599914550781,529.1400146484375,73.68000030517578,166.7067108154297,132.49000549316406,224.55999755859372,393.5633239746094,177.01658630371094,102.98999786376952,64712.375,1916.9437255859373,77.26406860351562
2026-07-16,332.97283935546875,400.3463439941406,207.16818237304688,354.2322998046875,249.88999938964844,664.0159301757812,391.05999755859375,500.9400024414063,74.3499984741211,172.37673950195312,124.20999908447266,235.30999755859372,373.7694091796875,169.6864776611328,96.9800033569336,63789.28125,1863.193359375,75.27197265625
2026-07-17,333.452392578125,393.08001708984375,202.58331298828125,346.5472412109375,247.22999572753903,645.5006103515625,380.8399963378906,495.760009765625,68.94999694824219,170.4700927734375,126.41000366210938,237.25,370.1559448242188,170.8501434326172,95.04000091552734,63899.4609375,1840.9881591796875,75.0115966796875
2026-07-20,326.3085632324219,401.53411865234375,203.05279541015625,351.7638854980469,249.9900054931641,645.3406982421875,369.5700073242188,503.5700073242188,67.5999984741211,173.4847869873047,121.37999725341795,234.7400054931641,377.47265625,169.39805603027344,97.05999755859376,65230.02734375,1903.7589111328125,77.79191589355469
2026-07-21,327.45758056640625,397.0026245117188,207.0583038330078,346.927001953125,247.5500030517578,643.3023071289062,378.9299926757813,544.4299926757812,68.66999816894531,169.76133728027344,127.0500030517578,227.16000366210935,385.7974853515625,172.5608367919922,105.4499969482422,66505.125,1928.3837890625,78.10860443115234
2026-07-22,325.60919189453125,389.6065673828125,211.82298278808597,341.8702392578125,244.8500061035156,626.6754150390625,374.010009765625,552.3300170898438,68.52999877929688,162.7137451171875,125.83999633789062,218.3600006103516,396.0887451171875,174.67930603027344,102.62000274658205,66100.796875,1933.4901123046875,77.90626525878906
2026-07-23,321.3828430175781,380.8630065917969,208.5266571044922,317.4859313964844,233.66000366210935,605.6220092773438,319.69000244140625,539.6900024414062,68.88999938964844,156.65438842773438,120.04000091552734,212.1699981689453,391.7566223144531,170.18377685546875,100.2300033569336,65044.8125,1877.1002197265625,75.85980224609375
2026-07-24,332.7330322265625,380.9828186035156,206.6088104248047,319.5346069335937,232.1100006103516,594.7206420898438,313.0299987792969,521.9500122070312,70.08999633789062,163.37258911132812,114.98999786376952,225.1100006103516,381.225830078125,166.06617736816406,92.31999969482422,64098.49609375,1860.1767578125,73.87991333007812
2026-07-27,336.61968994140625,388.368896484375,196.2903594970703,326.3502197265625,231.38999938964844,593.4016723632812,309.2200012207031,494.9500122070313,70.4000015258789,173.29513549804688,119.9000015258789,237.75,382.5234375,169.1195526123047,91.66999816894533,63724.8984375,1890.613525390625,74.141845703125
2026-07-28,339.78692626953125,392.6109008789063,196.789794921875,333.4956359863281,230.8600006103516,592.9420166015625,307.44000244140625,454.6199951171875,72.38999938964844,181.1812438964844,119.95999908447266,249.17999267578125,380.2176513671875,161.99832153320312,86.30000305175781,63871.36328125,1919.948486328125,73.69912719726562
2026-07-29,337.8985900878906,389.8061828613281,189.7976226806641,336.49371337890625,226.6499938964844,585.148193359375,298.32000732421875,429.55999755859375,73.62999725341797,188.04917907714844,117.73999786376952,263.42999267578125,369.64691162109375,154.83729553222656,81.87999725341797,63908.16796875,1908.51904296875,73.59720611572266
2026-07-30,333.1426696777344,450.2524108886719,194.82199096679688,333.4456787109375,235.5,538.60498046875,308.8500061035156,485.3900146484375,73.16999816894531,180.39263916015625,127.55999755859376,247.8999938964844,387.1350402832031,150.77938842773438,91.12999725341795,64725.30859375,1917.3729248046875,74.46800231933594
2026-07-31,308.6438293457031,463.8468017578125,200.52561950683597,355.9012451171875,271.5799865722656,556.27099609375,311.2099914550781,476.1499938964844,71.70999908447266,183.6968231201172,129.8699951171875,250.41000366210935,388.5724182128906,146.81097412109375,90.1999969482422,62813.74609375,1860.345947265625,72.78968048095703
2026-08-03,303.1585693359375,486.7337036132813,206.40904235839844,373.2700805664063,284.0199890136719,589.7745361328125,322.0799865722656,484.6400146484375,73.33000183105469,185.62342834472656,141.85000610351562,251.33999633789065,391.51708984375,150.7495574951172,91.0,63460.8984375,1858.2564697265625,73.47370147705078
2026-08-04,309.1134033203125,491.884033203125,211.7031097412109,377.4074096679688,277.4200134277344,587.4763793945312,327.3500061035156,518.5800170898438,73.56999969482422,190.6545867919922,145.74000549316406,257.489990234375,417.3999328613281,161.78945922851562,100.86000061035156,64055.953125,1868.3858642578125,73.71775817871094
2026-08-05,310.7320251464844,486.5440673828125,218.9749755859375,362.1971740722656,272.6499938964844,588.3057250976562,321.54998779296875,482.0499877929688,74.19999694824219,192.64108276367188,144.38999938964844,259.32000732421875,417.5197143554688,156.67727661132812,101.05999755859376,64597.5,1906.5260009765625,73.96138000488281
2026-08-06,312.14080810546875,498.9207458496094,218.7452392578125,357.52020263671875,272.260009765625,589.4348754882812,319.5299987792969,489.2799987792969,73.69000244140625,186.44200134277344,143.47000122070312,260.239990234375,419.8055725097656,159.5218048095703,99.80999755859376,64262.11328125,1902.0574951171875,72.57652282714844
2026-08-07,313.0599975585937,499.0505065917969,223.70968627929688,354.0723876953125,274.4800109863281,591.633056640625,328.5799865722656,483.3599853515625,74.13999938964844,192.40151977539065,147.02000427246094,265.2099914550781,426.98248291015625,166.9513702392578,101.6500015258789,64880.19140625,1913.2794189453125,73.64265441894531
2026-08-10,308.260009765625,505.109130859375,217.3068389892578,357.29034423828125,278.0899963378906,594.4508666992188,330.8800048828125,469.55999755859375,76.29000091552734,197.1631317138672,151.0500030517578,272.9599914550781,421.6322326660156,161.2921600341797,97.5199966430664,63910.5859375,1871.2786865234373,75.94520568847656
2026-08-11,304.9100036621094,502.86334228515625,217.25689697265625,343.5791320800781,272.2699890136719,598.6475219726562,332.8099975585937,474.3200073242188,74.79000091552734,197.12319946289065,145.47999572753906,263.7099914550781,415.3236999511719,161.7993927001953,97.70999908447266,63551.875,1881.37353515625,76.19506072998047
2026-08-12,302.25,491.5047302246094,223.8395233154297,343.3193359375,267.2799987792969,578.3934936523438,327.510009765625,482.9299926757813,74.20999908447266,192.98049926757807,153.27999877929688,258.75,415.2937622070313,162.1873016357422,100.9499969482422,63402.43359375,1878.135009765625,75.5254898071289
2026-08-13,305.260009765625,495.9463806152344,225.04818725585935,346.13751220703125,265.1300048828125,594.5007934570312,339.9599914550781,483.010009765625,78.23999786376953,201.016357421875,156.22000122070312,270.489990234375,417.060546875,163.89797973632812,104.55999755859376,63402.171875,1883.9913330078125,76.17732238769531
2026-08-14,305.92999267578125,494.4691467285156,224.9083404541016,345.67779541015625,262.6499938964844,589.3848266601562,342.2699890136719,514.3900146484375,78.16000366210938,195.86541748046875,150.52000427246094,264.0199890136719,392.2756652832031,164.89256286621094,102.5,62975.59375,1880.6500244140625,75.32730865478516
2026-08-17,305.5899963378906,479.4474487304688,224.7584991455078,343.7790222167969,261.3099975585937,568.5213012695312,339.29998779296875,506.0,76.0199966430664,190.63462829589844,146.64999389648438,254.0399932861328,391.7167053222656,161.30210876464844,103.48999786376952,64506.25390625,1912.2021484375,75.9440689086914
2026-08-18,310.0299987792969,480.72503662109375,219.4944000244141,343.9789123535156,259.45001220703125,543.2412719726562,336.8699951171875,484.3900146484375,77.7699966430664,195.7955474853516,142.7899932861328,263.1400146484375,379.3092956542969,159.32289123535156,96.69000244140624,64680.7109375,1916.4595947265625,77.03120422363281
2026-08-19,316.8299865722656,483.3999938964844,217.31683349609372,344.4985656738281,265.8399963378906,545.5994262695312,351.1199951171875,466.4200134277344,80.22000122070312,205.72805786132807,143.80999755859375,272.4700012207031,361.8211364746094,161.0335693359375,92.8000030517578,69266.1875,2251.4580078125,85.37448120117188
2026-08-20,311.29998779296875,481.1499938964844,216.60763549804688,340.451171875,260.1099853515625,545.3995971679688,345.1300048828125,469.4599914550781,80.13999938964844,205.0692138671875,142.07000732421875,272.2200012207031,363.3683166503906,159.86990356445312,92.12999725341795,73032.7578125,2326.384765625,87.6369400024414
2026-08-21,309.3500061035156,483.239990234375,214.48001098632807,344.5985107421875,258.6300048828125,549.4663696289062,362.8599853515625,473.25,79.58999633789062,208.8026580810547,146.47000122070312,275.29998779296875,367.7803039550781,159.87985229492188,90.06999969482422,78335.1875,2515.28173828125,93.6536102294922
2026-08-24,310.3399963378906,487.30999755859375,208.2469787597656,347.83642578125,262.07000732421875,558.5792236328125,348.95001220703125,456.75,80.01000213623047,208.6928558349609,142.4499969482422,276.2699890136719,358.10791015625,157.67185974121094,87.26000213623047,78964.484375,2481.831298828125,98.5616683959961
2026-08-25,309.8999938964844,491.7099914550781,212.81187438964844,346.73712158203125,261.0599975585937,569.6004638671875,350.25,479.1799926757813,82.2300033569336,205.32876586914065,144.75999450683594,273.9200134277344,356.091552734375,159.6908721923828,87.4800033569336,78564.9765625,2443.159423828125,96.6035385131836
2026-08-26,313.45001220703125,496.3699951171875,209.4256591796875,341.7803039550781,260.2799987792969,575.6856689453125,345.82000732421875,480.9299926757813,81.45999908447266,205.2588806152344,148.8699951171875,273.4700012207031,354.94366455078125,162.83377075195312,88.23999786376953,79027.421875,2506.260986328125,102.1674346923828
2026-08-27,314.5799865722656,505.05999755859375,227.7251739501953,340.4311828613281,256.260009765625,570.6495971679688,354.8099975585937,476.6700134277344,79.83999633789062,251.60736083984372,151.94000244140625,289.1499938964844,370.86468505859375,163.88803100585938,92.08999633789062,80257.5390625,2510.41015625,109.20824432373048
2026-08-28,319.70001220703125,513.530029296875,217.3068389892578,346.36737060546875,266.42999267578125,577.564208984375,348.75,465.5799865722656,81.72000122070312,255.5504150390625,150.85000610351562,291.5199890136719,368.1196899414063,163.30123901367188,89.47000122070312,77830.2890625,2442.535888671875,104.126953125
2026-08-31,316.8500061035156,507.2900085449219,220.53323364257807,339.13201904296875,259.7699890136719,571.888671875,367.9500122070313,470.7200012207031,81.05000305175781,257.08770751953125,149.1199951171875,292.7900085449219,369.6668395996094,169.5571746826172,89.51000213623047,78548.6328125,2466.8203125,102.99690246582033
2026-09-01,325.1300048828125,501.0199890136719,217.1969757080078,334.8047790527344,254.9199981689453,578.083740234375,356.0899963378906,459.6099853515625,80.80999755859375,257.6567077636719,141.32000732421875,286.0799865722656,369.008056640625,165.7081298828125,88.97000122070312,77403.625,2417.842041015625,99.98687744140624
2026-09-02,324.9599914550781,496.8200073242188,224.1591796875,336.9034423828125,254.97999572753903,592.3824462890625,357.010009765625,457.05999755859375,82.7300033569336,256.478759765625,145.75,279.7900085449219,366.5724792480469,169.04000854492188,90.05000305175781,77300.4765625,2391.5009765625,100.3856201171875
2026-09-03,328.2099914550781,510.1199951171875,228.1946563720703,342.260009765625,258.8999938964844,610.1984252929688,376.3699951171875,456.1600036621094,82.66999816894531,263.9656066894531,154.0399932861328,285.75,356.51080322265625,168.57000732421875,91.66999816894533,81271.7421875,2508.020751953125,103.97835540771484
2026-09-04,319.9700012207031,499.7000122070313,230.1025238037109,338.4599914550781,258.510009765625,616.2836303710938,354.0799865722656,477.5700073242188,78.25,258.7747497558594,158.77999877929688,266.510009765625,357.2494506835937,168.74000549316406,95.8000030517578,79671.96875,2456.078125,101.9494857788086
2026-09-08,316.2200012207031,493.9500122070313,225.47769165039065,338.3599853515625,256.9700012207031,612.9962158203125,368.1600036621094,505.739990234375,76.7699966430664,248.6824951171875,162.52000427246094,257.260009765625,367.89007568359375,174.08999633789062,104.47000122070312,78438.578125,2484.94140625,103.32512664794922
2026-09-09,315.3399963378906,491.6499938964844,223.4199981689453,330.6499938964844,252.3999938964844,653.1744995117188,367.80999755859375,521.0999755859375,76.02999877929688,243.7312164306641,161.6300048828125,254.8600006103516,363.7176818847656,176.39999389648438,106.23999786376952,78259.5234375,2466.913818359375,101.60806274414062
2026-09-10,326.57000732421875,492.4400024414063,218.3600006103516,332.6000061035156,251.88999938964844,643.8718872070312,363.55999755859375,503.6000061035156,76.01000213623047,242.5732421875,152.94000244140625,248.8300018310547,360.17413330078125,176.8800048828125,100.31999969482422,76568.125,2437.0986328125,98.68991088867188
2026-09-11,332.2699890136719,495.6300048828125,218.2899932861328,338.5,256.7799987792969,647.51904296875,365.4400024414063,516.1300048828125,77.4000015258789,247.2849578857422,150.27999877929688,252.22999572753903,361.33203125,181.97000122070312,102.94000244140624,77173.796875,2514.73388671875,102.39624786376952
2026-09-14,333.0799865722656,505.4100036621094,210.9600067138672,349.3900146484375,253.5399932861328,665.0751342773438,358.9700012207031,493.4100036621094,80.31999969482422,258.9743957519531,144.7899932861328,265.6000061035156,344.0934143066406,180.1499938964844,97.19000244140624,78163.3828125,2514.406982421875,102.49505615234376
2026-09-15,331.3399963378906,497.1199951171875,212.1699981689453,344.9800109863281,248.4199981689453,669.7114868164062,356.5799865722656,504.2000122070313,77.9000015258789,255.20101928710935,140.35000610351562,257.760009765625,338.6533203125,187.8000030517578,97.13999938964844,75612.5078125,2399.0869140625,96.88836669921876
2026-09-16,332.4100036621094,490.2999877929688,213.8999938964844,342.8699951171875,245.9600067138672,672.779052734375,358.0799865722656,512.5,76.41000366210938,250.09999084472656,143.16000366210938,250.5,338.8929138183594,184.83999633789065,101.0500030517578,76150.3203125,2416.119873046875,98.64186096191406
2026-09-17,337.0,497.75,219.33999633789065,347.3299865722656,251.19000244140625,681.77197265625,366.2000122070313,545.0900268554688,75.30999755859375,242.8500061035156,150.58999633789062,252.6699981689453,346.6687316894531,188.7100067138672,108.8000030517578,76403.7734375,2447.106689453125,101.6033935546875
2026-09-18,336.1300048828125,493.7799987792969,222.2700042724609,349.5400085449219,253.7100067138672,665.2250366210938,364.2699890136719,559.8200073242188,71.79000091552734,237.9199981689453,147.61000061035156,248.9199981689453,356.9599914550781,177.72000122070312,108.5999984741211,80901.4609375,2611.34716796875,112.5992202758789
2026-09-21,338.9800109863281,501.6099853515625,227.3800048828125,354.9700012207031,258.45001220703125,741.25,375.2999877929688,615.52001953125,73.36000061035156,236.4199981689453,148.55999755859375,249.5200042724609,362.6600036621094,194.22999572753903,121.77999877929688,86602.9140625,2776.46826171875,118.75012969970705
2026-09-22,339.75,498.0,228.8699951171875,351.1600036621094,254.97999572753903,736.5999755859375,378.8999938964844,623.77001953125,72.16000366210938,233.27999877929688,149.1999969482422,238.25,364.5400085449219,198.2700042724609,123.86000061035156,86172.28125,2752.632568359375,118.5074234008789
2026-09-23,337.0199890136719,500.5899963378906,225.50999450683597,337.8299865722656,249.2700042724609,744.0999755859375,380.1199951171875,614.6099853515625,71.36000061035156,237.5800018310547,144.55999755859375,240.69000244140625,354.989990234375,197.2400054931641,122.5999984741211,84383.0078125,2684.69189453125,114.97534942626952
2026-09-24,335.9200134277344,497.9299926757813,224.5800018310547,342.3599853515625,249.3800048828125,777.5900268554688,377.9400024414063,629.260009765625,71.72000122070312,238.22000122070312,139.5399932861328,238.92999267578125,350.3599853515625,194.25999450683597,127.38999938964844,84379.0625,2687.301513671875,117.00911712646484
2026-09-25,341.07000732421875,516.1699829101562,225.07000732421875,343.9200134277344,249.6699981689453,751.6599731445312,372.1099853515625,630.6300048828125,71.1500015258789,234.0200042724609,137.10000610351562,235.47000122070312,352.8099975585937,201.97000122070312,123.0,84034.921875,2690.4755859375,122.0097427368164
2026-09-28,338.3999938964844,509.2200012207031,228.8600006103516,342.75,246.1499938964844,715.6199951171875,357.45001220703125,607.8699951171875,69.2300033569336,227.2700042724609,132.60000610351562,231.00999450683597,349.57000732421875,187.47999572753903,116.02999877929688,83502.609375,2688.668701171875,118.83673095703124
2026-09-29,329.3999938964844,508.9599914550781,227.2100067138672,340.9200134277344,246.6699981689453,738.7899780273438,352.8399963378906,607.5700073242188,70.30000305175781,225.30999755859372,137.7899932861328,233.1699981689453,355.1000061035156,184.1000061035156,115.93000030517578,83622.4296875,2676.72216796875,119.0554656982422
2026-09-30,333.0199890136719,512.9000244140625,228.3800048828125,344.0799865722656,249.1499938964844,725.1799926757812,354.8099975585937,611.760009765625,69.58000183105469,229.57000732421875,137.3000030517578,239.94000244140625,351.19000244140625,184.0399932861328,120.2300033569336,83553.8515625,2683.679443359375,117.99481201171876
2026-10-01,330.32000732421875,512.7999877929688,230.8600006103516,338.239990234375,248.22999572753903,725.9299926757812,354.1099853515625,615.72998046875,67.8499984741211,236.69000244140625,138.07000732421875,241.27999877929688,343.6400146484375,182.08999633789065,120.0,84853.1015625,2705.537109375,118.3978271484375
2026-10-02,333.69000244140625,517.530029296875,233.9499969482422,343.5,251.5200042724609,728.0800170898438,370.5899963378906,633.9099731445312,67.05999755859375,234.69000244140625,142.3000030517578,237.69000244140625,355.1400146484375,184.8699951171875,119.33000183105467,84497.2109375,2668.151123046875,118.61514282226562
2026-10-05,332.8900146484375,525.1799926757812,238.8999938964844,346.4700012207031,251.3999938964844,741.9000244140625,378.7300109863281,631.75,67.5,229.7899932861328,142.47999572753906,238.7899932861328,362.510009765625,180.7899932861328,116.19000244140624,84497.2109375,2668.151123046875,118.61514282226562
