date,avg_vol30,vol30_dispersion,avg_pairwise_corr,port_vol30,vix,regime_id,regime_name,regime_name_smoothed
2021-10-07,,,,,,,Warm-up,Warm-up
2021-10-08,,,,,,,Warm-up,Warm-up
2021-10-11,,,,,,,Warm-up,Warm-up
2021-10-12,,,,,,,Warm-up,Warm-up
2021-10-13,,,,,,,Warm-up,Warm-up
2021-10-14,,,,,,,Warm-up,Warm-up
2021-10-15,,,,,,,Warm-up,Warm-up
2021-10-18,,,,,,,Warm-up,Warm-up
2021-10-19,,,,,,,Warm-up,Warm-up
2021-10-20,,,,,,,Warm-up,Warm-up
2021-10-21,,,,,,,Warm-up,Warm-up
2021-10-22,,,,,,,Warm-up,Warm-up
2021-10-25,,,,,,,Warm-up,Warm-up
2021-10-26,,,,,,,Warm-up,Warm-up
2021-10-27,,,,,,,Warm-up,Warm-up
2021-10-28,,,,,,,Warm-up,Warm-up
2021-10-29,,,,,,,Warm-up,Warm-up
2021-11-01,,,,,,,Warm-up,Warm-up
2021-11-02,,,,,,,Warm-up,Warm-up
2021-11-03,,,,,,,Warm-up,Warm-up
2021-11-04,,,,,,,Warm-up,Warm-up
2021-11-05,,,,,,,Warm-up,Warm-up
2021-11-08,,,,,,,Warm-up,Warm-up
2021-11-09,,,,,,,Warm-up,Warm-up
2021-11-10,,,,,,,Warm-up,Warm-up
2021-11-11,,,,,,,Warm-up,Warm-up
2021-11-12,,,,,,,Warm-up,Warm-up
2021-11-15,,,,,,,Warm-up,Warm-up
2021-11-16,,,,,,,Warm-up,Warm-up
2021-11-17,,,,,,,Warm-up,Warm-up
2021-11-18,,,,,,,Warm-up,Warm-up
2021-11-19,,,,,,,Warm-up,Warm-up
2021-11-22,,,,,,,Warm-up,Warm-up
2021-11-23,,,,,,,Warm-up,Warm-up
2021-11-24,,,,,,,Warm-up,Warm-up
2021-11-26,,,,,,,Warm-up,Warm-up
2021-11-29,,,,,,,Warm-up,Warm-up
2021-11-30,,,,,,,Warm-up,Warm-up
2021-12-01,,,,,,,Warm-up,Warm-up
2021-12-02,,,,,,,Warm-up,Warm-up
2021-12-03,,,,,,,Warm-up,Warm-up
2021-12-06,,,,,,,Warm-up,Warm-up
2021-12-07,,,,,,,Warm-up,Warm-up
2021-12-08,,,,,,,Warm-up,Warm-up
2021-12-09,,,,,,,Warm-up,Warm-up
2021-12-10,,,,,,,Warm-up,Warm-up
2021-12-13,,,,,,,Warm-up,Warm-up
2021-12-14,,,,,,,Warm-up,Warm-up
2021-12-15,,,,,,,Warm-up,Warm-up
2021-12-16,,,,,,,Warm-up,Warm-up
2021-12-17,,,,,,,Warm-up,Warm-up
2021-12-20,,,,,,,Warm-up,Warm-up
2021-12-21,,,,,,,Warm-up,Warm-up
2021-12-22,,,,,,,Warm-up,Warm-up
2021-12-23,,,,,,,Warm-up,Warm-up
2021-12-27,,,,,,,Warm-up,Warm-up
2021-12-28,,,,,,,Warm-up,Warm-up
2021-12-29,,,,,,,Warm-up,Warm-up
2021-12-30,,,,,,,Warm-up,Warm-up
2021-12-31,,,,,,,Warm-up,Warm-up
2022-01-03,,,,,,,Warm-up,Warm-up
2022-01-04,,,,,,,Warm-up,Warm-up
2022-01-05,,,,,,,Warm-up,Warm-up
2022-01-06,,,,,,,Warm-up,Warm-up
2022-01-07,,,,,,,Warm-up,Warm-up
2022-01-10,,,,,,,Warm-up,Warm-up
2022-01-11,,,,,,,Warm-up,Warm-up
2022-01-12,,,,,,,Warm-up,Warm-up
2022-01-13,,,,,,,Warm-up,Warm-up
2022-01-14,,,,,,,Warm-up,Warm-up
2022-01-18,,,,,,,Warm-up,Warm-up
2022-01-19,,,,,,,Warm-up,Warm-up
2022-01-20,,,,,,,Warm-up,Warm-up
2022-01-21,,,,,,,Warm-up,Warm-up
2022-01-24,,,,,,,Warm-up,Warm-up
2022-01-25,,,,,,,Warm-up,Warm-up
2022-01-26,,,,,,,Warm-up,Warm-up
2022-01-27,,,,,,,Warm-up,Warm-up
2022-01-28,,,,,,,Warm-up,Warm-up
2022-01-31,,,,,,,Warm-up,Warm-up
2022-02-01,,,,,,,Warm-up,Warm-up
2022-02-02,,,,,,,Warm-up,Warm-up
2022-02-03,,,,,,,Warm-up,Warm-up
2022-02-04,,,,,,,Warm-up,Warm-up
2022-02-07,,,,,,,Warm-up,Warm-up
2022-02-08,,,,,,,Warm-up,Warm-up
2022-02-09,,,,,,,Warm-up,Warm-up
2022-02-10,,,,,,,Warm-up,Warm-up
2022-02-11,,,,,,,Warm-up,Warm-up
2022-02-14,0.5601228818412852,0.2298516963710222,0.4045508595709184,0.4045836600483793,28.33,2.0,Elevated,Elevated
2022-02-15,0.5675946867823637,0.2342798428242071,0.4122190397193397,0.4191279390417148,25.7,2.0,Elevated,Elevated
2022-02-16,0.5659929178146376,0.2348575742272014,0.4126815701590363,0.4187678473151142,24.29,2.0,Elevated,Elevated
2022-02-17,0.5647815031245031,0.2381781356011322,0.4268643265031434,0.420292648301382,28.11,2.0,Elevated,Elevated
2022-02-18,0.5669470282878621,0.235825965693377,0.4283988976886054,0.4213919376657509,27.75,2.0,Elevated,Elevated
2022-02-22,0.5645822566424956,0.2330239290209687,0.4290839846876965,0.4200618575528514,28.81,2.0,Elevated,Elevated
2022-02-23,0.5664377540657577,0.2347771249544887,0.4306957962260104,0.4237427424125887,31.02,2.0,Elevated,Elevated
2022-02-24,0.5858991788503655,0.2277006838342688,0.4433052899191273,0.4443271383916123,30.32,3.0,Crisis,Elevated
2022-02-25,0.5870580681174633,0.2239055747230554,0.4458978488442734,0.4471938282104658,27.59,3.0,Crisis,Elevated
2022-02-28,0.5892440520695824,0.2325544653861777,0.4448581175231773,0.4461544071394585,30.15,3.0,Crisis,Crisis
2022-03-01,0.5915424559012156,0.2329482976986688,0.445511541845482,0.445326106366767,33.32,3.0,Crisis,Crisis
2022-03-02,0.5922972464894359,0.2312900875365805,0.4478225786406395,0.4434659872993171,30.74,3.0,Crisis,Crisis
2022-03-03,0.5932203961051472,0.2336155669196695,0.4593947485416236,0.4465765443921647,30.48,3.0,Crisis,Crisis
2022-03-04,0.5958303508592901,0.2362859322588664,0.4603458421223804,0.4468957910175934,31.98,3.0,Crisis,Crisis
2022-03-07,0.5785719122131527,0.2090033612610626,0.4718786004300632,0.4390003566698369,36.45,2.0,Elevated,Crisis
2022-03-08,0.5694336862393043,0.1928461690963711,0.4767502578740049,0.438897734970925,35.13,2.0,Elevated,Crisis
2022-03-09,0.5831327398758228,0.1937474020896244,0.4881044980098015,0.4578372856247009,32.45,2.0,Elevated,Elevated
2022-03-10,0.5867589552335966,0.1981488168040003,0.4871459070633592,0.4610501178531859,30.23,2.0,Elevated,Elevated
2022-03-11,0.5782854140618474,0.1966446869693031,0.4916109469829311,0.463003437011348,30.75,2.0,Elevated,Elevated
2022-03-14,0.5722290449077176,0.2016327781425936,0.4907325939828565,0.4569359427607852,31.77,2.0,Elevated,Elevated
2022-03-15,0.5595516902977618,0.1916075618513985,0.4948092142013424,0.4429862502311487,29.83,2.0,Elevated,Elevated
2022-03-16,0.5691886619162623,0.1890228597600619,0.5104015014813841,0.4586154444557921,26.67,2.0,Elevated,Elevated
2022-03-17,0.5602034854198982,0.1893930929049016,0.5115664100186929,0.4599811151502372,25.67,2.0,Elevated,Elevated
2022-03-18,0.532984314356154,0.1732077253609031,0.5183351429907643,0.4490019838638982,23.87,2.0,Elevated,Elevated
2022-03-21,0.5120147173699288,0.1572458698450352,0.5206068340091707,0.4366755636961452,23.53,2.0,Elevated,Elevated
2022-03-22,0.5126282863592041,0.154982030446353,0.5221883117289084,0.4413668248593271,22.94,2.0,Elevated,Elevated
2022-03-23,0.5176251217390014,0.1563660518467829,0.5189455411997826,0.4419416423756246,23.57,2.0,Elevated,Elevated
2022-03-24,0.5243709007958802,0.1603505210597569,0.5230049626050791,0.4475594262500987,21.67,2.0,Elevated,Elevated
2022-03-25,0.5157608573521346,0.1579422546163975,0.5234190380754038,0.4378909830336843,20.81,2.0,Elevated,Elevated
2022-03-28,0.5058320677566406,0.1553207908932096,0.5296040916505509,0.4229734142100029,19.63,2.0,Elevated,Elevated
2022-03-29,0.5088374786248724,0.1560766553183013,0.5317640588839052,0.4256727562125063,18.9,2.0,Elevated,Elevated
2022-03-30,0.5007347182212423,0.1484904951958575,0.5367366167673138,0.4142077427279818,19.33,2.0,Elevated,Elevated
2022-03-31,0.505287316794685,0.1493893568799558,0.5382578948779595,0.4175859428952109,20.56,2.0,Elevated,Elevated
2022-04-01,0.4885631014694256,0.1453657452894673,0.5359562957902121,0.3937576318044712,19.63,2.0,Elevated,Elevated
2022-04-04,0.4894442188975949,0.1436253955972609,0.5405419351664522,0.3949542799771838,18.57,2.0,Elevated,Elevated
2022-04-05,0.4934777779874328,0.1428183713504479,0.5444688334691385,0.4019643191933793,21.03,2.0,Elevated,Elevated
2022-04-06,0.5017504086653586,0.1533421512318356,0.5477924630898721,0.4114490997394756,22.1,2.0,Elevated,Elevated
2022-04-07,0.4828629158130598,0.1565956717744775,0.5421653792640658,0.3922528457681359,21.55,2.0,Elevated,Elevated
2022-04-08,0.4849150477097807,0.1606720509039517,0.5462865179466427,0.3947150811038571,21.16,2.0,Elevated,Elevated
2022-04-11,0.4886499950891058,0.160670583413277,0.5554113262216215,0.4023176440113553,24.37,2.0,Elevated,Elevated
2022-04-12,0.4841169594678338,0.160208890293389,0.5558825783897003,0.3996983577841229,24.26,2.0,Elevated,Elevated
2022-04-13,0.4826827488618582,0.1624299684781116,0.5575514773456419,0.4008081920601327,21.82,2.0,Elevated,Elevated
2022-04-14,0.4842495069486064,0.1594065870507897,0.5642189397107082,0.4032665900614833,22.7,2.0,Elevated,Elevated
2022-04-18,0.4762043194241487,0.151806996685039,0.5618715806565673,0.3979538293310913,22.17,2.0,Elevated,Elevated
2022-04-19,0.4612200109593153,0.1495965710486685,0.5663290313833524,0.3816046513565974,21.37,2.0,Elevated,Elevated
2022-04-20,0.5040672031964158,0.2140559066028956,0.5531092413922288,0.39820704900101,20.32,2.0,Elevated,Elevated
2022-04-21,0.4912845459773765,0.2150378584891502,0.5713625958204013,0.381582905506649,22.68,2.0,Elevated,Elevated
2022-04-22,0.4890927646242973,0.2101707333119624,0.5727041613753292,0.3828945505555998,28.21,2.0,Elevated,Elevated
2022-04-25,0.4860279449361884,0.2087691821904397,0.5748838056913975,0.379128195160762,27.02,2.0,Elevated,Elevated
2022-04-26,0.5026278990651742,0.2125959047717502,0.5763437257102666,0.4000680226873042,33.52,2.0,Elevated,Elevated
2022-04-27,0.4929002116778107,0.2127677391389306,0.5730819127043417,0.3877526621972461,31.6,2.0,Elevated,Elevated
2022-04-28,0.5077764878611117,0.2146033320015523,0.5806113372155095,0.391400807857315,29.99,2.0,Elevated,Elevated
2022-04-29,0.5297535718487423,0.2045308543639119,0.5874834458272877,0.4110496935885979,33.4,2.0,Elevated,Elevated
2022-05-02,0.5323988133853739,0.2074060064343864,0.584916065181628,0.4088988374967822,32.34,2.0,Elevated,Elevated
2022-05-03,0.5322510416422143,0.2073851440100739,0.585932019690793,0.4089418944513905,29.25,2.0,Elevated,Elevated
2022-05-04,0.5449783390893583,0.2070433605804101,0.5932887905143943,0.425092194950455,25.42,2.0,Elevated,Elevated
2022-05-05,0.5647045431847997,0.2098769379776447,0.6061476615142061,0.4562349455666513,31.2,2.0,Elevated,Elevated
2022-05-06,0.5493050244900796,0.2101238837712197,0.6069720582125651,0.4420661677098095,30.19,2.0,Elevated,Elevated
2022-05-09,0.5911036296497174,0.2389986353745024,0.6137996342452103,0.4779647954256383,34.75,3.0,Crisis,Elevated
2022-05-10,0.5869158905446032,0.2344930575008934,0.6164675206052446,0.4764565121331371,32.99,3.0,Crisis,Elevated
2022-05-11,0.6027043424643324,0.2604447226007185,0.6194027181375551,0.487185800180421,32.56,3.0,Crisis,Crisis
2022-05-12,0.6033287268077973,0.2605307697012541,0.6190050273892932,0.4872086386615612,31.77,3.0,Crisis,Crisis
2022-05-13,0.6226750526155114,0.2697685650628912,0.624987523470362,0.511185636690946,28.87,3.0,Crisis,Crisis
2022-05-16,0.6216452267417542,0.2704840827027356,0.6219545812005154,0.5097828494777078,27.47,3.0,Crisis,Crisis
2022-05-17,0.6270361009239748,0.2731685757950953,0.6255996825428186,0.5154278183550605,26.1,3.0,Crisis,Crisis
2022-05-18,0.6426400765900007,0.2744994779687915,0.6365179013566101,0.5339602637770546,30.96,3.0,Crisis,Crisis
2022-05-19,0.6414507508425511,0.2757787655710566,0.633988559350576,0.5279711022956876,29.35,3.0,Crisis,Crisis
2022-05-20,0.6428579486938979,0.2731436753891817,0.6305072689532036,0.526635874937415,29.43,3.0,Crisis,Crisis
2022-05-23,0.6456147479325689,0.2694951543713135,0.6283312068029079,0.5277717717328105,28.48,3.0,Crisis,Crisis
2022-05-24,0.6455510544099272,0.2679194675587499,0.6259322397329158,0.5243179327759021,29.45,3.0,Crisis,Crisis
2022-05-25,0.6484975076700079,0.2679211618237217,0.6251890086450717,0.5274302486212609,28.37,3.0,Crisis,Crisis
2022-05-26,0.6552187350845646,0.2697763487471427,0.6207340901336786,0.5267869907702935,27.5,3.0,Crisis,Crisis
2022-05-27,0.6625799679137249,0.2684711585882223,0.6194373375226272,0.5295328204278424,25.72,3.0,Crisis,Crisis
2022-05-31,0.6766131452569278,0.2817214888157993,0.612552676199854,0.5326505231251669,26.19,3.0,Crisis,Crisis
2022-06-01,0.6787503006232822,0.281075800367737,0.6045108374782504,0.5258810810121669,25.69,3.0,Crisis,Crisis
2022-06-02,0.6584537410880152,0.2488632932859,0.6108291279311904,0.531679955360396,24.72,3.0,Crisis,Crisis
2022-06-03,0.6589218008492911,0.2487434178096928,0.6133980688976336,0.534856379620534,24.79,3.0,Crisis,Crisis
2022-06-06,0.6606451034724342,0.2627561994761624,0.6149140368897221,0.5347849626387688,25.07,3.0,Crisis,Crisis
2022-06-07,0.6592287915529931,0.2635814141795979,0.6211531218688068,0.5329136727115644,24.02,3.0,Crisis,Crisis
2022-06-08,0.64649542386983,0.2612818268835308,0.6198485664673293,0.5167028454941615,23.96,3.0,Crisis,Crisis
2022-06-09,0.6476019790813006,0.2618208426856696,0.6144024246857893,0.519714543418076,26.09,3.0,Crisis,Crisis
2022-06-10,0.6334032279991526,0.2623368137226675,0.619290763088379,0.5124847302284417,27.75,3.0,Crisis,Crisis
2022-06-13,0.6670227078224411,0.3195410683349661,0.6397944736651305,0.552588822593096,34.02,3.0,Crisis,Crisis
2022-06-14,0.6662742999506218,0.3189151845774799,0.6403770026095886,0.5483554818657532,32.69,3.0,Crisis,Crisis
2022-06-15,0.6806558999657076,0.3343095828200887,0.6458471298314142,0.5616651634388794,29.62,3.0,Crisis,Crisis
2022-06-16,0.6813246827404699,0.3365906013180905,0.655580567807024,0.5622781658295077,32.95,3.0,Crisis,Crisis
2022-06-17,0.6640815367841423,0.3408885508964185,0.6555578419139201,0.5432452732635599,31.13,3.0,Crisis,Crisis
2022-06-21,0.6780371494905918,0.3588344351636,0.6522629593817639,0.5535336020820574,30.19,3.0,Crisis,Crisis
2022-06-22,0.6499030258384,0.329778620430052,0.650071310495594,0.5205670793950532,28.95,3.0,Crisis,Crisis
2022-06-23,0.6525346771059558,0.3396640671804794,0.6457105450570116,0.5200135070698755,29.05,3.0,Crisis,Crisis
2022-06-24,0.649409472955091,0.3136428762159358,0.6518084416536857,0.5180344696666339,27.23,3.0,Crisis,Crisis
2022-06-27,0.6477445478426901,0.3113847113964864,0.6490708275883674,0.5191930039650825,26.95,3.0,Crisis,Crisis
2022-06-28,0.642545866288093,0.3091926813210618,0.6497781678373515,0.5122393349981754,28.36,3.0,Crisis,Crisis
2022-06-29,0.6401099943769888,0.3027697099583136,0.644323886224336,0.5123986101705205,28.16,3.0,Crisis,Crisis
2022-06-30,0.6289536627754084,0.3011560766702226,0.6458025792599076,0.500817789310427,28.71,3.0,Crisis,Crisis
2022-07-01,0.607784108799397,0.2995745020232513,0.6427326704571722,0.4726480996276336,26.7,3.0,Crisis,Crisis
2022-07-05,0.6117738392800867,0.3023719804662825,0.6438048498838677,0.4825607028016421,27.54,3.0,Crisis,Crisis
2022-07-06,0.6109361257810069,0.3034410581410625,0.6393685482329988,0.4838068380168441,26.73,3.0,Crisis,Crisis
2022-07-07,0.6179283129315374,0.3059712569371194,0.6404378532737678,0.4930231471113437,26.08,3.0,Crisis,Crisis
2022-07-08,0.6085439074746951,0.3070312143421967,0.6418600011898608,0.4881987297813493,24.64,3.0,Crisis,Crisis
2022-07-11,0.6173702356553297,0.3171104109606655,0.6459882841338094,0.5001494209544571,26.17,3.0,Crisis,Crisis
2022-07-12,0.6087156337129938,0.3137628931476619,0.644938915248691,0.4979673642451658,27.29,3.0,Crisis,Crisis
2022-07-13,0.5983997499453069,0.3240843945271526,0.64245607534591,0.493482097111633,26.82,3.0,Crisis,Crisis
2022-07-14,0.5910618676165081,0.3099102862483348,0.6419889847094582,0.4909956196040893,26.4,3.0,Crisis,Crisis
2022-07-15,0.5908994132886355,0.3006359764864963,0.6404654854014542,0.4967563259356661,24.23,3.0,Crisis,Crisis
2022-07-18,0.5969482790027562,0.353213647324764,0.6311711067893517,0.4912412295685938,25.3,3.0,Crisis,Crisis
2022-07-19,0.6017970163918054,0.348125700955555,0.628487633260942,0.494000833134135,24.5,3.0,Crisis,Crisis
2022-07-20,0.6066401806260596,0.3424266151030556,0.6294959887538087,0.4949247078395858,23.88,3.0,Crisis,Crisis
2022-07-21,0.6102080280069406,0.3406420082034106,0.6297264135261736,0.4987129938297005,23.11,3.0,Crisis,Crisis
2022-07-22,0.6141497691998664,0.342232567416061,0.6301734072466075,0.5031210731730454,23.03,3.0,Crisis,Crisis
2022-07-25,0.6107116328853073,0.3506665620588797,0.6289361343332607,0.5025701449193155,23.36,3.0,Crisis,Crisis
2022-07-26,0.5994492162373829,0.3512562883318869,0.624805875439529,0.4895898549271061,24.69,3.0,Crisis,Crisis
2022-07-27,0.5587084715427828,0.2912268754485517,0.6342671970339916,0.4439512884465453,23.24,3.0,Crisis,Crisis
2022-07-28,0.5555069200299857,0.2976451900969632,0.6295947752315616,0.4440970153844863,22.33,3.0,Crisis,Crisis
2022-07-29,0.556775388413402,0.2829614123557619,0.6193053781758583,0.4356330437249139,21.33,3.0,Crisis,Crisis
2022-08-01,0.5219552645244833,0.269133133099891,0.6177827880027672,0.3913880606382323,22.84,2.0,Elevated,Crisis
2022-08-02,0.523770357874631,0.2707576267894754,0.6223173467074637,0.393183205431401,23.93,2.0,Elevated,Crisis
2022-08-03,0.5159785617653493,0.2551802980865811,0.6219035095599624,0.3886292076073628,21.95,2.0,Elevated,Elevated
2022-08-04,0.51292266218655,0.2503502397819305,0.6212811640603771,0.3857136640970545,21.44,2.0,Elevated,Elevated
2022-08-05,0.5105635471547364,0.2443735958945092,0.6194912970987162,0.3828494189846979,21.15,2.0,Elevated,Elevated
2022-08-08,0.4959751577959186,0.2415700325818948,0.6165302005160233,0.3615023737336256,21.29,2.0,Elevated,Elevated
2022-08-09,0.4986393623031087,0.2380956827049655,0.6174274129320539,0.3650138593315148,21.77,2.0,Elevated,Elevated
2022-08-10,0.488849572327913,0.2391388339545201,0.6230455348509019,0.3568919230220755,19.74,2.0,Elevated,Elevated
2022-08-11,0.4866796216092883,0.2355221765452482,0.6250553022673646,0.3558134058664135,20.2,2.0,Elevated,Elevated
2022-08-12,0.4851841166883008,0.2350677572224616,0.6255789351347161,0.3543784321492788,19.53,2.0,Elevated,Elevated
2022-08-15,0.4808389645173324,0.2375482750754339,0.6239636930946708,0.3530022152077268,19.95,2.0,Elevated,Elevated
2022-08-16,0.4768849365264229,0.2343519978944022,0.620581337275121,0.3486879326439056,19.69,2.0,Elevated,Elevated
2022-08-17,0.4816085981652692,0.2360355996574079,0.621102295409458,0.3554636467478219,19.9,2.0,Elevated,Elevated
2022-08-18,0.4741377241543117,0.2362305899403501,0.61925195733678,0.3462123571297637,19.56,2.0,Elevated,Elevated
2022-08-19,0.4921895783142267,0.2524269120379202,0.6200080195921088,0.3684554075107425,20.6,2.0,Elevated,Elevated
2022-08-22,0.4863668570513946,0.2302176788130436,0.6216476643230666,0.3565187701631142,23.8,2.0,Elevated,Elevated
2022-08-23,0.4804638227196136,0.2287839950481409,0.6203956785925722,0.351445582552697,24.11,2.0,Elevated,Elevated
2022-08-24,0.4777435414163266,0.2252477364730752,0.6182695767358881,0.3509557368396812,22.82,2.0,Elevated,Elevated
2022-08-25,0.4788918610744202,0.2205879400630365,0.6177212019542015,0.3528018192081155,21.78,2.0,Elevated,Elevated
2022-08-26,0.5047974552203927,0.2286305680678887,0.6235594869103628,0.388371541909856,25.56,2.0,Elevated,Elevated
2022-08-29,0.4764225554133211,0.1604888636356704,0.6427670561418003,0.3818368568911808,26.21,2.0,Elevated,Elevated
2022-08-30,0.4640344308402962,0.1624563984636081,0.6435308158137749,0.3701653900785832,26.21,2.0,Elevated,Elevated
2022-08-31,0.4554734551298871,0.1614773300694123,0.6422347166691758,0.365779259573694,25.87,2.0,Elevated,Elevated
2022-09-01,0.4505881112705461,0.1626722388733876,0.6398793816065788,0.3595949262445507,25.56,2.0,Elevated,Elevated
2022-09-02,0.4447757453363227,0.160023416954253,0.6342449332957513,0.3544498205864504,25.47,2.0,Elevated,Elevated
2022-09-06,0.4414646167838579,0.1516447878793898,0.639355296427786,0.3521541984075956,26.91,2.0,Elevated,Elevated
2022-09-07,0.4412496477002942,0.155374748019801,0.6422122419487605,0.3539562460548904,24.64,2.0,Elevated,Elevated
2022-09-08,0.4026095837756012,0.1390579543871221,0.6396549314257322,0.3057065393356046,23.61,2.0,Elevated,Elevated
2022-09-09,0.409159581401364,0.1404535294895845,0.6439320774516477,0.3201764085763846,22.79,2.0,Elevated,Elevated
2022-09-12,0.3996236312627486,0.1484292573525315,0.6438572544772462,0.3222628350731154,23.87,2.0,Elevated,Elevated
2022-09-13,0.4440970454389636,0.1534411159553205,0.6505851552684178,0.3762013377500293,27.27,2.0,Elevated,Elevated
2022-09-14,0.447668858531784,0.148484511172005,0.6367094507797458,0.3774640171269391,26.16,2.0,Elevated,Elevated
2022-09-15,0.4580968809843183,0.1604174566807676,0.6255701692796922,0.3785960838952952,26.27,2.0,Elevated,Elevated
2022-09-16,0.456297572520881,0.1601660820581716,0.6149084194137825,0.3766039732105079,26.3,2.0,Elevated,Elevated
2022-09-19,0.4523182144323795,0.154680623367509,0.6127493806474494,0.3774572271938224,25.76,2.0,Elevated,Elevated
2022-09-20,0.4508330610842554,0.151801639558124,0.6074652432887249,0.378626254750849,27.16,2.0,Elevated,Elevated
2022-09-21,0.4494565927387581,0.1515711564510976,0.611546208269525,0.3776078285392077,27.99,2.0,Elevated,Elevated
2022-09-22,0.4371457823976422,0.151607115029957,0.603243162490592,0.3540980789529236,27.35,2.0,Elevated,Elevated
2022-09-23,0.4405581388644497,0.1514979593234533,0.6053791896599757,0.35500576033525,29.92,2.0,Elevated,Elevated
2022-09-26,0.4287613832649954,0.1494762073212528,0.6024701113036943,0.3398501563137225,32.26,2.0,Elevated,Elevated
2022-09-27,0.428401869410725,0.1493985693505573,0.5880965978677744,0.3395219326441496,32.6,2.0,Elevated,Elevated
2022-09-28,0.4395286076561786,0.1510798060832986,0.5900713335649628,0.3485625865718632,30.18,2.0,Elevated,Elevated
2022-09-29,0.4461209253069754,0.146231342084077,0.5935196743990852,0.351677432846607,31.84,2.0,Elevated,Elevated
2022-09-30,0.4431151286026752,0.1464774543183758,0.5966200078588709,0.3497194549182451,31.62,2.0,Elevated,Elevated
2022-10-03,0.4468392293567749,0.1197657823170203,0.5942187371738087,0.3465422460035369,30.1,2.0,Elevated,Elevated
2022-10-04,0.4564831208548676,0.1151672420495699,0.5985585493653836,0.3593923864072647,29.07,2.0,Elevated,Elevated
2022-10-05,0.457081619201931,0.1139746900196583,0.600370586911101,0.3591185411358198,28.55,2.0,Elevated,Elevated
2022-10-06,0.4566348770958737,0.1139155777343283,0.6021893970163483,0.3587148084475291,30.52,2.0,Elevated,Elevated
2022-10-07,0.4677207007825651,0.1188543731737869,0.6116340644379926,0.3705728783910041,31.36,2.0,Elevated,Elevated
2022-10-10,0.4460738569084673,0.1075487676272025,0.6170024227834533,0.3417807277533876,32.45,2.0,Elevated,Elevated
2022-10-11,0.4490436825509994,0.109077633193374,0.6130368568515352,0.3436978608535431,33.63,2.0,Elevated,Elevated
2022-10-12,0.4493977848641258,0.1081512648168574,0.6098089907262184,0.343895563047792,33.57,2.0,Elevated,Elevated
2022-10-13,0.4579573304683041,0.1061930465556621,0.6116512513818845,0.3528555542273325,31.94,2.0,Elevated,Elevated
2022-10-14,0.4616710855440766,0.1055722877746384,0.6143383479344805,0.3595062805573312,32.02,2.0,Elevated,Elevated
2022-10-17,0.4796792556048515,0.1066750282657172,0.6216148257918822,0.3802756994167404,31.37,2.0,Elevated,Elevated
2022-10-18,0.4793215455743831,0.1049820147382965,0.6203212766835388,0.3790576307951465,30.5,2.0,Elevated,Elevated
2022-10-19,0.4794222325193905,0.1126445562033935,0.6087300246768199,0.3714540904839515,30.76,2.0,Elevated,Elevated
2022-10-20,0.4804351691463374,0.1112403875976686,0.5850213863916432,0.3696379207331983,29.98,2.0,Elevated,Elevated
2022-10-21,0.4747578144078446,0.1116419673102854,0.5933999250513713,0.363348238858634,29.69,2.0,Elevated,Elevated
2022-10-24,0.4706762120812027,0.1127710084157699,0.591219328666709,0.3603030704929665,29.85,2.0,Elevated,Elevated
2022-10-25,0.4434395782752804,0.1217299715454331,0.5801839641196668,0.3236218818424791,28.46,2.0,Elevated,Elevated
2022-10-26,0.4565076082259584,0.11251167298376,0.5675867762306384,0.3240204899719404,27.28,2.0,Elevated,Elevated
2022-10-27,0.4586965830413707,0.14164145819454,0.5587912222125079,0.3246637719410088,27.39,2.0,Elevated,Elevated
2022-10-28,0.4784705348049287,0.1376542981682724,0.5524115086754485,0.3384723977926326,25.75,2.0,Elevated,Elevated
2022-10-31,0.4787405132579619,0.1388497708732523,0.5535309133518296,0.3398643502790924,25.88,2.0,Elevated,Elevated
2022-11-01,0.4777092280725226,0.1414256936266213,0.541587174135939,0.3379954503238492,25.81,2.0,Elevated,Elevated
2022-11-02,0.4873844021832713,0.1395934642699162,0.5489482066288208,0.3511637249947708,25.86,2.0,Elevated,Elevated
2022-11-03,0.4870999599537493,0.1371444692500858,0.5411796762026941,0.3538359553179825,25.3,2.0,Elevated,Elevated
2022-11-04,0.500254617218578,0.1334148678746421,0.5379100054644438,0.3592915696639978,24.55,2.0,Elevated,Elevated
2022-11-07,0.5122250977723373,0.1400345219257378,0.5299750022340206,0.3585065443686884,24.35,2.0,Elevated,Elevated
2022-11-08,0.5387770014800098,0.1518197473921978,0.5249210166549857,0.3628700541992666,25.54,2.0,Elevated,Elevated
2022-11-09,0.5948035541905019,0.2598119966964998,0.5207152214109821,0.4004942630996759,26.09,3.0,Crisis,Elevated
2022-11-10,0.6732230120913214,0.300170605505984,0.5664497697609898,0.5094595300009602,23.53,3.0,Crisis,Elevated
2022-11-11,0.676093570275968,0.3027090415643362,0.5623157012304901,0.5091029909356976,22.52,3.0,Crisis,Crisis
2022-11-14,0.6722526154943353,0.3128850133979641,0.5610091437140835,0.5078716318628959,23.73,3.0,Crisis,Crisis
2022-11-15,0.6659250554697203,0.3154908221736443,0.5579838293259012,0.5013417319457916,24.54,3.0,Crisis,Crisis
2022-11-16,0.6713348720944619,0.3145438497566661,0.5586111976536797,0.5055365101996714,24.11,3.0,Crisis,Crisis
2022-11-17,0.6724813094952926,0.3152151760141478,0.5587579783305786,0.5058582230464985,23.93,3.0,Crisis,Crisis
2022-11-18,0.6514048531735591,0.3191826341466847,0.5603644654572086,0.4881318175253854,23.12,3.0,Crisis,Crisis
2022-11-21,0.6533928376367828,0.3258447073049715,0.5594227742992518,0.493092254397398,22.36,3.0,Crisis,Crisis
2022-11-22,0.6531201911154183,0.3279298153833498,0.5724394131601016,0.4947216201036483,21.29,3.0,Crisis,Crisis
2022-11-23,0.6602541814124954,0.3427208373908419,0.5678834304686856,0.4996301367964401,20.35,3.0,Crisis,Crisis
2022-11-25,0.6572699587693879,0.3438810762886903,0.5688540877740442,0.4968420985880412,20.5,3.0,Crisis,Crisis
2022-11-28,0.6516286538694572,0.345190684435224,0.5690041638897128,0.4926970096901502,22.21,3.0,Crisis,Crisis
2022-11-29,0.6410268864867853,0.3458259899403408,0.5682182489607456,0.4802477178481136,21.89,3.0,Crisis,Crisis
2022-11-30,0.6643782778416525,0.3444661953032135,0.5831624608227907,0.510163559117061,20.58,3.0,Crisis,Crisis
2022-12-01,0.6612580854040838,0.3447460752884367,0.5782939240935057,0.5105893935158019,19.84,3.0,Crisis,Crisis
2022-12-02,0.6599998072785979,0.3466230396035651,0.5646238849554014,0.5106956308148748,19.06,3.0,Crisis,Crisis
2022-12-05,0.6602761513230232,0.3471771390357943,0.5672559346774625,0.510682061147538,20.75,3.0,Crisis,Crisis
2022-12-06,0.6640790094953226,0.3482778096038781,0.5771071116062948,0.5127850421083152,22.17,3.0,Crisis,Crisis
2022-12-07,0.6559538887928831,0.3406564033578152,0.5782313768303965,0.5030842512819653,22.68,3.0,Crisis,Crisis
2022-12-08,0.6468150015961402,0.3432693178159859,0.5788914091884365,0.5046590252213216,22.29,3.0,Crisis,Crisis
2022-12-09,0.6260834979609357,0.3363625051242742,0.5772810177800175,0.4977209684626223,22.83,3.0,Crisis,Crisis
2022-12-12,0.6117021907930865,0.3404728557696828,0.5759978926443423,0.4891836420831263,25.0,3.0,Crisis,Crisis
2022-12-13,0.6112413935618246,0.3423377701854433,0.5780074957679592,0.490742352879894,22.55,3.0,Crisis,Crisis
2022-12-14,0.6098066273637159,0.3443915423807166,0.5793348673075127,0.4901735194245603,21.14,3.0,Crisis,Crisis
2022-12-15,0.6108990357742701,0.3437122429946527,0.5822110708227339,0.4878678365179703,22.83,3.0,Crisis,Crisis
2022-12-16,0.6071533648152262,0.3535834129180556,0.5740546733827151,0.4891764074054702,22.62,3.0,Crisis,Crisis
2022-12-19,0.5995526098008332,0.3455388988468612,0.5737192799155957,0.4853597229961391,22.42,3.0,Crisis,Crisis
2022-12-20,0.5966170234043406,0.3438242066182477,0.5671822436474796,0.4854237882300284,21.48,3.0,Crisis,Crisis
2022-12-21,0.5858032817721606,0.3225059336590009,0.5680718279948113,0.4841030201888333,20.07,3.0,Crisis,Crisis
2022-12-22,0.5394993647165638,0.2133379477953858,0.5683979744421603,0.4525170924605015,21.97,2.0,Elevated,Crisis
2022-12-23,0.4291201188057669,0.1601435577575923,0.567935855120672,0.3199591062090454,20.87,2.0,Elevated,Crisis
2022-12-27,0.4258843319135168,0.1661456393326666,0.5667874776611899,0.3206180184718696,21.65,2.0,Elevated,Elevated
2022-12-28,0.4249907767580534,0.1625640014328158,0.5640474271516854,0.3225090053068266,22.14,2.0,Elevated,Elevated
2022-12-29,0.4316949158940433,0.1653993818525917,0.5669803310170781,0.3290895820077019,21.44,2.0,Elevated,Elevated
2022-12-30,0.4255628395257376,0.1668130909020632,0.5673062238630389,0.324568351724844,21.67,2.0,Elevated,Elevated
2023-01-03,0.4568036023773599,0.2613901161558229,0.556986223168863,0.3277602131995286,22.9,2.0,Elevated,Elevated
2023-01-04,0.4643007371947608,0.2609330080058389,0.5552880401049839,0.3320300140033999,22.01,2.0,Elevated,Elevated
2023-01-05,0.4558468869580369,0.2525858672504189,0.5439222218327225,0.3244810858089424,22.46,2.0,Elevated,Elevated
2023-01-06,0.4596308552041328,0.2499365899498771,0.5456843214856539,0.3260418468633418,21.13,2.0,Elevated,Elevated
2023-01-09,0.465690463008817,0.2601308324988973,0.5442877652651281,0.3290026390379327,21.97,2.0,Elevated,Elevated
2023-01-10,0.4668567202935464,0.2594782135007404,0.5450238404845485,0.3294405334394291,20.58,2.0,Elevated,Elevated
2023-01-11,0.4688945016292336,0.2568924762290308,0.5475293092954727,0.3284911705129725,21.09,2.0,Elevated,Elevated
2023-01-12,0.4715119451796619,0.2558733745832189,0.5475758733613199,0.3308425127284956,18.83,2.0,Elevated,Elevated
2023-01-13,0.4384377421798862,0.2642429825936124,0.5467071106419453,0.2846148446962769,18.35,1.0,Normal,Elevated
2023-01-17,0.4511848983025442,0.299176245032954,0.5400632693692355,0.2926106674012058,19.36,1.0,Normal,Elevated
2023-01-18,0.4548597302793508,0.3055637441510112,0.5409247071168167,0.2975179026545207,20.34,1.0,Normal,Normal
2023-01-19,0.4487607847460416,0.3081206134587906,0.5343804964107622,0.2895995657975272,20.52,1.0,Normal,Normal
2023-01-20,0.4648568365657967,0.3242828343243189,0.5433467075909209,0.3169130671623889,19.85,1.0,Normal,Normal
2023-01-23,0.4765700519708328,0.3254076013696723,0.5244544877628008,0.3207945549855728,19.81,1.0,Normal,Normal
2023-01-24,0.4770619572882782,0.3293846931860509,0.5275076681791232,0.3218240661179445,19.2,1.0,Normal,Normal
2023-01-25,0.4759958763349084,0.3300388212237855,0.5364002895552941,0.3213163149131078,19.08,1.0,Normal,Normal
2023-01-26,0.4804976848594647,0.3317100612961677,0.5367462091766071,0.3247316048755516,18.73,1.0,Normal,Normal
2023-01-27,0.4841920285568201,0.3346627430275928,0.531950492599923,0.3227431671006172,18.51,1.0,Normal,Normal
2023-01-30,0.4900408117931171,0.3359708258866594,0.5333294957409827,0.331328039273009,19.94,1.0,Normal,Normal
2023-01-31,0.4721610568260884,0.3415735949410934,0.5323378689113835,0.3119028382322009,19.4,1.0,Normal,Normal
2023-02-01,0.4722353707787057,0.3306918705295895,0.538345783066402,0.3129374662960561,17.87,1.0,Normal,Normal
2023-02-02,0.4993897853064887,0.3314404019822847,0.5296908186981234,0.3149808727190108,18.73,1.0,Normal,Normal
2023-02-03,0.505131777038225,0.3268166899176146,0.5267616060202662,0.3202839827278139,18.33,1.0,Normal,Normal
2023-02-06,0.510148638001573,0.3308983894428994,0.5278100688777526,0.328050117228164,19.43,1.0,Normal,Normal
2023-02-07,0.5011593262894808,0.3251306858254643,0.5286994083008756,0.3141175288510995,18.66,1.0,Normal,Normal
2023-02-08,0.5100199823646603,0.3240473973877964,0.5254856128646695,0.3229566613805186,19.63,1.0,Normal,Normal
2023-02-09,0.5082857959244872,0.3252904998476632,0.5238736107630243,0.3205972721661182,20.71,1.0,Normal,Normal
2023-02-10,0.5082361691478082,0.3168790252361116,0.5254808140366524,0.3190710767194844,20.53,1.0,Normal,Normal
2023-02-13,0.5045122649940247,0.3155276314504512,0.5220457690068825,0.3147373945273234,20.34,1.0,Normal,Normal
2023-02-14,0.5066325123955102,0.3166697942885924,0.5215691583687004,0.3148784191280084,18.91,1.0,Normal,Normal
2023-02-15,0.4855999431528843,0.2534644599734347,0.518573965334436,0.3154943150835093,18.23,1.0,Normal,Normal
2023-02-16,0.4928566090295077,0.2614893902723633,0.5145512191411046,0.3327990396765663,20.17,1.0,Normal,Normal
2023-02-17,0.4898808789815859,0.2614859526344679,0.5137824681509205,0.3266775318931911,20.02,1.0,Normal,Normal
2023-02-21,0.4928925702710395,0.2668845868142764,0.5150363102215992,0.3320095614260358,22.87,2.0,Elevated,Normal
2023-02-22,0.4824601794659945,0.2477725529712991,0.5152667651190017,0.3255395424539968,22.29,2.0,Elevated,Normal
2023-02-23,0.4897597740924746,0.2505692302190281,0.5092313366122689,0.3258771900637696,21.14,2.0,Elevated,Elevated
2023-02-24,0.4938831351041543,0.2513385953699388,0.5062158410872387,0.3331936719546442,21.67,2.0,Elevated,Elevated
2023-02-27,0.492291104732455,0.2522951625838266,0.4996942416434886,0.3315249658975995,20.95,2.0,Elevated,Elevated
2023-02-28,0.4902219557506136,0.248812899295855,0.5008341330637867,0.3307594922844116,20.7,2.0,Elevated,Elevated
2023-03-01,0.4735926695481486,0.2083445694022089,0.5053660600575981,0.3246151010952934,20.58,2.0,Elevated,Elevated
2023-03-02,0.4793630155345394,0.201782469101071,0.5031076836743346,0.3196232348457543,19.59,2.0,Elevated,Elevated
2023-03-03,0.4839394808810552,0.1971115533944706,0.4989943917328751,0.319605695573949,18.49,2.0,Elevated,Elevated
2023-03-06,0.4565659299402141,0.1789419756929756,0.4993030621288075,0.2880998041409423,18.61,2.0,Elevated,Elevated
2023-03-07,0.4434679724902423,0.1776409814131326,0.4964540152774837,0.2795681351732829,19.59,2.0,Elevated,Elevated
2023-03-08,0.4449998863305146,0.181062179841122,0.505871357049942,0.2779333949125105,19.11,2.0,Elevated,Elevated
2023-03-09,0.4518450407798307,0.1781563315917352,0.5135495541730523,0.2897477778456621,22.61,2.0,Elevated,Elevated
2023-03-10,0.4488379611643794,0.1740079169048038,0.519077335588954,0.2841593262371671,24.8,2.0,Elevated,Elevated
2023-03-13,0.4744182718647639,0.202018825150904,0.5110623819065355,0.2977532972132318,26.52,2.0,Elevated,Elevated
2023-03-14,0.4771552908613118,0.2016434408036412,0.5144743435656891,0.3022087889217693,23.73,2.0,Elevated,Elevated
2023-03-15,0.4785723877750163,0.2043451655538497,0.5035450620148691,0.2991236982985351,26.14,2.0,Elevated,Elevated
2023-03-16,0.4779253839138364,0.1985933856682299,0.5106636663072316,0.2993001238156791,22.99,2.0,Elevated,Elevated
2023-03-17,0.4531804893789506,0.2007767824841811,0.5112732645308868,0.2842622204397246,25.51,2.0,Elevated,Elevated
2023-03-20,0.4476408967172129,0.2040738845574894,0.5134232863236581,0.2821079741576828,24.15,2.0,Elevated,Elevated
2023-03-21,0.4487166198087956,0.2006906485388452,0.5175572306721531,0.281046434670133,21.38,2.0,Elevated,Elevated
2023-03-22,0.4460645657617359,0.203310019108245,0.5125912433226429,0.2782717995488571,22.26,2.0,Elevated,Elevated
2023-03-23,0.4465901921906935,0.2058692643042385,0.4515431262377536,0.2806412376437744,22.61,2.0,Elevated,Elevated
2023-03-24,0.4398452032743694,0.1991507358346748,0.4515656556206338,0.2740728496587271,21.74,2.0,Elevated,Elevated
2023-03-27,0.4376431779100657,0.1968121171600468,0.4517019294711045,0.2703009401572507,20.6,1.0,Normal,Elevated
2023-03-28,0.434524981665594,0.1991492600077552,0.4501572997371975,0.2669109046889512,19.97,1.0,Normal,Elevated
2023-03-29,0.4369769337132288,0.1937035198783019,0.4492385462147767,0.2712535276707702,19.12,1.0,Normal,Normal
2023-03-30,0.4304264925007923,0.1809537057705624,0.4499760498090075,0.2676858218928706,19.02,0.0,Low,Normal
2023-03-31,0.4235085087278424,0.17840550875193,0.4515211905756321,0.2557332377295871,18.7,0.0,Low,Normal
2023-04-03,0.422210840249956,0.1785069497014156,0.4466021362095209,0.2575125660544941,18.55,0.0,Low,Low
2023-04-04,0.4102563059870258,0.1777131138771508,0.4428205363028097,0.247471645016189,19.0,0.0,Low,Low
2023-04-05,0.4129825162485546,0.1766654308560714,0.4411802985124367,0.2498056338102288,19.08,0.0,Low,Low
2023-04-06,0.4025848185794032,0.1755194768158057,0.4388129555990556,0.2486984805308477,18.4,0.0,Low,Low
2023-04-10,0.3957795603436965,0.1770890892499205,0.4336567315959583,0.2364899695659235,18.97,0.0,Low,Low
2023-04-11,0.3998775469217424,0.1821131304625209,0.4334796493887365,0.2368948498511663,19.1,0.0,Low,Low
2023-04-12,0.4018641726047935,0.1811523380732997,0.406910725329578,0.2381103088230113,19.09,0.0,Low,Low
2023-04-13,0.4050218567200307,0.1800439195212768,0.4124973018047557,0.2431323630526995,17.8,0.0,Low,Low
2023-04-14,0.393540902703893,0.1828658951043344,0.4122155732946586,0.2425695241606424,17.07,0.0,Low,Low
2023-04-17,0.3842323637939685,0.1850625270497699,0.4072668458291009,0.2422461872102782,16.95,0.0,Low,Low
2023-04-18,0.3830919296775767,0.1842573186961323,0.4040451597799674,0.2409744581516274,16.83,0.0,Low,Low
2023-04-19,0.3877935765714031,0.1982453842007729,0.402039915692053,0.2430272263337765,16.46,0.0,Low,Low
2023-04-20,0.3885296119222099,0.1945125707008494,0.4025540901619938,0.2468387828467142,17.17,0.0,Low,Low
2023-04-21,0.3795080114539766,0.1916813231214719,0.4036554045702537,0.2308650419574369,16.77,0.0,Low,Low
2023-04-24,0.3729673987848891,0.1939316346308834,0.4052808082170147,0.2283167221322672,16.89,0.0,Low,Low
2023-04-25,0.3514121823944372,0.1405790712896753,0.4075372783467227,0.2211845041868519,18.76,0.0,Low,Low
2023-04-26,0.3426522974215484,0.14208585907535,0.4025166099852208,0.20509150810832,18.84,0.0,Low,Low
2023-04-27,0.3560822562667612,0.1407015803878764,0.3928425037675714,0.2217764829404562,17.03,0.0,Low,Low
2023-04-28,0.3412738907747505,0.1475728465991953,0.3897126880106431,0.2008048129101551,15.78,0.0,Low,Low
2023-05-01,0.33534175176025,0.136836395857784,0.3878966342934074,0.2021923352855191,16.08,0.0,Low,Low
2023-05-02,0.3370393759495886,0.1342218155065641,0.388956443688041,0.2034257942410263,17.78,0.0,Low,Low
2023-05-03,0.3398190044899897,0.1275217866918344,0.3837675490940206,0.1996855934420804,18.34,0.0,Low,Low
2023-05-04,0.3401657864335423,0.1238809687248826,0.3740328010105319,0.1934838157033636,20.09,0.0,Low,Low
2023-05-05,0.3427687501050409,0.1230630703282516,0.3773587528347387,0.1975155563950053,17.19,0.0,Low,Low
2023-05-08,0.3498442914669417,0.1323887722989147,0.3727578433215246,0.1981237806743695,16.98,0.0,Low,Low
2023-05-09,0.3482731873322902,0.1313835099144572,0.3693687880598809,0.196809884775953,17.71,0.0,Low,Low
2023-05-10,0.3496247758137563,0.1287168139896874,0.3629204695004763,0.198600392802577,16.94,0.0,Low,Low
2023-05-11,0.3444716358335126,0.1299996221286144,0.3605027305843302,0.1876077996973021,16.93,0.0,Low,Low
2023-05-12,0.343770177794943,0.1312714058869935,0.3718560389972573,0.1871513364825876,17.03,0.0,Low,Low
2023-05-15,0.3417895604705696,0.1287543414394598,0.3738242820494314,0.1810302382512727,17.12,0.0,Low,Low
2023-05-16,0.3403773713124225,0.1271490763215564,0.3695673110235627,0.1794336698253148,17.99,0.0,Low,Low
2023-05-17,0.3440750685539199,0.1255778695882323,0.3670835569536901,0.1856070199362987,16.87,0.0,Low,Low
2023-05-18,0.3533665913054894,0.1219943639108437,0.3676520984830499,0.1908060811421763,16.05,0.0,Low,Low
2023-05-19,0.3534666810512775,0.122802774579779,0.3672245805588856,0.1909750734484969,16.81,0.0,Low,Low
2023-05-22,0.3512810730509526,0.1252091009672532,0.3662355118754852,0.1908828675088528,17.21,0.0,Low,Low
2023-05-23,0.349621557864722,0.1123408088631756,0.3655052394035426,0.1925399609461411,18.53,0.0,Low,Low
2023-05-24,0.3484020256680547,0.1111344645198716,0.3659925983610662,0.1927383777608219,20.03,0.0,Low,Low
2023-05-25,0.3848407679494581,0.1455637346319693,0.3564394860627978,0.2049868232815399,19.14,0.0,Low,Low
2023-05-26,0.404383673750469,0.141842949215964,0.3566299521753486,0.2282274865897161,17.95,0.0,Low,Low
2023-05-30,0.413029712062126,0.1483546636265275,0.3573378246715845,0.2332570463649566,17.46,0.0,Low,Low
2023-05-31,0.4170522038798404,0.1541172025481192,0.3371998675810731,0.2346980530210086,17.94,0.0,Low,Low
2023-06-01,0.4124065491638049,0.1486821240687536,0.3307385528692985,0.2285586172366046,15.65,0.0,Low,Low
2023-06-02,0.4069915959188755,0.1476000166704577,0.3303004279518938,0.2240555258250983,14.6,0.0,Low,Low
2023-06-05,0.4098927021901343,0.1481466198773557,0.3321262881718729,0.2271817537485672,14.73,0.0,Low,Low
2023-06-06,0.4141041235925857,0.1499341572060436,0.3296535311927867,0.2269996048006423,13.96,0.0,Low,Low
2023-06-07,0.4186330426378642,0.1519879464563291,0.3395082722887401,0.2354441319924009,13.94,0.0,Low,Low
2023-06-08,0.4144393695719511,0.1562403726041255,0.3349824379277792,0.2385924950100627,13.65,0.0,Low,Low
2023-06-09,0.3984685739093325,0.1678368605466125,0.3311737186663633,0.2255631391957965,13.83,0.0,Low,Low
2023-06-12,0.4084715952583849,0.1738407873772559,0.3185572713164116,0.225841599065518,15.01,0.0,Low,Low
2023-06-13,0.4055248437222161,0.1741998420301416,0.3236584813183159,0.221743738582875,14.61,0.0,Low,Low
2023-06-14,0.405235197500813,0.1746778851406513,0.3244982328473692,0.2191099225705149,13.88,0.0,Low,Low
2023-06-15,0.3995108385591939,0.1677344477318197,0.3204690563103954,0.2152566218653112,14.5,0.0,Low,Low
2023-06-16,0.3997526948614325,0.1693723272708249,0.3166523443454632,0.2141043771745482,13.54,0.0,Low,Low
2023-06-20,0.4021161315940302,0.1774189388615613,0.3107937974117386,0.2052256270518463,13.88,0.0,Low,Low
2023-06-21,0.4089479716674797,0.1733145205421455,0.3086754288527741,0.2085192616960192,13.2,0.0,Low,Low
2023-06-22,0.4093400873506223,0.1719684631782777,0.3036732487885347,0.2059499024278306,12.91,0.0,Low,Low
2023-06-23,0.4110513281440158,0.1747639282264833,0.3009797957564929,0.2069635191984072,13.44,0.0,Low,Low
2023-06-26,0.4168074537704274,0.1747757430556161,0.3042979630627907,0.2172522822768414,14.25,0.0,Low,Low
2023-06-27,0.4163615130763227,0.1736398723917397,0.3078444398312367,0.2193477496067548,13.74,0.0,Low,Low
2023-06-28,0.4180531004799437,0.1745816770410233,0.2960770799879479,0.2210015560732123,13.43,0.0,Low,Low
2023-06-29,0.4217490646422281,0.1861504846319529,0.2955953932963391,0.2209727289263313,13.54,0.0,Low,Low
2023-06-30,0.4229790365119318,0.1871922369389634,0.2904324675516693,0.2220181328413617,13.59,0.0,Low,Low
2023-07-03,0.4170703872798436,0.1878053331932237,0.2886985893973559,0.2179546263795932,13.57,0.0,Low,Low
2023-07-05,0.4189099845837618,0.1877702553163634,0.2918717788108679,0.2191041525320039,14.18,0.0,Low,Low
2023-07-06,0.4208755145170555,0.1877750412907994,0.2873819874775517,0.2228138306822095,15.44,0.0,Low,Low
2023-07-07,0.4189627379954993,0.1939739643150228,0.28721706588878,0.2199330112804133,14.83,0.0,Low,Low
2023-07-10,0.4186515981184673,0.1911883675124143,0.2848378332934906,0.2172777798656967,15.07,0.0,Low,Low
2023-07-11,0.3810616245180235,0.162282884197926,0.2857215878745636,0.2013841061717783,14.84,0.0,Low,Low
2023-07-12,0.3629285604750151,0.163296526270685,0.2947233161429157,0.1795465355130989,13.54,0.0,Low,Low
2023-07-13,0.3713279345267903,0.1841422350031929,0.3022855616086061,0.1907747059610503,13.61,0.0,Low,Low
2023-07-14,0.367990344099757,0.1827198674302515,0.3031253102912681,0.1904288623556833,13.34,0.0,Low,Low
2023-07-17,0.3643806476317872,0.1837726050380673,0.2992790768258022,0.1908663718766543,13.48,0.0,Low,Low
2023-07-18,0.367773558658573,0.1836772481750208,0.2980409353872523,0.1902747015423037,13.3,0.0,Low,Low
2023-07-19,0.362926077240913,0.1780308678983264,0.2844228522081554,0.1840184400616269,13.76,0.0,Low,Low
2023-07-20,0.3785620022712568,0.1790025567046377,0.298506076185333,0.2114077366214673,13.99,0.0,Low,Low
2023-07-21,0.3682318926004095,0.1735729457499258,0.2988518851024305,0.1951424013248017,13.6,0.0,Low,Low
2023-07-24,0.3673150793794479,0.1830133248063354,0.2912002693701587,0.1917524139827255,13.91,0.0,Low,Low
2023-07-25,0.3625780410408558,0.1761062803845309,0.2930111579849648,0.1917433352893926,13.86,0.0,Low,Low
2023-07-26,0.3506728370574398,0.1621208023874063,0.2736837107522487,0.1898859247307139,13.19,0.0,Low,Low
2023-07-27,0.3497309206590621,0.1612574430372285,0.2768566039964467,0.1899132203175961,14.41,0.0,Low,Low
2023-07-28,0.3481252917867988,0.1599673120702355,0.2820758729731725,0.1971197343178334,13.33,0.0,Low,Low
2023-07-31,0.3484147274412895,0.1655710251619837,0.2796196231237591,0.1959031915261256,13.63,0.0,Low,Low
2023-08-01,0.3467570842838329,0.1650753103261955,0.2740366891265126,0.1957087868537017,13.93,0.0,Low,Low
2023-08-02,0.3492167201070283,0.1597300281362277,0.2849971485399351,0.2137324076768531,16.09,0.0,Low,Low
2023-08-03,0.3414876461787841,0.1596547524408327,0.2832478849440296,0.2107380453302005,15.92,0.0,Low,Low
2023-08-04,0.346986101086731,0.1540979228075666,0.2734479665763507,0.2107542566105596,17.1,0.0,Low,Low
2023-08-07,0.3455744172994801,0.1539885579706611,0.2724675765868978,0.2109698565749177,15.77,0.0,Low,Low
2023-08-08,0.340582393698245,0.149061597252223,0.2670231976347483,0.2030758132537759,15.99,0.0,Low,Low
2023-08-09,0.3421989062531463,0.148391214667372,0.2730235616034062,0.2046976959548313,15.96,0.0,Low,Low
2023-08-10,0.338290257959928,0.1458095623044032,0.2692712725994038,0.2040103161239081,15.85,0.0,Low,Low
2023-08-11,0.3353783034249902,0.1335875316543553,0.2704205420038081,0.2049921233865162,14.84,0.0,Low,Low
2023-08-14,0.3370265503178669,0.1326654310758945,0.2731779923004893,0.2037928224346286,14.82,0.0,Low,Low
2023-08-15,0.3363124859785424,0.1346404609334101,0.2752084347155082,0.2067670278558398,16.46,0.0,Low,Low
2023-08-16,0.3378158844419887,0.1379163716321013,0.282289636116349,0.2130010260435766,16.78,0.0,Low,Low
2023-08-17,0.3461748565016982,0.1369776996084838,0.2908357810423483,0.2203554685144038,17.89,0.0,Low,Low
2023-08-18,0.344480309625116,0.1290750513448343,0.2917933535403904,0.2197770655379869,17.3,0.0,Low,Low
2023-08-21,0.3519483940874017,0.1342644587406133,0.2940883094186867,0.2285172923682066,17.13,0.0,Low,Low
2023-08-22,0.3507526248762824,0.1358600563235158,0.2889993816044398,0.2278420816249242,16.97,0.0,Low,Low
2023-08-23,0.354388362851242,0.1388898184406873,0.2965266484692707,0.2353370555500779,15.98,0.0,Low,Low
2023-08-24,0.341397272124764,0.1054386710574093,0.3092250828142717,0.2271625249909302,17.2,0.0,Low,Low
2023-08-25,0.3428268181283886,0.1058705167834256,0.3093134196225425,0.2289862086768008,15.68,0.0,Low,Low
2023-08-28,0.3405294354729644,0.1043224989659224,0.3096816264288839,0.2283984090712152,15.08,0.0,Low,Low
2023-08-29,0.3528586892720912,0.1080916743814051,0.3209843644850165,0.2487142016554565,14.45,0.0,Low,Low
2023-08-30,0.3515608068233435,0.1090957023183978,0.3206323137592461,0.2486199101145164,13.88,0.0,Low,Low
2023-08-31,0.3397813994028777,0.1006198470674735,0.3177380352212297,0.2299121352654839,13.57,0.0,Low,Low
2023-09-01,0.3424426452713832,0.1034211061647952,0.3113688537388425,0.229963534389498,13.09,0.0,Low,Low
2023-09-05,0.342214250545287,0.1001147998567085,0.3177741242604641,0.2313902338237639,14.01,0.0,Low,Low
2023-09-06,0.3438417807804482,0.0999573482537166,0.3140755929070913,0.2321361764164013,14.45,0.0,Low,Low
2023-09-07,0.3394628772108242,0.0998746274529896,0.3119338983178112,0.2323635043257721,14.4,0.0,Low,Low
2023-09-08,0.3367482837180423,0.1001597679966714,0.3114887258085407,0.2323814951863112,13.84,0.0,Low,Low
2023-09-11,0.3401659147558633,0.1155423817848368,0.3070146602171765,0.2239161978177361,13.8,0.0,Low,Low
2023-09-12,0.3543081168839352,0.1143469203404234,0.3056028426073312,0.2271696550629913,14.23,0.0,Low,Low
2023-09-13,0.3573693055107318,0.113271915290072,0.3058046347102747,0.2285655388031647,13.48,0.0,Low,Low
2023-09-14,0.348287624430373,0.1140081045127901,0.2989720249677626,0.2146273736498081,12.82,0.0,Low,Low
2023-09-15,0.3501560289650529,0.1114791030056285,0.3040241118910337,0.2188751936778976,13.79,0.0,Low,Low
2023-09-18,0.3430091585581651,0.1168039718311856,0.3031318021953924,0.2185405517803456,14.0,0.0,Low,Low
2023-09-19,0.3426299060479104,0.1182143774372496,0.3021018079090934,0.2171447352962229,14.11,0.0,Low,Low
2023-09-20,0.3446722247381127,0.1134035407818488,0.3098972282738853,0.2213117352001259,15.14,0.0,Low,Low
2023-09-21,0.34716602099698,0.1125636517719926,0.3172569813142242,0.2250982784172836,17.54,0.0,Low,Low
2023-09-22,0.3486409157006807,0.113844101772927,0.3169727680848235,0.2248998834471014,17.2,0.0,Low,Low
2023-09-25,0.3483770176952581,0.1128436503329458,0.3184794351184632,0.22492525297875,16.9,0.0,Low,Low
2023-09-26,0.3445819000508716,0.1085466074406987,0.3195958482577898,0.2214447535093439,18.94,0.0,Low,Low
2023-09-27,0.3430389142626049,0.1070925206882653,0.3174653252340988,0.2193807195878808,18.22,0.0,Low,Low
2023-09-28,0.3441746150116846,0.1081346355767858,0.3206187671259199,0.219991769585678,17.34,0.0,Low,Low
2023-09-29,0.3339913126525947,0.1063600161574212,0.3215503757960525,0.2109754569794849,17.52,0.0,Low,Low
2023-10-02,0.3442583086826885,0.1270628497584196,0.3236191853783841,0.2179249643432824,17.61,0.0,Low,Low
2023-10-03,0.3383891187442345,0.1225776506156437,0.3278661777507287,0.2149866537247972,19.78,0.0,Low,Low
2023-10-04,0.3413361624451422,0.1240036742569259,0.3423769352522792,0.2179001399920689,18.58,0.0,Low,Low
2023-10-05,0.3341254257619725,0.1237018582153164,0.3296183203461092,0.2066120460019069,18.49,0.0,Low,Low
2023-10-06,0.3282853103211512,0.1211916854325855,0.3335181263808509,0.1985742694645459,17.45,0.0,Low,Low
2023-10-09,0.3274631798013958,0.1233869341585125,0.336634118150534,0.198025192268421,17.7,0.0,Low,Low
2023-10-10,0.3278951714434413,0.1234910339135845,0.3411540949266777,0.1970606532888215,17.03,0.0,Low,Low
2023-10-11,0.3148277042321225,0.1171374001720726,0.3397916371886492,0.1739381839111064,16.09,0.0,Low,Low
2023-10-12,0.3148121117506091,0.1169198144228912,0.3383897683739457,0.174053177571815,16.69,0.0,Low,Low
2023-10-13,0.312400187438563,0.1171987818975418,0.3422594521522394,0.1788169158812324,19.32,0.0,Low,Low
2023-10-16,0.3156603241742257,0.1218336636656582,0.3414152462401738,0.1904923539579544,17.21,0.0,Low,Low
2023-10-17,0.3153465126636185,0.1183517599666558,0.3369821067395862,0.1885890312463243,17.88,0.0,Low,Low
2023-10-18,0.3170574282012131,0.1196412872760677,0.3423575137618431,0.1926452968550564,19.22,0.0,Low,Low
2023-10-19,0.331238002249439,0.1428020198575282,0.3342317651643284,0.1937906797676253,21.4,0.0,Low,Low
2023-10-20,0.3388043667230889,0.1472393951431619,0.3355904278632058,0.1956155828130684,21.71,0.0,Low,Low
2023-10-23,0.3476470901092452,0.1575751166702725,0.3398092292840126,0.209556264128059,20.37,0.0,Low,Low
2023-10-24,0.3370715392612784,0.1611279120708439,0.3406160467713094,0.2060544144452386,18.97,0.0,Low,Low
2023-10-25,0.3556992275176495,0.1552400634248736,0.3402229164393357,0.2161767202284756,20.19,0.0,Low,Low
2023-10-26,0.3591881190149023,0.1532583867578087,0.3472175367191241,0.2201252603233995,20.68,0.0,Low,Low
2023-10-27,0.3658704755836448,0.1569886266448325,0.3464907938388212,0.2181942947560983,21.27,0.0,Low,Low
2023-10-30,0.3722985131020929,0.1627571668242386,0.350782058327746,0.2243820030757174,19.75,0.0,Low,Low
2023-10-31,0.373619746962232,0.1685653997734738,0.3529402518191129,0.2268077494381518,18.14,0.0,Low,Low
2023-11-01,0.3804932489917175,0.1719660594231541,0.3598300229038948,0.2356437942531902,16.87,0.0,Low,Low
2023-11-02,0.3806744848595563,0.1697201997300274,0.354159228395017,0.2244341264341071,15.66,0.0,Low,Low
2023-11-03,0.3814292542807999,0.1706873557317919,0.3563141874430733,0.2246939038399976,14.91,0.0,Low,Low
2023-11-06,0.3816263323740585,0.1712531508732547,0.3583143379927576,0.2253956233102517,14.89,0.0,Low,Low
2023-11-07,0.3777957087002802,0.1706940191762882,0.3557327581738764,0.2188494364687805,14.81,0.0,Low,Low
2023-11-08,0.3782933243170133,0.1703519047346614,0.3564760573198583,0.2187612125682284,14.45,0.0,Low,Low
2023-11-09,0.3846282098977873,0.1740341474092037,0.3532020231466815,0.2160387463146445,15.29,0.0,Low,Low
2023-11-10,0.4023230641502139,0.2090929457112829,0.3614823003794892,0.234445362259525,14.17,0.0,Low,Low
2023-11-13,0.4033147827639586,0.209808376635324,0.3615063204123443,0.2338394110780427,14.76,0.0,Low,Low
2023-11-14,0.4039190834104588,0.2155167368061794,0.3668050744417448,0.2299961226833049,14.16,0.0,Low,Low
2023-11-15,0.4073738700174363,0.2238461573968031,0.3652870400624332,0.2302452263476974,14.18,1.0,Normal,Low
2023-11-16,0.4166220534105816,0.2398242589243911,0.3594781127910287,0.2308019462365056,14.32,1.0,Normal,Low
2023-11-17,0.4134416843328901,0.2413852683745324,0.3513275642112363,0.2265465545550236,13.8,1.0,Normal,Normal
2023-11-20,0.4129720018292366,0.2375798053734646,0.3538112023093955,0.2258656753749809,13.41,1.0,Normal,Normal
2023-11-21,0.4190090766389472,0.2461660880424451,0.3570208554921941,0.2339833425737515,13.35,1.0,Normal,Normal
2023-11-22,0.4205786837512598,0.2504348831876006,0.3598507677027499,0.235564045615223,12.85,1.0,Normal,Normal
2023-11-24,0.4187419012674849,0.2488979868288764,0.3622008335344676,0.235157967234944,12.46,1.0,Normal,Normal
2023-11-27,0.41505104448699,0.253617274434716,0.3485807409048492,0.2293159430049648,12.69,1.0,Normal,Normal
2023-11-28,0.4129223393911056,0.2514866137465349,0.3504139433270923,0.2244630065432236,12.69,1.0,Normal,Normal
2023-11-29,0.4111068427235688,0.2503195715529691,0.3492532884296609,0.2227356201530325,12.98,1.0,Normal,Normal
2023-11-30,0.413483490352064,0.2454910239858894,0.338004725570557,0.2137370578388886,12.92,1.0,Normal,Normal
2023-12-01,0.3940084361046207,0.2472777202697051,0.3437353497698665,0.2139567611766872,12.63,1.0,Normal,Normal
2023-12-04,0.3932186252476808,0.2511749772924053,0.3427381616112971,0.2109048445510382,13.08,1.0,Normal,Normal
2023-12-05,0.3801478449801994,0.2301748868078651,0.3384553360488003,0.2029606418597289,12.85,0.0,Low,Normal
2023-12-06,0.3814941892066822,0.224709392924001,0.3434706303923126,0.2081251895275373,12.97,0.0,Low,Normal
2023-12-07,0.3661460053153067,0.2345605521388787,0.3477946769155898,0.1998298720999297,13.06,0.0,Low,Low
2023-12-08,0.3572265312558623,0.2428685062116636,0.3360728675345085,0.1877417335857563,12.35,0.0,Low,Low
2023-12-11,0.3626124860991682,0.248773481950532,0.3298581988032686,0.1895254012346311,12.63,0.0,Low,Low
2023-12-12,0.3714336754772236,0.244780383436384,0.3308081871468192,0.1880381926534114,12.07,0.0,Low,Low
2023-12-13,0.3722645580412003,0.2395223917384959,0.3333246764787135,0.1883258303455557,12.19,0.0,Low,Low
2023-12-14,0.3702162730581693,0.2376851750877355,0.3275107281436169,0.1757722204668783,12.48,0.0,Low,Low
2023-12-15,0.3660877026769411,0.2417363585207229,0.3205701791854823,0.1749448842066215,12.28,0.0,Low,Low
2023-12-18,0.367669574835076,0.2389842868259263,0.3194014566644592,0.1752279298854209,12.56,0.0,Low,Low
2023-12-19,0.3677977437343342,0.2387732187615278,0.3181180033953018,0.1747546811156718,12.53,0.0,Low,Low
2023-12-20,0.3748127758020803,0.2461707890691856,0.3167230628081487,0.1757288605852588,13.67,1.0,Normal,Low
2023-12-21,0.3780028376396964,0.2550435365914586,0.3171308246893004,0.1828230720237414,13.65,1.0,Normal,Low
2023-12-22,0.3700099088981769,0.2501369987922219,0.3116117387724093,0.1828473033536221,13.03,1.0,Normal,Normal
2023-12-26,0.3579763570536378,0.2299258266410928,0.3029707555103526,0.1594530549315296,12.99,0.0,Low,Normal
2023-12-27,0.3558746626079322,0.2266866879794604,0.3021107883498426,0.1549830393602197,12.43,0.0,Low,Normal
2023-12-28,0.3497114166389394,0.2277337196170785,0.3018022518355612,0.15004995548531,12.47,0.0,Low,Low
2023-12-29,0.3423536619857785,0.2131250052984084,0.3028951130519023,0.1487991917473618,12.45,0.0,Low,Low
2024-01-02,0.3458992028556267,0.1930277246481676,0.2999472004293623,0.1582411791757682,13.2,0.0,Low,Low
2024-01-03,0.3541847173747726,0.2041476573304717,0.2927897184617129,0.1732256548718711,14.04,0.0,Low,Low
2024-01-04,0.3531282412666207,0.2035060334603969,0.2924765072950706,0.1706651951032006,14.13,0.0,Low,Low
2024-01-05,0.3478217701755708,0.1973648122777558,0.291565876830651,0.1625727015499581,13.35,0.0,Low,Low
2024-01-08,0.3543196935886379,0.1894637403216179,0.2898601926354208,0.1746106317601556,13.08,0.0,Low,Low
2024-01-09,0.3549707808431681,0.1886767355566919,0.2901376405744339,0.17414805834801,12.76,0.0,Low,Low
2024-01-10,0.3593162791411257,0.1883029530779118,0.2922503831377286,0.17496301963191,12.69,0.0,Low,Low
2024-01-11,0.3591276126818521,0.1889487781026804,0.2949067782320413,0.1746193426543523,12.44,0.0,Low,Low
2024-01-12,0.3649716140233014,0.2017634809510038,0.2949264811112654,0.1793687296370485,12.7,0.0,Low,Low
2024-01-16,0.361378624409436,0.2063395919104574,0.2914648681565903,0.1794692024699202,13.84,0.0,Low,Low
2024-01-17,0.3609636799413825,0.2077246858132321,0.2983703655446201,0.1807172732703391,14.79,0.0,Low,Low
2024-01-18,0.3575588849657413,0.2102618464474082,0.2956270812594094,0.179497075503653,14.13,0.0,Low,Low
2024-01-19,0.3629044182433243,0.2087791255125178,0.3042422426113053,0.1869225635419474,13.3,0.0,Low,Low
2024-01-22,0.3673147772664833,0.224106946439114,0.3054337510523638,0.1905177867903451,13.19,0.0,Low,Low
2024-01-23,0.3566951809399239,0.2181013622796927,0.3073299539571629,0.1769252711306961,12.55,0.0,Low,Low
2024-01-24,0.3637474442177657,0.2116592107002697,0.3081769462354128,0.1807314050715551,13.14,0.0,Low,Low
2024-01-25,0.3596582250623003,0.2086780107375192,0.3005128910287163,0.1808276438499076,13.45,0.0,Low,Low
2024-01-26,0.3577765120264509,0.2152472240052117,0.2962765921119214,0.1814769978888535,13.26,0.0,Low,Low
2024-01-29,0.3607691219758028,0.2205174145964137,0.2987306858302081,0.1849049159697686,13.6,0.0,Low,Low
2024-01-30,0.3543863216480013,0.2207820816166162,0.2937297098553973,0.1880500842134795,13.31,0.0,Low,Low
2024-01-31,0.3653729517159859,0.2125678012225194,0.2898554468565613,0.2006499342110731,14.35,0.0,Low,Low
2024-02-01,0.3672482694095029,0.2111976156802617,0.2873496306596,0.2002950044716541,13.88,0.0,Low,Low
2024-02-02,0.3958887378750667,0.2100936694997992,0.2701553083623365,0.2103999803150432,13.85,0.0,Low,Low
2024-02-05,0.3910734133222687,0.2037274209497813,0.2620839560472095,0.2102819018955124,13.67,0.0,Low,Low
2024-02-06,0.3883535579933699,0.1888662131764925,0.2613650211319787,0.2026772955578309,13.06,0.0,Low,Low
2024-02-07,0.3897586683693117,0.1876126433270228,0.2623045300766585,0.2073814771263737,12.83,0.0,Low,Low
2024-02-08,0.3809585918554474,0.1681877241088279,0.2622009163840916,0.2055644782529846,12.79,0.0,Low,Low
2024-02-09,0.3816805980170365,0.1657696306403419,0.2626016071725063,0.2101584009074137,12.93,0.0,Low,Low
2024-02-12,0.3867653924027427,0.1664110917574792,0.2549704451600804,0.208740265988727,13.93,0.0,Low,Low
2024-02-13,0.3892023345911218,0.1624524306313955,0.2592297655150347,0.2126818522680572,15.85,0.0,Low,Low
2024-02-14,0.3812368920727336,0.1660287440056526,0.2630524956313474,0.2123918343418317,14.38,0.0,Low,Low
2024-02-15,0.3769664650754146,0.1599138626279736,0.2565696311900616,0.1988112784190259,14.01,0.0,Low,Low
2024-02-16,0.3813460333463376,0.1561490302734634,0.2597865529267241,0.2067346497461321,14.24,0.0,Low,Low
2024-02-20,0.3888816954303676,0.1556918368829557,0.2598694346712273,0.2093635174156948,15.42,0.0,Low,Low
2024-02-21,0.380553109010885,0.158427126150046,0.2615786690881716,0.199005525701656,15.34,0.0,Low,Low
2024-02-22,0.4033051621268779,0.1653189437001462,0.2609080954606567,0.2126686710615667,14.54,0.0,Low,Low
2024-02-23,0.4002466242647423,0.1626421194210746,0.2555787423933905,0.2122373867628155,13.75,0.0,Low,Low
2024-02-26,0.4108078155562631,0.1713686229718637,0.2498448741623488,0.2157539959523768,13.74,0.0,Low,Low
2024-02-27,0.4045664345894908,0.1641211557591004,0.249863736986639,0.2113943542837803,13.43,0.0,Low,Low
2024-02-28,0.4068786092858112,0.1660508768896656,0.2434099479105804,0.2112639890629998,13.84,0.0,Low,Low
2024-02-29,0.4114324452112177,0.1692129452374744,0.2532413896664937,0.2130424455049918,13.4,0.0,Low,Low
2024-03-01,0.4098463385095734,0.1666200300571148,0.2508214763393744,0.2197132697682585,13.11,0.0,Low,Low
2024-03-04,0.4109123035694388,0.1700191396293679,0.2464583852754689,0.2141573814299324,13.49,0.0,Low,Low
2024-03-05,0.4168286035827879,0.1554728689182521,0.2643152027969331,0.2306163802107092,14.46,0.0,Low,Low
2024-03-06,0.4192347769335003,0.1564877027165611,0.2596053603604853,0.2328245738989059,14.5,0.0,Low,Low
2024-03-07,0.4168681119001232,0.1626405653707088,0.2576848894560631,0.2370279671794819,14.44,0.0,Low,Low
2024-03-08,0.4151908365070473,0.1608160005563433,0.2633726798519996,0.242032800844621,14.74,0.0,Low,Low
2024-03-11,0.4100558357358664,0.1609353482126686,0.2601530401919048,0.2410269411382812,15.22,0.0,Low,Low
2024-03-12,0.4194026659944072,0.1530418787971228,0.2583748716833648,0.2414816235845848,13.84,0.0,Low,Low
2024-03-13,0.4228792424483171,0.1572324514696353,0.2518862676663243,0.2406068229595759,13.75,0.0,Low,Low
2024-03-14,0.4179881621667001,0.1631494715820762,0.2496457822645253,0.2289610352112022,14.4,0.0,Low,Low
2024-03-15,0.4285019541667861,0.1668041879997633,0.2488494564437835,0.2367036328458425,14.41,0.0,Low,Low
2024-03-18,0.4123939317146959,0.1638866674860214,0.2474658411828852,0.2306200116903228,14.33,0.0,Low,Low
2024-03-19,0.4261840052903864,0.1870559355067002,0.2466791127573766,0.2393626500640714,13.82,0.0,Low,Low
2024-03-20,0.4347731883206787,0.2004797552485546,0.2519819568007459,0.2487989971916657,13.04,0.0,Low,Low
2024-03-21,0.4394923280148365,0.204470818196402,0.2501350770542692,0.2473451642364597,12.92,1.0,Normal,Low
2024-03-22,0.4419971304965295,0.2079495537144877,0.2399036835216387,0.2483132139149655,13.06,1.0,Normal,Low
2024-03-25,0.4450504787550705,0.2157035002163145,0.2375337228015444,0.2459311000192576,13.19,1.0,Normal,Normal
2024-03-26,0.4430345366398177,0.2139012871038921,0.2335218502062739,0.2463904581378475,13.24,1.0,Normal,Normal
2024-03-27,0.4436252292940984,0.2163713017137024,0.2334267694426157,0.2421428712348981,12.78,1.0,Normal,Normal
2024-03-28,0.4384554482546601,0.2169887020946733,0.236821858511012,0.2351151408372644,13.01,1.0,Normal,Normal
2024-04-01,0.4350301460931498,0.2163856024686804,0.2372282372145031,0.2351208083485684,13.65,1.0,Normal,Normal
2024-04-02,0.4365805306833399,0.2242048463807305,0.239481414931387,0.2370511909560943,14.61,1.0,Normal,Normal
2024-04-03,0.4354894506994399,0.2191518344050922,0.2345310794142633,0.2347959439222773,14.33,1.0,Normal,Normal
2024-04-04,0.4425054590618779,0.2176638571639055,0.2377982432787045,0.2393163699672377,16.35,1.0,Normal,Normal
2024-04-05,0.4240110408792143,0.2126871836504567,0.2362398768636023,0.2269935579490752,16.03,1.0,Normal,Normal
2024-04-08,0.4284412132830952,0.2181539399370404,0.234773093678959,0.2272263783140256,15.19,1.0,Normal,Normal
2024-04-09,0.4239238078895603,0.2153995334013046,0.2345707508998696,0.2246508308696796,14.98,1.0,Normal,Normal
2024-04-10,0.42440048937253,0.2142478319197023,0.2362511994703682,0.2257108472598593,15.8,1.0,Normal,Normal
2024-04-11,0.4245533889707061,0.2040461800025713,0.2447033798900815,0.2278373716668667,14.91,0.0,Low,Normal
2024-04-12,0.4285200043723344,0.2147161961491893,0.2562730675290061,0.2412877677169682,17.31,1.0,Normal,Normal
2024-04-15,0.4321509696454207,0.2203785509878059,0.2663671477468095,0.2463473729070718,19.23,1.0,Normal,Normal
2024-04-16,0.4240545827770863,0.214213181157778,0.2659827504345858,0.2451224890171482,18.4,1.0,Normal,Normal
2024-04-17,0.4166607675039422,0.2155948912220024,0.2676850105802974,0.2356225948270794,18.21,1.0,Normal,Normal
2024-04-18,0.4142044442403073,0.2154723690171412,0.2617481604003287,0.2304777167051236,18.0,1.0,Normal,Normal
2024-04-19,0.4197189093502771,0.206075989228387,0.2680766880932137,0.2270264906021256,18.71,1.0,Normal,Normal
2024-04-22,0.4203424867587457,0.2156820425893119,0.2760444107793907,0.2324214006835202,16.94,1.0,Normal,Normal
2024-04-23,0.4190568791305129,0.2133383559840006,0.286960063863291,0.2359833266292359,15.69,1.0,Normal,Normal
2024-04-24,0.4101458975333065,0.2277981664561311,0.2815542671231733,0.2269413859112001,15.97,1.0,Normal,Normal
2024-04-25,0.4173951577828567,0.2196714474193299,0.2796526356931227,0.2266835356872758,15.37,1.0,Normal,Normal
2024-04-26,0.4301983725914133,0.2092409941626239,0.2729225769571719,0.2290084793953415,15.03,1.0,Normal,Normal
2024-04-29,0.424640778481484,0.2233046075046316,0.2686804761660102,0.2268202059813894,14.67,1.0,Normal,Normal
2024-04-30,0.4252066560068115,0.2226785212300464,0.2803271784257172,0.2374310570213936,15.65,1.0,Normal,Normal
2024-05-01,0.4223723633578495,0.2094887060076033,0.2767513207342255,0.232607327696828,15.39,1.0,Normal,Normal
2024-05-02,0.4169282448448543,0.1829281391282368,0.2733907439635537,0.2224854394933589,14.68,0.0,Low,Normal
2024-05-03,0.421886767691835,0.1824901923566936,0.2776752767094678,0.2354851531490845,13.49,0.0,Low,Normal
2024-05-06,0.4257576735892961,0.182987483086654,0.2809785141914051,0.2420865377696684,13.49,0.0,Low,Low
2024-05-07,0.416957602965509,0.1738172799801085,0.2812973642925923,0.2398722973166909,13.23,0.0,Low,Low
2024-05-08,0.4170156488052139,0.1738327052919951,0.2811869351371256,0.2401329871845368,13.0,0.0,Low,Low
2024-05-09,0.4173536080423463,0.1786380284510819,0.2798121511620876,0.2407353449123975,12.69,0.0,Low,Low
2024-05-10,0.418192317645699,0.179508030050213,0.2759440118107147,0.2411202661306144,12.55,0.0,Low,Low
2024-05-13,0.4185372658282747,0.1801513231527506,0.2714093214357238,0.2414835846081099,13.6,0.0,Low,Low
2024-05-14,0.4178892629251953,0.172780081623374,0.2714142253831564,0.2376606421016696,13.42,0.0,Low,Low
2024-05-15,0.4268832463441303,0.1849510804355587,0.27559203107136,0.251548162593165,12.45,0.0,Low,Low
2024-05-16,0.4201779909523296,0.1848877180197408,0.2670210880766315,0.2477409191077523,12.42,0.0,Low,Low
2024-05-17,0.4183819545974707,0.1884747356885558,0.2671476764275229,0.248820516087407,11.99,0.0,Low,Low
2024-05-20,0.4288940755105777,0.2040873486690585,0.268485364455493,0.2580695464289148,12.15,0.0,Low,Low
2024-05-21,0.4285726842668343,0.2049001166586006,0.2683162580056542,0.2574967439798518,11.86,0.0,Low,Low
2024-05-22,0.4271583156745684,0.2058662698371219,0.2695167469181292,0.2573509468648459,12.29,0.0,Low,Low
2024-05-23,0.42877092620863,0.2095060416226629,0.2710333526353996,0.2552956078559132,12.77,1.0,Normal,Low
2024-05-24,0.4217263875838242,0.1999990461815307,0.2691033591308416,0.2396244675955822,11.93,0.0,Low,Low
2024-05-28,0.4088155548695079,0.1958609934168301,0.2700796813864851,0.2220263563226132,12.92,0.0,Low,Low
2024-05-29,0.4092163065751747,0.1964012033302766,0.2670166780060319,0.2242687307456443,14.28,0.0,Low,Low
2024-05-30,0.4362189922283894,0.1813921832467623,0.2606655254617186,0.2296749423672075,14.47,0.0,Low,Low
2024-05-31,0.4355902064724645,0.1810035682701566,0.2583761651869794,0.2296103825813641,12.92,0.0,Low,Low
2024-06-03,0.418872056077253,0.1831993706344654,0.2589974073705343,0.2119564904617541,13.11,0.0,Low,Low
2024-06-04,0.4147253045696028,0.1755021973687704,0.2612395530028151,0.2080348846512451,13.16,0.0,Low,Low
2024-06-05,0.4187001877920233,0.1744590686234089,0.2684550884063442,0.2136678611418539,12.63,0.0,Low,Low
2024-06-06,0.4106079374394604,0.1672301501815065,0.2663234902800578,0.2135225852056184,12.58,0.0,Low,Low
2024-06-07,0.4011582512512882,0.1740511398179831,0.264352830808422,0.2142639858204797,12.22,0.0,Low,Low
2024-06-10,0.3845183044015712,0.1823224476264952,0.2585427197789476,0.2140842597632881,12.74,0.0,Low,Low
2024-06-11,0.37637197775087,0.1797965633439392,0.2563088328697288,0.2142413029631762,12.85,0.0,Low,Low
2024-06-12,0.3753383550202279,0.1754675020688834,0.2622800467021257,0.1960104975991712,12.04,0.0,Low,Low
2024-06-13,0.3751887349275318,0.175804717546237,0.2573441028761669,0.1935848679611775,11.94,0.0,Low,Low
2024-06-14,0.3813750685562487,0.1809261060599989,0.2514374723426035,0.1895838254407659,12.66,0.0,Low,Low
2024-06-17,0.3773852957920685,0.1813283915333498,0.2494329398490874,0.1816331161409294,12.75,0.0,Low,Low
2024-06-18,0.3754213338537748,0.1809735623019922,0.2487351904038036,0.1780547049587813,12.3,0.0,Low,Low
2024-06-20,0.3815893420719998,0.1809416712372515,0.2429253918665347,0.1774763170013736,13.28,0.0,Low,Low
2024-06-21,0.3842458484840204,0.1803478552240399,0.2426586562800227,0.176062419814826,13.2,0.0,Low,Low
2024-06-24,0.3921165551244395,0.178655552294783,0.24319166495288,0.1907606052602588,13.33,0.0,Low,Low
2024-06-25,0.3932743505366648,0.1771044683720586,0.2399526606270878,0.1913618426270475,12.84,0.0,Low,Low
2024-06-26,0.3955311095995675,0.1754092772019124,0.2394690136837515,0.1910978705232534,12.55,0.0,Low,Low
2024-06-27,0.3976992909757431,0.1804092075200276,0.2369589584804715,0.1938478447547345,12.24,0.0,Low,Low
2024-06-28,0.3901119988492278,0.1700854749484601,0.2363191299243936,0.1812654537423551,12.44,0.0,Low,Low
2024-07-01,0.3936537478535669,0.1709235813303412,0.2366433006528009,0.1840278817967795,12.22,0.0,Low,Low
2024-07-02,0.3971134718919982,0.1702867803723302,0.2337587480827868,0.1859558708506991,12.03,0.0,Low,Low
2024-07-03,0.377105455745255,0.1617699983110812,0.231852118428228,0.1723841847044082,12.09,0.0,Low,Low
2024-07-05,0.3877295673735257,0.1559711793104978,0.2312847607550398,0.1723845622410755,12.48,0.0,Low,Low
2024-07-08,0.3919191661959773,0.1545964726724967,0.2303223383340499,0.1718796342561371,12.37,0.0,Low,Low
2024-07-09,0.3861130840586351,0.1538547736527238,0.2314055524242155,0.1694931339710045,12.51,0.0,Low,Low
2024-07-10,0.3834496446885678,0.1528355955439638,0.2306484778013645,0.1696832328775657,12.85,0.0,Low,Low
2024-07-11,0.3968100232021567,0.1482117734393464,0.2377263241023267,0.1897984808776606,12.92,0.0,Low,Low
2024-07-12,0.3962579430710611,0.1489147667368562,0.2409076185338938,0.1881285825844953,12.46,0.0,Low,Low
2024-07-15,0.3925110784391433,0.1572798829190349,0.2271400463448009,0.180220434789343,13.12,0.0,Low,Low
2024-07-16,0.3883782217636073,0.1589975259034835,0.2274273607397159,0.1810922241762045,13.19,0.0,Low,Low
2024-07-17,0.4083606556328235,0.1626521423273157,0.2341496658934044,0.2124445093108655,14.48,0.0,Low,Low
2024-07-18,0.4103995894239152,0.1598015648797676,0.2318421806287595,0.2124597762379564,15.93,0.0,Low,Low
2024-07-19,0.410931422381356,0.1630475488673158,0.2339246415460542,0.2045833307050677,16.52,0.0,Low,Low
2024-07-22,0.4164367114536325,0.1657322584355102,0.2366210439903321,0.2124393779220443,14.91,0.0,Low,Low
2024-07-23,0.4167322237934352,0.165267602177239,0.2360752261221528,0.2120502920111705,14.72,0.0,Low,Low
2024-07-24,0.4404653979069429,0.1706836573255217,0.2607717328346662,0.2465325255457708,18.04,0.0,Low,Low
2024-07-25,0.438449808394889,0.1704278481166619,0.2619779104047911,0.2498669197999017,18.46,0.0,Low,Low
2024-07-26,0.4262521795560008,0.1793394594335136,0.2642846602710237,0.2476349229841715,16.39,0.0,Low,Low
2024-07-29,0.4177006175072928,0.1728427163325504,0.2658772745243432,0.2476307582053496,16.6,0.0,Low,Low
2024-07-30,0.406849928235114,0.1821887764650216,0.2631276166002332,0.2522979422549476,17.69,0.0,Low,Low
2024-07-31,0.4251622658750355,0.1970173057783401,0.2661650591325519,0.2625196080722375,16.36,1.0,Normal,Low
2024-08-01,0.4379913863623696,0.2054205860286431,0.2687619655779274,0.2749831655788619,18.59,1.0,Normal,Low
2024-08-02,0.4753093226317582,0.2243531037688167,0.2854681382423963,0.3062618695233082,23.39,1.0,Normal,Normal
2024-08-05,0.5078271290374432,0.2439636569467608,0.3062501837970067,0.3387633312978735,38.57,2.0,Elevated,Normal
2024-08-06,0.5089143775760043,0.2477311387247921,0.3069230352387992,0.3381633314902774,27.71,1.0,Normal,Normal
2024-08-07,0.5083478418197552,0.2484780485380587,0.3071188439612213,0.3362377957768301,27.85,1.0,Normal,Normal
2024-08-08,0.5370292115109833,0.2699291756219756,0.3289714492284144,0.3768561820224251,23.79,1.0,Normal,Normal
2024-08-09,0.5339288746162636,0.2691773094723079,0.3273497300133615,0.3735897401561605,20.37,1.0,Normal,Normal
2024-08-12,0.5332104619892495,0.2718479886363418,0.3276015416565885,0.3734002727147876,20.71,1.0,Normal,Normal
2024-08-13,0.5369481238792626,0.2733547083890321,0.3324574086734293,0.3790828227369672,18.12,1.0,Normal,Normal
2024-08-14,0.5327399359398668,0.2698826274809279,0.332836806173209,0.3758971058879448,16.19,1.0,Normal,Normal
2024-08-15,0.5362043907780605,0.2652368321761723,0.3372745267937521,0.3818784163552803,15.23,1.0,Normal,Normal
2024-08-16,0.5278181328695195,0.2619449800202948,0.3378993074229303,0.3819026500122797,14.8,1.0,Normal,Normal
2024-08-19,0.5287115600351201,0.2600531089225582,0.3400276975573753,0.385320309303735,14.65,1.0,Normal,Normal
2024-08-20,0.5270736343318615,0.2600385000819593,0.3388033992119041,0.3852346150009831,15.88,1.0,Normal,Normal
2024-08-21,0.5260906734014084,0.2615506899208324,0.3329958766117961,0.3849932014703155,16.27,1.0,Normal,Normal
2024-08-22,0.5210910177877518,0.262802522779537,0.3301786860438916,0.3816732191158685,17.55,1.0,Normal,Normal
2024-08-23,0.5253595680174379,0.2674905790128366,0.333032644761887,0.3878372556270408,15.86,1.0,Normal,Normal
2024-08-26,0.5118754738549184,0.2512652205419114,0.331099325804691,0.3811291248467492,16.15,1.0,Normal,Normal
2024-08-27,0.5158651389405307,0.2559044446129179,0.3316297189976224,0.3816767578594241,15.43,1.0,Normal,Normal
2024-08-28,0.5022680228153726,0.2536220690926313,0.3311570397980355,0.370781408563891,17.11,1.0,Normal,Normal
2024-08-29,0.5021924115079927,0.2558054463946226,0.3295410239131976,0.3707446887228892,15.65,1.0,Normal,Normal
2024-08-30,0.5043664188946889,0.2571687447954258,0.3288074795788721,0.3744995549459534,15.0,1.0,Normal,Normal
2024-09-03,0.5135888490841806,0.2604210291349704,0.3467007703089929,0.38544549078121,20.72,1.0,Normal,Normal
2024-09-04,0.5144641680111349,0.2628778595910367,0.3533264500022036,0.3863335181393595,21.32,1.0,Normal,Normal
2024-09-05,0.4944883682383041,0.2642078386308795,0.3635963003217047,0.3689992324516598,19.9,1.0,Normal,Normal
2024-09-06,0.5037118260183046,0.2680887845115244,0.3790800864567839,0.3804054208253526,22.38,1.0,Normal,Normal
2024-09-09,0.5062036813430503,0.2726931028210978,0.3722346790351761,0.3828016902084769,19.45,1.0,Normal,Normal
2024-09-10,0.5166769373741912,0.2668665570173387,0.3740579254168116,0.3876872843284296,19.08,1.0,Normal,Normal
2024-09-11,0.5183891900005133,0.2669720740881356,0.375188725455937,0.3891348208127406,17.69,1.0,Normal,Normal
2024-09-12,0.504065616243016,0.2582952807601821,0.3728399840198048,0.3825028650731891,17.07,1.0,Normal,Normal
2024-09-13,0.4943382665474304,0.2528781486696865,0.3674760564326191,0.3739101095272157,16.56,1.0,Normal,Normal
2024-09-16,0.4656861371240422,0.227516336768738,0.3652396432537743,0.3464553693873488,17.14,1.0,Normal,Normal
2024-09-17,0.4282756243508785,0.19954080611976,0.3645110475213943,0.3063322344091626,17.61,1.0,Normal,Normal
2024-09-18,0.424134561227548,0.1926066701530935,0.3641847560869661,0.3055488843035547,18.23,1.0,Normal,Normal
2024-09-19,0.4314912823662883,0.1859719158719133,0.3752232729275934,0.3147051530343204,16.33,1.0,Normal,Normal
2024-09-20,0.4003394575983649,0.161108015277603,0.374554623630925,0.2759135555653444,16.15,0.0,Low,Normal
2024-09-23,0.4000472872834892,0.1607389321162793,0.374484649163561,0.2758089079842237,15.89,0.0,Low,Normal
2024-09-24,0.3986968771409951,0.1575062032250967,0.3711516830746372,0.2763660242397911,15.39,0.0,Low,Low
2024-09-25,0.3928227473241956,0.1555306833469848,0.3708954615562865,0.2683146389295568,15.41,0.0,Low,Low
2024-09-26,0.3926815745530888,0.1563287361652175,0.3704800612495787,0.2682151665264556,15.37,0.0,Low,Low
2024-09-27,0.3850266570726626,0.155026463600538,0.3714432060623974,0.263084577053441,16.96,0.0,Low,Low
2024-09-30,0.3867642869073599,0.1563286144075606,0.3721033979539769,0.2637902223402971,16.73,0.0,Low,Low
2024-10-01,0.3909193734170859,0.1578268732110857,0.3757269881481431,0.2692282730646776,19.26,0.0,Low,Low
2024-10-02,0.3927459119990655,0.1586409571388466,0.3766423798356358,0.2688534376340884,18.9,0.0,Low,Low
2024-10-03,0.3933169955124245,0.1593131963685281,0.3773311275412038,0.2681575746922106,20.49,0.0,Low,Low
2024-10-04,0.3908056371321624,0.1581539031263664,0.380622094518903,0.2662646282651577,19.21,0.0,Low,Low
2024-10-07,0.3884434012029365,0.1477410586638436,0.3813050599353976,0.2616035182473033,22.64,0.0,Low,Low
2024-10-08,0.3883614335222444,0.1446484691260604,0.3892639742028534,0.2626849644393372,21.42,0.0,Low,Low
2024-10-09,0.3834886261751867,0.1386203969045008,0.3920956089598297,0.2606341360459933,20.86,0.0,Low,Low
2024-10-10,0.3820388864558274,0.138269899959954,0.3927876941074397,0.2575802648081056,20.93,0.0,Low,Low
2024-10-11,0.3850085549408771,0.1423731966628739,0.3901824946125747,0.2573340852710538,20.46,0.0,Low,Low
2024-10-14,0.3872554863133614,0.1462669994700926,0.3859105938786472,0.2584575615011625,19.7,0.0,Low,Low
2024-10-15,0.3640583537933132,0.1400901555151817,0.3867292096212582,0.2277166149402065,20.64,0.0,Low,Low
2024-10-16,0.3619994612207783,0.1371646760646358,0.3870230620373858,0.2280517431781231,19.58,0.0,Low,Low
2024-10-17,0.3593686359525599,0.1340066807957043,0.3882463731393654,0.2281281724489762,19.11,0.0,Low,Low
2024-10-18,0.3443736492279257,0.1230719083429488,0.3854201490686391,0.1971247965581816,18.03,0.0,Low,Low
2024-10-21,0.3395638721541965,0.1203488200429042,0.3896788528811283,0.1906685050941314,18.37,0.0,Low,Low
2024-10-22,0.3291506829052742,0.1200376927466763,0.3936571120192834,0.1861974142428677,18.2,0.0,Low,Low
2024-10-23,0.3268304298202463,0.1162504536688287,0.4082866745511037,0.1908450638096511,19.24,0.0,Low,Low
2024-10-24,0.3420619810757037,0.1593208544276193,0.4037686240934095,0.1947592895816121,19.08,0.0,Low,Low
2024-10-25,0.339256454150298,0.1655892754067085,0.4039991850446393,0.1944144308340935,20.33,0.0,Low,Low
2024-10-28,0.3321327380025668,0.1692179993255549,0.4081690689141822,0.1937426616441335,19.8,0.0,Low,Low
2024-10-29,0.3347266288338629,0.1689940802198705,0.4124572553770407,0.1973149140346034,19.34,0.0,Low,Low
2024-10-30,0.3426874215720767,0.1732072544817232,0.4060381794841792,0.2014244079798534,20.35,0.0,Low,Low
2024-10-31,0.3458680651872454,0.1650806662483892,0.4125966011394536,0.2015967480504123,23.16,0.0,Low,Low
2024-11-01,0.351814620472993,0.1612281720120696,0.4107472616887258,0.2027953334133962,21.88,0.0,Low,Low
2024-11-04,0.3523708446184017,0.1626619488779178,0.4116798870345078,0.2059362968294915,21.98,0.0,Low,Low
2024-11-05,0.3542106312638888,0.1632444911765393,0.4163442732960742,0.2098059560494365,20.49,0.0,Low,Low
2024-11-06,0.3881176384833895,0.1898258165374334,0.4318078581582286,0.257404894944065,16.27,0.0,Low,Low
2024-11-07,0.3927836984890382,0.1893865759680611,0.4356095699840883,0.2639561779250772,15.2,0.0,Low,Low
2024-11-08,0.3943451019420488,0.1921905877410978,0.4358141193485785,0.2637169342813636,14.94,0.0,Low,Low
2024-11-11,0.4178187852144858,0.2143760119510104,0.4321893854491627,0.2706026764488712,14.97,1.0,Normal,Low
2024-11-12,0.4146909292282675,0.2168497195683113,0.4306519541493798,0.2607182356849796,14.71,1.0,Normal,Low
2024-11-13,0.414012090001165,0.2136103990686035,0.4307465286892146,0.2600805640435612,14.02,1.0,Normal,Normal
2024-11-14,0.4178225937882629,0.2162470078087607,0.4296584953766417,0.2640269452405504,14.31,1.0,Normal,Normal
2024-11-15,0.4241881645646617,0.211333644313699,0.424509005931954,0.2645473636211551,16.14,1.0,Normal,Normal
2024-11-18,0.4237116180996786,0.2177990384413799,0.4248621045465183,0.2630005463046992,15.58,1.0,Normal,Normal
2024-11-19,0.422067144841862,0.2198137770762653,0.4274741895542111,0.2605125242168813,16.35,1.0,Normal,Normal
2024-11-20,0.421261359618797,0.2186690422997175,0.426386796856235,0.2616047420187726,17.16,1.0,Normal,Normal
2024-11-21,0.4271927395688504,0.2225318767954869,0.4139096949212279,0.2623625527697025,16.87,1.0,Normal,Normal
2024-11-22,0.4245911939464827,0.2159606773511652,0.4151602690807457,0.262339798612308,15.24,1.0,Normal,Normal
2024-11-25,0.42830475725832,0.2204046300978105,0.4114902017473005,0.2607856349543947,14.6,1.0,Normal,Normal
2024-11-26,0.4262964794863376,0.2209716826325145,0.40760584133074,0.2564779367838922,14.1,1.0,Normal,Normal
2024-11-27,0.4327666031613471,0.2240706485675301,0.4044430943532769,0.2564628073222807,14.1,1.0,Normal,Normal
2024-11-29,0.4320666595544589,0.2236565007864169,0.3893348461709296,0.2564575647120613,13.51,1.0,Normal,Normal
2024-12-02,0.4294503984630712,0.2319445247570042,0.3875920359308087,0.2557696327830739,13.34,1.0,Normal,Normal
2024-12-03,0.4303683954118429,0.2306074563181416,0.3851325726361928,0.2556814007297922,13.3,1.0,Normal,Normal
2024-12-04,0.4396561326015852,0.2289537805333672,0.382613781520038,0.2598244674538548,13.45,1.0,Normal,Normal
2024-12-05,0.4342993133700999,0.2313029086885706,0.3810547076818803,0.251483094166161,13.54,1.0,Normal,Normal
2024-12-06,0.4268639170178323,0.2078073702898698,0.3854224112119008,0.2505646138600838,12.77,0.0,Low,Normal
2024-12-09,0.432412244143439,0.2103879104325973,0.3876941715965172,0.2590708809134587,14.19,1.0,Normal,Normal
2024-12-10,0.4375111732447776,0.2032155587264026,0.3730082237695235,0.2615914725441893,14.18,1.0,Normal,Normal
2024-12-11,0.4428572682980462,0.2046441943262014,0.3518301010303493,0.269431583359752,13.58,1.0,Normal,Normal
2024-12-12,0.44706854471718,0.2045155478779339,0.3491994945088716,0.2686111342210396,13.92,1.0,Normal,Normal
2024-12-13,0.4555170616564589,0.2245670314061016,0.3325922503959854,0.2460688132035073,13.81,1.0,Normal,Normal
2024-12-16,0.454270554461703,0.2319389110439838,0.3081311556707359,0.2476133199983478,14.69,1.0,Normal,Normal
2024-12-17,0.4520116240197843,0.2293532835998685,0.3094734358777894,0.2439100920130941,15.87,1.0,Normal,Normal
2024-12-18,0.4737223674353522,0.2357676275297574,0.3353154349226894,0.2800586839865682,27.62,1.0,Normal,Normal
2024-12-19,0.4495787349965259,0.2235635666394064,0.3294416139121193,0.2422844565504389,24.09,1.0,Normal,Normal
2024-12-20,0.4453768117756517,0.2236732699791002,0.3295376217030976,0.2340031766440119,18.36,1.0,Normal,Normal
2024-12-23,0.4492705657930662,0.2217068244586953,0.3256802896833874,0.2353683894497942,16.78,1.0,Normal,Normal
2024-12-24,0.4265317918977897,0.1994223290480888,0.3289439409562456,0.2303116604240066,14.27,0.0,Low,Normal
2024-12-26,0.4225984203602762,0.1979307041582825,0.3277341174186396,0.2305501608385433,14.73,0.0,Low,Normal
2024-12-27,0.4235002198181237,0.1978896465439784,0.3311145086682525,0.2349544210104272,15.95,0.0,Low,Low
2024-12-30,0.4217457550692921,0.1958966216161596,0.3328523727484317,0.2340375004519046,17.4,0.0,Low,Low
2024-12-31,0.4134108232854376,0.1983577297937953,0.3286075630945366,0.2313623508450619,17.35,0.0,Low,Low
2025-01-02,0.4143912485481452,0.1985284821337219,0.3227650322832695,0.2272074320642808,17.93,0.0,Low,Low
2025-01-03,0.4184142326836607,0.2023876086232297,0.3221654474500923,0.2327600041113009,16.13,0.0,Low,Low
2025-01-06,0.4185082458723501,0.2029919854742538,0.3233161090326474,0.2341111774238209,16.04,0.0,Low,Low
2025-01-07,0.4194325819790632,0.2028108458915319,0.3271405952777255,0.2456899131220226,17.82,1.0,Normal,Low
2025-01-08,0.4190769270184005,0.2024909527090531,0.3295261799608013,0.2465354647176419,17.7,1.0,Normal,Low
2025-01-10,0.4190132979626439,0.1968459233366023,0.3373476677884398,0.2552388554646304,19.54,1.0,Normal,Normal
2025-01-13,0.417354607608748,0.1990084148730855,0.3190888832109686,0.2554074076120488,19.19,1.0,Normal,Normal
2025-01-14,0.411269627649126,0.1923295108538416,0.3193171076300789,0.2554954062479021,18.71,0.0,Low,Normal
2025-01-15,0.4251118995116764,0.1989241850094937,0.3301188642901617,0.2730292526606245,16.12,1.0,Normal,Normal
2025-01-16,0.4244997440363065,0.1968618044239805,0.316353437940907,0.2734651458217924,16.6,1.0,Normal,Normal
2025-01-17,0.4314602468533012,0.1983476229892193,0.3200439858932528,0.2843433363672031,15.97,1.0,Normal,Normal
2025-01-21,0.4287225908668668,0.2117554307362787,0.3195624821216316,0.2817333211699578,15.06,1.0,Normal,Normal
2025-01-22,0.4407382197651769,0.204538142859208,0.3143260712883354,0.2852491741443157,15.1,1.0,Normal,Normal
2025-01-23,0.4370687706127314,0.2020876785813828,0.3129305074617319,0.2813475377307201,15.02,1.0,Normal,Normal
2025-01-24,0.4306025289952401,0.1973184648124843,0.3157562441303004,0.2764049178063151,14.85,1.0,Normal,Normal
2025-01-27,0.4643167086335435,0.2249581582353585,0.3113900264481721,0.2986342088937921,17.9,1.0,Normal,Normal
2025-01-28,0.4625330727753921,0.2222502210401255,0.309840194592664,0.2882688539423741,16.41,1.0,Normal,Normal
2025-01-29,0.4500678606786301,0.2300918258637491,0.3093903513818939,0.2866403172175603,16.56,1.0,Normal,Normal
2025-01-30,0.440241264883632,0.1953037067312441,0.2886053751720415,0.2875880211129173,15.84,1.0,Normal,Normal
2025-01-31,0.43281052525396,0.1887442368803162,0.2890681490324641,0.2840261564143239,16.43,1.0,Normal,Normal
2025-02-03,0.4395126222219861,0.1965949093387837,0.2921410796635808,0.2902151076566141,18.62,1.0,Normal,Normal
2025-02-04,0.42283618563757,0.1979793020572708,0.2906248019444344,0.2616393353278988,17.21,1.0,Normal,Normal
2025-02-05,0.4303493764444934,0.1956055857983313,0.2851872853306655,0.2602952640423206,15.77,0.0,Low,Normal
2025-02-06,0.4320198812299112,0.1946165143218505,0.2841308246847426,0.2601879022282081,15.5,0.0,Low,Normal
2025-02-07,0.430295141221443,0.1915452419004047,0.2856404435983196,0.2606211724025673,16.54,0.0,Low,Low
2025-02-10,0.4304705274862659,0.1883699769828024,0.2887108822579587,0.2594852330374445,15.81,0.0,Low,Low
2025-02-11,0.4330164984238128,0.1866000666956923,0.2808373035887467,0.2585000751469044,16.02,0.0,Low,Low
2025-02-12,0.4362172021486251,0.1881725802929605,0.2796686448730854,0.256438222853608,15.89,0.0,Low,Low
2025-02-13,0.4384128673775542,0.190104521251874,0.2802408219679257,0.256608710424932,15.1,0.0,Low,Low
2025-02-14,0.43838177993894,0.1910263498381648,0.2768375073311903,0.2552831487953438,14.77,0.0,Low,Low
2025-02-18,0.4499910775413723,0.2053153276549811,0.266776602161959,0.2550873333641953,15.35,1.0,Normal,Low
2025-02-19,0.4447178605712864,0.2035555988079769,0.2631540011814788,0.2491937454441659,15.27,1.0,Normal,Low
2025-02-20,0.4417198145508462,0.2050868929085239,0.2640268725543335,0.2465785722617215,15.66,1.0,Normal,Normal
2025-02-21,0.4425886666171923,0.1996516417510063,0.2754418373414431,0.2499198365262225,18.21,1.0,Normal,Normal
2025-02-24,0.4531977439845666,0.2146432788997872,0.280877274509562,0.2613837513897297,18.98,1.0,Normal,Normal
2025-02-25,0.4516239347314954,0.2173931065496219,0.2833820753745734,0.2577906816310403,19.43,1.0,Normal,Normal
2025-02-26,0.4572020691931235,0.2200034262866469,0.2797898420063859,0.2577461791328767,19.1,1.0,Normal,Normal
2025-02-27,0.4670819562055185,0.2213885293313587,0.2888170616812123,0.2698443135505339,21.13,1.0,Normal,Normal
2025-02-28,0.4553108343804139,0.2197616985180103,0.2910947659778102,0.2538260917820138,19.63,1.0,Normal,Normal
2025-03-03,0.4598363114420244,0.2248958317532849,0.3006965900157708,0.262429971854554,22.78,1.0,Normal,Normal
2025-03-04,0.4539372004305425,0.2214604713383178,0.2991371329190134,0.2468770468869622,23.51,1.0,Normal,Normal
2025-03-05,0.4495906983548973,0.2055628541607789,0.3029511072300231,0.2478819070708608,21.93,1.0,Normal,Normal
2025-03-06,0.449442502193665,0.2056222351011844,0.3038179572542641,0.2512622937666151,24.87,1.0,Normal,Normal
2025-03-07,0.4527778212310229,0.2096575860606526,0.3042584829337086,0.2509064535379726,23.37,1.0,Normal,Normal
2025-03-10,0.4848263235103421,0.2193232269438843,0.3338046818932353,0.2958586417550871,27.86,2.0,Elevated,Normal
2025-03-11,0.4592511002637468,0.2016108095765543,0.331975500738889,0.2847734093117237,26.92,2.0,Elevated,Normal
2025-03-12,0.460893289563774,0.2063232731038544,0.3320541236279468,0.2925996881763635,24.23,1.0,Normal,Normal
2025-03-13,0.4832151373914955,0.2030554263935751,0.334551733810534,0.2963233056720528,24.66,1.0,Normal,Normal
2025-03-14,0.486240868712615,0.2070511683772846,0.3360394503212886,0.3113488858561909,21.77,1.0,Normal,Normal
2025-03-17,0.4876151609869517,0.2075770109777084,0.3369138342142029,0.3125788848705907,20.51,1.0,Normal,Normal
2025-03-18,0.4832730308675553,0.2031956424742877,0.3388773904559604,0.3113631670235712,21.7,1.0,Normal,Normal
2025-03-19,0.4897681485778523,0.2146999942514504,0.3380464017114052,0.3188180081727264,19.9,1.0,Normal,Normal
2025-03-20,0.4814143233498837,0.2188688844505208,0.3219155591536964,0.3190624195679383,19.8,1.0,Normal,Normal
2025-03-21,0.4803473954780211,0.2213812473996286,0.3171118932515093,0.3205260491089318,19.28,1.0,Normal,Normal
2025-03-24,0.49499386845827,0.233637980558876,0.3256926331936456,0.3377548099354645,17.48,1.0,Normal,Normal
2025-03-25,0.4919998228042065,0.2322754468336981,0.334352788123002,0.3341237345711995,17.15,1.0,Normal,Normal
2025-03-26,0.4965214861264586,0.230990014656894,0.3438187206458382,0.3430536067848331,18.33,1.0,Normal,Normal
2025-03-27,0.4934288639759219,0.2282592111795379,0.3450097060390422,0.3411643072679287,18.69,1.0,Normal,Normal
2025-03-28,0.4990923852654237,0.2220769827023274,0.3578743501262428,0.3497907982022867,21.65,1.0,Normal,Normal
2025-03-31,0.4980748625644478,0.2207730100825646,0.3588373294822375,0.3485846616743498,22.28,1.0,Normal,Normal
2025-04-01,0.4874312215908383,0.1984732288934177,0.3591126164562648,0.3521194178411455,21.77,1.0,Normal,Normal
2025-04-02,0.4897914169919733,0.2018411044752145,0.3573053452477732,0.3521055636605834,21.51,1.0,Normal,Normal
2025-04-03,0.5233321897255528,0.1852595273881245,0.3738696392376692,0.3751159722609422,30.02,2.0,Elevated,Normal
2025-04-04,0.5459046947739736,0.1870295672481437,0.3940878153507892,0.3911440671321795,45.31,2.0,Elevated,Normal
2025-04-07,0.5527012537089537,0.1861056612914695,0.3882027734492687,0.3875278849074215,46.98,2.0,Elevated,Elevated
2025-04-08,0.5551420037974538,0.1843077839160886,0.3940494380723613,0.3898414627095307,52.33,2.0,Elevated,Elevated
2025-04-09,0.7019847617036181,0.2094565022876713,0.5044987326107394,0.5782387955180098,33.62,3.0,Crisis,Elevated
2025-04-10,0.7108409683086507,0.213242306413805,0.5198740106453502,0.5922867320976103,40.72,3.0,Crisis,Elevated
2025-04-11,0.7141678576527184,0.2128447985859007,0.5198046141466811,0.5948018586755489,37.56,3.0,Crisis,Crisis
2025-04-14,0.7112178493247019,0.2125825917302217,0.5203502055619478,0.5919238937463491,30.89,3.0,Crisis,Crisis
2025-04-15,0.7100818886437453,0.2102522067111951,0.519642976590478,0.5919243896684124,30.12,3.0,Crisis,Crisis
2025-04-16,0.7121869427061107,0.2140406583415595,0.5244739323229769,0.5926072528041497,32.64,3.0,Crisis,Crisis
2025-04-17,0.7043683778634721,0.2160638607489458,0.5249177683971425,0.5873896814964895,29.65,3.0,Crisis,Crisis
2025-04-21,0.7039470722614012,0.2147404826698582,0.5229220179733356,0.588723199442798,33.82,3.0,Crisis,Crisis
2025-04-22,0.6908509312842077,0.1986065407626929,0.5308469557857769,0.5769239736446327,30.57,3.0,Crisis,Crisis
2025-04-23,0.6936061754367046,0.1997448390447261,0.5379533302389575,0.5822874204149021,28.45,3.0,Crisis,Crisis
2025-04-24,0.6972176933704965,0.1943652533484535,0.5390596867178796,0.585893014547859,26.47,3.0,Crisis,Crisis
2025-04-25,0.6822228853341711,0.2045472914511978,0.5455814681055291,0.5833074899921958,24.84,3.0,Crisis,Crisis
2025-04-28,0.6757433865298121,0.2053218332903451,0.555552931238737,0.5766056852457975,25.15,3.0,Crisis,Crisis
2025-04-29,0.6718457216883065,0.2021211164404231,0.5584853148920047,0.5765088913218233,24.17,3.0,Crisis,Crisis
2025-04-30,0.668710635194586,0.2018401483303899,0.558896504373417,0.5736995763875505,24.7,3.0,Crisis,Crisis
2025-05-01,0.6699152339025118,0.1948089723593904,0.5419443339973001,0.5716696967140406,24.6,3.0,Crisis,Crisis
2025-05-02,0.671531115446376,0.1939339570134777,0.5421105551465527,0.5727357940578163,22.68,3.0,Crisis,Crisis
2025-05-05,0.6723590837523648,0.1929158288143542,0.5424219792457784,0.5734036950601434,23.64,3.0,Crisis,Crisis
2025-05-06,0.6617920393010006,0.1833629184064512,0.5439746101618878,0.5649103953856849,24.76,3.0,Crisis,Crisis
2025-05-07,0.6644201623494934,0.1813672199072031,0.5380358569121589,0.5647777887667148,23.55,3.0,Crisis,Crisis
2025-05-08,0.6762247039791504,0.1981636383473718,0.535133256080244,0.5646427257237738,22.48,3.0,Crisis,Crisis
2025-05-09,0.6769708454608954,0.2001335779152167,0.533500807363524,0.5644788064043988,21.9,3.0,Crisis,Crisis
2025-05-12,0.6808676803728422,0.2012861556450631,0.5352672614346397,0.564675513648449,18.39,3.0,Crisis,Crisis
2025-05-13,0.682366797060818,0.2033288406120074,0.536076478200394,0.5664281742968758,18.22,3.0,Crisis,Crisis
2025-05-14,0.6846809144116537,0.2053368733609127,0.5364227412951456,0.5662189304254817,18.62,3.0,Crisis,Crisis
2025-05-15,0.6825961043174592,0.2031631159130613,0.5366093291257724,0.5673999240946738,17.83,3.0,Crisis,Crisis
2025-05-16,0.6528697738391428,0.2025288002310658,0.5370372608749787,0.5419356922889167,17.24,3.0,Crisis,Crisis
2025-05-19,0.6201465469598941,0.2022254586495588,0.5350470522744272,0.5132579711941259,18.14,3.0,Crisis,Crisis
2025-05-20,0.6028772057511422,0.1862973177004217,0.5353333210870203,0.5092166229203161,18.09,3.0,Crisis,Crisis
2025-05-21,0.5952379753032415,0.1797786568026549,0.5324881706599582,0.500576699259034,20.87,2.0,Elevated,Crisis
2025-05-22,0.4442696631836649,0.1406017694974502,0.5320600909419305,0.316852423565241,20.28,2.0,Elevated,Crisis
2025-05-23,0.4144401447800027,0.1333798168170197,0.5342344865148769,0.2728077103208144,22.29,2.0,Elevated,Elevated
2025-05-27,0.4120955739127214,0.1343247762981363,0.5341623075901853,0.2760399292323424,18.96,0.0,Low,Elevated
2025-05-28,0.4105999034131002,0.1339576275215672,0.5351545388042286,0.2779096960584103,19.31,0.0,Low,Elevated
2025-05-29,0.4102750251834877,0.1347166047081348,0.5318706179511443,0.2780930678928222,19.18,0.0,Low,Low
2025-05-30,0.3985580503970263,0.1420981886538062,0.5339192119095534,0.2661561472938268,18.57,0.0,Low,Low
2025-06-02,0.3984411973992518,0.1404200882510729,0.5373118065104643,0.2646091423632322,18.36,0.0,Low,Low
2025-06-03,0.3857505609853374,0.1423811956502529,0.5372432555289639,0.2527015800440206,17.69,0.0,Low,Low
2025-06-04,0.3721876970968585,0.1342765245048768,0.5371559551135622,0.2355833865503244,17.61,0.0,Low,Low
2025-06-05,0.3792844623071806,0.1576138598926224,0.5502547782767783,0.2368236230006261,18.48,0.0,Low,Low
2025-06-06,0.3705644284725707,0.1618862628892588,0.552120280942913,0.2244391708837857,16.77,0.0,Low,Low
2025-06-09,0.3731898141643308,0.1651287751268401,0.5514214389338604,0.2283061104472675,17.16,0.0,Low,Low
2025-06-10,0.3780865362732871,0.1671404243435199,0.5576576952318986,0.2291490404271762,16.95,0.0,Low,Low
2025-06-11,0.3830279447497674,0.1676410778578549,0.5583314671468845,0.2329950087236726,17.26,0.0,Low,Low
2025-06-12,0.3953161797050739,0.1697491653694635,0.5502760252342647,0.2327695347681309,18.02,0.0,Low,Low
2025-06-13,0.3912508723204828,0.1772883913891418,0.5490520594857035,0.2371096982866942,20.82,2.0,Elevated,Low
2025-06-16,0.3917732699960715,0.1804462287483885,0.5550669073262062,0.2371902335020384,19.11,0.0,Low,Low
2025-06-17,0.3929407960820258,0.1807846598852414,0.5574077201724378,0.2386002979647151,21.6,2.0,Elevated,Low
2025-06-18,0.3920111393325274,0.1806326441225425,0.5578957572660904,0.237319317106187,20.14,2.0,Elevated,Elevated
2025-06-20,0.3911881854824936,0.1860267839007408,0.5565189803008118,0.241862964131632,20.62,2.0,Elevated,Elevated
2025-06-23,0.3717230819447624,0.1483362346851394,0.5580863920841372,0.2306725929531864,19.83,0.0,Low,Elevated
2025-06-24,0.3747120711023978,0.1448962644568014,0.5598334471381821,0.2351971955068265,17.48,0.0,Low,Elevated
2025-06-25,0.346697084924969,0.1558738112185908,0.559065524629902,0.2034928698749946,16.76,0.0,Low,Low
2025-06-26,0.3385497587853591,0.1477052927561822,0.5589518036586273,0.1914603943517822,16.59,0.0,Low,Low
2025-06-27,0.33529963488963,0.1443359037169206,0.5657981450457514,0.1918265163485722,16.32,0.0,Low,Low
2025-06-30,0.3374921614939974,0.1498481230634506,0.5652116124680705,0.1902608208824359,16.73,0.0,Low,Low
2025-07-01,0.3453939451492063,0.1514620814830757,0.5647796482793991,0.1971756218499987,16.83,0.0,Low,Low
2025-07-02,0.352628646039388,0.1571478455376183,0.5579808332613116,0.1999383507475377,16.64,0.0,Low,Low
2025-07-03,0.3529393303386037,0.1571376620324567,0.5582627923151995,0.2006363076293005,16.38,0.0,Low,Low
2025-07-07,0.3521477310100192,0.1611999383447835,0.5588923808946382,0.2059383219399298,17.79,0.0,Low,Low
2025-07-08,0.3536229165336383,0.1613585764433992,0.5617087892237412,0.2066918084334563,16.81,0.0,Low,Low
2025-07-09,0.3495113809079758,0.1643866628038202,0.560174314198859,0.1982008947379818,15.94,0.0,Low,Low
2025-07-10,0.3476043947889872,0.1662852851370433,0.5574267661271878,0.1845582067985742,15.78,0.0,Low,Low
2025-07-11,0.3485963343796464,0.1660196996778427,0.5565296165948349,0.1840741679868465,16.4,0.0,Low,Low
2025-07-14,0.3470015291856522,0.1657353465315071,0.5583221318344023,0.1828904518439514,17.2,0.0,Low,Low
2025-07-15,0.3448076184590945,0.163017146338995,0.5562672099318621,0.1776153888448332,17.38,0.0,Low,Low
2025-07-16,0.3459769559917831,0.1693932257401193,0.5550172323264272,0.1783386991890103,17.16,0.0,Low,Low
2025-07-17,0.3444061353544327,0.169762687288533,0.5595410083586992,0.1784726198050091,16.52,0.0,Low,Low
2025-07-18,0.3467558966753639,0.1690088925229683,0.5416448096309946,0.1786676226407116,16.41,0.0,Low,Low
2025-07-21,0.3378294805951276,0.153525620402194,0.5434375027920546,0.1695026672252169,16.65,0.0,Low,Low
2025-07-22,0.3371778393535785,0.1561056646254067,0.5415667249266624,0.1690994464170955,16.5,0.0,Low,Low
2025-07-23,0.3308415242397303,0.1558383871695567,0.5525908741006057,0.1611845597122999,15.37,0.0,Low,Low
2025-07-24,0.3296840865382304,0.1569468521962386,0.547394382273298,0.1588347888107671,15.39,0.0,Low,Low
2025-07-25,0.3283822035778669,0.1600230818007763,0.5488488165195358,0.1546352963643339,14.93,0.0,Low,Low
2025-07-28,0.3173980641210679,0.1491491705698068,0.5466188477775714,0.1547271076514504,15.03,0.0,Low,Low
2025-07-29,0.3065351741286053,0.1477351974941148,0.5477030869683376,0.1483828228822284,15.98,0.0,Low,Low
2025-07-30,0.3005875466768433,0.1456845907252728,0.5473883309826356,0.1440907765904559,15.48,0.0,Low,Low
2025-07-31,0.3199482537658355,0.14130908771438,0.53632837556753,0.1423550598484492,16.72,0.0,Low,Low
2025-08-01,0.3373523766630048,0.1397487825945862,0.536208009684838,0.1684814764957518,20.38,0.0,Low,Low
2025-08-04,0.336827325122182,0.1394207921753428,0.5361570499405175,0.1697750624916496,17.52,0.0,Low,Low
2025-08-05,0.3358341967434355,0.1374092304150832,0.5309935607138416,0.1691658711343048,17.85,0.0,Low,Low
2025-08-06,0.3369877659137821,0.1339387097174394,0.5286387338634114,0.1638128822424857,16.77,0.0,Low,Low
2025-08-07,0.3396184767836311,0.1348342458230677,0.5157363963220661,0.1640785617448745,16.57,0.0,Low,Low
2025-08-08,0.3398623959253072,0.1321752246974054,0.5148007609468565,0.165394298544199,15.15,0.0,Low,Low
2025-08-11,0.3410197302763054,0.1339160092498632,0.513445487835844,0.1649537044080131,16.25,0.0,Low,Low
2025-08-12,0.3454084386654928,0.1395667972258842,0.5164280788968592,0.1756986614226746,14.73,0.0,Low,Low
2025-08-13,0.3427652963430973,0.1325134290590884,0.5041965688276662,0.167266916557068,14.49,0.0,Low,Low
2025-08-14,0.3438498926851514,0.1381816702385531,0.4852341540613364,0.1654217475446779,14.83,0.0,Low,Low
2025-08-15,0.3470213011855498,0.1404921404374091,0.4915742141036351,0.164928542916228,15.09,0.0,Low,Low
2025-08-18,0.3431582212698951,0.1404336011603211,0.4885304997427073,0.1569376977793866,14.99,0.0,Low,Low
2025-08-19,0.3545490626659593,0.1447282925937197,0.325657784317212,0.1686197285803864,15.57,0.0,Low,Low
2025-08-20,0.3579523382013915,0.1502922671348766,0.2814176588227486,0.1675253918409409,15.69,0.0,Low,Low
2025-08-21,0.3536737251716873,0.1503723193080095,0.2807596034308388,0.1685623280822396,16.6,0.0,Low,Low
2025-08-22,0.3697138350868129,0.1720725749428989,0.290618445882057,0.1951471799959541,14.22,0.0,Low,Low
2025-08-25,0.3774301248042026,0.1847718175341651,0.2913501246032105,0.2003095681412942,14.79,0.0,Low,Low
2025-08-26,0.3750577211220289,0.1856706836626153,0.2782788300935733,0.2005197722763534,14.62,0.0,Low,Low
2025-08-27,0.3728816400762506,0.1816684788874398,0.2785896743385691,0.1989992496053285,14.85,0.0,Low,Low
2025-08-28,0.3734447635486831,0.183250061464072,0.2731622363613283,0.1995325776831896,14.43,0.0,Low,Low
2025-08-29,0.3790459510943058,0.1861342137389795,0.2620039719240961,0.2100752896442083,15.36,0.0,Low,Low
2025-09-02,0.3759153489585947,0.1769050689134923,0.2534138285274114,0.2066647421005096,17.17,0.0,Low,Low
2025-09-03,0.3796201124929763,0.1724250509611801,0.2342256285167396,0.2086276364132504,16.35,0.0,Low,Low
2025-09-04,0.3808692147891373,0.1677769009418229,0.2312258576946995,0.2085888854393679,15.3,0.0,Low,Low
2025-09-05,0.3870013168646131,0.162705994195457,0.2234655782787057,0.2085459912664389,15.18,0.0,Low,Low
2025-09-08,0.385221438855061,0.1595026083278859,0.2233993570954764,0.2097015486020092,15.11,0.0,Low,Low
2025-09-09,0.3849665129401629,0.158476678338947,0.2226207328303065,0.2091481440101153,15.04,0.0,Low,Low
2025-09-10,0.4344037047546532,0.2305683466509545,0.2181407691700424,0.2197177317042649,15.35,1.0,Normal,Low
2025-09-11,0.4388737170469705,0.2326487932468818,0.2154081850861392,0.2194762063641114,14.71,1.0,Normal,Low
2025-09-12,0.4225030963350232,0.2470529215564818,0.2114718173226956,0.2166508046236161,14.76,1.0,Normal,Normal
2025-09-15,0.4118401484024059,0.2479465120362311,0.210485865322609,0.19598182233305,15.69,1.0,Normal,Normal
2025-09-16,0.4066592584830896,0.248079933541046,0.213375780871703,0.1908638802759236,16.36,1.0,Normal,Normal
2025-09-17,0.4068101023575884,0.2472833907655467,0.211317249060556,0.1881198717830164,15.72,1.0,Normal,Normal
2025-09-18,0.419432334184621,0.2660617808048067,0.2075915782864925,0.1889605321536891,15.7,1.0,Normal,Normal
2025-09-19,0.4164811069672048,0.2658741848721825,0.1802066621606188,0.1890463844009116,15.45,1.0,Normal,Normal
2025-09-22,0.4233065092867434,0.2719496461912674,0.1708214653919451,0.1889761803492096,16.1,1.0,Normal,Normal
2025-09-23,0.4241602989659799,0.2723277224190481,0.1757374140990577,0.1941353190149434,16.64,1.0,Normal,Normal
2025-09-24,0.4180489695430383,0.2683907171506745,0.1744099266980065,0.1837278413405201,16.18,1.0,Normal,Normal
2025-09-25,0.4210771016752834,0.2770375933015526,0.1754165812271741,0.1889921562138548,16.74,1.0,Normal,Normal
2025-09-26,0.419773801144339,0.2787567221670429,0.1756289520005019,0.1905365106603607,15.29,1.0,Normal,Normal
2025-09-29,0.4215652120461741,0.279471177918171,0.1734024948904332,0.1904597476080776,16.12,1.0,Normal,Normal
2025-09-30,0.4225120471306435,0.2785349982124641,0.1734781371331021,0.1909505833041744,16.28,1.0,Normal,Normal
2025-10-01,0.4176995984689343,0.2776669435905192,0.1727040573960349,0.1830509106872522,16.29,1.0,Normal,Normal
2025-10-02,0.416690544736653,0.2732443807460796,0.1644830303343307,0.183756424651292,16.63,1.0,Normal,Normal
2025-10-03,0.4170062888743387,0.2717347884308601,0.1518800891151254,0.1820879779636835,16.65,1.0,Normal,Normal
2025-10-06,0.4267863619140136,0.273789085494136,0.1492471316679375,0.1664550131789998,16.37,1.0,Normal,Normal
2025-10-07,0.424273504456038,0.2718076704575616,0.1508714193842441,0.1649729844050765,17.24,1.0,Normal,Normal
2025-10-08,0.4262886382421305,0.2753963699753574,0.1523164167021946,0.1700704070815438,16.3,1.0,Normal,Normal
2025-10-09,0.4289779412711592,0.2749145168815212,0.152083267924706,0.1708062201380027,16.43,1.0,Normal,Normal
2025-10-10,0.4640943771215993,0.2782763338207912,0.1929291865305027,0.2316352812877706,21.66,1.0,Normal,Normal
2025-10-13,0.4745740419791893,0.2810070155827206,0.2040275649310798,0.2426529899026174,19.03,1.0,Normal,Normal
2025-10-14,0.47759828392978,0.2833216045302394,0.2093746157032096,0.248664507277295,20.81,1.0,Normal,Normal
2025-10-15,0.4731056772220067,0.2912348664245689,0.2073500039905891,0.2475313314947063,20.64,1.0,Normal,Normal
2025-10-16,0.4706578338459242,0.2942788093628901,0.2071276374304813,0.2484909723697977,25.31,1.0,Normal,Normal
2025-10-17,0.4647205712688591,0.2950816979049676,0.2065888641284044,0.2490189116437029,20.78,1.0,Normal,Normal
2025-10-20,0.4708583820100663,0.2928979440929535,0.2120227490134737,0.2539207092825536,18.23,1.0,Normal,Normal
2025-10-21,0.4736598184096793,0.2917861701556257,0.2111876946956788,0.2542183277272731,17.87,1.0,Normal,Normal
2025-10-22,0.4379350723715957,0.2314257531293761,0.2106848087702139,0.2511680030233678,18.6,1.0,Normal,Normal
2025-10-23,0.4353474700648914,0.2315670773009852,0.2080497884320484,0.2536216306485674,17.3,1.0,Normal,Normal
2025-10-24,0.4322341740556926,0.2284684191020152,0.204410745845058,0.2541346363167251,16.37,1.0,Normal,Normal
2025-10-27,0.4405315471950486,0.2273501841899664,0.2099694055265641,0.2634865777796098,15.79,1.0,Normal,Normal
2025-10-28,0.4427588787587142,0.2281046254040182,0.2063912423126541,0.2634141375132754,16.42,1.0,Normal,Normal
2025-10-29,0.4441667431370566,0.2245845791329445,0.203575414407176,0.2636553450832568,16.92,1.0,Normal,Normal
2025-10-30,0.4452387040696784,0.1991980894801533,0.2040941963457652,0.2726183008675544,16.91,1.0,Normal,Normal
2025-10-31,0.4510390495642307,0.1945523398432665,0.2007614265832821,0.2740234849646541,17.44,1.0,Normal,Normal
2025-11-03,0.4486526768384316,0.200333268055963,0.1986218245341332,0.2759359487788043,17.17,1.0,Normal,Normal
2025-11-04,0.4589480173337352,0.2074440546600408,0.2107414290194581,0.291140412569196,19.0,1.0,Normal,Normal
2025-11-05,0.4604042115917381,0.2095507011383802,0.2116542635050499,0.2945746143354911,18.01,1.0,Normal,Normal
2025-11-06,0.4597045546235374,0.2063059822099758,0.2210861311811003,0.3030115250004906,19.5,1.0,Normal,Normal
2025-11-07,0.4586320375570749,0.2042016085389985,0.2213282893853821,0.3013977050831008,19.08,1.0,Normal,Normal
2025-11-10,0.4613372465122858,0.2023250630663765,0.2255443806695918,0.3081319608363052,17.6,1.0,Normal,Normal
2025-11-11,0.4638894055675739,0.2063037288152214,0.2210213288448504,0.3092616231151523,17.28,1.0,Normal,Normal
2025-11-12,0.4594982343797104,0.2053994844922998,0.2199007844918047,0.3065705549104884,17.51,1.0,Normal,Normal
2025-11-13,0.4642594584031656,0.2047562138443435,0.2295559786345876,0.3156753533407315,20.0,1.0,Normal,Normal
2025-11-14,0.4669076255535094,0.2033431045344311,0.2302774262322979,0.3159710809120882,19.83,1.0,Normal,Normal
2025-11-17,0.4517634513127062,0.1713592187435207,0.2325757026023592,0.3092158993040112,22.38,1.0,Normal,Normal
2025-11-18,0.4554220037469014,0.1757077449965987,0.230634807960354,0.308247298767378,24.69,1.0,Normal,Normal
2025-11-19,0.4524491476889707,0.1665396449483005,0.2299417330378817,0.3017705657642959,23.66,1.0,Normal,Normal
2025-11-20,0.4592554295504127,0.170444005517019,0.2419650387271554,0.3128549465534742,26.42,1.0,Normal,Normal
2025-11-21,0.4378621618022392,0.1503063838240938,0.2390183154297797,0.2799132929602353,23.43,0.0,Low,Normal
2025-11-24,0.4371149614899837,0.1420196255320033,0.2483673203899069,0.2788059176205679,20.52,0.0,Low,Normal
2025-11-25,0.4362977827350213,0.1423378645125717,0.2463340875957782,0.2755818118427123,18.56,0.0,Low,Low
2025-11-26,0.4367629716525013,0.1374438917969694,0.2475441056954935,0.2789017146222235,17.19,0.0,Low,Low
2025-11-28,0.4400775726978175,0.1392156522062641,0.2486910298537463,0.2808405865145992,16.35,0.0,Low,Low
2025-12-01,0.4438588052616605,0.1449875671678026,0.249173184347298,0.2827223847385751,17.24,0.0,Low,Low
2025-12-02,0.4452083137578148,0.1606020303967799,0.2498190059345293,0.2815528640700671,16.59,0.0,Low,Low
2025-12-03,0.4484514559006672,0.1668019438288817,0.2465706190572714,0.2834950556734242,16.08,0.0,Low,Low
2025-12-04,0.446908788701236,0.1707593708889322,0.2445489395094802,0.2795599353974773,15.78,0.0,Low,Low
2025-12-05,0.4503696725990681,0.1628113615027448,0.2424721696950247,0.2766501355142818,15.41,0.0,Low,Low
2025-12-08,0.4498897159042177,0.159869380357237,0.2520095707612781,0.2744974824999506,16.66,0.0,Low,Low
2025-12-09,0.4393639699915588,0.1646392343030148,0.2434224041542388,0.263854649398584,16.93,0.0,Low,Low
2025-12-10,0.4372673929992393,0.1628337979717806,0.2407046762866859,0.2634021482356817,15.77,0.0,Low,Low
2025-12-11,0.4390119013682955,0.1670649254096066,0.2391025353509723,0.2646644310144586,14.85,0.0,Low,Low
2025-12-12,0.4350969793138077,0.1751741066955675,0.2398313943050742,0.2625021152051867,15.74,0.0,Low,Low
2025-12-15,0.4296245099867929,0.1798123605987059,0.24356554937028,0.262013786618915,16.5,0.0,Low,Low
2025-12-16,0.4238854113476881,0.17289053337476,0.2421764909080387,0.2621153167200913,16.48,0.0,Low,Low
2025-12-17,0.4199436095099998,0.1692648317767288,0.2461969994281904,0.2540307678383268,17.62,0.0,Low,Low
2025-12-18,0.4168902400454388,0.1649892169324952,0.2432182260800526,0.2501132453812377,16.87,0.0,Low,Low
2025-12-19,0.4157640719418027,0.1743763298386448,0.2466684818046603,0.2475298729759828,14.91,0.0,Low,Low
2025-12-22,0.4134477155932024,0.1719792269813007,0.2485370911045976,0.2480332047238644,14.08,0.0,Low,Low
2025-12-23,0.4070299956786219,0.1698985074085221,0.2489223093016732,0.2380251021037068,14.0,0.0,Low,Low
2025-12-24,0.4021334513298736,0.1673862093020636,0.2493054917845474,0.2365660547687346,13.47,0.0,Low,Low
2025-12-26,0.3955289003929758,0.1652559656334468,0.2471975116636746,0.2365284993238728,13.6,0.0,Low,Low
2025-12-29,0.3853491731737459,0.1608383387509513,0.2489543217335748,0.2212774124584526,14.2,0.0,Low,Low
2025-12-30,0.3815745015755947,0.1593918711950691,0.2478548376762344,0.2203593537846774,14.33,0.0,Low,Low
2025-12-31,0.3756994254723549,0.1598975796311492,0.2403834857579461,0.2163801746641481,14.95,0.0,Low,Low
2026-01-02,0.3784344612611809,0.16229815939959,0.237825729424344,0.2164756858853772,14.51,0.0,Low,Low
2026-01-05,0.3773457919558687,0.1617536997638351,0.2376195153738738,0.2177351144533639,14.9,0.0,Low,Low
2026-01-06,0.3667018304419121,0.1548577092334446,0.2355304341382044,0.1943821748990015,14.75,0.0,Low,Low
2026-01-07,0.3647975746164445,0.1575860945265176,0.2334963711270928,0.1943640911768178,15.38,0.0,Low,Low
2026-01-08,0.3458899581626112,0.1490083112070818,0.2303014564533888,0.1684072832996926,15.45,0.0,Low,Low
2026-01-09,0.3482989982769445,0.1599185460586729,0.2289220629262543,0.169898406331002,14.49,0.0,Low,Low
2026-01-12,0.3474607526683897,0.1586398728009935,0.2286499444981121,0.1651418782124704,15.12,0.0,Low,Low
2026-01-13,0.3575199492649307,0.1578692848044978,0.2249538281222643,0.1638652424559609,15.98,0.0,Low,Low
2026-01-14,0.3520683794316301,0.1498580961759663,0.2298742541863257,0.1617662004323342,16.75,0.0,Low,Low
2026-01-15,0.3430334456081631,0.1389561044083253,0.2295886633576714,0.1527345217032739,15.84,0.0,Low,Low
2026-01-16,0.3365777869612753,0.1387199718284135,0.2299916541927606,0.1498805306498463,15.86,0.0,Low,Low
2026-01-20,0.3573836038666939,0.1502100471600086,0.2596963691680845,0.1868408976525889,20.09,0.0,Low,Low
2026-01-21,0.3610136654297879,0.1585822783469597,0.2610061355699993,0.1935154489131532,16.9,0.0,Low,Low
2026-01-22,0.3633453817702416,0.1547988318071058,0.2636897169096038,0.196751138923471,15.64,0.0,Low,Low
2026-01-23,0.3742131446722346,0.1729139550400565,0.2597094325539684,0.1941744127244548,16.09,0.0,Low,Low
2026-01-26,0.3753532913224606,0.1778762233762399,0.2582386843212871,0.1940699507458736,16.15,0.0,Low,Low
2026-01-27,0.3715928699687795,0.175045490988585,0.2585983036428818,0.1932507806504354,16.35,0.0,Low,Low
2026-01-28,0.36060397737228,0.1773631260838286,0.2600971410696239,0.1833088782448364,16.35,0.0,Low,Low
2026-01-29,0.3779428307820614,0.1732677384834608,0.2520316445991168,0.1860959307747371,16.88,0.0,Low,Low
2026-01-30,0.382095922532657,0.1775285755768103,0.2570715469570801,0.1879174511061761,17.44,0.0,Low,Low
2026-02-02,0.3881613241182735,0.1900356114326707,0.2486930268278441,0.1797169107072095,16.34,0.0,Low,Low
2026-02-03,0.3990988911124982,0.1892710538321905,0.2607326954275514,0.1975303996596184,18.0,0.0,Low,Low
2026-02-04,0.4114120406292594,0.1953939167535811,0.2594580254579944,0.1964848073611453,18.64,0.0,Low,Low
2026-02-05,0.4418691508030793,0.2138770917735842,0.2684711101262344,0.2317357866940992,21.77,1.0,Normal,Low
2026-02-06,0.4765437102336999,0.2347855814990183,0.2672257770999409,0.2642042845143953,17.76,1.0,Normal,Low
2026-02-09,0.4850970608471862,0.2350707357637452,0.2670135713423368,0.2690482887421945,17.36,1.0,Normal,Normal
2026-02-10,0.4880010715693607,0.2382252855185728,0.2677084439851467,0.2696638426643242,17.79,1.0,Normal,Normal
2026-02-11,0.4904815797671259,0.2370018617481621,0.2684017717667102,0.2709723581745543,17.65,1.0,Normal,Normal
2026-02-12,0.4973222612222334,0.2320811261048261,0.2702182194448126,0.2730904607930754,20.82,1.0,Normal,Normal
2026-02-13,0.5038788043932729,0.2368234307617131,0.268798174482626,0.2760423721091746,20.6,1.0,Normal,Normal
2026-02-17,0.4992485847780485,0.2304753391823842,0.2679943530646131,0.2747077898084525,20.29,1.0,Normal,Normal
2026-02-18,0.4963811413080109,0.2281111603392966,0.2659342690650478,0.271962312699932,19.62,1.0,Normal,Normal
2026-02-19,0.4911739300402665,0.2301993889154791,0.2669457879711983,0.2706420861768361,20.23,1.0,Normal,Normal
2026-02-20,0.4939085870142259,0.2269463264975558,0.2464042439211106,0.2723323217501323,19.09,1.0,Normal,Normal
2026-02-23,0.4977567344239967,0.2282831326621255,0.2427780826317049,0.2808201348233524,21.01,1.0,Normal,Normal
2026-02-24,0.501895182106641,0.2246689849008987,0.2468418789404079,0.2888160660113322,19.55,1.0,Normal,Normal
2026-02-25,0.5145151699451006,0.2374838405176001,0.2546183686007636,0.3058906978426832,17.93,1.0,Normal,Normal
2026-02-26,0.5091872803139774,0.2277261381609219,0.2533911014691039,0.3042915144998653,18.63,1.0,Normal,Normal
2026-02-27,0.5196836308178482,0.2229293437574691,0.2487332636680573,0.3042977467644587,19.86,1.0,Normal,Normal
2026-03-02,0.5234349837271552,0.2285321783938441,0.2427166246608063,0.3072731835517494,21.44,1.0,Normal,Normal
2026-03-03,0.5249838571869199,0.2284450605140088,0.242921320186837,0.3073656046736814,23.57,1.0,Normal,Normal
2026-03-04,0.5178132912911592,0.2274905316015319,0.2446814986596177,0.3003500303571795,21.15,1.0,Normal,Normal
2026-03-05,0.5119745060035018,0.2178214485100915,0.2420092788299151,0.2956282824234197,23.75,1.0,Normal,Normal
2026-03-06,0.5102365949164567,0.221798784232189,0.2443733080624026,0.2970222379330695,29.49,1.0,Normal,Normal
2026-03-09,0.5037892870481382,0.2128432586898712,0.239584968392973,0.3005235681163627,25.5,1.0,Normal,Normal
2026-03-10,0.5014074679000146,0.2142454930094633,0.2405815438276218,0.3006794744381958,24.93,1.0,Normal,Normal
2026-03-11,0.5026613695604761,0.2150673945880146,0.2414241338465377,0.3009349959650404,24.23,1.0,Normal,Normal
2026-03-12,0.501886876130404,0.2127830409285245,0.2425921528415137,0.3019115297991021,27.29,1.0,Normal,Normal
2026-03-13,0.4882832953484552,0.219228616842367,0.2477510701130497,0.3005403961219857,27.19,1.0,Normal,Normal
2026-03-16,0.4948607806094406,0.2323298175364253,0.2548746823537665,0.3101186858595876,23.51,1.0,Normal,Normal
2026-03-17,0.4830453298095547,0.2157602697434192,0.2469318454645906,0.3080271101452854,22.37,1.0,Normal,Normal
2026-03-18,0.4751332594067255,0.2166881097077859,0.2477292765225767,0.2987466870876401,25.09,1.0,Normal,Normal
2026-03-19,0.4583545262412624,0.2077179169806822,0.2405398838152445,0.289961857571146,24.06,1.0,Normal,Normal
2026-03-20,0.427278037903914,0.1759207570965054,0.2430505499667324,0.2585453731319075,26.78,1.0,Normal,Normal
2026-03-23,0.3971794820061431,0.1513860859625226,0.2388060528336091,0.2344577844383435,26.15,0.0,Low,Normal
2026-03-24,0.3951168709224771,0.1488140948552206,0.2420121194296758,0.233888688292795,26.95,0.0,Low,Normal
2026-03-25,0.3969487514345364,0.1478565638553139,0.2456550344136757,0.2359206251192538,25.33,0.0,Low,Low
2026-03-26,0.4075578032516224,0.1488334687442728,0.2424625986954241,0.2468393069727436,27.44,0.0,Low,Low
2026-03-27,0.4081998140693863,0.1492983934163829,0.2512561171995409,0.2524048080578368,31.05,2.0,Elevated,Low
2026-03-30,0.405899642365811,0.1451757751391835,0.2501254578793949,0.2502931870314953,30.61,2.0,Elevated,Low
2026-03-31,0.4229271030219202,0.1426196625146998,0.2713594658566381,0.274824004738451,25.25,0.0,Low,Low
2026-04-01,0.426387438200803,0.1454451277186505,0.2737094200701926,0.2765013776021238,24.54,0.0,Low,Low
2026-04-02,0.4298680220455628,0.1480485943788226,0.263331121890291,0.2763803664843058,23.87,0.0,Low,Low
2026-04-06,0.4265974823179329,0.1489247285887157,0.2659847998301338,0.2762367299445121,24.17,0.0,Low,Low
2026-04-07,0.4221577518538352,0.1482114340831967,0.2539943031982152,0.2646913888844758,25.78,0.0,Low,Low
2026-04-08,0.4267597396084214,0.1530672503194719,0.2566851715972704,0.2623427036443094,21.04,0.0,Low,Low
2026-04-09,0.4166327846732364,0.1404999776885534,0.2539950819612171,0.2485715496422025,19.49,0.0,Low,Low
2026-04-10,0.4134774953487263,0.1397828269681387,0.2529823757184768,0.2481354235879667,19.23,0.0,Low,Low
2026-04-13,0.4104241814325025,0.1500313175144991,0.2605116326069783,0.2583812411645338,19.12,0.0,Low,Low
2026-04-14,0.4138593963854331,0.1479527316167107,0.260538949538871,0.259235700312346,18.36,0.0,Low,Low
2026-04-15,0.4182476956160811,0.1411118376595951,0.2688192986179807,0.2648397825677056,18.17,0.0,Low,Low
2026-04-16,0.4150282889168344,0.1406779149616737,0.271251203647791,0.2597830179885971,17.94,0.0,Low,Low
2026-04-17,0.42055315953302,0.1339656610282136,0.2706598631673874,0.2598105868583531,17.48,0.0,Low,Low
2026-04-20,0.4177781159206761,0.1329760307189437,0.2716729048792796,0.2539671759832834,18.87,0.0,Low,Low
2026-04-21,0.4165357963080211,0.1307152970496957,0.2705066827281611,0.252772946816214,19.5,0.0,Low,Low
2026-04-22,0.4203756281324507,0.131754206083287,0.2769899208122359,0.2575626389544313,18.92,0.0,Low,Low
2026-04-23,0.4277832926080834,0.1290688418221023,0.2809594946197623,0.2659277405102159,19.31,0.0,Low,Low
2026-04-24,0.4553873455679885,0.1577487091728239,0.2843257347598608,0.2774127732574699,18.71,0.0,Low,Low
2026-04-27,0.4504591150889918,0.1586529851109936,0.2829409681988579,0.2717713189954052,18.02,0.0,Low,Low
2026-04-28,0.440468061707503,0.1577075406571331,0.2821555769507262,0.2678291992799201,17.83,0.0,Low,Low
2026-04-29,0.4423890981621086,0.1620998438593962,0.2779489889851941,0.2670698115792695,18.81,0.0,Low,Low
2026-04-30,0.4599729672663259,0.1642722403468882,0.2609806543256151,0.2610568379139421,16.89,0.0,Low,Low
2026-05-01,0.4623658379691512,0.1655580426867277,0.2602488658654464,0.2616201459293319,16.99,0.0,Low,Low
2026-05-04,0.4618233008865091,0.1677497239273594,0.2585522429069805,0.2558853653488058,18.29,0.0,Low,Low
2026-05-05,0.4676861855190273,0.1775700722520136,0.258795501399308,0.2587086493749235,17.38,1.0,Normal,Low
2026-05-06,0.473077766294017,0.1911120391754614,0.2581074805822415,0.2552130750647827,17.39,1.0,Normal,Low
2026-05-07,0.4771920066178991,0.1923258724736934,0.2558536847827521,0.255393628048247,17.08,1.0,Normal,Normal
2026-05-08,0.4671368942136725,0.1970083840577321,0.2560060353572984,0.2366688335517618,17.19,1.0,Normal,Normal
2026-05-11,0.4603490624687966,0.1991245801226134,0.2527038328149043,0.2121282996716176,18.38,1.0,Normal,Normal
2026-05-12,0.4698369036847748,0.2096386163618425,0.2532340951323671,0.2295046143905156,17.99,1.0,Normal,Normal
2026-05-13,0.4619698398662799,0.2136352441705894,0.2545499521711846,0.2144877445109287,17.87,1.0,Normal,Normal
2026-05-14,0.4658578823267157,0.2165546781233571,0.2532668977422573,0.2146991342349606,17.26,1.0,Normal,Normal
2026-05-15,0.4740700982969104,0.2233071470174434,0.2522049876036153,0.222666872226928,18.43,1.0,Normal,Normal
2026-05-18,0.4799113122802163,0.2226645066642913,0.2515920434397725,0.2261911145982902,17.82,1.0,Normal,Normal
2026-05-19,0.474363573908335,0.2275062788462157,0.2533304029471838,0.2321508872888445,18.06,1.0,Normal,Normal
2026-05-20,0.4677864082650558,0.2287070270791945,0.2561067286300975,0.2332516491960528,17.44,1.0,Normal,Normal
2026-05-21,0.464291501016955,0.2316594857702596,0.2561119166622405,0.2337071444813107,16.76,1.0,Normal,Normal
2026-05-22,0.4661180225059517,0.2358647882094661,0.2577864223273904,0.2336191692864369,16.7,1.0,Normal,Normal
2026-05-26,0.45366835716257,0.2377340324527905,0.2569385468808512,0.224471074705386,17.01,1.0,Normal,Normal
2026-05-27,0.4510481510653078,0.2436019536294137,0.2557916319748579,0.2262138494742541,16.29,1.0,Normal,Normal
2026-05-28,0.4447994688427835,0.2473873707019444,0.2557491510620811,0.2199702486927833,15.74,1.0,Normal,Normal
2026-05-29,0.4577555738059599,0.2481081457092219,0.2376362809926024,0.2194302597879918,15.32,1.0,Normal,Normal
2026-06-01,0.4682958378784788,0.2618848598338659,0.2297517416977046,0.219701525200535,16.05,1.0,Normal,Normal
2026-06-02,0.4820259575944067,0.2534603330766955,0.2280563233855256,0.2240496468019494,15.77,1.0,Normal,Normal
2026-06-03,0.4888860367532699,0.2531617943431599,0.230974050590781,0.2285502932216584,16.06,1.0,Normal,Normal
2026-06-04,0.4949340686107766,0.2556927466453932,0.2274303066236556,0.2262143538215006,15.4,1.0,Normal,Normal
2026-06-05,0.5215700201596599,0.2733845791388526,0.2499526763307637,0.2793418545945917,21.51,1.0,Normal,Normal
2026-06-08,0.5120864015706045,0.2416483866619524,0.2481049880190298,0.2643052539622417,18.92,1.0,Normal,Normal
2026-06-09,0.5160994398885245,0.2426302249072346,0.2592749925145786,0.2730206176521558,19.87,1.0,Normal,Normal
2026-06-10,0.5204323780544402,0.2454348037845834,0.2638829078944799,0.2813054036253663,22.22,1.0,Normal,Normal
2026-06-11,0.5308258750803194,0.2459297840631802,0.2651453750308519,0.2844442900422911,19.44,1.0,Normal,Normal
2026-06-12,0.513939613102154,0.247258152086365,0.2556871749957666,0.2829342124167273,17.68,1.0,Normal,Normal
2026-06-15,0.5258773331845538,0.2461475906726477,0.2655822847645365,0.298679835772117,16.2,1.0,Normal,Normal
2026-06-16,0.5285265224766629,0.2486619673422996,0.2579496908974748,0.3040978026224784,16.41,1.0,Normal,Normal
2026-06-17,0.526790167718828,0.2352506319287215,0.2661278485623088,0.3018206516944573,18.44,1.0,Normal,Normal
2026-06-18,0.5201138024156651,0.2272969607665442,0.2661881603723058,0.2963645726523813,16.4,1.0,Normal,Normal
2026-06-22,0.5261633885839282,0.2205659876487143,0.2651052119400457,0.2975074874417838,17.28,1.0,Normal,Normal
2026-06-23,0.5224344386651241,0.2116978266609724,0.2646471125854144,0.292784587330466,19.49,1.0,Normal,Normal
2026-06-24,0.5167083555855995,0.2084859608202608,0.2634450392432605,0.2923538375762769,18.63,1.0,Normal,Normal
2026-06-25,0.5153294407381401,0.1944336531482126,0.2674467325345552,0.2888705206594707,18.89,1.0,Normal,Normal
2026-06-26,0.5249351498982706,0.1964002212158433,0.2648386736442548,0.290167379323936,18.41,1.0,Normal,Normal
2026-06-29,0.5290765169452062,0.1897649405573599,0.2651990797575471,0.2964442705142736,17.65,1.0,Normal,Normal
2026-06-30,0.5260164018411982,0.1877689289436249,0.2632528251263512,0.2958696513178386,16.45,1.0,Normal,Normal
2026-07-01,0.5376836690636227,0.1911147930052487,0.2605877858755168,0.2973422401585787,16.59,1.0,Normal,Normal
2026-07-02,0.5499067047596616,0.1887034253288761,0.2479745450296162,0.2961263525721308,16.15,1.0,Normal,Normal
2026-07-06,0.5532807089337963,0.1857599248848163,0.2468417535740849,0.2981644581385342,15.57,1.0,Normal,Normal
2026-07-07,0.556916322427865,0.191909468025152,0.2414588272757735,0.2992293734832596,16.13,1.0,Normal,Normal
2026-07-08,0.553773533394649,0.1846924460043814,0.2412800803385697,0.2983304116919016,16.9,1.0,Normal,Normal
2026-07-09,0.554608711348382,0.1826422900180918,0.2458830457330977,0.3002580536340739,15.84,1.0,Normal,Normal
2026-07-10,0.5556004501809642,0.1809979321782482,0.2455956152783888,0.3006236555940924,15.03,1.0,Normal,Normal
2026-07-13,0.5583238724380111,0.181679098156903,0.2452314213881502,0.301027102804884,17.16,1.0,Normal,Normal
2026-07-14,0.5486457959259236,0.1801309690275568,0.2407756554453287,0.2982685717962768,16.5,1.0,Normal,Normal
2026-07-15,0.5321479371981663,0.1800000552665752,0.241593955800883,0.2998950298130138,15.67,1.0,Normal,Normal
2026-07-16,0.5272635211297023,0.1808299454878853,0.2376040408384802,0.3005416778569063,16.73,1.0,Normal,Normal
2026-07-17,0.5240469501522829,0.1781431396819221,0.2391465240396548,0.3008443481657529,18.77,1.0,Normal,Normal
2026-07-20,0.5175958276044188,0.1753173392092465,0.2380242846480826,0.3010719499943643,18.65,1.0,Normal,Normal
2026-07-21,0.4926489062557723,0.1630830541263788,0.2381985445004738,0.256171714075375,17.05,0.0,Low,Normal
2026-07-22,0.4861472890903506,0.1523727840339838,0.2371172809482254,0.2514719661260706,16.64,0.0,Low,Normal
2026-07-23,0.4971471528194418,0.1544287011695133,0.2430451710050921,0.2617700342235773,18.7,0.0,Low,Low
2026-07-24,0.4977839799333404,0.1563455004098835,0.2397335210349673,0.2536242080662854,18.58,0.0,Low,Low
2026-07-27,0.4908273006016866,0.1438947951017225,0.2381538064747864,0.2495869069403501,18.67,0.0,Low,Low
2026-07-28,0.4903899346715121,0.1434521485771562,0.2343266670399614,0.2492748956512629,18.21,0.0,Low,Low
2026-07-29,0.4763028724220731,0.1437270879573804,0.2330141949672024,0.2230581639287433,20.66,0.0,Low,Low
2026-07-30,0.5070800442618637,0.156719992120586,0.2220992095273371,0.2300791918120988,17.09,0.0,Low,Low
2026-07-31,0.5210197064334569,0.1437402587759264,0.207670572001681,0.2262172599964576,15.99,0.0,Low,Low
2026-08-03,0.5207699136172185,0.1377725827980779,0.2082363468416432,0.2342611504195702,15.86,0.0,Low,Low
2026-08-04,0.5238276409650702,0.1489200163242079,0.2102864572213404,0.2440752643675638,16.5,0.0,Low,Low
2026-08-05,0.517933423646804,0.1479118905673671,0.2043930178472964,0.232936379312572,15.81,0.0,Low,Low
2026-08-06,0.5161177747210699,0.1487179901148906,0.1969101839725662,0.2289454554129343,15.15,0.0,Low,Low
2026-08-07,0.5104170311682408,0.1525208890683944,0.1981564693892381,0.2260046427333603,14.9,0.0,Low,Low
2026-08-10,0.5036708632813395,0.1545940812579508,0.1854549420481878,0.2258338868495098,15.46,0.0,Low,Low
2026-08-11,0.4999610390609967,0.1513182628381109,0.1866359106254805,0.2227856294163581,15.28,0.0,Low,Low
2026-08-12,0.4973087508020664,0.1486306521098245,0.187243377881885,0.2227019479660035,14.55,0.0,Low,Low
2026-08-13,0.4897383082753904,0.1443390954428604,0.1896585763769825,0.2266597008311046,14.63,0.0,Low,Low
2026-08-14,0.4826276983605387,0.1497010584554991,0.1922787417264754,0.228073071857033,14.25,0.0,Low,Low
2026-08-17,0.4754984535796327,0.1501092391310665,0.1933890454284549,0.2213232558776764,15.19,0.0,Low,Low
2026-08-18,0.4749860289849497,0.1450926944079002,0.1932051198530921,0.2198420165937082,15.84,0.0,Low,Low
2026-08-19,0.502668941528249,0.1304213137454426,0.1908260568563776,0.2306698934143875,14.89,0.0,Low,Low
2026-08-20,0.5005009448010531,0.1255964895245776,0.1855187876694309,0.2277069737588066,16.01,0.0,Low,Low
2026-08-21,0.5051720670777472,0.1261027951438668,0.1849474743093223,0.232842107483082,15.13,0.0,Low,Low
2026-08-24,0.5000698505819392,0.1242807632742248,0.179518698155755,0.2272580199578185,15.85,0.0,Low,Low
2026-08-25,0.4956408546436608,0.1239239322574961,0.1788037192835955,0.2265899020461318,15.45,0.0,Low,Low
2026-08-26,0.4934425751679509,0.1241141271790239,0.1803333095296438,0.2262558199392417,15.21,0.0,Low,Low
2026-08-27,0.5106045501647831,0.1369920387346742,0.1814402385477511,0.2331517768863028,14.51,0.0,Low,Low
2026-08-28,0.5104924345536075,0.1410174254521712,0.1797076972578876,0.2294337083061081,14.43,0.0,Low,Low
2026-08-31,0.5104375867080574,0.1413987987626791,0.1752653775899908,0.2294399379087411,14.92,0.0,Low,Low
2026-09-01,0.507335651556175,0.1328300379417073,0.1732563337062745,0.2324372697190617,16.34,0.0,Low,Low
2026-09-02,0.505624722795551,0.1306635092433825,0.1704706022278931,0.2304392763072128,15.2,0.0,Low,Low
2026-09-03,0.4905347189715527,0.1301353514811351,0.1739039801447492,0.208422971252379,14.32,0.0,Low,Low
2026-09-04,0.4938000773926498,0.126116288126106,0.1746189506416519,0.2093136656191328,14.53,0.0,Low,Low
2026-09-08,0.4965906131086345,0.1304703584882178,0.1740606655507226,0.2093681545408794,15.72,0.0,Low,Low
2026-09-09,0.4933991998305131,0.1246871490941886,0.1796284895881222,0.2093100770711543,16.46,0.0,Low,Low
2026-09-10,0.4916377762572853,0.1247281965180572,0.1784827306301261,0.2115571499883324,17.84,0.0,Low,Low
2026-09-11,0.4564632927862829,0.1226994655055443,0.1811386137030683,0.2063098821184097,15.84,0.0,Low,Low
2026-09-14,0.4390335449198571,0.1401621005702869,0.1788733134158329,0.2068135729747343,17.1,0.0,Low,Low
2026-09-15,0.4322685611943732,0.1508003282062458,0.1789433688700514,0.2028091387043906,17.2,0.0,Low,Low
2026-09-16,0.4193558611793738,0.148688956153618,0.1795763119602477,0.1904403372819723,17.71,0.0,Low,Low
2026-09-17,0.4216728013022021,0.1535473020312857,0.1807950882340498,0.1963247842844984,15.44,0.0,Low,Low
2026-09-18,0.4325643848254008,0.1565632478656947,0.1786926899273558,0.1960305196539382,14.81,0.0,Low,Low
2026-09-21,0.4559130161985851,0.1631429371525306,0.1882628547539553,0.2253355146159947,14.87,0.0,Low,Low
2026-09-22,0.4519665809919872,0.1625551829182811,0.1895218812727636,0.225842535032242,14.21,0.0,Low,Low
2026-09-23,0.4536145321224971,0.1644407220718851,0.1918142483609874,0.2276599232522608,15.18,0.0,Low,Low
2026-09-24,0.4508284088484628,0.1647647099250986,0.1919878752101225,0.2270966249357022,15.67,0.0,Low,Low
2026-09-25,0.4502109949271858,0.1642597485506295,0.192072326341459,0.2238899880407003,14.87,0.0,Low,Low
2026-09-28,0.4554484908826037,0.1669792510494072,0.1947089106023024,0.2355441971278307,16.07,0.0,Low,Low
2026-09-29,0.4544386156271358,0.1664663304550103,0.1924377246809532,0.2321181789967629,16.04,0.0,Low,Low
2026-09-30,0.448945680899239,0.16408721472762,0.1929268872637899,0.2296706827258493,16.34,0.0,Low,Low
2026-10-01,0.425475424401386,0.1485227376237061,0.1950784146561352,0.2207944275688976,16.39,0.0,Low,Low
2026-10-02,0.426034390891079,0.1486430298548264,0.1953808297851367,0.2213401297317691,15.31,0.0,Low,Low
2026-10-05,0.417860457532567,0.1475045809840512,0.1959055681224195,0.2168758436949931,15.31,0.0,Low,Low
