date,AAPL,MSFT,NVDA,GOOGL,AMZN,META,TSLA,AMD,NFLX,CRM,ORCL,ADBE,AVGO,QCOM,INTC,BTC-USD,ETH-USD,SOL-USD
2021-10-07,0.009084255847775502,0.005936434875831065,0.018115959130301507,0.012067099185363084,0.012391203105561077,-0.013247669521439631,0.013874260399496352,0.027113060354518215,-0.011344053760789508,-0.002506587333203969,0.010619609142413777,0.015167232647318007,0.010516047881942603,-0.0017179377945119034,0.003704758534693875,-0.02809653406297008,0.0020703011908782543,0.001125489561225379
2021-10-08,-0.0027214753853157525,0.0,-0.011577673311719994,0.0040256704674779265,-0.004181805261295635,0.0025209769464151766,-0.010231834522373306,-0.013057768243283974,0.0012819097140235325,-0.007648071807878076,0.026089948712716415,-0.0036272567040784853,-0.0021661667766174064,-0.01009056767019667,-0.006828727007931801,0.0030082765538104184,-0.00674909305681104,0.03025653715587384
2021-10-11,-0.0006299234665978481,-0.0021025515869810274,-0.00652877854978362,-0.0062344132780716155,-0.01286860335091844,-0.013937298167613354,0.008211528565575943,-0.003616954713958065,-0.008883132882744116,0.004660915966547607,0.009534802485745342,-0.0065700137357143085,-0.0010347860783983531,-0.012722273138976115,-0.0068762948854497186,0.06516734609560992,-0.005164566965706663,-0.08865136876199675
2021-10-12,-0.00910273096169667,-0.0045883264183138595,-0.0011599103508714848,-0.017744955232036674,0.0003172745113595443,-0.005161989647998855,0.01740026730336086,0.0034390581706347234,-0.003349054115786787,0.019178151290290435,0.0029384572945572174,0.013296796237455943,-0.01433992071175072,-0.015927736548975835,-0.023765023689615528,-0.025114999851183484,-0.014887303682677766,0.05439102418590225
2021-10-13,-0.0042401863537304685,0.011711409181017762,0.012965303429675723,0.008303651229037312,0.011378601203982708,0.0023782317192468927,0.006652379022320076,0.039223178890633426,0.007712776623390427,0.019390784586892806,0.008684700079484076,0.017961378070795453,-0.0005561211801448085,0.016998675966012566,0.0017251646273535037,0.02426861834211813,0.03253429780547168,-0.029862294675807033
2021-10-14,0.02022573401524408,0.021733848726076976,0.03854042914292655,0.02594086044078403,0.004743759227551214,0.012294135740351875,0.008926471099504285,0.025925193355801124,0.006415131438232802,0.01972483449643181,-0.01161823604687895,0.027727051671104785,0.025957969725912466,0.028950904931329013,0.03138163019952911,-0.001386283921372633,0.049862020193349066,0.010668153660873703
2021-10-15,0.007512446928074734,0.004822504727976629,0.005334428550926917,0.0015372228148049505,0.03308023939004423,-0.011475323127085768,0.030195999501915205,0.0011608615527494148,-0.008693633530381883,0.005654692712939946,0.0005247917584818573,0.004246871736054425,0.011354725763298656,0.011969614683217333,0.010389736126489524,0.07453440740995654,0.020237802139014605,0.08573501023285846
2021-10-18,0.011806078576211076,0.01012459520590836,0.016466929046022205,0.009973887926860048,0.011064772529006062,0.032577857860410564,0.03212224493643445,0.03844093340182453,0.01540693535524218,0.00013723485522199041,0.012378009176649885,0.02088214800041821,0.00021836409766295972,-0.0006146683423656762,0.000183582465030252,0.007015768784613963,-0.02948104561481224,-0.03299541427968811
2021-10-19,0.01508034420619575,0.003059057124958242,0.0030599233407044846,0.003214945293388727,-0.0007514424560826072,0.013866462088307108,-0.006711860640270406,-0.0008588720592545007,0.001614506002481031,0.0021940703699638853,0.005698968942195348,0.021257790843540958,0.013966290354388011,0.01829078287385033,0.013585422182697426,0.036047967727284025,0.03438220005285597,-0.007722691545837712
2021-10-20,0.003361122369420322,-0.002660490869798582,-0.008389333992028125,-0.01024874775465856,-0.008446195751808605,0.0023237668892897023,0.0017703140411262641,0.0005157530959287726,-0.02169016516146305,-0.007696530300692839,-0.004327222520762786,-0.005816988954716273,-0.0019594212497675567,-0.00256614425383328,0.002897942768949724,0.026934175102288238,0.0717809099596558,0.1277414410470612
2021-10-21,0.0014738517094718961,0.010897607301137313,0.02664810115172056,0.0008252387678158168,0.005841756945129006,0.003227812091827875,0.03257101073349511,0.025259923161986997,0.044821991167749875,-0.0009649853236678441,-0.003518245813830423,0.009946673744661405,0.00934470792971176,0.006734320293945162,0.011378084514450437,-0.057319313661295834,-0.02446333607159845,0.0816812874397681
2021-10-22,-0.005284954582650547,-0.005148631602040266,0.0014980194551730275,-0.030443409352651662,-0.028954833317208384,-0.050514917164911854,0.01753910755951127,0.004106241986514547,0.017790356121334394,0.009488762370149617,0.02024916606400562,0.007703698606768672,0.002450533611515482,-0.010747573215241446,-0.11678569053999999,-0.024399647264276236,-0.02075337220243678,0.03212036775651539
2021-10-25,-0.0003364703919206402,-0.0033317319050691907,0.019360994618686345,-0.0008685887968281625,-0.004550989805058192,0.01256920499218439,0.12661598362581983,0.021198472058058693,0.010349342231807501,0.004648654027033405,-0.0036641480201897725,0.005267338207003425,0.012921699666598174,0.0023551172198141845,-0.0010109569884820813,0.03867969945717453,0.062388846543738996,0.06960572849137714
2021-10-26,0.004574927381395089,0.006425784954620983,0.06695193696598123,0.013543138431220347,0.01677526160393561,-0.0391859574739718,-0.006274050392506725,0.004658382575849718,-0.004675028868930897,0.00404856586045943,-0.00929591923718398,-0.006909085282995497,0.022602426449400026,7.594692045209683e-05,-0.022869927830306502,-0.04244985266320056,-0.02057312323429894,-0.049009197571861396
2021-10-27,-0.003147675582391707,0.04211415701395915,-0.010761897380251129,0.049595164083937604,0.004863638245470758,-0.011367583037666829,0.019078438805710585,-0.005287574426627084,-0.00837667654787344,0.00013563050162423984,-0.00979592001038565,-0.0037665103660019517,-0.020154746010593416,-0.0056088150014851346,-0.008077900449309006,-0.03116779376295975,-0.04861771122902114,-0.08024060052992965
2021-10-28,0.024991547358387933,0.0036514230169137907,0.020040037138167266,-0.0025202835258389955,0.01594115275917063,0.015053434719783931,0.03775074872979922,-0.009159266669678146,0.01678934057618653,0.010943696950455717,0.002082772241673414,-0.0012498246650566314,0.01234918914431904,0.01897866237597179,0.0039675446081757215,0.03658793903693369,0.09084940093801008,0.06034232237327397
2021-10-29,-0.01815552952935673,0.022413718223760926,0.025099155659868755,0.015063481020753278,-0.021511245053778105,0.02098312174962569,0.03431629436179362,-0.0076758028810346435,0.024122831839335612,0.00439016977199258,-0.003013878037838591,0.017331928962138976,0.003965613720705585,-0.004861890882239983,0.019134808769924794,0.02648913766352501,0.029722010166018054,0.027294789299740607
2021-11-01,-0.00560732945308462,-0.006784705995274476,0.010169277147794809,-0.030726921383331107,-0.01610709978002456,0.019810317007349143,0.0849102277797451,0.04158695716872107,-0.013240449772994767,0.010244096218852805,-0.016260137100941763,-0.01562207603999366,-0.006808831101280721,0.013303979487684359,0.011224247180076308,-0.01966251984653955,-0.02041331868811036,0.016796328001367655
2021-11-02,0.007115873977741716,0.011415756110653152,0.022225059051712792,0.01348805629282146,-0.0016154097805501921,-0.005757966350784183,-0.03027499529203259,0.019164687631955335,-0.00506472110768641,0.0006276324481662154,0.015787374219728978,0.00031242143582876913,0.017081714546506754,0.003115885514346939,0.006256583358673629,0.03642353446805324,0.0601605358843722,0.08201870065746686
2021-11-03,0.009798775043625474,0.0026115876219146017,0.007461706959618342,0.008014109187537644,0.021507811127532195,0.010790215669083558,0.03571673801973452,0.02272194302504582,0.015596399059238042,-0.00019833474778585547,0.0029206797239860194,0.023079274981667508,0.009868156622942381,0.024033053538843108,0.010629608718726313,-0.004054563588107407,0.004884624248695513,0.10288443191875207
2021-11-04,-0.0034984135953699536,0.00730520330556339,0.12042249924894799,0.011388177667760457,0.02748232410840923,0.012755592173354202,0.013222297879683653,0.05339769620689383,-0.028897789793444706,0.017003082910000078,-0.005408601436547311,0.028847071988376882,0.011523489933917164,0.12731064340449305,0.005355520454275897,-0.024103783966732184,-0.015165333002385761,0.01848075118586001
2021-11-05,0.0035820969765241184,-0.0011293440617708983,-0.001644018290812399,0.0039422283039005634,0.01207642928374364,0.01572114895057486,-0.006358169933862068,-0.008436390269886407,-0.033931745451241446,-0.0025646226449859144,-0.00711046989178743,-0.016852667485623862,0.018774433870259788,0.044327768842826965,0.012124896489551729,-0.005313959884109654,-0.011257968843489952,-0.044114698227728066
2021-11-08,-0.005552640733828773,0.0027674617725892414,0.035358817335034765,0.0012026021989375302,-0.008527948857282919,-0.0073578621295216085,-0.048400709533862996,0.10136429291056093,0.008873785221645614,0.008820097720815934,0.0020008483411948497,0.004979552411290333,5.383225243837941e-05,0.017297763295643698,0.01237220790317295,0.1053755604568023,0.07263187178337938,0.05071520189407619
2021-11-09,0.002459594818434274,-0.003086213269065996,-0.004772147420939454,-0.0007549484316680122,0.025007238016599764,-0.009597807588005658,-0.11990303254359858,-0.008257894665175458,0.006969105898624983,-0.0008065012954389106,-0.005780521250510873,0.002852712115535949,-0.00205751897671147,0.0053661851866744215,-0.0067893331201419604,-0.008806096371717143,-0.01600522772092372,-0.037244531212337395
2021-11-10,-0.019163394752611196,-0.01532947723015543,-0.03907737306118364,-0.020313050004815092,-0.026334994227121156,-0.02304911030616119,0.043429451929624774,-0.06077090493575521,-0.01384163089170376,-0.032417335678540105,-0.008034883403995052,-0.030572498851113128,-0.01618860112158549,-0.0416218572674274,-0.008593822550393426,-0.029513867421399387,-0.020885552973311183,-0.022714509444110353
2021-11-11,-0.00033804587518027063,0.0049273712589683605,0.031603071832446705,-0.0008706438245316139,-0.0027425987825921982,0.0003052399716536591,-0.004157528824601409,0.04389790236643787,0.016493813846835792,0.011045347164760466,0.0022379613687943944,-0.006687285080839822,0.012081659891899577,0.0289110743584875,-0.0045313017319292825,-0.0006965054346836919,0.020320625262970626,0.0019729162145356582
2021-11-12,0.014337315897606562,0.012905030268195006,0.0,0.019973991076314146,0.015162029225161966,0.04012314169247655,-0.02829310201599211,0.012875864348618205,0.038063782793267054,0.012113031419400677,-0.0053166841049869795,0.022435737144463452,0.014079837065559264,0.003162751275979536,-0.004353724242479484,-0.01222509636324598,-0.013375032398906361,-0.02449899362929331
2021-11-15,6.655110312348e-05,-0.0019305360219248335,-0.012010472009501116,-0.0015202159819426297,0.0058238044631160335,0.019566602966366142,-0.01938224449936754,-0.009466454136603186,-0.004805129166906008,-0.003782830882845145,0.0051313851801157995,0.003239058640345238,0.00452763658509725,0.021644433186521983,0.00019882508436785962,-0.009322134464723741,-0.02348588423908471,0.03961238890150609
2021-11-16,0.006666539613548128,0.010236218833393762,0.005928455918454256,-0.003879947018053387,-0.001404486161877938,-0.013235316670275998,0.04079376842602822,0.04068531115835228,0.011879340269003835,0.005237622721151025,0.016911299112472022,0.01712829363931001,0.005302653256445966,0.0789267849481361,0.005763146513867667,-0.05344145330150951,-0.07485208546001998,-0.07709659999770035
2021-11-17,0.016490285783687275,0.0006784658915883757,-0.031189112011381637,0.0011561635370875845,0.0023441312596286235,-0.00638557362180725,0.032501208284666294,-0.007281079911916399,0.0062409203931368396,0.003028288296043513,-0.002928537293149236,-0.0005365577857908699,0.001529483085272565,0.009515438435589552,-0.007508697624186711,0.003436857419438999,0.016893345729229292,-0.002389120471401718
2021-11-18,0.02853588910791771,0.006339972780553316,0.08249895868210344,0.012100986457949325,0.04143700734081501,-0.006103657755399228,0.006767610267700563,0.02431616243966417,-0.01398018270000645,-0.016330061195701573,-0.007028162730816523,0.00043246167249266776,0.009075900649317514,0.015146614100890465,-0.010949359356274169,-0.05674983989800575,-0.06692398763146579,-0.10620123649670321
2021-11-19,0.016976212937912072,0.005391735555330124,0.04135757623262992,-0.0060866098489872345,-0.005273114275827551,0.019516219002287727,0.03710391800920432,0.0025158004057526107,-0.004721360211728531,-0.0060069436746131855,-0.007289439578956447,0.025947854677459192,-0.010594752336236524,-0.007084739037334864,-0.003220631780642358,0.020677857806173483,0.07440183378363852,0.10124745315972117
2021-11-22,0.002927227005797617,-0.009559774515834119,-0.031196084145932224,-0.017622688675107967,-0.02828730052206352,-0.012423970202672385,0.017422122080461122,-0.018595967579615014,-0.028874472065096635,-0.014377000104296989,0.006810857940647841,-0.021500047791085386,-0.027148863712053495,-0.0194593153166408,0.006260244680448945,-0.031491781625866744,-0.04882129045186312,0.0021240250000866823
2021-11-23,0.00242216278462859,-0.006326446704765121,-0.0065713172021707456,-0.003554134482021909,0.0020909577736383245,-0.011025995448043169,-0.041352932727292124,-0.017046984203271998,-0.0077973293877757754,-0.018259139025076365,-0.017651467272038257,-0.012485761076412305,0.0033258277003425096,-0.0025357580331670793,-0.01465007841004451,0.022735855747423095,0.06171175606728707,0.028273392519944318
2021-11-24,0.003283363481964008,0.0006809910078169334,0.029232046712763138,0.002318279485815422,0.00010331533981333685,0.011297285835802473,0.006284772484400847,0.05256139927331449,0.0064673602091243065,-0.00772072132065682,0.006886162908844806,0.004750788242335879,0.006502812770745603,-0.0012712902571331286,0.013441987711336312,-0.02238438701660228,-0.023217625786793206,-0.031173170623833957
2021-11-26,-0.03167849356535879,-0.024355560581889146,-0.03583906766311762,-0.02694348585341011,-0.021184701669844985,-0.023280391543466172,-0.030537595031082,-0.018948069932440692,0.011165300760667796,-0.01715268043031093,-0.01335752340063101,-0.009306966228924796,-0.02172758269007269,-0.02750271206135868,-0.01969452316410758,-0.04816346213843081,-0.04930976997476355,-0.1089224938300043
2021-11-29,0.021873789626531526,0.021080867661725344,0.059454711547782146,0.02354350732638144,0.016267432688752415,0.01473938369724137,0.050900227900227524,0.04586271051925017,-0.00270416887639513,0.04408725861560314,0.006606704639817718,0.03834770515731889,0.03247398133691859,0.045522123886952315,0.025010312087790476,0.07908940298355094,0.10275499931771126,0.0668764043797927
2021-11-30,0.03157773237492112,-0.017942313387655062,-0.020973257796221945,-0.024963731475955875,-0.015302274022490625,-0.04014442894466885,0.006833823403773698,-0.021864050798921175,-0.033050134902731676,-0.039698246457632314,-0.023671245161523524,-0.02565857670512961,-0.01888939496515174,-0.017307322863040486,-0.016000017110206266,-0.013858989986877734,0.041927923919998555,0.021298145205991048
2021-12-01,-0.0032062852565689637,-0.0015427923495011653,-0.037861095349774554,-0.005962175003004333,-0.0180634873037836,-0.0427169545726771,-0.04346763456194869,-0.058470637067229214,-0.03759155510802148,-0.1174198384288565,-0.010910191246535361,-0.01857132625932334,0.0019508073507934487,-0.02362687813886777,-0.012195135204589369,0.003936508510805847,-0.009605737064494413,0.1012514970243783
2021-12-02,-0.006129816033465962,-0.001787496486596707,0.021981901107616997,0.013573166308773033,-0.0018468889124809706,-0.0006762100534390969,-0.00949773919092467,0.010529086305433921,-0.0021043603155892487,0.03856865543664245,0.002673992567772343,0.02201066659982054,-0.004164070992554003,0.007971480182026536,0.01851853889246935,-0.013140205787574133,-0.016500577593133392,0.018249850947432478
2021-12-03,-0.011724644886661695,-0.019666748612255258,-0.04460563885079338,-0.006746395687409645,-0.013839076006382012,-0.011437340498711035,-0.06419876077133224,-0.0442659841595372,-0.023261442127235687,-0.0110260910358424,-0.01944672296345895,-0.08238074534691875,0.010263427468812258,-0.0029374117060508853,-0.005050385868724527,-0.05098586481791345,-0.0644151456839035,-0.09730480037519473
2021-12-06,0.021502726631024593,0.00984482810463172,-0.02137278904899187,0.008123130794739808,0.011086219388703134,0.035947158521423495,-0.005872086315763081,-0.0343725931328136,0.017537736600331977,0.0016644463013204547,0.007933162020070883,0.008937032210341256,0.012291269066157628,-0.006005426467562414,0.03532979944031078,-0.05626342862927458,0.03270335536555624,-0.08060232314238114
2021-12-07,0.03544649085126572,0.026763707584250396,0.07956819573058982,0.028741555945295705,0.027986504263362688,0.015540921237058747,0.04235837141187604,0.04163676575991748,0.021038333071523807,0.031845671526566255,0.012480166824088368,0.0448846455719043,0.044992662708450926,0.047135920787419794,0.0309865505757958,0.002322159783127109,-0.01002028298494384,-0.01854956062053692
2021-12-08,0.022783005558250746,0.00014916674169240807,-0.018533721804080416,0.006226466268060449,-3.689871657430732e-05,0.024007951525017335,0.016363195584229162,0.0026924361285129983,0.003996291527320395,-0.002547047162073879,-0.012326332142619467,0.004830994995278948,-0.0031165825924386326,-0.005932744274507407,-0.015598297235240977,-0.00385184874717448,0.028805240908762686,0.02111679335429706
2021-12-09,-0.002969900470057296,-0.005582684987498032,-0.0419784058263053,-0.0036979183071280675,-0.011279643604146683,-0.002238599388761142,-0.06095644581905246,-0.04916000495458872,-0.02719399152370472,-0.007472401245501414,-0.0019113736056880493,-0.031434648643647534,-0.00873309449846904,-0.0020260072781478344,-0.024541001706887777,-0.05608726213196957,-0.07197932643737959,-0.06907564002932876
2021-12-10,0.02801280451370647,0.028339793953218173,-0.009576760306198362,0.002458778730051181,-0.011247564604614624,-0.00021223703439099406,0.013179927022311633,0.0032584860851119224,0.00108022739342295,0.006469238524902554,0.15613362872730496,0.03458906465604539,0.08271917029400178,0.008888343382582375,0.0021789771037521444,-0.00899511908452133,-0.05129351127002291,-0.07298482771189774
2021-12-13,-0.020673903153733852,-0.009166771528078765,-0.06745482859127383,-0.014695567724351322,-0.015356076499860039,0.014374543341237889,-0.04977243020772959,-0.03428365135600575,-0.011607740905433928,-0.001014850058563388,-0.016953778394351304,0.005882764938691221,-0.01586250333239647,-0.003045310537897028,-0.011662339949331413,-0.010706791620439637,-0.031794655573045505,-0.075864297623495
2021-12-14,-0.008023175752179923,-0.032586733082118235,0.006249622488220252,-0.013163048479719275,-0.0028071293797337082,-0.002242141107513862,-0.008174578197676308,0.01345293729972119,-0.010867432205771577,-0.038267504492532356,-0.009912049285032642,-0.06598815623108878,-0.010858070890514382,-0.007309641610404594,-0.005999841895113267,-0.00267125345649466,-0.010249485280602655,-0.012058344621626138
2021-12-15,0.028509271649163503,0.0192176799562207,0.07488471046595291,0.01760871538499753,0.024977573145925636,0.023730907120361522,0.018236618133556703,0.08038343219662858,0.011789525469877438,0.017410810162947765,0.037641516684980836,0.025160251287837276,0.040575128437756236,0.04011402853451296,0.019516863835544962,0.04900151967252708,0.07287480532970947,0.16303057351270756
2021-12-16,-0.0392639613588861,-0.02913498543786608,-0.0680258423149891,-0.013630077158247156,-0.025641174633125208,-0.01978564209259659,-0.050277132790258694,-0.053651881299328075,-0.02310595311284247,-0.026611481943394133,-0.004148771348345126,-0.10191485173268944,-0.029975314408646758,-0.058801877630272115,0.003157706842948249,-0.025181582897818466,-0.013915763227156375,-0.0077723310456373484
2021-12-17,-0.006501886551882663,-0.0033854168193103717,-0.02064345699865744,-0.018830730419439057,0.00678920370502567,-0.0033143834416063944,0.006095449446181567,-0.0064194993765622765,-0.0073257988123748286,-0.0007507190653829321,-0.06394102706860427,-0.0166934794091399,0.023007038179203132,-0.007577614757969808,-0.004131398825273802,-0.030699007215741814,-0.020942280956898096,-0.00820193256801971
2021-12-20,-0.008121809896944554,-0.01201369902223215,-0.0029494429633800667,-0.00083277711604135,-0.017283556389377508,-0.024985813007874946,-0.03498927121736173,-0.014156057700487779,0.011947577414011867,-0.02261478846002174,-0.051542178617599244,-0.012341899497696818,0.015859188582528994,-0.0007353082845404924,-0.020150030547092412,0.014677518097484077,0.014011624771394615,-0.010435772398438403
2021-12-21,0.019086586916366777,0.02306895147308108,0.048919474353181114,0.013173892531382236,0.019978649621920752,0.026885950483637622,0.04288056302579579,0.062223834744846274,0.018829791157308984,0.021601032503765216,-0.0014184961136685104,0.014096803617279496,0.008284921123108635,0.01647157209884842,0.023588807781852905,0.04386356169401262,0.021967194618366825,0.036970663748311594
2021-12-22,0.015318959110492303,0.018057600994922485,0.011177978275323408,0.020509266441807616,0.0036381058820253998,-0.011220985074825052,0.07494705523716627,-0.0025649574848353174,0.015406982702001581,0.0009899592834758941,-0.018030794597454047,0.011586957797374398,0.013864776936011403,0.01002321637756376,0.003939337794934827,-0.006295931447672265,-0.009492022978098258,-0.008303632818176032
2021-12-23,0.0036437514141338667,0.004471811129231451,0.008163157071401583,0.0034248261548017744,0.0001841364158221559,0.014495322345148942,0.05761886305530961,0.01570749534430904,-0.00024419428400290766,0.0013448236622040088,-0.0015580100806347197,0.010000380942156495,0.014652170450825341,0.007498078272316633,0.006670418989172644,0.04433669194360079,0.03162050877094025,0.06405026903660715
2021-12-27,0.02297493726184907,0.023185477752623473,0.04402848405049031,0.0067386200727836965,-0.008178022851368039,0.03263342679655379,0.02524839149906688,0.05624744255531566,-0.001579575004374889,0.020383852509977096,-0.002006255725085282,0.014149779901837078,0.01425951743716114,0.01964544093968401,0.012278409588723393,-0.0028378931149228848,-0.01715378518749544,0.028379778099310915
2021-12-28,-0.005767306336942335,-0.003504434253995714,-0.020132500786292917,-0.008245094086742455,0.005843719029521299,0.00011552142481874306,-0.00500027534279357,-0.007838861810590347,-0.00393073343017325,-0.01103351654299034,-0.009939630476350048,-0.014402450196831174,-0.007830196413542101,-0.008104092411138075,-0.0034656672072573835,-0.06025942562091624,-0.058613436676413055,-0.0921246553236702
2021-12-29,0.0005020350192515011,0.002051643984612994,-0.010586376834812228,-0.0002179012320397966,-0.0085549217086347,-0.009473798397819255,-0.0020947102761840197,-0.03192947818825009,-0.00027833654686282294,-0.003562426716167244,-0.004963424549176199,-0.0001229579282350235,0.005395992263055982,0.007466904587463796,0.0013524686725105983,-0.02404227880624954,-0.045347586768066606,-0.03814593448130965
2021-12-30,-0.006578305117395211,-0.007691418039704301,-0.013832878786089076,-0.0030991783280612806,-0.0032890070546229833,0.004140654499939833,-0.014592268383646134,-0.020976667513691094,0.002538716171382127,0.0031037243225688904,-0.002267322390082871,0.002178241875657516,-0.011194988447328469,-0.018636079789052906,-0.0017365510143106944,0.01579112126431248,0.02351372914831229,0.01226800560146657
2021-12-31,-0.00353530262081736,-0.008841060249997867,-0.0059148151886513345,-0.009223500545037955,-0.011429400216389607,-0.023260485116764484,-0.012668840823859995,-0.008611781278416442,-0.015765657964702084,-0.004699738712579005,-0.00908989929252113,-0.006082119362862848,0.0004959037664031829,0.0007664437141505775,-0.00463848734595218,-0.018476352917798256,-0.008406161003285728,-0.01419450666179567
2022-01-03,0.025004000552115713,-0.004668245933369342,0.024140529015840517,0.0009629351326272406,0.022118320898886212,0.006510971876137361,0.1353166841897706,0.04405845632794425,-0.008415775410804627,0.005233413369165829,0.007912148212448233,-0.004743770417570792,-0.003140722866584511,0.018264163113396625,0.033203973874031956,0.0032753944721179984,0.021383494527734692,-7.795196008908434e-06
2022-01-04,-0.012691343860131599,-0.017146960838155145,-0.027588733990844494,-0.004083145606164296,-0.016915587005979504,-0.005937002214317255,-0.041832696836128,-0.03873806650308964,-0.010412271093896086,-0.028301930435748135,0.010693468251719018,-0.0183744621558668,0.01145733784070857,0.005477533330724427,-0.0013156903084075022,-0.012065555013512697,0.008687307931515731,-0.013851275281608122
2022-01-05,-0.02659991268770101,-0.03838776740708583,-0.05756230852206068,-0.04587620249402535,-0.018893091563845,-0.0367278503014018,-0.05347121367683638,-0.05726356721585413,-0.03997297995443272,-0.08282638794662078,-0.026789270742672677,-0.07142600600039484,-0.041614517162816056,-0.00389887755882512,0.013737320542535958,-0.050734060615097554,-0.06422404850925867,-0.07645144794987191
2022-01-06,-0.016693129321875277,-0.007902019215412115,0.02079399781204927,-0.00019968444044526912,-0.006710981961323137,0.02557293879370426,-0.02152337383085412,0.0005876006951239798,-0.025074012602912532,0.00650054548575274,0.0023214918654188565,-0.0006026039752878853,-0.009284437220668185,-0.0029490979371489257,0.0025988366087037473,-0.009366159015892994,-0.0371730634280415,-0.030099218701424624
2022-01-07,0.0009882278189810023,0.000509451549822737,-0.033039817674595184,-0.00530287086379988,-0.004287778294336242,-0.002015161390378828,-0.035446567451716815,-0.03105039903252349,-0.022104133536815063,-0.0036656534286123588,0.013551229650702101,-0.006652110290666036,-0.02806779614303756,-0.029792931579226023,-0.010553681215544009,-0.03714070469186992,-0.06587795854818668,-0.09325538772018815
2022-01-10,0.00011613664201792773,0.0007325574908045862,0.005615221141908933,0.012060498447088674,-0.006570176170610398,-0.011212045292421147,0.03034195341380186,0.0,-0.002236321014684406,0.005781680664988853,0.020226327754678364,0.0296260123774561,0.0032463061563647866,-0.004046171805566989,0.0331212885361889,0.006337167184753412,-0.0344833359965564,-0.003283480408689976
2022-01-11,0.016783697034686407,0.0022592874185263234,0.015218977637828868,0.007690690135937039,0.024002125643924677,0.019203130065404306,0.005935024657598653,0.04022725423177076,0.0018338246238440714,0.02268857497235066,-0.008960558350180503,0.007721121705952516,0.0014328455476628754,0.0318343249736992,0.012679025972361924,0.021869109453241498,0.05027854349203764,0.03110524949486204
2022-01-12,0.002570445912452035,0.010445173695917687,0.00654285769768248,0.012126442001998416,-0.0009373300985386912,-0.003319453212111134,0.039289748931841784,0.0011652732135625232,-0.006693282933398104,0.012732078418669524,-0.0019214344757051416,0.0046801796602931045,-8.047974716174355e-05,0.005501646965693663,-0.003040670149488167,0.028389418684672707,0.04142745718356022,0.0821724922878182
2022-01-13,-0.019028189330003276,-0.04232273305371881,-0.05085914941119429,-0.02010506000161194,-0.024169655027437842,-0.020344531300125368,-0.06749107331435766,-0.03440747570770164,-0.03354309126671351,-0.038683049166001515,-0.005888260410984447,-0.02905868257980937,-0.039887348577384296,-0.013571724805140906,-0.014352365235906661,-0.030888714484173407,-0.03676163434271329,-0.03752770439392816
2022-01-14,0.005110598233839303,0.017716667650734985,0.013809874631231844,0.006447161871624196,0.005731487003565627,0.016601258931397744,0.017497758575059086,0.031188784227236255,0.012500040409930246,0.011371971965912664,-0.0011390684319750877,0.007157962849912991,-0.0013731752938278552,0.026102616482437613,0.013833452067699925,0.011930269358978673,0.018998586244709736,0.0010203874755274622
2022-01-18,-0.018894111830071614,-0.024339095666851218,-0.038564058680384594,-0.024967666431322644,-0.019862738846190164,-0.041428085138458415,-0.01819724123253097,-0.03616315042704099,-0.028324647723387275,-0.022358619006100255,-0.02440400996086567,-0.01394534973286854,-0.031155075556281386,-0.052096000114963736,-0.016876269953270184,-0.016799801840264417,-0.04410158723789748,-0.03127989060703362
2022-01-19,-0.02102461475081885,0.002246400332240661,-0.03227431671731473,-0.006481776078682944,-0.016477101806013472,0.004526140110270749,-0.0338278969185718,-0.027741898025528955,0.009905964877901408,0.0009291116751373174,-0.025365481539237344,0.006311586988885232,-0.023918731453184572,-0.03572618719259624,-0.020818121969071957,-0.014897823244158781,-0.021554575451392277,-0.04092743034907209
2022-01-20,-0.010346998707858601,-0.005703029557874495,-0.036582159185291174,-0.013388432823612129,-0.02963230963415675,-0.009480885716885878,0.0006227038828787723,-0.04973886856088816,-0.014752021746718191,-0.014716945836688478,-0.00791561010362729,-0.011092204105393355,-0.02881380696765512,-0.034614802601195316,-0.029466616991202454,-0.02548634039729203,-0.030591452089873683,-0.06323701104245394
2022-01-21,-0.012765468522178747,-0.018468196695640038,-0.032132356650432126,-0.022174024074166132,-0.05950180896147472,-0.042298453345915976,-0.05256606712507206,-0.025268700028529545,-0.21790458626053022,-0.01933262848556838,-0.006044220580794901,-0.02141529276832277,-0.026454954854153834,-0.009429299339718034,0.0,-0.10381165615712484,-0.14767435465989753,-0.11980026930883847
2022-01-24,-0.004864327272762203,0.001148532409961378,-8.572041328380742e-05,0.0034712038036470716,0.01332698348311534,0.018273419898110266,-0.014726129872195681,-0.019190293966401706,-0.02603773201036752,0.02012534805073085,0.002432271872017555,0.0395070499444754,0.015659344264765007,0.031164768503252782,-0.0019215217389931816,0.005403900730231115,-0.04596657073853461,-0.1814469104020514
2022-01-25,-0.011384442328571498,-0.026588459289028865,-0.044839963233772484,-0.0295786361246827,-0.031533745543573244,-0.027728284311098306,-0.012473124842489969,-0.04634001186343706,-0.05354518541655484,-0.03425543146058585,-0.01637967071363211,-0.03259818496568456,-0.013737592299149615,-0.027165355703821836,-0.018097806806375627,0.008175727030871549,0.006385456601614825,0.03349901812820866
2022-01-26,-0.0005634338747825263,0.028493156110650952,0.020068294082598248,0.01810361367210489,-0.007954330670553511,-0.018390767077998693,0.02069905258271132,-0.0037793411259386955,-0.01833953118428233,-0.02038173252704023,-0.018255835977437185,-0.003799338911265715,0.043022466161216855,0.009368680624511683,0.013529368404736397,-0.002757016878562668,0.0049248919678990255,-0.02620669557427513
2022-01-27,-0.002943187875400266,0.010549086510339922,-0.03636046744221544,-0.0017642122728432907,0.005508645722495764,3.419484473510259e-05,-0.11554175561970448,-0.07325445467815028,0.0750624647376481,0.008246481941009964,0.0023875224539711137,-0.015494917840007894,-0.026583270677082882,-0.03473073179612496,-0.07041978608583155,0.007763821260712289,-0.018244935331225953,-0.02824813427820483
2022-01-28,0.06977756786312139,0.02808180446084907,0.040831269336062626,0.033688650172142065,0.031084056738273746,0.02399528106364701,0.020805692766870276,0.025730988585875192,-0.006051134110438561,0.044138435939710785,0.008774024410693526,0.05092786933017046,0.03280428669719404,0.03480151141885335,-0.00665977024383313,0.017397102127314046,0.05121368460412512,0.0187477177568518
2022-01-31,0.02612569483230942,0.008823411607265852,0.0720664734042813,0.014641938224175588,0.03886361030218932,0.038281902036048976,0.10677611383930952,0.08561385708021119,0.11130189890258468,0.04726964555081303,0.008449526658567796,0.031148709828915155,0.04602748520644662,0.05365358364479356,0.022836753375799823,0.01849425227822099,0.05543057153200803,0.09227548100173077
2022-02-01,-0.0009725097302364372,-0.00713871914376607,0.006207627264494642,0.01729801262980346,0.010830762802234384,0.018323241725320738,-0.0058395266373975074,0.02214440944679974,0.07021118368766377,-0.002192305507000336,-0.001478622965720322,0.003144287318292527,0.01167474761667231,0.007794819973792277,0.0026630228464428196,0.00676006528835682,0.03862634283851252,0.10266956190288523
2022-02-02,0.007044027677975961,0.015222323181931063,0.02451490926687039,0.07523752161016906,-0.0038427158906232384,0.012539229459718637,-0.027479191598914543,0.051207427808209305,-0.06048606116349886,-0.030630686034463284,0.018015819197289673,-0.0053919058893837635,0.018069107947346286,0.06249642407119138,0.011440019971090232,-0.046209029430310355,-0.039132735575322264,-0.07402669341627388
2022-02-03,-0.016719507566873792,-0.03895226245241923,-0.05126367324080061,-0.03317571652747042,-0.0781276325178123,-0.2639009009739448,-0.016032495024878912,-0.021831217485657306,-0.05560213245724743,-0.05439764047336204,-0.006788033174459418,-0.04175662488849796,-0.037419382021585124,-0.04835258466612258,-0.024843418648601512,0.005456046132945147,-0.0013759251322007504,-0.0037173197779031275
2022-02-04,-0.0016794013134892039,0.015568299128472018,0.01549201255467092,0.0014188593318313902,0.13535901735711864,-0.0028180607279321146,0.03611110968421327,0.029313762403325505,0.011267182008172894,0.030361211808678235,0.0020749905931716217,0.00530507512541023,0.016028086096114835,0.0020658445364931666,0.0019827395848668328,0.116978066100073,0.11362666703116964,0.10561119241138006
2022-02-07,-0.004234616831929938,-0.01631025177439749,0.016817998830006786,-0.028556602795944075,0.0018777353189827206,-0.05137290972029285,-0.01730718642133755,0.0005663405800031551,-0.019674750473384406,-0.010308749662636951,-0.01668535419494388,-0.012540351675376704,-0.004286895450774431,-0.024405219044888682,0.0035408514061632257,0.056370140539205416,0.05325260957327416,0.046186185136363855
2022-02-08,0.018466940977388546,0.011995008486880288,0.015367190884787885,0.0014220916532592387,0.022021627828944013,-0.021030601098585122,0.0161571905234128,0.03687230230540095,0.0035563680590011693,0.0021201923976232884,0.0006195153870240944,0.008302093086977269,0.021425218237758115,0.019989531003271832,0.013076003641039113,0.0063448528050995545,-0.00632052369720526,-0.03203665537336098
2022-02-09,0.008293563114177616,0.021835297168119716,0.06360520429936578,0.015731849353668892,-0.0013877341505965646,0.05368330289381573,0.010845920427172029,0.03602909248935071,0.023195321515363077,0.021202337597359122,0.03292481464910235,0.0204181465084885,0.01852637934580237,0.030013250168746675,0.02253644827127399,0.004994545046617338,0.037420119536786256,0.0037316342389950297
2022-02-10,-0.02359877149951084,-0.028373435203008723,-0.03299018557580102,-0.02098998836585142,-0.013561706274733853,-0.01693951770604596,-0.029452771017468238,-0.053293256568859526,-0.016033387584832637,-0.019681035644940725,-0.019173220819314163,-0.051231453735176125,-0.032682377065419654,-0.05371053461231523,-0.021037873095083315,-0.01744935921313273,-0.05000061799033162,-0.06855478593550068
2022-02-11,-0.020218383486507285,-0.024273975605101694,-0.07260674247481136,-0.03129047686356923,-0.03591110674363196,-0.03735697651853942,-0.04925102969626416,-0.10010333683653394,-0.03682276375373661,-0.04488462958169959,-0.025656781531908757,-0.04252351068673188,-0.0303366259484813,-0.05417343716989231,-0.0251740774897653,-0.026561982607033352,-0.04877319319619966,-0.0924732909996927
2022-02-14,0.001423036501968733,-0.00013576470492049353,0.013278313495659555,0.009260344786843122,0.012221683270054351,-0.008426297941843575,0.01832566437213501,0.00963064441554673,0.01344205283761668,-0.007214969007541372,-0.010031128636343811,8.441155520144683e-05,0.008998551199461469,0.002976271353928528,-0.0010496650636020455,0.004220447380870684,0.002082220826495007,0.000533208115971906
2022-02-15,0.02315277835003071,0.018542790840598844,0.09181187017786252,0.007987622799073169,0.008658352201907249,0.015158396239753236,0.053290764282768466,0.06300870560210692,0.02746039403242362,0.038032908614187955,0.010386175741039727,0.011582013293536919,0.041809198404393566,0.04765935182682157,0.01807470267417366,0.04668769779745485,0.08399521286202116,0.0875220001231043
2022-02-16,-0.001389038997919978,-0.001167370705322801,0.0006037541492283083,0.008268131705559068,0.010159039538768955,-0.02018095010655907,0.0010407532409399955,-0.031118784401993005,-0.02302065877819026,-0.011715290582957172,-0.007271041426855085,-0.00375388486541961,-0.009224140767722044,-0.0023120775734255528,-0.004335160625938417,-0.013759752216496501,-0.01636765067071777,-0.02803770476752654
2022-02-17,-0.02126936240556987,-0.029281937052232587,-0.07559107061055759,-0.03774578763599323,-0.021808901106176726,-0.04077768229827872,-0.05094269900666093,-0.04520349719146988,-0.02866255222114511,-0.055303698825144076,-0.046217662790117076,-0.04184638945181707,-0.030491809030163797,-0.033603799015624936,-0.013684427725878745,-0.07788223029977337,-0.07876007915331673,-0.08360869003212368
2022-02-18,-0.009355765565705387,-0.009631159105602305,-0.03529629514702615,-0.016115964747917877,-0.013261957754408193,-0.007462392118750216,-0.022103035296720752,0.012992783205365122,0.011948219482372346,-0.015947483429401554,-0.01271050111309946,-0.033099548140345214,0.0017098198066760606,0.005035817869289305,-0.05318469036586049,-0.012507647384577658,-0.03323095432766643,-0.03580931288306577
2022-02-22,-0.01781218605424084,-0.0007293532792570501,-0.01065913596821344,-0.004520682447041735,-0.015753494788264932,-0.01979036259129885,-0.04136624223452856,0.015988752223033975,-0.03554914762787165,-0.00868739510469474,-0.006034365009484621,-0.009399863713526413,-0.0043619938732037955,-0.010438787131800686,-0.007771173836319978,-0.04358997378007068,-0.05256372728595293,-0.03997175787331875
2022-02-23,-0.02586423470018462,-0.025893215421393334,-0.042881508853097605,-0.017143875605682757,-0.03575624663287669,-0.017963196331235665,-0.06997917599526948,-0.05092952280100427,-0.026286517756871186,-0.023522917426054613,-0.022261206582344095,-0.02041510450286721,-0.02124832321315495,-0.025739945011538423,-0.0008948473525780543,-0.025843815613622922,-0.01854268553832039,-0.01807196225670249
2022-02-24,0.01668016573147879,0.05109324148708727,0.0607944097440678,0.03999582266361945,0.04509522427819257,0.04610728353256621,0.04807345500262783,0.06240887701167397,0.06142165320926751,0.07216344580880163,0.032289018249750834,0.08003258619216957,0.02620363564271777,0.03935127682797335,0.046360545595217184,0.027778400368163814,0.002975463126547284,0.050551481985964264
2022-02-25,0.012965640850425508,0.009233477106888266,0.01722253684128261,0.01332808300655186,0.01605793012842116,0.01387282456341743,0.011364031324829549,0.038161366306066036,0.001974296394058106,0.01860110903478951,0.02058574088455778,0.0037083377032951503,0.013810396881939191,0.017561683306564158,0.02118998028142105,0.022998939789759643,0.0640739815309288,0.038164529882728004
2022-02-28,0.0016379349016699685,0.004977850355744051,0.009438255383357408,0.004443871123842369,-0.0014662630028149382,0.00261293949948338,0.07477746853358713,0.018833626509808354,0.009518879626979615,0.011725594296126296,-0.004977147171451701,0.00459677813201953,-0.0009693421684194847,0.006201473529123147,-0.00020944411580958722,0.10146869558634264,0.055946295230342225,0.07474742963998104
2022-03-01,-0.011628112427259363,-0.012851759839416554,-0.03723609036329778,-0.0073712890066751635,-0.015765550251120253,-0.03572933128654465,-0.006962143345558558,-0.07710389808009455,-0.020987506895356445,-0.007789814100682579,0.0005264747131614733,-0.0021382141970166524,-0.029483835682253767,-0.04825847821627116,-0.018448720882410008,0.026888524570001016,0.018252916606172453,-0.008709683923230571
2022-03-02,0.020588220954586456,0.017765813601624547,0.031823728532553996,0.0038045339804944067,0.0060241839623909055,0.022703821806975943,0.01795529711451649,0.039093357433542364,-0.016078142823986008,0.007180700537594342,0.029864490237998975,0.009642581791858174,0.027467927804076364,0.03827965939815403,0.04378473012626194,-0.009706302725009275,-0.0075245790678323266,0.02023321363645736
2022-03-03,-0.001981086849536129,-0.014224189869990522,-0.020891613029643263,-0.00499361961358713,-0.027319556126581324,-0.024698596745503787,-0.04614210448825773,-0.053263404526395663,-0.03147117852197767,-0.026807210437973072,-0.0003832040683808824,-0.025680220492387718,-0.012257237638796714,-0.023042981416998676,-0.019234794560961,-0.03351981142193561,-0.03920161771843611,-0.05077450573813658
2022-03-04,-0.018408309187739502,-0.020478674924129026,-0.03280768078358465,-0.014884516267601455,-0.0152637929917393,-0.014337054668046911,-0.0011915196265851469,-0.03188068929990051,-0.017224954071694776,-0.008498205342043708,-0.02249209817554143,-0.0151389341568674,0.030055173146234848,-0.018687548054679204,0.0029210581045204798,-0.07806935036049167,-0.07666797157791327,-0.07633746706132649
2022-03-07,-0.02371754499209311,-0.03777688924604994,-0.06906194411533284,-0.04190840531725559,-0.05622045424233624,-0.06293114620140872,-0.04021280504200253,-0.05036441776060485,-0.03170871502187966,-0.033397328091196665,-0.028369525353553082,-0.03131843387783895,-0.04243355793685666,-0.07494115822578828,-0.00811334515993467,-0.027481661010375302,-0.045616220568325816,-0.06930529230903837
2022-03-08,-0.011676179803825737,-0.010971243569624978,0.007587026656218798,0.005744751377376733,-0.010465446730283379,0.015042469364749955,0.02463394210323222,0.025060727610820344,-0.02426775153084515,-0.021148682177496436,-0.013320844519169928,-0.014704209017642245,0.009199396589122166,0.004396754470204156,-0.003774934653067996,0.017740259990833174,0.031618715552175436,0.0015182603693912888
2022-03-09,0.03499743742094741,0.0458580892325029,0.0697225423502188,0.049687307722092955,0.024001199930983708,0.04314465927120881,0.04193357517885765,0.05230744182993252,0.04983037789904343,0.0576844269096739,0.037774359394826096,0.044817269697585704,0.03658279691016797,0.04212007764075798,0.002736701098719374,0.08378639716414904,0.0593911064983772,0.0723034596211809
2022-03-10,-0.02718628217210306,-0.010086362468090693,-0.015469053903226282,-0.007423748119961715,0.05412515560997311,-0.016574155582681716,-0.024063755330148706,-0.041332767592503816,-0.005630130992991811,-0.014816051945045983,0.007227513232020311,-0.0264377382377331,-0.015560475352234926,-0.01527608247030654,-0.02036528481334854,-0.060630954045771346,-0.04459506244101141,-0.059669551150389744
2022-03-11,-0.023908580381905797,-0.019328621163505977,-0.02462697221218002,-0.01932339222106827,-0.008806846762653975,-0.038932625584589764,-0.0512345859010529,-0.020383225508235125,-0.04610804520839373,-0.011241431915964495,0.01526382500536494,-0.05141817222133627,-0.01681047571474148,-0.01531877711155849,-0.017788350334690728,-0.016291319622939393,-0.018590756322895086,-0.026454255508604918
2022-03-14,-0.026562424692675557,-0.012960614768263046,-0.034841875175974035,-0.030180282975810102,-0.025229488143872714,-0.005223521389956853,-0.036436802368687404,-0.019560848572431233,-0.02735659717181993,-0.024153777805296817,-0.00963735690936518,-0.01172007499300054,-0.017391987911993367,-0.07253534514484927,-0.031202182210205764,0.02247150056592595,0.012163426640862118,0.005304907455141006
2022-03-15,0.029677273940115212,0.038742035660396024,0.07702768745800692,0.025780041604501758,0.038867730338306705,0.02893416572629981,0.046348355546253384,0.0692420716973563,0.03848820862051694,0.015637931059471866,0.04580236059719134,0.02469016685810299,0.043958978679262906,0.020666549726651162,0.009234183856073885,-0.008268101563720931,0.011368996119395458,0.021949890371324
2022-03-16,0.029015464398726598,0.025213504473716064,0.06629540581367821,0.031598688971791855,0.038933563723705156,0.060407427323135865,0.047812040425278646,0.055245594204423876,0.04008722478693172,0.04807801394655531,-0.007940313038261038,0.049091641392767116,0.024225881801979154,0.04327060924559056,0.04061594323367457,0.04588714481344902,0.057976079871540964,0.059653241135062984
2022-03-17,0.006453874612335486,0.002819502153710074,0.011022343035205218,0.004190543642654809,0.027007748989816838,0.020674668334027535,0.037335010469022656,-0.0318973755531512,0.038793978170451826,0.023544262854101605,0.008003866241736768,0.00452120459858163,-0.007329835504465754,0.015818934620514424,0.010937188963594524,-0.00467993171076464,0.015439382650158429,-0.0003046424383059687
2022-03-18,0.020919121510930117,0.017647635042233656,0.06811740818679302,0.017083772798274888,0.025512151358369817,0.04161859110838062,0.03876779427650434,0.01584740446214039,0.024771190058204384,0.039874532170955934,0.013399567285009573,0.020186338816278404,0.012842930942888131,0.007590450494164402,0.006576297774513851,0.020750884742987363,0.04635711215367966,0.02213541463184243
2022-03-21,0.008537580529502264,-0.004227253433411238,0.010622626421612935,-0.00017630357710674005,0.0014945523217748669,-0.023095656163694578,0.017417963888751054,0.02168164202646583,-0.015790901676732805,-0.023217523834161535,-0.008814862491478337,0.0005735551878909284,-0.00827959036744974,0.010390138448597597,-0.00126458259440565,-0.01730000366317619,-0.01608181281278165,-0.01185493708822627
2022-03-22,0.020800684960195603,0.016379300030799904,-0.007855111030302786,0.027674469456753448,0.02103830044237709,0.024398119504495774,0.07905243778179138,-0.009834363420080261,0.022237651599058772,0.021008981460172382,0.010375431171152139,0.028351630267350325,0.016714050515699963,0.012982898165639911,0.021101340440730088,0.031180014163224357,0.025933453702879916,0.01978169410217867
2022-03-23,0.008233481054759517,-0.015029763051896516,-0.03355472136906956,-0.011385916877212021,-0.008981816492546923,-0.014724172063963037,0.005161136057840299,-0.007492599925925991,-0.022015003360225105,-0.032537655192583115,-0.01723714883432559,-0.09336481331512425,-0.019563559416679865,-0.030074252429563075,-0.002479613728565533,0.012610091153007819,0.019486538985025836,0.050707805210441714
2022-03-24,0.02267809517419539,0.01539257518184689,0.09815101393925052,0.023840193480720195,0.0014779010051912955,0.02862361411719938,0.014823128420135223,0.0580231804476401,0.0032577059194374147,0.013594812779543775,0.023012692108000277,0.021849186297729917,0.0451299093195352,0.03656694922841908,0.06940118258570593,0.024898646221148013,0.02540190286930155,0.07487706472183286
2022-03-25,0.0037337796050971317,-0.0013812465445400823,-0.016269920941138105,0.0007132280352695197,0.006868294014676479,0.010247293472558816,-0.003234937980317265,-0.007135158210084258,-0.004950648856961504,-0.013786363614232133,-0.006201181020630164,-0.001203358896706308,0.00389521308212748,-0.003092068820045313,0.00406809699412336,0.008821397620525806,-0.0004474251140281771,-0.03488026865962146
2022-03-28,0.0050367952955741035,0.023116902270636785,0.01903051140838241,-0.001535147138835402,0.025592678900108856,0.00797942453249778,0.0803450783611821,0.004763096043667314,0.012464984322343442,0.0201392838797525,0.022879973556521938,0.042606957176403615,0.006376336142719818,0.003038092013686544,-0.0061740164743870896,0.0626686132415537,0.07402235580780592,0.07913340599931229
2022-03-29,0.01913456065017005,0.01515905606211354,0.015486163794255825,0.007422701293525291,0.00192027764251268,0.028042503532062613,0.007079858095940583,0.024866978927858163,0.03516412791928736,0.027917195374067116,0.008253889913499846,0.03626580843199556,0.01357293946413507,0.016535713357535675,0.014366179034762894,0.0071661546110000085,0.0195865837458582,0.04926542575810422
2022-03-30,-0.006649602990560388,-0.004914330118739874,-0.03371016004553251,-0.003978615549450448,-0.01780118433038691,-0.008744473298253008,-0.00507475414515135,-0.03254079385696007,-0.02641518728935288,-0.028695449368141723,-0.01103346521695625,-0.01344539101969211,-0.016181676526893618,-0.05177897564239109,-0.015693694679030812,-0.008491735032190584,-0.004947058898670642,0.08046861330080257
2022-03-31,-0.01777579397189022,-0.01768322780342202,-0.014590087330952906,-0.0202271422743594,-0.019864567358571672,-0.0240948411023727,-0.014981813142339484,-0.0828720414498435,-0.01803548737515881,-0.012189387194758594,-0.007557463228228922,-0.009650920455958056,-0.0022343245510381138,0.0005891930806278811,-0.036360177328854104,-0.03238210822970233,-0.030579115649246424,0.016255041063320874
2022-04-01,-0.0017182904337033067,0.0036004955998052424,-0.021036474710501962,0.007787532592971713,0.003450973226124532,0.011198019611291299,0.006486599368272561,-0.010517595893551945,-0.002989922657136934,-0.00032964826947090575,-0.008702984407871206,0.005640681602566255,-0.004287859358474311,-0.03814943284906669,-0.029257413065933102,0.016315115388267687,0.051166270347545506,0.09595090226498759
2022-04-04,0.02369354177103178,0.017936869018271295,0.024258916451316725,0.0201283181103864,0.029264484561530857,0.04020464821326741,0.05611341298759176,0.02162858198619544,0.048277007468214395,0.031095327971552678,0.025118726209678366,0.023178146752657502,0.012552398969316148,0.046397553766817534,0.022656395563714238,0.007368607002928185,0.020782107279265105,-0.01501373542491058
2022-04-05,-0.018941846016429564,-0.012985414412778229,-0.052229630278292416,-0.016649966707824038,-0.025492089193307588,-0.008764918196907168,-0.047308971544201106,-0.03356553990270705,-0.028991113460882234,-0.03979890406909825,-0.013441185380408505,-0.02182123043365669,-0.032653467663470104,-0.05428743415375781,-0.02174800420738021,-0.02287907280900814,-0.031082429152761826,-0.041917392830482014
2022-04-06,-0.018450853068885942,-0.03660573827281244,-0.05877157744838002,-0.02875711466426145,-0.032300120131985244,-0.036835692136280906,-0.041694894294368345,-0.029488874132916898,-0.031040387323986063,-0.044351477439098175,-0.00988662672950269,-0.031074186439129292,-0.019735529505244598,-0.042486227069141846,-0.012258528238758837,-0.05156849392240015,-0.07037373677091652,-0.11018922381149432
2022-04-07,0.0018040178689382458,0.006243758937898969,-0.008153227698563303,-0.004829961441531694,-0.0061194323502751224,-0.0015673984435153887,0.010996816105212748,0.0004823290502649069,-0.016831788985875673,-0.003286408969832233,-0.0031783358095165415,0.018882395746371516,0.0017442673182244128,-0.0004306461831435904,0.0004209013316092136,0.006876459247305178,0.019416376407197067,0.052382657814004974
2022-04-08,-0.011908786401704341,-0.014600044563279901,-0.0449850261147029,-0.01914064780434943,-0.021066740550443774,-0.0027809030240997235,-0.03004944796541842,-0.02622446190407679,-0.017313237573530205,-0.014938053713351107,-0.007358494637577984,-0.016301477431775124,-0.026614699392608743,-0.01817263708228256,-0.011354147596966735,-0.02795577079433975,-0.012742710703286475,-0.07572306206893553
2022-04-11,-0.025515901759834092,-0.03943151869945616,-0.05199191974084183,-0.033491498063110914,-0.021613947156313595,-0.026402072006091903,-0.04832808607380468,-0.03594056686552427,-0.022142350973788583,-0.008723487887229653,-0.014578679696848784,-0.024475667997747586,-0.010885926127722212,-0.00972997319567126,-0.009570410605183821,-0.06540351140375789,-0.06610803201747495,-0.09527953411871914
2022-04-12,0.011523298902931467,-0.011217804760430106,-0.0188436862645035,-0.008608754898662085,-0.002213363562407644,-0.01071797753168835,0.011291813566499442,-0.02331317868367455,-0.01120687925858066,-0.0032745474703171906,-0.005391322739115023,-0.017654942879641755,0.007681458382625683,0.005393091606127776,-0.00150313740160668,0.015315083892861292,0.016545908853034197,0.03993679234596015
2022-04-13,0.01634258335182781,0.019712127807042457,0.03250530341765523,0.017065486527987117,0.03152445706895657,0.0039692122931846985,0.035888356035912894,0.027760246393345955,0.01839579840084249,0.004671251151528999,0.005294485064855525,0.011481651803556314,0.01276782710874147,0.032404971364885515,0.010967765438823385,0.025906300465151855,0.0290286617712483,0.016412892362399623
2022-04-14,-0.029988308098541583,-0.02708475419579559,-0.04256165579713678,-0.02435845484840604,-0.024652684274885983,-0.022373017668920414,-0.03655231880843268,-0.0478821404487727,-0.026538832994132955,-0.03223996514340699,-0.0037618290288228273,-0.026015267767048766,-0.031542185494397135,-0.025551516185275513,-0.02850469010113732,-0.029908006531745968,-0.03156637206525337,-0.04089584870537033
2022-04-18,-0.0013308723207345885,0.002466122369791046,0.024696547804177182,0.007468740012037234,0.007109164667870926,0.0028070868259757464,0.019583733431163042,0.008918996914136779,-0.009585778860048189,-0.01267084280122499,-0.015481444058387583,0.011963654148246405,0.022044060311194658,0.017602677715419235,0.021239473061145153,0.02230343604709617,0.01248291267531254,0.014405332495755818
2022-04-19,0.01411508295248165,0.017039726730247784,0.019051834244153687,0.018268665403114115,0.03488883060861969,0.031028986226482758,0.023758093445249484,0.03237832501107163,0.031817935987468404,0.023421162762987224,0.017131346618571186,0.025689220495974663,0.01895991378197981,0.012417495564704284,0.027658524413674668,0.016571096753378534,0.015207893160284813,0.06287776445369464
2022-04-20,-0.0010152100705707046,0.003715688748561874,-0.03225528137039757,-0.015144982373725413,-0.026041044919075107,-0.07772293079532944,-0.049555036713700984,-0.030021702805606898,-0.35116607551133117,-0.02696065387858748,0.009175383206315724,-0.018996353485028483,0.0001674463624496969,-0.005033865009475114,0.003755585302578579,-0.003093074404708074,-0.00849216873439762,-0.0284119717280642
2022-04-21,-0.004843964486674346,-0.01938150455701293,-0.06046948063815827,-0.025191424969809195,-0.037026427673936824,-0.06162065081802859,0.032316840662455215,-0.044352247583842375,-0.03523581926439856,-0.048327332792146294,-0.010088395349611035,-0.024830008009519067,-0.008348690335200692,-0.03014085824788182,-0.012679198742651887,-0.020471984048854197,-0.029328327006015287,-0.035269849229477956
2022-04-22,-0.027821078572912494,-0.02414426596524777,-0.03309700679942906,-0.04149362076863006,-0.026608937569704394,-0.021055947666312802,-0.003697576672395231,-0.019031709666252006,-0.012372855445579867,-0.03272580412651449,-0.041142304116484896,-0.021102800916813824,-0.00975121177156657,-0.02424529001401876,-0.02021047659985642,-0.019420038833716236,-0.007579971791462747,-0.011437704432128104
2022-04-25,0.006737178209482053,0.02441313316709448,0.01983091380659263,0.028741609425833925,0.011943186356370372,0.01564272940492928,-0.006994645387893739,0.0289312805697306,-0.02603010499178926,0.018316587265368778,0.010103493101342398,0.012919956458294468,0.0015843756039513046,0.02823612952555621,0.011173046670530429,0.01806699784007937,0.015028779310747531,0.006317155368414262
2022-04-26,-0.037328247294585726,-0.03740385035255389,-0.05597437946662065,-0.03594593072373975,-0.0457507730510871,-0.03230101301506427,-0.12184121881948873,-0.060976939358555304,-0.05483298136748127,-0.025720566369638154,-0.03208627863063851,-0.035825623028190146,-0.047305588889162475,-0.022407880912317046,-0.03272409335020099,-0.057858267871623625,-0.06682250466394446,-0.053981355961578825
2022-04-27,-0.0014667117329874024,0.04810915236110236,-0.01985290924626104,-0.03670874753052589,-0.008781047317448887,-0.03315844331108875,0.005807678470473254,-0.0029356504139188555,-0.04969758333930996,0.027046249159204727,0.0033550852745425352,-0.003056727890430322,-0.0009463124474602402,0.011985167067076086,-0.006590639133094767,0.029478882606909007,0.028711816872254436,0.027110665475685858
2022-04-28,0.04515580085040982,0.022632551462577144,0.07423277274069395,0.03699203482573665,0.04653418536434306,0.17593569006349696,-0.004537702888526063,0.055705988971118,0.05823695594686318,0.06331584409003832,0.018459174212282603,0.03174165638740445,0.03467132641060866,0.09689075315849394,0.03582480643302932,0.013575224570606004,0.01661903738138304,-0.0019632074070654593
2022-04-29,-0.036605048871658274,-0.04181206389035075,-0.06243029944698475,-0.03723340481723192,-0.14049437774923412,-0.02556734240322389,-0.007692220213591394,-0.04596165522796514,-0.04591020356970166,-0.052761776168575136,-0.03598631953778242,-0.0355150332877473,-0.04240509422659611,-0.057358698484486825,-0.06938515102639242,-0.02926557389929385,-0.041314794787239206,-0.04251519107339918
2022-05-02,0.0019665792367551393,0.025043171387841623,0.05316204888723486,0.02167650687158429,0.0017580913238786078,0.053175262996967065,0.03695628471433299,0.05051449794665608,0.04780415428483131,0.009264290534938935,0.008174217329824485,0.028639969663547316,0.03961104440636687,0.0399455890406788,0.031429406999335274,-0.0020848604048010477,0.01484890145026685,-0.06839949343687479
2022-05-03,0.00962257949053047,-0.009456176856762588,0.0035324072158489095,0.006441814476562335,-0.0019799044812061073,0.004262568374748588,0.006988279761963367,0.014358870971850957,0.0020555684331398094,0.004449073282686511,-0.009594388063400183,0.0007119694106412222,0.00836316064558873,-0.0069526614673315335,0.002224182487191362,-0.020215120218891713,-0.02587450581867512,-0.01985178866630799
2022-05-04,0.041007991075070915,0.02910078841449537,0.03734305967716156,0.04199133832564117,0.01348046853293483,0.05367176962826736,0.04769864576468552,0.09096895825064277,0.02071344211783166,0.03991913888333576,0.02619708423010958,0.03869183976346657,0.03869773948845001,0.03320389251354117,0.03284517399497511,0.051599856624237495,0.05646480841047263,0.08071158665326639
2022-05-05,-0.055715800560530715,-0.04355483609167288,-0.0732761884740537,-0.047075512366398176,-0.07561036490424522,-0.06772309156670775,-0.08328615317548016,-0.055823732896596145,-0.07690791668922181,-0.07105888030183993,-0.03204339003597734,-0.05395062243675952,-0.039210859421192956,-0.04971458781085625,-0.034109590915405885,-0.07867402068901796,-0.0650985260875554,-0.08811849277706019
2022-05-06,0.0047271953205134665,-0.009446311434314736,-0.008968479063114598,-0.006514719136116454,-0.014041240035030156,-0.021653443137245598,-0.008737180698190294,0.0156598865270845,-0.03902934270208258,-0.01508998786768656,-0.0042584395744287296,-0.023719756731072295,0.00018962676361211628,-0.007483956312220985,-0.006726412403586179,-0.014606061408683924,-0.01972688030319758,-0.03347576741698588
2022-05-09,-0.03318933505441879,-0.03694560493862464,-0.09236944537454894,-0.027953324576861616,-0.05213354825727923,-0.037100658306257306,-0.09072948807249681,-0.0941891763422501,-0.0434879068806624,-0.035945707576885644,-0.013104976544054958,-0.03606047352078612,-0.029615446163405834,-0.04026162390234478,-0.02776518716216747,-0.15937352462630372,-0.16680990596936918,-0.2261928144902694
2022-05-10,0.016112283364730695,0.018595939691562036,0.03805339502012428,0.016744960325606906,0.0006434445934941913,0.007338953256029734,0.016427173986372612,0.027443292378786177,0.026343229104973,0.021699302670080245,0.013838151182475888,0.04276881738495497,0.03281091299579186,0.014008287952985032,0.02182491342316384,0.02396125848050934,0.04368007377831029,0.05526343079846807
2022-05-11,-0.05184154377239458,-0.03320997278804583,-0.05484525287400732,-0.006927788230084997,-0.03203225709010693,-0.04507959865334443,-0.08254582843646041,-0.009128875885757393,-0.06354843914880681,-0.03517797702885994,-0.020680948955536405,-0.034857421188158155,-0.024561840137362734,-0.0329655892495303,-0.026812029510597135,-0.06725839173272163,-0.11581014355526464,-0.24795950211474505
2022-05-12,-0.026894161978754938,-0.019957744079183715,-0.02736048172008143,-0.0066767224289604465,0.014790404884573505,0.013245679044590508,-0.008174386751047313,-0.009781626800071108,0.0477249905102608,-0.005270751432334353,-0.004223536534590955,0.02414785012089804,0.007864605691622062,-0.004005801153214472,0.0002332747357032261,0.003849706798608521,-0.05328248829405913,-0.1100809855412429
2022-05-13,0.03191629561683662,0.02259646136177529,0.09465274390099498,0.028415348510354654,0.05727556035084902,0.03859022788813293,0.05712909369145702,0.09257989218944895,0.07647296206618237,0.04045628955374103,0.006220672278113515,0.04365626502351927,0.029165116535112334,0.02398104493637021,0.01774062722750469,0.008102229834508146,0.026872933410718725,0.08750330280312468
2022-05-16,-0.010672414760783733,0.0014554529326220589,-0.024963431754725263,-0.013834658262935506,-0.01985316173972207,0.0071492325609823215,-0.05875856161837267,-0.009251522891110864,-0.006022216484680376,-0.016715570252769152,-0.02051397031738511,-0.006388030034504721,-0.009468836736314712,-0.0075593187288527375,-0.01192655522569952,0.019800307464528766,0.004124138277071587,0.10398313523059377
2022-05-17,0.02542315642457793,0.02034406256722532,0.05288479192124029,0.01772040881510084,0.04113327357999652,0.012897744236645137,0.05141017778952928,0.08733025831378582,0.021714691268952757,-0.0023762860297973365,0.031128667776894048,0.016854512217182593,0.043729575559884104,0.043163111110551045,0.03064045824655892,0.018850785235190015,0.033461392764142284,0.06485356213829974
2022-05-18,-0.056419607758400714,-0.04552961431452218,-0.06816319761558665,-0.03926659228717477,-0.07156196640827228,-0.051229033952277736,-0.06801379812405906,-0.06040794737646216,-0.0701616241770453,-0.03908880110131774,-0.0498051937916687,-0.02873181786656165,-0.06179381879207435,-0.06614635794161883,-0.04617103095974129,-0.05605711989808215,-0.08311915841461581,-0.12900366874700342
2022-05-19,-0.024641432383167405,-0.00369976080966139,0.010981184271390942,-0.013543455303217988,0.0019278532990965047,-0.004941694606670932,-0.0005494634476534976,0.0040506792126415725,0.03549860121665982,-0.010995953499391309,-0.01844793698304037,-0.008796621989161868,-0.04269418979732065,0.000919786040909365,-0.008028408169385437,0.05550304428240649,0.053050754503766395,0.04939619537767004
2022-05-20,0.00174760730465362,-0.00229117961076708,-0.025111073457511957,-0.013371385582330975,0.0025345295167618076,0.01176215539226555,-0.06416505716141863,-0.032791954370427145,0.0156420679535072,0.026028299150801626,0.023717202412269822,0.011942774473258755,-0.005528879441829004,0.007888517789638172,-0.008569426953856207,-0.036734890846488066,-0.02825124393605738,-0.05124046389204939
2022-05-23,0.04011895787538866,0.03203162253356373,0.012219970715756867,0.023689632902873736,-0.00031605069518414464,0.013898904668982803,0.01656871415985961,0.016791440586355177,0.005849168284441042,0.004196622773521064,0.020545082349919364,0.019218756416135685,-0.030983602746583294,0.003951444376546709,0.008403515779819681,-0.0034872430393091403,0.005540266201152111,-0.009722919435466215
2022-05-24,-0.019215977242796556,-0.003951310054296275,-0.04402894657803624,-0.049493986720609895,-0.03214110432537587,-0.07618608293040274,-0.06925464690507588,-0.041127548598569263,-0.03787874008344516,-0.02114528027540097,-0.014420653562052133,-0.02052809003600653,-0.004103700785303421,-0.027172369762815674,-0.007857233704875233,0.019130468401079792,0.003448415875253019,0.012159058983002957
2022-05-25,0.0011399757221020046,0.011170024390913191,0.050823410407228486,-0.0015571151418473095,0.025696475417555487,0.014066604071379274,0.048777379117957986,0.01634486401835078,0.04153269007647764,0.01733270035088519,0.0115894709542963,0.010265797294988,0.014173921039821513,0.021006994847125426,0.012718912766507051,-0.003143576713387941,-0.017258819749310095,-0.03365151328439564
2022-05-26,0.02319926847914977,0.012875320011158875,0.05160540224328147,0.018784404826752255,0.04029499229486544,0.04243073310657075,0.07427138936829314,0.06583916215497587,0.01900646465540934,0.017600958894115948,0.02620644472842737,0.015155294667119623,0.035795702204044266,0.027508660598299706,0.030331806678974393,-0.009983529917456657,-0.07245605236746355,-0.09360124436480133
2022-05-27,0.040757052592527376,0.027604121418725036,0.05377849340911567,0.041969572718923986,0.036632083603781895,0.018264284067461167,0.073333062537426,0.035544325430182155,0.01980144838917708,0.016250247785769112,0.01562907244683709,0.04801760847800107,0.05923784252245046,0.03648759586328931,0.024608958505902834,-0.02185551924250806,-0.04378840002928741,-0.05770970163916034
2022-05-31,-0.005346293084798837,-0.005013556842747513,-0.007389527681101793,0.012869972272780306,0.04397010379074828,-0.007635913408700734,-0.001803563389055407,-0.003911612727584779,0.011527249953755092,-0.029436840298878053,-0.01181631938086869,-0.02741579141774897,-0.005400322225431409,0.024757233456128125,-0.0029179440285281855,0.11054853282162536,0.12603760867928315,0.11679692495979266
2022-06-01,-0.0008733350219485292,0.0020227343155563293,-0.01885156749708783,0.0011426182877691815,0.012266042992872705,-0.025821238995923812,-0.02359349020027346,-0.006283127683227141,-0.022943634871017138,0.09878951180657336,-0.004449483209252758,0.0040337894531903284,-0.011221647224574305,-0.017196736715509142,-0.006978866829690733,-0.06269536357891181,-0.061142436711543735,-0.12013179121278006
2022-06-02,0.016811204382727762,0.0079290231037068,0.06943228866329432,0.03275484520913463,0.03145034300738625,0.054177281512740816,0.04677398003874078,0.07281164817532204,0.06313827115573978,0.07002879418827779,0.02150836911917775,0.055289829047996175,0.005438993962146643,0.044136322464120914,0.01654959139033063,0.02243049790035867,0.00580245376432198,0.015437857340705019
2022-06-03,-0.03855562869237783,-0.016606933786444622,-0.04450790826800133,-0.0261982035263143,-0.025185068024527135,-0.04063173084639904,-0.09219359988526965,-0.021088436903591412,-0.029791800568102933,-0.01852432519119218,-0.018457620671263886,-0.026105848997324488,-0.023268823068970934,-0.034062951327042845,-0.03233714351724859,-0.02504629358369581,-0.03220668042518249,-0.06436877514186634
2022-06-06,0.005227559129368897,-0.004703520232041902,0.003525502550362436,0.019901214428435843,0.01994280728922404,0.018188611216598316,0.0160472016783606,-0.006114783699134985,-0.009247160952209788,-0.011032644491044463,0.01643680770087408,-0.000698106626324968,-0.0037100385774503364,-0.005523071097867538,-0.0011525335390246694,0.056095453060653444,0.0474407493506146,0.10909558623749627
2022-06-07,0.017586013399192302,0.013953361489493554,0.007452273448552482,0.0028161403331108392,-0.014344105316090427,0.007207208921902852,0.0025460558898939833,-0.0035021556198595594,0.007456597032415857,0.02340488963325371,-0.0038371508319947623,0.009220933384828323,0.020953999374581755,0.0103243098403496,0.004383989444411318,-0.006859698773187373,-0.024332589842456676,-0.07059482859447097
2022-06-08,-0.0050430365658911125,-0.0076694800269970775,-0.014480292149849028,0.00037980886876387565,-0.014796745486375773,0.005060046169919508,0.012474516432601446,-0.032104837505779305,0.0212477158105282,0.010900178948488826,-0.018021908372670592,-0.010567156448596737,-0.013316087623214456,-0.020649468232251778,-0.05283720159968652,-0.03020730515832104,-0.01128750197501005,-0.01506695041352446
2022-06-09,-0.035956088718779755,-0.020782972547053635,-0.03217521137017032,-0.02012459336547001,-0.04150848957443054,-0.0642797950792896,-0.008930555308462429,-0.03042196690579857,-0.04959820893737077,-0.010994210821950845,-0.030260294231887586,-0.005643090501869841,-0.0161667461461541,-0.01619172076018649,-0.029590070843682592,-0.003387708269364409,-0.0020886896458599535,0.02907158084865924
2022-06-10,-0.03862870563277587,-0.04456398698438313,-0.05950769839259107,-0.031993632125679294,-0.05596211721574329,-0.04581527126033358,-0.031190911234383334,-0.040283433542492864,-0.05099340041754474,-0.04628291843590315,-0.030048939127514607,-0.07640358347149934,-0.02687780688110797,-0.025674806093026192,-0.02074469172712534,-0.03414563715680452,-0.06971840279684127,-0.07212037051970499
2022-06-13,-0.03828467445172423,-0.04241273403785972,-0.07817860441652447,-0.04290165845598304,-0.05453719355874531,-0.0644187123294474,-0.07102153990705962,-0.08257753486875508,-0.07242815773628775,-0.06959927841340874,-0.04602355912951284,-0.056342683952212425,-0.04369337615305058,-0.03408403419810013,-0.0359876583854829,-0.2268071899980847,-0.2765452206616028,-0.23988841760551938
2022-06-14,0.006672964382624436,0.009205070041128582,0.012079160001113642,0.00303591452789731,-0.013118555361940287,-0.0032267264407283003,0.023887157055640706,0.0,-0.012670172333541951,-0.009516335594056624,0.10413764202058218,-0.00223324791038948,0.004926270425444468,0.012435824747817126,0.004235958262112982,-0.012477914053041661,0.0058776186564533095,0.053995364428336856
2022-06-15,0.02011114066862052,0.029735311004141618,0.04363454927639698,0.028571475999502827,0.052389802934770247,0.034324879923277374,0.05482367080362738,0.02655483670209824,0.0750268587342715,0.024931476098498218,-0.014423174593536814,0.016450045798586554,0.012572888977236962,0.005911091898736176,0.01898231530411465,0.01648355417709846,0.017780176430609806,0.16063887980615976
2022-06-16,-0.03965166598032066,-0.026970062823579943,-0.05602942745664341,-0.03399101887310918,-0.037243378610853695,-0.05007390001411782,-0.08540769912654256,-0.08118700730388484,-0.03753265266334649,-0.05161649831121751,-0.014203695033564667,-0.0314125714572564,-0.056065200149024275,-0.07792099466587765,-0.03389381533381264,-0.09707194434960298,-0.13418330070586004,-0.13042817969679044
2022-06-17,0.011533210128124471,0.01093999684596203,0.017883551640536677,0.010468496450212195,0.02469609751257895,0.01784078497270558,0.017174980283869656,-0.005850132103356609,0.012460428152753389,0.021332160794732102,-0.014408464267934296,-0.011750789375288284,0.0029566480446372445,0.001407053819530768,-0.009908859404696213,0.004407495444594733,0.01759673482453694,0.02511450868146836
2022-06-21,0.032760960383471316,0.024591241242889028,0.043199059103100845,0.04107111279161857,0.023159471438541024,-0.040857685977082614,0.09354434802147837,0.02721590326111012,-0.026209388423695024,0.021866985529448657,-0.0005907545042870277,0.006097679085753205,0.018643236958060694,0.028101605396682716,0.020557103564500467,0.011680406403763444,0.035255055576115524,0.17494235068256025
2022-06-22,-0.0038270391125506675,-0.002404013206318334,-0.012434999235404143,-0.000506680966237294,0.0024843268523027096,-0.0076406704368291445,-0.004007805884153504,-0.0004773948572655007,0.046691261729396416,0.0037165289392546708,-0.016991563012829225,0.0064464486648232455,-0.015225211722412202,-0.017927605029609106,-0.009276500180491531,-0.034937106663198714,-0.06525702846678672,-0.05535600850992395
2022-06-23,0.021573626992879014,0.022636425341880484,-0.008251945272766514,0.0067676682822173095,0.032033093996523876,0.01860739628409558,-0.004306310889948484,-0.0157611903859608,0.01576385426657967,0.03344275192525714,0.016533994477163416,0.030958389652842477,0.0009677882732512799,-0.016945022644396124,0.0008027253440943127,0.05497803800296652,0.0874671204172921,0.11879842348309877
2022-06-24,0.02451709637251609,0.03414987397315916,0.05553144783273023,0.05107701437256584,0.03575237064906056,0.07187422975330748,0.04524889345059324,0.05641151896959218,0.05029990541456719,0.07437154031995874,0.045393532306898354,0.02941797509913524,0.02519213627675998,0.041718747706418924,0.032076872512237564,0.006913598955313738,0.07299193391343572,0.10574436457472314
2022-06-27,0.0,-0.010496859494610433,-0.015006447274842682,-0.018152093342878817,-0.027820692849391482,-0.0039375097208770304,-0.0032016505127857586,-0.010564976453838582,-0.008959891809303677,-0.0247954911449334,-0.0041013457665664,-0.017151536870802064,-0.006639317741593542,0.016626777788305125,0.0005179620490527448,-0.02336971400311738,-0.02703199661861244,-0.08909294405607993
2022-06-28,-0.029789878030943684,-0.031748942253680856,-0.05258159314496125,-0.033030201035704865,-0.05140434227234392,-0.05197948687372422,-0.0500435578248114,-0.06244202244827046,-0.050438854570260316,-0.05432699820390596,-0.02599068367304247,-0.04051749585285458,-0.014356065794124517,0.03475387334499458,-0.022003773147747707,-0.02193553187871977,-0.04113448588718749,-0.08126687477337025
2022-06-29,0.013024230816052196,0.014737814689429918,-0.027530921750123616,-0.002731961814696482,0.014152668728781848,0.02028872070996912,-0.0179371823809088,-0.03453826389809744,-0.00690415636351438,-0.004957416839563744,0.009186071528274331,0.007849451847113498,-0.016130057864727987,-0.010410393707276366,-0.012969722164365316,-0.008708372798288844,-0.03987087571947978,-0.04111757600521948
2022-06-30,-0.018027689996550467,-0.013178968459877982,-0.024642956913356495,-0.02451628232716807,-0.024880638358708018,-0.016408404925143172,-0.017579227799377484,-0.01948963565458084,-0.01956721922670679,-0.0326475200391555,0.009536289177522805,-0.006621444888483707,-0.00937984881713605,-0.019119966281215484,0.0032182166353302843,-0.01588223750298734,-0.0287958475755975,-0.008427854555937975
2022-07-01,0.01616419338327746,0.010707221316082594,-0.041955295305141194,-0.0020695005257156396,0.03154127203651269,-0.007565947199822842,0.012429131666980009,-0.036615705597762616,0.029050228266674027,0.019146935095927464,0.014312267443270965,0.006610974823456406,-0.01640573340851159,-0.03295762726900553,-0.028602232534131522,-0.02604834458398897,-0.007056593656957433,-0.023381482480072102
2022-07-05,0.018930263663079705,0.012597554810715561,0.030365538790299018,0.04161864024591977,0.035962053023039564,0.050990491066284616,0.025535704813974602,0.02076827497386624,0.03295351358616183,0.023781086643819727,0.015803750724341814,0.021737893533508634,-0.003222609039644442,0.01861900980800879,0.009631326652781214,0.04778299348991011,0.07055669602449499,0.07903173438050937
2022-07-06,0.009607379615574896,0.01278317001336604,0.011093311249248838,0.01155724052887619,0.007312791463036872,0.009393903534112402,-0.005720802000385605,0.0019947012229555305,-0.00979122083964179,0.003077869168887748,-0.004583958533254329,0.016839747409868266,0.013247877485117243,0.009775161935934307,0.008176891423558263,0.017737930428710857,0.046215150158809504,0.047407339709779395
2022-07-07,0.02399944627143391,0.00822616065811177,0.048116389521789316,0.036754073608983306,0.01749322109655349,0.014254714897535381,0.0552790448805931,0.05242209233744499,0.028305981992830187,0.02263652100890723,0.002372311157296414,0.02105380549820235,0.03300806488148811,0.0577678697601296,0.031089249249275586,0.053013857820514154,0.04264574018240608,0.038969659453427896
2022-07-08,0.004714644820900338,-0.0027570826187587327,-0.0012610673176788323,0.004803023141060736,-0.006791033294013427,-0.00760781306306868,0.025435169687600512,0.0006304592741395165,-0.01209912247048539,-0.006453847795993228,0.0005567838635833766,-0.003709514576204609,0.0003007797362826192,0.011979036872844073,-0.003932799325508496,0.004322538045727464,-0.012190723060375164,-0.006012373750203248
2022-07-11,-0.014757852723635057,-0.011768621440827465,-0.04331379479206099,-0.03080777757787534,-0.03280250030721621,-0.04681637253684923,-0.06548005948146862,-0.030245766503217197,-0.05155635384877333,-0.006495859114648228,0.00027952852780099846,-0.013557926114925345,-0.03174317011586825,-0.02771841548535603,-0.020795106577226385,-0.08101564828372909,-0.1024695422391585,-0.12597370791841167
2022-07-12,0.006833924378735645,-0.04098132193812387,-0.00461964480067234,-0.014315701949652815,-0.022639810105564928,0.002394346935158387,-0.005433611636988744,-0.00766726915255711,-0.016296355570068033,-0.04605388484589046,-0.016207787156912623,-0.022438554339377026,-0.003085617718280309,0.005369041119420492,0.00026901501203902,-0.03237979740682695,-0.05381238956798651,-0.02109770296942115
2022-07-13,-0.0025365023396081154,-0.003745106527432873,0.005436732176477221,-0.023390530615829186,0.010803884746268588,0.0013474479631843117,0.017033448479672808,0.015191147504490576,0.012095181782518782,-0.017074518574321296,-0.00539703179799067,-0.009586211912451792,0.000747755356886648,0.02023338083231896,0.0,0.04596171114078618,0.07262195547819328,0.06573569264139079
2022-07-14,0.02048206987706802,0.005381562974696719,0.013716834021945568,-0.008854558361117038,0.002083294604711794,-0.033274238221926544,0.005371861218914864,0.01393191276861705,-0.010081530079036782,-0.014985774371536142,-0.008282504034942462,0.0027423482469661753,0.006040912064253279,0.04615150209540442,0.013437228717286143,0.017704551212910147,0.0699892112978604,0.06292824726528745
2022-07-15,0.011450166618942381,0.010390411392084298,0.02537070293080812,0.012775254586023577,0.02639434033114041,0.04207520277637711,0.0073572315408600986,0.03193387003762971,0.08198870606948905,0.039369406619059744,0.01857494011004368,0.01850062755944548,0.020262162149650598,0.017406549118864634,0.02413145502594638,0.012951348577769028,0.034915643229785465,0.0083029789589264
2022-07-18,-0.020642967506588006,-0.009621493216652177,0.021507673380944503,-0.024580094812854725,0.0018493974357443044,0.015361253645460149,0.001999426810217919,0.003945255731922392,0.009571136511945522,0.003046749087601164,-0.007492266975877793,-0.012188634085660066,-0.006876103097740227,-0.01856350687174435,0.0023304354683406636,0.0791579647925611,0.28025348764783753,0.1691854531047543
2022-07-19,0.026721811671229334,0.02076699295567752,0.05533797879407509,0.043841180824570225,0.03911741266419089,0.051127191066962396,0.020716718219316865,0.054648126385421936,0.05609685239506512,0.03526124167073963,0.028913241848172122,0.033579338584398544,0.036533211742588945,0.04008739161803043,0.039008040104584474,0.0401919693193753,-0.02264031837667424,0.02637299086232181
2022-07-20,0.013509774334317548,0.010557475445228892,0.04796381202074751,0.0007909076814414107,0.03857539627705431,0.04158604739615579,0.008023464466653252,0.04133678580918354,0.07345132098767415,0.049709356343267785,0.004844858522367046,0.03522162838113618,0.005442142088418089,0.02945009231562823,0.008453582378349367,-0.006742410894342465,-0.014760143806359038,-0.062499187569184045
2022-07-21,0.015094084946103203,0.009799242525107443,0.013646291085678497,0.0038628977616208537,0.01515028639903937,0.0004370999683387389,0.09780470722853529,0.018561959376609538,0.03437448805655485,0.015894835923394357,0.02686328588325604,0.01848119158189432,0.011548236722472849,0.027354463002532636,0.0012326499157415682,-0.0028884421706671937,0.037198265160175215,0.026059116037070007
2022-07-22,-0.008110558467189777,-0.016916216875707324,-0.040498586454360774,-0.056323172817416944,-0.01773248120979176,-0.07588600434570969,0.0019752262198982073,-0.03282465675680113,-0.01536536783849729,-0.015538169181036898,0.004829685717920196,-0.017143160360091114,-0.009967708055162228,-0.013858206513947313,-0.034720425747410744,-0.01941107679491816,-0.02495282862569259,-0.05955209056933064
2022-07-25,-0.007398507600303472,-0.005876277442052991,-0.017033385945027013,-0.0036145833928173943,-0.010455798059483934,-0.015478014862891354,-0.013994935471540293,-0.006356385565185252,-0.008755252584814688,-0.02838821057131191,-0.0005342670060514143,-0.024732526977759628,0.0011512793845855906,-0.0029279902917340728,-0.0010206422018348427,-0.05957643071593122,-0.059855223220627085,-0.0961755170997618
2022-07-26,-0.008826233926977456,-0.026774237658963473,-0.028841437442377327,-0.02316057300947738,-0.052253606265046604,-0.04500458681504205,-0.0356637312112531,-0.02615948014139391,-0.02105162637893465,-0.03852462884254726,-0.011087458172332476,-0.032401219426265504,-0.003936798797463781,-0.021403267801082815,-0.005107183844656693,-0.005708686992848544,-0.0024745407341075776,-0.014195491815628514
2022-07-27,0.03423472267151473,0.0668517565093818,0.07602964654732602,0.07655695493284753,0.05365389594199388,0.06553577129108934,0.061655036992220635,0.05360703454339255,0.060025171544117795,0.05772633784461556,0.024854798848007675,0.03564833798856615,0.03267527735946696,0.02300472500320172,0.03131413113057491,0.0796052030234431,0.13484879413164408,0.11375793633853593
2022-07-28,0.003571961562315318,0.02854086536737266,0.010904689714036353,0.010260014140984985,0.010829110898360028,-0.052246773598828455,0.02212352234272652,0.020596732135456763,-0.0032194027201692954,0.005490826313947483,0.015421376262008346,0.027292635200415916,0.011027138589080332,-0.04543058562858304,-0.011697401256181461,0.0398306162434614,0.054537154456223425,0.06295097289433049
2022-07-29,0.032793000864912214,0.015665026804436266,0.00995360075654439,0.018385457999894328,0.10361464095050721,-0.010079629852213445,0.05784976985791013,0.03054437774284091,-0.004955292242832754,0.015058765485215453,0.010384040637909653,0.016406431517193232,0.003504315320342677,-0.009491427497122618,-0.08562062333518206,-0.0016462880701044735,0.0011236618798609044,-0.021432240912494627
2022-08-01,-0.0061535677118682575,-0.009724002754197936,0.015306043382303791,-0.01255162858907155,0.0032604850044939404,0.005216569045613628,0.00042631152414229767,0.024452180890705,0.005824834154380953,-0.005651671566241134,-0.005138505416195538,0.0023651644207836053,0.0016620526891575338,0.016337933559895657,0.017901413234243435,-0.020602443129997372,-0.053381271801589136,-0.0033514055386307806
2022-08-02,-0.009287117023616176,-0.011474956652487656,0.004608937546861203,0.00235076463385675,-0.009084834427092181,0.0016259321537426263,0.011134400598203698,0.025935132960214657,-0.021175018143041457,0.004426649502482949,-0.014075546826952556,-0.0027488017049281943,-0.009620229251608436,-0.0027129418508745617,-0.02570352599609338,-0.014415336683737068,-0.0013762059625289647,-0.04862765239167599
2022-08-03,0.03824744460138829,0.0278365398712479,0.019809945819437624,0.025623295892843068,0.039952299225118226,0.053748686003148194,0.02265568716125621,-0.012085855237907062,0.023981579467618808,0.03188431596378383,0.0133594958591845,0.035564487739631945,0.029235176172126565,0.014486764750044623,0.014162805969591963,-0.0057275961266136655,-0.008616897144064772,-0.030438985914087446
2022-08-04,-0.001926098760104411,0.004177370666243574,0.017043638903254887,0.0009316359378350736,0.021860686341448332,0.010485849501288058,0.004023022853486102,0.05933334225205367,0.014025443540782057,0.00854209173507936,0.0003877004347894175,0.014250689384269322,0.011083864668802068,0.01240272699267364,-0.013690887165762278,-0.009434736504108754,-0.006590196519029812,0.007426623495129014
2022-08-05,-0.0013891103333179,-0.002608963904430661,-0.011761745677037805,-0.006091866483063035,-0.012414983387324718,-0.02028507207271968,-0.0663030068235908,-0.015397998721263129,-0.013614011392988568,-0.005751099814507943,-0.0006458477574569077,0.006595592935378036,-0.0024601276175983955,-0.005297474010970471,-0.007571845337098537,0.029091011085651708,0.07713492098552788,0.044561630803436225
2022-08-08,-0.00290298416046042,-0.00915436580758644,-0.06298378196327636,-0.0014472953757816986,-0.009872154542052702,0.0187901295955879,0.007819434052879659,-0.021894222629481375,0.029588211007364862,-0.002208672853447169,-0.011377009125209891,0.0020995401275565317,-0.010717320995973112,-0.015977842460934477,-0.00028232659318250253,0.02233521626611057,0.024974085012434255,0.03968143573428384
2022-08-09,0.00030326868728147716,0.00706310415840905,-0.03973502308114818,-0.00571195082175302,-0.011333489631663474,-0.010102830752498182,-0.024412625864385085,-0.04526830012103189,-0.01520413873969606,-0.03957818497103682,0.003923159661407105,-0.01788918607354606,-0.023335224633522,-0.03585679000791209,-0.02430756904477649,-0.02709709734425869,-0.04082817853633558,-0.04263467754198469
2022-08-10,0.026194602680463586,0.02430009297839608,0.059171617526767584,0.02632262091546811,0.0352608325167747,0.05820913012630169,0.03890581776676605,0.036738560839389756,0.06162476510678405,0.03495398117607218,0.010030145807486512,0.0277328137683015,0.03305186364568313,0.03143644960024994,0.024623356688077802,0.033815983988709775,0.08732558197044393,0.04937118277505381
2022-08-11,-0.004431751830721975,-0.007400383177144199,-0.008564946852763766,-0.007184602703869447,-0.014366830308238487,-0.004765993395417167,-0.026249292544206493,-0.009389200166806555,-0.005776037212169016,-0.009967848654779066,-0.004900760912796898,-0.008006339637120607,-0.009047926328824674,0.005714870495981739,0.006219910742523815,0.00041284726535173455,0.015920919087778707,0.010761520978199268
2022-08-12,0.021425769831207253,0.01703704250127802,0.04274881518610818,0.023897697509574156,0.020691152408548463,0.016958530625210688,0.046750143628413676,0.027619231640992004,0.02719405994905877,0.01692296866457732,0.02579012510889167,0.024787873752427636,0.023467769426243068,0.023404963295417414,0.014610985812039345,0.018586602023192844,0.04041110148161797,0.0586843763849636
2022-08-15,0.006333587311998512,0.00534405818457695,0.017264271199485703,0.0032874625431378313,-0.0025775713556979163,0.002160616709446339,0.03096359891583922,0.0017851859754738353,-0.0007621743621131216,0.006161317792695797,-0.0005049703642091563,0.012004342730599804,0.0013077234088993972,0.00555210873712797,0.00636925418890355,-0.01089405736706095,-0.027088213789863147,-0.033341649672864904
2022-08-16,-0.0009239468501506254,-0.0025896098808546597,-0.008039035360024815,-0.003112846554960913,0.0111747882760318,-0.007850053068634288,-0.008912075793144236,-0.008019059210550683,-0.013728837204102895,-0.007693897898142343,0.0051823702510556124,-0.0076714813963006945,-0.013077742732898634,-0.013803908464366632,-0.004127720580722971,-0.010510085263709001,-0.01370043034245405,-0.0151613053452756
2022-08-17,0.00878453361053988,-0.002636278622661803,-0.0288151736830623,-0.017666360527720082,-0.01851079360669594,-0.025742300772959137,-0.008372333511224461,-0.019261480678215315,-0.01847858962558857,-0.008597369945105182,-0.0033951655849306928,-0.021762423557748378,-0.023674485966920344,-0.00999778548128405,-0.011329037535898312,-0.02291530796119967,-0.02403430246154259,-0.06385145532606051
2022-08-18,-0.002291602904574641,-0.003947497033802594,0.02388900997348342,0.005186008773636619,0.0014074379989574837,-0.0010866710465953222,-0.0037062197211366055,0.022082078685945916,0.016670140205746753,-0.00015975318422589702,0.000883343231063094,0.002763673278599166,0.03687395874224042,0.01918802179327228,0.011738440740445277,-0.005281958173694035,0.007642215771740624,-0.021231623565418523
2022-08-19,-0.015102039576637694,-0.013853933435349686,-0.049219725343320864,-0.024631639653072468,-0.02860159688639219,-0.038360275207275585,-0.020481852686155544,-0.04470335906038403,-0.016356037578742932,-0.022135929399489496,-0.008320836595755998,-0.03182015183369269,-0.017942412129396623,-0.0249702419669392,-0.022651813703463475,-0.10059931398792521,-0.12670250024321428,-0.09242510402453297
2022-08-22,-0.02302934589495964,-0.029355179622472694,-0.04566077051792605,-0.02533923497478896,-0.036243902638259384,-0.02923305244124985,-0.022764022407583906,-0.032412722347757716,-0.0606236498741789,-0.03694831130496312,-0.027968744030353765,-0.03225425006781124,-0.035884348580486725,-0.040582642410107894,-0.04352751790112719,0.024972058525402963,0.0059011962833421805,-0.011587497831728522
2022-08-23,-0.0020287950945734323,-0.004716544133174461,0.008629679510317123,-0.0033262715992417036,0.003002506326521548,-0.011898313658387338,0.0225584954757323,-0.0037699104688381224,-0.008784294641338786,-0.005537158400950926,-0.0006534727114189121,-0.0022851645252429664,0.0019480554046675813,-0.006284983177724746,0.0032504465898450796,0.006036741981122917,0.024815958508431768,0.0048449383164239634
2022-08-24,0.0017939330568259582,-0.0023511391064211518,0.0023863196524880337,-0.0014931152188709662,0.001347163157822573,0.01334495022058002,0.002170125887066332,0.002594934573548091,0.022533979982989782,0.022783784340167257,-0.0031409915913168662,-0.011598181630932958,0.0020008611418074196,0.004192767694947808,-0.002650721788767796,-0.006181150878381003,-0.0034344459615821554,-0.01931017670272983
2022-08-25,0.014922671865860604,0.011095182155320904,0.040122967793222886,0.026035773860683786,0.026008936084948253,0.03381121399099296,-0.003455684406709514,0.047988749996194846,0.019032283708737774,-0.03388676469241647,0.009452349035486085,-0.0042401115409408385,0.036338713789807686,0.03495857291076221,0.030419322065207366,0.009623023027591993,0.023775751072091955,0.010256538405466253
2022-08-26,-0.037699451276534846,-0.038587038017535824,-0.09227929150944403,-0.054093479023044955,-0.04756700784791723,-0.04147420390513823,-0.026953121859416895,-0.06174109879767553,-0.04573047138117148,-0.04991083582561451,-0.029132500183930543,-0.05671775821930214,-0.05320568660722258,-0.053811842192566295,-0.04385216743873477,-0.06207539958496022,-0.11121660664574373,-0.10165517408243396
2022-08-29,-0.013690216249833242,-0.010667761676748655,-0.028228702028234687,-0.008337893173195665,-0.007342307563037775,-0.01613290101507059,-0.01135058160727187,-0.029502110467239717,0.0057775717728791864,-0.03038190163667831,-0.006162279974699869,-0.015117262647971419,-0.012824995925595495,-0.009394479514145737,-0.01259015016609566,0.0018743619331869077,0.03001394862285589,0.02329089812634555
2022-08-30,-0.015305213541704776,-0.008521261034635796,-0.021074683368667912,-0.004386659234498436,-0.008167020675137082,-0.012628133273121511,-0.0249982267189629,-0.017516052206821175,-0.01745559004227648,-0.003370526961497977,-0.0006735753540088041,-0.0005063221138987828,-0.015150442944049547,-0.019477548337017536,-0.020643412610571676,-0.024691382971281484,-0.018800891209749815,-0.03244207829240375
2022-08-31,-0.01063549737609959,-0.005703882905756852,-0.02417879391242661,-0.006609192293963062,-0.015225659516225343,0.03671404431731373,-0.007526203685978228,-0.023809519630728193,0.013188323551670544,-0.022233489032163045,0.0001346107846216249,-0.004345868373856643,-0.014376099514041063,-0.010399717964435173,-0.01053933500629689,0.012777568511970205,0.019586105840063928,0.0019387376157966596
2022-09-01,0.004707248561168331,-0.004092241781822992,-0.07665307581048975,0.01404542681512111,0.008282741023605045,0.014914507008521927,0.005623955563764049,-0.029928135187077487,0.02898545284128473,-0.016589742961475973,0.015509041495396003,-0.007792426207918202,-0.014225279109008615,-0.017766650428764574,-0.005012497171438257,0.0038592451457939436,0.020912747832753542,0.003581563737186766
2022-09-02,-0.01361111351855604,-0.016666860424421448,-0.020807907865041053,-0.017222384854177708,-0.002425266463259801,-0.03047877517741382,-0.02507581222110289,-0.025385690766459024,-0.01708397035301601,0.0010421076726430112,-0.008233416476735922,-0.0064501771482285974,0.01668658129079925,-0.011083762595236024,-0.01700252079962672,-0.007818752974256604,-0.005646469590486647,-0.011326273587571767
2022-09-06,-0.008215178795634936,-0.010973874901964109,-0.013336211519460739,-0.009643166008111104,-0.010979542799969266,-0.011103233978325133,0.015580556255471167,-0.01894312915669616,-0.0341426454843643,-0.012818067679939649,-0.011381992925823758,0.000434544298815398,-0.0040382449193913095,-0.014087804979465823,-0.02754644059664446,-0.056690859808325555,-0.009809613957257324,-0.010765598678119215
2022-09-07,0.009253809897831644,0.019111643022542202,0.01879488908366178,0.024716830410046464,0.026722663554652915,0.011669331971433605,0.03381677109982606,0.011305886380174046,0.04839961411104321,0.010282200392113916,0.008939030505045631,0.03100736846658214,0.01391015794098105,0.015236468729422858,0.009552145927947064,0.024029314602578067,0.04364200470163615,0.058888737275541114
2022-09-08,-0.009617634730974989,0.001665896917091958,0.020125643948791794,-0.009776148196906642,0.0026259778181887405,0.010412039416416441,0.01959815762903916,0.03981909489563695,-0.006638732872724096,0.02361678787945798,0.002148292482335501,0.01029707060344398,0.013461953573739471,0.0019439846303899166,0.0032624974156088005,0.0020481649337233954,0.0033384029125402837,0.027444291065240822
2022-09-09,0.0188396113572884,0.02297699062388059,0.02837731546997091,0.020944830902233313,0.02657523304266962,0.04374902031909289,0.03602289482946186,0.03225414602945209,0.02695220206356619,0.03626509393776667,0.016878993781315632,0.029064446874770278,0.020451764176416143,0.02483497112419797,0.02308938370004765,0.10612188190716765,0.05120488762662756,0.03365558854091888
2022-09-12,0.03850812608166598,0.008281123820385927,0.008201774550888885,0.001897759990299619,0.023861278411006825,-0.0011230166315930878,0.01581694096302666,-0.009479199385862724,0.012672839942200476,0.018697496110327005,0.015412927555408462,0.00400219508878652,0.012749084682701417,0.007194446070448501,0.003178626011792529,0.04626957701319512,-0.0030947795132029166,0.07727218971362237
2022-09-13,-0.05867961885905215,-0.054978564160639065,-0.0947258844816844,-0.05899320361200322,-0.0705752837581286,-0.0936907248377905,-0.04037188096320543,-0.08991021579901237,-0.07779140752056435,-0.04546279448383783,-0.01349254973610059,-0.07056708985978055,-0.04802880300243051,-0.06067671589522117,-0.07192634918279617,-0.09270006906083372,-0.07759364606085906,-0.10670550250878519
2022-09-14,0.009555506589085772,0.0009129603579611789,-0.00022836175767848577,0.006518269420030531,0.01364140798846103,-0.010840592318721254,0.03587437200418364,0.005452397450357971,0.027460731597141352,0.013788526164020931,-0.05155197287302238,0.008496360489633092,0.014097213723644364,0.02081164993767004,-0.003755586221472873,-0.0027402074343571003,0.03413932940354747,0.0197648524228613
2022-09-15,-0.018930026065409278,-0.02711934018747031,-0.015158431262246808,-0.019904593564668338,-0.0176585314552421,-0.012675736188878517,0.003767273730617582,-0.010200042830998957,0.050240916371547595,-0.034314773192188563,-0.026067570764058745,-0.1679317021312774,-0.020773358577539036,-0.01999541426211604,-0.011651779301082743,-0.026672422800232853,-0.09974676508128455,-0.030620122120632143
2022-09-16,-0.010960286230005223,-0.0026082632958007723,0.020805929106825216,-0.0010689686477027838,-0.021777003694830932,-0.02179898289336657,-0.0013168523341049454,-0.001956711697276514,0.020180150365972205,-0.02112673297068557,-0.020074128977648598,-0.031151957851723644,0.0047187000644002275,-0.0002401097973012689,0.013869564588762318,0.003622774615297697,-0.026667052639602784,-0.02538226984508818
2022-09-19,0.02508306999103538,-0.0008988385320842784,0.013941296050375751,0.0026265445755866423,0.009147615105472573,0.011826070913671938,0.018856110452001085,0.003398176703393707,0.014575453893841184,0.0087122949513192,0.003487015423467632,-0.011485817834411716,-0.0013135371116649308,0.013605570335263106,0.006839984203554694,-0.011554133658278176,-0.03833045353352971,0.014792335609560059
2022-09-20,0.015665370123158162,-0.008465594750476257,-0.01539375699977108,-0.018725175607601452,-0.019813903001303257,-0.01303892935201556,-0.0011000625419275156,-0.019799357946223006,-0.0032016180090406188,-0.01982602385532961,-0.01389901190684073,-0.016888468692939362,-0.017495516752494944,-0.01484394669788136,-0.016304439976643326,-0.033428956945789956,-0.03858555462874502,-0.038312697473091406
2022-09-21,-0.020267612600959994,-0.014435961725991708,0.006451178936424773,-0.018390507343089446,-0.02987152347123634,-0.027175067816404108,-0.025685948599634356,-0.01023251352912169,-0.024624236216234996,-0.014485764044200877,-0.019967553764810853,-0.016354050043124513,-0.013948028447879013,-0.0012023687172184605,-0.01691990018752043,-0.018177571658806957,-0.054198909652784066,-0.019300161177516983
2022-09-22,-0.006375277182114281,0.008495461540730442,-0.05278635172164603,0.00866241619193775,-0.010376272544574183,0.004925525290183863,-0.040591728559117746,-0.06686362959823888,0.00075989567438417,0.017069591004358342,-0.010786539307102494,0.0026545923787273384,-0.009395371198128166,-0.007542874060816551,-0.014049887525696136,0.04669928789927913,0.05993287636350053,0.051336785897697634
2022-09-23,-0.01512363232806524,-0.012698100509415888,-0.003582619699791012,-0.013980341841162813,-0.0300912015408894,-0.016874237411574233,-0.04594757245188685,-0.02215828655435026,-0.04488501073401563,-0.020912296298076005,-0.022414108144323652,-0.008708980774967512,-0.018697421073115006,-0.020132647336116194,-0.019593860478018255,-0.005970680514919002,0.00043635938360231386,0.03911674003625332
2022-09-26,0.002260059249251656,-0.0019755850792861906,-0.023010579420287613,-0.005772828796874241,0.012040804722097675,-0.028773132905024812,0.0024698479153155706,-0.024426074971712564,-0.010335283421248231,-0.004693794808551921,-0.01704115594641975,-0.026707921593760342,-0.013698028319075073,-0.01196463714306728,-0.01998537980278392,-0.003884765289146941,0.005315729969262328,0.006055190862660709
2022-09-27,0.006566364464079433,-0.004379711519920226,0.01512947214818805,-0.006824702554909301,-0.006426381710496365,-0.014445981511366779,0.02510775852537339,0.013122097694449941,0.0012942935910720266,0.017564303504635115,-0.016233155841829383,0.002202541478773634,0.005386360277152891,0.005010882857620524,-0.002966349949759306,-0.005832956039052206,-0.003888584116399585,-0.033364994352358734
2022-09-28,-0.012651573784103753,0.019711499407293775,0.026021018120891082,0.026153833514679148,0.0314657666190894,0.05364619564015127,0.0172121123742337,0.017716279199727847,0.09288641278539034,0.008596984460048418,0.010413339073930272,0.013798272404092815,0.002603677963865181,-0.011716887165827194,0.008925302424968917,0.016544467837213528,0.005475566897929385,0.01481855507993357
2022-09-29,-0.049119099244040454,-0.014809126085361557,-0.04051519983190499,-0.026287004494561117,-0.027201076403397306,-0.03672053949997567,-0.06810050474193585,-0.06173202432745595,-0.022389876677311626,-0.02237463840390741,-0.026478549952560604,-0.011194008403721312,-0.033972872367717066,-0.03439000456289265,-0.027644702282450084,0.007532412719634118,-0.0013148875463555587,0.021573672956845424
2022-09-30,-0.030039208920984883,-0.0193682335742118,-0.006628480000952508,-0.01816854621824726,-0.015679468675155572,-0.0053518040401772105,-0.011036096899372572,-0.012160879119415102,-0.017813192349790397,-0.020230358555372918,-0.005374599142953684,-0.010961321807614555,-0.013596062814299037,-0.01619632190805831,-0.0231234641606064,-0.0072171538473359,-0.005745287005705868,-0.021795349011750065
2022-10-03,0.030752364605349802,0.03366238986598513,0.030727501996175466,0.031259700463770024,0.02548670135768094,0.021594951069353163,-0.08614516909902203,0.04340277735967568,0.015290464383157287,0.028225931559091588,0.032913161211885145,0.036482476678782794,0.028760617092613794,0.037528668805458576,0.04656572470907028,0.009869961793436799,-0.003418299498262667,-0.007371437451551666
2022-10-04,0.02562309285844333,0.03381229140141562,0.052349702280780175,0.03041357999387051,0.04496029692750958,0.012048100378682758,0.029042940273044104,0.027076098910927326,0.007111783846582176,0.05294103669735195,0.04137594166366676,0.03411166498194462,0.050527691551931264,0.04393468287087776,0.027067097769948756,0.036347275524413414,0.02923245561039156,0.03502982551794309
2022-10-05,0.0020533845919914473,0.001285855243881251,0.003189922740105988,-0.0020662165299746293,-0.001156159830559167,-0.009267010411508791,-0.034597517632881436,0.0005891150902566089,-0.016656936077356854,0.0032107682907698276,0.014461998004528853,0.008170334787048983,0.01029473775432943,0.02059292283143499,-0.0021661134742391175,-0.008660486125090072,-0.006819798394790189,-0.0014239238206904536
2022-10-06,-0.006625501774168097,-0.009670789001185565,-0.0059808171273919575,-9.85624387354056e-05,-0.005374071210291542,0.000647543623845559,-0.01112907563204113,-0.0013247566095214713,0.01389770913517907,-0.004928588861112471,-0.020108188134225213,0.003463577787292005,-0.010932635470148555,0.0031230756901716727,-0.01664253359796042,-0.01018185214187517,-0.0008335707960394068,-0.021455254793185663
2022-10-07,-0.03671892667061605,-0.05085299426779777,-0.08027428239528533,-0.027016440362061966,-0.04771409266460669,-0.04041139045605335,-0.06324275500689214,-0.13868828384721654,-0.06361971401532474,-0.03325612973405523,-0.03078105252627017,-0.03230459612658598,-0.03966643415898863,-0.03488199397411784,-0.05371601652339819,-0.02047530303595302,-0.01419869082155445,-0.010237717690507075
2022-10-10,0.0023555802332038134,-0.021303003323369096,-0.03362050791064253,-0.008309459076169756,-0.007768849586377025,0.00254767246974974,-0.0004931214719139376,-0.010780240729335588,0.023270246982761256,-0.03094020311227197,-0.011376293669581039,-0.010561997122299105,-0.049469871848763725,-0.05218767805375324,-0.020217612174247,-0.020738136450417,-0.030903412327927704,-0.03122982923861095
2022-10-11,-0.01025513249633403,-0.016750201601463677,-0.007197663836842394,-0.006948714693593039,-0.01284419027000161,-0.039240443073530584,-0.02897383620084637,-0.0031136533627370566,-0.06822325384664829,-0.0210793085146308,0.0025703339071085907,-0.003114988956443465,-0.015855633412957038,-0.039877801552588354,-0.00634908310600546,-0.00470529894576166,-0.009108355915005362,-0.03734547195504101
2022-10-12,-0.004604502506087349,0.0015084343619458096,-0.007422911581224101,0.003910120488076929,0.006149206372302096,-0.008090885508594825,0.003418039229395431,0.0038174111040849557,0.030706006461255875,-0.001964237976772698,0.02195171970498344,0.004634369225319679,-0.0004410946999424681,-0.012632781444619434,0.011581273429289496,0.005565325579645286,0.011981072064065401,0.012626903801036038
2022-10-13,0.03361266197897739,0.037607894204749304,0.039999943405806704,0.01537533009390657,-0.00327726077574253,0.021882314889037024,0.020622332969329582,0.018841835459606715,0.052700663880298704,0.022138080475326172,0.022263898720468855,0.03001920853088702,0.017186608930448877,0.038843706222996266,0.04303188759307863,0.011768739552548313,-0.005237807805579919,-0.019924796614868456
2022-10-14,-0.03223998312337828,-0.024248755192154414,-0.06128738512006382,-0.025237437281359965,-0.05003107895219994,-0.027093245429006485,-0.07545550981161042,-0.050899220731242645,-0.010795211243111447,-0.022139943258877803,-0.013650077065341049,-0.023071140728346484,-0.02481919536082,-0.02578413546140168,-0.01930346129564864,-0.010176392755898878,0.007218418789969316,-0.01758422642510915
2022-10-17,0.029122721971534427,0.03924590002443429,0.058875792989594666,0.03531487125362309,0.06445275295885255,0.05743137234408957,0.07005219876844371,0.036110127053153196,0.06565218386442773,0.034875622271327344,0.04213948435032244,0.019309569741790877,0.019363366082498334,0.014915777750834636,0.019683419420600146,0.019029923070783772,0.02643049120278884,0.04057192584866698
2022-10-18,0.009409413083557583,0.00408371126851681,0.006645489211767774,0.0080025387226077,0.022585461588422673,-0.009251003607585684,0.0038294794370521412,-0.0006901469316630271,-0.017299052730212927,0.04314467136472655,0.00014904449595487534,-0.0017716831811648293,-0.0012405146068248385,-0.0034050147573827516,-0.020817398747086213,-0.011065647631146036,-0.01596935046278447,-0.03396474509413949
2022-10-19,0.0007654541546746607,-0.008469576624960173,0.007019188057423076,-0.01131291804634904,-0.01108629175628062,0.0032379356649223645,0.008401793106927569,-0.011912960091889913,0.13086441789163628,0.0009117555903521701,-0.010890493725917438,0.023380351317746184,0.0010810189263901204,0.014746780027028894,0.005025057092354457,-0.010079479991405349,-0.01885063522910002,-0.04188830245497288
2022-10-20,-0.003267210167162693,-0.0013956174863963833,0.011866196184737499,0.0034125170565941776,0.0015642678860967596,-0.012760089027856636,-0.0664744863679374,0.00943562676649723,-0.015493093161562221,0.024923646023552015,0.04449486509595246,0.008504880848307916,-0.011486293969800054,-0.007709421849207976,0.003076863528361118,-0.004482602172654282,-0.001978103293734268,-0.028224217747989222
2022-10-21,0.02705919393962941,0.025280476706076804,0.02230616471026292,0.011603453870781655,0.03531453097461368,-0.011556102224679732,0.03454266549727758,0.018175510277660623,0.07984042172206629,0.016952156297773247,0.04981939081196218,0.0131952846416592,0.04515425532264916,0.03357739691405426,0.03412586752488456,0.006231244583192241,0.013049775009127629,0.0008396108329424834
2022-10-24,0.014802777869915129,0.021187888787271625,0.010668915733692774,0.01374462829139711,0.004190412347291339,-0.002230581058960235,-0.014875967194030837,-0.0020401042588805707,-0.024588178166921937,0.0029969131862142007,0.003026313344226317,0.03215068792800024,0.015098067911082813,0.00552959722866686,0.007786380583285846,0.009028754610696632,0.03465690865224036,0.007164599245900183
2022-10-25,0.019337407935011708,0.013791648181446625,0.052543833120663797,0.019118330491288527,0.006509754475742646,0.06005227606321584,0.05287573097725584,0.04718910428894785,0.03034159738501807,0.028758217636127847,0.0030166342448283423,0.023939052858757526,0.007776398697739717,0.023973293465468837,0.008462171298893706,0.03878330120960949,0.0867412618435559,0.09289669544346824
2022-10-26,-0.019626991576046526,-0.07715609533945733,-0.02752436867777397,-0.0914050012388209,-0.040961814879887926,-0.05592301274842015,0.009981122376490958,-0.028306517714542734,0.026115052147982487,-0.032431713287591646,0.022969874105634114,-0.01022266738083899,0.0024124553989868236,-0.008894745996036901,-0.007296721441445886,0.03356831063305088,0.07176830260791678,0.01114240162629021
2022-10-27,-0.030465497883020998,-0.019756304804120606,0.021712154020713248,-0.028547433949506318,-0.04063638620803933,-0.24557099344833588,0.00200319154854367,-0.018918484459659046,-0.005625854608704128,-0.0010004330217968649,0.00441068522687571,-0.005710237852936895,-0.012532874663271243,-0.028871445241601568,-0.0345460640465044,-0.0233314959115013,-0.03331602421634816,-0.020907860919178956
2022-10-28,0.07555264902053249,0.04022044789238666,0.04993921465449813,0.044133627170549694,-0.06804249715805744,0.012865102380529514,0.01523838460338034,0.05819112519120706,-0.0041085653531864885,0.020469551093766913,0.02940777862999,0.02206181990883893,0.038427763036152696,0.03931998709245277,0.10658537988766525,0.015257721000682789,0.027141910462713303,0.048338501584349824
2022-10-31,-0.015410468518239018,-0.01585614619770148,-0.024360170286861993,-0.018485744392998438,-0.009380148789788323,-0.060887067938784845,-0.004288512900427088,-0.031446492517724245,-0.012985282417815158,-0.0026380381908872597,0.009177917442662498,-0.02204615830647305,-0.005878674149958352,-0.01300230248595935,-0.02201567517948544,-0.004834980587624993,0.011081206751435646,0.015563851492823133
2022-11-01,-0.017542765017100503,-0.017059552106862386,0.0034081314935574536,-0.04274675348488488,-0.05515425020719411,0.02189762615041957,0.0012306146011606955,-0.00666003191363207,-0.017575732941913502,-0.01703651873986456,-0.01229670148163553,-0.0077865337090364806,-0.004722024647769163,-0.0028046740642106993,-0.004572713141014928,-0.0005123007449325812,0.004444616238050703,-0.011119353994975656
2022-11-02,-0.037305090698392274,-0.03536821712122307,-0.02392380509773795,-0.038686954568119325,-0.04824876665742572,-0.048949507167461936,-0.05636033352596037,-0.01726447840984291,-0.047951178259244887,-0.061381662930444,-0.025807362613733842,-0.046832441957741056,-0.025368860966396345,-0.041166086813861025,-0.031095371166579233,-0.015902620594443806,-0.03797722576567086,-0.04528432475554278
2022-11-03,-0.042404626891543784,-0.026578600481492853,0.015280996434612781,-0.040703755140197195,-0.030612240672440283,-0.01800296477784369,0.0015350350619269815,0.02524304136574873,-0.014432201858693872,-0.02453173010919374,-0.0011980908871874751,-0.05076026984582249,-0.026116833488731395,-0.07662206233456836,-0.0010941163809364829,0.0025042468919260763,0.007784341818641627,0.001812497092180232
2022-11-04,-0.0019476377037657144,0.03332529465958545,0.054765089280015555,0.0377562023068132,0.01881299269611514,0.02114500700680999,-0.0364125977743186,0.03460319406483614,-0.030736626034550185,-0.044830104740166576,0.012928009778635952,-0.0006294991095436853,0.047690137209371875,0.027050556197646403,0.04347825132281313,0.0463751969796804,0.074142044046136,0.09522062724830427
2022-11-07,0.003902203384618108,0.02926961908202763,0.010242795392361392,0.02206045682662383,-0.00494619214148917,0.06531553811129998,-0.05007952633400592,0.014311034314181237,-0.008397555837979631,0.034485202389708425,0.009736825385738834,0.04825899753253493,0.021319212390374487,0.03186777162117549,0.007446777394404469,-0.02574398871306105,-0.04650318088272232,-0.12372417521959367
2022-11-08,0.004175141979423147,0.004388366945858646,0.021047603680149907,0.004633468973383126,-0.006075283660437414,-0.0025847699338147345,-0.02932818513088775,0.012206668051923275,0.01879350539692637,0.017359544598430032,-0.01433392188582927,0.008780145582516052,0.014498574130528574,0.022254566828491473,0.002463910935214031,-0.10006131594948431,-0.1502977455077471,-0.18405947822209678
2022-11-09,-0.03319000515589543,-0.019050101741401426,-0.05656773670192572,-0.01777289031885476,-0.042676192754212194,0.05182960519171931,-0.07166757185130745,-0.06155051525598132,-0.03340169459082143,-0.03426261010059661,0.0002642241923247468,-0.01092106484396771,-0.026217891553305006,-0.018748728863908992,-0.03370787453292312,-0.14349022466876316,-0.17456449729905577,-0.4228090368113009
2022-11-10,0.08897457806684606,0.08226805205377796,0.14329284962798483,0.07581321659326301,0.12177847617944271,0.10249335361515288,0.07393437216942544,0.14269030896247625,0.07975340332088066,0.10023958907321462,0.019957921261280154,0.10399176095832985,0.0790252493875716,0.09281907843241166,0.08139544411373834,0.10742489862358795,0.18114912792558768,0.2683157149299278
2022-11-11,0.019268795654535653,0.016997490303445106,0.03663498204800253,0.026293361323090014,0.04305085149903842,0.010279662790761757,0.027527264924482875,0.0569592734971307,0.05513331497916929,0.009148879334659465,0.0073859580296251615,0.03394448030032371,0.022741211216371626,0.006214485234372402,0.022513459888588105,-0.03141443647663533,-0.009421980619647496,-0.0766150493789205
2022-11-14,-0.009485722965015153,-0.022500138777494683,-0.0019600569516249333,-0.007364546657294246,-0.022819754250081536,0.010617641484443219,-0.02561618738169713,0.01602868576331007,0.03150310350921104,0.005896373132594945,0.010162433579067098,-0.0022863807511412926,-0.009399929571581311,-0.005188205019098224,-0.002629131284244135,-0.02442682832585641,-0.03543821832608418,-0.14242825018046323
2022-11-15,0.011869576065022258,0.0017386496744276059,0.022767827460057566,0.028631218766983935,0.004569038353104293,0.02503942271017845,0.018172303095892017,0.038623745606327864,0.036522217740349916,0.02149245287956303,0.008277167638501837,0.016423293527874083,0.021822989338171395,0.04321205962424779,0.011861724293492637,0.016031463998783302,0.008160376403149927,0.021422082206120185
2022-11-16,-0.008331376930679535,0.0018234692297061095,-0.04536182412099554,0.004165054260562462,-0.018394983322362668,-0.03288330789747551,-0.03857627852399581,-0.04805559337896048,-0.013475214982536787,-0.04288299089638581,0.008966653961971716,-0.02182329743163114,-0.024198057839327936,-0.04197740358489299,-0.03842397053921798,-0.0127437818409466,-0.028866838569826303,-0.0011038281290324248
2022-11-17,0.012971469406066971,-0.0002067702122110493,-0.014644889610780254,-0.004957013761517914,-0.023373189953300733,-0.015720361411106776,-0.020062058831236462,0.01650625348018986,-0.03509572675238837,-0.03500493408455996,-0.008636699543743576,-0.0017139478253216378,0.0007424441368493184,0.01764266348359511,0.01219096982316148,0.0010845070736082985,-0.012170051342529575,-0.04527478695633558
2022-11-18,0.0037818013946293583,-0.0019032128288318795,-0.01709514994238559,-0.009455065963391296,-0.007485493894513584,0.005383571058134251,-0.016269016527425406,-0.004465518595951901,-0.024722282079862712,-0.011022804570305023,0.00669164838998304,-0.020631683088357722,0.00595584249680603,0.008057833664484537,-0.0006690416874514105,0.0006148167681003791,0.009569967502366605,-0.028685814177082603
2022-11-21,-0.021680061841255593,0.0034407889235130718,-0.005970540661796031,-0.018782729321456193,-0.017845764989037338,-0.019544878774320096,-0.06837231343190053,-0.015087679964060907,-0.010174358341249135,-0.02154827095671341,0.001129118132768836,-0.028320121900601625,0.004425869068465538,-0.029471226760547586,-0.031134908711019982,-0.05452780602583007,-0.08574382620204435,-0.10577757249708386
2022-11-22,0.01466104043459926,0.012311341865590464,0.04707180163445002,0.015167448668751415,0.008003437930963697,0.01438200362841835,0.012152311933396831,0.03850401532954484,0.005753428158997265,0.030376176736539584,0.02881477357324047,0.02920779785893779,0.024369993799673972,0.028702298515877134,0.030407659522464936,0.025494274188105903,0.024198458350936924,0.049755708782649455
2022-11-23,0.005926407925208155,0.010407045693391126,0.029991524601393094,0.014528553521310883,0.009978544373689502,0.007178623528434347,0.07821783885404354,0.015282412304038706,0.016777668646400068,0.020033404809888467,0.005357841863594892,0.014808975532443647,0.00677280735856689,0.01213104419790545,-0.00503018849376724,0.02600021570334854,0.04230729897957275,0.15406438093888397
2022-11-25,-0.019593895572354136,-0.0003635063502476221,-0.015073617727353161,-0.010156524274967604,-0.007648928209040617,-0.007394752454286335,-0.0018558752377416665,-0.016492174228604828,-0.020445926992713304,0.007291400672093884,0.0019381695259250709,-0.004407680599525232,-0.006989757977156952,-0.013583891983583563,-0.011122308931440616,-0.005349876691450706,0.013291348779415069,-0.02009362832588779
2022-11-28,-0.02626411721336086,-0.023152542807891807,-0.027228151739965067,-0.014467357248765023,0.00578089353348199,-0.02360663041209543,0.00032810652079984237,-0.025951516689935228,-0.01530434480565801,0.00221706533923971,-0.016078419017315215,-0.01594372350251616,-0.0145307581047035,-0.0316726085729111,-0.020790786341555068,-0.0184313307798164,-0.02405463223358395,-0.04683306672352172
2022-11-29,-0.021148184938469816,-0.005915014011023567,-0.011878367557780045,-0.008953717316245502,-0.016285245651894598,0.006251332955880651,-0.011425739989130657,0.002732571957519747,-0.0007468758407440657,-0.013078298089077123,-0.006634765155755118,-0.0066571493852930486,-0.0015702782601865195,-0.009703840993454449,0.005917154874687025,0.014038085481754337,0.040009927654150346,-0.002594969598003871
2022-11-30,0.04859377497737216,0.06162377812401698,0.08237924999946444,0.060930624773345876,0.04457912603558567,0.07893275042477566,0.07670184691003823,0.057773510001794204,0.08745012693480891,0.05650058143653536,0.02696361351359644,0.05554193636172533,0.05684788142608843,0.0753208388331037,0.0404844763365273,0.044000289316970864,0.06474424595402373,0.05577607880402713
2022-12-01,0.001891583288471832,-0.00176386167079845,0.01252714023358692,0.0,-0.010772746070691896,0.019813797264026434,0.0,-0.0019321641348862828,0.03737767869555908,-0.08268325419692102,0.013007431208533982,-0.002377315228106358,-0.0005080161945578698,0.002529995914052119,-0.00798136213080658,-0.011732697360023692,-0.014984057799110495,-0.04494910755722015
2022-12-02,-0.0033713826019734494,0.0012957717960049298,-0.015115029623943621,-0.005445849312105677,-0.014345578498241363,0.02532361678247419,0.0008217959148295595,-0.032266389928805816,0.010916569639318308,-0.016598600683124576,-0.009035886635683443,-0.007497563808355534,-0.01806629058767628,-0.00906870034677909,-0.01407972623262932,0.007162515027905547,0.014126606037395906,0.01740762120626882
2022-12-05,-0.00798307954898414,-0.018900506355491897,-0.01576192781435093,-0.009558093184756533,-0.03314559872755318,-0.008583551785108834,-0.06368676805520934,-0.018138177506840547,-0.02440621638135121,-0.073533614839699,-0.04703076157689401,-0.02178433071179242,-0.018787055699997057,-0.018780821851800744,-0.008160541289339296,-0.006661375633558175,-0.026753069174350164,0.008419059774545712
2022-12-06,-0.025370009985140385,-0.02030381316419816,-0.037507635891211866,-0.025130658271173223,-0.03032636052572668,-0.06787544791073974,-0.01441485156488942,-0.04550402035500001,-0.022489555162914177,-0.004928121069810332,-0.006546565611996402,-0.008800031349734838,-0.009083086825476094,-0.028548348839083415,-0.019540502838376272,0.006755753090715411,0.009508035062938625,0.03309507643708631
2022-12-07,-0.01378491138954363,-0.0030597491354648065,0.008319026577168653,-0.021035226415821118,0.0023795930251859776,-0.0016650204771397892,-0.032143331123685615,-0.0018499681176631366,0.009359840960231347,-0.020934682990969677,-0.0016471984405562745,-0.013498418550780378,-0.013921308429894252,-0.013107460359009115,-0.00944069633599065,-0.01412428087141393,-0.030838824473082838,-0.053832255997650624
2022-12-08,0.012132785463886853,0.012399448864771623,0.06507487868852313,-0.012955557616126767,0.021365582288144003,0.012288250611082852,-0.003447430865732959,0.004704902109015308,0.00596589134630654,-0.002682472419998083,0.016374547919516536,0.018060469048497563,0.024262365784682327,0.029946861319277263,0.0038828433092727987,0.022871839541696026,0.0394980134958669,0.012542408557781659
2022-12-09,-0.003434816923539419,-0.008003338760026124,-0.009785089617608267,-0.009390744457539957,-0.01394579034322141,0.00494238844596584,0.0323454827685834,-0.026678087842294196,0.03142526947463198,0.007530730472072866,-0.002622655679495267,-0.005833098809770343,0.02568346626858964,-0.022176581359493297,-0.007032358782165016,-0.005821360340788395,-0.013138184671514397,-0.007964991406690158
2022-12-12,0.01638996807790405,0.02888921818083623,0.03140958967639684,0.005170781739529007,0.01638799835988114,-0.010267540755950377,-0.0627198857086465,0.030325148594674056,-0.015093272395447777,0.015254762962308543,0.017781109709421816,0.02277400933248619,0.021864331635430556,0.0181437123537338,0.01593486696149049,0.004277388934601722,0.008173972033077792,-0.019266553130898312
2022-12-13,0.006782366835131226,0.01746461498458185,0.0306247444818446,0.02486338267831467,0.02142456926150338,0.047424058247330425,-0.04093677795344208,0.013867318272610785,0.016371621087198696,0.018856237992963765,-0.008858226767182509,0.012685861717483427,0.02588813831813197,0.018810170074928134,0.001394119450962128,0.033410801008343594,0.03603443469196854,0.03870106818900787
2022-12-14,-0.015535737545295136,0.0011678221576310044,-0.022023197037580156,-0.00585594735164352,-0.009838858835905628,0.011984947656565437,-0.025784367661833008,-0.037962333046436925,-0.007835407616128998,-0.006414954498631831,0.015640517863479753,-0.007416860628161714,0.005953981182988288,-0.01441408777441211,-0.016359079491875983,0.0019307922256450727,-0.008496812562910572,0.022158438592178475
2022-12-15,-0.04685425721575731,-0.0319182633286218,-0.04085112612485797,-0.04428318352643412,-0.03417782070573294,-0.04474044226437701,0.005548438139381551,-0.03481795321707981,-0.08627255130781464,-0.031985224708235394,-0.021388497003382745,-0.0329784111844873,-0.028619149840105718,-0.0416565350538356,-0.03927821351643923,-0.02530276169357326,-0.03282205022719986,-0.008416571033010745
2022-12-16,-0.014578909137911156,-0.017348608982647007,-0.022475105304606724,-0.006603574060911499,-0.006670394101153776,0.02823930312145162,-0.047187179094365206,-0.016834437663269974,0.0010329802320367953,-0.016635813465021854,-0.006119629761051626,0.029904832056761865,-0.0037455643488041312,-0.018089721485717747,-0.008471481794972924,-0.04131220425223303,-0.07746214058242495,-0.12515803305805362
2022-12-19,-0.015909640153332405,-0.017328156636897796,-0.019129867392691402,-0.02016393318123333,-0.033462353983410575,-0.041446853787864946,-0.00239632976495896,-0.01253642070492289,-0.008290021976730011,0.00576893865324668,0.01156069073823729,-0.02888875327123752,-0.0030471720424239956,-0.016763939399381922,-0.004828998236913518,-0.012482647997679841,-0.0005559862245818614,-0.027224399918864717
2022-12-20,-0.0005288122913482685,0.005614541311512955,-0.010397746291552545,0.006558103156728778,0.0031795134041781026,0.022798708074106333,-0.08053641461716088,0.007121949836639496,-0.00038153588604006305,-0.004340728733774002,0.005465863058972564,0.028774763274347803,-0.010206873899437086,-0.004529023336535154,-0.013064667917017214,0.028384068842582266,0.04290281503722926,0.02915188387486989
2022-12-21,0.023809495858712726,0.010876642904842804,0.025862851539434573,0.0062908557380720875,0.018546709195681466,0.022803024203203348,-0.0016690545895901021,0.04043039400513759,0.033901220533684384,0.014402682773866138,0.006918772035992671,0.009343041957022846,0.03163480915246941,0.02221221848487942,0.014750294886948012,-0.005250676176186131,-0.0033699807166168716,-0.012339003341836019
2022-12-22,-0.023772574916433364,-0.025528676245548776,-0.07041975096161801,-0.020317165969262918,-0.034343619255829294,-0.02204406446068874,-0.08882756559936855,-0.05644207561464931,-0.0007047895281461214,-0.008518830903608388,-0.01239273938885177,-0.014236381157733402,-0.014503783617481725,-0.03412168065397214,-0.032053676182089985,0.0007615052090579333,0.003775670247603724,-0.02755020516720852
2022-12-23,-0.002798026135974352,0.002266953569004526,-0.008670653106441994,0.016750344816933715,0.01742450254827599,0.007855107881874268,-0.017550833466474902,0.01033504582534972,-0.009370254649462728,0.0019350637548529726,0.004472535142092449,0.005735240866422853,-0.0011933308386442576,0.0014456206088990786,0.004620860417325234,-0.001983838015767403,0.0016231521337866095,-0.0007344894291818616
2022-12-27,-0.01387862031696685,-0.007414110968246401,-0.07135354487262247,-0.020621022496327912,-0.025923742926365456,-0.009827170196387236,-0.1140885333144338,-0.019373779453490836,-0.03658124703068,0.009425255417376155,0.001607970439131634,-0.009927657698192927,0.002009270910182659,-0.012450460374285988,-0.005749337265188337,-0.004749629071492678,-0.006038389498682739,-0.05945411209002638
2022-12-28,-0.03068515864454846,-0.01025494030823737,-0.006019406949639539,-0.01567676195787704,-0.01469172937442731,-0.010780158108810056,0.03308891531476843,-0.011063707252645605,-0.025653661408665762,-0.016761086663442226,-0.008026550224134454,-0.020173714045490287,-0.015626797156684802,-0.02274787021932223,-0.015420222098048164,-0.009846255365429935,-0.018804171717317075,-0.11993436635295718
2022-12-29,0.028324630332725143,0.027629715871979377,0.04039616687645475,0.028249178921106566,0.02884381103830358,0.040131430895853804,0.0808269069678893,0.035959725283267296,0.05143021527386149,0.031680251958058125,0.013320029624835028,0.028172876003709435,0.023711512277704738,0.026829904125687642,0.026233226435224744,0.0054232979508825885,0.009755788816300015,-0.010672828788885647
2022-12-30,0.002468674235717838,-0.004937515179796348,0.0007533419433298771,-0.0024871040580757287,-0.002138278742257471,0.0006651430823003679,0.011164017515666869,-0.000771413946208388,0.012915683028947189,0.00037754775809029084,0.004176712822512307,-0.003110337800620755,0.002366106656686018,0.000910328043563835,0.008393816269577137,-0.002388838052975517,-0.001966176761464933,0.02366335369702366
2023-01-03,-0.03740463070400346,-0.0010006505572615065,-0.020459931877706672,0.010087227271286858,0.021666663033621747,0.03656303326890731,-0.12242248574195735,-0.01157943552372076,0.00023738365694381258,0.01651705131785164,0.024223209330974882,0.0011589298126533087,-0.010104701993050802,-0.024922566119638945,0.011350754617726944,0.004654183671500611,0.012963305091603594,0.35058777334153435
2023-01-04,0.010314235934219873,-0.0437433479631657,0.030318015372104545,-0.01166966020573279,-0.007923564525679994,0.021083974299917818,0.05124885285593783,0.009996986138740782,0.04902522815271082,0.03568788983369786,0.00907817168085967,0.01332657620630795,0.012213308105393672,0.04039175509317916,0.035540569170359415,0.010994150293785143,0.03436658792451519,0.006824565548661843
2023-01-05,-0.010604653358054161,-0.029637791814997927,-0.03281580525231964,-0.021344261862166647,-0.023725589118479662,-0.0033760953124657433,-0.029039097760312105,-0.03603466902399921,0.0009372460045757869,-0.023282456268947427,-0.0020126912442300915,-0.03798951724197108,-0.009317254766129435,-0.019098069733757272,-0.004335252267419709,-0.0015715814888571655,-0.004845112423745301,-0.00117478059109144
2023-01-06,0.036793922603408635,0.01178536488214732,0.04164026601925119,0.013224912141879708,0.035611152390083056,0.02426349789917559,0.024651090365942707,0.02615108624312379,0.018889280103052464,0.03058532357033683,0.01601234722658673,0.013122632829606795,0.06019583036284981,0.05429627707214957,0.04245280682926489,0.006844106816741524,0.015147028977039678,0.007937212404326655
2023-01-09,0.004089178418124506,0.009736447663815317,0.05175315063149144,0.007785857395819384,0.01486987397850048,-0.004230373047695579,0.05934901140427806,0.05128203293069067,-0.0012042499269218077,0.04690057488042787,0.01265538551735168,0.027738575466049964,-0.019611492657041873,-0.0063289755585674845,0.020187932060913738,0.014428172981383103,0.04109088849403375,0.20528273784867146
2023-01-10,0.00445611995127404,0.0076172027649903384,0.017980547911136124,0.004544368318015746,0.028731709234134817,0.027187981032426922,-0.007681374256751861,0.012046478490814083,0.039248704232060394,0.002311264199359009,0.0009257513331464295,-0.009591200286346524,-0.00339759677938678,0.020067942531097893,0.004435501531555586,0.014522576515372032,0.011386058087499595,-0.006486111335356481
2023-01-11,0.021112169516083412,0.03023813492237437,0.005782918497285738,0.035059923023620376,0.058083825879343465,-0.0007521184244225765,0.036769060182475055,0.014841946532577754,-0.0008548536528979467,-0.017227537651258396,0.02427727664841961,0.012488870139645725,0.00558334571324437,0.01265916274383927,0.013926609210392238,0.02800615102017323,0.03841629150614301,0.010044692800587063
2023-01-12,-0.0005993029656247151,0.011621428284199542,0.031872723668406655,-0.004261427470903523,0.0018929468094222024,0.028745756078741858,0.0027592625752508315,0.025195562622019496,0.008769746792284483,0.0324364686733396,0.002031577729557199,0.004694882056183403,0.0065730217164243765,0.027029458332594736,0.014740362515402117,0.052115795988246116,0.021619013988194213,0.01587026767377342
2023-01-13,0.010119403937258964,0.003018571555327476,0.023499621160797624,0.01086375837865483,0.029915043601747238,0.0019748874012190942,-0.009388119582672938,0.0028248155313777,0.008148335598139989,-0.0006016301182606432,0.004730886692953629,-0.0004643979164715706,-0.005052133801818792,-0.011102949312364663,-0.005942641966106499,0.05511441660269112,0.02375024880007759,0.10045109899789573
2023-01-17,0.008756381127605462,0.004681986828079632,0.047518022363154166,-0.009010043943664559,-0.02109661268732843,-0.011826531755217862,0.07426473736900463,0.008309807575924255,-0.019830533554422658,-0.006955985605852533,-0.0067265230639337314,0.0,0.0004144821533282883,0.00033249820178471445,-0.01693788011855435,0.06288157138594008,0.08007027464445793,0.2512854057585343
2023-01-18,-0.005369978640961892,-0.018889252601658413,-0.01835963200952384,-0.0018622641649517213,-0.00614267515397382,-0.017287190608179626,-0.020609982513142944,-0.014806503880664734,0.0003371274496115628,-0.020340995747633928,-0.021331835838811042,-0.00891459225474922,-0.00854565473064317,0.01463250576385744,-0.026689201696221687,-0.022339524368838015,-0.033382812478710555,-0.08885791109066299
2023-01-19,0.0004436157185156997,-0.01645389208397474,-0.03521895730212843,0.02118090531052963,-0.01864654092151996,0.023530219703862043,-0.012501946153228083,-0.03998298232853492,-0.03232924720134156,0.0066002056096188255,-0.008880178443097964,0.0035744667001549324,-0.01927619878445519,-0.03654523548616828,-0.013536958943539235,0.019238045679950355,0.024446974889233086,0.02763138191121861
2023-01-20,0.01922075595937578,0.03574353261851049,0.06406191498105107,0.05341202030776859,0.03810845093076898,0.023650506778793545,0.049146812062518475,0.034854536143285264,0.08461590220709558,0.033057918827315014,0.015243489638962604,0.040434432466861514,0.013422918226444702,0.04524590626515579,0.028149162645808357,0.07539125404137925,0.0690458804911851,0.19235314581108653
2023-01-23,0.02350039427734596,0.009824251278822027,0.07590117499040927,0.018057727083502506,0.002776315095798454,0.02798288335867105,0.07742468874848996,0.09219350810058335,0.04356206072507973,0.03054539816793822,0.019713442253027402,0.024131561775873278,0.019009220760060952,0.06615125017766732,0.03593427788948356,0.011372050649439469,-0.018980553083960183,-0.046596656635797595
2023-01-24,0.010063052432455644,-0.002226058095417427,0.0037513726266757974,-0.020944110422141615,-0.012305137300550828,-0.0009070708300170649,0.0009739087975544347,-0.023912215604918408,0.017934050415009173,-0.006479916031350008,0.008204770680177553,-0.010027956468680155,0.0058456242036846184,-0.002518614400622732,-0.011562620766609633,-0.012991945703908492,-0.04400233517182761,-0.06413277594482159
2023-01-25,-0.004700534224426511,-0.005908171175085575,0.0030106036187242946,-0.0253837063176926,0.008928577793566816,-0.011457484693542574,0.003752820129427681,0.0028113349725127357,0.011351510890859728,0.008459362725665054,-0.0006688584886159754,-0.008718016806796625,0.0011111054727996894,0.0035962806279290493,-0.007352873122181913,0.021266153759075257,0.035401940854640435,0.07789952355763274
2023-01-26,0.014803088054889946,0.03071359478115898,0.02478919851810324,0.024154588590470594,0.02099198301215366,0.040989534552177576,0.10967259156647335,0.0033373379759484845,-0.008397703841786508,0.05711730709238938,0.0021197804803740894,0.021358554903223137,0.022025652893350012,0.021269997791206086,0.01313130573136001,-0.003680359408276712,-0.005339109940311948,-0.008983960739340158
2023-01-27,0.01368447796796124,0.0006452659585560738,0.028431221615335955,0.01897050133560718,0.03043737760442844,0.03014283916968985,0.11000180416824756,0.0031931592878635673,-0.011236874856767165,-0.003452685325635252,-0.009351085935849324,0.01336718613786858,-0.012680046397818834,-0.004180571358374463,-0.06414082098683693,0.0019950339114214177,-0.0030874209336673175,0.00234742078228356
2023-01-30,-0.020077995240080915,-0.021961642394195957,-0.05907168554941955,-0.024454233561435057,-0.01652968356145279,-0.03084264669528569,-0.06318150994943417,-0.03912472835460368,-0.02123233216341669,0.0013980140657738893,-0.01842915557477598,-0.019664908406514137,-0.016142459855643776,-0.013268124554107197,-0.0074574247271987915,-0.010338084422132132,-0.019290949395581958,-0.018909336880693073
2023-01-31,0.009020771113722015,0.02101278580325161,0.019569794298992083,0.019599882444085726,0.025658817736008643,0.012988079560105614,0.03936155894904236,0.037267145498509624,0.002124005584359656,0.019544778527653017,0.0127075546439257,0.019041281862514303,0.006122729470572352,0.012003453665505592,0.011091278353267509,0.013097316769725253,0.012255813857491304,0.00025998088853707024
2023-02-01,0.007900982986348337,0.01993451157677173,0.07196615652918714,0.016086598952921527,0.019586971068148662,0.02785772490558691,0.04728092820511631,0.12628074079947327,0.02297517913531233,0.022920841868890873,0.017974423194765166,0.03666905336752668,0.03032427859683917,0.03941125796660705,0.02866227772090446,0.025259482888651652,0.034828926102213,0.043453063071263065
2023-02-02,0.0370625451340838,0.04688452928104314,0.03657533881064112,0.07278701715298208,0.07379935352944922,0.2328239805096186,0.03781489703913388,0.04336009210078218,0.01353622602852389,0.01641247626580844,-0.007440551474295121,0.021645127286801236,0.005010292207919598,-0.018850233182271414,0.038527804410909194,-0.01061797692681965,0.0008824820072261819,-0.02913974491819815
2023-02-03,0.02439971285611464,-0.02362063377919088,-0.02805293198309111,-0.02747375413971409,-0.08431497620839845,-0.011866051089509333,0.009082654784473565,-0.025138730405129373,-0.0026983298989030624,-0.020613920154817,0.002685279854546696,-0.03288892754948358,-0.01345379890395526,-0.006109614413817743,0.004305949713798274,-0.0009606745041729203,0.013086346292204398,0.01713732696247172
2023-02-06,-0.017928975310200768,-0.00611588858486134,-0.0005213315577101696,-0.01794223695093322,-0.011703250716856073,-0.002519973430149536,0.025160537355481294,-0.027993914917314733,-0.012079839872374931,-0.011634651593219858,-0.012162529530290733,-0.010808466852267773,0.006157713427378697,-0.015479150391083829,-0.04222993998912883,-0.029391591058277045,-0.029132700514078902,-0.0800014806917333
2023-02-07,0.01924488906635924,0.04202213036903202,0.051401264897528165,0.04606413522814834,-0.0006850625818668465,0.029882890702957354,0.01052579127940878,0.026649179598481343,0.0040665974319704645,0.013191400312289492,-0.008923428225144692,0.022892615426231666,0.021869080811537822,0.027834216447195415,0.012547788904909263,0.022151986720186922,0.03449749159686455,0.05086534404474441
2023-02-08,-0.01765278320366437,-0.003102236169774897,0.0014430836418874993,-0.07683003565785573,-0.02017429777965285,-0.04274093342225882,0.02276304955598274,-0.014200921530646005,0.010690191702867446,-0.009633279354115953,-0.011967359156572432,-0.014225475140601906,-0.020733983972824332,-0.03264305631676501,-0.027882844305610943,-0.013965290320121615,-0.01273127876485547,-0.02802380101457813
2023-02-09,-0.006911421956699693,-0.011659625538105511,0.005944745419727004,-0.04387655543512503,-0.01809100582487666,-0.03003857406550625,0.029956849516678652,-0.017475538012382885,-0.01180379666538689,0.023757531311233038,-0.0004610206490027746,-0.006739581064840627,-0.003822303587140863,-0.012408142599222849,-0.018059425541199436,-0.04883996317743455,-0.0631716867790626,-0.11816419878912521
2023-02-10,0.0024559325486881445,-0.001972468345049938,-0.0479921302241596,-0.004630924043879769,-0.006412838631079554,-0.021189315909965978,-0.05030873801899527,-0.020790719223332976,-0.04176551555765062,-0.03817828903792664,0.005654749512547852,-0.012825649545066264,-0.010276806081003453,-0.011798195552897295,0.002524316098498236,-0.007693073387383564,-0.02041406577709526,-0.015744947334209614
2023-02-13,0.0188069566639002,0.031242931569917642,0.02459432210689272,0.00042292954081779577,0.019772567289289666,0.030318748993791944,-0.011427700782035255,0.020250292446066354,0.032271947852333005,0.02424735277086265,0.026164769590627968,0.010808943290064654,0.013265849183813128,0.014342337272206906,0.026978303226770528,0.007247546909874059,-0.0050850907604694795,0.03278622509528395
2023-02-14,-0.004224865452423954,0.0031326079816194063,0.05429604129811172,0.0007398341592699254,0.0016073541414836079,0.0002785989315536863,0.0750616556523096,0.0339227690123407,0.003876507934244877,-0.006546795540503969,-0.003690284714479408,0.007733317057291744,0.00197973270004681,0.011464554433954222,0.0031523129670307792,0.018924303145655852,0.03298192238041198,0.04977623853211033
2023-02-15,0.013903376528515476,-0.007992787774154131,-0.009011364219537188,0.02386975204105246,0.014643999584324163,-0.012926050739978434,0.02384709913101113,-0.008958658178080947,0.0040560038617505345,0.0067075980224420295,-0.008418823506694095,-0.005186534762461448,0.008932224687040025,0.005516098691096927,0.007332465226365992,0.09392266116037784,0.0750675811775845,0.09433919556994264
2023-02-16,-0.010429528823744594,-0.026622784229855645,-0.033474057685158654,-0.01475137631232426,-0.02975486385196624,-0.02664272160500669,-0.056945537220967624,-0.059873191545541715,-0.029633091587358273,-0.017475166445412027,-0.00701812181597905,-0.02867478509679766,-0.011765883315313919,-0.021868367681686984,-0.022530285970987385,-0.028154173176657027,-0.020121538929091298,-0.06690489722803217
2023-02-17,-0.007546713341418432,-0.01560184630961503,-0.027906372336857665,-0.012145377452939199,-0.009679109147911924,0.0025515871842465288,0.031033480898909005,-0.019730292144448547,-0.007841171277746861,-0.017488501162024384,-0.005016038411926216,-0.022757140637678308,-0.008242690547587084,-0.018746148586344158,-0.020922021422836057,0.03988096453648349,0.03336185492779764,0.039522923879541594
2023-02-21,-0.026679762542041963,-0.02088641093959298,-0.03427168639953826,-0.027132897319640525,-0.02695468312187954,-0.004627539312297313,-0.05251789433835985,-0.022038259323994835,-0.030060966525144894,-0.021493231520167577,-0.012373906397928569,-0.028443305934931273,-0.023589929567541357,-0.03147514112112393,-0.0561391404397924,-0.005261342635805799,-0.021682387179465912,0.07691198120080656
2023-02-22,0.0028960577519598907,-0.004590947981132465,0.004792977575821311,-0.0015252950780578756,0.012793392483054333,-0.005578738254610527,0.017682553475729224,-0.0020840958670185206,-0.0077629937065972765,0.010766043277767867,0.0013923095800212337,0.005826330956301362,-0.009234066742182856,0.002020925791744732,-0.022639952223434068,-0.01012875204423358,-0.008929048666112882,-0.0307516763848954
2023-02-23,0.0032905078891689588,0.01296168221635785,0.14021394375357166,-0.00829235407557749,0.000313172345862478,0.005376242445848112,0.006024129792842281,0.040986808048976364,-0.03353432031565573,0.004652460461082475,0.026181450924992022,-0.004875006311884311,0.0132425144957935,0.018152585845941482,0.005496607011396204,-0.00997780485063493,0.004772402538407272,-0.011601838177673574
2023-02-24,-0.018005274200944887,-0.021784399226446594,-0.015973352110448258,-0.01936421310989611,-0.024212061179431754,-0.00959065531861547,-0.025684180003413215,-0.020815092941810387,-0.020083469555676525,-0.011698660780905534,0.0009030871662538686,-0.07630678723728146,-0.010363099846737,-0.014738611565819904,-0.018352195532514437,-0.03129201289670536,-0.025862370437327087,-0.0354701492781484
2023-02-27,0.008247361003031362,0.0037719064520882473,0.009232660716032015,0.008302738075064875,0.0027807715104863906,-0.004988543717180716,0.0546017865369246,0.00870790545607747,0.018540162333019028,0.005795233238748088,-0.007895332097125562,0.005553125138347381,0.01332767829144399,-0.007399093566510251,-0.009546487434109019,0.013998722452083667,0.01613633426086758,-0.015635551606222875
2023-02-28,-0.003447666000568006,-0.002958074993655524,-0.012126969588196701,0.002113998575127063,0.005012811540044737,0.03185088345297271,-0.009247209573726933,-0.0024120200597779196,-0.0027861235388881855,0.0028810639862903997,-0.006366350464921955,0.00505710115963387,0.015099315820389148,0.0008912812305461593,0.0012047734172879743,-0.01596393470118429,-0.01739632556596371,-0.03420505499833071
2023-03-01,-0.01424591728303981,-0.01262950616890357,-0.022312182278748094,0.0033311166368883427,-0.021861457228067538,-0.008688632006948138,-0.014291975817664948,-0.0036905180551005667,-0.02685256402285774,0.022859121936068094,-0.012128550331365173,-0.0017595533345881043,-0.0012115224990670859,0.007330306624637961,0.01604494289719205,0.02156606219747892,0.035829596047825873,0.02692250353966341
2023-03-02,0.004129420085092095,0.019653315982425923,0.027139105717282952,0.01814963433002692,-0.0004339906295109941,0.006400659333201553,-0.05853928157947286,0.02746201942440507,-0.005103989077222204,0.1149684895959402,0.007296921507750742,0.031294436775257006,0.008558599506814257,0.0008084849256457805,0.03434655258422126,-0.007235050302163204,-0.009687419299942324,-0.023173510989798807
2023-03-03,0.03508963795048947,0.01664602688077088,0.02470605222022626,0.01793484598816919,0.030066258059702644,0.06142201117808588,0.036092192823141245,0.013426083650940335,0.010580990336418017,-0.0008574672572346786,0.0262161000364296,0.03160422352300407,0.05697810823081584,-0.0014542837397825137,0.007633596326827918,-0.047402129167592566,-0.04744176292568125,-0.026633102003677078
2023-03-06,0.01853976147468739,0.006189092173511268,-0.014064401634701462,0.015803437564509082,-0.012118034851298809,-0.0018894222705349017,-0.020122331071529165,-0.00441600828976052,-0.0099943060335409,-0.014107094643316165,0.005490107330250904,0.008661726528125246,0.0002526546490548842,-0.009627659400621491,-0.01553030546968337,0.0029995566692972986,-0.001127298891192563,-0.035717965556876896
2023-03-07,-0.014496653036602414,-0.010589059477920215,-0.011125347641723793,-0.0133501228651417,-0.0021333007812501803,-0.0021092012362605717,-0.0314740773002814,0.01170523540384849,-0.011409127424193533,-0.0026113647752389335,-0.015377684624871435,-0.0063973295227545135,-0.01227635807504368,-0.026305072161821208,-0.017699044511754636,-0.00936203961743065,-0.0034870363462051746,-0.018913474636344962
2023-03-08,0.008377101525327335,-0.0017705048978146065,0.03834582203598713,0.004155187049884379,0.003955051898638873,0.0024931261820244632,-0.03041929843714275,0.03970286337836759,0.01076282073161261,-0.00201857544066264,0.0014712154825013979,0.0030162661883454955,0.011373354959707038,0.01686376496307429,0.017626263778304452,-0.022578517406286358,-0.017827171045494916,-0.09007468388657658
2023-03-09,-0.014914440086148839,-0.005439442205880218,-0.030809307416289955,-0.020477495797204148,-0.017781071140368865,-0.017732537488153954,-0.04989011995084991,-0.015696426428178922,-0.04493412034275135,-0.0231209642666812,-0.018307194513322966,-0.02159958738087897,-0.01540508680998165,-0.032838218894024274,0.017706007256701017,-0.06239311158608585,-0.0622046937711358,-0.06042206827057883
2023-03-10,-0.013878869980398112,-0.014782853702202448,-0.02009715922506461,-0.01830600023843476,-0.0164769283801236,-0.011998702760449453,0.0030071956856769777,-0.016184703440536463,-0.0168581103759049,-0.030998190493202626,-0.032232076820822186,-0.02680499883294185,-0.012352946900643258,-0.017318010626962588,0.029500594351915987,-0.008632183779056501,-0.0066052302026157195,0.05404942269804902
2023-03-13,0.013266249165886146,0.02144087840928366,4.3408740954209435e-05,0.005296215323391085,0.01873687738723384,0.007743402227747165,0.005996271168666301,-0.007983501237850188,0.0025618515276673026,0.013453990282231487,0.010229464263806554,-0.015274822246453379,0.0026673043802241114,-0.0065976907330947965,-0.009918944659495166,0.19865460756129938,0.17573344910935673,0.1200456083127901
2023-03-14,0.014088842827856052,0.027055861410504756,0.04776637146671514,0.031390848718231945,0.0265065123894086,0.07252624139795416,0.050320947926932424,0.06633330899047052,0.0048720537584956425,0.04204893257628073,-0.004356423016130151,0.02793967331405356,0.025937979351526863,0.01852663030196844,0.039331974025369476,0.022669294883089997,0.013805865867504874,0.02419148429733542
2023-03-15,0.002621605193534382,0.017830440414422055,0.006857008542754173,0.022773048646729244,0.013912307472971452,0.019224805167520564,-0.015333393227232484,0.025500325154424353,0.030006111224281984,0.00010942620452358831,-0.018685122410900923,0.0008400047717764814,-0.010150752570339483,-0.00909488954027915,0.01428062921057327,-0.014956444322371198,-0.027781826468116,-0.0782229496285971
2023-03-16,0.018693802658518832,0.040536366285507164,0.054193591797743856,0.043804241922923204,0.039916882423095545,0.03630859289187094,0.020393505108375454,0.07716322642057283,0.020639284199595043,0.024000908639711493,0.022174299972127054,0.058991109551533194,0.01670822276254702,0.04346705044713972,0.062301975175317104,0.027766213062754286,0.012700856927151394,0.022785872693674047
2023-03-17,-0.005453734599244586,0.011694105317813008,0.007204037971047628,0.012958418069709543,-0.010895681300578275,-0.04547894208187342,-0.02172378153438792,0.01283641701197058,-0.02115719945664618,-0.013080583467663498,0.005187536690981487,0.013728115673271146,-0.00868827889119328,0.0018256733996369068,-0.012259697211023157,0.0946457745317153,0.06872680134113085,0.09622439469448807
2023-03-20,0.015483756977360263,-0.02576636926310505,0.006802557656953256,-0.003936186991847168,-0.012531560404374309,0.011246837169130774,0.017320796272765726,-0.010527379577363827,0.005370678904868864,0.002163804237378386,0.019938809913347066,0.013235019937741122,0.02019131992026657,0.009028286555314402,-0.02180485078428096,0.012518506448092381,-0.0318908191329933,0.025306707417248386
2023-03-21,0.011944200299765173,0.005693581303428452,0.011544456615184995,0.03655403002864155,0.029679680207260972,0.021990715142143236,0.07819919143822474,-0.009089941902801657,0.0021630119517928037,0.01851538627289795,0.007129860134870825,0.031249989487717178,-0.003692757030896665,0.016253556317725737,-0.024005513030351255,0.014714466837708162,0.04116785380048826,0.019922156070764974
2023-03-22,-0.009103433101162683,-0.005442519800511247,0.010267686231766548,-0.014773115669078019,-0.018984232685839375,-0.01162433967422849,-0.032543819591966616,0.017200057548523384,-0.03888292831621443,-0.011500865976934338,0.0036538673847752445,-0.033429559416432664,-0.009155890088283547,-0.014782018222256998,-0.011595193062673315,-0.030820008681536337,-0.03821408090164813,-0.05030363909861679
2023-03-23,0.00696946857323133,0.01972190139947827,0.027316056581659254,0.021572955984121345,0.0001013387693993284,0.022371113696974865,0.0055977366381616545,0.02766957263350789,0.09006462790411507,0.004986515506271605,-0.0013653818570480425,0.020154291330454654,0.013171278707037715,0.01787327554963203,0.031994416265800574,0.03759177902540278,0.04528246457522944,0.0342772453216631
2023-03-24,0.008305418978768797,0.010480446922325415,-0.01515225189248326,-0.0015151628975161868,-0.00587581639584811,0.00846886805101943,-0.009416281069083876,-0.023234960704204832,0.025033616894452715,0.013977734778524153,0.0026200836118519533,0.016151738360645318,-0.004786996895343676,0.004913426686138367,0.011367588908327564,-0.02967065403073854,-0.035432817130064076,-0.06922344541847991
2023-03-27,-0.01229333573582203,-0.014934071611144017,-0.009260834501149229,-0.028262603777672757,-0.0009171134251455548,-0.01538743507528495,0.007352522816861606,-0.013680412247472629,-0.0022230232349315093,0.006313876857515277,0.024201918485149854,-0.004827175164928477,-0.01466592276527956,-0.009297940625128898,-0.006130889168957543,-0.012853919870491115,-0.02088073568614124,-0.03661620214439165
2023-03-28,-0.0039801334281338585,-0.00416095471229283,-0.0045608327024686535,-0.013956499746787365,-0.008159965772002842,-0.010648950541014224,-0.01365932511618495,-0.02121936692688675,-0.0126349772568779,0.0054374064096645025,-0.0032174327706846473,0.0006699718721403514,-0.0034140302103039533,-0.018284762262339105,0.0037697627922468335,0.004725228944394866,0.033416577391890856,0.027559062279942204
2023-03-29,0.01979063883985055,0.019184148312799687,0.021734161319323597,0.0035631339630575187,0.0309543624265336,0.023270906047717865,0.024789906342217005,0.016180190554137885,0.02630433647062458,0.022568971055009213,0.008570019160017317,0.015425843223826563,0.0012806302396808356,0.030904868335301705,0.07613510143669755,0.0396180637553154,0.011403627159211949,0.03130181380159658
2023-03-30,0.00988997866553376,0.012619665190182872,0.014786666154233075,-0.0049314333411017985,0.0174563591022443,0.012125673642284562,0.007220929756684091,0.018628379474934897,0.0192753488150863,-0.0002032328896293123,-0.0012136594297093017,0.007226474859982179,0.013189508837018638,0.01846674948394078,0.01808381305265172,-0.0111074503792854,-0.00014760076254038967,-0.026545809459629033
2023-03-31,0.015644147344255233,0.014962249291166518,0.014388482170813344,0.02814941607911181,0.012647067799287592,0.01972674775454064,0.06237201971890638,0.0013282068498217114,0.020831541595170977,0.016174773418473176,0.026626741206160265,0.00908615154794612,0.01229208113635849,0.001412896429916044,0.018074026565125578,0.015871042968584437,0.016335306922469428,0.030141998820010008
2023-04-03,0.007701635901720794,-0.0037111512315343154,0.006768163167743424,0.006073459929769598,-0.008519675143944028,0.005331760616348324,-0.0611684277968263,-0.014794455117154937,0.008104630559691017,-0.016468004445060247,0.010761935096335273,-0.013727089840798956,0.0014495415259156985,-0.022260396572683083,0.006734170070558543,-0.024167847656920816,-0.006435144568154749,-0.034361292379064046
2023-04-04,-0.003249597474905719,-0.00017418163027016487,-0.01830864135275967,0.0034495869957043013,0.015037527888524194,0.0077438207842714935,-0.011244043709844886,-0.007145762525449739,-0.004393013719350747,0.003613421583156251,0.0008516556319471125,0.013339316731571182,-0.012545150072669764,-0.01956081115019581,0.006384973334646826,0.0135971982612757,0.03353483092395293,0.02355662589990759
2023-04-05,-0.011290407147123815,-0.009889451306551611,-0.020835459101885778,-0.002387162146906152,-0.027417013542964774,-0.015089616141545137,-0.036660076287606036,-0.03452597364305687,-0.012689218064602437,-0.009584196952988178,0.009468099960956877,-0.008126716688080071,-0.008512087420298076,0.0060505935289878465,-0.008157201865920172,0.000351267384649967,0.020368135912491647,0.001977935973358491
2023-04-06,0.0054958910787625825,0.025532903032221776,0.0058032673229975185,0.03780972929710691,0.009495540049077267,0.02184626416477542,-0.002479553165553039,-0.0009723027254151528,-0.008821438520251856,-0.014131458905218608,0.010854772751041075,-0.0037170382466699126,-0.01012703227706968,-0.0003249019632278749,-0.0006091757317817637,-0.004749940528704033,-0.018957173846517184,-0.016974086959274715
2023-04-10,-0.015972242889222832,-0.007578827344920214,0.020046652808541898,-0.01826229317673822,0.0010778033801970288,-0.006247159693398396,-0.0029720256079848184,0.03255112032545915,-0.001001986210295458,-0.005505076894376626,-0.018425384975171766,-0.011429337976238796,0.007628726442423961,0.010487710404524897,-0.008838789635150834,0.05736812781190359,0.020441267544992314,0.013208468945346663
2023-04-11,-0.0075911280389850955,-0.022668621583272208,-0.01486650980098303,-0.010240525946905943,-0.02202212039075757,-0.004190859046479534,0.012357047570191959,-0.015186473886224738,-0.0023009268412844675,-0.013577515694427111,0.002239726248725482,-0.013661168500830545,-0.009276488378455183,-0.005792867478024433,-0.005227593796738428,0.019629666758571807,-0.009950684094362172,0.10230985090107914
2023-04-12,-0.004353181832691622,0.00233374726303448,-0.024807517258742973,-0.006739518927677768,-0.020916697119598426,0.0007013440073628807,-0.03346003653646468,-0.018079304161561893,-0.021229370000266146,0.007570301774795007,-0.000745103967239924,-0.0032873561781672223,-0.00783500115314828,-0.02670548767372327,-0.010200841796279891,-0.003175315803583212,0.015057915008098277,0.04198642829946908
2023-04-13,0.03410354726794451,0.02239952059511352,-0.0012080529642541915,0.026662930492663328,0.04671368301429957,0.029672852491143153,0.029688716127604264,-0.002599431261825491,0.04579641757491837,0.019441118599460072,0.017571905088383355,0.02408816889258225,0.012226506033745643,0.007150490841798973,0.0034352831063140243,0.00862713483952482,0.04787492592582243,0.018636510823518915
2023-04-14,-0.002113871626884034,-0.012765688965615474,0.01114765956342234,0.013404179537975125,0.001074224694457504,0.005173638806143188,-0.00484127986031857,-0.0036920007754494,-0.021837734484769,0.0032469070349252505,0.0016746602120654153,0.0015311961682551445,-0.00752909398832502,-0.008007922779174503,-0.0074696138672117884,0.002849851088919886,0.044221068526871576,0.013932946674383606
2023-04-17,0.00012080449599238818,0.009296281651770544,0.009118795113712608,-0.026637209449080212,0.0022436418178333195,-0.011874088094600221,0.011026990735853115,-0.020490433279759857,-0.017452665782131782,0.012484085429359082,-0.0012537917255547315,-0.0038483616328939263,0.012622233526107252,-0.00649138448861486,0.00783945617349957,-0.03413581854914294,-0.01208229407459016,-0.008633557593481389
2023-04-18,0.007504929204164457,-0.001489166964713684,0.024627826796187025,-0.013871945159079191,-0.004282604839014548,-0.004432067880244195,-0.014595786064656058,-0.0010014906479857144,0.0029454067877352497,0.007205286964820923,0.00920590445032543,-0.000979110980150133,0.007906050289677058,-0.008544011305646193,-0.009645299496602977,0.032348662229154,0.013627708647316883,0.01196490375669046
2023-04-19,0.006968160086030295,0.00027748016250694896,0.009542176633728472,-0.003062224147024506,0.019550341547772243,-0.010050995565593746,-0.020183393575926023,0.0017821749196356151,-0.03170508513908443,0.0021158293790299876,-0.006841528848823608,0.006780552619160662,0.0034476865596098083,0.0015208092594254374,-0.02136360128489445,-0.0518092051895368,-0.07989115082796949,-0.08610152274368765
2023-04-20,-0.005846176048578955,-0.008112439309217123,-0.02960862664128361,0.010654818795407639,-0.004698039106680318,-0.012192679792784156,-0.09745828230593878,0.001890128578282635,0.006901447476428846,-0.007088373116901692,-0.010228475127736059,0.0003946868533952763,-0.0023327458571946735,0.0008434024190286937,-0.00930968892212436,-0.020008250880993006,0.0034570346864029045,-0.023396240548528957
2023-04-21,-0.009780918043983844,-0.0012231676303163797,0.0005533217802644597,0.0011396081003394176,0.030343912917452087,-0.0008450407286783035,0.012822849668400638,-0.018643882963005898,0.008083617320261638,0.007695759726773277,0.0033743315946335173,-0.006811119421910816,-0.00018933381741714772,-0.007417243430190901,-0.018146473870421453,-0.034308522518338824,-0.04791204292839435,-0.040723462467699534
2023-04-24,0.0018783375190589702,-0.013962856310512972,-0.0028394446586985644,0.005312628871930292,-0.007011967150520215,-0.0004696229224612214,-0.015325895028073244,-0.009725213246451037,0.0031709278153628784,-0.02065005490930416,0.003047899408399779,-0.0008738239153500693,0.0025911359637740272,-0.003481645367970354,-0.021122211401410018,0.009107691673174267,-0.003914828172167151,0.005307519242558456
2023-04-25,-0.009435610792029037,-0.02253591964499313,-0.02962049678234213,-0.020005847903487473,-0.03427172037496595,-0.024625087996126727,-0.011565701922588656,-0.043051235082843475,-0.0196644383541823,-0.021803701034433076,-0.01445947895482469,-0.020538506586140537,-0.019730736724649423,-0.028120980006138607,-0.026298034774672407,0.02841955147295372,0.013021906854120191,0.025065802021403183
2023-04-26,-6.117008911421529e-05,0.07243483244189797,0.027247421947489192,-0.0013480158483826221,0.023496184744855597,0.008913409444800013,-0.04306963495243776,0.025536984626679526,-0.004340393272745269,0.00445779299447957,-0.0037208597161599855,-0.017668223826401763,-0.009372837009905433,0.0009645052246503028,0.00588640613834035,0.004066170397882152,-0.00010148801571707722,-0.029380849108696427
2023-04-27,0.028395358326662734,0.03202753175583117,0.010016393378622368,0.037412038087401456,0.046103983455159314,0.13925492360102565,0.041886194740853755,0.01745403720488259,0.014634824270334468,0.023078460122830213,0.014192869219885607,0.023026540862000067,0.00360277188807534,-0.00210249174230015,0.027883046115862342,0.036980508331842854,0.022620260136523074,0.04966882431826414
2023-04-28,0.007541026054684652,0.007971634276607187,0.019209626233983812,-0.0023236983369950837,-0.039792412663683274,0.007377591607565792,0.025719427270091355,0.022072281007415206,0.01252112804997263,0.012401973719453618,-0.0033671255948362067,0.016531107395627798,0.013082058162919852,0.025280959657381086,0.0401875190241221,-0.00453030993708059,-0.00852560546680392,0.0459340812082385
2023-05-01,-0.0005303503812846833,-0.0055328482622640784,0.04183933861667,-0.0013042588208600492,-0.0322427121373291,0.011900811252575805,-0.015093395194377579,0.0035806163700320415,-0.01760983484984302,-0.0029239199937102223,0.001583578346140424,-0.009031686842248643,0.018276066371426314,-0.008219103244274772,-0.024468721101527202,-0.04255903956633822,-0.031998717706009594,-0.05904463627440926
2023-05-02,-0.006191283483387933,-0.0004908905012379616,-0.02421315454631201,-0.017537339222676418,0.015482549283793778,-0.016201912953447084,-0.00939259874721976,0.0024529068426200062,-0.020270258341825942,-0.019970679773422706,-0.0007379518512961036,-0.014673233526482199,-0.040144067879682166,0.002330626249407608,-0.017491728528032713,0.020966033026897257,0.02119837887694409,0.012659742136252428
2023-05-03,-0.006467425668309823,-0.0033068705633059192,-0.014462962808467927,0.0008546639149515922,0.00019303553981608879,-0.009237614898714885,0.0018713932775662467,-0.0922033208527272,0.005510979342912226,-0.006345498855283238,-0.00021083176645741997,-0.06350025343016463,0.0014043107507015762,-0.028248908488248348,0.029560015830494724,0.01135862564681589,0.018100674783592785,-0.0021098645871108213
2023-05-04,-0.009913297083484318,0.0033178422381370254,-0.008632601865775635,-0.00683044976833358,0.0033767339022539034,-0.014808245860204683,0.003673471985857102,0.0611369480011259,0.004635102048228479,-0.0011942102118375209,0.0020045793613430174,-0.02728461528670345,-0.004957594257915643,-0.05539311117625445,0.023423313253469136,-0.005467695268338013,-0.014148388236346676,-0.02194858589403459
2023-05-05,0.04692676385640304,0.017157253927358118,0.040563171077918625,0.008405685275781893,0.015961573674128537,-0.0031687904192297944,0.05496278398315546,0.03729356546330531,0.0061725128447844835,0.027082026412511118,0.021059215090445615,0.03742967521309737,0.032712684444348605,0.02064172796607422,-0.008002514892771817,0.023803407820215394,0.06250016252602353,0.05042543373930619
2023-05-08,-0.0004032102792979053,-0.006437963466980667,0.016422623550121696,0.020839156155674443,0.0016089169321718,0.0021047935025844122,0.010172855182730478,0.05788073007126315,0.026180362512055355,0.001568937801721182,-0.0018560871200329343,-0.012456935746044118,-0.0016820104528771918,-0.004320719216988289,-0.007099045752699484,-0.06230403452543565,-0.07318983972810289,-0.0950073265362329
2023-05-09,-0.009971257109525955,-0.005345735510177696,-0.01989638846992048,-0.0038971647627868977,0.007464810562779034,0.0004286596095994799,-0.015367597024416146,0.00021040238714009618,0.002807956398587441,0.016573918829364098,-0.0067157424900019524,-0.004098133093398015,-0.016771258425330005,-0.023451140881227794,-0.021774453233559088,-0.0012817829272578907,-0.0002377312267921594,0.001267443857417172
2023-05-10,0.010420798877055937,0.017296131318346175,0.010990251038504262,0.04098752262617689,0.033483395262233095,-0.001242520814187409,-0.0036062703657255835,0.020618547599525527,0.009875326912106352,0.018242322813465828,0.014354117510307463,0.0039982347631424275,0.012546335624185945,0.006523619789009727,-0.004319004908303947,-0.0013384371045779275,-0.0033547817757508813,0.013056949313028365
2023-05-11,0.0010948867608855384,-0.00704411864402521,-0.010628398919221849,0.043131851715642266,0.01805969525073503,0.011626797999420901,0.021003967520705658,0.0008245911546360674,0.027845743477017848,-0.006736749958989874,-0.0008202118415656656,-0.007092618217917845,0.0022355003484682,-0.022543743959270834,-0.037036998554584644,-0.022481076150133283,-0.02491904665707234,-0.03430562366128098
2023-05-12,-0.0054177515572398915,-0.003676311801329102,-0.008328093654195623,0.008064068012765935,-0.01711533396079612,-0.008397155780998977,-0.023826162598143963,-0.01894949914320543,-0.0141258644229042,-0.008158387553940272,0.004207555252651707,-0.01794594123253035,0.0055443335684906,-0.004228162817344949,0.0031185471416914634,-0.007251596524522896,0.006417609310578776,0.03345283985482017
2023-05-15,-0.0028971846293160963,0.0015860602934378853,0.02163013774932354,-0.00851014128446892,0.008525256609829501,0.021598661765323213,-0.009703474612936969,0.022464826177392094,-0.011768446552036016,0.0075319394686339525,-0.006029563732029897,0.030466540017281663,0.013705049092430643,0.025670826511600353,0.029360917257907015,0.014463841307533976,0.0052710437667244925,0.004561738294641238
2023-05-16,0.0,0.00736756087889745,0.008980090533143192,0.025748961262029635,0.0197842143706235,-0.00016736080015367083,0.001021930644472091,0.04188913518621096,-0.006371154170483062,0.006049259644618443,0.010178896001353133,-0.0016201233963528683,0.0025633786419976268,-0.023428831532464,-0.019463108112326766,-0.005738415341494774,0.003615599828306948,-0.015602674349864398
2023-05-17,0.003603091341672915,0.009451624656148017,0.03303326394883799,0.011128674912974867,0.018518504813616277,0.015367196230261948,0.04407876621166107,0.022368905872836686,0.018606693110662542,0.023562677794777276,0.015470656448420828,0.0333807192495883,0.02499080971388401,0.009827461226077139,-0.01197808157937097,0.013394867282656264,-0.0012399617404647012,0.018809954499052317
2023-05-18,0.013666086556335388,0.014394905804551161,0.04970517853313727,0.016468271053344585,0.022943736154795724,0.01798004366032968,0.01742780840135616,0.04028915956795931,0.09215800046836531,0.018817621755085723,0.025759243963689782,0.010655266637526584,0.031073562872026006,0.020513337236350626,0.02805686566079535,-0.02067950762275983,-0.011049755592651422,-0.03416033936183971
2023-05-19,0.0006284655620512059,-0.0005653024009187879,-0.013069085370597366,-0.0005699838241224331,-0.01608126535201726,-0.0049017454222666235,0.018373000232992265,-0.019549713743958752,-0.015971404926157007,-0.013875962075645787,0.004885640698911509,0.030019719624031493,0.006416706092439384,-0.010284235463578373,0.008423131523225269,0.0021585968530852817,0.0060280790473556944,5.7739659187650005e-05
2023-05-22,-0.005480943655220227,0.008921354728460562,-0.0028147750475016053,0.018654245435223205,-0.010666648290490466,0.01091032214521137,0.04846228354123516,0.02060102354434612,-0.006432029090930325,-0.00047546175304935545,-0.010404381675541585,0.0021548492739900116,-0.005687002248645712,-0.005479025752994082,0.01169400204779647,-0.0014448261901403026,0.0027283135874285325,-0.03969681680704418
2023-05-23,-0.015154728953192698,-0.01843187786674927,-0.015652927160778485,-0.019912040214692617,-0.00017393506729324049,-0.006362785277694183,-0.01641335799687582,0.0011111365424263386,-0.019338301690957294,-0.017216693155403973,-0.03173832870265614,-0.004381062810681957,0.011984647869940579,-0.01633726826021431,-0.025429355538304166,0.013945303754316907,0.020272418111193735,0.02564402878877492
2023-05-24,0.001632191193659649,-0.0044724868098869885,-0.004888062514227465,-0.013544410860640621,0.015305697616549097,0.010010521355254598,-0.015449266889003166,0.0013872909052354832,0.02488838482033562,0.011711250369205395,-0.0022325769175791654,-0.01258032366822559,-0.010153038827323102,-0.005214455238612192,-0.017282235066624074,-0.03272302765106416,-0.02927157413235626,-0.040887670815728416
2023-05-25,0.006692145706898245,0.03845777962245589,0.24369651650519697,0.02134012909535521,-0.01498929336188437,0.013964147014523753,0.00858396597381672,0.11157293992424155,-0.01603396120834044,0.004065886053437273,0.06072018889248332,0.0719050390714433,0.0725059969833961,0.00970685533754212,-0.05517241379310356,0.005368887301425707,0.0032519081412238915,0.0019246461064166276
2023-05-26,0.014104577152729947,0.021385658534139873,0.025434323807842496,0.009151137257078945,0.04443478791610045,0.03700195352269331,0.047162123329924865,0.055504780971078915,0.05537601331212394,0.026344538266452222,-0.0020135847192366274,0.059506241991334585,0.11516190388329073,0.06085374856894221,0.05839416058394176,0.009181223884829448,0.012589448704585227,0.005518742373590735
2023-05-30,0.010659803122421874,-0.005046830654658718,0.029913334427940752,-0.007543454053321685,0.01290486257498391,0.0018317311711404383,0.04136255924264187,-0.013855011832978992,0.037214944817376194,0.0159206454987586,0.010280499247525832,0.00438136869558825,-0.011553513377241642,0.05120060675825422,0.03413787398993384,0.03679209127125138,0.03955669142264151,0.09744055045848077
2023-05-31,-0.0002822076833683962,-0.008514024923117147,-0.056767382842314196,-0.006468814651013011,-0.00887721353399129,0.008380231174905939,0.013770078361723836,-0.056358248166238134,0.005725443335515834,0.020606084632909694,0.0075130394851503635,0.0013902281865803001,0.005750816590569974,-0.015538040976893153,0.04834953360341676,-0.01742420455507676,-0.014148207081263298,-0.020211677712655196
2023-06-01,0.01602275562774902,0.012759185246648874,0.051170742744690356,0.006917815028558261,0.01816217265513198,0.029804983744862845,0.017604137329555236,0.010659014854826898,0.019988384973742557,-0.04691568100319121,0.00047202928872480676,0.02144616020446244,-0.022290703292152658,0.021338390629179083,-0.009860134215292193,-0.014683709247646393,-0.006365126223573547,-0.015476225259174359
2023-06-02,0.004775230439781009,0.008478951500262122,-0.011139100336964303,0.0076785238269370115,0.01205508998453797,0.0,0.031081326211683136,-0.013476191461464282,-0.006598339050537527,0.0006107553119349962,-0.0009435383338544101,0.022542460731546532,0.02791295191988974,-0.0018128274559633395,0.005782222761277822,0.01601855426947596,0.024194577124557304,0.03684366280347873
2023-06-05,-0.007571005833350242,0.0016100892706503167,-0.003966826795454903,0.01074844268915065,0.00845072878678299,-0.004475065321645655,0.017011727666879528,0.0005939224033744139,0.0076659724763030734,-0.014880719927273911,0.00982149691878842,-0.005018682461927937,-0.011945438698590771,-0.024995776053957974,-0.04631110013229489,-0.05466108649857837,-0.05003428645452712,-0.05562883139158348
2023-06-06,-0.002060322290562411,-0.0067272996609657465,-0.01319817326402739,0.010316674122542002,0.01045488848114906,-0.0009949432045686102,0.017002881015874216,0.0534215469808772,-0.010531774696345697,0.014247748883240874,0.0015899666252388034,-0.0029710674123740732,-0.015330963816613918,0.032200805889862405,0.03683861479033901,0.057402171630208665,0.040106725970251,0.016110705889808452
2023-06-07,-0.007756331642867376,-0.030867940760642587,-0.030401353705711953,-0.037781813797367,-0.04249267220189956,-0.027736832936372635,0.01473051286244731,-0.05151735774723154,0.001202142169003384,-0.03345090564529729,-0.017273621318356636,-0.033657526926444414,0.003329081311101767,-0.010140830641289234,0.010335867282485367,-0.03277624957004588,-0.027646069882318547,-0.08648683270560686
2023-06-08,0.015465060896959315,0.005813610800402991,0.02761843070698089,-0.0029387663845765744,0.024911297199049942,0.0037178718611134975,0.04582087077762287,0.027327515663794877,0.02401378432328083,0.018470988203991068,0.02118750652777135,0.04950753273205688,0.014596983436155453,0.01015799974467102,0.017263422176970744,0.0061572444403654725,0.0075889075389308225,0.014768062703057305
2023-06-09,0.002159745156417925,0.004704008775812563,0.006751504703518041,0.0007369043409124476,-0.006599595129369917,0.0013983098709635655,0.0406199151040636,0.03197021907990227,0.02601555120217891,0.02758553231590266,0.022050654733621666,0.034097900513237134,0.0005222334553924846,0.023721506987390395,-0.015084841260870618,-0.0010503081775867784,-0.003291260341800495,-0.08089995058508626
2023-06-12,0.015638891586947867,0.015483735646247387,0.01836477361732225,0.01153553534429097,0.025439515368102628,0.023023150832407246,0.02221770896144193,0.034181911103505325,0.00940432522488388,-0.007524070272129868,0.05989990329385719,0.045440539389454804,0.06306083319290945,0.02543872462002872,0.055200965834792726,-0.021822764972172837,-0.053089443702788564,-0.12560585155698523
2023-06-13,-0.002611538273899039,0.007352808025689939,0.03900506866441167,0.0015367857419177344,0.0007111003199982147,0.0009961914206138012,0.035544128242966044,-0.036070930985723226,0.02773787108091974,-0.022041400085241913,0.0021471635370213793,0.009186071901710058,-0.004956827183563273,0.018748884334130578,0.025400633008981988,0.0006265231396582749,-0.0020034613456795247,-0.011746918070351553
2023-06-14,0.0034913091518051775,0.009123829946917406,0.048144787415376866,-0.0012920415762099902,-0.001894879884926537,0.007482055399164578,-0.007421371317580694,0.02248456660406961,0.011773269035117995,0.002009947798057299,0.04790878499814277,0.0011273900414028315,0.041192374941841026,-0.008277645343728213,0.04924830102670752,-0.030636253390914137,-0.050900745714856144,-0.035398464425033804
2023-06-15,0.011198445855741923,0.03189653596749942,-0.008000327492020731,0.011481991866042707,0.005458016543269828,0.0310222122935353,-0.0034659239799891273,-0.024267681794154616,0.010003218861838192,0.012034307906622521,0.03500457798977741,0.02373158073901882,-0.0031027871507431914,0.0017017515388348947,0.006745164794650815,0.017979087727655774,0.00908834473998854,0.018838174852958467
2023-06-16,-0.005859823465169112,-0.016575694885077263,0.0009141459920756212,-0.012470901250938193,-0.012744888197649185,-0.0029448827660515375,0.01813214052015355,-0.03348354881071658,-0.02989200415404225,-0.0007550507501966619,-0.008613236410529357,0.008698109596094072,-0.01734180511675909,-0.007523761626471059,0.015354538031601583,0.029365685552642073,0.030710561716126294,0.03718163925282769
2023-06-20,0.00048672359233492557,-0.012502567978164847,0.026140773953622354,-0.003480954353858534,0.002310948445805039,0.01185028597805693,0.05338912722001776,-0.00957696126201657,0.006343228090923914,0.024603293319184427,-0.027259652707360416,-0.018821453738178562,-9.213239792638106e-05,-0.023312661524574896,-0.03766848874512019,0.07596726653585728,0.04395208374117221,0.08668374297620685
2023-06-21,-0.0056753725093601215,-0.013282108946105597,-0.01741683716393172,-0.020714858872386888,-0.007552845901271921,-0.009460656539743262,-0.054618400747766804,-0.05734465380748355,-0.023579514540955082,-0.0340138833434781,0.0004916437779896032,-0.01724771460479657,-0.018264269425093183,-0.03388410981073009,-0.05999981538655241,0.06000562340273241,0.05517889834423917,0.03737938638230465
2023-06-22,0.016525272415923054,0.018437633915330265,-0.00046455559070790464,0.021567754030975994,0.04261789623803569,0.011504035508581145,0.019848894111198723,-0.012576965965863773,-0.004641267466316656,0.01765352582327373,-0.01244868208727623,0.00020938171994044907,-0.006169849840282793,0.005528551771646573,-0.005775143846193931,-0.0038303689299371557,-0.009552691795066348,-0.03560433623625636
2023-06-23,-0.0017110844434501393,-0.013806025566516111,-0.018965718877273607,-0.006577246402390213,-0.006300361919969633,0.01351446640569276,-0.030270888067223778,-0.006233015637157835,0.003645126978996105,-0.015003071157908443,-0.016089044600047564,0.01495040589888097,-0.024073442468504958,-0.025515552256562546,0.008865769796288392,0.02618280743799839,0.010635170133588723,0.030458794117397714
2023-06-26,-0.007553140383755097,-0.019162867087037738,-0.03736195696121292,-0.03269576056710444,-0.015464315871677181,-0.035534802463850435,-0.060600166336257755,-0.022725206358092165,-0.01905567305988165,-0.012994301189190649,-0.015677667676684992,-0.010748455689794989,-0.0006323606134466253,0.02821137727252232,0.01030296603647085,-0.013824121536668121,-0.017660663138386212,-0.05128460360826781
2023-06-27,0.015059091399211244,0.018167877347325945,0.030616523969047238,-8.447851180348742e-05,0.014529104045574393,0.0308110815493865,0.03800042956291749,0.026788179668795653,0.0027407416510740745,0.007040956498016282,0.009076837408085847,0.02035406779686899,0.032581632983722075,0.02709441043616989,0.02279547873132226,0.013776598074988877,0.016279430380120807,0.021488761081243313
2023-06-28,0.006327739053043624,0.0038256602783737215,-0.018125077839789894,0.015634206039278897,-0.001083754432466999,-0.0061313838842008694,0.0240996896954786,-0.0019929452116994595,0.030593674378072144,0.016042527483141056,-0.011116796189534539,-0.013980003865921686,-0.0005421847776930777,-0.018783090263595925,-0.015542412030301822,-0.01961401038928634,-0.03266765501002877,-0.038075818820097584
2023-06-29,0.001796545608160116,-0.002381797098434668,-0.007174569146625953,-0.008986491903582361,-0.008834406537251538,-0.013179267783658077,0.004917303362650394,0.009712260257854766,-0.0037223116298032988,-0.00820107910247081,0.010726946016246908,0.002777597492349848,0.017253539125811734,0.004424028269535807,-0.01966041636592042,0.011935868224670187,0.013269412357076016,0.12407790295774968
2023-06-30,0.02310263399285928,0.016385435023556827,0.036255056709951106,0.005037659577082021,0.019233769000189582,0.019358459316549226,0.016582481606492783,0.024002210082830988,0.02860541837715913,0.003944236367758425,0.011122458627058629,0.010790254334184457,0.005634189686192892,0.0083008978018273,0.016104411847150724,0.0010477918298796851,0.04371043993566137,0.05157713129113173
2023-07-03,-0.007784619926746061,-0.007487959313264292,0.0026236320456687334,0.0016709530590173216,-0.0010739443770555468,-0.0033453038525749212,0.06895373445427366,0.016767588195155003,0.0021567168644884838,0.0018461952016148864,-0.016290211800525256,-0.007730217089893965,0.01038711094237632,0.008820609998195339,0.005382851281564127,0.022285063661402704,0.011483717172104946,0.018162147409690688
2023-07-05,-0.005871437800617385,0.0004732876751019077,-0.0022629324927442296,0.01542948825298307,0.0012287180203460757,0.029194076732745433,0.009506123909958086,-0.016145767151695023,0.0101032787090658,0.010252694520941796,-0.01015794064592579,0.004225012564970321,-0.01663553196579337,-0.024648291581196302,-0.0330160827024405,-0.020614468430075417,-0.02291162719617279,-0.012872459141104464
2023-07-06,0.0025087027582613164,0.00922673370331828,-0.005057143789785501,-0.013470359439853974,-0.015493205988729275,-0.008085480945448253,-0.021028045208104085,-0.004124559928879057,-0.015833175136181432,-0.017210688060260715,-0.004398049241982616,-0.012252187951099724,-0.016081486913490206,-0.016306597899735764,-0.01661032828717457,-0.019821224171432172,-0.0324253777759973,0.03877881416961326
2023-07-07,-0.005891335578773971,-0.011867411195035316,0.009500168086258753,-0.005244999859567501,0.011062622017709689,-0.005000127675406474,-0.007630056425625198,-0.0027318045366389043,-0.0016862068057281743,-0.002617407226932822,-0.007275833213053029,0.008269401811981547,-0.0014740740969159116,0.006249054928413322,-0.00375347057686215,0.014474667943441766,0.01188230609685803,0.08896777611495899
2023-07-10,-0.010855829311031462,-0.015983643340321874,-0.007599246368231616,-0.0253600430300831,-0.02041918285409683,0.012287997237684811,-0.01756370459810941,0.0036229006692858334,0.00824012895957682,0.015363488679354997,-0.0020068009368898743,0.022832685599132763,0.03658704804050372,0.010177565051951776,0.02794358719186607,0.002379686441921658,0.005321203844224298,-0.007953994228771077
2023-07-11,-0.0028100847434525678,0.0019288606027061395,0.005334016244169959,0.005925409642579149,0.012978852839820698,0.014246917232614065,0.000667717084456676,-0.01989788783057167,-0.0033959276676559513,0.039283885180613876,0.007895994296794218,0.016903362602376237,0.004921718521792684,-0.002134487236173155,0.017104315794079117,0.006788889103658935,-0.0011806808443571848,0.03655652747576488
2023-07-12,0.008985582113906876,0.014226885335781425,0.03530255725397469,0.015280836081149385,0.01568569880112225,0.037044447015175175,0.008154422401772665,0.029284963574986778,0.008723083792922193,0.027625808395749907,0.009923335255558996,0.005190781725004312,0.008956514575649832,0.015487223021741992,0.020420644302484803,-0.007488490028050299,-0.0033126606963430616,-0.00522029584583017
2023-07-13,0.004057611340519074,0.0161920381967553,0.04726450590625486,0.04717054873772564,0.026758409161619312,0.013156989174915257,0.02172875427149612,0.01169485352135391,0.01425513878093243,0.01359537400141142,0.012325579557629807,0.019552278917776,0.0004606876462076581,0.03741152323730468,-0.00323756162570199,0.03568093437476372,0.07178928293005193,0.18419178738674535
2023-07-14,0.0007872251386682461,0.007529225517617588,-0.011048946230087342,0.00706605674923555,0.002829408900884234,-0.014485679915370975,0.012522529912772917,0.00017256964093248506,-0.01880626007447983,-0.004514431634879634,0.015495943751196561,-0.00473633635221038,-0.001999339457046556,-0.004548302800181703,-0.021257479352591035,-0.036280934592069825,-0.03347323429785676,0.027281575028435423
2023-07-17,0.017305654702423068,0.001419419070765926,0.02181687972394064,-0.006139303035305077,-0.008315972513331604,0.00566551524947001,0.03198521516746822,0.020527835115587312,0.018420020845264062,-0.0057994290821477,-0.003186072252140293,0.013926893677811636,0.024499752357508342,0.00685379357521132,0.03680227662025781,-0.006203575638802916,-0.014283636233628272,0.005126053561563149
2023-07-18,-0.0013403307272055187,0.0397997469905107,0.02223385474333983,-0.007140145931911257,-0.005465676406731013,0.004603825058020261,0.010193509901870401,-0.0032961408946444726,0.054993854357989536,-0.0016227329105620303,0.01581295681511463,0.01959766373323757,-0.007601266660167361,-0.004375960963150516,0.003782371507750293,-0.009597533349379406,-0.007348051957174251,-0.04942782237775978
2023-07-19,0.007071640225487119,-0.012267515292494813,-0.008780171592852604,-0.013978658705450009,0.019046892602732513,0.012690347561557846,-0.007090702250741598,-0.01271940978646946,0.005876144298718744,0.029609436316225812,-0.017222835241509915,-0.009507163715462341,-0.0022802956858837264,0.012697249789969556,-0.0011594993652482843,0.0019212301525000086,-0.004527462068031229,0.03240808391033423
2023-07-20,-0.010097365267987657,-0.02312136843144441,-0.03307353352475795,-0.02319093554264795,-0.03989357175040831,-0.04268844608151878,-0.09737009860008494,-0.05307910580586894,-0.08410976749907251,-0.02649670941650739,-0.02367516762005606,-0.019519279095785436,-0.014455803019826963,-0.02973790362381301,-0.03163086179185415,-0.0040752996439197275,0.0010382072011099197,-0.03781174810374244
2023-07-21,-0.0061616245526501245,-0.008937123245534528,-0.026603608304141435,0.0068791335619335925,0.00030773533446226686,-0.027304084129702866,-0.010954754468143868,0.00634917866886342,-0.022678445582832274,-0.0004381639506043644,0.01527449741876108,0.006481147566729684,0.00946727943740977,0.033134365770887575,0.01947882433714576,0.0039181140710413676,0.0005875092853386832,0.006663987752159262
2023-07-24,0.0042200574599087215,0.003897901617338384,0.00683828913408413,0.012581292227968444,-0.009230745755709147,-0.009005702850964803,0.03476659075024613,-0.003064410520436933,0.0020351298371252824,-0.010523544641300564,0.003569933849309148,0.006977692595766305,0.005396995083350564,-0.004971069708214482,-0.01146396668006866,-0.02446870124533107,-0.0222390180078349,-0.08466780008262798
2023-07-25,0.004513570921609311,0.01700942690802032,0.023917437738780523,0.005595336900261039,0.002562125956798944,0.009807577002216128,-0.014048906614122947,0.02160744396040415,-0.0015640997258729028,0.0016395599146379336,-0.0010164101643426182,0.002825261606711482,0.018190215619185546,0.007816335221603188,0.01397555660727745,0.0017299501204297574,0.00418370782813593,-0.004369654533314726
2023-07-26,0.0045449582955585655,-0.03763761408985655,-0.004969493633519617,0.057769361318145585,-0.007589335934878205,0.013923503387652136,-0.0035057022016762307,-0.025752244797428103,-0.011760630380277193,-0.0019909031706538682,-0.02077157041898625,-0.020539152759948665,-0.02712428086326535,-0.008395406364402613,0.007624639791245835,0.004365152978824893,0.007761018047494739,0.08152006350803931
2023-07-27,-0.006580974530422501,-0.020872226311193898,0.00985653841630496,0.0010054834477142283,0.0007803832093540297,0.044009490308674515,-0.032683938680391544,0.009174331636187416,-0.022476092144071647,-0.0019061569932460332,0.007792288307413964,-0.0011272317629071882,0.0004923400704395231,0.014755698220532132,0.005529751258051441,-0.004915119656712763,-0.006304340937255626,-0.003086811867884953
2023-07-28,0.013508016928701405,0.023131172131186428,0.018518635845567344,0.024575077844312787,0.030877245332297854,0.04417590537788474,0.04196157931177735,0.01674167989106512,0.030520069976892383,0.00199875364518709,-0.0035223095106158286,0.028990068026112148,0.007005986229065897,0.02884383684982983,0.06599130659517605,0.0037163327075591113,0.007733834924120275,-0.0100592122016393
2023-07-31,0.003166087742154877,-0.00724054207775382,-0.000449428674744623,0.0010562502338251623,0.011118568090654923,-0.021138001745336976,0.00371562162326855,0.012747897070443548,0.030978445947598354,-0.0026152534301334684,0.010690545268164042,0.03271122951328587,-0.0012669068793501603,0.020775442943094413,-0.02878089111672333,-0.003040145211782974,-0.009912025789967527,-0.04531358897187354
2023-08-01,-0.004276104298318484,0.0012504669102380017,-0.00475064244954837,-0.008815855889650281,-0.014886223394710907,0.012900107573424302,-0.023781870118334214,0.02797200092273,-0.0007973175370318275,-0.0032887996499797456,0.005800613501275365,0.005364616817953527,0.023757963372871505,-0.0006809641679540457,0.0008385583629981763,0.015245275282999904,0.008420470716144157,0.011710985941268737
2023-08-02,-0.015489851573467828,-0.026283214959838874,-0.04812177689292785,-0.024097200982295508,-0.026425663778747666,-0.026029473063540087,-0.02665954157355055,-0.07015306213473704,-0.02033647122670057,-0.016810063656393148,-0.01865831039050747,-0.034237823035609405,-0.03010878994655075,-0.021274965606255414,-0.03938531003762302,-0.01764989082843693,-0.017471166978973995,-0.03554481238582141
2023-08-03,-0.007321737747321033,-0.0025649462569263815,0.005556840560709375,0.0005451629105399647,0.005459768439170398,-0.003563263538092998,0.020502958173047592,0.034750828575979664,0.0030253025302529046,-0.0224036829363069,-0.01002510134559853,-0.012332600750307732,-0.008203402756828515,-0.08176682871959617,0.013957477768374638,0.0009166006009861949,-0.0021495672689105794,-0.022020145984054107
2023-08-04,-0.048019961346843276,0.00342888252175344,0.003706752654136558,-0.002646919661035474,0.08269337801006271,-0.0078547978938448,-0.021055092394165698,0.02359697863843735,0.0013921432810966028,-0.004499900665877354,-0.0009602248072771991,0.005956917403036721,-0.003762787177333915,0.02358888504852752,0.011368593640535218,-0.0035843942133476636,-0.00404524899760117,0.0069610152977690465
2023-08-07,-0.01725359747063193,0.007108280899461139,0.016495077913763145,0.02669593716962093,0.01898684357254843,0.018762259050354668,-0.00949343597382446,0.008547728081316652,0.02122336351828924,0.006850253628153169,0.014505409140772363,0.005409154948993411,0.017478597768367132,-0.017777770290531403,0.0025611994779810576,0.0036625848493896385,-0.0004235062604925899,0.012070788133740296
2023-08-08,0.005311579961254198,-0.012298858137898327,-0.016579656957217193,-0.0009885580929834825,-0.016031491771390738,-0.012383023779637403,-0.006959634206558429,-0.030648011955178633,-0.005581231994193692,-0.02073495479493248,-0.007493534880060548,-0.0172352051411806,-0.015495154258568178,-0.01407737406943499,-0.005960975241354749,0.020044635853149417,0.015801585470487378,0.04954785049152233
2023-08-09,-0.008954347161393428,-0.011715834216467824,-0.04724176113668155,-0.013241920701577814,-0.01493494570121734,-0.023765496580404832,-0.03007606967809695,-0.02437518373579961,-0.021446552638294314,-0.027034638730317195,-0.018484903377128048,-0.013100166363601229,-0.03672034287309822,-0.009264192021839701,-0.021130840410412022,-0.006853508270246889,-0.000813535740253668,0.006887697646522195
2023-08-10,-0.0012347818439095715,0.002172137027141474,-0.0039008583830689725,0.00023142810266607583,0.005150463718840648,0.0017366827905072046,0.013006292021680244,-0.0021725161683491256,0.002518109361653309,0.011609911564105735,-0.0009724655832017426,0.003990010658402321,-0.009204005146381533,-0.00823527577389227,0.011668873496332166,-0.004461964714047806,-0.0019113379853046286,0.009620174489915811
2023-08-11,0.0003376180075003177,-0.005945383074649757,-0.036165885521982744,-0.001002464709144446,-0.0010825194798443905,-0.013410160139935234,-0.01096438608281991,-0.02413139418581045,-0.01934975373653658,0.002160583754112766,0.0006194695589047949,-0.014307048132732203,-0.015589053283586285,-0.008649747748739167,0.006055288054517272,-0.001083159880198692,-0.0019608383726751333,-0.0012266427201786945
2023-08-14,0.009393312096093398,0.009438876815681452,0.07093371500918355,0.01366182492076562,0.015605834874352187,0.015084106618635795,-0.011910156448968756,0.04099659453956073,0.01451405175742404,0.016099664790250268,0.02220062442685955,0.027141287170133088,0.02933367279612842,-0.0051479076012629355,0.022642470055303843,0.000364943863222722,-0.0015909045699794566,0.02277852525728541
2023-08-15,-0.01120030816574591,-0.006727472226032094,0.004273911274231601,-0.011802527787695527,-0.020630355012962953,-0.01384758579399381,-0.028361644764614335,-0.005626048079355517,-0.009537634934059236,-0.01546729631578303,0.014882779917055222,-0.006797487396780766,-0.013557959637292893,-0.02052268921562128,-0.02550449831924484,-0.008096168172366025,-0.009355376145865901,-0.04956630516580085
2023-08-16,-0.004959136495652161,-0.002428728780834777,-0.010332340853866695,-0.008321809224375087,-0.018885675014943426,-0.025368269480365746,-0.03159340830287449,-0.03735964157809746,-0.019471342547488613,-0.008573326340090448,-0.016625560868241185,-0.0081164871285484,-0.011311287106475776,-0.013699878422055667,-0.03566289030809222,-0.016063173634291772,-0.011644479943617059,-0.045387655360379586
2023-08-17,-0.014555314565921296,-0.010986204443435899,-0.003265195217018735,0.009479497195624242,-0.008069975106044458,-0.03126181712956666,-0.02828016272253575,-0.02565537771587645,-0.029967480725884288,-0.015218403529182134,-0.00398816317063122,-0.005481111120074433,-0.007071015514339973,-0.0006353615573702065,-0.028332819361909123,-0.07097917151940503,-0.06685956876976196,-0.04830801221901759
2023-08-18,0.002816260218675648,-0.0012619888447442662,-0.0010381719768957076,-0.01893479864076897,-0.005672447612115605,-0.006453979999362369,-0.017014851321818014,0.009670571459461597,0.00379652309742462,0.004856883768997289,0.013753476552217814,-0.006918538221942994,-0.0015233939312185862,0.00018147728309747535,0.005217997090054771,-0.02306411031148714,-0.014237003254733094,-0.01724926967613427
2023-08-21,0.0077366591575815935,0.017062324350153757,0.08471326440283766,0.007139481445391116,0.01095925117625085,0.023477386431804748,0.073274828918382,0.026268414913473315,0.009294723726534615,0.020504729705826286,0.0011163786387160535,0.024285056386619708,0.0475879960203327,0.00526805837957256,0.011908351383646876,0.002863157534845895,0.003807455604550203,-0.005963466826176433
2023-08-22,0.007904965915771056,0.0018019635202086715,-0.02765778819327469,0.005531252204941328,-0.0031926989840012077,-0.007934044996218859,0.008258403978685713,-0.023655493713892195,0.011952357252031254,-0.010859690536759392,-0.00042890280196172803,-0.001902108267721192,-0.01080753526902245,-0.010932506377190565,-0.00754376125864642,-0.0035401882238949023,-0.020018643652328416,-0.03120097459933413
2023-08-23,0.021948877953023915,0.014079353184462962,0.031707267413777274,0.025487815662012636,0.009459994580714559,0.02308790776749503,0.01573823118710882,0.035680451565405,0.034804068025457324,0.011462583233105672,0.011155037070539331,0.021617852325652498,0.024293371205141634,0.015529327893877731,0.0331409374857754,0.015365306423789304,0.027775287399602888,0.05631524543725819
2023-08-24,-0.026170473230499147,-0.021498457389430348,0.0009973698542382614,-0.019566449402611097,-0.027154721211281152,-0.025455415118529556,-0.02879341090367593,-0.0697249130232992,-0.048228282613608675,-0.017309942007478263,-0.041836513567530376,-0.0344444772852186,-0.02523460518052789,-0.023927300680885777,-0.04090650925611827,-0.01018731988472621,-0.011510825045927042,-0.03089775418645846
2023-08-25,0.01264332985590677,0.009406991450416902,-0.024277306858931036,0.0007704367822258806,0.010770617478674804,-0.004359152662638532,0.037167463490241914,0.004420402109550192,0.02236256431495276,0.019269287504052768,0.027898263045185834,0.024647278776290582,-0.0030894480243075506,0.01668056745392854,0.020251496625444787,-0.004384352975912553,-0.004222744282248891,-0.030443172014060327
2023-08-28,0.008845907108753881,0.002229431787413416,0.017753809462872416,0.008700146662868224,-0.0009004586682715976,0.016672614607026404,0.0009640428763089126,0.0035207883652963456,0.004879434460571375,0.010741338142993273,0.006720676782843604,0.00925605716329625,0.010870857450742122,0.012327785158374294,0.011127966541096601,0.002245207591910381,-0.00028897755560874927,0.008060770368824022
2023-08-29,0.021810269817753136,0.014550394601445138,0.041614065680671164,0.027173978223004047,0.013294308852149106,0.0266312210686539,0.07687791972402569,0.032258040531186305,0.02853659284370602,0.001133646034064073,0.03260872138639859,0.0200974199077677,0.03350427756277852,0.01880382082003207,0.02052339188842467,0.062101924766441385,0.046759638502996026,0.05952509412599438
2023-08-30,0.019172371679728517,0.0011570072978193124,0.009839283750592731,0.009734604342396702,0.0011860029483812262,-0.009698298256299753,-0.0010887269121663268,0.006325511523108451,0.010883939130211129,0.014530919544243792,0.003895636406395342,0.00886097630731264,0.002640777584252074,0.002566717382181505,0.006412126688873476,-0.015512708305083889,-0.014229727451396501,-0.043426388775655744
2023-08-31,0.001172435067527955,-0.0031326394182702444,0.0018472597439980198,0.0021342026435953176,0.021766395374215985,0.002676939543972079,0.004593198535678855,-0.008162070992381087,-0.0022775674785970867,0.029855019183065323,-0.00602698131578383,0.02563452009573841,0.03430522836538996,0.011123824518233683,0.01766586955081073,-0.0500340578984273,-0.03487924317662894,-0.05278697559113432
2023-09-01,0.008463240743477263,0.0027458854360871143,-0.017141256960386597,-0.0037453963096267806,0.0007970481467276525,0.0016560211634173427,-0.050643183297632066,0.035281835834945374,0.014296230664279541,0.00031611339216275347,0.004485310283854904,0.006918859604852612,-0.054578481364688236,0.007508987928832589,0.041832593688798214,-0.005042060225742162,-0.01042023648557433,-0.02063570516770674
2023-09-05,0.0012668603852921123,0.014878747756237987,0.0008040271878404504,0.0008109633340562805,-0.006154002858205887,0.01272001069478046,0.04685521401135628,0.012151684496470194,0.02000548078732578,-0.012820096155985672,0.025221308314194335,0.0029651157561207953,-0.0004011416872036211,0.010052862673229246,0.0027314756939662566,-0.000803938176699992,0.0031551804266674033,0.048869392443195325
2023-09-06,-0.035793416715323434,-0.0020086832571868385,-0.030549610348666545,-0.00964867972959238,-0.013914209970579572,-0.003264830002192576,-0.017817428513501543,-0.013540350392929668,-0.006507974875098577,0.013398002458689495,0.002822852116552532,-0.005204649511388104,0.00011465790469489257,-0.016044636482819397,0.0073549897448526025,-0.0010374752516241204,-0.0008429544668591138,-0.03217949962779554
2023-09-07,-0.029249462215400146,-0.008921972708100911,-0.017424195060448233,0.005949426211225184,0.018395430569861038,-0.0016711289837224585,-0.0017068620153484204,-0.02461568879442444,-0.0058776255460799565,0.0041062269589566824,0.006112937735658797,-0.002633698370502313,-0.017471607026106728,-0.07220076795828212,0.032449857980676455,0.018908652030005024,0.009401700388986578,0.013785385298427766
2023-09-08,0.003491682029347576,0.013215357742417888,-0.014467670690290757,0.008280641911179165,0.0027565441218631026,-0.0026118284810926484,-0.011889162304087542,-0.004690871725100743,-0.0007672608512143686,0.01002114875509541,0.009832969610275244,-0.0001784901994287269,0.0006067167295804587,-0.0024437348073628185,-0.0044525531503152305,-0.012749181613965876,-0.006955851709160243,-0.01465294126108152
2023-09-11,0.0066226470364865175,0.010979395448842633,-0.008645560481688408,0.003959427809313132,0.035231212663680456,0.03246159548959038,0.10092549928477124,-0.007257957108547819,0.005781403022949272,0.0024470831246530267,0.0030874032632934867,0.007388133979338463,0.0018541597037113888,0.03900489676174623,0.015259203296591028,-0.028680997263583086,-0.05164609067314385,-0.09489638699420688
2023-09-12,-0.01706065792313405,-0.01825780741618932,-0.0068176523180247806,-0.011539378442538828,-0.013067856717097759,-0.0191832399767754,-0.022296863386701782,-9.496901119865342e-05,-0.023958091092429967,-0.016199939914335326,-0.13495394719771014,-0.03948623211221214,-0.01701699624403452,0.008614737475313383,0.006996674381116286,0.026654161568650414,0.02628947992827646,0.010747995361935825
2023-09-13,-0.011854668142363356,0.012930495620674387,0.013706477365992065,0.010122765232747577,0.025632022130484877,0.01127114552632369,0.014281354305895722,0.022789873530701943,-0.051646061679990196,-0.01290265372121957,0.020344745186302804,0.02093280302094791,0.00995823026638809,0.012676411387947173,-0.003860033922387318,0.01528956036711282,0.009770657090104162,0.026390279640436276
2023-09-14,0.008782412839006826,0.00785595087581803,0.002110426917099506,0.010167575645548155,-0.0008975138235036706,0.021831715292067955,0.017471511114000693,-0.010026941233261866,-0.028502796062859215,-9.153796213634546e-05,0.01627337816725194,-0.0025291285863088264,0.02193611225872827,0.012428812470832273,-0.001033397868098418,0.011870739692642074,0.011807198586281986,0.023654108132355134
2023-09-15,-0.004153964196038862,-0.02503687113664521,-0.03687941238314962,-0.005069148377272459,-0.029919857618376344,-0.03660336767666528,-0.005977372284481253,-0.04820406566674351,-0.008864130043943708,-0.019060047932470514,0.0021995881474239365,-0.04214350845384929,-0.022899434416433606,-0.007891991672649423,-0.020429166349476335,0.0026006171627044328,0.009014288078772026,0.017546046259589776
2023-09-18,0.01691341918926681,-0.003512905923789167,0.0015035925595352495,0.005895332703720557,-0.0029204620264398073,0.007458960278143412,-0.033200974462619715,0.00867085329919659,-0.0063989926908197825,0.001817158983260514,-0.014924122147806806,0.006674295532059116,-0.0019723535558420213,-0.0034469115973881914,0.002903856556182305,0.005471440805405292,-0.002615271292662813,0.02547891814871539
2023-09-19,0.0061809392205181,-0.0012460289234748068,-0.010144194139728113,-0.0012303350079961861,-0.016788047695762587,0.008329101283749418,0.004598918977371191,-0.00742407068320472,0.004563902419963295,0.003255753367876757,0.004990557433988574,0.01741110369408183,-0.0009412807496387288,-0.01800453909758537,-0.043432443480508676,0.017075246134672373,0.0037851668963293505,0.019277496788781878
2023-09-20,-0.019992439713973464,-0.023976923127363325,-0.0294348684258533,-0.031150230870160334,-0.01700219075536713,-0.017700802428028184,-0.014671683535119606,-0.012498811778685837,-0.024987326866705573,-0.012378212638635255,0.0008870034303400942,-0.010910249622283819,-0.01661143084343364,-0.01354763085523647,-0.04540468403900866,-0.00290724465500225,-0.012566772911124402,0.01341319193929058
2023-09-21,-0.008889320900333786,-0.0038655598007485414,-0.02893078263062432,-0.024674485068071128,-0.04405345369833069,-0.013147783924831402,-0.026238620989897266,-0.04215662628982697,-0.005565626369224974,-0.02074811494578732,-0.030477516120983927,-0.04087502933396525,-0.026740727273693365,-0.011536308376853377,-0.001152928238714268,-0.02080107760178318,-0.02377462631781635,-0.040673196103379494
2023-09-22,0.004944531952645104,-0.00788652706319648,0.014457655777927236,-0.0014569070466851075,-0.0016238050792075631,0.011327857991869417,-0.042315182614647506,0.000936388901457752,-0.011297719960016939,-0.010450330646986083,-0.0036555822417891903,-0.001907021988476587,0.025632298593479375,-0.0025935942093616715,-0.013564334381404697,0.0004492514240630463,0.005656292418244391,-0.0021010232121106975
2023-09-25,0.007380350010537828,0.0016718137657198984,0.014708056728750973,0.006603078054052247,0.01665124873434287,0.00585107259706108,0.00861646752809131,0.012266115827536117,0.013138162832668554,-0.0004360019495037726,-0.0066952952723654535,-0.002534642715277702,0.005801508025161217,0.02553868764070666,0.0032184277941078587,-0.010575336921370915,-0.0031039558984355953,-0.0017493547855961245
2023-09-26,-0.023398440203527437,-0.017005862974835417,-0.007365825646401425,-0.019373231423373438,-0.040298626825268746,-0.006215947885709006,-0.011619945391094122,-0.014582031310290011,-0.014423085025419558,-0.01865836705884283,-0.03157903647880156,-0.010359691648389902,-0.021225924266048857,-0.006429508702640252,-0.013414920918338624,-0.0030887894396227633,0.0032073833529786544,-0.019627442580905985
2023-09-27,-0.008897326359319724,0.002082523690920768,0.013289936108288547,0.015322515039463802,0.0,-0.004080740896089341,-0.014828753029631048,0.021988335040459495,-0.004377069731058003,0.0011850898919711916,-0.0024788281519640964,-0.0073078842161974356,0.0007598278650478019,-0.004830422115852495,0.023056368687280226,0.005167086436411061,0.0025567531946391053,0.005610766977608428
2023-09-28,0.0015253734669589125,0.0027176406601459036,0.0146228042301777,0.013558904426739682,0.0,0.02089066937312789,0.02444908475181906,0.04782300862649835,-0.0032574296886483944,0.0023183607498189485,0.014624291177076199,0.004118597889138043,0.01859658311014445,0.017492375997296472,0.016469217375985723,0.02537992888096885,0.03467404334555346,0.04326156838514983
2023-09-29,0.003046553512157546,0.006727142403910591,0.00951510084277185,-0.010959288466452888,0.009049050319664964,-0.012337224705749827,0.015585665483353939,0.0005838610095998398,0.0032946309222776637,-0.0020668907654084467,-0.0021667572925816447,0.010363168663871658,-0.0017065615853139038,-0.0003600208285220452,0.010517146699732027,-0.004064392478456136,0.009112054541902781,0.01718835281256159
2023-10-02,0.014835574341502067,0.019160887815860894,0.029494998964732844,0.02529427787591154,0.01840783446134764,0.02201805919484867,0.005515166158101215,0.0043765507642268275,0.007229942707810855,0.0045863465548914295,0.007458455607582737,0.022023948069722854,0.005261373025834626,0.00036015049019999523,-0.0025314433896793664,0.023003525488175747,-0.002587787464039981,0.15127811721641327
2023-10-03,-0.0077699659285725975,-0.02613413798525155,-0.028247810904229453,-0.012968649434069612,-0.03661366636292884,-0.01916423348538776,-0.020151062008054055,-0.030889851028439108,-0.00941292299001728,-0.019046807721957548,-0.020522943967136165,-0.027056600025719746,-0.024097222543410735,-0.008190693373772762,0.006486148423761273,-0.003661597010505724,-0.00417274556135816,0.0077441534673108325
2023-10-04,0.0073087270910987545,0.01777310661820941,0.012041056281070883,0.021218840160965424,0.018280939360016735,0.015417932579907534,0.05934371052307452,0.0398680834409364,0.00039812581160392213,0.010208676779966064,0.024492923401171485,0.022464122750688098,0.01102056003464158,-0.0030857441262663876,0.0067245054479916355,0.013467601347721292,-0.005340502634588518,-0.01731893092179171
2023-10-05,0.007198079063633456,0.0012542488426179332,0.014690846477257269,-0.0012570127495217243,-0.008188983586829512,-0.002584932078232738,-0.00425032873937603,-0.011146305718424343,-0.01143538794278276,0.0006935027504400004,0.011860348616955507,-0.0038192595463534262,6.084388749960645e-05,-0.0004549989531619225,-0.0011132467621067788,-0.01379463216164356,-0.022066302247040315,-0.019470710618141762
2023-10-06,0.014750305815196985,0.024736985609022932,0.024033445073193604,0.018582976877824953,0.015878056641289273,0.03490908517478353,0.001845841218459432,0.04207554219779319,0.02394058167812907,0.026483945295050493,0.014859116530898664,0.019828034594467248,0.025975315529543463,0.009836019935182794,0.008358818061894091,0.01935684447622399,0.021319022529365572,0.03218065556779437
2023-10-09,0.00845125279259995,0.007822497654424554,-0.010685829278392789,0.006105276923555891,0.0023444468936362206,0.00928896626112663,-0.003300907210654902,-0.0025176860168291126,0.011637971030259209,-0.0006752167120184227,0.0032739802521848382,0.004955543001173401,0.01256392333051104,0.008297347804970823,-0.0035920320911205783,-0.012986193394237233,-0.040116440000083076,-0.05575613378540778
2023-10-10,-0.0033521537914279476,-0.004335616590776414,0.011596503081924059,-0.0026004945702656768,0.009511938819224852,0.010931038483979583,0.015211543440507347,0.019070775846009136,-0.03272445778816935,-0.001640780628867966,-0.0055294065980482365,0.006480365807349564,0.0029561958334249905,0.004561451578398046,0.010260596146476564,-0.006984500217130485,-0.007655131722261288,-0.0006004444478937554
2023-10-11,0.007903974666223279,0.01227190848377746,0.02200949830671428,0.01803580762980439,0.01814956889912689,0.018580789362133032,-0.002389822071472425,-0.006421471093651765,-0.019795409120449414,-0.00014484246934520772,0.0030189974885270754,0.03226836496990626,0.01881370439809671,-0.010595516619927747,0.012352639944808619,-0.018900326735168282,-0.000930177871406368,-0.00441962416325814
2023-10-12,0.005061358347336231,-0.00379059350293498,0.0029699081406397987,-0.0112416750810449,0.0037927633547389927,-0.011164839725645415,-0.015665976919941982,0.004431754849536507,-0.012925958300300189,-0.005656440424586129,-0.004834085745139105,0.017675678225473,0.03549217143558492,0.0030596992157858605,-0.0010847805136191546,-0.0043359541366684295,-0.01701021740023334,-0.032132409262914385
2023-10-13,-0.0102929643305949,-0.010357341484906302,-0.03161159431109484,-0.01158541120506118,-0.019194502454286222,-0.029213964352707622,-0.02993780718577166,-0.03401052069582822,-0.015282340939951178,-0.005299487659238489,-0.007881954718996664,-0.01942353880661507,-0.02475706609995143,-0.025121008816966106,-0.023615466028869103,0.003945769916393171,0.008104020573232784,0.02510057107806385
2023-10-16,-0.0007267806970159274,0.014981768820389707,0.013945985816004036,0.012667470434289063,0.021265196921155027,0.020528327231375654,0.01115006015531006,0.013036471541754802,0.014451190044378448,0.019258115339675363,0.00424944840464736,0.0036080990478799535,0.021954878603128947,0.017025463227077653,0.01640236919396587,0.06168820876318648,0.031212649090026856,0.09837641080785486
2023-10-17,-0.008784736698460582,-0.0017435809321538764,-0.04679467503174506,0.00445730066536143,-0.008147882355257097,0.008874276762081523,0.0036626021631880334,-0.012399020347321654,-0.014134530399590783,0.006281851176330289,0.003035732589250051,0.016977224800971413,-0.020131353125803608,0.01529260401243171,-0.01367605710304165,-0.0036367703063566736,-0.02192688186935865,-0.0009856865492913203
2023-10-18,-0.007394907363959535,-0.005872407865932128,-0.03964677151305074,-0.01259660704365273,-0.025405007278304192,-0.021697562749426802,-0.04775363208267336,-0.028248061993003226,-0.02679071046326509,-0.023875130979676085,-0.007245205087986761,-0.003963705175657695,0.0029735913647954693,-0.01087334561247666,-0.01164721842516836,-0.0030759792019486865,-0.0010793755903444335,-0.02200311855599746
2023-10-19,-0.0021610248944861077,0.003665550561096076,-0.002251169471070069,-0.0015223104908228535,0.002107149015711185,-0.013124204286612096,-0.09300310180733773,0.0022511829407421136,0.16054763975038222,0.017038586643859377,0.0008313394910266503,-0.0038181026071586466,-0.02164528549722955,0.0027032224107701452,0.0008416471472145748,0.013818840741083749,0.0023706817647977108,0.0642613638259859
2023-10-20,-0.014704071580116773,-0.014034571073240909,-0.016959352535605432,-0.01560773516187719,-0.025155731161039308,-0.013298838156561299,-0.036890623300491754,-0.005761757407162116,-0.0020160158994939614,-0.022033461188059933,-0.059903904064553926,-0.026595113760817357,-0.016362664159719098,-0.023813675859695516,-0.021026093911638122,0.033535830870205396,0.023738984945261166,0.0840388715508451
2023-10-23,0.0006940001459923018,0.008111784373619368,0.03836952558590845,0.006637004529294055,0.011104892625885654,0.017365923679575346,0.0004245310418349302,-0.017679947603646107,0.01466474029024667,-0.008491674146067885,0.017771236758979292,-0.0010168012529265802,0.010063007819705705,0.00027615512733647485,-0.030641471679185517,0.1146545490196853,0.10015525546480752,0.1781966554181551
2023-10-24,0.0025434387914642365,0.0036743440347983825,0.016009126705058385,0.016923170327925563,0.015802781594350446,-0.004649590629389189,0.020935507370200668,0.016598300142556255,0.016935478880299337,0.010990136090162528,-0.004437535163215767,-0.0015728347517194319,0.02190871407221895,0.006718144031627071,0.02186121185150003,0.02464145540134477,0.010793585817743923,-0.05335620404202879
2023-10-25,-0.013491715739853527,0.030678059344201092,-0.04314860905392781,-0.09509406185830593,-0.055771610960691276,-0.04165724856983777,-0.018935922882932776,-0.05517852573410509,-0.005994273851238852,-0.035060248761711876,-0.01715128346000061,-0.034138896496225035,-0.035727782344945336,-0.042142945157599754,-0.050881660387513405,0.017736456610143003,0.0016588325496480483,0.07666372576723224
2023-10-26,-0.02460552078379008,-0.03751429507603965,-0.034778237576973514,-0.026510713717439516,-0.01499299533713827,-0.03732495937516633,-0.031352997455599274,-0.024880277434846,-0.018747718138535374,-0.004110284533515807,-0.010154630719209856,-0.01316342088256317,-0.026929296427907867,0.00801692549983768,-0.00944265995732585,-0.010033147199696724,0.009310588640725426,0.009624091568529058
2023-10-27,0.007969161223494892,0.00585555280699146,0.004314812319848649,-0.0008995737574898355,0.0683281608245998,0.02906181279508302,0.007484489628865498,0.029465166971098355,-0.014050684975146388,0.0016305199613901866,0.005876404442386907,-0.011977976644571453,0.014042799782312931,0.007952934649280596,0.09286600211802742,-0.007226928505637331,-0.013300163952285393,-0.03160273415690762
2023-10-30,0.012305482209954421,0.0227403991615438,0.016321063611638653,0.018744460862308188,0.03890722509168998,0.019984306936958962,-0.04794984223383947,-0.0025925541761776527,0.030688433653824676,0.013735522215960527,0.0065353534684049475,0.03703850961401023,0.0034474881552228887,0.012868752515724946,0.004220513020305683,0.01747466768745065,0.016877848649144545,0.10153338706090231
2023-10-31,0.0028187668589738646,0.002371569462688905,-0.009256385423321412,-0.0030531974071151824,0.002863308000901066,-0.004592468083598922,0.017632730628176496,0.024121435719099082,0.0039260461464143415,0.00782849478459302,0.01721596409398951,0.009716466947784719,0.00014249213974570907,0.010757673095842968,0.022695463982616904,0.004794395311462418,0.0035193643267046326,0.10174315427094771
2023-11-01,0.018738686621079248,0.02354273200073087,0.037886084016933275,0.01910054645792414,0.02937864429857373,0.03511815169043642,0.023999240251476373,0.09685280117286643,0.020646659265028955,0.015336378257789773,0.022727296959361487,0.023380826407713995,0.013751389358018784,0.01743295240645537,0.02164382656248498,0.022195613001625203,0.01686288408831138,0.07637759639361996
2023-11-02,0.020693202412661593,0.006501692748674959,0.027903300282656085,0.00822465725823518,0.007810272439553012,-0.003142931664058435,0.062481720392452145,-0.001943716056026945,0.010757030235689857,0.0205973958588328,0.010591017766671262,0.026097377360250196,0.021525417041615036,0.05834598663772961,0.010995006940525354,-0.014081557224217889,-0.02515781959835861,-0.030244288862851243
2023-11-03,-0.0051811828913143065,0.012861553254993607,0.03445512905074333,0.012628453648306559,0.0038386235328597973,0.01199887254126586,0.006635907937775576,0.040990430250297694,0.018012276083803958,-0.0030752711793360366,0.01104143111967315,0.008859606910930351,0.013060846657998892,0.018404824254328878,0.011670986510851966,-0.005893770145759425,0.01786838809609348,-0.01710645546330214
2023-11-06,0.014605193074266776,0.010572610787200398,0.016575926144603015,0.008907644392236014,0.008225103459209127,0.003814213982232584,-0.0031369449915678027,-0.0044543429844098315,0.005504648026328995,-0.00024104236431976567,0.009810150706641707,0.003175742731054365,-0.0020957223317911167,0.0034305158649965417,-0.001709935718009592,0.008782794755650691,0.03657923022236598,0.06601329283346091
2023-11-07,0.014450693231696787,0.011219134699346656,0.00445899098132907,0.00552793284262898,0.02125376487729147,0.009563156471881884,0.013271256198382986,0.015212500655411132,-0.00029904054315865736,0.021309354031389782,-0.0010997639960449446,0.03492793275025852,0.019288533022681076,0.006587236602896063,0.02160745849397472,0.011593090279608864,-0.006165335386688842,0.02288125318222778
2023-11-08,0.00588487764979817,0.007405999525792906,0.01346953452584998,0.006642638782905053,-0.004414580990635519,0.0030111176233826864,-0.0003150241594066516,0.0012340184523080833,0.004693918392281615,-0.0017466682825519886,0.03064514753915004,0.0001879448893853386,0.014824882903123004,-0.005467302319830503,-0.021924206646201982,0.005973294692089626,0.0006345557534326307,0.002258939355471945
2023-11-09,-0.0026245713762409473,-0.006910930202760901,0.008073285724765844,-0.012135782237321924,-0.010416636461610618,0.0024077130060051743,-0.05461260118625755,-0.0008803457817152527,-0.0034352804931595537,-0.006903966414702367,-0.001335473362213624,-0.012933329954715078,0.00027437193953550043,0.00033315269505296286,-0.003164603418367107,0.029107827327892632,0.12239237144858772,0.052209906933157635
2023-11-10,0.023220303906105855,0.02489669096772995,0.029499439043866982,0.018043504435387714,0.021052569890351647,0.025643460570577092,0.022240205086035747,0.044937867390243635,0.027783514897087747,0.017237259628467116,0.007933632631371701,0.03371755599062376,0.05062650243801503,0.03422139274671632,0.028042400117977984,0.01691989303173269,-0.019933988946118864,0.24643121527926115
2023-11-13,-0.008583721925690346,-0.008088373517515235,0.005896302865803671,-0.003771008831705225,-0.006756765374750118,0.0012776765890738506,0.04220830689495392,-0.015178307428517557,-0.005858090256264714,0.007723578744828874,0.0095517145365549,-0.011519949407512775,-0.011059731157608055,-0.0028982608405957455,-0.016212032147510103,-0.021750923539860634,-0.011078538767191226,-0.08362427625688895
2023-11-14,0.014285787116097515,0.009790560620217992,0.021307986180432614,0.011583136755322299,0.02251214528584833,0.021628768075371507,0.06123998273248876,0.026457713106154968,0.009063916639147296,0.02740615469226726,0.01708276296394451,0.023698190192006363,0.02748867871623628,0.02834072197593418,0.03086582604929644,-0.026428838121854925,-0.03708171667973137,0.09500296976833167
2023-11-15,0.0030408423258487804,0.00040606191221082,-0.015466325994393681,0.007483879535800764,-0.017832688951265996,-0.01070462070090128,0.02287179390936478,-0.015682326463886787,0.029622166855098886,-0.007957342798837974,-0.01757110833019615,-0.014925652004985634,0.0025078808176237644,0.012248866011232096,0.030449177752725154,0.06592844558740318,0.04110847506282078,0.15299568002043507
2023-11-16,0.009042049155447485,0.017583337275105304,0.012109378851975716,0.01715939132854638,-0.0025837648398919777,0.004448452292715066,-0.038090924639652135,0.015508490093683713,0.010845552410177595,0.009251739923397562,0.005348138152134974,0.011338630339960964,-0.016249740232331722,-0.0017066647832648663,0.06747097114063161,-0.04555929205565723,-0.04830442993030459,-0.11693092619379541
2023-11-17,-0.00010542954847492236,-0.016800912112250987,-0.0036783201577573754,-0.011830910052437416,0.016453061783939793,0.0025435034134333456,0.0030395424675639937,0.0065926804928300164,-0.0022272211635596673,-0.0010386149029967262,0.006017268383204044,0.0009965378672731617,0.018946591180690753,0.005983159627272583,0.01061134010560938,0.012222842746045792,0.0002035665608492998,0.009409358510296117
2023-11-20,0.009278452837774509,0.020521788229741933,0.022536509018880047,0.006947106296395722,0.0065436854591447435,0.014714782068298016,0.005548455120893081,0.00754432110755876,0.018372625618871874,0.0176748106727187,0.013522825779850534,0.016659541880827966,0.018389311439430456,0.0003087504279304376,0.021228031922699175,0.024053366345204497,0.031080901425870833,-0.03221899897129221
2023-11-21,-0.004230967965216936,-0.011577996826441561,-0.00922461962058796,0.005284273926178251,-0.015260459261028925,-0.008794907296727161,0.02376906069461704,-0.019501317707502852,0.0010116622149669574,-0.003597937744142188,-0.007184316799888069,-0.0027909612185195165,-0.014572489211580608,-0.01922632079380804,-0.02458654268959748,-0.04437779006078835,-0.04211784935612517,-0.08018843448433388
2023-11-22,0.0035144575206353945,0.012812601510272303,-0.02458767104754922,0.011097349450108984,0.019527539517508297,0.013383245224393603,-0.028980059381488954,0.02811344722362019,0.006421735172858822,-0.002139938531704244,0.0013781466976274803,0.014288254485807839,-0.009376276602529043,0.0037790293186470425,0.0006874085097807736,0.045192824521265385,0.06574813130783852,0.10746219889474573
2023-11-24,-0.00700429873091879,-0.001111643725610123,-0.019295306889146935,-0.012997344205218586,0.0002044767086364363,-0.009546197440675752,0.00529435207219775,-0.0016325571312481024,0.003263641154135799,0.002412472078416217,8.617228794061127e-05,-0.00046791783555844013,0.007067936302221467,0.001960701547303101,0.006640797377248875,0.007692316522341924,0.008102403461919927,-0.012539268220868593
2023-11-27,-0.0009474859143381309,0.0031264882902652946,0.00975390287052047,-0.0020484182654403327,0.006746559883569869,-0.010436713430899025,0.0026757481035388775,0.0027798542561678907,-0.0008132759988602745,0.001827366912447781,0.0018925109592629052,-0.00025825863523365467,-0.029247998103775874,0.003522547408945753,0.002729794250618145,-0.012357099836046381,-0.025819708814662556,-0.03168510026969529
2023-11-28,0.0032139606364283146,0.010802609901463534,-0.00872699355484452,0.005791203861013283,-0.00473835354015173,0.012817346461325263,0.04506946504203557,-0.005218095244078569,-0.0003547444765027441,0.000578242490093972,-0.0019749382299359963,0.00653993841980971,-0.00409373652257583,-0.012558543470479022,0.0034028219015056482,0.01548599794884531,0.010812167645888104,0.05683775249638723
2023-11-29,-0.005409580119144164,-0.01006003245917908,0.006670795642956584,-0.01610749919471488,-0.0048288883967405605,-0.020030005517765126,-0.010457205813430348,0.015080700808743241,-0.003778700419489245,0.02414189706027936,-0.00025797489974677124,-0.009513560620711403,-0.0058327721028281765,0.016853522002699295,0.016052499188036196,0.0007244373065387055,-0.009470831200383945,0.018141951275310486
2023-11-30,0.003062783014632142,0.00015821076866573414,-0.028458671431131566,-0.018223693151805387,-0.001571972217158657,-0.01520172950754295,-0.016629792613843564,-0.021719780744073214,-0.006747886563942651,0.09355324014849775,0.0,-0.01033383231253826,-0.016049688208935153,0.008912534161408914,-0.005340532035149059,-0.0038497596002547985,0.011146671092621574,-0.00014357394566821835
2023-12-01,0.006791247541188428,-0.011612133167223204,-0.00010700290666698642,-0.005055548149109801,0.006434406632690459,-0.007122009811127872,-0.005206597761023168,0.0018982809556564728,-0.01736392721064639,0.032155831713404304,0.008174927178502323,0.0023894222912321794,0.004612553979140843,0.004804262019606709,-0.021476393402217187,0.025879947957747618,0.016849107974407973,0.009492888398821453
2023-12-04,-0.009464432945271883,-0.014338728257022204,-0.026836386419681668,-0.019642012069689185,-0.014894936132684111,-0.014777580791004108,-0.01360800559009756,-0.02323090624436308,-0.025421949784156794,-0.035923257004967235,-0.011778901378804774,-0.01291487505167066,-0.006483856796524634,0.002159421527716976,-0.03177881690312134,0.08507247342573754,0.07477981149676705,0.02880439750341557
2023-12-05,0.02106301717975856,0.00915635162788253,0.023293839657452686,0.013305675190238064,0.014084566393959497,-0.005405639067016077,0.013328802806870987,-0.001602449539472861,0.002753910590016506,0.0014362083058512276,-0.010796307511158565,-0.003870628002048626,-0.011743134008969092,0.006156152767875289,-0.010153464904585796,0.05003682455553493,0.02256848231190145,-0.008643154777534079
2023-12-06,-0.005687002157738874,-0.009986039508567246,-0.022827917732901937,-0.007405295894324815,-0.016067541747663228,-0.0026391997586244775,0.002722829646282676,-0.013177881354856091,-0.01849937526631218,-0.0075292335305681135,-0.02182827984395186,-0.010826539824777548,-0.01038183624877087,-0.006041873285317356,-0.015505660998874404,-0.007581629055975703,-0.027107545082919904,0.014888586703127427
2023-12-07,0.010139355098596203,0.005829751874455447,0.024020452899074618,0.053145650014595924,0.016329923474831087,0.02879181654266061,0.01366087788429815,0.09887001757007385,0.0117968442523666,-0.001124015105794407,0.0074980457254896216,0.021957389326522136,0.020605514904136202,0.022930086440817732,0.021322994593799827,-0.010372985662227885,0.05642353010676748,0.09587379785005545
2023-12-08,0.007412351242176207,0.008842206446988854,0.019529523234008472,-0.014167663281644316,0.0036764247561378305,0.01886166973658443,0.0049455858525417895,0.004284514081781543,0.0038937762118016472,0.00787633468429827,0.006556117561646202,0.0020204021314078613,0.02389770035853167,0.00022556698467446346,0.013048658562791138,0.02018673414826888,0.0004887825441670657,0.1056137000598314
2023-12-11,-0.012927369271277911,-0.007829376348442052,-0.018502795387222548,-0.012593747321932969,-0.010378502226973785,-0.022449304229437583,-0.01681426716823431,0.04258459177116647,0.013509321443565536,0.005143288481896935,0.013379012955297975,0.0249012347309554,0.08995055595444645,0.023539277380022705,0.04309130037733522,-0.06617601146228103,-0.05687508370969485,-0.06180148166171773
2023-12-12,0.007920126353609946,0.008295022558341358,0.022090205309237332,-0.005776871112454729,0.010898597193382598,0.027483938908036132,-0.011387381846063915,0.02380772904587225,0.006762504831723248,0.01725528758339734,-0.12438098355771399,0.013531607121431977,0.04181705732312335,0.004261171909528461,-0.011225797279489247,0.005004157345118276,-0.010132601687358522,-0.025956596682744304
2023-12-13,0.01669144426452429,-2.6475159681460525e-05,0.009043748633286608,0.000377427926900209,0.009221593773735215,0.0015559804027036606,0.009619842336358042,0.004214823257627787,0.03667390690177608,0.003392276088403978,0.021624787586771665,-0.014834396643769399,0.016236561803119054,0.015511072937670844,0.01203441146997486,0.03475299863154757,0.02661652224701272,0.03249317324008061
2023-12-14,0.0007577291966980315,-0.022544694874448323,0.005448246392929512,-0.004752263887465524,-0.00954043404920335,-0.004690234485952627,0.04914543063053567,-0.0013749362330810477,-0.02114670124621809,-0.0004275487130571687,-0.026022033665552224,-0.06346713628518763,0.015417141264356227,0.01945231974663275,0.013686377901541036,0.0031062756659134827,0.02474087211166509,0.06856999625364191
2023-12-15,-0.002725822089044372,0.01311728513364141,0.01116859105662904,0.005002384617495137,0.01729753821347546,0.005252667346295592,0.009758999874367902,0.00833328910495923,0.004746388366907217,0.017067850684131747,0.03000698214708808,6.838058692881788e-05,0.021012422550479748,0.011519458175438979,0.021691017359077414,-0.025432678020983368,-0.041976420815141524,-0.04299561690074005
2023-12-18,-0.008503210446035303,0.005179013527398357,0.02427910084997631,0.024132677800440927,0.027338841569267247,0.028962025363033828,-0.005601570686174839,-0.0017966224287869759,0.029784311142752484,0.007607176386795755,0.016260281574462798,0.024714394862223488,0.01527778552892256,-0.01034005425760065,-0.010182026972070712,0.016546273725272398,-0.0009299914657276975,0.027334530382430167
2023-12-19,0.005360232288033506,0.0016368683304619491,-0.009445624402619868,0.00625903197631561,-0.0018174467759756174,0.016656030757297602,0.0203903496997484,0.008999280453039882,0.018308224277709284,0.0028450175145615653,0.01190472708449719,0.009196684727386994,-0.0019005340459442577,0.011153782542986601,0.02123010037678097,-0.008282083715112631,-0.017769968394459656,-0.01825747414193224
2023-12-20,-0.010714047081357925,-0.0070727922502659135,-0.030098391855070572,0.01236749216188926,-0.01085895208954335,-0.0030823936160015997,-0.03918825045959673,-0.03339274262999914,-0.011615707965352051,-0.015472434571284999,-0.01976466357566886,-0.01419028989477733,-0.02562338635772865,-0.019478878714338288,-0.019288585871005015,0.032687613405284255,0.011037752537226941,0.12606508994801358
2023-12-21,-0.0007699816093859058,0.007878726001688152,0.01827036078475719,0.015035422265653242,0.011306871390431628,0.013770935454363364,0.029780693649462897,0.03277480181145598,0.004782659238687037,0.026897313399589562,0.016418618130766838,0.0068449771945024995,0.01522883918853668,0.014241016562021036,0.028846325242298132,0.0049688697318006625,0.017090198956007274,0.14190786216872997
2023-12-22,-0.005547377942849763,0.00278397314622425,-0.003265908486934088,0.007620047868420521,-0.0027300973670256745,-0.0019766381333059524,-0.007701401626197146,-0.002215692591520546,-0.009865556381608132,-0.0034051334997129423,0.00321171132402176,-0.0023161505890451073,-0.004710329522641721,0.007371589283071023,0.019541107812255598,0.002934864092908329,0.03883937127050796,0.044205298470833876
2023-12-26,-0.002841096294759815,0.00021376847019083378,0.00919512816940915,0.00021196947073498507,-6.514474615582078e-05,0.004074706349914026,0.01611622781987765,0.02729224492847493,0.009101010875994131,-0.00045025999128200933,-9.42447385334777e-05,-0.0008183552974947439,0.008832595733767157,0.013728990014113096,0.052083345078345555,-0.0335811464023098,-0.04085903839530647,0.14971927999912804
2023-12-27,0.0005179474719336774,-0.0015749264324418366,0.0028004341325036375,-0.00812627786040454,-0.0004563413242133496,0.008454630405792862,0.018822405072142834,0.018548243457106706,0.0012215512108300075,0.0018780187346270072,-0.0023541899813368516,-0.0036438883431892943,-0.005053672966401801,0.0017875027643370345,0.005148462676056953,0.021694364920222586,0.06599907965814755,-0.05016953008596192
2023-12-28,0.002226325026021936,0.0032348127242411984,0.002124653129706111,-0.00099730328664549,0.0002609139551152939,0.001369624051242413,-0.03159428430420175,0.018415739356036687,-0.0026027809537402247,-0.004274173490912747,0.002926229825631177,-0.0009394670892135526,-0.0033385799784817483,0.0009608437862700381,-0.007289095456839645,-0.01876027694786908,-0.013105185204343561,-0.045963867664996605
2023-12-29,-0.005424196760513422,0.002025143405784302,0.0,-0.0038506128311726062,-0.009388462612883952,-0.012168054752678015,-0.018563856087400077,-0.009074958957897339,-0.007400439789476576,-0.009187417771873152,-0.007717612892601089,0.0018134672542788888,-0.005488255313955803,-0.0084329309993042,-0.0027783951392506,-0.012396896798793966,-0.019967696347748753,0.04120234176813198
2024-01-02,-0.03578652985142872,-0.013748414980192303,-0.02734129478315539,-0.010881153434243118,-0.013228970207501023,-0.021669094595931027,-0.00024145830499577858,-0.05990096744922868,-0.037750601002079054,-0.026639840993711306,-0.01299432403492462,-0.027706954304656528,-0.027655050964746963,-0.030422296748178645,-0.048756228244370314,0.06790040350001258,0.02396921610559999,0.002819125502001585
2024-01-03,-0.007487542186426888,-0.0007281498321239921,-0.012435685431668064,0.005428017726678558,-0.00973782115920796,-0.005255800438130009,-0.04013364984377277,-0.02352427813365343,0.0037567237603781667,-0.016749380255202784,-0.015375789356029568,-0.014274189653537883,-0.024691838100621033,-0.01875518471408033,-0.01569040448586556,-0.04692812036242189,-0.06158087263741796,-0.07519644338747833
2024-01-04,-0.012700208423305881,-0.007177552606033366,0.009018578177752756,-0.01821200883300833,-0.026267891590348702,0.0076929413499868815,-0.0021807686270334248,0.005098929539399277,0.009377749930562285,-0.0023823413692717343,0.0012687502464217015,-0.008289739968384557,-0.009040405844471078,-0.010392320764551322,-0.003825691371990736,0.03108057856532498,0.02636019798833411,0.06575524047490644
2024-01-05,-0.0040128849742656625,-0.0005163221765669412,0.02289665451806444,-0.004839058882896374,0.00463442024626004,0.013914678179242523,-0.0018492295892124089,0.018895724049820428,-0.0012851207194554126,-0.0004777546386114384,0.001364626872648822,-0.004320628268712268,0.00025748497530653225,0.004112566696764519,0.00042666345548747486,-0.0003900067727314882,-0.00017226204489362296,-0.04852366521856277
2024-01-08,0.02417474483402504,0.01887138673820088,0.06428095935203482,0.02291327497303186,0.026576703830634596,0.01906508545261487,0.012463646412957274,0.05484190174850667,0.02314053417351203,0.03882616441401421,0.0187869930776976,0.02825011140051581,0.024369019529353775,0.016821520145210878,0.033269431186803367,0.06357883567763345,0.028380568635868242,-0.021888111034292224
2024-01-09,-0.002263370118404051,0.002935645802563114,0.016975121873467947,0.015197289502168587,0.015224607114340927,-0.003429493974612008,-0.02283214932024613,0.021069927386615506,-0.00606145451313711,0.0018016086915937368,-0.009841240437509224,0.009732192804863704,0.007108003154506104,0.006185643445557165,-0.008255948444685024,-0.017687130611972357,0.005055408575588727,0.016553191087652852
2024-01-10,0.005671386593290473,0.018574303725916952,0.02277007471451009,0.009435938707107683,0.015590940651907248,0.03648275305049431,-0.004341182513256769,-0.004823805756405508,-0.007799362225721418,0.010675731816001344,0.006684065607355016,0.00823953768212804,-0.0017736810774447997,-0.004146072301596804,-0.012070668355544711,0.010577584004972662,0.10119141078079541,0.026394267707596564
2024-01-11,-0.0032224332519075194,0.00485943658677912,0.008684355328120619,-0.001405608358947097,0.009432101662268044,-0.0021593602006587664,-0.028725319101363445,-0.0035006667374100076,0.02905942308296594,0.02744851835319473,0.008179416816390228,0.010930004597541565,0.017962751129886545,-0.0020098772768702977,0.0035810848942861018,-0.005558733892443213,0.014529094117638142,-0.020812683307920077
2024-01-12,0.0017780804769906844,0.009983620894202572,-0.0020430260903838704,0.004011562963519566,-0.0036086969005325598,0.013038705897355118,-0.036660513098772496,-0.009863577028276227,-0.00014220932375474948,0.002026816875273285,0.01746674278654914,-0.001590005226127067,0.007000102557767951,0.008415254837051522,-0.01091516828873107,-0.07581464687080208,-0.036325484903951155,-0.08195952297498421
2024-01-16,-0.01231705903829583,0.0046335199370375335,0.030561280317931372,-0.0011214190718774608,-0.009442449238027617,-0.018772304838372,0.004659894354722027,0.08310595071960769,-0.02218788732846333,-0.010075958829253162,-0.0002813955245896116,0.0019110448426395976,0.00657232113534767,0.006562373199380689,-0.0012731992340622167,0.007042124492874446,0.02504731780047731,0.06439105233611286
2024-01-17,-0.005173672808090002,-0.0020498264523930443,-0.005835187109227813,-0.007158437495912273,-0.009467203666572499,0.002476544431950556,-0.019826295019532925,0.009008395025177363,-0.0018909401178779373,0.008358420224264584,-0.001313671420502982,-0.002643583705671859,-0.010125936555726467,-0.012755359641584585,-0.021249585471214805,-0.009553782672285682,-0.022924597112815248,0.04544529196465663
2024-01-18,0.032570747470771266,0.011297282822774646,0.01880354574128007,0.014207774271432827,0.011798781932089941,0.021065743432966633,-0.017026203279914,0.01560841623637299,0.010367815337936959,0.01112554752386874,0.021328530569051152,-0.0040261088361012165,0.03646021772764252,0.042850921978166534,0.014763344350462226,-0.034639725632667706,-0.024264882460276693,-0.0765468302426131
2024-01-19,0.01553308325332381,0.012186862909979057,0.041746321027036126,0.02021199273818053,0.011986946826648914,0.019461418371060857,0.0014630807600990448,0.07106410333015312,-0.004862872589531109,0.023391527261144462,0.008923642297441026,0.030065648002232104,0.05882450164556219,0.04590849748791781,0.03016686734462115,0.00863620644230223,0.009112105809166549,-0.00917533676859017
2024-01-22,0.012163237109874547,-0.0054179027998622065,0.0027397825832939926,-0.0026641806452754047,-0.003604979862209201,-0.004355242658301894,-0.015976244642273096,-0.03472423348513887,0.005714897753945403,-0.002064781523792858,0.00392095489964861,-0.013016042999570376,0.00767843729538531,0.005988172293839744,0.0014539052075321912,-0.050723688211871454,-0.07177032507448766,-0.10454823373783295
2024-01-23,0.006653164698127378,0.00602731175999871,0.0036712591235550374,0.007192360534521214,0.008011406531487353,0.008958005520887546,0.0016283349277841364,0.0014270751790717018,0.013341348457140967,-0.012594066049944841,0.015712834709691093,-0.010619847735195309,0.004760108980630617,0.004121354577588887,0.013894544198358005,0.008560013431039293,-0.030352942295125973,0.007793271341035801
2024-01-24,-0.003483907531442454,0.00917538649789984,0.024869348142631198,0.011289411164243202,0.005447960655367012,0.014278276909501786,-0.006263735117226887,0.05860346291707419,0.10703178756681098,0.00039767136950419335,0.022176627816725913,0.015573173761730175,0.02247416353056808,0.005667798865135021,0.004090823298747326,0.005810521700930993,-0.0031795028247356694,0.052892677802373944
2024-01-25,-0.0016966272327491039,0.005738205846510969,0.00415550832264433,0.021317893298344437,0.005609771850602074,0.00634752629583013,-0.12125293136804816,0.011442081001416193,0.031438715043434984,0.007764931824617349,0.0060361831992341575,0.026546690970161935,-0.019037048882962537,0.0006475457002734775,0.009370497281624868,-0.0035747525934159974,-0.007096988643921831,-0.02076811207157314
2024-01-26,-0.009012831361229656,-0.00232172639503736,-0.009510212566320675,0.002107081402171751,0.008684596622424712,0.002441719998971914,0.0033948152034783963,-0.01707980812832377,0.01498218936876472,0.003261488521426159,-0.0031304379618654066,-0.01389383561408819,-0.020422900513007436,-0.02427640163272138,-0.11907162441308106,0.04715459322091098,0.022315585616102362,0.06391074063221902
2024-01-29,-0.003585811699053809,0.01433424639606673,0.0234961862819989,0.008673460453937354,0.01344896590822775,0.01745571834339943,0.04190991910385411,0.0032722247168106566,0.009414094009730922,0.02829154964111047,-0.007763393747901026,0.026550238606076526,0.010698232733132418,-0.00716557906443871,0.004352796411983162,0.03518615720198914,0.021993872793155678,0.09870255746534973
2024-01-30,-0.019245808237752127,-0.0027579909009273207,0.0049467459839689365,-0.013354235900651101,-0.014014601164705653,-0.0023938301597553613,0.0034567835721344142,-0.03244674246780166,-0.022473449530140743,-0.0004513878610157285,0.003604535139511089,-0.003601793894992711,-0.007891410501450369,-0.024458905307619072,-0.02098538593190391,-0.007753530092744043,0.011838016077853064,-0.000922438127161973
2024-01-31,-0.019357604302010945,-0.026946280909146636,-0.019864801095106355,-0.07500326213455577,-0.023899390262627773,-0.02479637157375436,-0.02244377647032414,-0.02539808891778772,0.002238597335438852,-0.023077222397565045,-0.021548847646093328,-0.01621121141406756,-0.023308201837233478,0.01733123621302224,0.003727890391790112,-0.00861423582021903,-0.02642328277923489,-0.04379754510172973
2024-02-01,0.01334083909086936,0.015594341868050199,0.02437943973513268,0.007566095308128018,0.026288672108771616,0.011893157823288592,0.008382761388752824,0.016637803360445957,0.006027196057832862,0.009640951267374076,0.03428805825796344,0.016397331359489842,0.01695762408971091,-0.04982822262226305,0.006499600903273395,0.011581441842771323,0.009323048929214206,0.008430345406305051
2024-02-02,-0.005405271817908064,0.01842594810468623,0.04970888165881604,0.008642753459185748,0.07866649218561839,0.20317630847888646,-0.0050301649114268265,0.042116424885682235,-0.005057157610566909,0.006553828657368088,0.0022506399627209017,0.010909265522236034,0.020274845614424608,0.004110455143026659,-0.017527811642044755,0.0025556346111748063,0.0018288626271742991,0.026509084393388394
2024-02-05,0.009846455167273893,-0.01354523337094371,0.04794462880589068,0.009130198506707154,-0.008730574595861018,-0.032800553525556775,-0.03645365318513305,-0.019306584846715547,-0.004569272757134146,0.00857666154717629,0.005181845243377836,-0.00671121321457846,0.01532245223567652,0.016514655075882567,0.003990744615938624,-0.012207500646732261,-0.003964046337718297,-0.04870405789923826
2024-02-06,0.008631834022170048,-0.00039432949271878126,-0.01599574362092182,0.0029235201803192723,-0.00681113075414308,-0.010208748054222339,0.0223130928940527,-0.036446025371295265,-0.010995267701393474,-0.007913590085942945,-0.0093650208152386,-0.03704993711588023,-0.016450892121815164,0.00048605903491538704,0.0022276403290935054,0.009986338686479135,0.03189061801573012,0.013735578006402793
2024-02-07,0.0005810776256722772,0.021110330903929553,0.027497896544770528,0.009992920153808926,0.008158468416245013,0.032701468651917365,0.013398139631352501,0.018227290145302,0.006152389836962646,0.010530729898050373,0.017085695990351146,0.014345885178632889,0.028143866261405748,0.012422064275277256,0.0009358453103707198,0.028630850081180936,0.021728004179265792,0.04251658524194046
2024-02-08,-0.005754725750713896,0.00014468536841727442,-0.006533455744667793,0.0025422821099121418,-0.004046223223746481,0.0008730084944790217,0.010555473441792307,-0.009301487745301928,-0.0013767148915877492,0.010767264501082563,-0.005030961305525383,1.6253578017044745e-05,0.014080372309610123,0.01569679276528002,-0.00654506256020948,0.022188248784866804,-0.0015837568973957605,0.017888406048072403
2024-02-09,0.004094123505731018,0.01555157757622938,0.035783249218132474,0.021177391919785737,0.02714319777292107,-0.0040212121349184615,0.02115430374167171,0.018482370895872346,0.004995243324655396,-0.0022264927173736293,-0.0003429378106046821,0.01842957310274773,0.006809289671561691,0.01903086720741931,0.019058768344871746,0.040741037427910465,0.02793873689875137,0.040352889506253486
2024-02-12,-0.009002119250778762,-0.012578732419168626,0.001594413665008787,-0.009865787860645847,-0.012095159915523457,0.0016874968325291118,-0.028103539988478476,-0.0033046850623192903,-0.006181859229298259,-0.013662721084237495,-0.006858688052631345,-0.024505340442180557,-0.014367675926004075,0.013907191516844275,0.01662431861163638,0.059622278397866824,0.06858262118328406,0.04731375632617851
2024-02-13,-0.011274403181526282,-0.021528705228030853,-0.0016609263760467563,-0.016200132165430037,-0.021469171561243172,-0.018724502927200515,-0.021846598116614824,-0.002152349299601064,-0.005969349897218201,-0.021474504025908003,-0.01864629304738341,-0.016262440785655974,-0.010553329318002347,-0.019987057737434144,-0.01975926734071365,-0.004319233922406296,-0.005993216346274366,0.00523744144231042
2024-02-14,-0.0048096019982656335,0.009665315893824244,0.024567613607311634,0.0055117490158387294,0.013875689909627953,0.028601172424756127,0.025486372853585237,0.041739558950351086,0.04474138007536799,0.028454635235898973,0.005102064756386637,0.004602100763727801,0.00844485067810452,0.02599300751108924,0.023864698507698456,0.041900916949929146,0.05136545149773286,0.03905707476859388
2024-02-15,-0.0015747626526944059,-0.007155300440488066,-0.016806499080369575,-0.02172127180758543,-0.006901349311422389,0.02271374849272334,0.06221180550417671,-0.010856197395281098,0.02439027923481918,0.009648956942484244,-0.012953116917131524,-0.023517301185282835,0.0022578179907950524,0.013251894091061311,-0.0031681124997874344,0.0021583350882306007,0.016730812227639058,-0.02801350167401262
2024-02-16,-0.0084303822297348,-0.006148924843047521,-0.0006195300775375667,-0.015759499666500476,-0.0017079419299743659,-0.022126543564682133,-0.0024943876658132247,-0.01634984996300548,-0.016024672309242316,-0.007604381678322447,-0.013034141946984268,-0.07414814225975419,-0.015485352468768032,-0.02109209851397076,-0.012258761939946239,0.004267512618200353,-0.007324619212465078,-0.028614873880488
2024-02-20,-0.004113961723225645,-0.00314318581154438,-0.04353202900224484,0.00426986006728769,-0.01433539469369316,-0.0033171440301204003,-0.03095775211743823,-0.047046603240932794,-0.015104032238519527,-0.011493708742387199,-0.025694077300063567,-0.008689130782114418,-0.015198750419027851,-0.004780988041233947,0.02321304009571845,0.0023901723446364542,0.0748342900333685,-0.01798413925261777
2024-02-21,0.0041860946418292855,-0.0015145244657337464,-0.02850894974762319,0.010133317847842882,0.00903755380828164,-0.006832769786514925,0.005212684735028228,-0.008449569283871083,-0.0030949768278020207,-0.00991656416321507,-0.0026738755050450536,-0.006255566018854464,0.0007337503276358959,0.0003289608685417278,-0.023584847668908893,-0.008524364120598982,-0.014318281375232278,-0.03074341049837981
2024-02-22,0.011244053344975136,0.02354678530180543,0.1640091307330318,0.010803105824036097,0.035530017339574504,0.03867276665163866,0.013554445406056326,0.10694508516789747,0.026371344933135754,0.035619806927807085,0.026349834395636096,-0.0017641167878181818,0.06309825160303895,0.01802514500766761,-0.01127218425714116,-0.010305082651198116,0.0002194536901753974,-0.032869648557987685
2024-02-23,-0.010034242841979513,-0.003182500442129421,0.003552185542533781,-0.0009020671320540963,0.0023485144793740087,-0.004319939120475902,-0.027556873210526023,-0.029363226217798077,-0.00834369004591351,-0.002894703620137662,0.008467521311896542,0.0295217272187136,-0.006537061696157531,0.0010339257742983943,0.00023263247047067281,-0.011168964874795462,-0.01661023205546175,-0.016869273393049222
2024-02-26,-0.007451256000776008,-0.006823480013474437,0.0034892279721490116,-0.04438736252536346,-0.0014858549486425066,-0.004731130669395789,0.03870392576202164,-0.00288924627963294,0.0070087121082125226,0.025922330303332908,-0.008753711610719916,0.012720399675282046,0.009843063727565271,0.013685184335353817,0.0,0.07471530629852263,0.0880785606418657,0.09968352667094216
2024-02-27,0.008114458654065793,-0.0001471832799794237,-0.004943702047483178,0.009522433867943603,-0.006810521779339163,0.011022527406182592,0.001654974128163511,0.011306207347712816,0.02385774596796919,-0.0029628963953257648,0.0036946230672965097,-0.01425562109763967,-0.009853909422727458,0.008087622269919548,-0.006047934096221508,0.04700762695380023,0.0206120684504405,-0.01392348375907071
2024-02-28,-0.006625467661190654,0.0005889724865708601,-0.01318930015946429,-0.018001190792036437,-0.0021896371944472026,-0.006221161173887824,0.01156560160219966,-0.008202284909366253,-0.008626007756071363,0.0009015413428667962,0.0026935431731058834,-0.001212660721458536,-0.005253722534188987,-0.010476048753094824,-0.017318047920145574,0.09493531994124749,0.04351478842287437,0.08916216167323965
2024-02-29,-0.003693206649183378,0.014519843419737333,0.01865749099140146,0.015251505836301638,0.02078996747858297,0.012623477338033595,-0.0007918650199801869,0.09057440863979038,0.010796690918893237,0.030189889754551835,0.0,0.015331125838802029,0.008585103659349835,0.012447891396263122,0.025244102329106344,-0.020900898468654838,-0.012932076026531347,0.06488076457710679
2024-03-01,-0.006030353424640422,0.004496673431921838,0.04003201733485673,-0.009533316823499005,0.00825982552183624,0.024830183105983394,0.003764585340074067,0.05251130044383867,0.02723409898497886,0.02609938194446393,0.01880359049983449,0.01900828661030718,0.07587929240374613,0.03358904299386101,0.017886260972086898,0.020298739001094468,0.02786849665007196,0.03403733387711316
2024-03-04,-0.025381326915323354,-0.001395938905752514,0.03595080433868425,-0.027636191434894597,-0.003591063770984282,-0.008182277558976825,-0.07155546804023882,0.013422824856374804,-0.005667289946196252,-0.007068985569262609,0.002460922725716408,-0.005237052305418044,0.0022085637775355327,0.021276574773269497,0.04084895858439119,0.09432609800233993,0.0568782573338229,0.0246493418104905
2024-03-05,-0.028440919616455895,-0.029572018980055126,0.008576561217447543,-0.00509931500480143,-0.01948421375262155,-0.015997983070095034,-0.03933237971984116,-0.0011199636095419185,-0.028140910703142508,-0.05050227888949965,-0.027353961031516327,-0.040673267399087054,-0.04243875776175121,-0.03067977585238113,-0.05371640801902633,-0.06628402455760396,-0.02078793930730316,-0.056217522201754244
2024-03-06,-0.00587809028619013,-0.0013908830210280776,0.03182706361781351,-0.009572718443276562,-0.0035033346396604603,0.011974182100109143,-0.02323786698783814,0.026812264754451975,-0.0013533411713624321,0.016803354716367513,0.01198846413752297,-0.0032119519744172598,0.005399528790066999,0.03988868025203551,0.03127896336753033,0.03613733749494208,0.07433596350833915,0.04005600659843678
2024-03-07,-0.0007095999570956302,0.017533472447715637,0.044746545531801685,0.02267903268576399,0.019076784751165476,0.032453769350763384,0.011951969472048907,0.0035607462498863374,0.018103041948010823,-0.004444036286973763,0.020219144077358253,0.023844943805829244,0.04222936810465794,0.04663742470286869,0.03684574466933532,0.012384196927533564,0.01443259270225794,0.10123631162228164
2024-03-08,0.010236539424819613,-0.007136935695339464,-0.05547724334752846,0.007664738283547967,-0.008313545751684748,-0.01218295457153884,-0.018527834714126334,-0.01887598354147113,-0.00606404636489144,0.009456744684450458,-0.01850898760540709,-0.00782313459073547,-0.06985733078919087,-0.029307917421767526,-0.046587278400314625,0.020539401213709896,0.0045719642318817755,0.0087664625525119
2024-03-11,0.011831720814864388,-0.0041849947989131,-0.020039163104338176,0.016690023105412566,-0.019332758891648982,-0.04419417814016813,0.013858834181150304,-0.043396499476769046,-0.00643166477588486,0.0023585926805591573,0.015210851065789566,0.015824068643834455,-0.011919919957602554,0.003224438708381072,0.019545499700313496,0.05598546488085887,0.04480506128448325,0.02417326096441541
2024-03-12,0.0027784886386181817,0.026599487488427886,0.07157187962397016,0.006028892855288737,0.019946455814511488,0.03341694352518898,-0.0012938683737420131,0.022027295380976364,0.016890540156144107,0.002026084504036074,0.11749756346335993,0.033403576441139116,-0.0009590307383062768,0.011453958942242881,0.008470853200432948,-0.008909905479502545,-0.021190960052674845,0.015223300548605101
2024-03-13,-0.012122573688794436,-0.00043354497899927846,-0.011151865217654655,0.009314241137257095,0.0066708374081581034,-0.008364256806628334,-0.04539820808488959,-0.039307562816265795,-0.0026674414086786946,-0.005028952917656815,-0.015838080080930572,-0.009652289108121992,-0.026326095258776605,-0.022128394208181468,-0.04442979557067828,0.022414410239567806,0.006578402189656218,0.08492092713834598
2024-03-14,0.010927391986645274,0.02437973816975747,-0.03239161272905022,0.023678325019581337,0.012403729449981915,-0.007547021463187198,-0.04118477639544138,-0.039683741434213604,0.005841315853680307,-0.004463720939099303,7.961831703728883e-05,-0.0054048917303027855,0.0034980718444381775,-0.004726593200981122,-0.011103388660063551,-0.0230819028918976,-0.030779476587110888,0.07836883507990655
2024-03-15,-0.002196610553948708,-0.020695088110260218,-0.0012165243734221232,-0.013417292056677632,-0.024223786467438835,-0.015716698681028207,0.006584660456730784,0.02138351359032309,-0.011631090060299276,-0.029638608105763797,7.979944780278636e-05,-0.13671666067674393,-0.02120774659442004,-0.007420870010001024,-0.0025731755532544254,-0.027911980219644583,-0.03809292261097419,0.035572512860479355
2024-03-18,0.00637245243313167,0.002161342107604769,0.007035655532577012,0.046040445124847285,0.00034398325434925603,0.026606171845049653,0.06254200201423088,-0.0021459419415285064,0.020647643507771152,0.020996910291665616,0.018002181219145985,0.04345529437478479,0.0014082950923972604,-0.0016745188077872397,0.0016417736941245487,-0.026730242400589965,-0.05815858100108362,0.07120532836329008
2024-03-19,0.013585075942063485,0.009800451300867152,0.010660834188434665,-0.004401318559772882,0.00813845829732096,-0.001489008037881434,-0.014269250195585559,-0.04841330198285043,0.0038002006449682213,0.00312807743286192,0.010876443093324362,0.014264619349235508,0.0006224712699105517,-0.016894329425315213,-0.015453151042164937,-0.08343356981432348,-0.10243560798455653,-0.1325379161842648
2024-03-20,0.014709243473686406,0.009064882960131415,0.01089499984551856,0.011630361707172021,0.012791359170393646,0.018700578325498762,0.025332688257929448,-0.009315414278818657,0.011196308923733023,0.01535886164773781,0.00038690408603980764,-0.003933283031842483,0.035075730509924075,0.02175512543502367,0.003567212662743291,0.09692504638897836,0.11267192037115104,0.12665457867472507
2024-03-21,-0.040857484514216225,0.00973594139792966,0.011762460823334209,-0.007664503370049203,0.0,0.004431073342449521,-0.016167575308454918,-0.0058421135966061355,-0.007933870073487892,0.007547133050413102,-0.0017796652862389628,-0.015198240216140246,0.05642599797359549,0.018965840069788076,0.005213241831543591,-0.03566706353999505,-0.0058068810073729216,-0.06436385819422885
2024-03-22,0.005310091847829046,-0.0014672143281387884,0.031213442927705337,0.02147708385384406,0.0040415450203241665,0.003584269799812967,-0.01151490226146512,0.005428706405105066,0.008511165391210884,-0.0020104790251805893,-0.009456502817146939,-0.022943786770323937,0.004058291037012385,-0.004389994635998207,0.0035360983521652845,-0.02615044343853401,-0.04560653406668436,-0.02710088220837914
2024-03-25,-0.008300277657825372,-0.01371465409607353,0.007561970179270183,-0.0046428557562808725,0.004696213001679439,-0.012873244237773251,0.010536808713131895,-0.005677645690651101,-0.0008757871104765336,-0.005556051736726575,-0.013381356569459046,0.015434861751739026,-0.0013966243454514027,-0.015167459064086786,-0.017383047456481227,0.09689825601354007,0.07715053168903552,0.08442028161125736
2024-03-26,-0.0066726681888058526,-0.0028615917790043577,-0.02569427073123609,0.003998036189258647,-0.007845994154095037,-0.014174391918800766,0.029195349264770964,-0.004254659042995601,0.002836856666512899,-0.0007514745340959639,0.0030932511602101975,0.0007294424800852184,-0.01486406320151401,-0.002686375389174156,0.0038249094683580065,0.00041486463910467286,-0.0009409678643157449,0.00854816729704444
2024-03-27,0.021212629651672366,-0.0005216618034801224,-0.02496722506666582,0.0013274400067966319,0.008581036192426339,-0.004093594400184863,0.012157391142962881,0.009669990824309194,-0.024966612911468733,-0.014550469682035994,-0.009488446234908632,-0.006304200489664069,-0.009583278966443953,0.012330284197896502,0.04239111596769973,-0.007608353371227561,-0.024359450730277232,-0.022749855053399437
2024-03-28,-0.01055915607922242,-0.0016847323282865867,0.001174589031601947,0.0003976836535273254,0.0030584610251771505,-0.016765932609090983,-0.022465709302040393,0.005011465970410356,-0.010105437801061101,-0.0006636928965175759,0.002714178482909446,0.0003965349116801242,0.005065591933912428,0.0010050127076035587,0.009138581238212762,0.018567460837021654,0.017479056214108946,0.017493757873021876
2024-04-01,-0.008455580183682199,0.009151035154974618,7.731083613382594e-05,0.030212861416566872,0.003270852211551434,0.01188267314890834,-0.003242460249155976,0.01579029729064141,0.011492895579566564,0.0035859093521468655,-0.0010349834135993108,-0.004974256312454517,0.01874890448190225,0.01429428150880474,0.007923998587705539,-0.01474034035555094,-0.015798728462075307,0.015537244057174382
2024-04-02,-0.006998872077350837,-0.007372258494727668,-0.010081552816703532,-0.0059811924560990715,-0.0015472110151306673,0.012252004950411344,-0.049024062767074494,-0.025308167788424485,-0.00016275693986644857,0.005756598467983043,-0.009085195249584843,-0.0057360331889073635,-0.008516995808149574,-0.003959885714595934,-0.013027946774809673,-0.061047985989492126,-0.0649910010049034,-0.05917690989590041
2024-04-03,0.004797469269181676,-0.002349016797684733,-0.005455502186409111,0.0023291354412691145,0.009519072430478559,0.018839152705630857,0.01050231020055925,0.011583700948905262,0.02583803501700843,0.0024339891675579928,0.015280821327980254,-0.004406926397928612,0.018263422180458733,0.016779576239948524,-0.08215728578703185,0.008156830210526378,0.010437847565395009,0.022499885246778373
2024-04-04,-0.004892490946086792,-0.006112574461090037,-0.03438467692289693,-0.02833719261626766,-0.013212014767422287,0.008248758364900244,0.016213301154368365,-0.0826464683758501,-0.020537054503710683,-0.03478340988837647,-0.01623897899289961,-0.019919165046054177,-0.033531517792992904,-0.023862760978439534,-0.01487738799309235,0.038314642609167615,0.00561647566373269,-0.006966296891886992
2024-04-05,0.0045018152539810785,0.01828276551843988,0.02448073852895405,0.013087096026512146,0.028166707356770848,0.03213818540841462,-0.036292482565110196,0.027678925931429843,0.030851983455263632,0.02641596260600254,0.005717103191211326,-0.004085299612445303,0.016645246334609176,0.010426352962922492,-0.025673242775647087,-0.009797320875087778,-0.0033498911937862585,-0.05140628899808963
2024-04-08,-0.006663516996575525,-0.002185529618050075,-0.009942458166805612,0.015409745057441304,0.0006483768975988902,-0.015341212977063035,0.04899940648952894,-0.003051310163408316,-0.012213531184151694,-0.0005963778865095692,-0.00440350788384547,-0.0017315228115627468,-0.0024860133318340694,0.012184460064369684,-0.01885821705559898,0.05592350669993551,0.11341382479557027,0.0360069327642365
2024-04-09,0.007242625718065554,0.0039802622371447605,-0.0204172309922952,0.011301364991373797,0.002591909504893186,-0.004525924279469518,0.02254601255405486,0.005179546288557546,-0.01624735307988512,0.002121251113021083,-0.005808786570336788,0.01707687501965327,-0.0015117195096125968,0.011231440106794333,0.009215353774166601,-0.03479403115822832,-0.051451781685670994,-0.046304534191723756
2024-04-10,-0.011139425323512309,-0.0070845420066558695,0.01974164257436639,-0.0029374793863468085,0.0015080453603608657,0.005668509211014916,-0.028946236061948905,-0.021313967769448827,0.0006147203873787532,-0.009094974020449786,-0.012010131908977817,-0.010821209429216383,-0.008777687771631126,-0.02682697484315888,-0.02948075521029736,0.0209558550176423,0.011004831112360725,0.005937713481163787
2024-04-11,0.04327101160047886,0.011033333450940708,0.04109638412298211,0.020942873243349425,0.016671181255133227,0.006405885011652401,0.01653476762638495,0.02010291146716159,0.016489324176119702,-0.0015685293163945069,0.012238140949335508,-0.006034240043594763,0.0454412001175335,0.0249911585219853,0.011559113658297093,-0.007469744331340511,-0.010861205883757163,-0.004964284617694381
2024-04-12,0.008626672936359325,-0.014090969367843487,-0.02681642595696343,-0.010538893108453129,-0.015445639364236818,-0.021522988488842154,-0.020332204625772565,-0.04234604821526755,-0.009462728165653411,-0.016145693005803374,-0.017283440854539034,-0.021041551307284467,-0.02776930184535742,-0.021926462574212824,-0.05155468129330543,-0.04088948430588779,-0.07480580700184813,-0.10975374371185054
2024-04-15,-0.021863588687535573,-0.019578008180738182,-0.024777346158648017,-0.018195611392172517,-0.013485250630092094,-0.022797442298891135,-0.05594859487563397,-0.018128316249433007,-0.02517542137726103,-0.07277813435193725,-0.01015599740099038,-0.008416102987187424,-0.02483509853984689,-0.008465290974376094,0.017371875774218726,-0.05609952528004947,-0.04361179393548564,-0.09845933726593448
2024-04-16,-0.01916722128616999,0.002272367612699222,0.016441685436231923,-0.0029704845461792084,-0.001633742516860992,-0.0009395654126965747,-0.027062145360474688,0.019585823641451894,0.017079778410164392,0.016526460296182988,0.006172973981307894,0.01301849614492423,0.014015380705601377,-0.007418536649634433,-0.0013771490286922372,0.006080330797783695,-0.005377925568445963,-0.01609498241823204
2024-04-17,-0.00814714511602499,-0.0066090852521717425,-0.03866598745916883,0.006930098123596906,-0.011128128209780819,-0.011185191170236086,-0.010565868854054306,-0.0577511443391211,-0.006202218988534458,-0.003929445097995976,-0.016166598990088987,-0.0037167464809012563,-0.034934446483338655,-0.025270033143747095,-0.015995491969832076,-0.03972884891052719,-0.03247819118850337,-0.032383099161792606
2024-04-18,-0.005714644060034191,-0.018380927070511643,0.00756811375214661,0.0034731545386323948,-0.011363622972558218,0.01543986019748056,-0.03550983840996058,0.006882207045771915,-0.00510029050477967,-0.015923439081565682,-0.022499293499649853,-0.0026768247414351576,-0.018430838980170727,-0.017526641947525512,-0.017937200353472127,0.03649124077498622,0.027238683519387852,0.07747412572717693
2024-04-19,-0.012212398157294468,-0.012739060356737442,-0.10004589551419463,-0.012306800938714169,-0.02561096030926935,-0.041311138658085333,-0.0192088959161848,-0.054423538443086006,-0.09093288392014132,-0.005700312617685888,-0.009655183384718158,-0.01724503104192021,-0.04311393221895454,-0.02360020233239868,-0.023972631370521524,0.005208661031110617,-0.0022012272375354636,0.004209520430194402
2024-04-22,0.00509066799989677,0.004610297213882175,0.04354326900243577,0.014212575228020885,0.014888568814227066,0.001371785553361704,-0.03400203941675628,0.013638843482845608,-0.0007927812712005267,0.01272321105476748,-0.0030466481153418323,0.004021387636974572,0.016393989009029664,0.016177051573007528,0.006140358390816392,0.046897586716164286,0.04653827108473885,0.10057943199815123
2024-04-23,0.006391888892878006,0.016485335221214426,0.03653265305160258,0.012669453209751769,0.01303389727631088,0.02982993087537733,0.018514534090260826,0.02442145383287242,0.04174184059902708,0.010481834994927164,0.004889588290112101,0.012872366209357278,0.020196721135770535,0.0073044336612708705,-0.00377798144871877,-0.006439574982440521,0.0057031560320381924,-0.014837242466814837
2024-04-24,0.012702307014147873,0.003655876615747955,-0.03331600237676391,0.005497391804895502,-0.016430862529557833,-0.005240811689608882,0.12061109407252757,-0.0034806512407298262,-0.039169198243423575,-0.001770872951119662,0.002172283982615708,0.00892366520441712,0.006107878802204869,0.014130719265506242,0.006417701323670588,-0.03208044676017341,-0.024878460883124842,-0.04496511073378173
2024-04-25,0.005147095462608942,-0.024495194046381008,0.0370873836752057,-0.019669534017079382,-0.016535467634067658,-0.10561304619494194,0.04965143743002587,0.01331217174473398,0.017437643870612085,-0.011042973210075635,-0.003901622149591555,-0.007712929060701645,0.02991692181795047,-0.0020167765075843613,0.017681155113236535,0.0031863484195515657,0.005320185415315981,-0.019310463917536436
2024-04-26,-0.0034728120734628387,0.018243809655683396,0.0617558528985509,0.10224386723816781,0.034260361668536854,0.0043273441024065384,-0.011105884774887609,0.023673253900165836,-0.00632079402437935,0.004209885213480202,0.020193227055435692,0.008702253920120251,0.03835698761670758,0.014452011333073278,-0.0919965286545188,-0.011265004482557628,-0.008346157799679732,-0.03994544870545991
2024-04-29,0.024808137911831896,-0.010016844433285765,0.00025045984497307217,-0.03373082687812812,0.007460258507441919,-0.024069879529448612,0.1530691710339953,0.017789092505297477,-0.00310032932970139,0.005286552525929578,-0.0061428800149432305,-0.009401939562209805,-0.004055160693559601,0.021368898125040836,-0.01631114912669762,0.0013457822943943043,0.027239511572865416,-0.009544508093268123
2024-04-30,-0.01827082730997387,-0.03211942196317197,-0.015440226403645063,-0.02028301055889159,-0.03293549122868411,-0.005663143149737482,-0.05550118063944742,-0.011360749688513971,-0.01581801489701673,-0.024660691894317632,-0.02352122754842123,-0.02164588875518203,-0.02864876302801389,-0.019798941876354337,-0.02838014746614692,-0.050191249309274655,-0.06317729070733402,-0.07848898218483746
2024-05-01,-0.006047253632554206,0.01440954246520243,-0.038899609694205584,0.006634842989671874,0.02285714285714291,0.020968382046921752,-0.017950640048260635,-0.0890895326136133,0.0019432344163510251,-0.0009296857315760354,0.007736277121564772,0.014173731751383922,-0.04415232795559332,-0.01049139511168562,-0.003281881537024023,-0.03929695449375714,-0.014109611457047588,0.060374168872830314
2024-05-02,0.02203188675380785,0.007342811588174847,0.03342923873738024,0.016843608187519843,0.031955314082140474,0.0056695267980164665,0.0001110562423569661,0.013100432062641998,0.024360586546940288,0.012802761366302873,0.0028788751070922824,0.015296432501145096,-0.0034518287954764526,0.09743475716220296,0.004609775539176297,0.014924669552331737,0.0061902767768931,0.023668989804917384
2024-05-03,0.05981633006920939,0.022169876094933816,0.03463179765311386,0.003720827118780745,0.008066292135759712,0.023274743189928948,0.006555235656792835,0.03037768425123044,0.02510835589819793,0.005622296709347108,0.007306879910110142,0.020164897504816537,0.031923915425086546,-0.0025542491202000805,0.012782664881886285,0.06370405294167747,0.03861011747338838,0.043232530356595245
2024-05-06,-0.009106784779670307,0.016918253572977715,0.03774129741995069,0.00514243071336562,0.013371946429286963,0.03035657533991931,0.01970303006416807,0.03439570030442596,0.03043118973072434,0.007198662006327794,0.021934285193783598,0.015241276427947925,0.025193630015308166,0.012302387090833644,0.006336330728621942,0.00432682447320154,-0.013150533334046588,0.06280646782020227
2024-05-07,0.0037971586716745165,-0.01015643120396681,-0.01721300741689713,0.01873879923491395,0.00031795209095974997,0.005497375728272136,-0.03761635178001199,-0.008666106779396388,0.015126386571590489,0.005623699182915054,-0.0034645508426387472,-0.002674299183557882,-0.0054950171579558615,-0.009348292652397339,-0.00936389476540389,-0.01309542885757653,-0.01833385054066039,-0.030549753157011916
2024-05-08,0.0018642089057328004,0.0029317099242025524,-0.0015680993552618094,-0.010919605934956444,-0.004026247769404523,0.009311579387548896,-0.017378079862311324,-0.005245079304603162,0.005726074765802336,0.006457880068165611,-0.004579014993950192,-0.008470926530604439,0.017082330494181175,0.002220081853918199,-0.022164245323738396,-0.018398626419713127,-0.010949302229649516,-0.039420873080513674
2024-05-09,0.01001435059081679,0.00433586867156599,-0.018415918098894535,0.0034243812782179806,0.007978723404255428,0.005966975519809958,-0.01573946875450305,-0.008006742394443989,0.004298834128544371,-0.01362148450299383,-0.00638896876293249,-0.011165769594101205,-0.014863660095108311,-5.511199844299153e-05,0.002999969352812659,0.03043115176709965,0.0209719132026831,0.07417847202294636
2024-05-10,-0.0068902877580595545,0.005869105730072599,0.012744272845016225,-0.0077078833216159826,-0.010659653152828352,0.001640691638532088,-0.02035238689978358,-0.003084199898848783,-0.001993135551664915,0.005451032810041223,0.00025715105854939857,-0.0007458517686000921,0.020778544472819682,0.00852983090190551,-0.007976011810378991,-0.035799920573900024,-0.041577205332458456,-0.04339577210099377
2024-05-13,0.017645323287911907,-0.002459428543308828,0.005796717015433828,0.002905521724325899,-0.004853789332504355,-0.017198785353719437,0.020300339194899042,-0.008952084167610064,0.009363671146590535,0.0030721683394674404,-0.0025712516029273713,0.0017001737380264448,0.003533929687142834,0.011698305637205086,0.022110497702256815,0.034686223711685615,0.013598349793031872,0.007286638279416557
2024-05-14,0.006173521987057784,0.006864515162596785,0.010586463681015124,0.007094631054322509,0.002679959159411549,0.008205042883316027,0.03292805679333921,0.01726890373057932,-0.004751930224183076,-0.002594380509812977,0.03866967793365372,-0.014820586122476498,0.031790200933852875,0.02584001426257787,0.01769912339541113,-0.02144084393922019,-0.023124226599441355,-0.035658980584410194
2024-05-15,0.012217947786500094,0.017484043340184385,0.03583793795866197,0.01273926188188712,-0.005773249525686142,0.020536099414336206,-0.02005067585133169,0.04250453350208727,-0.00022813836175150648,0.03880070467577057,0.006287761306494222,0.019749960406336697,0.04068049589783973,0.0298460231573916,0.007085390712776585,0.07659609250545496,0.05410973083044013,0.11375334869485765
2024-05-16,0.0006324247900451052,-0.004939979821387386,-0.002863904734114131,0.009680375539030228,-0.01268885714634993,-0.017257136348857505,0.004885285464054867,0.018475587036212104,-0.0048898657898353015,-0.009946543888711745,0.00435756346219307,-0.005089113401960721,-0.016739225102234356,-0.006885575413773437,0.024304373505552812,-0.01563225228621834,-0.030267969283067964,0.0058767627683871115
2024-05-17,0.00015806712789556698,-0.0018528277735467835,-0.019923928807560998,0.010793670727112792,0.005826891232250109,-0.0027892845375899755,0.014985188920464187,0.011376252361725125,0.017329530632641088,0.003266777995912129,0.010969153312758051,0.00113897404615515,-0.011924892747548044,0.003052741403866799,-0.006244109217857563,0.02790508695432159,0.050587747570991715,0.06544950371389868
2024-05-20,0.006162021109173743,0.012208187780889057,0.024881394741416152,0.004884724269432761,-0.006280474722663021,-0.006505404191638253,-0.014144086952910362,0.011309056949878826,0.03175012240688413,0.005112038999742108,0.008259130945687865,0.002606395516858262,0.013430854562993533,0.020117553826320522,0.008482537304108417,0.06556595639570117,0.18413541315704962,0.10021759882718384
2024-05-21,0.006857323199947585,0.008699114281160325,0.006393608877463208,0.005256701608894687,-0.0021248741632043933,-0.008979705711481878,0.0665905079079252,-0.010040270249269678,0.015277242683843895,-0.011530252021194176,0.0008831975203906772,-0.005859407711290676,-0.010487973684105811,0.015624992379460023,-0.011214958635893169,-0.018358253231772315,0.03424187347472718,-0.045058548453848934
2024-05-22,-0.007538427915319668,0.0034493039612526477,-0.0045709092527924655,-0.008265578031813381,-0.0001091401274257997,0.006779690656658843,-0.03478030697149992,0.0052228871081305694,-0.01558537350450151,0.000211580861487759,-0.00024053972748239172,0.0043166681455200084,-0.00497413443394723,0.010355995809676388,-0.010081880125445197,-0.01446030042296964,-0.013747867811565229,-0.0070480475489633765
2024-05-23,-0.021058059226850667,-0.008176064697555385,0.09319672197197404,-0.01604484500905745,-0.011358061353112014,-0.004275570042560295,-0.03536724832380789,-0.030751640075486364,-0.007494429863934338,-0.01849775441238266,-0.004093045882163193,-0.0012811669592112107,0.0007541087141975655,-0.0057657328238021055,-0.042648034377058,-0.017255976976508713,0.010625410415868064,-0.004947394249275372
2024-05-24,0.016588244177002442,0.007400454996377981,0.025722550212428308,0.008297117026983658,-0.0016570176564539851,0.026707876509233452,0.03165649721483632,0.03696321264911151,0.01743045425423917,-0.022543929354014725,-0.009509267649718933,-0.016304245562098307,0.010442927047191075,0.04262516106147762,0.02127658488315909,0.008781729788116976,-0.013236335392203924,-0.04653136229338706
2024-05-28,5.246101343980847e-05,0.000372094688785074,0.06980433081962434,0.008057803297240707,0.007745471073219434,0.003554805858108967,-0.01389201861667555,0.031558066727209066,0.0034789093699931772,-0.009034419470507427,0.012854929365290202,0.006310077290487381,0.0032744310834131873,0.012930207400966953,0.011067755520287825,-0.003354675185926581,0.03040616227782289,0.005089054127773718
2024-05-29,0.001579017992696663,-0.002672398382646879,0.008112229485712108,-0.002834630432252072,-0.000713640562059914,-0.01158525538602817,-0.0031683030189180172,-0.037701772610522655,0.008659421367453124,0.006633674409867174,-0.006024588642615125,-0.001734813002888247,-0.015419880478338865,-0.022620751069741263,-0.02994209211805776,-0.01051485738366742,-0.020066320442424512,-0.0034282114907286942
2024-05-30,0.005255122402573198,-0.0337861810144654,-0.03766591317915491,-0.021546056088385113,-0.0148335176621609,-0.015410211655295769,0.014756744473008343,0.009749307353167369,-0.010632109726598449,-0.197371151898035,-0.053741804122427905,-0.06643637056288254,-0.01912026255533983,-0.012583650046598227,0.001991435426145438,0.011644282841286824,-0.0043438931992773044,-0.006521854982350583
2024-05-31,0.005018679728558739,0.0011093027980986214,-0.007846063033697948,0.002265713053416052,-0.016060700229647673,-0.0004710979217458222,-0.003971091681523098,0.0008995136220952826,-0.009325823544303002,0.07536342328234102,0.0008540985914249344,-0.0024894820546754737,-0.02604690605514337,-0.003662086225179162,0.021861553055349203,-0.012778150001159894,0.0035168216840502087,-0.008018021426350774
2024-06-03,0.009258730278664862,-0.00387848205885033,0.04895428558667225,0.003884305594425097,0.01076849847083472,0.022834855393313758,-0.0100517100545634,-0.02007184522010419,-0.012203499185834854,0.00929886651164713,0.017834293079592056,-0.01290588323122388,-0.005005570041701546,0.009115311117855018,-0.01815237853829388,0.01945976693100193,0.0016921552653259564,-0.004312113798017991
2024-06-04,0.0016492693127221347,0.006166648817791165,0.012495522415069571,0.0035801790018339386,0.00560726713319748,-0.0010470272778837497,-0.008622094682395387,-0.02176702838377287,-0.003423892190069777,-0.007438248030160133,0.0066231677405921285,0.021297449632126986,0.006747814255636753,-0.007479065086541614,-0.008583652639339356,0.025622992224831664,0.01224693121792586,0.04170700557269025
2024-06-05,0.007820852674500278,0.01908340368170136,0.05155584053527362,0.009321632484038389,0.010817455564965828,0.03788328108195582,0.0013159908560766986,0.03862736710791159,0.029527274554509653,0.0071107375860306465,0.021320890660649683,0.016571119291422187,0.06181904202309085,0.03684495503296592,0.024975003392430972,0.007298724608017615,0.013572433260235606,0.009784433385252367
2024-06-06,-0.00709639578310528,0.0012027144828621328,-0.011777294835299879,0.007525129723327195,0.020520748266509736,-0.0026258173856751332,0.01680001395089281,0.0036709431129160475,-0.00269123672640581,0.026339000869427087,0.007094455115687959,0.0051119288114198635,-0.008364407931200746,-0.011609014589918032,-0.01169591153826488,-0.004581363662391591,-0.0136261576231963,-0.019982890881610427
2024-06-07,0.01239182754664414,-0.0015783078827681374,-0.0009089842166193352,-0.012844413969036683,-0.003783767287795614,-0.0016202664831601599,-0.0025851787543875737,0.006535533912151115,-0.010870817094164265,-0.0037484285323508004,0.019595065161345904,0.01593431496554376,0.0038320968493630314,-0.013464564431312054,0.010519357715581767,-0.01999201273457618,-0.03488734358684775,-0.04416737725452902
2024-06-10,-0.01914760995601239,0.009484597448089493,0.007461464668850004,0.004303863119776263,0.014975553234585659,0.019555353715035695,-0.020791089307163446,-0.04485613271174693,0.004723428366450788,-4.1417069958860075e-05,-0.011276915987488145,-0.011795523109313977,0.024050381246980335,0.013212648450912523,0.005530245981584692,0.0024472019640708886,-0.003238059779003599,-0.022023815448210526
2024-06-11,0.07264896077605743,0.011241746098279215,-0.007144045384961162,0.00919944404896511,0.0009087895389929823,0.00968961618197861,-0.018010183238054034,-0.008606646223911163,0.006284040773759214,-0.00351462474837283,-0.004979986851337381,0.005979040712707606,0.01427295614565205,-0.0039646263926164105,0.00032353040350585616,-0.03136496113771259,-0.04592308012417712,-0.05976943801199497
2024-06-12,0.028578497282004012,0.019367650749950283,0.035480861550703846,0.006624519634557791,-0.0018159287809063063,0.0026995786578269954,0.03884911216309472,0.008052332191963885,0.0023281680572424523,-0.021536144811234892,0.13319347976720408,-0.006094809287728098,0.023599796353068747,0.03294653782730439,-0.005174626013351613,0.013502581655740586,0.01751895888957078,0.038470320264172964
2024-06-13,0.005491072993922597,0.0011788937255081677,0.035223620995155525,-0.014792821571563808,-0.016373254687715777,-0.009315242093530185,0.029217711832219218,-0.002121889572040736,0.004922618082156438,-0.028710890008743828,-0.0037754295078819,-0.002457226813687985,0.12268709755737772,0.011235312830758515,-0.009752930340758192,-0.021757960505889518,-0.025378125970065946,-0.05067191151926842
2024-06-14,-0.008168404377468241,0.002241993675944798,0.017514327387519124,0.009305759982403572,-0.0009247574783879386,0.0011119725121224722,-0.024442410719736185,-0.001688486704049863,0.024676349845002665,0.012705846263756149,-0.012299006713306637,0.14511489894353313,0.033383352468149274,-0.011386041933310387,-0.00032824704796630133,-0.011164543099157487,0.003168011430681794,-0.028646115480219447
2024-06-17,0.019671599445914234,0.013105259169232664,-0.0068244393825146465,0.0025455893654260375,0.002177904217078641,0.004899246609866292,0.052974598199923895,-0.007705387137155739,0.009635731706288508,-0.00629480994547027,0.023021906411159865,-0.012506914687999915,0.054079354831157334,0.03199728836161242,0.017405516512421615,0.007259433191864062,0.008938075483223784,0.0016760794626735631
2024-06-18,-0.010984453070528755,-0.004527458078104396,0.03511984470461749,-0.012130665015874675,-0.006791263808433312,-0.014093115426329517,-0.013764414198944364,-0.02380043660945841,0.014559891644377654,0.005770578244390423,0.02356533395630933,0.006766414449826952,-0.014407804352650877,0.021915285716550104,-0.011297606402356997,-0.02029695827328193,-0.007887929643914382,-0.04067608056800642
2024-06-20,-0.021513030166405378,-0.0014337981435977865,-0.035403431459514634,0.006910886533442184,0.017996874289478493,0.004424656465867871,-0.017797215597047944,0.04623936927314376,-0.009683979929709041,0.04309567181528462,-0.011960898410208642,0.0013403776103997345,-0.037702923632742746,-0.05116915817114964,-0.0003264252419143965,-0.004791008124175322,0.00786682662937599,-0.029315775841922243
2024-06-21,-0.010444367746476946,0.009154031760259418,-0.03219155852512867,0.018888178579142822,0.01601287280926522,-0.013793228976842764,0.007930754665036233,-0.003399697465124474,0.010441359513771786,0.01348227808110547,-0.009866378654725949,0.020059259947434738,-0.04377460934667654,-0.013644487687157536,0.015349378088191035,-0.011298352821403679,0.0014208618736464285,0.008356308083743436
2024-06-24,0.0031327426283069837,-0.004691127615421675,-0.06684059506141604,-0.002282466712064224,-0.0185635417434159,0.008347117493743283,-0.0023495584322593688,-0.006078246936104592,-0.024922740871013316,-0.020892853600848582,-0.011377880554081399,-0.01737781097934854,-0.03699690634319741,-0.055004133624350526,-0.016725622761827208,-0.05957896416318076,-0.04716034319489326,-0.01743768606768481
2024-06-25,0.004468147399944167,0.007326739665364457,0.06756418703674849,0.026838591988686877,0.004149318226444931,0.023431166307633866,0.026125557150967094,0.0,0.005067066530778597,0.007585095435040268,-0.005147229384504515,0.005170120497191455,-0.007172417273937581,0.006622357131241818,0.005560999677705958,0.025336630415439876,0.013363963957398806,0.03265097203369449
2024-06-26,0.019993240613172425,0.002683193075513568,0.002458675568590918,-0.0008150915935037917,0.03901472799901873,0.004935366331721092,0.0481451226037759,-0.01691111833926484,0.007852350485827664,0.0057495452703622,-0.00675408802282329,0.0033783181089110936,0.007091130923856825,-0.02394038782219865,-0.0065061423588606004,-0.016072632592061153,-0.007526226555239823,0.0003657169571991137
2024-06-27,0.0039860325248002315,0.0015260594622656942,-0.01906643925738405,0.008320565783076939,0.02189972356695158,0.012550580844562953,0.0053470646120412635,0.012250907812754175,0.009812760156971745,0.039893088061964344,0.014106862532587527,0.034237577158400256,-0.0033540987583788873,-0.01104744627848775,0.0016371873637719414,0.013048951973404943,0.0223545777563241,0.09398516690333336
2024-06-28,-0.016254242911117878,-0.013028581930799255,-0.003629353759071252,-0.017582787095566377,-0.023249966952787804,-0.029524948452729682,0.002330091774560339,0.017181949408603625,-0.01382352590325231,0.01680835622829302,0.007276266301708079,0.016058175625321303,0.011892910701136294,0.020650770907094884,0.012422324002958396,-0.020853310881755127,-0.02065854031739267,-0.06520632669232729
2024-07-01,0.029104597524862497,0.02188159526313216,0.006151813217824653,0.0046117601742794445,0.02043982896891161,0.0009124243932634446,0.06054171938510833,-0.02786513831069659,-0.001881799776549009,-0.00346167694868893,0.013385406087519591,0.008046282743059852,0.021967898525918628,0.004267609283591378,-0.004197560980749304,0.04197344183427543,0.01977260340966791,0.049330672084697325
2024-07-02,0.01623987264405713,0.005583238372089516,-0.0131135334134167,0.012295861456958379,0.014198798656638534,0.009550430025837331,0.10197271435359356,0.041981070547876476,0.008862696835399975,-7.800963537207828e-05,0.001327647226164741,0.013749776026778182,0.010165665223667464,0.0006499666612962418,0.007457839828036272,-0.013093697885290578,-0.0069722194841920215,0.04846972922751913
2024-07-03,0.005811050436846044,0.0032442379935504473,0.045732615817114075,0.003131006130691727,-0.01205001831054675,0.0009029085459009156,0.06542422054051045,-0.0024953056308284483,0.00431147571718804,0.018580168427880128,0.007677330553496731,0.004297973167582736,0.04328261497887165,0.018235235400485994,0.005149643740681054,-0.02990687070088416,-0.03613149037734886,-0.08437885160353287
2024-07-05,0.021620449769099936,0.014736097024675043,-0.019098925253442922,0.02572386617952427,0.012196992290986808,0.05873016849177626,0.02082067005771493,0.048810251970190066,0.011926609093993346,0.008583967350001442,0.003116812221162002,0.014364644550919792,-0.014983785758378554,0.009518800219565415,0.02529621146552774,-0.05835662302840383,-0.09454175099295381,-0.04520721840915953
2024-07-08,0.006538873760357999,-0.0028230014239877255,0.018834884646652617,-0.008237335624222464,-0.0035500335693359197,-0.01961441334892644,0.005645666924397386,0.039499760244382065,-0.007109316245434427,-0.022113508224022582,0.0013810177117949962,-0.005083518872784132,0.024980903980073244,0.010400897121145114,0.0615240645253452,0.0007539863313177353,0.012454158105855706,0.03791311611624271
2024-07-09,0.003774857104064999,-0.014370378412726703,0.02480505344951056,-0.00026445635741623175,0.00025090598345323123,0.0012846550751077768,0.03712336538398886,-0.008898071051356093,0.0,-0.01766741446468134,-0.029993931470908786,-0.0163017109572845,-0.007188462919777483,-0.0037038388977936876,0.017652258138256327,0.02299844211812685,0.015006640664742665,0.013514271994212734
2024-07-10,0.018803642535914822,0.014601522528240096,0.026868711526116362,0.01164151889071241,0.002257434315787732,0.008849011279507435,0.003545241645880992,0.038735179977023027,-0.01179744709995878,0.0006338506207148598,0.009880712457105423,-0.0025971373583193458,0.006565366181638721,0.008111089210695921,0.008094754474355925,-0.004598069730556098,0.01246259146908213,0.00443119662603797
2024-07-11,-0.023220877354067526,-0.02477209564106786,-0.055666703867326084,-0.02934412055644131,-0.023724863074531144,-0.04112662971398551,-0.08444127539962887,-0.01098067079114029,-0.03674460099161303,-0.0058197638086257,0.007693733574204664,-0.012257520254688181,-0.02220426596415881,-0.042863881377850466,-0.03928874180642805,-0.006885432015347748,-0.0006085771524413364,-0.042905982722264424
2024-07-12,0.01305092564545074,-0.002529178853193481,0.014442547361159352,-0.0026943694096871473,-0.0028710461411535215,-0.026974922712000193,0.029871787680814554,-0.0018137948039268492,-0.007889687899038322,0.011349289534820839,0.014079774611750917,0.0025464607315286436,-0.0030950023863890452,0.012909546021014018,0.029552280436057288,0.009670444019596935,0.010911055279745563,0.026822962607533585
2024-07-15,0.01674320789196382,0.0009039691930148308,-0.00619014965280229,0.007888870589316976,-0.009100746683475047,-0.005432118000910036,0.01776579679334911,-0.009801215645144579,0.013665757838831505,-0.004370670303966873,-0.011742765835795366,0.011913128208767443,0.007955577558227178,0.028404994592070576,-0.0008699568160381865,0.12039295214232815,0.11339376144010438,0.14624991305876955
2024-07-16,0.0017919260217862387,-0.009780620484150737,-0.016194278930008577,-0.013992460674249974,0.0015566783408962337,-0.012838611030310032,0.015516142251486453,-0.012678634021473623,-0.00019792611091695722,0.012536552757969499,-0.003215408499120387,0.0014671050935131102,-0.011900595633955846,0.007013002593135642,-0.0034821887903777604,0.003499237870556282,-0.013193469233778732,0.0038634984357577284
2024-07-17,-0.025295963521038578,-0.013347553996238326,-0.0662393087358224,-0.015767641658470888,-0.02637038381521717,-0.05675904398089382,-0.03141564404151875,-0.10205581562673571,-0.013499535833577991,-0.01878690414518258,-0.02349046311604075,-0.006089510547671373,-0.07911226172153463,-0.0860520938384941,0.003494356800457954,-0.01502916014346345,-0.0159026492788078,-0.030941857804007045
2024-07-18,-0.020534993125366663,-0.007102120153961389,0.02627346744968828,-0.018395680744309972,-0.022242286163404512,0.030000560373749208,0.002937608561525362,-0.022956711857619605,-0.0068266970588665155,-0.015404747021076082,-0.008832450510069645,-0.011081800372807704,0.029106574837105326,-0.0007307867873145302,0.01189790540629354,-0.0022571629283560934,0.011067820433664055,0.022420746227084898
2024-07-19,0.0005800125649921828,-0.00740299015217194,-0.026096179219179394,-0.00016902532912099755,-0.0033741230867346816,0.0019755157266210244,-0.0402439471622098,-0.026898647534716713,-0.015084616941612339,0.0011320041029976302,0.003839629436104497,-0.010505478750864494,-0.01974826715245226,-0.027420866837241542,-0.05420131801738126,0.042768734230136385,0.023196240831611536,0.06357764099081331
2024-07-22,-0.001560339562193036,0.013337732589722595,0.04757055938838417,0.022571294283440624,-0.003167158934036185,0.02225292655806177,0.05146320115237035,0.02830184215800635,0.022357665304552965,0.0260467917409426,0.01161967420344534,0.006932862657384353,0.023577855868596176,0.04704371311551658,0.011825383531693712,0.013117848903254625,-0.01863088452305761,0.057879653834654654
2024-07-23,0.004688334079724132,0.004311975542591995,-0.007689782004148937,0.0006604425168128536,0.021144894800451564,0.002646712905709281,-0.020396762498772314,-0.011997146184431373,-0.007320448238417043,0.00779298671473283,0.02097444253313574,-0.01587901921757029,0.016826006079745603,-0.008308875459490883,-0.012586103380080704,-0.02452573786440093,0.012084550339342526,-0.03475683278115105
2024-07-24,-0.028754332849365016,-0.03585471355497971,-0.06803171143230657,-0.05038758672955035,-0.029934025650088403,-0.056109158181742225,-0.12334604589403686,-0.060844124137581224,-0.010532732946031631,-0.024525477519942163,-0.030326233551923654,-0.027417137910543343,-0.07589915818066906,-0.06351189353456266,-0.03793633071686464,-0.008426492953570563,-0.04183132330756956,0.03053258127654157
2024-07-25,-0.0048044685413076715,-0.024481378335791226,-0.01724289983175553,-0.030991108319989302,-0.005419431054668911,-0.017039955756026015,0.01972310939623889,-0.043628551099797575,-0.0029874468093272766,0.02698362159635792,-0.006845844548760249,0.0020903254606974286,-0.013743851773245552,-0.03136889172291246,-0.018927453581447984,0.00619673448871394,-0.04852986825503891,-0.034090606191115924
2024-07-26,0.0021609424003672384,0.016419726622169506,0.006946792361962606,-0.0016740264041793518,0.014734466536293178,0.027105784365256014,-0.0020431189477511102,0.012073438985806817,-0.004289601750998462,0.024130791086723002,0.008634282158822781,0.019336611021814276,0.015878327370717482,0.026569094066687393,0.008038599299099003,0.032455548053117234,0.031981885880926875,0.06497700219667268
2024-07-29,0.0012845819772639988,0.0034331462445229555,-0.013001826083202439,0.015149913979364493,0.003835599716395466,2.132526978448901e-05,0.055959976710561854,-0.0017144473444269392,-0.006984840661456659,-0.01568278434449555,-0.005035663251672817,-0.010747763925234244,-0.009299041696243182,-0.007830988435218789,-0.01658690905795812,-0.016081803398328542,0.013610669073728099,-0.001944584790862347
2024-07-30,0.0025660090547918735,-0.008928331009122714,-0.07043641217128604,0.004482936226116285,-0.008133134602594794,-0.005410891223438963,-0.04084450985365362,-0.009373864462209336,-0.006986087331111279,-0.0025523568646532713,-0.01908757697453778,0.003913525052497757,-0.0446011158961761,-0.06549477245935398,-0.022705208951190103,-0.009262185475442442,-0.012609873928464688,-0.020097324344384715
2024-07-31,0.014990974297163895,-0.010805846859305634,0.12812095389221057,0.007340061127872222,0.029002194810164417,0.025129912837387636,0.04244907202543402,0.04362895969096203,0.009267879946038615,0.003373096110875995,0.027861956877184957,0.024020348450215057,0.11956513718460138,0.0839223079936533,0.020245623110334288,-0.023893373992326827,-0.01444857310697567,-0.04065183678709661
2024-08-01,-0.016750723634424203,-0.0029639907929811526,-0.06674069623534484,-0.0045468342222735325,-0.015563100170141286,0.04824884799489948,-0.06554059651757438,-0.0826412153549807,-0.005570119825267672,-0.022179205531422608,-0.013911870760033529,-0.009498868916206438,-0.08501358563037409,-0.09367246316187328,-0.054977265092394534,0.011424614182306447,-0.009201015429318393,-0.024175815588218907
2024-08-02,0.00686933443045179,-0.020666067609210526,-0.01776397572092725,-0.02401018763103524,-0.0878470841762542,-0.01928712958380352,-0.04237758192170549,-0.00030174504420321657,-0.017940340662810472,-0.035920422256852214,-0.030761295976685976,-0.03704176576041618,-0.02176587356024373,-0.028597392351244477,-0.2605851455985698,-0.06032105869640059,-0.06732685619396284,-0.08966243074615787
2024-08-05,-0.04816701375136423,-0.03265685845116406,-0.06357784927710186,-0.04446192401096971,-0.04097671157906757,-0.025422985775423124,-0.04232673647438423,0.017509489239386777,-0.0245909476219498,-0.020330356939706196,-0.040666391709153316,-0.0320238252527123,-0.012098219497103435,-0.008536838190286722,-0.06378027431128874,-0.1208760294403024,-0.19049041306678027,-0.14920197826736958
2024-08-06,-0.009748314712606843,0.011286800401572483,0.03782990253106977,-0.006028156064624368,0.005651399696776416,0.03859334496855227,0.008849529684359148,-0.03441636549743743,0.018411180329354737,-0.002468475684152316,0.002737398372050226,0.009581412103659925,0.01295021517375039,0.0048749037227799885,-0.013923395790958693,0.03783671505322772,0.01717585219975959,0.10954556846505503
2024-08-07,0.012498376730412764,-0.0029526894350310195,-0.0512229640352182,0.004106260822992036,0.0051874985158653075,-0.010463790803339257,-0.044258397676563255,-0.0115992824688248,0.003133324722306874,0.006794668243463642,-0.018017362201980802,-0.0011279989810856206,-0.05315451147456618,-0.016381153498282286,-0.036285214684406486,-0.017968550940289485,-0.049673947786168404,0.00375967398862187
2024-08-08,0.01663330500681859,0.010691918070380613,0.061267658034546146,0.019441238286849183,0.018615215947435537,0.042358695553742276,0.036921162045623124,0.05945449027852545,0.030859571438579758,0.037827055168603074,0.024305072365890412,0.032358543816806584,0.06949437255837343,0.05655908099197138,0.07898894250021771,0.12144256099404904,0.14840580649003665,0.12651856406356665
2024-08-09,0.013735850680766104,0.008269368547448419,-0.0020958213668682557,0.010121761207341207,0.00687575011257735,0.01597231175567293,0.005833854775063152,-0.015038167118654577,0.005695267082366895,0.013688139420981571,0.02403845921302561,0.011428782570539697,0.017291018548677428,-0.002849189496044957,-0.03806738386327191,-0.013450358103773374,-0.03121250061300085,-0.03973176569881387
2024-08-12,0.0071298752579929126,0.0019456941897721958,0.04076372570923237,-0.008431504566074,-0.000838620987187122,-0.003515230289270699,-0.012549972534179554,0.018619199526701324,-0.0012619779440290468,-0.004831112756665035,0.003937514612908588,-0.010013043519330633,0.002428130131808093,-0.009666996790418492,-0.01775740691925365,-0.025059047594115702,0.04802020218716163,-0.06393425515771078
2024-08-13,0.01719308123340446,0.017698778611443977,0.06530907239299655,0.011522347527327614,0.020563504874259175,0.024401650756692206,0.052357061371637315,0.03187833935916218,0.02350195527789478,0.01309136580063619,0.012671660461180068,0.008080119952770248,0.05073350696536627,0.04039546687159512,0.05733464194259508,0.021144992390795814,-0.007619940833063277,0.0017647380580900762
2024-08-14,0.0020337459838957184,0.006883735611564301,0.016704141965840247,-0.023087180485979686,-0.0007636117446156998,-0.0033675110574989953,-0.0310349655555765,-0.0026925874701700936,0.021079554231074882,0.0028281084146595248,0.009980698330634308,0.008538559049310335,0.009797520176923591,-0.013689710045188708,-0.026868551807997743,-0.0308911115194338,-0.015074713930707695,-0.01901151361684905
2024-08-15,0.01353051078968992,0.011823842096072346,0.04048088905671188,0.005799255849313845,0.04403286281963403,0.020066008819854098,0.06336276788880446,0.046962704158803215,0.002327398898529731,0.02925730612794175,0.009808237502685335,0.026621455940516903,0.05352298491165186,0.037032475118289554,0.03865464130595164,-0.020041310813293967,-0.03485922591835067,-0.008182424231629515
2024-08-16,0.005918559130986933,-0.006080213462761774,0.013999717791314703,0.01029128710389271,-0.002984395462729106,-0.018442973782606953,0.009246267550119258,0.008143301732301156,0.016359565565549294,0.00045657293920875475,0.0039435880592690875,-0.0012630850400529026,-0.0024679638585695107,-0.006692036995954553,0.008699869527769355,0.023175912946963972,0.008987583355268836,-0.023925413068319634
2024-08-19,-0.0007078915477476411,0.007312221927554097,0.043506146577040106,0.022766402476164016,0.006551472258579993,0.0035265815780387566,0.030538618603692225,0.045234257748642426,0.021451766066753697,0.009395047412257052,0.0032734521971844455,0.017453786653100822,0.012008156930792602,0.012080459407809885,0.031145164944523795,0.010176700222877422,0.017013767674679325,0.035980063010558894
2024-08-20,0.0027447504671989087,0.007757601198244757,-0.021153806769509953,0.0030599099271670926,0.003703308593809629,-0.004817994615613053,-0.007273684933138069,0.0072127455306034705,0.014538211796514044,-0.01333949399598322,0.009063216950176312,-0.0015449551156613284,-0.01049427020907101,-0.012337832537867244,-0.024628284171541504,-0.008079210921579816,-0.024342815448445854,-0.008146868803984186
2024-08-21,-0.00048568710664453896,-0.0015537047221064748,0.009823207752174268,-0.007955461929884278,0.006876093995775934,0.016004293433332872,0.009814554993405888,0.00901536903538891,-0.002032786935379338,-0.002864496726898813,0.007400992259604111,0.006296092534181952,-0.0010244441034635843,0.012259595305082138,0.020009532199798175,0.03664287570061453,0.02265299333570292,-0.0031999519111942654
2024-08-22,-0.008259605544606918,-0.02025290736024521,-0.037042924596713434,-0.012360642880342665,-0.022097583221652117,-0.006035235396357419,-0.056478704568676985,-0.03871744949544764,-0.011705219851266602,-0.009575098863523479,-0.01512124592446118,-0.014758083229134078,-0.020750484352704435,-0.029962099057048053,-0.06118633700507603,-0.012967304646127387,-0.003208978571182075,0.003842240091730398
2024-08-23,0.010288000982407342,0.002984039591844345,0.04549877451935069,0.011110938899464351,0.005166572293719973,-0.007388497125443205,0.0458558981020607,0.02162161400976137,-0.003236867018362677,0.020921279344443544,0.008039115571928157,0.0015427406497490193,0.024762997688545063,0.02662714382312359,0.02189057341825995,0.061482671821355916,0.05394518732020126,0.06875117696530841
2024-08-26,0.0014988952616918905,-0.007917748358793109,-0.022493722930897242,0.0032605605670701365,-0.00869856159361615,-0.013030306100736633,-0.0322712435275504,-0.0321976408048662,0.0024901381574511383,0.004848455090149528,-0.00208363116031296,0.0020419392322470475,-0.04051466312845675,-0.02311249595265108,-0.019961136148285097,-0.018936071727747583,-0.03006259286816637,0.02697322091850274
2024-08-27,0.0037416975709243516,0.0008466450201034537,0.014550206133314703,-0.00890705114463608,-0.013561281383547064,-0.003876140507261372,-0.018760845523390857,0.00340018993371638,0.010574586128851537,-0.004071287689834446,-0.0030239696891244394,0.01497927364193119,0.011088985567400123,0.026196239622634288,-0.00298059952527574,-0.05369739018896724,-0.08302340092495786,-0.06575927278062887
2024-08-28,-0.0067537540986284395,-0.007829092565496798,-0.020966597521792196,-0.01111229665529545,-0.013401063602498708,-0.004469197107027978,-0.01653843794670573,-0.027508301592348405,-0.017075776671874543,-0.02006034648403554,-0.004332544952940998,-0.01282101582010331,-0.0198899113661144,-0.011958727928308432,-0.022919735499113525,-0.00800797843742207,0.02834351973360194,-0.02046130859636308
2024-08-29,0.0145702036194022,0.006137268553855879,-0.06384855952961821,-0.0065706273945767,0.007728290643119529,0.002786347279110979,0.002575935743848623,-0.005944213675590615,0.01263451069190702,-0.007300176299748773,0.011169047057049797,0.016216554058210875,-0.007902229746154954,-0.013733016205935478,0.02651700837482629,0.006108236397788236,0.00014918325787260933,-0.026668424165854243
2024-08-30,-0.003437725253162327,0.009730917032376496,0.015137479722116653,0.009890124417365698,0.037067191865004956,0.005962799252425155,0.03795812428442069,0.02110105127168982,0.012809048976507809,-0.01599168494644332,0.013412656166968517,0.008391356179880516,0.03753287271096806,0.03427955948801831,0.09488334994485936,-0.004524521990973862,-0.0011747515310726042,-0.013952047707592286
2024-09-03,-0.02720529207207778,-0.018459119001423607,-0.09525003749312633,-0.03684666383325208,-0.012605042016806678,-0.01831931583603652,-0.01639341692041585,-0.07821752361435275,-0.037114199419432836,-0.01913805573981342,-0.012668939333653872,-0.005866881277737712,-0.061602006855954405,-0.06879647583658333,-0.08802179915931274,-0.02856001478996517,-0.04165703712445867,-0.07619412186326069
2024-09-04,-0.008618874220464923,-0.0013188334089825338,-0.01657400210120108,-0.005783072732467365,-0.016567365497562103,0.00191499889812774,0.04183284569452206,0.028698646164131647,0.0064562674531500885,-0.0015318137960503853,0.008960565263014697,0.007372552071047256,0.008704821549068598,0.012803254459631708,-0.03333333649643222,0.00941156177702851,0.011721576032903469,0.04723658250950602
2024-09-05,0.0069279705918130485,-0.0012472645014968142,0.009415303935101482,0.005049705859993647,0.026308183871355473,0.008035250088898716,0.04904058305110981,-0.010151151596134111,0.005796804068651129,-0.006298548310134766,0.013214785749162017,-0.01272491494866368,-0.008435076246933182,-0.004742220842454237,-0.0015440394325425544,-0.031240343288065575,-0.03317283105091118,-0.03199729187267142
2024-09-06,-0.007015016610743996,-0.016381415717335646,-0.0408545318714687,-0.040193403508579695,-0.03653943460735232,-0.03209776310526402,-0.08445932396079381,-0.036503128576962585,-0.026110939490715968,-0.008735511165185117,-0.0056094686176917374,-0.007958761800823555,-0.10352046060592723,-0.033659124862753576,-0.026288672108771616,-0.03938239218868078,-0.06075888100671323,-0.03354913846664265
2024-09-09,0.00040755017887539324,0.01000755891730365,0.03539833411639015,-0.013335905197707998,0.023396899008788496,0.009035323381372251,0.026289605928169646,0.02828423982385897,0.01449443933286898,0.007336922360602349,-0.013539373201929106,0.011483701117625644,0.027883262710058032,0.016309549999270034,0.009528867707344402,0.05692033694302334,0.06052751356406061,0.08029073841862067
2024-09-10,-0.003621463301019312,0.020901085240281336,0.015309303548304953,-0.00033633329544635604,0.023660258265018275,0.0,0.04577608406578748,0.033948625759046,-0.0026650129647295406,0.001627728483103441,0.11437565839710606,0.008071831870787305,0.05247836336279055,0.005660246700963434,-0.004719462717784784,0.011034389872275785,0.013185970725884122,0.00451472753143034
2024-09-11,0.01158515618615863,0.021342391641137937,0.08149871802457165,0.016816844442354206,0.027680318219044597,0.013946283728903275,0.008666077418469476,0.04914592867851231,0.011653508918968658,0.013852797273583795,0.008274852215846895,0.010270200206538682,0.06787659111127642,0.03018307753808469,0.03477343853161896,-0.005300015516934153,-0.020815155801287455,-0.023134349346776162
2024-09-12,0.0004940159732522709,0.009360719200334211,0.01916163879373456,0.023352852833621096,0.013440254011034769,0.026903333777265948,0.007364189890953776,0.006072358590705429,0.007821284965211062,0.015226076197853766,0.026721147449822125,0.010630936383485556,0.03974225791192976,-0.009486007944642827,-0.01425655743372678,0.013669279499548104,0.009376782595058808,0.027506322733314104
2024-09-13,-0.0012120863847591146,0.008407442736107384,-0.000335749134718788,0.01790669620719898,-0.0027272433520636463,-0.0018642227183395255,0.0020886633855723424,0.010214188780878652,0.014938860978502166,0.0047361510222097,0.004027741380389971,-0.0846986509414378,0.019020404902991395,0.01666857815657452,0.015495827872037626,0.04205082955798245,0.03379882152498004,0.021731981678053236
2024-09-16,-0.027775173033399603,0.00174180984366612,-0.019479412127986873,0.003810549859768475,-0.00857958097692424,0.017476763289373087,-0.015241628421408637,-0.0015100501032480063,-0.0008033706543147945,0.009192176210380376,0.05122521632928834,-0.02862889574194316,-0.02188560709833398,-0.006677287934219844,0.06358087536631096,-0.039272608282607036,-0.05992916782948765,-0.05483763713248646
2024-09-17,0.0021726078428261353,0.008833043081297953,-0.010190083262880845,0.00797160286001275,0.010763186217390919,0.005700640567492865,0.004806404196833203,-0.008285076878389752,0.014946164298706321,-0.006695117344409751,-0.016790963300975847,-0.012406463476749785,-0.009450121163799174,0.012544030052138666,0.026781418939689106,0.0363626062794542,0.020225853753695455,0.000490472120617591
2024-09-18,0.0179898260330289,-0.009973677180359353,-0.01920586988754791,0.003075598933566015,-0.0024080275860086653,0.0030394349908682283,-0.0029402649901351108,-0.016775055796457772,-0.02325621051865867,-0.009262564558055297,-0.017555494285034,-0.013397324469570204,-0.004923943303381528,-0.0023708519649738857,-0.03260358071625147,0.02223798894564699,0.011966155926492306,0.018662212742914575
2024-09-19,0.03706548007527233,0.018291176662543318,0.03969320640281104,0.014579805382088029,0.01845197970580159,0.039315608181675454,0.07359155565707187,0.05698302373462605,0.020058832317067843,0.05371778547978434,0.018598246224951653,0.03603408061450031,0.038972252307378774,0.033392603536660515,0.017814103212812737,0.020937291974474137,0.04009875947956032,0.06600715840155602
2024-09-20,-0.0029274356960801162,-0.007795953543680789,-0.015864887811707473,0.008942835941549987,0.009111555436973173,0.0040243009584635114,-0.02324531900421767,-0.005040248291661165,-0.004671206043808107,0.0030451694312016997,0.0024466474258606485,-0.007864171850995083,0.021980608939277335,-0.028748916180603934,0.03311261982733149,0.004012038411551844,0.039078907942797114,0.026117523943698595
2024-09-23,-0.007580953403246937,-0.004043480861925519,0.0022412126460711335,-0.01063639729730792,0.011899784481557374,0.005451042344403412,0.04931794333683115,0.005129868979884211,0.006190972668127959,-0.009707415094788452,-0.012202544358733136,0.010664383408767408,0.010753971976564802,-0.017522887978316692,0.03296700129689234,0.0021651807873723783,0.03415537107139821,-0.011952336820468368
2024-09-24,0.0039739617590086596,-0.010011194660886846,0.03965257525653132,0.0027186843375452963,0.0004126358007008335,-0.0019134348948307567,0.017080017089843746,0.010015995688795742,0.023944813359600747,0.023579636542957916,-0.0009036078913084999,-0.007198719056053071,0.010986564795599563,0.005965100381556843,0.011081560546019054,0.01535087678718594,0.0021931251720292977,0.0557757443026492
2024-09-25,-0.004398095593208695,0.006850306027479158,0.02184157910649298,-0.004929427840591916,-0.007372694808574054,0.008840333084539242,0.010815214909361659,0.023370368728350854,-0.0009691758762142566,0.013496669539224238,0.0028949881153119694,-0.011773203625330075,0.0038892755929000877,0.007906527872568958,0.032003571533393727,-0.018021597802944433,-0.028242759218479185,-0.03184420265989618
2024-09-26,0.005080234494739377,-0.0018513997556385275,0.004291072740313373,0.007678496887943309,-0.007115748848874226,-0.0008269710612016645,-0.01089404681602335,0.033761270685467304,-0.01403903366498438,0.006092905971377682,0.010945378332521072,-0.004865841692324846,0.014642057202005843,0.026089318715851295,0.016142699489699153,0.032273891570151925,0.020474339471486358,0.05102350172350656
2024-09-27,0.0011865783957656362,-0.007627911442916524,-0.02128333117787662,0.007497138657075686,-0.016687603998192024,-0.0008453987114106498,0.024545630573566513,-0.01874738364479067,-0.005734888102817637,0.0031912607377468927,0.003807263644171277,0.00019398421551142242,-0.0303216041287776,-0.01465314491585712,-0.0004180697679740941,0.00935309904070647,0.024200548885121798,0.013972862448244694
2024-09-30,0.022872011207867082,0.005326913129526378,0.000329498759228386,0.011588793840953793,-0.008724793206352333,0.008953822358503283,0.004492104223754234,-0.00164286134733016,0.0027143753603833254,-0.010591720744698718,0.009837534525265035,0.00446195568261154,-0.001100336761836851,-0.00047033452074696225,-0.018820609193276883,-0.03740901688060083,-0.034436688588513564,-0.0325291392201813
2024-10-01,-0.029141703886863657,-0.02233330134669509,-0.0365613701423918,0.006873767586402568,-0.006440170323887107,0.007040034548735141,-0.013798172234708361,-0.026389576930362812,-0.004427129049246692,-0.010375693991405144,-0.019014110543757567,-0.028931284824268877,-0.02915941322119575,-0.025110298232558947,-0.03282176387315694,-0.039357521968434894,-0.059215476810716816,-0.048018976997009855
2024-10-02,0.0025199441732515204,-0.0084622916628595,0.015812078472725588,-0.006766846308604801,-0.0019986515757440815,-0.006348837581060307,-0.03488095932262858,0.00018778578589584427,0.007024233562572757,0.031786299136308926,0.0032904894295173737,0.005986495303703876,0.019048245817305354,0.015321599682725173,-0.013221733686558323,-0.0033568819965540397,-0.03417400898294953,-0.03375546303723764
2024-10-03,-0.004894714084663465,-0.0014143926791653216,0.03365586996064662,0.0,-0.015154729791167942,0.017387833128625907,-0.03357160254966751,0.01921396512500495,-0.006033003522703306,0.005116580461562492,-0.005068505251216937,-0.003973843489307627,0.0072072935769886826,0.003564495317803118,-0.005806126141598034,0.0020882627636797935,-0.006528083382423278,-0.02564631531900885
2024-10-04,0.005007357424084979,-0.0011523474129487843,0.016849755948416867,0.007234941988631727,0.02500542770436165,0.022599098165527742,0.03914235030998836,0.04943191581983597,0.018251286218979867,0.024349560899529,0.023972209709405723,0.006788434915841579,0.027633919939775486,-0.0001183316352036945,0.014824794263833097,0.021528753876634443,0.027663174452933648,0.04669427378704594
2024-10-07,-0.022530878017077094,-0.015670826877243194,0.022414377927526985,-0.02442242293783381,-0.03061493551686778,-0.01872701183758607,-0.03698816351676526,0.000409639126500716,-0.024704735970161762,-0.011051132105377337,-0.005208893305487794,-0.03927292571230179,-0.008831524365959242,-0.011604284998553926,-0.009296192580912077,0.002725801065549094,0.0028999101809363825,0.00572400670237827
2024-10-08,0.018404098958166193,0.012623919366054892,0.04047918397275185,0.008590142568157821,0.010619458719785868,0.013868575103737735,0.015238957526229946,0.010703642849556827,0.028265345362919136,0.024598470590053267,0.02588697503223525,0.018345993567322694,0.032270980623722245,-0.0035943421311107615,0.042001812748299505,-0.001682150134457161,0.007450745129958358,-0.004148613818935276
2024-10-09,0.016698404546265477,0.006631017289950192,-0.0018059417394399313,-0.015330321841504402,0.013408477078997505,-0.004014206186581881,-0.014110416966225725,-0.010300918679750914,0.007855709567175406,-0.012518674048075051,0.022480776902967792,-0.0043527400141395445,0.028882865475719166,0.02332570743653717,0.006003404437415538,-0.024944762232405493,-0.029328705566008972,-0.028445233874509368
2024-10-10,-0.002178258584953685,-0.003880490660000513,0.016283458285943464,0.0013590680340003214,0.007992632403596822,-0.01131212751580446,-0.009458613360014523,-0.03999538899427524,0.003931692776915963,0.00781477344803072,-0.013941094741979576,0.01920745832631532,-0.0013982813744499722,-0.009986892986587614,-0.010230169671106903,-0.005077433013489285,0.0065762664129611625,-0.0030658750213440333
2024-10-11,-0.006505308432985579,0.0011544363087887533,-7.422315930538659e-05,0.007156993194447736,0.011626110360002606,0.01048230537480177,-0.08782510719719294,0.02259719137150662,-0.010269892876734854,-0.007133684287466524,0.002052384684196884,-0.016184430720547538,-0.022672089619327873,0.008663531264643476,0.014642556530669149,0.036011743668549645,0.022088362462288513,0.04674786543152076
2024-10-14,0.016479741775748735,0.0067736549061512275,0.024258133260209425,0.010536737573324517,-0.006779016992029097,0.0007966369217367042,0.006244263504570968,-0.015605426926632249,-0.013544684983870736,0.012287391986515184,0.001991174002175633,0.028723063427121165,0.004573420036828146,0.04741724870084729,-0.005093333387304666,0.057667226762912804,0.07895974322138999,0.08298173567405942
2024-10-15,0.011024814197026611,-0.0009545297413747766,-0.04686026381316932,0.0030309906427630207,0.0007998782160802964,-0.007028652666937085,0.0018707960177877236,-0.05221761154301929,-0.009845770672608722,-0.011281047644608688,-0.011526283274114646,-0.0031786424734393526,-0.03472118864149176,-0.022186015467518416,-0.03327647904752351,0.015064992457922477,-0.00870247272142377,-0.017304457584390698
2024-10-16,-0.008852016434824916,-0.006256862656841666,0.031306901690387745,-0.0018133403566298334,-0.004262363692000948,-0.016170123137765335,0.008015641700267029,-0.0032558382841110234,-0.00563759068132752,0.008704672003041036,0.0039061113997409525,-0.010806429241514204,0.0047735160011492805,-0.01499214712303465,-0.015445736267721055,0.008526251733136592,0.0019493612019787498,-0.003143759361034837
2024-10-17,0.0015962643457831938,0.001441962678376374,0.008915487688009982,-0.01350195056085779,0.0034244710350397334,0.00024284618282544024,-0.001987992760882462,0.0007685589792785219,-0.02044156155237098,0.0008594957568119899,0.00520681709690618,-0.01136232314953256,0.026637121271113395,-0.0022160365852695874,0.00582703143107155,-0.0031485616380424464,-0.0026152226716711358,-0.025404203882628762
2024-10-18,0.012276670541498502,0.003455474473297082,0.007814114904975744,0.003007548011840111,0.007785456851548744,-0.0007974708386456753,-0.0008601676940163117,-0.0017919921875000355,0.11087036453117594,0.006286352815595642,-0.005635339367365377,-0.0038846139080627173,-0.009034352945361479,-0.001051974092077801,0.014705878603042288,0.015118035686984221,0.014314475606500121,0.031000767324619538
2024-10-21,0.006297830113760838,0.0014826700337113863,0.04137702035474322,0.003977447746222662,0.00042331249658356107,-0.0022724051388348654,-0.008382378207102748,0.012374127464743978,0.01070835845619933,-0.005632456750608639,-0.005323743019222782,0.005677909867142672,0.0005559773301386794,-0.011174726332424445,0.003074207001183993,-0.015360363935116972,0.009146104206381622,0.07253343005953927
2024-10-22,-0.0026217704872384395,0.020846346091523804,-0.0008353050194102041,0.006521556096443115,0.003332044214411578,0.011909686762420657,-0.004021041161845984,-0.02412918116444951,-0.010141530222904316,-0.01016192042980646,0.008920484466451217,-0.009242342292681949,-0.003388947606499104,0.024672996753786203,-0.01926447159010891,-9.567341618454961e-05,-0.01707410468059689,0.0062765825508031
2024-10-23,-0.021622940435472415,-0.006806786700839229,-0.028065780655142758,-0.014290862495879186,-0.026304640562205495,-0.03147706786429316,-0.019819274670942244,-0.007657814938185514,-0.0195619527391655,-0.01352606611049112,-0.012606227869563669,-0.01638576952868842,-0.032723968587067054,-0.037995246133747385,-0.018750003725290565,-0.01379441121005398,-0.04240086191916037,0.021955905732769176
2024-10-24,-0.0008234634405569485,0.00030605411842832275,0.006090512007098647,-0.00036862014576588553,0.009041189476714617,0.007255685703931869,0.21919035070290405,0.003466083098578876,0.007019991866486608,0.008191952046387785,0.0073946203456101145,-0.004453340345021095,-0.012448736759232748,0.009003813817485717,0.016378554042268956,0.02602442034118191,0.010123020035770258,0.03641461808682411
2024-10-25,0.0036431084370793787,0.008052117798287295,0.008047804988076557,0.015671236157246193,0.007779788122410869,0.009633954732087613,0.03343823359841336,0.018182959083295147,0.00017229458572343148,0.012902711709509518,-0.004931868495046676,0.0017603208153560423,0.009629247866526303,0.012908856898569576,0.015219344237493493,-0.022280180844656217,-0.03888913398757343,-0.06999466070958382
2024-10-28,0.008599474210985836,-0.003643501593135978,-0.0072064616454919905,0.008773282851765929,0.002981406341556969,0.008565286855607424,-0.024815158866218545,0.023619039507890127,-0.0073673575392484425,0.01139563298518853,-0.006339352541009036,-0.005540380114566479,-0.0056646428428824835,0.011452359598404183,0.010582000347830522,0.04899798117963772,0.053127079034948954,0.08101637896447955
2024-10-29,0.0011568830752404224,0.012564677707485483,0.005195071595825773,0.01775442533440863,0.012951868195294036,0.026152063780110035,-0.01139012091242797,0.039582303048599554,0.013776132600241242,0.017428791137815702,0.00585775719901882,0.009042919562291196,0.04197177414770081,0.021948713490638205,-0.0008726203183723191,0.04023493905417541,0.02830390688093809,0.007051148434286558
2024-10-30,-0.01527798199444419,0.0013429002295890502,-0.013522254962745506,0.028170614798716853,0.009956473710912794,-0.0024948548085211852,-0.007590942139718337,-0.10616537682095861,-0.007505526348254188,-0.008330893734384781,0.00651561240350973,0.0026576113813920887,-0.014505666496546388,-0.04761359205184357,-0.026200890456968384,-0.005238593875544262,0.007359875554762585,-0.024731028383304987
2024-10-31,-0.018209484702302325,-0.06052763999712463,-0.04722252844626118,-0.019202050999662434,-0.032843885079535395,-0.04092595626151907,-0.029897037679701866,-0.030484512740472258,0.003038133510050889,-0.016970259294923573,-0.03849672575764651,-0.0176707615536702,-0.038892505612854844,-0.028934549303004098,-0.034977524931955495,-0.029366396164960396,-0.05327564692788833,-0.03713008934232842
2024-11-01,-0.013279558350614784,0.009892962477629386,0.019885503238573854,0.00105175539969804,0.06185621865256041,-0.0007400357386281309,-0.003482130697311736,-0.015339811213403554,9.263897561884171e-05,0.01149712449681739,0.012988558832674357,0.009872827462501954,-0.005006917554147394,0.015359130553735056,0.07806692701856766,-0.010435331387529279,-0.001555695771857435,-0.01287099704771455
2024-11-04,-0.004037566333320419,-0.004654519611363983,0.0048005452761341605,-0.011967654106377124,-0.01086239567545566,-0.011425159658254747,-0.024660613282231014,-0.008106540896211323,-0.0007802950328514857,0.011163365829546468,-0.00252917098612504,-0.003003276151852252,-0.002190332395691552,-0.0005444933460503343,-0.029310357017834243,-0.024048669650932664,-0.045726260591370194,-0.05121448804647144
2024-11-05,0.006486197952366046,0.0073448707411125636,0.028371923972078328,0.002954065712708731,0.0190009257528736,0.020956496680520242,0.03541429020427689,0.006751452653783074,0.011118268587680058,-0.0017450744971014842,0.012913615003918855,0.010532891367884156,0.031741353785086135,0.004419355606983366,0.03552394408521198,0.02282879023690776,0.010690023242502233,0.0568967415139745
2024-11-06,-0.0032670604684373883,0.021192720767678974,0.04074063786687754,0.03988481790944087,0.03804509442551707,-0.0006636839524998273,0.14751032444224466,0.02428351230041903,0.02133765636733509,0.03163163477798947,0.05507049419256327,0.03784789407573652,0.03248977369345396,0.042673845581398195,0.07418523005471123,0.09053568676993895,0.12445812465100636,0.12135376973709078
2024-11-07,0.021372303824867434,0.012494669603979158,0.02245732734793493,0.024021125615984573,0.01429333510169939,0.034350089953244956,0.02904379065700735,0.03252929718924924,0.02093020504149612,0.012642347475389393,0.02830488339442616,-0.007745128555218139,0.023725956731475595,-0.0004624665107679782,0.047105802040505296,0.003513808689745934,0.06292423408548897,0.05017152333171926
2024-11-08,-0.0011883427559553628,-0.006793067494859417,-0.008396250661938387,-0.013277871432785582,-0.008902691496347037,-0.003988431534296066,0.08187665372925301,-0.012481713286328633,-0.0018831637726069994,0.03594187044539665,0.015453091515772677,-0.012457120068438465,-0.0009248272757753639,-0.011566827900176713,-0.001143682036614968,0.008439738809541852,0.023038926949513483,0.018358536856811103
2024-11-11,-0.012028399217004937,-0.010720832757723509,-0.016053682444574613,0.011213816815978106,-0.006436720074140423,-0.010469364921560587,0.08959591143118995,-0.004055362332561985,0.013081114714605935,0.06143811228167895,-0.0006339604150874534,0.01981082407949719,-0.025756922190272813,-0.015329803719802526,-0.043893186732483325,0.15880765733523816,0.1392555874130006,0.11354796228067299
2024-11-12,0.0,0.012009189028963307,0.02085928974310125,0.007041834117903489,0.01000777103494599,0.002829494288601575,-0.06145717075892854,-0.02524602013310928,0.017456275481163575,-0.001697227236999721,0.0023794149632072603,0.0434902700722124,-0.015035395519662154,-0.02899737853544937,-0.035528918832528955,-0.008406532091926988,-0.0380926778784183,-0.046756143922522364
2024-11-13,0.003969083018855235,0.0051297507737824155,-0.013622115721023453,-0.015086488608925586,0.024843245179395845,-0.008242143806185487,0.005327407385385952,-0.030146916966183546,0.013386213092395183,0.0016707065369661045,0.0002635330067088937,0.011549745996024319,-0.014981351599428483,-0.018297559864005608,0.03145696331464354,0.029882636380625716,-0.016530228997185037,0.013912822536254588
2024-11-14,0.013770509934683872,0.00397447441831722,0.003350105127487124,-0.018447974853736615,-0.012237320417028852,-0.004896351071316474,-0.05771559508909463,-0.003302273537612699,0.008176103633431797,-0.029468578854838112,-0.013605337799934225,-0.0049389763057511304,-0.01843525224087872,0.02212932982847282,0.004414149679566215,-0.03680261786927608,-0.041861613246530704,-0.027722643094210908
2024-11-15,-0.014109290074550751,-0.027852569721106835,-0.03257020586771198,-0.01759888988588265,-0.04194247823144048,-0.03998890010327116,0.030657525449785616,-0.02837800738497276,-0.01588508031704372,-0.01926718127101812,-0.017695814263157694,-0.05001226762073818,-0.03251559498555212,-0.02116241510318073,-0.027167410568174177,0.04373133907381366,0.014414035918883572,0.04242366250343421
2024-11-18,0.013422237936325798,0.0018313704943855313,-0.012889146123433837,0.016290887568440215,-0.004491405455644193,0.0005775585516751836,0.056186046847983784,0.029873973029155954,0.02802318078032684,-0.009254352375725805,0.010830470425748473,-0.007668286526819834,0.005035090630312933,0.024922076027599216,0.020123193570504183,-0.0057471190411420014,0.03377845601600127,0.09949494398263559
2024-11-19,0.0011402106585698402,0.004882655586042173,0.04894746247690174,0.01608663688555856,0.014427385751801136,0.012067097744201005,0.021432396454288627,0.0033110684381931765,0.028652404234235096,0.0036619115558809145,0.017067705856787407,0.00020014731233186644,-0.0019312175112545793,0.0012767865450495908,-0.02576487060052457,0.019892819836786257,-0.030073793436219964,-0.0070756535919846986
2024-11-20,0.003154091583314367,-0.005505354062002588,-0.007618540933474249,-0.012014365581817565,-0.008455088814713463,0.007895125249860246,-0.011473991967350106,-0.012841619154679074,0.014380460653176108,0.00701861639774326,0.009793649061320409,-0.0002201424206625946,-0.012700607993048396,-0.06338408696644382,-0.007851261490395722,0.02161166598491282,-0.012597623598885388,-0.011230225453652487
2024-11-21,-0.002096026891427405,-0.004316704999989818,0.005346569541479829,-0.04744851039990561,-0.022180598835253806,-0.004296696729711003,-0.006987644766217049,-0.0007994230048856688,0.015421156638108169,0.030948637650385802,0.008807201067373427,0.00988989477759028,0.004226823288225434,0.007713626381068872,0.017909217037762826,0.044151545428309014,0.09402613638837987,0.09192885348594904
2024-11-22,0.005907432601301554,0.010003079761322198,-0.03218107406272319,-0.017121244968120952,-0.006351495788949668,-0.007014880217559916,0.038040225983177356,0.006255004552998766,0.00034539187058224563,0.018583619695522025,-0.0007274653125909358,0.015284319116923628,0.0017687556510463942,0.008555132885072592,0.0024549699112637047,0.005004201495724558,-0.008763062239896535,-0.0021286787554156694
2024-11-25,0.01305088945590649,0.004292778456174151,-0.041775329437353514,0.017540822889169805,0.021966324768223133,0.010676972229324289,-0.03962446482142756,0.02009395487280896,-0.03586586222594357,-0.008508362746941667,-0.022362074418929234,0.012847712078536855,0.0035926088045143967,0.012947530290443376,0.015102075070750898,-0.05955056862531716,0.024595718218876073,-0.08604467924018311
2024-11-26,0.009404336783352507,0.021967941004735092,0.006616724131589313,0.008768253982220475,0.03181932866326287,0.01491737056475717,-0.001063189566898104,-0.02416214514369841,0.008098569110589704,0.012001965631398992,0.012660236236015754,0.012665563147674197,-0.00048531774891680257,-0.011900535638427856,-0.0329715148573404,-0.011997304040733403,-0.0254945044570557,-0.014794047625943496
2024-11-27,-0.0005530308384983362,-0.01168244937766727,-0.011539498161618478,0.0006503629512266684,-0.010199148999145757,-0.007567035813703771,-0.015788061864523528,-0.010746410938286988,0.005432030848423475,-0.03837615284634477,-0.04028980965824591,-0.022120684156130554,-0.030775774494416264,-0.003377352485297802,-0.01663200129810727,0.04323745271515378,0.09942287996365606,0.049026361022546316
2024-11-29,0.010215927635734534,0.001111078604185023,0.021501243456437003,-0.0016545419546513118,0.010450052683389277,0.008995250138368549,0.03685898787510977,0.006899494603032297,0.010793974783709581,-6.079765396116432e-05,0.011713088353006329,0.004380158916214905,0.015093591584151023,0.013619143626179442,0.01691330338191044,0.015620598664648044,-0.01743246854341962,0.005147637352720613
2024-12-02,0.009522458812557977,0.01775855048964048,0.0027488613733461786,0.015033972412069385,0.01356490130596999,0.03222950019329396,0.034563659025395044,0.035573736283440294,0.012325101457414833,0.003091016806882063,-0.018556645838852193,0.0005233646717253126,0.027332009484666298,0.028385655094423035,-0.0049895607356131855,-0.016377937607589543,0.014109971001334154,-0.07305826732977228
2024-12-03,0.012771863001280082,0.0005103168494076105,0.01175782567467576,-0.0008746999882979223,0.012956175029913197,0.035119666312598774,-0.01587830229999254,-0.0005631552332083789,0.0049346223095410036,0.0012688716003899092,0.008158353415948616,0.00011622928549970268,0.009849389208471893,-0.0027601661511972297,-0.06101132357718819,0.0014276215513644441,-0.0064449882448404106,0.037403723569562564
2024-12-04,0.0014836197560412767,0.01442500791021728,0.03479232735797333,0.017684103400021245,0.022113948494724367,0.0002117404100616671,0.018524782309774723,0.014156992718060257,0.00985401765406868,0.10994793989555096,0.028979300536077446,0.03918564305984917,0.014332405306866303,0.004674596935164255,-0.02269694011867307,0.02881567529768403,0.06093260244895049,-0.021695206166679304
2024-12-05,0.0001233938481810526,0.011887779665501474,-0.0004821619577166647,-0.009921284475218783,0.010955259211262947,-0.007901800473457454,0.03229681165351517,-0.018265190516555396,0.007474806652393529,-0.017642186514056357,-0.010362051724273402,0.003224627672911984,-0.0005275967118811842,-0.012923870077954702,-0.052823310372190124,-0.022020788503929523,-0.007893814272854183,0.021296372390190887
2024-12-06,-0.0008227981943086382,0.0021463221787068054,-0.0180614256794418,0.0119903090632687,0.029381072944344444,0.0243706097853309,0.053397958017247005,-0.019595389505523864,0.01837946999951634,0.001688049454656948,0.029263398237141747,0.027386667295669076,0.05314711792151394,-0.005486667755945862,0.0057692713286059405,0.03444474217316973,0.051115670898385535,0.013044380694812174
2024-12-09,0.016101226188364404,0.0055233455525667274,-0.025484584305924596,0.004928076226165867,-0.004140432746599365,-0.016352201381747755,0.0014644862094215227,-0.055703885018376864,-0.022519585655164542,-0.02878550727340079,-0.006468809641136941,-0.009096551463034563,-0.003286350999545107,0.007711156876166525,-0.00525815535135743,-0.024899664585615544,-0.07167591023781372,-0.08314499440277567
2024-12-10,0.004133544597023198,-0.006031131818890256,-0.026943023797652232,0.055881741847049415,-0.004644181824783655,0.009371461458768326,0.02873337295448497,-0.023916843968819768,-0.0003721635368578724,-0.007822010854607653,-0.06673659933604814,-0.0016060535005850696,-0.03984574843093458,-0.02662673366326951,-0.031234965651684043,-0.007772430783165474,-0.02335679484361486,-0.016181200236736637
2024-12-11,-0.005166038247081395,0.012767077271700789,0.03139099696688219,0.05524659558754652,0.02319588240507131,0.021571998402132975,0.05930322291934931,0.0188664167294339,0.025411935936641372,0.01728690766903651,0.004725973710605791,0.005264610085143451,0.06629412405127,0.02153892954880199,-0.001984077801659545,0.04652269534294651,0.055340716460503314,0.0637074588905755
2024-12-12,0.005963741543847156,0.0012695090375001161,-0.014141090900784747,-0.01760496337604578,-0.0056023335225717785,-0.0029873558089820174,-0.015702575706076027,0.003457642936112393,-0.011755765200442414,0.008961429458944403,-0.01825518257404324,-0.13692649754668484,-0.013864540036743422,-0.009948195589061348,0.03280317196235538,-0.011169293200355757,0.013118151777930187,-0.0018471139992630725
2024-12-13,0.0006857276600642503,-0.005093894683004807,-0.022498991060399653,-0.011148181365412957,-0.006594726378065796,-0.016550638705681187,0.04336284290396253,-0.02825422870563643,-0.00721732229890959,-0.010390060314290128,-0.011008410595379936,-0.018835729619777197,0.24432629527898908,0.0018328451253377676,-0.021174230968162955,0.014156490833941326,0.007237451638409276,-0.009643898415846897
2024-12-16,0.011727551970387218,0.009658575394887237,-0.01675983001316883,0.036034255716657526,0.024048121869595374,0.007082204033709072,0.06141250567967771,-0.0017335215062233011,0.0024051353171956613,0.008241371234418482,-0.012457501367565738,-0.008932988984733159,0.11209961353366227,-0.004037075571360127,0.024090450710041678,0.045047253804540555,0.01950182321838345,-0.037815499312959355
2024-12-17,0.009719582728216603,0.006355324916474503,-0.012196987643766977,-0.006305340797149395,-0.007641775792155969,-0.007689283482761433,0.036369912179738284,-0.01318182781717292,-0.0021170765971052496,-0.017523751179530755,-0.008876914198492125,-0.013650223841638942,-0.0390800492489255,0.0001900629967515055,-0.018722966446321765,0.001045771070669721,-0.02525776168846805,0.02996171177779683
2024-12-18,-0.021421833684515668,-0.037561039335367474,-0.011350519385405877,-0.03592268962871248,-0.04598741035997567,-0.03591944682720005,-0.0827949436951747,-0.028875324571185246,-0.0321826087526742,-0.03805236550625091,-0.025337267308752298,-0.030577978366528313,-0.06914211629639011,-0.030838533237296573,-0.05577305612578498,-0.057462106019896764,-0.06894545380539963,-0.07376009218136859
2024-12-19,0.007014711245658001,-0.0008230446853284556,0.01373047789648929,0.0005839541648118285,0.012561168873593376,-0.002712837254434386,-0.008997322180141931,-0.02083853333645036,0.014040813035882227,-0.002965265228131564,0.02043399643439292,-0.008882606176706442,-0.023700673115082505,-0.017314615043226733,-0.01243522179303036,-0.025495268879325628,-0.05550562793804503,-0.058615790073723306
2024-12-20,0.018815806483429842,-0.0009838516098623629,0.030762192173791503,0.015383764866345517,0.00729994595290151,-0.017327982776633055,-0.034642491239586515,0.0027759239458193807,0.007771233874632522,0.0220681773820961,0.005154383064612356,0.022359904094193306,0.011313551404394495,0.016555893721180936,0.0241343654097812,0.002717960528709318,0.015982047785855658,-0.00039292746274710577
2024-12-23,0.0030651476592140625,-0.0030920728537601194,0.03689673289733797,0.01682256240032398,0.0006224408269079884,0.024946693687015964,0.022657123925894362,0.04521432288435023,0.002640095341205795,-0.0021824240079960644,-0.0030648856092432286,-0.0009616548078952292,0.05517709864187892,0.03499232347224668,0.03483608039083452,-0.031401547812117236,-0.01634764358534513,-0.022936640113667695
2024-12-24,0.011477859449115169,0.009373796076078689,0.0039379833345492,0.007604146853316784,0.017728630305015924,0.013170018661688099,0.07357174228224572,0.013563422649296886,0.022678165767760605,0.004461882696228825,0.013420798714788296,0.002686153541799019,0.03154713950840371,0.007077956245015393,0.009900933071139262,0.04213760595334648,0.022327047913535125,0.03813014757997513
2024-12-26,0.0031756935333713265,-0.0027768826578526973,-0.002068300053090444,-0.0026005553141981164,-0.00873171784917226,-0.007239873025723376,-0.017629994630971146,-0.009739514989443254,-0.008561092329737452,-0.007868027187183713,0.0015751636638889899,0.004956023593792436,0.023698343195854843,-0.005208247372660679,0.0019608292291832807,-0.029192259396668696,-0.046054318696570506,-0.04452491515602075
2024-12-27,-0.013242167635940105,-0.017301645509649966,-0.020867451422346472,-0.014519489615658077,-0.014534256804240364,-0.005867182207099475,-0.04947922616674816,0.001039540103553671,-0.017951870767731304,-0.0095692008774656,-0.015843503879740317,-0.008174854820161781,-0.014713068938805529,-0.008137216393767077,-0.006849378343400603,-0.017022260795415023,-0.000693089573747363,-0.02332205545460564
2024-12-30,-0.013263288213554714,-0.013239423300378972,0.003503364793456143,-0.00788541704654011,-0.010949707031249978,-0.014287949708742254,-0.03301209257078741,-0.021966610323273295,-0.007845275823784026,-0.008007136380288271,-0.012132972605914838,-0.0015230764572350397,-0.025522142205678833,-0.01691701196270534,-0.02364529853577635,-0.01615940859041931,0.008253611009821249,0.03916460529228627
2024-12-31,-0.0070577919639458475,-0.007838462823521408,-0.0232743755432121,-0.010144243490736282,-0.008630834323407832,-0.009691402182185116,-0.03251001941775111,-0.013476000432689483,-0.010117338280694721,-0.004199806590763355,-0.00161772430730045,-0.0025123264868899264,-0.01587582812835564,-0.006210405334778124,0.011604417042266224,0.008484077565384274,-0.0071090729967826505,-0.009231969355264602
2025-01-02,-0.026235960014450277,-0.006927777742709473,0.029935236092802686,0.000686662165133578,0.003783225458606987,0.02344970574377836,-0.06081615932376483,-0.0013246432725940727,-0.005149746933716615,-0.010976910025081943,-0.0036606700932889646,-0.008275597590162831,0.0006037956993611981,0.0001303681859545769,0.008478807120336995,0.03700847015010855,0.03566682905923413,0.0977603585142004
2025-01-03,-0.0020094144543210124,0.011395847359519484,0.044537500673347497,0.012458389189149655,0.018027432561515733,0.008994611325845003,0.08215567328200035,0.03929375446479,-0.0064054806575529755,0.006774270063912624,0.001746626676119245,-0.02365077704258778,0.0024571708559608663,0.027271449448539098,0.016815042736590957,0.012597729955682757,0.04450875524089293,0.04803594183731308
2025-01-06,0.006738880764636024,0.010629470935847651,0.03433259923253518,0.02648736492168946,0.015254909370185699,0.042290264707945724,0.0014861742226248698,0.033341311426985154,0.0008398784942873494,-0.007119438278521795,-0.0037878316586202887,0.0014166926195191554,0.016598623605089458,0.01279869382890575,-0.03356024536148294,0.040472533656703336,0.023190384474730097,0.004481338815212288
2025-01-07,-0.011387749975879102,-0.0128082303563809,-0.06216967022922526,-0.007009627039910482,-0.02416414035082548,-0.019533405868320752,-0.040603340073111616,-0.017136249852624075,-0.0029485720376839497,-0.016942387013793248,-0.02208939184259784,-0.01982927765249498,-0.03286660417125753,0.004191371816389733,0.007045766670125797,-0.05050430525956884,-0.08323835401301194,-0.07540525869563064
2025-01-08,0.002023083790899216,0.005185002716400433,-0.00021407668268258462,-0.007877833789240674,9.006470850447812e-05,-0.0116040753547616,0.0014707807875760093,-0.04311635446647022,-0.004765735783734404,0.006062890423853995,0.0068506390527236505,-0.007216757625603476,0.0029303452393181217,-0.0089708854126207,-0.006496804928947442,-0.019388436629511285,-0.016337951334858714,-0.023098440984257396
2025-01-10,-0.02410380551139546,-0.013213757353870426,-0.029976388651702934,-0.00984771303659282,-0.014360970473526025,0.00841634862704388,-0.0005064369418009695,-0.04760337817376936,-0.04264003208705358,-0.027684252313265212,-0.050632925879489754,-0.03255630292599421,-0.02180457747192044,-0.0132008037272483,-0.03672030045539376,-0.0035990912387096063,-0.017688974648513822,-0.0505159018569995
2025-01-13,-0.010344139066364888,-0.004200797934500566,-0.019719094641636015,-0.005363529390796762,-0.0021923619356289947,-0.012226813429360606,0.021710512074366584,0.01103066846947609,0.0031037990777584845,0.0038382693955836267,-0.0037540854523838707,0.006355898913382729,0.004368937332483558,0.0009556220157629358,0.0026110258697233935,-0.0019527650463389001,-0.04039499272208402,-0.025289694968490428
2025-01-14,-0.004778124815995266,-0.0036435024342544864,-0.011033582340205239,-0.007067744862429448,-0.003204303696411004,-0.02314532459821539,-0.017232432245921525,-0.010484174566426141,-0.014149912532848363,0.01400947101965877,0.01552770823566707,0.010305976634218172,-0.002618851788450338,0.015273842255704384,0.0,0.021345722040169157,0.028124644018336253,0.02550512430921037
2025-01-15,0.01967592630720172,0.025597187194261295,0.03400136174038959,0.031055520622673694,0.02567051679689558,0.038485579244814216,0.08038151439752794,0.03333622937947234,0.023973927436387044,-0.007356279119919207,0.01279496177031536,0.011073168614373463,0.014686370858509656,0.030589780688999868,0.027083256757924445,0.041129999632577796,0.07037072715887938,0.09820206987226787
2025-01-16,-0.040400254989198636,-0.004058169711757431,-0.01959778088327857,-0.013500268115368752,-0.012043887924316987,-0.009430997855316314,-0.03362756026209668,-0.012670862409694394,-0.006943589373675674,-0.0036116984554873666,0.007769546050151455,0.023125944029702694,0.006184259522565849,-0.018125553588205667,-0.0025354583570742495,-0.0074383335632930425,-0.041208762051769265,0.025819353303090153
2025-01-17,0.007535281019319884,0.010480999608633024,0.030994912276280928,0.01601770418449533,0.023928209424767477,0.0024045985612777265,0.030641323404759113,0.025498113650921805,0.018673481439188455,0.014249808105032624,0.009339385318061,0.00716744574307171,0.03500285626459987,0.01938953170812807,0.09252667451779328,0.04716598568833419,0.05010419171097702,0.039737982181354825
2025-01-21,-0.031915917392995485,-0.0012352597207476723,0.022656397632776493,0.010459273507817501,0.021111818274402117,0.00602191965531218,-0.0056975209279747085,0.0067511913469875395,0.013494986524751562,0.007024897262747576,0.07166363644863138,0.0148142869877399,0.012087119061448215,0.016468083754329177,0.013029348051544432,0.01612285742854702,-0.0422269435654099,0.14020557874796058
2025-01-22,0.00534502385437885,0.041306824445996204,0.04430880623931399,0.0016157420033016123,0.018638063663626525,0.011420189319807372,-0.02112863871036752,0.012021599896777202,0.09694369803852432,0.017684574526018126,0.0675087986658569,0.0022000687617651504,0.002496848419004216,0.017755679598117968,0.004134136458219029,-0.023488299826845638,-0.026201080984625813,0.027249209956323517
2025-01-23,-0.0007594465433747866,0.0011430045314564374,0.0010199464281070991,-0.0019661081364892308,0.0017446222360446573,0.020769771880244203,-0.006576523247056931,-0.005737366339172989,0.03235880794021928,0.006133135940347589,0.012213708943604518,-9.148574099482332e-05,-0.0026151708183052014,0.024201043540286182,-0.013266281218217935,0.002962783076025932,0.029161404946970837,-0.014703017645661731
2025-01-24,-0.00393466901893802,-0.005932197520603921,-0.031245794604727872,0.011263958039886113,-0.002421170970448583,0.01734623813925129,-0.014064741844588391,-0.0016255248386581878,-0.007381733190887418,-0.002330784973927136,-0.015391120612984643,-0.0043450281325200235,0.01839517332960483,-0.012904321535124219,-0.03430689761649519,0.008265785680243276,-0.007544628669076459,-0.000370790900180884
2025-01-27,0.03178030867230097,-0.02139348005639108,-0.1696817602810443,-0.04195615866484337,0.0024270472668350695,0.019135236858259574,-0.023193450212053546,-0.0637414069935538,-0.005830661925405378,0.03959512382687125,-0.13790859419857615,0.007395840839245382,-0.1739681136150727,-0.005403586120856341,-0.025924100343569845,-0.026061918652707572,-0.03947193026937201,-0.07217668744584593
2025-01-28,0.036543904840282915,0.029086853406066204,0.08925878278744959,0.01819532821550962,0.011596277923594078,0.02189814836779025,0.0023668700890153715,-0.007303747080103173,-6.177996801415286e-05,0.03702086331255772,0.03613861551191322,0.009667100263045292,0.025874444507335115,0.002161626019631324,-0.02414990913538173,-0.007397669160641884,-0.0320259233300908,-0.0334808120479515
2025-01-29,0.004616791769015638,-0.01089005557239342,-0.04101104092546848,0.0005630870467348004,-0.004534900692607535,0.0032031237625411713,-0.02258280870425211,0.027853204486086636,0.00650323403179609,-0.016529912651392475,-0.012073200681979812,-0.0026194645282767715,-0.004870679276767209,0.0009325537453712673,-0.002525214090259187,0.023395602825692086,0.011662386097330613,0.003261240618644523
2025-01-30,-0.007394657022872675,-0.06180903204598032,0.007679824538892488,0.027941125994302318,-0.010250170242948609,0.015536186024446952,0.028732954254456988,0.012867508784531134,-0.005019730425726565,-0.02946326158666579,0.05159863377963947,0.009780853549754998,0.04511753395113893,0.001281308954075966,0.013164568550979139,0.009952379879751394,0.0432961927853559,0.048600407575034366
2025-01-31,-0.006692169331918407,0.00016870792319667594,-0.0367428458584278,0.015681953634793633,0.012955989149507907,0.003173178922507791,0.010792463618949588,-0.024482615237812255,0.0036168366891387027,-0.0054427472285314416,-0.0018782310849158046,-0.019170376217418572,0.02601314601875404,0.005816201114692721,-0.02898550310203918,-0.022249243050878498,0.015544497153892722,-0.030897587627558898
2025-02-03,-0.03385599695318753,-0.009974375330669139,-0.028400024922305644,-0.013675165708291193,-0.0010938846972727845,0.012014113314276598,-0.05170542044525328,-0.014489006894288337,0.0022318142057047297,-0.0071994720706951565,-0.008585132866259726,0.002628857845225152,-0.015998652721466167,-0.015555295347759457,-0.0025733990542378127,-0.009761255150828374,-0.12542911778756793,-0.06686438803363925
2025-02-04,0.021007936325508902,0.003528567111287906,0.017057971241610126,0.025592682461565763,0.019543422733693472,0.009649522492185092,0.02223206563315605,0.04576882393083492,0.01627272728689766,0.014444193431869978,-0.004211304645534986,0.0037163813500444842,0.021586328926172627,0.01644727228933518,-0.004643872504465962,-0.034846278405663456,-0.05183287439003281,-0.04190432314838666
2025-02-05,-0.0014175215193116264,0.0022309201968124803,0.052085971221723204,-0.07292376196779515,-0.024332807771026532,0.000965684887031415,-0.035797094243459227,-0.06267780639137677,0.01632374639185996,0.011012871626227438,0.022455188495876133,-0.0059060173968839,0.04302491703115985,0.016296965461153556,0.018662451317623008,-0.012836943218062724,0.01927853557646908,-0.05361789510447257
2025-02-06,0.0032261649601210696,0.006121673672678574,0.030841671795128756,0.0014111366930276148,0.011263088803542765,0.010100996026292997,-0.010180622383618165,-0.016516368528152303,0.004519792427589708,-0.04920529423984432,0.004019596345943066,-0.005095653774757181,-0.0027587150330984356,-0.03718862510103127,-0.01374048157787544,-0.00022924323774897726,-0.035647794157377954,-0.031714430992973885
2025-02-07,-0.02396866625992322,-0.014597698917372504,0.009014904207280239,-0.03267219548989253,-0.04053095448794497,0.0035534105671697347,-0.03392822173149601,-0.023602088027252943,-0.0017230136498768145,-0.015054037678146504,0.012242584453750371,-0.005351370245585074,-0.028051441024944723,-0.008032179623776337,-0.014447822054797221,-0.0006647556256734743,-0.024620471517087794,0.01281618534477591
2025-02-10,0.0011873348340269985,0.006028083539370899,0.028727674110829104,0.006096856569964837,0.017412199866636113,0.0040306939963818955,-0.030114441341470455,0.027147693051491117,0.013482236692653471,0.004204717279320924,0.025564539762485072,0.04163298883406319,0.045226209532758244,0.0202429504980719,0.035078537325264225,0.009411347276075954,0.014855998890934918,0.04241157975930099
2025-02-11,0.021831774959728545,-0.001892198994609795,-0.005764750619071335,-0.0061670778051872155,-0.0016299428832774465,0.00334538448690358,-0.06338211812502892,0.005611831085707397,-0.01899575163900946,-0.008557405907666848,-0.00966908113931042,0.017113724487362703,0.0,0.003676284644660077,0.06069796802253369,-0.017345724709743937,-0.02193953673434812,-0.011848852683595812
2025-02-12,0.018270053787047935,-0.005833008997389921,-0.012500102240783906,-0.009227311144819117,-0.01645472556041938,0.0077522110158285695,0.0243835913717656,0.005580582854161298,0.01907590842001894,0.005301993293211682,-0.02804896379746935,0.00858725072688915,0.005573389582533617,-0.009884268367089222,0.07200764322010311,0.02233406885677658,0.051529524214203315,-0.006104367701140201
2025-02-13,0.019673317361709852,0.003667010931902581,0.03164565674542952,0.013779155672911658,0.006290143220533118,0.00438391053044862,0.05773971683431944,0.0008055526038963645,0.01594455854138488,0.011437608342476091,0.009522618178357423,-0.007649771955694273,-0.002326978427845572,0.010922489421722803,0.07339856103778764,-0.012892487184132717,-0.022287794557012575,-0.01175385599368739
2025-02-14,0.012710726986052912,-0.005139610175768139,0.026313748070844634,-0.004888977208355572,-0.007336035409240549,0.011131425129949468,-0.0002809633725618932,0.011537438008182743,0.014285824980295736,-0.01003497981724455,0.0017254739518424156,0.0020469544856660526,-0.01170490236591637,0.0004647898666605421,-0.02196430989349596,0.009160278803397981,0.018755901306300338,0.02815329303314873
2025-02-18,-0.000531567942781197,0.0029625783877744727,0.00396101916417102,-0.007881990633719527,-0.008877028355405603,-0.02755632432129751,-0.004861766535893763,0.010433247755045505,-0.021490662315908238,0.007410970001042738,0.0323841571184027,0.008583930932757777,-0.01935284229300971,0.008186620730576966,0.16059317571683396,-0.02019734082153335,-0.020818334398912564,-0.15430653048191156
2025-02-19,0.001636183378388889,0.012523122681453946,-0.001219285073130183,0.00816242840826753,-8.81933122002243e-05,-0.017588670641107584,0.018214714280444966,0.0035877114673512622,0.0072211334193557075,-0.013466630138408098,0.009566077853695898,-0.015341180629402151,0.000875116570431933,0.009099233381375305,-0.06097116150083226,0.011472343504350446,0.017394617624989728,-0.0004346135783533933
2025-02-20,0.003920450651821339,0.005290751132110083,0.0063204423969047685,-0.0038323235031113567,-0.016546793977871843,-0.012688830026634568,-0.01708454543992588,-0.004533998268302142,-0.018009621111601537,-0.01879641782032604,-0.030409873961561473,-0.005032906282671723,-0.008700263564359267,-0.008674563484474263,0.014385725082087797,0.017574558032842136,0.009063900656951951,0.04164281692826455
2025-02-21,-0.0011390045869321686,-0.019032561891515143,-0.040539584386111494,-0.02654958366688176,-0.028266344731418536,-0.016248395554755768,-0.046839747148427646,-0.02916704812526194,-0.020877661089545363,-0.027101778936367782,-0.04653414450823268,-0.022806736593078747,-0.035635445671634236,-0.047610981492761884,-0.046761184600203176,-0.02245807176184722,-0.029459697666460616,-0.04065494030789929
2025-02-24,0.0063124340025495496,-0.010313347939365003,-0.03087105387324096,-0.002282090785745594,-0.017868663239768212,-0.022558662400636864,-0.021521578674915554,-0.02463005970531429,-0.014633925969282258,-0.0047771792729539575,0.012812337965879106,0.0002250767506910556,-0.04907175964080257,-0.026174032997040464,-0.02412546687667183,-0.04897111281063904,-0.05483199893812607,-0.15928643150885546
2025-02-25,-0.00024293334244607223,-0.015099044538306572,-0.028016671189648235,-0.021366784769746072,0.000423094048469963,-0.015910109064395273,-0.0838955952220366,-0.038386842127920096,-0.011361003340981335,-0.007913716982377417,-0.008355029866788932,-0.002272646899573627,-0.025922202048091814,0.0007448085184142972,-0.05274003553782591,-0.029337712021491935,-0.008047015853369976,0.01491850504807779
2025-02-26,-0.02704007944794129,0.004599249342540412,0.03672123815516759,-0.015334611399897669,0.007283848822975836,0.024638870369580346,-0.039630120487999076,0.007502874049306829,0.013118555252293662,0.0047402225200912085,0.02331795410174231,-0.004307533989613921,0.05134794577718549,0.005458322698907558,0.023053531619053658,-0.04946290046952739,-0.06502260921668868,-0.06437147020524459
2025-02-27,-0.01273095312021233,-0.018012147648445942,-0.08478063621894272,-0.024489025215968074,-0.02617215045770649,-0.022948075121246525,-0.030433204805490277,-0.04993312807148853,-0.02726094971423887,-0.04044505785621311,-0.04470345360715733,-0.009762168875636856,-0.0710997324939251,-0.047254733170641994,-0.018282325544506706,0.004234922709094535,-0.01113823258073876,0.020688622598628914
2025-02-28,0.019131864646751318,0.011362143639570332,0.03970035474087119,0.0105636705448644,0.016958863624484843,0.015131356174433508,0.03912040539724382,0.003517219039367747,0.018160679532392754,0.01000353740922999,0.007890150594521472,0.003133637799439537,0.008240509384561667,0.01767676456792655,0.02771760006145807,-0.003910297790814532,-0.029312322518993406,0.07563689438777654
2025-03-03,-0.01575410783518072,-0.021411175977907648,-0.08693566760230031,-0.01920373364719874,-0.03420008737791658,-0.019679749446779526,-0.02843203214376444,-0.016322824388697255,-0.0069959718016778805,-0.016082153856665227,-0.024328405528134533,0.004925218155175548,-0.06047228955019579,-0.0225871334078116,-0.04171933376383308,0.02006167738219755,-0.04125791199656137,-0.04059262191284774
2025-03-04,-0.008822464043871547,0.00030892519623137993,0.01692102764841108,0.023411908503579548,-0.005950644792113935,-0.022975352846853814,-0.04429996705409467,0.025654042114908737,-0.0011502465703966402,-0.019517964416891465,-0.028083024690944036,0.012048460573348407,0.0005870537988328373,0.005468244052957205,-0.06200527095883879,0.013437685575495406,0.011391432967872817,0.020387764955851706
2025-03-05,-0.0008052767851814968,0.031934366955736815,0.011294034722944435,0.012286490759920943,0.022374865016246748,0.025734421719327827,0.025952056083059283,0.009131495473402751,0.018857056209145462,0.016113062566833758,0.025973293775857886,0.011680809518052504,0.02186902400793267,0.026090832203687908,-0.024378830737160184,0.03899657851208138,0.03316205356610458,0.00932069515258771
2025-03-06,-0.0017392366739927834,-0.010298692177502788,-0.05737421353810346,-0.0038723928013040254,-0.03676331176651404,-0.04347498808707173,-0.056073068986891905,-0.027736793012804295,-0.08533485081482117,-0.020275858620867893,-0.06573409065865421,-0.014316088101417601,-0.0633156430039048,-0.01014977029356734,-0.002883203627207065,-0.007303133084179958,-0.017618594251921915,-0.019909294752828544
2025-03-07,0.015892623751117885,-0.009020184772629891,0.019173363671488586,0.008761159054474055,-0.007224698407026442,-0.00361509467236909,-0.0029607088371812473,0.01476984427930872,-0.0168255604746258,-0.01104705184540633,0.027958046066898445,0.010387146746407394,0.08643076822470364,0.03319662954654046,-0.005301234233810015,-0.0357824911826653,-0.02882630029114286,-0.02892177566448617
2025-03-10,-0.048479528494668966,-0.03343422477658964,-0.05067006208868008,-0.044857769114966306,-0.02363867861413893,-0.044225321518067795,-0.1542620682219511,-0.03668627649029921,-0.02741525503903819,-0.03531415401000926,-0.04105446322778061,-0.03186472523076456,-0.053908300358848193,-0.038704899008343174,-0.03439918146648513,-0.09465551034480402,-0.12989144410533926,-0.15025873568623327
2025-03-11,-0.029189456376913947,0.000762961740482071,0.016638563794758587,-0.011032793467185775,0.010537694677220655,0.012910006178662226,0.037947369642955975,0.0013453884560461482,0.03279183657947349,0.015207022213800547,-0.03098327264624834,-0.003263728403927413,0.03057721295405602,-0.012130428570920171,-0.007526322941967978,0.05513944554449135,0.031536179458804936,0.058940700441465044
2025-03-12,-0.0174787517725683,0.0074122268753500364,0.0642760440986252,0.018715053490606648,0.011699491808345286,0.022865702105579366,0.07593891216839133,0.04164942838284502,0.02746062031553187,0.027179183370880544,0.04653915389698149,0.011391418160977773,0.02177912256723169,-0.00195966979388984,0.04550048469603496,0.010380466895202334,-0.005657907202539225,0.010532142943282308
2025-03-13,-0.03364364333837988,-0.011741143812940225,-0.0013824904283022965,-0.026030801195850883,-0.025139524437347016,-0.04667819084930225,-0.02986820819658209,-0.026589942264430566,-0.03208729073046179,-0.0451191767640684,-0.02140617293284519,-0.13853171208411885,-0.014776281398960367,-0.005628276139186816,0.14603483622811297,-0.0317197970748182,-0.024103446480985946,-0.026046861652631148
2025-03-14,0.01817056502603709,0.025846941416463487,0.05269074736129342,0.0167731491716141,0.02093969555611075,0.029629831330895806,0.038640532386444715,0.029150959051668757,0.031263745286534306,0.028188868766827246,0.01090331119924759,0.04472791144474608,0.021843714693579264,0.030538435041855827,0.014767867630974818,0.03580259620308812,0.024959035666801466,0.0813419490200169
2025-03-17,0.0023888680861419154,0.0003602020659689842,-0.017588593292233834,-0.007251161103820958,-0.011164392468548168,-0.004443748636689504,-0.04788383640805216,0.03585218454414796,0.03488012792117323,0.0048318285456341314,0.03175436332652293,0.011653255857822842,-0.005318539555133839,0.008749539414494523,0.06819132428369734,0.001269347123127984,0.009183398052902358,-0.038636252821081296
2025-03-18,-0.006121471833495762,-0.01332656982973246,-0.03430092983430688,-0.022034242620967093,-0.014917738259935365,-0.03726246782522069,-0.05335909096824709,-0.010325979916579131,-0.021094269867047655,-0.007194990363753817,-0.029608418153576066,-0.019957933825289875,-0.029974388218946824,-0.010509589474087533,0.008952881956207692,-0.016142449028442418,0.002875204421535882,-0.022245089106437965
2025-03-19,0.01198926693711777,0.011212051878995988,0.018106121552142307,0.020041157285542788,0.014106347155876442,0.0029193052222074023,0.04682438935722,0.026277665583692045,0.03173182610447722,0.002367851106326757,0.02007361829135057,-0.008891791686043815,0.036571760547084775,0.01260461241452071,-0.06944441480564656,0.049997601050550955,0.06478796942480636,0.08187367709171878
2025-03-20,-0.005296248089122324,-0.0025269423082511233,0.00859436722733875,-0.006650783138390626,-0.003017266841301769,0.003321386980961183,0.0016958954271570903,0.008566280748925958,-0.009015183965747409,-0.001288504162897941,0.0017712020686320162,0.0044341711262763095,-0.02277155255123464,-0.0019587095658913922,-0.006633571691278095,-0.030937253791171848,-0.03676306928602102,-0.05956461989357209
2025-03-21,0.019476771118162928,0.011425907871364549,-0.007002505407216808,0.0073096698900982915,0.006463245885351521,0.017491595811930383,0.052696235065183616,-0.006533479113588925,0.009938577452187847,0.005698235586406808,-0.0032085849541746425,-0.006031610262290932,0.005878097283141814,-0.00715419146381957,0.012520916355276412,-0.0014727011460912154,-0.008704061657306195,0.0073188153819889745
2025-03-24,0.011270303635123158,0.00465157607897515,0.0315208925704582,0.02250130973210407,0.03593082692897398,0.03790354301551302,0.11933580126800525,0.06961664658730116,0.01218380048865808,0.019029258937647064,0.017342122512826075,0.018617960216036122,-0.0021391799796656175,0.020788161775878278,-0.0016488423392398976,0.04111778395329413,0.05732326186499015,0.09685380766036156
2025-03-25,0.013682027703617816,0.005291574247855202,-0.005930291014790923,0.01717562189732469,0.012053587883713357,0.012054548579032875,0.03502280788451673,0.008432139634072078,0.026018779964030125,0.009267087331253032,-0.0060695165192432565,0.02324641518837267,-0.0156340843521795,0.0004372988125200816,-0.0008257040042114472,-0.0003109860024155253,-0.004676265671871183,0.020925781159875312
2025-03-26,-0.009921820574241624,-0.013133791115909288,-0.057419898466888664,-0.032246852156992856,-0.022264360904062586,-0.024476653338904586,-0.05580626179068948,-0.0402403555041424,-0.026702575701057163,-0.02640248748157925,-0.03982335060717934,-0.014443605386650238,-0.047753017870733605,-0.010989685754816625,-0.0322314323163172,-0.00652577110204744,-0.028327615997143618,-0.045394493652970214
2025-03-27,0.0104726878482726,0.0015640204049478523,-0.020481749741028232,-0.017084629118637507,0.0011435177345771042,-0.013748359902634566,0.003932982922226103,-0.03212633484974947,0.006253485948992665,-0.011317198549243068,-0.013667137478931557,-0.00417285556496072,-0.04060916196749875,-0.0026516888186308707,0.008539742198459432,0.003178549412391707,-0.003400331205273277,0.007712275978333238
2025-03-28,-0.02658047331949631,-0.03016025898448893,-0.015794642330693054,-0.048754981364384276,-0.04290822091507429,-0.042882214214838954,-0.03507493471452938,-0.0321612776005773,-0.04389175058021877,-0.0282207617758784,-0.03368094047061865,-0.02635366048783594,-0.01668709207515684,-0.033234187207107024,-0.03852674523403099,-0.032393289916566204,-0.05336434495667708,-0.0645059180075207
2025-03-31,0.01941267505554678,-0.009001918409558884,-0.011762523359304056,0.0020086951736282277,-0.01276466738421178,-0.0006588841908947707,-0.016657121359109794,-0.004650294044342029,-0.001413543729293254,-0.005963470649187341,-0.007524631560900996,-0.005651895787187944,-0.009992936048421885,0.0058275962697771355,0.0,-0.02138905788841794,-0.03799674909002859,-0.03653926324789469
2025-04-01,0.004772015712181776,0.018114409079872607,0.016331508990075072,0.015713959267192212,0.010038913682617112,0.016725474353453285,0.035885119854736525,0.0003893412143185504,-0.004450268869217733,0.0068563316568495125,0.01523507773570909,-0.0008603931200058534,0.006510227611827846,-0.0036455365619596503,-0.029062081638892123,0.0317418810684309,0.044975253629213396,0.015945022699281886
2025-04-02,0.0031363578613552434,-0.00013079348911793076,0.002451035023803394,-0.000191109018910951,0.019982288465834053,-0.003532375486145156,0.05326685079977622,0.0017513164751277177,0.0076908651232998615,0.004959605484158525,0.02761728022058829,0.006732741362418526,0.021184508351997255,0.0067298013288674685,-0.0031745894442738454,-0.031507420800550134,-0.05782142048584138,-0.07044982288851231
2025-04-03,-0.09245624301677291,-0.02363025992526424,-0.07806540629724779,-0.04024453353506119,-0.08979129298487265,-0.08958262721944699,-0.05474611137253549,-0.0889665512253901,-0.019743031506645692,-0.06006500976319584,-0.05916653462883292,-0.04803255440388399,-0.10506138277691046,-0.09514532244065355,0.020473192552836084,0.007481504135517403,0.011320573057860273,-0.005911927958821006
2025-04-04,-0.07288724152151616,-0.03556575362111003,-0.07357573294093378,-0.03397011857485588,-0.041533565999713695,-0.05058120056870652,-0.10419786826814681,-0.0857142926860135,-0.06672485877238488,-0.05669389442398176,-0.06529163817426331,-0.04950304336495914,-0.05012665255908322,-0.0857840006637397,-0.1150245157647507,0.008916382019940938,-0.00016633386447217902,0.048909572594324935
2025-04-07,-0.03673435857046181,-0.0055023735619732506,0.03530894291008568,0.007898359205453342,0.024912248577988017,0.02282411905877635,-0.025644236634809525,-0.024720180664342672,0.013985916115703434,0.014329495345182908,-0.008653588382600996,-0.023977984191043356,0.05366063028405921,0.01773112496289997,-0.014105827771514479,-0.05496492874072856,-0.14327614952526446,-0.12936318443695705
2025-04-08,-0.04981833355556564,-0.009221592059151518,-0.013723678044731624,-0.013969471502257247,-0.026246667744515673,-0.011234889190166575,-0.048994783337158454,-0.06492109450980954,0.002961453195615027,-0.0009008098550347121,-0.02091857136021824,-0.002054629239654604,0.012261643409287704,-0.0390071716821061,-0.07358204172269156,-0.03739976334343409,-0.05316723773116572,-0.013007957986751473
2025-04-09,0.15328879801842077,0.10133691043354087,0.18722738335196376,0.09682111147627892,0.11977031526306248,0.14755606344388128,0.22689989839624514,0.23820480081192907,0.08624765712112903,0.08680694856140403,0.12200799776746196,0.07247063131893383,0.1866305917355091,0.15185300998331086,0.18753456609289443,0.0826253916648998,0.1327537447707503,0.12837709930530616
2025-04-10,-0.04239390329141024,-0.023406531341426562,-0.05912716717181454,-0.03711165178900888,-0.051700704171933065,-0.06739841468091701,-0.07274069589492616,-0.08405617201023685,-0.025701506980371325,-0.03638861690855255,-0.04195695260706789,-0.040012138737805625,-0.06940303111140755,-0.06400168930357608,-0.076637318776416,-0.0356990599146636,-0.08724085563087758,-0.052525999496318754
2025-04-11,0.040594526712567136,0.018618038931961234,0.031235543708714397,0.028268280057462514,0.020141230945248445,-0.004979068825438193,-0.0003565623615965352,0.05298765207826617,-0.0031263978948412596,-0.00047028843429353095,-0.00749905478972257,0.006913336700830497,0.05594877179384983,0.03608644584342091,-0.007042223116625057,0.04745546227457886,0.02931391157840868,0.07737722445249506
2025-04-14,0.02205403401817052,-0.0016474791946833323,-0.0019832118903629903,0.012282213945819631,-0.014875318183769082,-0.022241721650315016,0.00015856900364230597,0.011777285397755799,0.014145813827956433,-0.0017647595553704765,0.017302541786635706,-0.00442590164607215,-0.01967673057915209,-0.0004308483819985831,0.028875364814248572,0.013638953601592618,0.035491258007128934,0.06399940437523055
2025-04-15,-0.0018764003164229992,-0.005363481416703619,0.013458516431473333,-0.01735085030548622,-0.013891933050343641,-0.01874019638785107,0.006974418324816822,0.008359798047908429,0.04832059186957616,0.0014928746215803201,-0.005198814449763667,-0.0015103552870131542,0.003307808527524214,-0.004238784961654196,-0.02264889692606953,-0.01033089354397465,-0.021036532181973544,-0.023565384799194233
2025-04-16,-0.03893331109501452,-0.036606100483112636,-0.06871651463810469,-0.019064648323387612,-0.029288905919567454,-0.03683474351236893,-0.049427403598542696,-0.07345996361365725,-0.015005903661035713,-0.01996633033134243,-0.031208219411860916,-0.017666540199622882,-0.024252471836294087,-0.020634897172309596,-0.031234298605463895,0.004360934564412222,-0.00662651680945181,0.04107740380545444
2025-04-17,0.013949510540231636,-0.010306318067185072,-0.028710965993549165,-0.014152468638223059,-0.009866352335440198,-0.001652220320624842,-0.0007452201709629014,-0.008947795982958362,0.011854864820885824,-0.010326586070961485,-0.008785393591878243,0.013393722417452514,-0.0207318657830603,0.00677763420187083,-0.015600584721889077,0.01025637449930672,0.002815397066748826,0.02471709070799677
2025-04-21,-0.01939274676852487,-0.023546742397988374,-0.0451274783927359,-0.023088328958738136,-0.030647084568839134,-0.03354083862369717,-0.05746362595919796,-0.02217145647321428,0.015292426142407889,-0.044487551746610565,-0.04509408797705017,-0.015997668484947436,-0.027954912514636887,-0.003805248054939092,-0.0047543661456403985,0.030898557937234727,-0.001778045385782856,0.014889862122473119
2025-04-22,0.03406496561472383,0.0214413849758901,0.020431191686657524,0.025733183421214667,0.03502262189247651,0.03222878801357609,0.04602198338770602,0.00818144690989886,0.05307159757857405,0.03017855353917054,0.03598762432948388,0.019491878146997488,0.020275514542128725,0.01909810608296847,0.03556263645793645,0.06767662701452015,0.11242216226721125,0.08803681279473663
2025-04-23,0.02433171731153072,0.020636855780046925,0.03862882057633876,0.02561572764868658,0.042845673527805994,0.03995762215260057,0.05366224400956132,0.04787847381333776,0.00889135361658866,0.029130191523049742,0.032694135788851275,0.005858614419461672,0.04322451863560817,0.01239729736145967,0.05535622301568521,0.0027527134594511615,0.022063326905880754,0.016225120247818303
2025-04-24,0.018426171166043392,0.034482636338055705,0.036218459804152836,0.02529766310335413,0.032890293365840595,0.02475624865171988,0.0349764859229853,0.04513775703733369,0.04504613080029585,0.05677111658592815,0.04649911909055349,0.025429061326061486,0.06353500828495218,0.04805631429281476,0.04371052024577837,0.0026114175645013393,-0.014627537926254486,0.0076142155039220505
2025-04-25,0.004367143946655494,0.011748041441691726,0.04303307964843439,0.016825742164099156,0.013133978209558528,0.026484181939616436,0.09803091011549903,0.023076111749832817,0.004248483712824047,0.011900217867160334,0.007126882646780741,0.01886896314730424,0.022110151906904463,0.009170495333927109,-0.06700793622124324,0.008267742531563593,0.009494042160750782,-0.009117484962737121
2025-04-28,0.004109370269468338,-0.001760911021673528,-0.020538730954978157,-0.008335424470172548,-0.006825802991833663,0.0045132578138991075,0.0032637046356942534,-0.0026901410463077147,0.00803429899513608,-0.00825078303987925,0.011914204860357769,0.002447497806746135,0.0008318961421207582,-0.0063274810922372415,0.02294269373192903,0.002726442533559359,0.0068381557667986925,-0.02057497164412314
2025-04-29,0.0050918550337659685,0.007362806767170493,0.002667138823749138,-0.002801829259562183,-0.0016515586767922308,0.008549524914210682,0.021512501019458785,-0.0034236106768781305,0.013743051467801859,0.007980691504164472,0.0046381036525893204,0.006402300201838962,-0.006754209532381816,-0.005012614271463933,-0.008288643315301214,-0.007306486319308303,0.00018003291759050022,-0.009350283559027117
2025-04-30,0.006107765357894035,0.0030960450985764165,-0.0009173170731193725,-0.008491419129498912,-0.015849304820837684,-0.00981153789866629,-0.03379788089732105,0.013429116680337971,0.0054013189246651105,0.0035477984655807315,-0.0004970621157380783,0.010782252093219702,0.006800139096690305,0.010757049140717179,-0.011799398688186802,-0.0008217291810309613,-0.0030015237962643937,0.008299868167898516
2025-05-01,0.0038588230398270973,0.07625359330083747,0.024697046047989613,0.015743016691820433,0.031341496782804956,0.042276831471908194,-0.005812356915055328,-0.0071905183278279106,0.0015463458831526111,0.0023072705683264694,0.03389704213611111,-0.0009333993633287019,0.025250738721619204,-0.08924966816949298,-0.005970190893330951,0.02425526614507767,0.025335483600515296,0.021696795506795485
2025-05-02,-0.037361858979387486,0.02322531486957824,0.025893794229703504,0.016924969333864892,-0.0011566836184704332,0.04335816564245221,0.023848576584252656,0.022245230128663973,0.02030933285085479,0.021349359990415095,0.036016141772752475,0.01665640806407631,0.031976829225749626,0.03402101099595822,0.03203209768069071,0.0043291974532626565,0.0018955454880142941,-0.018539064091600554
2025-05-05,-0.0314584517552815,0.0020446509201001994,-0.005938814525673242,0.0010973459201462088,-0.01910722026349243,0.0037686799337157684,-0.024198258752220814,0.018117340393148718,-0.01939492606911075,-0.008906590639093825,-0.009553456209802969,0.0004988642944891986,-0.01433898602353989,-0.0026464258709940625,-0.01697382964232408,-0.022309504244793943,-0.012487261901142133,-0.00914146064042376
2025-05-06,-0.0019106471414049864,-0.006557139849642457,-0.0024600353455362933,-0.005968056032600644,-0.007190832051463758,-0.01995757092143602,-0.017519458684867262,-0.019584388736740732,0.0032008797424116775,0.0026777652382987682,-0.01065035992060992,0.00503861187223964,-0.003138716794884089,0.003298896600516965,-0.01628021293801507,0.02168299794413664,-0.0025333800408158247,0.0004755608825586233
2025-05-07,-0.011384745624156367,9.227619069074322e-05,0.031002233220849273,-0.07259693284699886,0.0199989855515319,0.016175443063010553,0.003159597232260225,0.017643457871733048,0.01557544865084548,0.01781535147796487,0.011306669995011731,0.0051960681426947986,0.023589309156401894,0.03145112043652021,0.018555612937562582,0.0023743581586117557,-0.0019177229274721652,0.003047985841426293
2025-05-08,0.006318482562840622,0.011122779350365652,0.002648207663911606,0.019157087346567847,0.01785806262143419,0.002010683567671645,0.031134624811778533,0.013351896470120472,-0.009503116376643361,0.005427086756476518,0.006226164219403918,-0.0025456814380876436,0.014452561818621978,0.005544039753180741,0.03397343930090546,0.06399043746457878,0.2179876908621854,0.11376002819295583
2025-05-09,0.005266106242241664,0.0012780309599600415,-0.00613435283858077,-0.009916855733289709,0.005102018524557161,-0.009230523091691367,0.04718770485146129,0.011209433862899632,-0.0036786663816053,-0.015442764137773346,0.00026609296502067004,-0.0018489842785869293,0.002069590202716576,0.0005513038400983827,0.020000003633044994,-0.002621130818400763,0.0629919569669184,0.05408300942530042
2025-05-12,0.0631461973154337,0.024000916569964836,0.05443631300271834,0.03738129127869905,0.08070031092964336,0.07922483345206333,0.06745790403815088,0.05134195446043632,-0.026503684286453333,0.0486528235941619,0.0457630155928499,0.03303069218960064,0.06426513557958224,0.04780262126669221,0.03548086956932117,-0.0015334284907234652,0.06433166049039474,0.008214030244540371
2025-05-13,0.010152249556277138,-0.00026686294804179056,0.05634139924375514,0.006752431205144571,0.01308471882441209,0.025960728720863635,0.049280740626853614,0.04014054964522096,0.025621637567743383,0.0012118703205741266,0.032120462851332965,0.003687405783895592,0.048921244574249734,-0.005127469849412258,0.017132513775391045,0.013197358248725033,0.0735988233044782,0.05600275318292969
2025-05-14,-0.002817865699136779,0.00846050058099257,0.04163782166299801,0.03660761279898006,-0.005298742220089303,0.0050758161117476774,0.04073991993646375,0.046772205042252324,0.011023832910874276,0.0054292495413066355,0.004190561767254408,0.005208876084577874,-0.001290729176316896,0.010836573565949692,-0.04609924790772901,-0.006051642240404331,-0.02614291683469505,-0.039656410289580224
2025-05-15,-0.004144399237221985,0.0022560062288812244,-0.003768255507593854,-0.008526393086254358,-0.024161720956264898,-0.02347729245712382,-0.013978329078298546,-0.023190650090254117,0.023449356818550537,6.892897437404955e-05,-0.021785803195544684,0.01306731720717913,0.002240283896520756,-0.0024185956816353826,0.0013939952908343933,0.00198211052629782,-0.02421638604114429,-0.043570073127834896
2025-05-16,-0.0008985612650627139,0.002515843214881741,0.004227596783341392,0.013600799484912773,0.002047074000553817,-0.005497739343069741,0.0208856061756566,0.0189581732818056,0.011502770819129093,0.0013413142415712453,0.006838194615717441,0.0307395842900946,-0.017322976219462993,-0.0007208940945545583,0.005104436855960071,-0.0024613470244020386,-0.004146022508211833,-0.009916813821009063
2025-05-19,-0.01173912219891482,0.010126179339847718,0.0012555284545590073,0.002105929285460828,0.0027725440652368594,0.0001405067572064489,-0.022544186527114873,-0.020739099967143737,9.233159824217907e-05,-0.012090020668660051,-0.005296274732121908,0.008510506919698013,0.008836017284357789,0.007869004995129103,-0.01292708627045358,0.020455166367232103,-0.002811523124941373,-0.0028071204419172213
2025-05-20,-0.009196216877760177,-0.0015254140755045498,-0.00877801706677428,-0.01537156635804604,-0.0101377391383638,-0.005199743426845149,0.005057180873010214,-0.010719851406999381,0.00031890515334320746,0.0014949369678749491,0.004196919436720403,-0.007297726009482197,0.004552815036945157,0.0007807874808238857,-0.0051449348606515954,0.011220046530480143,-0.001974425904344268,0.009705262091364908
2025-05-21,-0.02305921059458449,-0.01222262880758973,-0.019199114083190416,0.02793031911362842,-0.014455883280997672,-0.0025113715902918,-0.026758222357769146,-0.012774245003506213,0.0021895098228403853,-0.02006539175505606,-0.019524863600033027,-0.008572559799430612,-0.008416802612994267,-0.01631776524961759,-0.02726844904671133,0.027034018449719976,0.011161703733228778,0.030851911386848396
2025-05-22,-0.0036122392324945407,0.005059976217349105,0.007814839420440034,0.013704306472669403,0.009844923599835909,0.0016836743901504914,0.019185982671137136,-0.012047104261404429,-0.005574951076920853,0.0040387178711625005,0.0008271946412505837,0.0007245556936772424,0.0034823592646402446,-0.026039237529680848,-0.006766616403253156,0.018191448638679386,0.04380666386466037,0.03459901184336589
2025-05-23,-0.03024422105899871,-0.010288802231160243,-0.011593818349999951,-0.014045791636819405,-0.010388973643240984,-0.01493943670805764,-0.004984788190348977,-0.003613056898082778,-0.002171735076064607,-0.03630662525800965,-0.008518066937654556,-0.016025835314966264,-0.007851453423092125,-0.013503459997623812,-0.024330901146618178,-0.03927066820202352,-0.051691806751355096,-0.03264229134189511
2025-05-27,0.025298251060820176,0.02334617137713657,0.032066479807461024,0.026295498971841802,0.02502611394509313,0.024335877677434503,0.06939947711644767,0.03852778618495134,0.02208552614302839,0.01486479046198741,0.03808426568049228,0.013269895336437187,0.030299007877955253,0.022355152805974,0.024937656809272957,0.01590902040787201,0.05407918938616629,0.01719979322010179
2025-05-28,0.001048947326945715,-0.007228330828894514,-0.005092241416001175,-0.00312315182704781,-0.00631008166584901,0.001961699453321364,-0.016506435862546853,-0.01483935915215695,-0.002492586722282808,-0.004184955260180256,0.011981914034351782,-0.0021060157451788797,0.01604069003655706,-0.006929933744794781,-0.008759046448164054,-0.010939184653144474,0.007188345657390238,-0.026160793803116422
2025-05-29,-0.0023451694711034143,0.0028861712028969144,0.03249021892651771,-0.0029010548700160177,0.004787005283780621,0.002284057331287448,0.004286911755287504,0.0015062747477048166,-0.019602029126604026,-0.03300350191383661,-0.00579807433103352,0.0027411259130083465,0.01060859808037784,0.005013399138000807,-0.005891057157065616,-0.020041963379443528,-0.01847657419064974,-0.03253030785720201
2025-05-30,0.004501224800905312,0.0036625909172178783,-0.029168671005820546,-0.0006981147778838404,-0.0033544115296211263,0.0037826209939078037,-0.03339564619395741,-0.02034853974345574,0.018879863532961005,-0.0058069733193429895,0.016144972754521758,0.004185240583596261,0.00041334736928311244,-0.0211674331361279,-0.03456793891059029,-0.015554336978341854,-0.039014299261621144,-0.06215008660847332
2025-06-02,0.004231962896562802,0.0034973918181435693,0.016650397352020452,-0.015779703660789512,0.007999607012299847,0.0361549701966184,-0.01088145559849063,0.03522075118080581,0.00973305050335238,-0.014131428663188061,0.006282898514002433,-0.028162573284205017,0.027430015506236582,0.009848474159422915,0.009718697773523965,0.018105642527988408,0.030496256314384462,0.004885927314371985
2025-06-03,0.00778378950351466,0.002164625626240202,0.027951762259586843,-0.016860858756375552,-0.00454869204152053,-0.006036624719125805,0.004610541775392996,0.02337957227069465,-0.0008532043512671228,0.01089389727882728,0.015428913317093729,0.02253345680571117,0.03272889011132363,0.01575392155282196,0.027862267010453134,-0.004241178746647534,-0.005299816803046031,-0.0105408432771813
2025-06-04,-0.0022137778157269583,0.0019439351579597641,0.004956827076061376,0.011252900681513633,0.00738898917924824,0.03164133256384494,-0.03549540073392177,0.010826053182948714,0.017833429582449378,-0.004915497805656366,-0.006148709416561093,0.0034425403315303527,0.016468720128266723,0.0007384458460701904,-0.0019714595230369003,-0.0066439151364365845,0.005924077364914293,-0.012768636726627314
2025-06-05,-0.01079763735913608,0.008213505430890056,-0.01359917874179517,0.0009519533151511883,0.0032814165352026414,-0.00484057233525137,-0.14259893789082123,-0.024371726640432412,0.008760454521508088,0.015085217645970816,0.018084324759567227,0.003116640171796803,-0.004404730571618276,-0.0040496266140855885,-0.012839517475646267,-0.030134359325224014,-0.07373849813037003,-0.05749032543202992
2025-06-06,0.016398161991134197,0.005773205441711449,0.012358017533235177,0.032518913641655045,0.027223334916139486,0.019120173182898714,0.036670186138995975,0.004321894627439704,-0.00723697953780944,0.02758861357492748,0.016828329638657324,0.004142584706489316,-0.050013568488802895,0.01138529331581517,0.0035017356491096052,0.027707252931573167,0.02520777285804554,0.023316101831703406
2025-06-09,-0.01211249384484192,0.005038479833631815,0.006421140369832878,0.015103485702240738,0.015966607137600564,-0.005231448570827579,0.04553761352840424,0.04768053015853191,-0.013701531127083388,-0.008232948690360509,0.01798643885112039,-0.0015830462459288652,-0.01073161999037786,0.04134271831422187,0.02093719279539452,0.05655463523176674,0.08248130652761176,0.0890760793035843
2025-06-10,0.0060559900513954545,-0.003871001809714003,0.009324760083939232,0.014254156560157272,0.0029035159702170965,0.01201623973805055,0.05674382827003055,0.012404456298324096,-0.017019744608499088,-0.014802478796202778,0.0018628437832020062,-0.0004804982519072132,0.0014326558852055804,0.023936672331914544,0.07812502037268154,-0.0003342625487465778,0.049226047740363876,0.02445556575826746
2025-06-11,-0.019193700851736217,0.003609933232596285,-0.007780398517495124,-0.006998923262359846,-0.020265629565462295,-0.011759704222657597,0.0010426457165473302,-0.017039910017220494,0.013509242595502569,-0.008612406590230992,-0.006197788263162307,-0.007739271354126442,0.03384714608109518,0.0021994080046559006,-0.06340578004382913,-0.014244955298426398,-0.01421291324458307,-0.024070468409249646
2025-06-12,0.00211283244117233,0.013224132863817184,0.015192754376414763,-0.009303677282806122,0.0001876573428452044,-0.0011236095034197202,-0.022424432461661592,-0.02179296188665847,-0.003975805935639953,0.003760720841407439,0.13312163193857174,0.002034677708899091,0.012494450182857886,-0.004890904501042681,0.004352038262076974,-0.025371753999169577,-0.04389141697422694,-0.05132498408093944
2025-06-13,-0.013805210122337819,-0.008164942036357759,-0.02089652030234168,-0.005862193739463617,-0.005346085913907173,-0.015129224666155738,0.019429076154419578,-0.019746804539161444,-0.002370328453341397,-0.03188361415614449,0.07685382630188231,-0.053181203803690735,-0.02878115392601932,-0.025078627045729496,-0.03033226067550432,0.0015285141831733462,-0.02726797414745119,-0.027235583664162566
2025-06-16,0.010028080122866267,0.008800706553418136,0.019158994050995526,0.01202276301147398,0.018859028217320217,0.028980894236800614,0.011742668079331775,0.08806814226088067,0.010889802121011316,0.02120744059798496,-0.01914323943277374,0.025658748208938764,0.01367114601368824,0.01389597488951999,0.029791479625272954,0.006652678081987995,-0.015073197625306678,0.015082170252311178
2025-06-17,-0.014010778675210611,-0.0022957811579995546,-0.003939653715158142,-0.004638862481240902,-0.005923177895162612,-0.006964703927201277,-0.03882963749794621,0.0056175258161350605,-0.0038193357436577813,-0.004244270089106217,-0.013832351385447583,-0.04741995317645098,-0.010829050236095816,-0.01536301621772651,0.0028929347446733367,-0.020559056941174436,-0.011746613932036243,-0.020681338784572234
2025-06-18,0.004804780140241993,0.004602127794275823,0.009436802883821871,-0.01494742957714612,-0.010706651956707836,-0.0020937639919001994,0.0180179597897272,-0.0024390052109786176,0.0013270984975468636,-0.010840639300046861,0.012921616422993498,-0.012124971829375442,0.007579076006341223,-0.005373589957480052,0.03317310381570615,0.0026979724986506692,0.005392801825034654,-0.009453026154993771
2025-06-20,0.022484496456271374,-0.005913696609074259,-0.011204356622444234,-0.03854153589596643,-0.013316402099382896,-0.019288141585655727,0.0003416111576173275,0.011436269162919066,0.007461425613042083,0.004354457497467434,-0.027030916101944524,-0.0029626364719923526,-0.0027126737377566323,-0.015036059112737865,-0.01907863433126411,-0.015004544484176097,-0.04634839135477897,-0.04225755202734782
2025-06-23,0.002487684960162717,0.018014153355127682,0.0022245164468006617,-0.008701391555544613,-0.005818118205440093,0.023712284718419463,0.0823193093872907,0.010449128824796095,0.017971248060062228,0.010666478663849066,0.009114368385592986,0.008489816341542333,0.015120593566314566,0.012027374544638425,0.005218245291730872,0.021955092660267406,0.006031955561676572,0.03337503044004908
2025-06-24,-0.0059554151201922645,0.008456840208848071,0.025872205937883086,0.009564929555649027,0.02062648355436747,0.01956961601314866,-0.023545920693855638,0.06829750516800503,0.020398287345304134,0.02945980697911721,0.039750822052674106,0.005840264256603334,0.03940566833035053,0.01678213705236331,0.06418115472989605,0.004431419225533917,0.01081161455453472,0.007648107619822708
2025-06-25,0.006290549791969635,0.004407232371007597,0.0433401916338938,0.02344530507653375,-0.0036659245365150417,-0.004942436337671663,-0.037947582404945,0.035902632981737126,-0.003017735593658588,-0.012575081156603662,-0.02113622502967627,0.013626592836167406,0.0033363495723752745,0.0014127951371596392,-0.015520997160207273,0.012406215749838134,-0.011723195789307361,-0.016781951717859456
2025-06-26,-0.0027783565386656495,0.010522631238796931,0.004601154169344257,0.0167565288381315,0.024199205109171285,0.02456685238165912,-0.0054037218123500486,0.0019525717657908892,0.024638352345148107,0.011129248295028482,0.009965747216365006,-0.0067087489816317625,0.02085781696840283,0.014493697101833236,0.013513478682458668,-0.003737454466123835,-0.0013076347482894324,-0.030976361737130365
2025-06-27,0.0003979594148522114,-0.003035458955880199,0.017610472228729135,0.028754186710524987,0.028463559660798277,0.010384412754643302,-0.006599526995335614,0.0009048224487724355,0.012589168802599637,0.009899107245851413,-0.01212285048530426,0.0022859445053375893,-0.0030352589089414073,0.0022125764815885685,0.008444468180338616,0.0012007263229245613,0.0031952591093227234,0.022519958737805323
2025-06-30,0.02034024080348984,0.0029640392813972127,0.00152147597617458,-0.01288294859968786,-0.017510092291414314,0.006079317314785504,-0.018446995428822777,-0.013281438665842193,0.01210017207539571,-0.0026701976133410854,0.03990677448867097,0.00272145335274554,0.023389606326869927,0.0045413651959755885,-0.012781000824219846,0.00043801417330402437,0.02582543248954816,0.08821782442777981
2025-07-01,0.012916187517131972,-0.010775863003698594,-0.029685334160542753,-0.00221310716213996,0.00487719279454657,-0.025565979403441963,-0.05335897504131726,-0.040803337104838744,-0.0339996412994259,-0.0028602758794255,0.0015093412284723495,0.013492558816226019,-0.03957912965756105,0.0008791631641453801,0.02008932011620157,-0.013413452013053329,-0.032444314225516746,-0.05046469520497188
2025-07-02,0.022230700129200143,-0.0019509358548099875,0.025766476699675023,0.015923631495703416,-0.002449462616694653,-0.00785586570624397,0.04968242780731846,0.017706293816048158,-0.006756402091737446,-0.009929870248848838,0.050328691235917544,-0.034761552335232926,0.01949083128951501,0.01831874524344146,-0.04245081857809285,0.02990624847553991,0.06881005288444131,0.036079195894395566
2025-07-03,0.005225071944338522,0.01578120662915361,0.013290823656759487,0.004982107390968826,0.015869432167251007,0.007623747954696336,-0.0009503811144286889,-0.00440370048756078,0.00958867083001902,0.010920887752440045,0.03191603252609854,0.0022194528897436783,0.01956264380898909,-0.0006777763569641992,0.02787937082947267,0.007244728772290987,0.007650450666005781,0.0011441012229875813
2025-07-07,-0.01685803436684885,-0.0022452134373747157,-0.006903549596043335,-0.01526208875931978,0.0002685535903061975,-0.0009179615934074015,-0.06789282780315342,-0.02255094284509862,-0.005828001438385355,-0.00863489692816799,-0.021321555610354093,-0.006274564071949595,-0.0036339267068208336,-0.025399230231539005,-0.021787451138502223,-0.01229502852915454,-0.018523351970636148,-0.02315884452678485
2025-07-08,0.00028591038027769855,-0.0022101410507523456,0.011122521833155652,-0.013745081514984325,-0.018391733064396565,0.003229638039449201,0.013165935514200422,0.022403592018476193,-0.01109634871470122,0.014269680588243183,0.009644461366421053,0.01408749014876376,-0.008680446351067461,0.008602728671342819,0.07227273420854052,0.006005750382996888,0.028506606355380493,0.019735359962150367
2025-07-09,0.005380660621213895,0.013873937217771859,0.01799990803155116,0.012961585340096837,0.014496684294917683,0.01680379713466551,-0.0064806174796112614,0.0042809193624744335,0.01017011328781492,-0.00997601533738568,0.0055863084791938356,-0.023179116727503835,0.022443064904739574,-0.000627099069961834,-0.006358610324714964,0.021810695604753683,0.05936584999764771,0.036039133802376666
2025-07-10,0.006014937785370433,-0.004031823926264444,0.007490334219539374,0.0056618215742909594,-0.0012581953255333955,-0.007560292074823449,0.0472826483827995,0.04154323999612819,-0.029256099109402633,-0.025653479170111626,-0.0013173971584828914,-0.005222594090551813,-0.008996117828896755,-0.0016315986501290736,0.01621156792272571,0.041864660687494615,0.06643175827521208,0.04311546401534172
2025-07-11,-0.005884847099796864,0.0036692040247425783,0.0049968540708322795,0.014469220255908244,0.012417933203629383,-0.013379164240431951,0.01174690904506881,0.01567698702431386,-0.004381903975619883,-0.022350915837334173,-0.018893635375644924,-0.021753726763036774,-0.0037035993318109695,-0.01024583888649011,-0.0163727705560458,0.013189291760499877,0.0010291624108509367,-0.00718869704273184
2025-07-14,-0.012028881747194853,-0.0005960926813595169,-0.005153983715270205,0.007603050907834863,0.0029775049161144818,0.004752374479011889,0.010813001260769006,-0.0012292902474535516,0.013524894077208582,0.006238517292200818,-0.005551650227025973,0.01001784524484739,0.004446383499959516,-0.020132253808405443,-0.005548487683396108,0.019849988449143874,0.018751431017881126,-0.00373367932194979
2025-07-15,0.0023489018883673385,0.005566359903779183,0.040409509883660544,0.0024234124497872767,0.0029243814744550622,-0.014606309945618179,-0.01931207079538977,0.06407272131582009,-0.0013312672291643235,-0.008086943307340833,0.024773231206099977,-0.0076568779350061345,0.019375839001921635,6.497975829766744e-05,-0.016308977390959822,-0.01729262210051885,0.04199272686615596,0.01032330534583914
2025-07-16,0.005021367004347743,-0.00039537010577939125,0.003925041228972859,0.005329639570377909,-0.013960696164789121,-0.010529544915962141,0.03504091219258654,0.028725668036568175,-0.007903085798194431,0.0014366515999579832,0.026983321698816454,-0.006617616866874343,-0.0004627138270094644,-0.0014905794102069159,-0.01003488400832142,0.00816219450392297,0.07376602792880305,0.05951823864812433
2025-07-17,-0.0006662386066597081,0.012024882876555898,0.00951164063148524,0.0033339944582668757,0.0030915472640284936,-0.002133951396894207,-0.007025863995037018,0.0020614806801599883,0.019083280312017115,0.007482029968995496,0.03087435950765771,0.012936460556385532,0.020084781304068322,-0.00947618746949086,0.004847893363326472,0.004643278306736054,0.03122567831346279,0.012000359446841857
2025-07-18,0.0055232025244587035,-0.003224607503308996,-0.0034104353557070644,0.008061776425037914,0.010050026580880944,0.0040918886888847705,0.03205907804067243,-0.021320354659110086,-0.05095863366074471,0.009619846993539793,-0.013266293460975742,-0.001801074198727437,-0.010857007206180658,0.014350267024800578,0.013157945370521729,-0.01078563897020779,0.020775499653849394,0.009038629612787341
2025-07-21,0.006155885100793235,1.9577368127299266e-05,-0.005974047105506974,0.02723447133058321,0.014018476542235536,0.012338673699171743,-0.0035188948387289143,6.366333197171947e-05,0.019871984108772445,-0.00038129199352610055,-0.007781616025666072,0.005166855536534731,0.01718778039475022,0.026937963295880163,0.006926400206489269,-0.004776882093994628,0.06039841997923756,0.10492773919442788
2025-07-22,0.009036296505346542,-0.009391031299852526,-0.025382349384175495,0.006522929488213203,-0.007980819043607368,-0.011445031127414351,0.0110201078413521,-0.014522285218451447,-0.035020718271776774,0.0049947733080311085,-0.022296181416703753,0.01411554216925448,-0.03337839123005926,-0.006164678782188404,-0.0008598648996933633,0.02176332622218302,-0.0037800761075303946,0.04952330458991572
2025-07-23,-0.001166102197208141,0.0011875234223119868,0.022451076719239182,-0.005801236816134758,0.003604836070819184,0.01244312789903601,0.0013550095657461902,0.025400676349370155,-0.011175734361578371,0.013771340448911928,0.015917053964168648,-0.0010995887775322455,0.018306396090013166,0.01196272042350266,0.010757315080127006,-0.010337504434577038,-0.03185843128317001,-0.07854917415454332
2025-07-24,-0.0018212174083384047,0.009903806442427276,0.0173323297080894,0.010198202369323228,0.01725876103762425,0.0017098205482830586,-0.08197020076301276,0.021872053918686074,0.003382067934273314,0.0017964755114117104,0.003844586872466582,-0.0020673066405434426,0.01769536831045926,-0.006504858288170601,-0.03661135030784313,-0.0032584822936673197,0.021572560819185016,-0.03659790469820767
2025-07-25,0.0005614135657658892,0.005539537379525505,-0.001381448096738569,0.005255709468587444,-0.003401771091877559,-0.002966009166292971,0.0352440556693423,0.026832014770116652,-0.0002286052938343941,0.005266783813795195,0.009430326522767984,-0.002555926177167156,0.005091649585874158,-0.0027700098869046785,-0.08528495224927657,-0.006185093838706357,0.005194498732584263,0.02285575383059335
2025-07-28,0.000794871701126576,-0.00235558342985287,0.018731992791827023,-0.0031058674849423484,0.005833005662313484,0.006945690108696834,0.030152499060024818,0.04319097968812935,-0.004989491640200572,0.004236306584044058,0.010566353580196086,-0.003425551726613074,0.014197917981146224,0.016729815336621767,-0.0009662056534548435,0.0024532799270098327,0.01614022768888357,-0.022690361865474018
2025-07-29,-0.012987635336218717,0.00013656685479745967,-0.007015659077064473,0.01646060563076679,-0.007646371539299701,-0.024567038818705256,-0.013483166498468035,0.021766663017303678,-0.004988919970404737,-0.010582595466384848,0.00916386470881303,0.003329122749517799,0.010601634102038071,0.006395543205833354,-0.013056114786231254,-1.9742508661990676e-05,0.0015918602984175134,-0.006608100747602319
2025-07-30,-0.010507870742811898,0.0013071589681477036,0.02142349663816301,0.0039848369374719805,-0.0035495956232554082,-0.006842918675270759,-0.006724793213012448,0.011665870361522446,0.013227900237543055,-0.009649093172949819,0.002480357533997335,-0.01807394655085537,0.017483720228997912,-0.018632863815642442,-0.0034296764011536585,-0.0007713643170961237,0.0038874395023140718,-0.020080459502199166
2025-07-31,-0.007079590198472152,0.03947468686102851,-0.0078095382903896615,-0.023558884706802896,0.017029402351838252,0.1125271802920218,-0.03375758288237862,-0.017826288486239794,-0.020942372621902683,-0.02447040267046785,0.012649581281721112,-0.01733515812800479,-0.02947600153100416,-0.077329203221007,-0.026548717378384046,-0.017592832754910526,-0.029277308933214563,-0.02965585849465302
2025-08-01,-0.025003621320592417,-0.017600650699195475,-0.02333164092101625,-0.014434439279484623,-0.08269617085933045,-0.03029313072834494,-0.01829559909125389,-0.02614713104297728,-0.0006900278538040094,-0.029380889827883894,-0.03684443090865708,-0.027649681514533286,-0.017228479814541786,0.009743674040992412,-0.02474746414136264,-0.021062154747402473,-0.05635874139752328,-0.05537069816447815
2025-08-04,0.004792875545773567,0.021999029515112678,0.03615010324412227,0.031248110066795176,-0.014435418409851408,0.03514620378558808,0.021907956170373222,0.029586499250702003,0.010693927210071452,0.006301377594089441,0.03318062899538732,-0.025733128244905812,0.031457833366694166,-0.004588563169885651,0.009839489348134167,0.015458838214843729,0.06611121636393635,0.04020577249327428
2025-08-05,-0.0021145855811877112,-0.014729880461766376,-0.009666693916578928,-0.0018969833544676407,0.009922070229506863,-0.01662873135285603,-0.0017461311772288823,-0.013972175799066622,-0.019743947251830818,-0.0191424180581381,0.012434103310315692,-0.0003246742427592819,-0.01608896296354534,-0.005423506626777486,0.03538464277218556,-0.008085706753543476,-0.028794587423448093,-0.03145481750679646
2025-08-06,0.050906861491328614,-0.005324561260076521,0.0065072815309046295,0.007294334203620467,0.040046772203947256,0.01117288928396376,0.03624644466558724,-0.06419598759758327,0.026666756173763018,0.006788171732990289,0.0029725777499363115,0.02031057767360811,0.029836651916241186,-0.005930052565057076,0.010896449110211037,0.007767158415357134,0.01993999056395901,0.02485916231612806
2025-08-07,0.0317935298212948,-0.00781043138845372,0.0075243166855973875,0.0021929281717048,0.0036885760119835798,-0.013160806869940034,0.007377028928595486,0.05689062688255975,0.0016037861602051784,-0.03327042032234595,-0.027453880028493027,-0.02126614839232177,0.0069280591756279986,0.0004112865890926187,-0.03135714818388824,0.021463456180234486,0.06254349511267532,0.043464607793902266
2025-08-08,0.0423579536585692,0.002303928773712993,0.010676545640994961,0.024933911203835146,-0.001971955504762035,0.009805379786420376,0.02290006868278205,0.002088170667614575,0.02649168339975083,-0.001536125146715528,0.002646499302777716,0.008218283825304207,0.00398337383216707,0.011377829868647549,0.00910471932260859,-0.0068782400705657,0.02440342244929994,0.00728187271408931
2025-08-11,-0.00833739627140262,-0.0005170389055541014,-0.003502974179128593,-0.0020851806441960496,-0.006241858073597895,-0.0044586489584669264,0.02845443669493286,-0.0027783962884999625,0.00550493388160378,-0.03255584888074703,0.010517938319177578,-0.021697681165074423,-0.003508495197593775,0.002778565732246996,0.03508766059253454,0.017505707793510794,0.05414616026299024,-0.010100947320434428
2025-08-12,0.010872425190982637,0.014316474548207392,0.00604194350400955,0.011641808031750411,0.0007681796954406295,0.03150651828095352,0.005338753399730889,0.01549801594998712,0.0057210282182575956,-0.004383618273821166,0.004669876784513249,0.014326386533008328,0.02938468611978373,0.03892679705362645,0.056174327788906186,0.012140515376580119,0.08610382463415012,0.09646373275908826
2025-08-13,0.016024393810956772,-0.016363016340654846,-0.008571756180303591,-0.006786550877444064,0.013952211680404059,-0.012556840475554054,-0.004283509772223915,0.054129759279188505,-0.01700835430159031,0.02318046884087077,-0.03813128959736911,0.03734897887891031,-0.01195539762477038,0.018604011321168068,0.0187987096493214,0.026388279596092357,0.036016942392504525,0.05073364844507866
2025-08-14,-0.0023571672929780796,0.003649788010366528,0.0023680104963377246,0.004852260020907551,0.02858923333961183,0.002627850835173362,-0.011196942235471519,-0.01881575347118425,0.021686422789215065,-0.015441086905385148,0.00319442698484651,-0.007092661577477233,0.006923656740546624,0.009579088529513502,0.07380744138958684,-0.040411222672351976,-0.04375468965602913,-0.04466715563720225
2025-08-15,-0.005112201042625331,-0.004421153442550341,-0.00862544130384657,0.004730440351595533,0.00021648217457248542,0.003963570411807726,-0.0149591430196655,-0.01901079027036512,0.006818008783574747,0.03886541258414766,0.013553197277403006,0.017987319332087193,-0.015711962720824868,-0.001517965381391928,0.029337755141847444,-0.008121240187970669,-0.023784910750758614,-0.03554099323897586
2025-08-18,-0.0030224932219571343,-0.005902089632179974,0.008645049211916778,-0.0019615929988526792,0.0019911124801876845,-0.022744981920021057,0.013915797850586165,-0.00771784778087381,0.004955858259953594,0.006310780757640799,0.00318201621304115,0.0067351954058081365,-0.001893330676591476,0.006651728247535571,-0.03664493640475497,-0.009761968948004185,-0.02871265972418413,-0.01438230130457907
2025-08-19,-0.001429299458202249,-0.01417512701095458,-0.03499807169107183,-0.00948405417958964,-0.01503309388634011,-0.02070712011650233,-0.017454368181154867,-0.05444530697809358,-0.02484962294520643,0.008320641767778136,-0.05801591847875087,0.01060913853019474,-0.035485327231917885,-0.016677174211478185,0.06973793868011158,-0.029428514056440758,-0.055429681352263005,-0.03800513883240797
2025-08-20,-0.019734603290247343,-0.00794473634842463,-0.0013664171757855614,-0.011162519628263423,-0.018420231785569063,-0.005003364771575591,-0.016428300696053832,-0.008105710470002747,-0.00023884469295076816,0.0018293103607092132,0.0018753806869533651,-0.021050899175172444,-0.012681963637191429,-0.0051839018922554825,-0.06993277707479939,0.012794003430595335,0.06408215951312646,0.06515178794378018
2025-08-21,-0.004911204146944015,-0.0012874464645682426,-0.0023946327575714577,0.0021573146541218335,-0.008310623433453124,-0.011528404035900386,-0.011701168929731831,-0.009019311512710404,-0.006302204369922237,-0.0025156267337583804,-0.008083031175755262,0.0,-0.005391962846670428,-0.008427701757416473,-0.0016992741704168202,-0.01623902974513114,-0.025675513855549226,-0.03894569686999538
2025-08-22,0.012716685775993941,0.005929790518730105,0.017201985937242537,0.031739665597843914,0.031043025385826706,0.021228511276260464,0.062166209505171155,0.02473879193009454,-0.0012933556887536612,0.010006742772056265,0.013767313804128323,0.024502741254485594,0.015193443607589785,0.025173470214327587,0.05531911647066168,0.03962900798880531,0.14399915644733907,0.11297287968696379
2025-08-25,-0.002634292890791423,-0.005855345599873996,0.010225403172302805,0.011645530383176839,-0.003932852258726305,-0.0019740410316034795,0.019381771561470362,-0.02622790915926676,0.011140189345028917,-0.001691435459636792,-0.004061327322259056,0.0030931401820402105,0.0007823945000882127,-0.01006276488493596,-0.01008064547140819,-0.05775218963945106,-0.09487223437587489,-0.0666293221459977
2025-08-26,0.009464706476046691,-0.004402592973680397,0.010900366569657205,-0.006475258741915013,0.0033781006590050122,0.001062068831985341,0.01462783391499567,0.019955891862486697,0.006584202536383588,-0.016661976512745813,-0.005097492318557717,-0.022851760657017328,0.012846924638604706,0.01758113590416044,-0.00814659314892785,0.015240086898922645,0.05200997021062914,0.04606321923366474
2025-08-27,0.005145881341378056,0.009361816721843441,-0.0009352591784617115,0.0016414329765324087,0.0017926124405795996,-0.008911344253790032,-0.0058862207330171445,0.0030609157398324705,-0.002112427987318588,0.026339525814287335,0.006831413948169329,0.004057373493414396,0.007516528891883922,0.0037695081717457057,0.02053388058180472,-0.005193022862549412,-0.021092323933093016,0.03582489876808115
2025-08-28,0.008980850840599075,0.0057228727470803875,-0.00787451516030302,0.02005023018786911,0.0108240705271474,0.004990714977483046,-0.010354676927882056,0.008675862537423473,0.006497737465141595,0.017468760361887714,0.019125597051130372,-0.0067069302862400315,0.027976746988878753,0.006446781330365914,0.0032193127757740303,0.01189280397942638,0.0008404036496352241,0.056584262653749384
2025-08-29,-0.0018059976322623017,-0.005788354140098595,-0.03324643945211436,0.006000709030003604,-0.011226278216735053,-0.016522100328557277,-0.03500206799409333,-0.03529479703176819,-0.018839577393052198,0.0067577003881460485,-0.05904627280822139,0.007741046497061088,-0.0364814386868606,-0.00043527420033950825,-0.023265139053593953,-0.036731759955323295,-0.032620169651272346,-0.042842335876967286
2025-09-02,-0.010424650182235928,-0.003098606140361726,-0.019519924855543103,-0.007327050538525226,-0.015982548742835556,-0.004859956738993199,-0.01350828116207925,-0.001906152304534059,0.004850040797450106,-0.013229353877531325,-0.003670530586617593,-0.031034502229827954,0.002858101509774391,-0.012132265582984414,-0.005749539827671235,0.025733128758534063,-0.007978415141653206,0.020765693495675475
2025-09-03,0.038089811255997974,0.00045532902471268066,-0.0009367785958406261,0.09136513277054736,0.0028845707190781056,0.00263913238845781,0.014361219324440011,-0.0011705423412576854,0.009941381522941883,0.01419770603764614,-0.00821125365413633,0.008303663098232938,0.013915001524678505,-0.00944696766771791,-0.008674064122841774,0.004699840343410866,0.028904708992612438,0.006037622822225863
2025-09-04,0.005493276796928015,0.005184613534622073,0.00609544270381579,0.007110001287187417,0.042877945692648245,0.015738403462176143,0.01328983953448204,-0.002097154051931671,0.02552647229125604,-0.048508609471515696,-0.0020138142213214083,-0.012022962529142922,0.012268858334686161,0.021228988738350107,0.025416692097981697,-0.008947195185422974,-0.03407455260068215,-0.03884351195057445
2025-09-05,-0.0003753100891028538,-0.025532959306399428,-0.027030338457316172,0.011622867512295798,-0.014214150326010255,0.005075813035033683,0.036363092201525005,-0.06582603583924618,-0.010862974381451007,0.027662803449206796,0.04394624879427678,0.013534325738875586,0.09405429617413907,0.0008138896287639419,-0.0048761006199617984,-0.0006558419928113235,0.00191791570666755,0.004632397297051227
2025-09-08,-0.007551446722730115,0.006464589680276855,0.00772375239776002,-0.0031944412317879145,0.015107797009308976,-0.00019945956150824173,-0.01265534855703887,0.0017864514592516034,0.0007556892296742834,0.006021725595650285,0.024398585335618117,0.027767436763935116,0.03212996735164264,0.00250253908317033,-0.0004083392803306829,0.012837168331788718,0.0002515669651648178,0.05252068405761379
2025-09-09,-0.014839373392023014,0.0004215097311310867,0.014556344090966178,0.023884874742936324,0.010176429751274751,0.01781213971080664,0.001645517708609212,0.029126237074472705,0.014854261498305155,-0.0008324971596778141,0.012705382983477786,-0.012825534089519808,-0.02598000951045565,-0.00986025625098541,-0.001633946443083012,-0.004826232823193166,0.00022498189944109015,0.014306628519646702
2025-09-10,-0.032259460089661185,0.003932494998648561,0.038475216217063624,-0.0019196029330572628,-0.03320182790348525,-0.01791828746126456,0.0023633378140295314,0.023873609209719815,-0.012301549674561874,-0.03764971702763964,0.35948813852486317,-0.011015065026765414,0.09772177669437898,0.0018278346285813818,0.013502451575080565,0.02174124101370767,0.009307056372314992,0.031006674443649684
2025-09-11,0.014286333633347192,0.0012790915541402992,-0.0008461089254183651,0.005017338310309816,-0.0016498279850283293,-0.0014362078570829828,0.06043873744853956,-0.024257209978984506,-0.03543295410873848,0.015294582524464362,-0.06234572230211799,0.001113731227955217,-0.026896037476921042,0.01610573278830274,-0.0064594204463150895,0.013620945043858246,0.025772278613875654,0.021292636672582743
2025-09-12,0.017562993503958735,0.017744076628047445,0.003668914997253303,0.0017888844004660953,-0.00782780202498956,0.00624579435781869,0.0735609258490948,0.018629210441218902,-0.012513475057711831,-0.014292743298512267,-0.050932233356756895,-0.0033946726083158296,0.0006672731956220979,0.0019813303209603728,-0.021535988358430846,0.005142859655061782,0.05693777317310178,0.05922071217098179
2025-09-15,0.011235867571386393,0.010708087887481454,-0.00039378074154128306,0.044892057462788904,0.014376501718361023,0.01205685850114202,0.03561147147692445,0.016333456632785515,0.011628657182543467,-0.0009885518356944623,0.03408864386899957,-0.0064689127055368445,0.01172648951217492,-0.003769442413782964,0.028654507319094025,-0.005656280781067169,-0.03996096439160535,-0.032792475472285476
2025-09-16,0.00612593276381479,-0.01226334528751527,-0.01614620751539797,-0.0017885610285952591,0.011320962964584513,0.018700090430666005,0.028241113869250656,-0.004343490520823057,-0.0014555539183190858,-0.01323610836294653,0.014926826188663922,0.016220123260768382,-0.011233617042657351,0.018111871173554395,0.02018570814532561,0.012112382641498831,-0.005137349788500112,0.011230783644902598
2025-09-17,0.003527212326053464,0.001925157259961452,-0.026246632386828783,-0.00648985142220182,-0.010382430689534927,-0.004210469508140302,0.01005642588937583,-0.008101726270496656,0.023315057045215193,0.01388059285202492,-0.01708795035284605,0.026479165500473023,-0.038416467996442605,0.006823353325803527,-0.014641900772887406,-0.0032066883445814875,0.019799637873646025,0.03319924109618522
2025-09-18,-0.004644595046205291,-0.0030781940561728227,0.034940558861758175,0.010018834784040642,-0.0016837898189711042,0.005839678783696067,-0.021157139806429193,-0.0077909365709525336,-0.016866085648571616,0.008546331409780672,-0.015891983257863784,0.014886580003388161,-0.0023688821041886188,0.01736682923739541,0.22771084992605362,0.005741425944741474,-0.0006128056825500661,0.011352230930958163
2025-09-19,0.03203293363576498,0.018644739714161584,0.0024396700010240746,0.010673359801395943,0.0010811746080494622,-0.0023967534535163093,0.022118270566640286,-0.003356121994947503,0.01588864462237538,0.011503110430830299,0.04059068620539352,-0.0042453534939039805,-0.001187208927368788,-0.00761317387127225,-0.03238468370955805,-0.012364506846338497,-0.025926809284188335,-0.03668442956367335
2025-09-22,0.043095662704252025,-0.006718813342718066,0.03928247356775705,-0.008597642682784512,-0.016632067201427292,-0.016320466950958012,0.01910480435358397,0.015248706434916048,0.00032601380624641685,0.010522513567989833,0.06314388763735734,-0.004974056721995024,-0.016146322853423878,0.017200954291206383,-0.027721423155483094,-0.025416030362690245,-0.05995180658679722,-0.07569085935016395
2025-09-23,-0.006443154771534232,-0.010146870196975688,-0.02821204324514892,-0.003445169946733717,-0.030400202172415014,-0.012755482631663151,-0.019253323313789705,0.006946621546969567,-0.007251272177005275,-0.02054541165148205,-0.0436385044155454,-0.006317259607216075,0.00044266828609340614,-0.0011195072626175584,0.020166895656822392,-0.00651013327573835,-0.008892368544476281,-0.030744914260485312
2025-09-24,-0.008332411863824163,0.0018066160697352007,-0.008182577209651543,-0.017960780446989566,-0.0022654160880354324,0.006963239198118032,0.03977927016229388,-0.00012423253219473462,-0.011916612452906206,0.005438351040116807,-0.017111156177595288,-0.02352260985775645,0.0010916678035370886,0.023712596131432617,0.06407631734796615,0.011731809832655538,-0.0028891265593804505,-0.00917588004207004
2025-09-25,0.018072927235379233,-0.006115796457927147,0.004068560701492752,-0.005462484448657379,-0.009354764790773018,-0.01544709634587016,-0.04381307961359793,0.002424163213648134,0.003563278096713862,-0.020090349183919054,-0.055534114297658976,0.00251936104428907,-0.009460287550771551,-0.022299016482783207,0.08872525387684504,-0.03776048156409062,-0.0686499014554498,-0.09149901229731994
2025-09-26,-0.005489058907575672,0.00873705562390592,0.002813916776754244,0.0030514162866270844,0.007471945580644457,-0.006889961214886942,0.0401756741055197,-0.011223398714219734,0.0019615268210566583,0.010292635327337818,-0.027013935468587325,0.017534423398647858,-0.004671313495565266,-0.0028288956043335256,0.04442477925765487,0.0060847628462732395,0.043314242191835106,0.06742766777502229
2025-09-29,-0.004031903675073667,0.006139295570397163,0.020539832406133218,-0.01009982107104812,0.01087450815780766,-0.00047066937650142027,0.00638055766924972,0.01191517506890416,-0.003469310342067544,0.00686031172649626,-0.002469363257512458,-0.0026361287075085116,-0.019818902274942984,-0.023049614540177288,-0.0287324072609485,0.04272567545300432,0.044960083169817366,0.037500636239377716
2025-09-30,0.0007860731837203705,0.006509970877987881,0.026010415975390444,-0.0038926008989270677,-0.011702709034319914,-0.012133352116249774,0.0034069849388267404,0.002664803384697434,-0.0062085075265972955,-0.03304773792350291,-0.005375793603058843,-0.018557712922336878,0.006129863622559295,0.006412676844038012,-0.02697216698151561,-0.003009577997342028,-0.016926367551390986,-0.020231018885502383
2025-10-01,0.0032203144758191637,0.003398067826388962,0.003537489626781909,0.007404372279345095,0.004827606336181178,-0.023203282150293103,0.033144428390707636,0.01372149893582697,-0.023371050554380268,-0.005527419585232507,0.027627636987481496,-0.025598862591911797,0.01054842254524968,0.0007815428181439099,0.07123694318920748,0.04026829179914837,0.04948308905476795,0.06195535748811665
2025-10-02,0.006576733422836156,-0.007639030895122967,0.008812141321341782,0.0032257349154038994,0.008067800117405932,0.013536134164227276,-0.051059922281332826,0.03487593081081841,-0.007148330446817064,0.013534692193334363,-0.000795744693575795,0.022576544100040064,0.014367529898848153,0.014174855527022245,0.03784086428264,0.017128920845327356,0.03144288491246505,0.05946068730532916
2025-10-03,0.0034612615903004684,0.0031217306723074767,-0.006723587692724298,-0.001383768002200303,-0.013039023009410733,-0.022680794809984528,-0.014151406944344913,-0.02981204080577704,-0.007922355833264949,0.0061956105331693045,-0.009141838403908475,-0.013485889961854736,0.0005618337088588721,0.00195433362988906,-0.012600466906682373,0.013136036748664148,0.006004285806920251,-0.007898019566542236
2025-10-06,-0.005154693024416956,0.021687525447268374,-0.011086069958973543,0.020705032875969254,0.00633228292302257,0.007177444641471631,0.054486690457546505,0.23708027557556832,0.008661954557037,0.02254946606376329,0.01904661125045881,0.009805688728791617,-0.008511362475826512,-0.0033100403206018925,-0.006516472075340229,0.020332628844412337,0.0382958658210093,-0.002085524855669707
2025-10-07,-0.0008180532313939448,-0.008683939078540814,-0.0026949451662621193,-0.018647911422191688,0.003983725247293846,-0.003604993918225441,-0.044478772558432134,0.03828966440477677,0.02385435950265946,-0.024574808135705006,-0.02520666029719454,-0.005226529426181847,0.002742251540271301,-0.018740266964833885,0.015851271219970098,-0.026461574802715715,-0.05047593076900958,-0.05175266769220532
2025-10-08,0.006160336665868238,0.0016603972128628186,0.021995244258107505,-0.004638656692530718,0.015510877718191152,0.006675251062664644,0.012930352007361146,0.11370622512583184,0.019470053477374183,0.0028780847189937564,0.015444757121146901,0.0013206381048560534,0.027020528462250226,0.01396090404615613,0.006994946167301563,0.01567280940669602,0.017185685016793073,0.03908923146768206
2025-10-09,-0.01557788384056047,-0.00466785665041769,0.018296262883585657,-0.012631840034341812,0.01118907849570383,0.02182934685489224,-0.007180455170972766,-0.011334684142544793,0.013852165240020753,0.020380180945100967,0.030645755656518947,-0.00372734992665269,-0.0013893304793908268,-0.012576647928133733,0.00988509027165585,-0.013370216251727518,-0.03500810935589638,-0.0353998038013833
2025-10-10,-0.034522098610332286,-0.021899055689399538,-0.04886528340035956,-0.020535663783500357,-0.04992539782966621,-0.038458905253314635,-0.05062684914805626,-0.0772467926502286,-0.008927185320714792,-0.014877947763377697,-0.013469640754933843,-0.02866432043079259,-0.059097996520103724,-0.0728601024313843,-0.03783069666768024,-0.06976852117831744,-0.12042057191289324,-0.1462828744383624
2025-10-13,0.009744389834039024,0.006047570641452893,0.028172128584115885,0.032041103913652336,0.017100394188331425,0.014745536214341604,0.054197209585187034,0.007073077317969023,-0.0008606267961903669,0.029253648778952313,0.05137208608662758,0.005362796676313897,0.09878950268425912,0.05332375150780888,0.02337097370858543,0.018166518866759906,0.10472497110088042,0.10443669361931862
2025-10-14,0.0004441308223144258,-0.0009338040042301543,-0.044020898547892484,0.005324608034195322,-0.016721987604375044,-0.00985052010937848,-0.015278742269702716,0.0077164688248527735,-0.00301876259147682,-0.036100588358581875,-0.029252284561019137,-0.009961112842906794,-0.035239712599834494,-0.0002471566871337094,-0.04271897099518296,-0.01867262888064536,-0.028278547964407763,-0.028348747934815455
2025-10-15,0.0063365317531554055,-0.00027259659520262325,-0.0011109367543433724,0.022733798780048664,-0.003789417568938358,0.0125592080593393,0.013768529951932784,0.0940437897658013,-0.009923077676380343,-0.013304382588812391,0.015451517003604032,-0.015806386616669443,0.020922295241577737,0.0076048121082206155,0.04266069077174128,-0.02064646024028005,-0.03343972264134598,-0.04167965173903998
2025-10-16,-0.007580061823251549,-0.0035448418721382158,0.011010301712886639,0.0017129803542337285,-0.00510277898660183,-0.007637115111153836,-0.01470755828163206,-0.016932139319263628,-0.016371790522086926,0.03981733962286982,0.030893833380708502,-0.004234321978674016,0.008026574689026456,0.006810977315029776,-0.008344585748538025,-0.023443318504017374,-0.023249158708877005,-0.04810239412517903
2025-10-17,0.01955951768369757,0.003850639198168304,0.007755442021748715,0.007317300499314339,-0.006667636156250767,0.006810975309784473,0.02462973191508744,-0.006309668071894148,0.013323835400418815,-0.011869816721382431,-0.06929713340683574,0.012240678689113382,-0.013610046168385126,-0.0038396465770793586,0.004614499680814177,-0.01588236351834038,-0.015969057439913503,-0.014370971040026603
2025-10-20,0.039438725568308186,0.006250188717045191,-0.0031655906969700887,0.012830482913486208,0.016147214372026264,0.021271523011354265,0.018483519979771268,0.03209196700178851,0.032684147345993564,0.04607530980897834,-0.0485050852233424,0.030426645363152316,-0.00025751687897290765,0.021963844481869277,0.029451505053262883,0.03870786330108489,0.03866905174434132,0.04238685004114062
2025-10-21,0.0020211520145996253,0.001683497874670259,-0.008103334367036585,-0.023737947495257483,0.025637486886977978,0.00150251114169353,-0.010794954856246375,-0.010517121736670298,0.0022526104693256777,0.03590528321953235,-0.007323699794005267,0.04120557410595005,-0.01884098823216218,0.010716154053456828,0.0005249464190206776,-0.019098105646452646,-0.02612468149719649,-0.02152506935788656
2025-10-22,-0.016440258601536528,0.005563514301789807,-0.00485768219622118,0.0049110134214371826,-0.018375903497213075,0.00019084157543436397,-0.008201547294971134,-0.03276899168911085,-0.10068071763447539,-0.025701252882405323,-0.009049516348300868,-0.009676944688029376,-0.006887317679479477,0.0026061176182297086,-0.03147955919630774,-0.007267028792566799,-0.017705963754152787,-0.029720759461941748
2025-10-23,0.004372152148666597,3.830271677385255e-05,0.010428290928224948,0.005522620967420844,0.014406971477930908,0.0008045548073005726,0.022803402824313368,0.020675019997212774,-0.002490212701397043,-0.006195517452253441,0.02717667920871203,8.472077609411599e-05,0.011725006055390175,0.004489933951260516,0.03358617930565888,0.022111355667553845,0.01257944172448533,0.062393890390361584
2025-10-24,0.01248175137693619,0.005859263712852281,0.02250765250109077,0.027026997619330917,0.014111947295924798,0.005939991666390032,-0.03398817183887881,0.07630108624472043,-0.01697212950876359,-0.0008625965767881105,0.011639930606857751,-0.001694358160479137,0.02858052168201053,-0.006410635184866065,0.0031446261101835127,0.008759859251149305,0.0203683813713873,0.01134840309461449
2025-10-27,0.022791155180591938,0.015106561791947914,0.028079106159197842,0.03597259836001698,0.012309863182682124,0.01687519502099888,0.043115401997602554,0.026688341403039884,-0.00011875953987916521,0.002511461448945873,-0.006811947023433906,0.012106808419060533,0.022364567293901683,0.11092700485626228,0.03291541735659398,0.02778796063308908,0.04716012446770246,0.0267693840433898
2025-10-28,0.0007068183069018907,0.01984877783229555,0.04981974113173093,-0.006684694323719653,0.010045375014470892,0.000825785115769806,0.017969970655449474,-0.006392743005619872,0.007254044629475986,-0.004736331027922591,-0.0020255511357222256,0.005897193798568567,0.030161698777200874,-0.03543275097496623,0.05032872578887737,-0.01019252462848308,-0.03346008122768285,-0.021630686285642353
2025-10-29,0.002602324032269898,-0.0009593816364750207,0.029896114443249244,0.026544995763420953,0.0045801659836763875,0.0003061131679844564,0.0020845119924044475,0.02449508378524401,-0.0018956882883361947,-0.01101238162134588,-0.01969153170328375,-0.06126536658105197,0.03488213651963057,-0.013036445844400002,-0.004574973086772793,-0.025681284408657135,-0.01981522433432381,-0.00016416852448342123
2025-10-30,0.0063032339337949495,-0.02915702879022508,-0.020044482387303164,0.025166674615757945,-0.03230569840563202,-0.11334763162423023,-0.04639120107705208,-0.035902056960837814,-0.010368851941865653,0.020639455898875836,-0.06687247876265168,0.004084546683965851,-0.024638602133459364,-0.00789167152770942,-0.028543790537502334,-0.015898895718551742,-0.025357117972616416,-0.050339022068359496
2025-10-31,-0.0037950437130892523,-0.015120867215777212,-0.001971455471800998,-0.0010302608414355374,0.09584492754129248,-0.027187979265850815,0.03740057084027071,0.005022754660535034,0.02741965123228729,0.014650309254194083,0.02226623832130903,0.0031541308661147127,-0.018168704239941436,0.020534843548191795,-0.004233022151175825,0.011547120379193476,0.01122525392067275,0.014001682377173585
2025-11-03,-0.0048822471546562385,-0.0015063163677940805,0.021680051195482886,0.008997474900801272,0.04004585509136338,-0.016410753310582726,0.02586735066967427,0.013782597401978514,-0.01677599408992303,0.0035714171750664825,-0.018125729277090996,-0.008345321495885738,-0.019154355730736095,-0.0009949532492521396,-0.012253104723690122,-0.027462084408902965,-0.06362545002770403,-0.11280825758662516
2025-11-04,0.003679621866796934,-0.005222216615019537,-0.03958824112615966,-0.021782042187372896,-0.018425168014886806,-0.016292834642652188,-0.05147636612701911,-0.03697281367375582,-0.0064813337864360054,-0.026402491601666522,-0.03754121328296278,-0.006282025393424595,-0.029264884936498703,-0.04360347855586977,-0.06253167647349667,-0.046523840630681046,-0.08598199640611282,-0.06434746419817505
2025-11-05,0.00037045842471905566,-0.013940390514949441,-0.017514631193840113,0.024392776810882255,0.0035295587926045258,0.013756941756363883,0.040089130615176716,0.0251149107932942,0.0050322341507136326,-0.006917135351730774,0.008623171181320721,0.0005367307961989809,0.02000348380432837,0.03980564097545036,0.03645698982774803,0.02265282648549194,0.040271429297028094,0.046092283540983825
2025-11-06,-0.0013698257358518706,-0.019836009251469555,-0.036524699385851234,0.0015476580976709897,-0.028617121300727022,-0.02674741513076473,-0.03497306340156048,-0.0726797120896786,-0.0013109006381906152,-0.05307105896934561,-0.02600771966368709,-0.024379318408312645,-0.009443450165168787,-0.036278663904281694,-0.029702953567541934,-0.02493503798083263,-0.03296574838976807,-0.04613602679950024
2025-11-07,-0.004818849477972176,-0.0005631947321764752,0.0003719741924403941,-0.020790126454832247,0.005636975040414827,0.004475368208618935,-0.03675632866235745,-0.01750106737702306,0.006052704730924008,0.002549373859888293,-0.018621948158601298,-0.001221915042084576,-0.01732339602612043,-0.01333710695964252,0.023899015830685544,0.020445121741957006,0.037147836870148554,0.04283505864756365
2025-11-10,0.004548510139593898,0.018477362934305797,0.05793266405042896,0.04041884331859036,0.01632498741700905,0.01616513790206353,0.03657576451501576,0.04470327456340706,0.014868768548804256,0.0076288656883933825,0.006562057257846865,0.005811267244367757,0.02564190323180937,0.003979134405416307,0.008392333749285052,0.025385763911246917,0.03876194096607111,0.0349940793796244
2025-11-11,0.021601267048394046,0.005296528491423036,-0.029590595740832115,0.004170929865496831,0.0028180846386127723,-0.007407788700866003,-0.01260026442672324,-0.026477545570138594,0.014615098635772483,0.01154271796257067,-0.0194328981604317,0.013288718370319641,-0.01794141588640219,0.014046676448804307,-0.01482443910309672,-0.028294541304540788,-0.04292544572498369,-0.07647072123570597
2025-11-12,-0.006466769865795197,0.0048360785785346305,0.0033132525827326287,-0.015790653915050967,-0.019670851205186968,-0.02881609540139618,-0.02051769508633805,0.08997141289818655,0.018531579842726353,0.006216774522609825,-0.03878892315047133,0.011493867589685625,0.009262391806642123,0.015461593881042068,0.00026394723472211723,-0.012954505253314763,-0.0006406464052173266,-0.008451211723046526
2025-11-13,-0.0019014763772919885,-0.015357846614763582,-0.035810053573176126,-0.028390987759088437,-0.027108907452568887,0.001444949960726305,-0.06644220962287406,-0.04221873118363728,-0.002825084051869653,-0.022721786929002175,-0.04149947003165966,-0.010235816093760675,-0.04290301959279352,-0.012282789467758404,-0.052256520826898356,-0.01933536967351135,-0.05283685290035778,-0.05320015638905751
2025-11-14,-0.0019784193430598673,0.01368985264921152,0.017713739487007718,-0.007753963559798183,-0.012164320933474637,-0.0007050146716555128,0.005870832424868633,-0.004637881610482952,-0.03643982377098187,0.01343433243748482,0.024268027148263815,-0.007464090846510563,0.007294558457433098,-0.0029799860516229737,-0.010860467594141276,-0.053157837862490065,-0.039895183075048135,-0.04432456146162034
2025-11-17,-0.018171105694162026,-0.005272673136783701,-0.01877257113277353,0.03114930646301617,-0.007754941860691922,-0.012224019023201915,0.011302107716671506,-0.02548516408716195,-0.008335074037373547,-0.027210154425872712,-0.013417190833653225,-0.01824160639834127,0.0005548120156841918,-0.041556390956575595,-0.02280409242263881,-0.024406440928130158,-0.025532312874603558,-0.05645031914624388
2025-11-18,-7.493988505480331e-05,-0.026995476946809815,-0.028081548944694834,-0.002596263849111158,-0.04431653833391602,-0.007176000621770817,-0.018756757252943457,-0.04253289042328279,0.03445457784766681,-0.014892606464516622,0.0028655130245114346,-0.0018457750330598266,-0.00627460276670766,-0.01013507927693047,-0.010947774803830468,0.009284005043766586,0.03254717213392322,0.07540122342474964
2025-11-19,0.004188023274067865,-0.013507829718346964,0.02845174000170836,0.030005734505319293,0.0006290693674619874,-0.012330820349675475,0.006828636098130891,-0.029267403842426765,-0.035848860278491324,-0.024068482620744014,0.022858113472162378,-0.01960124463036128,0.04088104574950946,0.006361321834530198,0.02272061572077444,-0.015953746750565823,-0.031991314382848524,-0.028052806712053013
2025-11-20,-0.008601474473370452,-0.01600132392688336,-0.03152479724769042,-0.011475132840838342,-0.02492255148822009,-0.00198192653966045,-0.02168365419886953,-0.07841645511066375,-0.039363653009587884,-0.011014578014682863,-0.06580049047993353,-0.017949739769305473,-0.021443502258559843,-0.0392510164471358,-0.04243809890528727,-0.05285126891851111,-0.0632777812683677,-0.02376160012334938
2025-11-21,0.01968061086817685,-0.01318899894610237,-0.009743078144453632,0.03527395866531968,0.016348913427910006,0.008656547056850927,-0.010474950113494086,-0.010872757240610653,-0.01287026245781886,0.007720666907648832,-0.05662360468647365,0.037740104914434136,-0.019087608044946025,0.02324701828475617,0.02617492849711711,-0.017790340109098413,-0.023334590055091975,-0.03757305563999824
2025-11-24,0.016317565960635383,0.003982072607125131,0.020516524026680916,0.06313796803893101,0.02532963104830621,0.03163642224823415,0.0682451678419993,0.055304761703659056,0.02550094645161094,-0.001276806222770266,0.007647487592907787,-0.016841948900213066,0.11099336671064775,0.010777676255164348,0.03739133088485058,0.03737042317351125,0.06761912462801134,0.07681564925774298
2025-11-25,0.0038053394528705375,0.006308039042083102,-0.025910676352574047,0.015255254678428365,0.0149814363087164,0.03779464159504431,0.0038776272725380423,-0.0414787167745283,-0.02402542456292711,0.03218396434809123,-0.016227343733413502,0.0025726375878543095,0.018705689291960814,-0.01066275651743176,0.0011176561750236846,-0.010520742688141405,0.0017688477411781367,0.0037564903253695103
2025-11-26,0.002094106406326013,0.01784106260616336,0.013721598736048168,-0.010790190890351603,-0.0022205534501760216,-0.004102385800420105,0.017119677587676296,0.03934410526484111,0.01666664596109424,-0.025499724172934557,0.04024779348947427,-0.006352679883724677,0.032568970481682946,0.011267483915756049,0.027351367350111122,0.03636830551491177,0.023623136478952533,0.02967106369000594
2025-11-28,0.00468386682792965,0.01340886450717993,-0.01808492846544285,0.0007188536364459708,0.017716868099636462,0.022632385109140563,0.008415835173881447,0.015356577678195427,0.013567010078074926,0.010475517668486534,-0.01468580536510422,0.008220004911338785,0.01355728390335953,0.017863705065313207,0.10187448682685907,0.004428918129616433,0.001483722114595576,-0.03931129191768168
2025-12-01,0.015241063618504969,-0.010711244753378257,0.016497197970264388,-0.01652185247491411,0.0028299616613276513,-0.010926808520693276,-6.973703038437584e-05,0.01025143998553335,0.01440783970981352,0.009933253444208923,-0.005001237359782418,0.008496551960816001,-0.04188997416596352,-0.00029746404947728067,-0.013560232572378372,-0.05056898866147219,-0.07654755083182652,-0.07774335728860182
2025-12-02,0.010914951816139551,0.006697668936617829,0.008559426101467427,0.00292152242927024,0.0023088475921804186,0.009721040185510788,-0.0020923987153301793,-0.020567842767812206,0.0020159555231387127,0.008074597831533303,0.0007962893804238647,-0.00012392301119890092,-0.011681439410197725,0.01582970353197677,0.08647845649390495,0.05825464938016567,0.07062049558248629,0.09443042677311331
2025-12-03,-0.007128103890149506,-0.025040836477469575,-0.010305266298823001,0.012095873719035755,-0.008702300580441968,-0.011590211242519133,0.04076973347810542,0.010964507294748405,-0.049291261681398524,0.01708490724686973,0.03296854156504847,0.012298259814529366,-0.0025159924573404657,0.02560047508933705,0.006671200659915444,0.023837949867722363,0.06458838390069488,0.044884257560364516
2025-12-04,-0.012141396841095942,0.006510015802057678,0.02116036298998414,-0.006288441222430441,-0.014071797072686798,0.034287301560096184,0.017437455153354264,-0.0074449004160684895,-0.007118101868856752,0.036611914492804765,0.03177213374277499,0.005967354839083283,0.001103573641569211,0.0009759477677095951,-0.07449722227089395,-0.014821043775501641,-0.01793955301277983,-0.04060754409088052
2025-12-05,-0.00684017568933204,0.004824857333882937,-0.005289519918164842,0.011491530112970327,0.0018331725713691682,0.0179733727536755,0.0010340378456106247,0.009213841710018933,-0.028870406139230864,0.05297826814652029,0.015163446086407628,0.0533264326147147,0.024171249264631323,0.002638329644542914,0.02246913203486689,-0.029887330373216225,-0.03505821706537382,-0.0409419682176172
2025-12-08,-0.003192442810390217,0.016267852196279575,0.017213998994173974,-0.022861568407134936,-0.011501761877265149,-0.009830471296235155,-0.033890139401614006,0.01440564927312682,-0.03441736853317645,-0.003991237985360274,0.013604239919898564,-0.020620384817959247,0.02782910087191315,0.00286019959960937,-0.02680513437434684,0.01401137407571107,0.03331703540428421,-0.0003357956824046049
2025-12-09,-0.0025550641485947434,0.0020366130003732774,-0.0031259126312241925,0.010710116618692478,0.004539639393836836,-0.01475690761080306,0.01271674558948499,0.0023065194040436943,-0.0008265505764847303,0.005741066323054156,0.004488994973256277,0.015333841359706168,0.012939433981108639,0.003936000325311273,0.004962798181780803,0.022633530616329445,0.0626894655346446,0.03468970597360688
2025-12-10,0.005772480348263054,-0.027356625781667865,-0.006433411769608877,0.009871353691282447,0.016935769749744978,-0.01039642420803999,0.01410696720325344,-0.000902431877306209,-0.04136076970186031,0.01218299321308014,0.006680764522140503,-0.0034560943775936437,0.016441400844824372,0.035284152096062504,0.006913550106095956,-0.007236522211271801,0.0012872624094455443,-0.010388469403110556
2025-12-11,-0.002690371794892954,0.010260036919396365,-0.01550779126219859,-0.02429664246624641,-0.006471654188885845,0.0039684539561655185,-0.010100780674035303,4.513823014451468e-05,0.014885096182134516,-0.0070021607566107535,-0.10833585827917669,0.021274699644707296,-0.015981890853171365,-0.0051589268588415615,-0.03114272917556904,0.005329119618741718,-0.026563274780229462,-0.0007141392413866354
2025-12-12,0.0008993198694000615,-0.010217835533210096,-0.03266452212921567,-0.010050177978120356,-0.017760970816273702,-0.012992021185513125,0.027008830833098685,-0.048096437920576274,0.011690999535862723,-0.0004573938078568096,-0.04465692998152382,0.01712182211969293,-0.11428003789477326,-0.016439756145854245,-0.04302700633919487,-0.024223213861206738,-0.0472294070775402,-0.0296782666966684
2025-12-15,-0.014985057058964357,-0.007752917074920096,0.007256190132717499,-0.003459567234772254,-0.01613691637948922,0.005910993630614314,0.035624033484225714,-0.015181691653736284,-0.01491759388507119,-0.029172931960203208,-0.026583063375410054,-0.014813564761088194,-0.0558997329834614,0.005440724027524713,-0.007934489311331672,-0.042656642849050797,-0.03890492434320225,-0.034515028531464154
2025-12-16,0.0018241385327160131,0.0033065525131403817,0.008111748644499261,-0.005353296540208108,8.989068511011666e-05,0.014887877612019818,0.030653694218629735,0.00765967975655335,0.008531546127734213,0.0012961929680987971,0.02017080530594484,-0.009283722923850823,0.00438480539711783,-0.01751653478720039,-0.0053318303703409065,0.01648005936140917,-7.412718940891239e-07,0.011694747345551537
2025-12-17,-0.010086925630541477,-0.0005668537354907022,-0.03814992030459552,-0.03212967807685918,-0.005796159688549629,-0.01164120006715652,-0.04617456293730249,-0.05287564017503421,0.002326332044126689,0.01267120374745323,-0.05401521716211177,0.01946014179370259,-0.0447699334250834,-0.021462602177726553,-0.033771162955047784,-0.01935507109105894,-0.04479394067431908,-0.04743786366195479
2025-12-18,0.0012874469253183474,0.01650852133550962,0.01872005454267267,0.019344821602210294,0.02481127187766008,0.02301772089025489,0.034477560704677446,0.014890701828042863,-0.008334222047654105,0.0004888770486444205,0.008797441052060373,0.0032425249100824782,0.011839671887847292,0.010734672589608474,0.006380015176252529,-0.007908292107279613,-0.001530856537254932,-0.02883087832552622
2025-12-19,0.005437604202853219,0.004008419527562479,0.03933629234179148,0.015539286358039028,0.0026019210221044364,-0.008548316763204888,-0.004489279293453219,0.06152389966871752,0.004148929677111113,0.007989093972727845,0.06632225232636291,0.00014049013043981873,0.03176911551074579,0.0060852443101302445,0.014884259473445294,0.03090097713717843,0.05337740480626607,0.05538670491164055
2025-12-22,-0.009866070345355471,-0.002057988220131479,0.014917856005967955,0.008529708591268559,0.00475032567966549,0.004143949964953153,0.015648376118613028,0.0071217932091200975,-0.012289395489095245,0.018160286908250445,0.033390673358074885,0.004692894667784886,0.005122033551379301,-0.005877325953315693,-0.012221639507582926,0.004388399175577984,0.00943697240347574,-0.003102536732022876
2025-12-23,0.005129732868573544,0.003980003148890798,0.030050696890744133,0.014752403055799057,0.016241329216049705,0.005200280550214487,-0.00648622625268469,-0.00023262643623034318,0.0028960273875859865,-0.004534885678639244,-0.015324193194162228,-0.01429246600008216,0.023048703518290692,0.0030420984474970325,-0.0005499163692893605,-0.01215974047919599,-0.014204477620910372,-0.015453072132429413
2025-12-24,0.005323766193815027,0.00240321276182498,-0.003171176350336813,-0.0008270900340463516,0.001033882544133169,0.003925218301329192,-0.00032952397832164415,0.0006514629763825219,0.0014973196753844675,0.006946925503152901,0.01100650569766115,0.0015890061212673334,0.0025765613644750385,0.00011457852042950911,-0.005226922549783408,0.0022646365284737513,-0.006001080904730394,-0.011292139631283615
2025-12-26,-0.0014973429371301084,-0.0006351543356442058,0.010179787555644415,-0.0018465518166213002,0.000602458846315157,-0.00638157933936534,-0.021034181259704465,-0.00023245812188155135,0.008863753059212831,0.0030913324422403576,0.00253169928710828,0.0023230120151829237,0.005453641549698851,0.00022877609577109936,0.0011062200137206268,-0.0035443933302842234,-0.006737178908589492,-0.0021448026508679163
2025-12-29,0.0013168127155420706,-0.0012507766584408664,-0.012124095639676424,0.00015946317380866049,-0.0019353042317806768,-0.006935045894445824,-0.032723726747357684,0.002883832277529752,-0.003387315451352957,0.0005637716763975398,-0.013182417757537035,-0.0018088868087634546,-0.007781199895323443,-0.007894338838484005,0.0132596555834259,-0.0018704053654620134,0.003005293622569072,0.007604797761903592
2025-12-30,-0.0024840667289872664,0.0007801688074968727,-0.0036128388270515455,0.0009248364617260307,0.001982123671998126,0.011021838367799575,-0.01133500523587172,-0.001252280838999198,-0.003929928205899436,-0.001164302360366798,0.009366352475749684,-0.001840508239167038,0.0013166100755317434,0.0012685268271621641,0.016902915123402584,0.014826942349620564,0.01256702548089339,0.014668734628928481
2025-12-31,-0.00446750636542359,-0.007918329968719329,-0.005545457451715419,-0.0027083270412798788,-0.0073538531116630335,-0.00879939442656319,-0.010364613980130888,-0.005479672591476081,-0.00021322929544342895,-0.0037982151820453725,-0.011662711080165145,-0.007148788577452048,-0.01071892501129279,-0.014972606297294133,-0.01072379944673596,-0.01041844740246467,-0.0014737583994245407,-0.0035767943299900296
2026-01-02,-0.0031264752435974374,-0.022083453247643603,0.012600613583971576,0.006869066497624088,-0.018715913643268745,-0.014664769964619961,-0.02590499391813128,0.04347215819664729,-0.029543560253296852,-0.04261826046339967,0.004104464340055181,-0.047687085079860636,0.0043916738622924445,0.01128322352446598,0.06720865690200695,0.027835673722204746,0.05304449457935689,0.061447027498910956
2026-01-05,-0.013837077351278815,-0.00019026468219951465,-0.00386553447189375,0.004410686318703005,0.028962461627345393,0.012884052372415855,0.031045280151877908,-0.010694945078055573,0.005165416328581918,0.010409284536375685,-0.015941961903781277,-0.005220492943599719,-0.012081961262585206,0.01925084956437062,-0.00025399024782069013,0.043780896264292934,0.0325524989578152,0.04432108876343155
2026-01-06,-0.01833450807918291,0.01196992596451052,-0.004677861544826745,-0.0069502791954518806,0.033768107781812384,0.002778031149839988,-0.041424095947095174,-0.030441449573905932,-0.008856304031291673,0.025911085254289423,0.006023198625965787,0.013361058958864414,0.0010190763406572323,0.03482490157797824,0.01701808488239398,-0.0016352711961346023,0.021640912864389295,0.02252659451831307
2026-01-07,-0.007737289754660592,0.010365595408808659,0.00998716419134471,0.024304944556552188,0.0026148877348792787,-0.018058772082417907,-0.0035799792672750463,-0.020200614451877374,0.0008825353525432345,0.012247954398535432,-0.004696852292348286,0.006279996221520534,-0.0007854207905944044,-0.012386850962306184,0.06468531701715063,-0.025829527204251357,-0.03917016624496916,-0.03391533667148772
2026-01-08,-0.004955134609102907,-0.011086568164989097,-0.021521960309205612,0.010745993625736139,0.0195810389772495,-0.0040543930121810234,0.01017589785492734,-0.02542620459026379,-0.0022043929266694073,-0.021005480418458733,-0.016542243465125672,0.002780249702564186,-0.03208150569857571,0.009323446578169081,-0.035655651411666156,-0.003076724046541912,-0.01972355629036915,0.014528382778804527
2026-01-09,0.0012738060445720567,0.0024471441088909085,-0.0009726849758689982,0.009617775065172474,0.004425724253495522,0.010834953689035753,0.02113359850994656,-0.0073773429786457845,-0.011819283212769816,-0.002264559949332945,0.0495375244015861,-0.015012966639942227,0.0375662587197827,-0.022488605767964853,0.10800288398903568,-0.005646925984974294,-0.006872686838344633,-0.01834529048135103
2026-01-12,0.0033927700267757377,-0.00438163685342341,0.00043278968903170956,0.010012954974739197,-0.003678565947722645,-0.016981687385643984,0.00887616368794375,0.022247400271679707,-0.0005588578456844351,-0.0020774946277702933,0.031029542000768018,-0.018865153706421167,0.020987244373096958,-0.04786801383971084,-0.032711259906174406,0.00751151615913348,0.0030093851353336643,0.02489600065460773
2026-01-13,0.0030740569768183956,-0.013642594830881705,0.004704210650191332,0.012384833149441166,-0.01570168822988771,-0.016947814837592667,-0.003920124914344236,0.06394144457215001,0.010177787668523397,-0.07070155484383467,-0.011676781990137663,-0.05408210453469886,0.006814191165362304,-0.02351283400883475,0.07330911124742578,0.04527528885126264,0.07430339604003233,0.04473807933362206
2026-01-14,-0.00417542603529375,-0.023987050237098795,-0.014369548439946755,-0.00038697848346846975,-0.02452601837319146,-0.024671518946347337,-0.017889087168218576,0.01190209018547117,-0.019596951384487582,-0.006180991788419465,-0.04290867212332006,-0.017713646191442,-0.041510375711816705,-0.004537543021150836,0.03023895702032542,0.016864423365986925,0.009821270239958713,0.009575735563493781
2026-01-15,-0.006731882749481111,-0.005921085530564474,0.021349742108958125,-0.009111536013447163,0.006465239039753046,0.00857797437762109,-0.0014344373071545347,0.019320178656121234,-0.0056465271910577375,-0.025211913060670388,-0.019420373611148123,-0.0011496718588517307,0.009208800276622409,-0.019144248512426132,-0.00821021173761649,-0.01421799419905967,-0.011214440579919382,-0.03012115714619623
2026-01-16,-0.010379048162391102,0.007007364067386224,-0.0043838497320904946,-0.008353759770762248,0.0039466053837939885,-0.000885849076038836,-0.0024397640202235005,0.017155158360483647,-0.0005678938106159492,-0.02749112227193007,0.0065313868343752635,-0.02620935024724469,0.025333786704818673,-0.012206420032671361,-0.02814570817344686,-0.00027284132392391136,-0.006517479736100618,0.01776144874638974
2026-01-20,-0.03455568651279595,-0.011612229872971835,-0.043816680896523685,-0.02424241918838399,-0.033957825706746436,-0.02600570910929889,-0.041714285714285704,0.0003881997031436324,-0.008409066633744633,-0.030998093559407414,-0.05845411164079195,-0.019417803913323928,-0.05433460621424602,-0.03355915430386769,0.034071599659536655,-0.07552161305742966,-0.10920297711673954,-0.13222894091752146
2026-01-21,0.0038508809593345017,-0.02290332218950275,0.029482806126936323,0.01981366867186196,0.001341980773132967,0.014632991123005867,0.02907573629435012,0.077095571852271,-0.02177402566312825,0.006861351332407839,-0.033570457805832565,0.013293439177773259,-0.011425145672083525,0.014928246605959261,0.1171745977305223,0.012071608510981546,0.014748373722715646,0.029221798972973723
2026-01-22,0.00282652826830998,0.015829564134287155,0.008291414334357983,0.006577795076384119,0.013099298825289152,0.05656162804047149,0.041535283721378935,0.01573255655632222,-0.021321458315494812,0.029379911050564145,0.02472957317585056,0.018692858629759446,-0.010066949676357462,0.009145001705631817,0.0012903169552851423,0.000956534957143873,-0.009825039857546347,-0.00843048821751935
2026-01-23,-0.0012482377059583882,0.032827897415900864,0.015310547591580237,-0.007896314069786747,0.020568436457892636,0.01718567301537055,-0.0006675890216037983,0.02345011251500373,0.03088343072516242,-0.00017539711888026055,-0.005724452082182974,0.00447067790602973,-0.016713183834180523,-0.012547366155011397,-0.1702871879964567,0.00046300848627667257,0.0012283041671792283,-0.0072240813416110106
2026-01-26,0.02971293759961746,0.00929284452750978,-0.00639415348837058,0.0162535302697584,-0.003094185824689677,0.02064482448880267,-0.030864440001146964,-0.032231959924759135,-0.004876983104328936,0.005919748073695441,0.029803543623383444,0.012123405878001536,0.01499762941500471,-0.00834313480358373,-0.05724424304031461,-0.013817662922415375,-0.009074497182582353,-0.025296915806398368
2026-01-27,0.01119767242920311,0.021901801392504305,0.010993712336375028,0.0038707918167637523,0.026256163723313408,0.0009071085199214846,-0.009880556502607218,0.002864992350872564,-0.0014001764464468547,-0.003792499613403222,-0.041328703739185846,-0.02395637885181523,0.024442066327178935,-0.009578037790022753,0.033890293476706246,0.009464787027023913,0.032720079340819774,0.023482165651521836
2026-01-28,-0.0070855891539566285,0.002184892240207237,0.015913348721937837,0.004364217982405938,-0.006825233852112089,-0.0063003591592986075,0.0012995998294869082,0.002817151598246692,-0.010983903029844866,-0.002494058971227564,-0.01200676251226418,0.007262366508688389,0.0013521324993952533,-0.0022217210804369447,0.11040287822510386,0.0009202877056453396,-0.005162947242162819,-0.015240258912844196
2026-01-29,0.007175054149860305,-0.09993145889009558,0.005169239280915727,0.006666302666302748,-0.005267268047532636,0.1040480263330068,-0.03453389466363932,-0.0022157664208722894,-0.017485771954295015,-0.06088799927213162,-0.021932882936475107,-0.026470368620129303,-0.007531937875209893,-0.0031433165399525897,-0.0024600027652256218,-0.05183614563372574,-0.06265359238084345,-0.06004454397307235
2026-01-30,0.0046462561241580325,-0.007404831808259127,-0.007168415497976088,-0.0007389993505845238,-0.010052507834071744,-0.02954039688663712,0.033248526466028494,-0.061265752228432,0.003968184068401159,-0.008361319821164948,-0.02621155673347597,0.0054860488153603,0.0017234244699368961,-0.004138840996241733,-0.045006137147068914,-0.005119696877728619,-0.041109956346790044,-0.002063922498493853
2026-02-02,0.040581232988504023,-0.016082243654491735,-0.028880930847569264,0.01683432571192478,0.015294624385431943,-0.014082423655048748,-0.019980962408733927,0.040299111718405944,-0.008743511153637806,-0.006971612821144335,-0.027463817712280236,0.0004433244085677579,-0.0005736099591211463,0.00679465309678462,0.05035506974648807,-0.06466156560060354,-0.13248291682058855,-0.10984620173115689
2026-02-03,-0.0019629018353019,-0.02872185545278283,-0.02839291451472381,-0.01158025293036069,-0.017863069956986388,-0.020823533956993767,0.0003555958781265023,-0.016892043651028255,-0.03407442752577805,-0.06845016164342832,-0.03367485067356135,-0.07311340871917715,-0.032557077430909964,-0.035644043916989276,0.009014517810477907,-0.03882661934945053,-0.04982085366444211,-0.06611633197482858
2026-02-04,0.02601293089498702,0.007246901770809222,-0.0341021289659974,-0.019634374601991578,-0.023593955826118007,-0.03283213223831849,-0.03779974882085746,-0.1731444304789821,0.002752079234227933,0.0155819167995912,-0.051723031457694746,0.028610300403945743,-0.03833561323646617,0.011618391218033208,-0.013198000525460163,-0.03455931736640505,-0.037733992059035826,-0.0567279402334836
2026-02-05,-0.0020977418894285726,-0.04954244641187633,-0.013261403525100302,-0.005374744293150324,-0.04420791797466195,0.0018236304157808192,-0.02167438757390938,-0.038413518895165866,0.00885727360324795,-0.047482916059712665,-0.06947565460674565,-0.036895274112144216,0.00798587248961602,-0.0845589547849328,-0.007407341706934134,-0.14129892381358544,-0.15013782215594373,-0.1504074001458241
2026-02-06,0.00801000302113608,0.018975294764416617,0.07871770419569057,-0.02532832483763514,-0.05554804877440456,-0.013055619594568357,0.03499406912088299,0.08280520748782472,0.016446075880915734,0.007264321791081052,0.04645373135538211,-0.0037492472278272126,0.07217159919209593,0.007630206284357399,0.04871472620968165,0.1252476912623226,0.1326816155325108,0.11865539845558937
2026-02-09,-0.011660636099912414,0.031061445260035736,0.024971658454912227,0.004522141246049882,-0.00760748406141476,0.0238260061743647,0.015105500216312517,0.03626941791424576,-0.00888072694210329,0.014005715815804454,0.09641504909284504,-0.005514609730238207,0.033101036303815334,0.011576984912919475,-0.00691833313037038,-0.006159832312600089,0.019473159802371853,-0.00872343018250843
2026-02-10,-0.003423017398519912,-0.0007980007434245096,-0.007893114950312197,-0.017698649483792517,-0.008432323191560842,-0.009598014146639078,0.018906316477488083,-0.01124996609157991,0.009083071715745739,-0.0029892262906537903,0.02107414981546163,-0.00835511622235141,-0.010176249137704318,0.008349592386803106,-0.06190287632264413,-0.018921927121284043,-0.03996552777885143,-0.04367039018051111
2026-02-11,0.0066501563343037695,-0.02153550892535805,0.008009045930616798,-0.0239186037840049,-0.013915755650289796,-0.0030265876059532015,0.00719643851293883,4.6797333395076635e-05,-0.0315046389336332,-0.04368061794832645,-0.017074288767504497,-0.0283749929520275,0.006814794357365317,0.006781272757503398,0.024612769385165212,-0.02619404614799148,-0.03905729079240494,-0.0441561928534846
2026-02-12,-0.04998178993912428,-0.006256539617675028,-0.01636418228460701,-0.00630310231692921,-0.021952154485219033,-0.028234250895775248,-0.02615168463063966,-0.03577113645542429,-0.047224340699886236,0.002324360047349483,-0.004326760301194499,0.020765267778215746,-0.03381370345813828,-0.018221602454526198,-0.03748190803427842,-0.011495780977477277,0.0032563467246882194,-0.011429134715176037
2026-02-13,-0.022733375921363153,-0.0012941282208759342,-0.02209274727292243,-0.010614850915621199,-0.004058180323715521,-0.015450671663927884,0.0008871295242764976,0.006701004498653074,0.013314027525761052,0.023135513463886648,0.02338954464828591,0.00560000465029753,-0.01811764110686709,0.016104522092053486,0.006669564895527058,0.039805596623848194,0.05217758881277712,0.07625037648670263
2026-02-17,0.03166790145686904,-0.011113329498388835,0.011815606660472655,-0.012102656999636863,0.011871828009746288,-0.0007504488010944277,-0.016313715788533467,-0.020451501752714596,0.001691131114519795,-0.028621198512991386,-0.038528806436291974,-0.013334806975770053,0.02266502390162728,0.013717095223320097,-0.013036986501727799,-0.019803480994131428,-0.027499270626955674,0.010377636413843927
2026-02-18,0.001781167564954833,0.006904174457123657,0.016272839831405594,0.004337589254474139,0.018095945812067082,0.006147466252062417,0.0016803507615164026,-0.014575569663081156,0.012857115113890094,0.018991810264300968,0.014288470038262169,0.010443467434130937,0.002916966259122411,0.004276851197913878,-0.015591191337052224,-0.015836888807606253,-0.019184983188783145,-0.04261458808038421
2026-02-19,-0.01426159138112626,-0.0005768723083999783,-0.00042552512892690686,-0.0015824245833258033,0.00034184934085601526,0.0024253540542198415,0.0009481282794783219,0.016240256242745055,-0.012693908076505278,-0.013312722246515696,0.002369198219244417,-0.015047390548329598,0.0014391977590397786,-0.013753207610370022,-0.018477786394738405,0.008012052068341324,-0.002954528018943803,0.010130348083455587
2026-02-20,0.015350431056632585,-0.0030868870817751803,0.010218334412386287,0.040052816279271264,0.025627257563010764,0.01687395469029984,0.0002672169037041261,-0.015833216787204285,0.02168828790838062,-0.0007016309727868597,-0.05404365746826423,-0.0023147491350448135,-0.004012055276103488,0.011396657409056044,-0.011429814740958388,0.015650197075734784,0.010687443713567113,0.02720926106593602
2026-02-23,0.006047273769737682,-0.032122439726264385,0.009113767839714404,-0.011080137451600414,-0.023035535309270938,-0.028078492552648715,-0.029114711618451472,-0.01773663702835193,-0.03368503352685959,-0.03780506635864622,-0.045718563156961434,-0.04613121438278278,-0.006944218312593398,-0.01728724096579992,-0.010881875665258667,-0.049829609174084744,-0.05765273913312219,-0.08131129322916109
2026-02-24,0.02239105106810335,0.011782379946865706,0.006786827395534711,-0.0018940645152043523,0.016027637831418806,0.003216855941028829,0.023885197787236967,0.08769069022967213,0.026572012123933453,0.040749864914763956,0.03418021641540703,0.03441708182764036,-0.014681962796962433,0.031123203002124677,0.05707077246874559,-0.008305824880296298,-0.001365303886856295,0.01650351579874676
2026-02-25,0.007679856169661159,0.02982008150415294,0.014052296937936637,0.006432861726518357,0.009973158109912061,0.022509056085272983,0.019590573349979934,-0.013935633083487109,0.0597129161717842,0.03413872626519687,0.011974754728967252,0.010346041496228198,0.02095313605529081,0.007183399602279206,0.016478797784729382,0.060550552894326426,0.10882988045871778,0.1123415037924218
2026-02-26,-0.004667689785084916,0.002795803754952919,-0.054561288253833995,-0.01764130477270065,-0.012913032798065993,0.005078747071393774,-0.021130827631028026,-0.03405106664984925,0.022853681492047695,0.0402607141074427,0.016363596882710718,0.004770998013948757,-0.03192794019344847,-0.0015774746440850862,-0.030290144012141917,-0.007450715585058165,-0.013547624241957545,-0.022822853990975167
2026-02-27,-0.032130377674157495,-0.022353879899142726,-0.04164629289442512,0.014249443904123638,0.01000385652833935,-0.01343955979476208,-0.014856275407819197,-0.01703645957724287,0.13772315912325528,-0.023462189497808872,-0.03266591354533788,0.013009554532203094,-0.0066833357386576475,-0.02218553408909474,0.0032996376792744364,-0.023304501473983996,-0.04738065532627633,-0.04606768215355217
2026-03-02,0.0020439219879579973,0.014793449697371175,0.02985494874285899,-0.01680780484895994,-0.007666669573102691,0.008300203011334828,0.00201236624914114,-0.007941718911942619,0.008832070791650493,-0.009446066089888627,0.026478709158173075,-0.005830565748045857,-0.0022844119254964435,-0.009342507215810758,-0.002411765158507717,0.043927986557364296,0.04998393796571121,0.057144014199074666
2026-03-03,-0.003664094667077511,0.013498988042953908,-0.01331663634113589,-0.009591655363578977,0.001631538648142472,0.002325654992232584,-0.027000928420799375,-0.03861644525980357,0.006282836887012255,0.01606633236346222,-0.001607982859164192,0.03875339298657221,-0.015620079323708014,-0.0205629357500563,-0.05274728628305303,-0.007011227255569463,-0.021950713860043103,0.004446622564145963
2026-03-04,-0.004663640952734749,0.0031441550485353797,0.01660656891157819,-0.0014821126677574403,0.038758260730479055,0.0193105807410201,0.03442654745501761,0.05823519535845123,0.009826066979057746,-0.015149164208363763,0.022548738666622326,0.00786008693889495,0.011757565991906915,0.009990543163910237,0.05754068317247607,0.06467555605177866,0.0724927895935461,0.04383503802828259
2026-03-05,-0.008494536639458317,0.013524118716237599,0.0016389107184711094,-0.007422672509098671,0.009777672934109694,-0.010722877830966926,-0.0009607691927178141,-0.012965854807798327,0.005169212324201533,0.043039119890001976,0.015882472647009482,0.031561201198355704,0.04799535514481201,-0.011686618879702015,0.008117571676635515,-0.025710882421896564,-0.025816959171616194,-0.02359415711413293
2026-03-06,-0.010872576884936036,-0.004188140027264198,-0.030107816435017698,-0.007843624258060733,-0.026171534044230005,-0.023782518331655345,-0.021748186591348695,-0.03519681313548806,-0.0015125696142836986,0.00357518433769477,-0.011822456383604352,0.0066728364732622225,-0.006881499356490406,-0.009562130752140297,-0.055059903198841575,-0.03817885179689062,-0.04482236094062009,-0.04520529644889626
2026-03-09,0.009399602442343502,0.0011003457480245338,0.027162131860685834,0.026985186387012305,0.0013132534612818603,0.003923419586694399,0.004915135319874642,0.05326612477333437,-0.007069248353597124,-0.01642678833137723,-0.009152710760015337,-0.004160470686467965,0.04620535194065112,0.01783486575024651,0.049746746964495436,0.0039023233580666172,0.0071696793261908365,0.003003852546076047
2026-03-10,0.003655516130785408,-0.008915233433622216,0.011606901740507825,0.0022197474139682427,0.003934593265620068,0.010318346569180958,0.0014046291985589932,0.002713652415794243,-0.014035773573040644,-0.01951792775756056,-0.01425188044588721,-0.0258815943046532,-0.009168456781116885,-0.021070221882882656,0.026327268539612314,0.022287806357257578,0.022169403074209004,0.010620373000247652
2026-03-11,-7.665572857407099e-05,-0.002168810809014765,0.006873790075621278,0.005406512455140788,-0.007838417021498234,0.0012077165876771545,0.02149087591352483,0.007872883615372972,-0.021147132248081846,-0.004001928013220191,0.09183400399910568,-0.005161245238734402,-0.0029481022750449393,-0.007988199646563388,0.025652005007544387,0.003975020350486469,0.007094700046877955,0.008466012051563832
2026-03-12,-0.01936274044373243,-0.007459079914875377,-0.015535038307747384,-0.01668304802062759,-0.014671973697334306,-0.02547096599364118,-0.03141091003024232,-0.03461405201635681,-0.006112359940830037,0.02652853813557976,-0.02427654168784521,-0.014358236083706344,-0.016394881494549818,-0.022144357153362382,-0.05689869879705056,0.004110513591636167,0.010510464768130001,0.0034986042511531146
2026-03-13,-0.022051947243152514,-0.015701945535794515,-0.015780351087926303,-0.004183744527350486,-0.008877013416636048,-0.03834341107131756,-0.009645319015723963,-0.021998614254443494,0.010603329719934607,-0.03236647694967443,-0.025446088525511223,-0.07583954165488804,-0.041104885017184234,-0.010140937081244972,0.011491722823506523,0.006735442992662266,0.009370945241431228,0.014798345502587074
2026-03-16,0.010794880344667579,0.011123808473237684,0.01647719771483347,0.010850879105583244,0.0195984367511175,0.02326375587459273,0.011145156481373153,0.016495177886520107,-0.001154135066302353,0.028574371932924114,0.005544543274302871,0.010187683344761833,0.00856717470210766,-0.003312302240432885,-0.00021853039393560092,0.0548529723562623,0.12358647741140616,0.09155001009136932
2026-03-17,0.00557702059525278,-0.001350145633083888,-0.007040829213523114,0.017541575480853666,0.016340754535353108,-0.007634185082946998,0.00937908655570907,-0.0013735083423848105,-0.008823491227077707,-0.015276736263691193,-0.008206773856659577,0.009290861320653931,-0.011110417494402669,0.017002732552265254,-0.037150284322502336,-0.01253801442025071,-0.014087655809712052,-0.015773174558420866
2026-03-18,-0.01687444762321122,-0.019078187927726642,-0.008409793966310586,-0.010388572511273009,-0.024767666852414494,-0.011209938711787881,-0.016254640751756533,0.016046096451777903,0.003603182870829169,-0.00496646259204403,-0.011571642329502141,-0.0322580528980565,-0.016743996286115448,-0.008511243807805102,0.022015373939454186,-0.0362122396594321,-0.04934391616753975,-0.0489963950765393
2026-03-19,-0.00392088772665522,-0.0070701133192111465,-0.01019953657814543,-0.0018199794357318666,-0.005288991452693015,-0.014585482660250837,-0.03177353995904608,0.029128634127283393,-0.03125659112840795,0.0033447084568256624,0.017135534374124184,-4.0628076568682836e-05,0.012376099384099115,0.006208379819761856,0.025538564447121992,-0.01870697238447039,-0.03006246566260873,-0.012744837101678286
2026-03-20,-0.003896289131202657,-0.01837955185260942,-0.03281817417975763,-0.019958977540516787,-0.016238740557820153,-0.021493303982399903,-0.032448058727281515,-0.019194243481266415,0.000872049628489302,0.0020000248978837565,-0.03755154634591762,0.008780797410813168,-0.029170769344274983,-0.010511868738348196,-0.050021683803066486,0.008722250723753211,0.00424494293930433,0.010523448171715355
2026-03-23,0.014113509804804858,0.002959251476275737,0.017023791970691482,0.0035216915163900353,0.02322639327005427,0.017518488430724455,0.035031022251806876,0.006705363495001615,0.016989736046379766,-0.001023650912549745,0.031133111606066466,-0.002055186457303404,0.040824893947261076,-0.011932236645654348,0.0031912330307053427,0.005562380225927255,0.0026316950809663897,0.0174785585169146
2026-03-24,0.0005963911769359953,-0.02678861083223305,-0.0025051173356209766,-0.0384692341618752,-0.013800294588880657,-0.01844188001608915,0.005724019012326664,0.013272165673053449,-0.026343961842241193,-0.062301404385066705,-0.04697423321825078,-0.03541432843674741,-0.013084912548553929,0.0024930931703368575,0.001136174816288138,-0.005598262529164066,0.0016533960130185044,-0.006580914496763124
2026-03-25,0.003894460372950048,-0.00456075708567627,0.019862999468737152,0.0016870504569690414,0.021569200454641724,0.0033225222378834296,0.007623458833617258,0.07255202565872021,0.01495821202970582,-0.005791793275052637,-0.007274437794609678,-0.006781911291925735,0.0016337772232870584,0.013056772261540894,0.07081250192098487,0.011231529778693128,0.005713742098458985,0.009753049261202573
2026-03-26,0.001068847476965784,-0.01366435858056958,-0.04163861015929882,-0.034406871354718094,-0.019696817795534227,-0.07959456006768362,-0.03585963575004303,-0.07490806591890964,0.011270057751243456,0.020224301110748577,-0.021983229015829275,0.015300336703108597,-0.029453286333118833,0.0014573937660120606,-0.06528193749750377,-0.03531428903229905,-0.050019391420208725,-0.05740259459351538
2026-03-27,-0.016173054004998577,-0.025138602324588977,-0.021723990228629808,-0.02342300480911985,-0.039510442389467215,-0.03985094781196985,-0.027626237359861583,-0.008735332688695308,0.0011787463642443097,-0.03409835083317381,-0.022057310898909055,-0.0250747609701365,-0.028246393023095395,-0.026275360226332145,-0.021995406792929217,-0.035662044616623034,-0.03316523299517671,-0.039622240350477234
2026-03-30,-0.008721878071757061,0.006138384182358347,-0.014028142284060685,-0.003061891848424425,0.008076656164990093,0.020276939304901376,-0.018102390725044493,-0.029456963439870032,-0.004923462303008996,0.03190005444154398,-0.006157802800903611,0.026784230297260292,-0.0241785687334235,-0.0003146086471950138,-0.04498034763185865,0.005322263508866554,0.016192122605364068,-0.006923437734918325
2026-03-31,0.02903135056377515,0.03122913185886711,0.055881839591958915,0.05140764466768588,0.03642700888472317,0.0666504882201493,0.04635780589195071,0.03769638666974573,0.034204584956675665,0.008863501757414127,0.059870295620288116,0.008086911246030448,0.05487215474140705,0.013457115113565399,0.07137660935729828,0.02311941479563351,0.040124913175980215,0.008034623384721273
2026-04-01,0.007250122916362178,-0.002161202585198696,0.007740840395765725,0.0341842370683445,0.011043371606930696,0.012409656077291498,0.025581734406523227,0.03332848784442355,-0.0062402336411779835,-0.0023035654689869123,-0.01277953169256596,-0.007034748646479239,0.012858946734400467,-0.011647820603534198,0.0883752009242409,-0.002268068291422898,0.016167945634351977,-0.022997026511691554
2026-04-02,0.0011344171618641319,0.011072891697944343,0.009331355671513775,-0.005447454345885783,-0.0037992260242745157,-0.00823488767330749,-0.05421500524128142,0.034679573061694224,0.03254840932518799,0.005047224513223814,0.007918398482403166,0.006421689038048184,0.0033812724626147705,-0.003771168703588512,0.04892780238485672,-0.017479577533077273,-0.038286390129433245,-0.027636370470076166
2026-04-06,0.011487928393195013,-0.0015529844779497148,0.0014093555967893412,0.014267777049570496,0.014396667550949704,-0.002506645772275662,-0.021547988276388597,0.012321805405890895,0.0027366372698616193,-0.011486281845349389,-0.005738546734479377,0.005927887585462477,-0.00038151582594625477,-0.008438450660772423,0.00793961299526047,0.029470772110846255,0.024750892239498556,0.015202486744933186
2026-04-07,-0.020706161436335302,-0.00158227106969977,0.0025895233556876285,0.01823395304878561,0.004605531356027148,0.003542471189746932,-0.017487708462248674,0.006131375004192696,-0.0011119034672216754,-0.01118723578693226,-0.016284065418779803,-0.01726960717859971,0.062144201020172485,-0.013202930062608642,0.04194566993537685,0.04474125312086663,0.06359598447469827,0.06857553575812281
2026-04-08,0.02130183701774646,0.005479441005658892,0.02234704465123949,0.03882678971266329,0.034990857360911454,0.0649856806761,-0.009808146419583275,0.046449729615055224,0.005768060074726744,-0.03601895503775232,0.003422512188339777,-0.003456324782061704,0.04988476465509706,0.027726297409230716,0.11415613178881467,-0.011361353371537541,-0.022959692630716844,-0.035801353565312666
2026-04-09,0.0061413306665165646,-0.0033659293136836244,0.010050495641456214,0.0036870273257929576,0.056045170153601775,0.02607686988110758,0.006904574267115882,0.020791958904084362,0.02676329287095669,-0.02887497854940868,-0.03702155609321334,-0.039154215088290534,0.012206607293100857,0.0018822132538196534,0.04698898086367986,0.009061281070850802,-0.0005439378020498653,0.008670613151261497
2026-04-10,-3.837788982874457e-05,-0.005897046483089641,0.025664770571296014,-0.0039247458830414805,0.02024400218227118,0.0023392917831341897,0.009634908676839249,0.03549693170279733,0.009407144103521503,-0.03447475684603396,0.0016683567557842505,-0.019961713008419646,0.04688500440328558,0.0024265744709395243,0.010693451626030193,0.016876904061948084,0.025582893392399164,0.018376808939366107
2026-04-13,-0.004913966848681062,0.03640093400171751,0.0036048719201053903,0.012829449259571968,0.006334400855383171,0.0074144287386648244,0.009944121218842028,0.0073049648790664,0.001456184086672696,0.04764795335882366,0.12694618201648145,0.06549808789468559,0.022069842988273303,0.024832215451058737,0.044886168469332244,0.02063049346997925,0.05592777134814009,0.021550391333902574
2026-04-14,-0.0014275206833038734,0.02273847493355685,0.03803284870668322,0.03610221801008451,0.03805913087682655,0.04406405543554581,0.033426021027357145,0.03338332225433449,0.030244232322894637,-0.008737479755139166,0.04742322268810084,-0.018283284238429176,0.002712193128471041,0.012191260049825736,-0.0210187009124021,-0.004068372317531099,-0.01999660571788242,-0.033256974732637
2026-04-15,0.029362881933440832,0.04606858430342653,0.012009626504063453,0.012646026536261568,-0.002088202809168549,0.013721024538111859,0.07619439612820589,0.011957453661307627,0.013455027489653437,0.036717137795341914,0.041779153362323296,0.03792636346134981,0.041861472397591415,0.0015808849014247173,0.017708839426357148,0.008404626904874313,0.015550417222206292,0.013664121914942262
2026-04-16,-0.011372573588962043,0.021983356619898142,-0.0026147732496876186,-0.003263010758028928,0.004828961562342915,0.007876871646921746,-0.007781651270713286,0.07802578269573357,0.0007427521282583616,0.020382794037334007,0.050232613164586715,0.014305566695052008,0.0044112242849359,0.010672705548274486,0.05481979403690107,0.004639453579876829,-0.004573969185826421,0.0479852427737828
2026-04-17,0.025930172257302875,0.006020124096113522,0.01678841329925218,0.016844318677508463,0.003444135445983987,0.017255884652571662,0.03013628543234881,0.0004672064912309981,-0.09722611808071635,0.005076762427171477,-0.018391849693960016,-0.01495005907123792,0.02025254179808611,0.012865253452295056,0.0,0.02627659540184779,0.030837677558848364,-0.0013489475765623427
2026-04-20,0.010435424419368289,-0.011163955067039377,0.00188418170800575,-0.01246774030993092,-0.009099612075002761,-0.02561901581344983,-0.02026857175416885,-0.012356773807962962,-0.025485518340968016,0.022674882788004336,0.014395138545522324,0.0170996440448119,-0.016997233712641502,0.009691671593169415,-0.04087595695996804,-0.016263482249216032,-0.04372417868426126,-0.03984517355008377
2026-04-21,-0.025196714096157535,0.014566888101796183,-0.010788749382758311,-0.015203641151253944,0.00656518805713957,-0.003085292724164246,-0.015490411649084379,0.034697136220384506,-0.023726668317570088,0.004509492798683068,0.02021619074948311,-0.005832008118709098,0.0063559442165879165,-0.014252458362912779,0.008523671445973546,0.0063296958930805225,0.005510533991485822,0.00816226649813978
2026-04-22,0.026299050276339386,0.020652647947734692,0.013107807107300529,0.021156251284484062,0.021807838295304638,0.008791265044684415,0.0028207553957204645,0.06668073349461201,0.00712892654635322,0.014376636086658623,0.03493958837369271,0.035439801056694975,0.05092371326083778,0.0037622728803634597,-0.014941223381318536,0.024233934691509473,0.020669366999717997,0.010302983650131603
2026-04-23,0.0009516199250387825,-0.039660924841671163,-0.014123493526625008,-0.0012672598075311736,-0.001096486445127165,-0.02307617654646521,-0.03558619957523779,0.006162245995661397,-0.004504484969625855,-0.08693360467400568,-0.05984002644585118,-0.06626555658391053,-0.006411866593703297,-0.015580356011197116,0.023134705284083568,0.0008420581944230676,-0.018759497216376042,-0.008913969528883348
2026-04-24,-0.008667687188198547,0.021334932549821328,0.04322782178848095,0.016258873193466306,0.03493017225717909,0.024091629296931982,0.0069035282132037246,0.1391281985212871,-0.0040939156934641785,0.02804384442270802,-0.017018346974289278,0.027031579334499067,0.006715241305194741,0.11123568626328462,0.2359988383395475,-0.010395445352393673,-0.006786890852357175,0.0010543208155469053
2026-04-27,-0.012727786010601316,0.00047099862243538126,0.040044191332756496,0.017247407734162667,-0.010871605831113018,0.005318213329579935,0.0062982346841571335,-0.03789423181707374,-0.011575072117749219,0.011338120099946725,-0.0018467384684662802,-0.024975573752595404,-0.010786275792284195,0.009472481688614698,0.029682540841616367,-0.0011450150691729721,-0.005452465438567811,-0.0163987264860207
2026-04-28,0.011584039752220443,0.01042792082725752,-0.015881097300298075,-0.001598417124858642,-0.005438047398549362,-0.010727643834764877,-0.006998242057971282,-0.03412728464601866,0.009849993098725474,0.006327019865454364,-0.04047173602174048,0.016255064265319863,-0.0439263809071575,-0.0017303585854325787,-0.005530076862179545,-0.013131671764148978,-0.0059244064939814045,-0.009182137612070318
2026-04-29,-0.001994732136373578,-0.011158983083103036,-0.018389061795900274,0.0004574841551232556,0.012860978748156615,-0.0033068060279130007,-0.008563377785179349,0.04300607736136852,-0.0016255977234354013,-0.0005515745907859193,-0.012834442081706143,0.0015214242624159713,0.014055976993448072,0.04000006980653725,0.12103648560394031,-0.007525003361340765,-0.01572621507544203,-0.012043314498377145
2026-04-30,0.0043676927881806105,-0.0392969736730403,-0.04626040060709802,0.0996169612773592,0.0076793983730685245,-0.0855004269890719,0.023685668935019777,0.051555888695161034,0.01617453125645718,-0.02588013113849097,-0.014893537479181318,0.010387152371881037,0.029547422825155323,0.15115384611588145,-0.0028495687922576174,0.00697036758667724,0.0012582894176169646,-3.7491392141819624e-05
2026-05-01,0.032393627676644776,0.01633233154526348,-0.005612147816344004,0.0023130178860466533,0.012072784412985316,-0.005164087470553302,0.024080922159745555,0.017066824105659073,-0.016558092529126545,0.04129621420985208,0.06468804250702975,0.018732224689228527,0.009223066263132962,-0.014311138359697106,0.05440303987109507,0.024568460603834108,0.017215516135995923,0.008428252293447347
2026-05-04,-0.011815752357562936,-0.001978624467840917,0.00015112563163932613,-0.006326413831408972,0.014128002271583506,0.0027269165474752555,0.004324247504565948,-0.05269872843427492,-0.01129699047477628,0.009030394555468613,0.04923467364580847,0.012963184208714784,-0.011346352574937102,-0.048754288283291314,-0.03854651537255571,0.021091421609383598,0.022353432253584327,0.0043757831716924045
2026-05-05,0.02655073078369341,-0.005415594101873977,-0.009975789648880573,0.013515986132895508,0.005513692583370089,-0.00892844801457715,-0.007999833304410453,0.04017099278984926,-0.03438801767585431,0.0081411838075931,0.02806593762362497,0.0065364165988175404,0.026074404232815374,0.10791066565997531,0.1291501660496559,0.013768974900303155,0.006301424994813232,0.02651130583988537
2026-05-06,0.011718026357490974,0.0062715575480205565,0.05765907262779835,0.024740674488222147,0.005264129064761924,0.01309178530114874,0.024038873016714035,0.1861453669565576,0.004323555080860908,-0.031017744938271696,0.046830293470004225,-0.02132069889815802,-0.004492630151925248,0.03227015315212789,0.044937591694704127,0.006184292316489204,-0.004396362720448854,0.03273696752942734
2026-05-07,-0.0002435044393305219,0.01645090871192756,0.017658692123978748,-0.0001256638613763572,-0.01389133038400725,0.006412371160759989,0.03275398690529352,-0.030684218286820997,-0.0002265395244916979,0.028423173991861228,0.0028861576413572454,0.025342813459182878,-0.030274538650835847,0.05182530231659577,-0.0299973393997629,-0.017408596831308243,-0.025393178961011564,-0.008303709830255968
2026-05-08,0.020456376775462637,-0.0134277667679229,0.017494074517685254,0.007060478784974844,0.0055683857848436435,-0.011640486351979562,0.040214665764012114,0.1144053566173262,-0.008611922223574764,-0.024256631775792736,0.0069890571917652355,-0.013527801440040399,0.04227257872505419,0.08165880193971686,0.13957302535134564,0.0022093920105095144,0.00692438080865676,0.04010005012344431
2026-05-11,-0.0012626131025762488,-0.005926002472735337,0.019702606404692125,-0.03033930483185232,-0.013532354923427414,-0.01766652515715228,0.038870068073398656,0.007908798708686327,-0.02331696154232199,-0.02381481985018996,-0.010768087976346319,-0.027228894927519787,-0.0036511554574273353,0.084166308863032,0.03618319195256414,0.01922426023776902,0.014039472311240697,0.05873126780869686
2026-05-12,0.007243374589372076,-0.011849964945150226,0.00610645504387497,-0.0033192396552671477,-0.011784761609137218,0.006913082482559618,-0.02595502874824429,-0.0228862874178567,0.025863157317674412,-0.03481891420620442,-0.036163797243736084,-0.021612806001803042,-0.021310354207911497,-0.1145960125319535,-0.06821694734633343,-0.015304426194186482,-0.027664515902802167,-0.031493088610009656
2026-05-13,0.013805987391627639,-0.006278011135810613,0.02287344570440042,0.03942167522813045,0.016213969753363422,0.02260373004333527,0.027269526989873283,-0.006223668812021521,-0.001140840740791016,-0.031930407954480766,0.01568264336881864,-0.01976495648650589,-0.005986134351938177,0.013598945190683276,-0.002653177126314965,-0.014915661104390687,-0.007503214574742345,-0.033927411251840844
2026-05-14,-0.002208293097152536,0.010414289419577338,0.043882590852662995,-0.003849747892246569,-0.010772604336833247,0.0029190271390202582,-0.004424284747029272,0.009427636828353014,-0.00708080327175209,0.010492009729174523,0.03082846149550922,0.003981815366008057,0.0551836384797042,-0.06140633230363668,-0.036245744261098944,0.022378876470797504,0.010346670115700896,0.011673160224831003
2026-05-15,0.006773819369938039,0.030505868410031667,-0.04420118716323329,-0.010696420381563931,-0.011526033074604314,-0.006791404283859048,-0.04750732717915007,-0.05692685214277926,0.0009201081138003886,0.035386060847486966,-0.013598534581422128,0.04468170896638779,-0.0331976894209306,0.007047153055449673,-0.0617614391724427,-0.024497713637975926,-0.02525541574718848,-0.03199579603378622
2026-05-18,-0.007960661114649215,0.003839669976186011,-0.013314421461033787,0.00040329353046164584,0.0027257161474880665,-0.0049166374436272475,-0.029011937010514632,-0.007333213450559373,0.030222994533085412,0.03440729647581309,-0.03285819569377224,0.03247170067827665,-0.01053644765246764,0.010670505350346193,-0.005516213042554341,-0.026705744146455768,-0.04264449850687757,-0.043760561473302095
2026-05-19,0.0037939903054091673,-0.014449655577149945,-0.007691684867105919,-0.02337890090968886,-0.020841158796957915,-0.01407055765170473,-0.014341825466156255,-0.016484958318231158,-0.0035694332334377243,-0.0003342863268694929,-0.027597639964441867,-0.0025426142154445497,-0.02291363803670754,-0.03943230320011892,0.024313626026920998,-0.002641385386229267,-0.008716046816836354,-0.01275890460092477
2026-05-20,0.010971059357449242,0.008720151997975822,0.012964088201498525,0.0032245338869663076,0.021863243262898013,0.004065748798147251,0.0325407064678751,0.08098055734290299,-0.013881176175381982,0.003790016093816684,0.03692274381074112,-0.0063532308760235745,0.016274623791698195,0.0352742217582267,0.0736461715520269,0.009209887179670861,0.008066266685735402,0.021771360801783768
2026-05-21,0.00906524661379593,-0.002522921993251881,-0.017720518937572316,-0.0032141696878892345,0.01301830709151064,0.0038343569130889765,0.0014139776735901943,0.004490839237514699,0.013736028654444565,-0.021043868885346373,0.00855653451034688,-0.03658676714811626,-0.007635959663661485,0.0538244905572316,-0.003866838332320599,0.0010508749979196708,0.0020814671600175583,0.012950259578890622
2026-05-22,0.012557860054279724,-0.0012406856469829863,-0.019042430153974776,-0.01209818946087382,-0.007971333528174807,0.004741571088334728,0.019528547428303344,0.039858567970152414,-0.007838796794116587,0.02132604098840929,0.012172604519249619,0.00270376233845937,-0.0010371893925410491,0.11597399030906819,0.011307985973760593,-0.02645023976792371,-0.031328398313085315,-0.032689737807362174
2026-05-26,-0.001586735786880733,-0.0060683286131975045,-0.0021826484173934624,0.015431941657051196,-0.003867523096163561,0.003408552177838642,0.017792977626126305,0.0778165261125654,-0.010383726690627815,-0.0054978648539713015,0.0051019916038193,-0.017445616561135413,0.019003259943144668,0.04475987431369144,0.030707613631762554,0.004470791446722577,0.0030132132273461565,-0.008547008547008517
2026-05-27,0.008173140408717527,-0.008076296243599512,-0.010518506254522997,-0.00012862386139989024,0.024727646527565872,0.03743001018632741,0.015613803526030035,-0.016571088651838872,-0.0037637070016662832,-0.008767081976371216,-0.010877331707976667,-0.009355898160449572,-0.0003556222344223148,-0.061972614411613614,-0.014167746499029965,-0.019532039646005694,-0.02349746263809005,-0.014576410853304744
2026-05-28,0.00534019523725493,0.03470076935085342,0.007760996387428776,0.003343471852936819,0.007908750591183455,4.725578623521187e-05,0.003951359818862743,0.045505948907660576,-0.01133369068189316,-0.00754884175205861,0.0667154557543328,0.013431820325969568,0.011188628350859542,0.04237358583179618,-0.007226716577790726,-0.010870289388891785,-0.007242369965002715,-0.004646191167133162
2026-05-29,-0.0014399642515899869,0.054450962018909754,-0.014515671494445215,-0.025094255597339132,-0.01226272026117703,-0.004375910003827421,-0.014272783242432974,-0.003841130240645252,-0.003937053785110778,0.08474771630818978,0.10839468794483431,0.07360002002147259,0.04732993661920393,0.03177284980179862,-0.05136900583857895,-0.00223060831034394,0.002204565376648926,-0.000645729003757145
2026-06-01,-0.01842597822736758,0.022832260484241695,0.06261247606516585,-0.010437966055943604,-0.03465860321873382,-0.05065535175254732,-0.045687150397476395,-0.011567469454628831,-0.001976263375720766,0.0968079474882857,0.09907877151541111,0.05717375029035909,0.029545393171158008,-0.08776187939481728,-0.046651538715418495,-0.02797709420132688,-0.004352593305912977,-0.010319064386950294
2026-06-02,0.029022935295418106,-0.04171374717707799,-0.006864017859425142,-0.038579065603051466,-0.0181429249589532,-0.004729545352725295,0.018899647156100485,0.022366794807830104,-0.02935348500706192,-0.0417939065529509,-0.014386435660481034,-0.04349893617791356,0.04695965888578146,0.05174888187894089,-0.01280528219547905,-0.06472422674681189,-0.0726354550544448,-0.08563837204247782
2026-06-03,-0.01567264307615801,-0.03165569625585296,-0.0362175484022057,-0.007903880383817063,-0.02533909644314125,0.042417381856797,-9.434565598021027e-05,0.04022710125359996,-0.02172093061581748,-0.05093607095139285,-0.058263187302501684,-0.022395160219913834,-0.004859118810437102,0.038075100489217695,0.04428795298602117,-0.04031696632071802,-0.024752976854615305,-0.034129778876488936
2026-06-04,0.00312645238815068,0.001661400069229213,0.019393936372648524,0.03676993669997208,0.01507874949703436,0.007367943053823156,-0.012390842220308285,-0.035611602574429746,0.0004906883853601496,-0.00975809423179097,0.02609300775252965,0.008507739917432033,-0.12586861282712813,-0.02617523272515998,-0.008251267081270885,-0.0033241439086123536,-0.023265983281846703,-0.040404403061543026
2026-06-05,-0.012498826008526143,-0.02658566754383418,-0.06201409311178452,-0.009833744266495081,-0.03057644001781823,-0.055085563953226724,-0.06559926253138737,-0.10860092889626116,0.007601799474511006,-0.016370844486477076,-0.09587886813673785,-0.027010334430928484,-0.07920554908352839,-0.10978276158850264,-0.1128108852036156,-0.04512280904119048,-0.10664658628443302,-0.07613598653599529
2026-06-08,-0.018871545388655542,-0.011831927529251218,0.017259863209897475,-0.013575540397462116,-0.0032922715222234444,-0.012832994864142022,0.045907959608775695,0.05135293417107589,0.00559745780925347,-0.016751029197563327,-0.008704508475776196,-0.02565223069366307,0.028180339438376167,0.008474598548557477,0.11192899746969043,0.035584815098905764,0.06913177742916599,0.05210536185759529
2026-06-09,-0.036446341189923515,-0.02023117288064602,-0.0021568077897530236,0.002614880105099582,-0.004200304926880172,-0.0013666377254887285,-0.03000371479396924,-0.03022449618111711,-0.014883781904929894,-0.03944125187009262,-0.02837315719161071,-0.029021594558680808,-0.01119515948099048,-0.05671124795264326,-0.021311313554563727,-0.022932240724538477,-0.031027979306495035,-0.027440597020107926
2026-06-10,0.0035450055495178656,-0.014997232475331246,-0.03732170883628583,-0.021632900626697316,-0.025349123139844942,-0.023281264838140636,-0.038040729596927725,-0.04860048241788084,0.007247221610987786,-0.025263797273646915,-0.02210784257926901,-0.01891710067105823,-0.05115255148624476,-0.06922400275080565,-0.008154162975803403,-0.0031550982687325035,-0.010727787888769158,-0.027725498951402416
2026-06-11,0.01388983748609407,-0.017666513340103496,0.022203355415576276,0.003900222778065343,0.01474787607914263,-0.0044660486926517695,0.046017971453959916,0.07968616002854256,-0.008902479962604848,-0.023639114150544538,-0.0852627809380172,-0.06247322618051954,0.036199904555613616,0.06150631627048986,0.09267561737759955,0.0343659895373587,0.032184267106926345,0.05796386057721481
2026-06-12,-0.015221633631081977,0.001024702842441938,0.001562034792462752,0.00533865329404315,-0.012256186172015182,-0.0025508766299000563,0.018238754580026217,0.04733339039694395,-0.011443341252495576,-0.003364400499205167,0.00016293297316738453,-0.06755026770178174,-0.00907741871180201,0.04316115570820789,0.06506498520793724,-0.000280918383714468,-0.0042772916588651455,-0.0010884291294828152
2026-06-15,0.018170538868479413,0.02308448313772371,0.035381798294886524,0.026885093191168385,0.03131419461387441,0.047708950685179774,0.011613319158924273,0.06976562724637381,0.016554666314160915,-0.008077640588853963,0.04621736091915496,0.011469445588118354,0.03106754922812205,0.04293409633820566,0.026410860749677356,0.04321942890844621,0.07797201718060931,0.10831663325508023
2026-06-16,0.009513514092780229,-0.014833966272172594,-0.02372321070531358,0.01055908072426437,-8.131156862656308e-05,0.011339959167995461,-0.015784969793794956,-0.07303658317336414,-0.036120938096995236,-0.017259157213973753,-0.022373346784212433,0.004652096874528722,-0.043737711625876585,-0.03052393606968884,-0.08454557724848455,-0.010391681563445165,-0.002542109728010611,-0.007644623347581203
2026-06-17,-0.010994537435617069,-0.03788437231212749,-0.013307036154839746,-0.025344929148803708,-0.03455284552845528,-0.054364270778822776,-0.02046161890071707,0.010230778916215488,-0.02235775036761045,-0.04137036632680213,-0.025487159953510696,-0.05325105226171867,0.042977453082292616,-0.005138550589030566,0.03460055802452611,-0.01802109402037566,-0.023744826972111888,-0.020197886368728546
2026-06-18,0.006960644246616354,0.0012931709583141604,0.02951387968799768,0.011654985044087018,0.029010523745888195,0.016984258759620507,0.010368800900483421,0.04856777941973722,0.0054573567300113535,-0.02090055473774277,0.004140955336433549,-0.005706109252868297,0.04695850364890397,0.061698784964410835,0.1064410171879362,-0.0236263487711752,-0.021941969782405923,-0.032037503057337546
2026-06-22,-0.003355513813629196,-0.031786989559602685,-0.009682543514892727,-0.049860021606623395,-0.047465142323687703,-0.02316271159105976,0.011386046267786165,0.026536669138951918,-0.05815456396648078,-0.01093691226773319,-0.050029757164422595,-0.001332290227228694,-0.0452154323908337,-0.018619252426291255,0.05186951760067471,0.01678365682395877,0.009931023589706767,0.03277013448484589
2026-06-23,-0.009124398732296202,0.017966969581451497,-0.041265258841880814,-0.010152167234276033,0.005670378290686617,-0.002926279784283836,-0.05786940661108497,-0.05761113249020289,-0.0008232376626624571,0.02198241602217954,-0.056606001376118154,0.012981010048879638,-0.030551161039706898,-0.08008106352176769,-0.061444611267902016,-0.02007886883610832,-0.03537429039344153,-0.03149128602450446
2026-06-24,-0.004145480706800209,-0.022677392646850314,-0.0051989405557835155,-0.0024267951640897234,0.0006834550497294423,-0.00805763171621876,-0.0159324619523894,-0.00021157133159144248,-0.013457887407863467,-0.004301936608755219,-0.046197619224208286,-0.004355900235354593,0.00505070204846958,-0.03292019683063696,-0.004762661692064518,-0.026694424544815853,-0.027327270363134648,-0.023852646982686965
2026-06-25,-0.06117774105404383,-0.0345592514347155,-0.016381866490950747,-0.004575935941672715,-0.03098992458796135,-0.02653899488042266,-0.00109180002514353,0.024685452978244093,-0.013084560967828729,-0.016823703980618943,-0.03218428991803535,-0.016075716255620653,-0.008270761885694533,0.03794129535258417,0.009267005524226546,-0.02087801063020267,-0.034019031040829484,-0.006007562676461187
2026-06-26,0.03136469225316163,0.057081360705363515,-0.01639934947644639,-0.01838753016981809,0.025020959746330673,0.013594463512706989,0.01223607484974698,-0.020635766346647655,0.041043666714910776,0.054464343326379394,-0.025777296507304093,0.048187745664447945,-0.03665784353238433,-0.07569544787003046,-0.034243907279109864,0.004935459402204856,0.007540460713794772,0.06306102773704758
2026-06-29,-0.007188654692930396,-0.011797171738171075,0.012673341139074923,0.04819344609319631,0.03201683299701785,0.022444249880691824,0.08461722263269356,0.0343379204680041,-0.00040643246564342483,-0.0027783812864544677,-0.005184161545269461,0.018250860880078434,0.020355158463264855,-0.0035376381253231504,0.026496210274472576,0.002031930579426078,0.02130494666194993,0.043313405073087674
2026-06-30,0.027046212958856453,0.012073639219654542,0.02626042914387483,0.010518904349803737,-0.007495640277891069,0.001226443804803079,0.02127042017171621,0.07677618428501676,-0.03225802782319653,-0.00804148462972476,-0.008188889005181,-0.0068303466228130105,0.014230037302605414,-0.020824556950870488,0.06005165190407036,-0.026264750729518727,-0.02522779881684256,-0.018993571389379404
2026-07-01,0.017348672275670385,0.030186099320729687,-0.012544317296997565,0.010745141025489735,0.014097510539473612,0.08808962372846985,0.011174468904540324,-0.06890907388804501,0.03907564223953286,0.04193792096841409,-0.027635658704144306,0.029070292317219915,-0.022263403685434335,-0.015531128135086503,-0.0903101611314081,0.024674292718837698,0.025087433682497773,0.05250576251755379
2026-07-02,0.04840675364798175,0.016160017478718647,-0.01391836946126268,-0.003599011406831276,0.004013244654325954,-0.048963035472002314,-0.07488825887632455,-0.0426342208076077,0.046636999199525464,0.01764389032550362,-0.015649057438653413,0.041425754432429684,-0.02406996047774379,-0.0311675725281636,-0.05251140249742248,0.024690836420271145,0.05544494691670465,0.042131309021332
2026-07-06,0.01305778143996239,-0.009603310738029669,0.003695515201847188,0.01819894951236445,0.006140048231783046,0.02983347590300145,0.06689535135353131,0.06610401294772261,-0.020991691574780647,-0.0027692844812680084,0.02488051073779607,-0.0075095297984593135,0.03731442471630242,0.05804253844925156,0.015371819672427511,0.040818127452591835,0.05853614775331084,0.01576304179838961
2026-07-07,-0.006396770744445224,0.005430044263193601,0.007056972054506172,0.0015554420597831964,0.007454095831143315,0.025471144692972958,-0.04018866417017264,-0.06510280452154371,0.002104757552945369,0.02336252014284801,-0.015025042625291918,0.01591225682289732,-0.00834445040898435,-0.018822379170907344,-0.09664482695196697,-0.010901178582999993,-0.0161674903047212,-0.015460771966582909
2026-07-08,0.008787785980344909,-0.014144606893393474,0.03651042281166639,-0.013922491618141852,-0.009594278605344786,-0.02024110636245735,-0.021940919513048773,0.0025188193018261806,-0.007744866958802943,-0.017343044531761165,-0.007838900918874625,-0.002708273282068907,0.04830356454494211,0.01962072956436356,-0.0013588325637130527,-0.01642753734494773,-0.014607687128744051,-0.035483261558481916
2026-07-09,0.00903022957872146,0.0026607787100694225,-0.006564759723208469,-0.008371993499371455,0.01403824906613349,0.04702206644178708,0.03169565627507742,0.056647531125973094,-0.0015874470565009347,-0.02449279970342677,0.0265498434753646,0.007739619064825787,0.031953499929169515,0.02438896223372411,0.020863598479021084,0.015027476262771566,0.0010369140127690635,0.0033223806778954756
2026-07-10,-0.002846043762522954,0.001925297686118821,0.040339338414540515,-0.004764751559533376,-0.006881464517662694,0.05974864212248221,0.002976317818197405,0.020431015042210676,-0.027825605408166032,0.005046234574561215,-0.021430571979504043,0.004446465395477661,-0.002842065836656693,-0.010203592595170341,-0.023991510180130016,0.014779959704393386,0.0293545827817554,0.00027097899961625593
2026-07-13,0.006310939222858636,0.015294738983264056,-0.035220001821865354,-0.013074617861873139,0.008029678202122081,-0.018648937798629084,-0.03188149815738972,-0.04212299805152253,0.006269579763564792,0.048371278022841135,-0.06470425300773586,0.031166165443236693,-0.03980303300733545,-0.027384235688097447,-0.061179841727565965,-0.029441816878920002,-0.012358739467172697,-0.04105754036683862
2026-07-14,-0.007721115748007268,-0.015499120378526854,0.040632911458909016,0.019857621884558307,0.0007278635572656178,0.006562786038888602,0.0035970789214423426,0.025711539994650146,-0.004063430100466614,-0.021376049782490858,-0.027368032754081728,-0.04262608648817401,0.013175311956780345,-0.03195993410965903,0.044996113906738966,0.043654089899621606,0.06539558955703528,0.03875234503220071
2026-07-15,0.04014486379221993,0.02779727786697772,0.00330493787563535,0.03173766571699632,0.03018304196089816,0.0306639162042881,-0.004341464113536864,-0.03464504782662825,0.0020400044657846728,-0.003342113115695766,0.0355635685863116,0.017121110608735668,0.013286761089259302,-0.0006738002896256035,-0.04426507217799336,-0.0037523532264722714,0.014535146837066026,-0.006408941338019947
2026-07-16,0.017587781993612772,0.013826036185691448,-0.023999998849817294,-0.04437624006915575,-0.019885500434225545,-0.02461443343741465,-0.00861936310433542,-0.05329404585999298,0.009093351875274713,0.03401200022955919,-0.06249532844285843,0.04787139346666147,-0.050294104122870165,-0.04140916281145379,-0.0583551279881146,-0.014264562998962727,-0.028039616131406153,-0.025782954266726055
2026-07-17,0.0014402172368908062,-0.01815010181385157,-0.0221311464542836,-0.021694968522032898,-0.010644698341696013,-0.027883848839767023,-0.02613410035418373,-0.0103405450763282,-0.07262947729257152,-0.011060928139286608,0.01771197644193312,0.008244453960878584,-0.009667630005888328,0.006857740154216918,-0.020004149043654884,0.0017272445360874134,-0.01191781845055584,-0.0034591358160835917
2026-07-20,-0.02142383591993391,0.02150732979277281,0.002317478251045113,0.015053198140839052,0.01116373341957555,-0.0002477334750898841,-0.029592451218471316,0.01575358521209891,-0.019579384102576203,0.01768459302637826,-0.03979120530790026,-0.010579534275388491,0.01976656468196336,-0.008499187493608673,0.021254173228195006,0.02082281112749018,0.03409622796329903,0.03706519174281331
2026-07-21,0.0035212601306020552,-0.011285452294399922,0.019726438214064723,-0.013750369905294657,-0.009760399967161937,-0.0031586278671614787,0.025326690927467865,0.08114062544883671,0.015828398209710715,-0.02146268714215116,0.04671285159532479,-0.03229105245665287,0.022054124884873794,0.018670702815819284,0.08644137235407934,0.019547709976119876,0.012934872050072155,0.004070969765431531
2026-07-22,-0.005644666001250687,-0.018629743664800302,0.023011291345846452,-0.014575869467767011,-0.010906875035172958,-0.02584615647354116,-0.012983883580748756,0.014510634095001196,-0.0020387271498683024,-0.04151470691733816,-0.009523862139336092,-0.03873922746033842,0.02667528990306134,0.01227665139822487,-0.02683730946952223,-0.0060796536357160536,0.002647980796742777,-0.0025904850539434365
2026-07-23,-0.012979820539962161,-0.022442026195170772,-0.015561699869421242,-0.07132620819602653,-0.0457014586990675,-0.033595391260731744,-0.14523677416617442,-0.02288489536570204,0.005253182792414046,-0.03723936588816845,-0.04609023832764447,-0.028347693827185494,-0.01093725296701542,-0.025735900130182454,-0.023289800484126877,-0.01597536527429344,-0.029164820765961497,-0.02626827259524467
2026-07-24,0.03531672413627751,0.0003145803337292197,-0.009197129548412897,0.006452807304242025,-0.006633583101364637,-0.018000282388197952,-0.020832692956452514,-0.032870703837618365,0.017419029741238434,0.042885493033557154,-0.04206933533190771,0.060988841745205136,-0.02688095525766332,-0.024195017664942475,-0.07891852137269417,-0.01454868374399576,-0.009015747660254259,-0.026099315545178303
2026-07-27,0.011681009513348384,0.019386905446111324,-0.049941969592287916,0.021329811059824344,-0.0031019827616640683,-0.0022177971188752643,-0.012171349626078465,-0.05172909161517636,0.004422959112364788,0.0607356866944011,0.04269939780263621,0.05615032364344974,0.003403776238375844,0.018386496832352384,-0.007040744454371306,-0.005828493319150252,0.016362298609685633,0.00354538008019345
2026-07-28,0.009408945533389002,0.01092261618510415,0.002544370625660486,0.02189493319708058,-0.002290499938177315,-0.0007746115036854073,-0.005756415407379811,-0.08148301059738994,0.028267014497691534,0.045506807653734827,0.0005003966457899356,0.04807567897279186,-0.006027829687723418,-0.042107674536169704,-0.05857963591633064,0.0022983927372384194,0.015516106567279087,-0.005971236643232292
2026-07-29,-0.005557412706758247,-0.007143759919297943,-0.03553117296548214,0.008989854945811171,-0.0182361894773313,-0.013144326129657102,-0.029664308628561287,-0.055122955056418066,0.01712940840205124,0.03790643574887875,-0.018506179040063797,0.05718757692774035,-0.027801812220141442,-0.04420432220039294,-0.05121675135618453,0.0005762314378343625,-0.005952994802081224,-0.0013829347160403405
2026-07-30,-0.014074993355015719,0.15506739165511707,0.02647224035353868,-0.009058221734254301,0.0390470167299346,-0.07954089821830823,0.03529766197629747,0.12997024259045054,-0.00624744128251753,-0.04071562531975237,0.08340410967381229,-0.05895303955920661,0.047310360542212715,-0.026207556070672933,0.11297020408258329,0.012786168825862365,0.004639137276914562,0.011831919301991789
2026-07-31,-0.07353858440208272,0.030192821938052727,0.029276102311320384,0.06734400185679612,0.15320588778032107,0.03279957717736881,0.007641202217659959,-0.019036281079341077,-0.019953520855660045,0.01831662298053871,0.018109106324909252,0.010125090066250841,0.00371285928712628,-0.026319342106514876,-0.010205205017065566,-0.02953346289931147,-0.029742246175126108,-0.02253748974199521
2026-08-03,-0.017772135672998512,0.04934151053480518,0.029340005860756913,0.048802401473756474,0.04580603526208682,0.06022880983249412,0.03492816881091865,0.01783055940519218,0.022591030083178643,0.010487961587390071,0.092246180309147,0.0037138798857101474,0.007578179749356373,0.02682758150473674,0.008869213734196135,0.010302718497064545,-0.0011231661197927956,0.009397224875478116
2026-08-04,0.019642637836096544,0.01058141146094882,0.02564842761888375,0.011084009453113497,-0.023237715094833633,-0.0038966699941818117,0.01636245575931672,0.0700313664071397,0.003272846826357201,0.02710411337690699,0.027423329025517917,0.02446882305280429,0.0661091014645303,0.07323339396041684,0.1083516550588084,0.009376713884472476,0.005451020726294331,0.003321687852304356
2026-08-05,0.005236336596166957,-0.010856147912626679,0.034349357709557715,-0.040301899766845284,-0.017194215631067156,0.0014117090188030534,-0.01771809440172356,-0.07044241600722179,0.00856323577587692,0.01041934529404731,-0.009263112753065905,0.007107138759755438,0.00028697056398541143,-0.03159774834259699,0.001982916389370759,0.008454278620180888,0.020413415370117205,0.0033047915752033585
2026-08-06,0.004533755277783991,0.025437939328646575,-0.00104914421161717,-0.012912777267041098,-0.001430347110176089,0.0019193258580605388,-0.006282037289245479,0.0149984673154544,-0.006873241614708925,-0.03217943614085339,-0.006371619730135336,0.0035476742409852324,0.00547485082908139,0.018155333432930743,-0.012368890067261828,-0.005191945798986075,-0.0023437948693519894,-0.018724058118479547
2026-08-07,0.0029447910342257355,0.00026008287542045316,0.022695108877927694,-0.0096436926248602,0.00815397466052481,0.003729302835233206,0.02832281108985857,-0.012099438854038969,0.006106621432127035,0.03196446288763366,0.024743869948789854,0.019097761324949003,0.01709579593592392,0.0465739805198202,0.018435066749750817,0.009618079665306256,0.005899886757857242,0.014689758482037352
2026-08-10,-0.0153324852437281,0.012140302810139891,-0.028621234049048927,0.009088414275721046,0.013152088338200807,0.004762766425854714,0.006999873408422008,-0.028550124567989665,0.028999211540040815,0.02474830731085298,0.027411227466898946,0.029222126804045123,-0.012530374097961317,-0.03389735703856711,-0.04062965883734937,-0.014944553148414363,-0.021952220886287455,0.03126654365868298
2026-08-11,-0.010867469011185404,-0.0044461452724045,-0.00022982257177850407,-0.03837554632895135,-0.02092850300572191,0.0070597176462035005,0.005832908145854132,0.010137170522135586,-0.01966181651591392,-0.00020253406724379808,-0.03687525462882757,-0.03388775018159507,-0.01496216898540792,0.003144806702992442,0.0019483433956799523,-0.005612699871830218,0.0053946259878412395,0.0032899383080058353
2026-08-12,-0.008723897642456846,-0.022587870511558972,0.030298814143524755,-0.0007561464545453589,-0.0183273604720513,-0.03383297779897532,-0.015924965691680004,0.018152271079885596,-0.007755071853920437,-0.02101579218783156,0.05361563981872797,-0.018808507890468174,-7.208291783999954e-05,0.0023974684272496383,0.03315932754198969,-0.0023514869742238265,-0.0017213622548145624,-0.008787589594873912
2026-08-13,0.009958675816790663,0.00903684159579754,0.0053996895745995754,0.008208615054656532,-0.00804397600383,0.027848341970404533,0.0380140493976433,0.0001656908683602687,0.054305333903987174,0.041640778134555356,0.01918060063165483,0.04537194293478253,0.004254301000283123,0.010547546468391067,0.0357602844921574,-4.127897545336268e-06,0.0031181588180491104,0.008630630297546071
2026-08-14,0.002194794236790587,-0.002978616125570266,-0.0006214082568848367,-0.0013281334171028059,-0.009353943124710828,-0.008605483547171722,0.006794910038403712,0.06496760781011401,-0.0010224208057807438,-0.025624481547021127,-0.036486985684946904,-0.02391955877959473,-0.059427538225583665,0.006068306220020858,-0.019701583843662385,-0.006728131109467572,-0.0017735265206425543,-0.01115835666399656
2026-08-17,-0.0011113534012042736,-0.030379444496047348,-0.0006662327786121081,-0.005492898932390022,-0.005101832739500489,-0.03539881660824473,-0.008677363823985429,-0.016310609478241367,-0.027379822399885678,-0.026706037501959323,-0.025710937191918637,-0.03780015204463272,-0.0014249162270465465,-0.021774506012594896,0.009658515744092933,0.024305608968553827,0.016777243832630573,0.008187737819397967
2026-08-18,0.014529279409058127,0.002664708914413616,-0.023421134867455007,0.0005814494887728117,-0.007117926481727377,-0.0444662833924141,-0.00716178238492593,-0.042707480931941655,0.023020258843429175,0.027072307038795262,-0.026321178117990396,0.035821215567641174,-0.031674446096857545,-0.012270252041061025,-0.06570678870159563,0.002704497946874218,0.002226462454579581,0.014314946915057858
2026-08-19,0.021933322000267097,0.0055644226358424476,-0.00992082954315987,0.00151071272583847,0.02462896060980113,0.004340896795841598,0.04230118504630487,-0.03709820738923664,0.03150321053607952,0.05072899002833342,0.007143387635133447,0.03545635803331071,-0.04610527445556256,0.010737177108209206,-0.04023166088971564,0.07089403465170441,0.17480066577335518,0.10831035372778697
2026-08-20,-0.017454152112068244,-0.004654530468367835,-0.0032634287304742493,-0.011748652105159185,-0.021554360010767937,-0.0003662560698217687,-0.01705966711572726,0.006517683503764804,-0.0009972803519983087,-0.0032024994596734357,-0.01209922998340962,-0.0009175322012697773,0.004276091194826748,-0.0072262310043988975,-0.007219889830888837,0.054378195891032766,0.03327921620234808,0.02650041053764518
2026-08-21,-0.006263995393247401,0.004343752186226402,-0.009822481589011112,0.012181890414259655,-0.005689825658748426,0.007456500668600707,0.05137188948486271,0.008073123618425715,-0.006863027900507523,0.018205776203370716,0.030970603714006506,0.011314328699045584,0.012141915248302881,6.22301649462198e-05,-0.022359683273704967,0.0726034432536855,0.081197648577922,0.0686544991972926
2026-08-24,0.0032002269754076718,0.00842233136012771,-0.029061133472991996,0.00939619568316985,0.01330086369122152,0.016584916762168334,-0.03833427136104406,-0.03486529318541998,0.005277117950310606,-0.0005258661317000257,-0.02744592229779219,0.0035234335768754566,-0.026299379533955558,-0.013810323952751502,-0.031197930144494346,0.008033386975680568,-0.013298883756848068,0.052406502584118275
2026-08-25,-0.0014178077160482694,0.009029147603226262,0.021920585148795357,-0.003160405632474217,-0.003853969311244154,0.01973084527329272,0.003725426988085312,0.04910781100335271,0.027746546199601374,-0.01611981374427429,0.016216199424932798,-0.00850608346685533,-0.005630586101812773,0.012805154036273247,0.002521214936021421,-0.005059335417207933,-0.015581991821224994,-0.019867052929189666
2026-08-26,0.011455367474878742,0.00947713844154241,-0.01591177757196449,-0.014295607012993039,-0.002987814244201692,0.010683286731915098,-0.012648087582530332,0.003652072345983859,-0.009364030658233102,-0.0003403578334990609,0.02839182623868841,-0.0016428599042470626,-0.0032235760011134484,0.019681140921968376,0.008687636918977004,0.005886150963618109,0.025827853018747238,0.057595159192226575
2026-08-27,0.003604958753321119,0.017507106648045223,0.08737952570943941,-0.003947334232365041,-0.01544486334918349,-0.008747954046815387,0.025996154195747634,-0.008857794924257867,-0.01988709507475095,0.22580499360459494,0.020622069086534855,0.057337158027533475,0.044855063205487156,0.006474457043141424,0.04363099011023275,0.015565700592456544,0.0016555218887852607,0.06891442123947766
2026-08-28,0.01627575132974779,0.01677034764032892,-0.04574959711400217,0.017437262045876256,0.03968618794425893,0.012117088754153515,-0.017079556946793528,-0.02326562725379,0.02354715642591132,0.015671458045015907,-0.007173860210453631,0.008196421121267505,-0.007401608262468384,-0.00358044445702399,-0.028450377037418706,-0.030243264724449048,-0.02703712276224779,-0.046528457903487586
2026-08-31,-0.008914626195478559,-0.012151228547426784,0.014847184139840763,-0.020889241240744538,-0.02499719943397638,-0.009826677313255261,0.05505379844310054,0.01104002490802869,-0.008198704832808712,0.006015613319327873,-0.01146841840457713,0.004356543561719217,0.004202844076200751,0.03830917454595406,0.0004470874592776841,0.009229616883770664,0.009942299697929702,-0.010852623890983293
2026-09-01,0.02613223487390992,-0.012359832493516909,-0.015128141366563264,-0.012759750619967591,-0.018670327789371055,0.010832647443537846,-0.03223268236356924,-0.023602175051685492,-0.0029612027652953232,0.002213253405347615,-0.05230678680507628,-0.022917523743392176,-0.0017820991455385071,-0.02270057169217088,-0.006032855576357687,-0.014577055914304693,-0.01985481927329269,-0.029224422796724103
2026-09-02,-0.000522909067699362,-0.008382862523551804,0.03205479246106968,0.006268319514482146,0.0002353583831189443,0.024734662228850013,0.002583654236838928,-0.005548155771720742,0.023759508183968103,-0.004571773070729868,0.0313472434629718,-0.021986781049274318,-0.006600336628828973,0.020106911256953186,0.012138943646584632,-0.0013326047391191143,-0.01089445216283047,0.003987950078898406
2026-09-03,0.010001231183714099,0.026770233881280303,0.01800272774996836,0.015899414220665653,0.015373747880732092,0.03007512986840366,0.05422813036607077,-0.0019690935572829193,-0.0007253134963550734,0.02919090427086335,0.05687817005923024,0.021301659362582992,-0.027447985309836165,-0.0027804140850964387,0.017989950719450754,0.051374400283148214,0.04872244524779923,0.03578934200270201
2026-09-04,-0.025105848234065142,-0.020426532992031565,0.008360701613143062,-0.01110272366657461,-0.001506311858065601,0.009972502100777048,-0.05922365978717725,0.04693529351593129,-0.053465565100322854,-0.01966489876728761,0.030771265254208258,-0.06733154937664043,0.002071879601573068,0.0010084722166401328,0.045052961332026964,-0.019684251800695995,-0.02071060493126886,-0.01951242276289855
2026-09-08,-0.011719848691107093,-0.01150690386138653,-0.020099006637864902,-0.00029547392909179404,-0.005957249184734059,-0.005334255834122614,0.039765074626634034,0.058986080528779405,-0.0189137809192792,-0.03900015224898645,0.023554638631548608,-0.03470788961410742,0.029784860353568865,0.03170552726421061,0.09050102184507436,-0.015480860387299011,0.01175177652380266,0.013493357603835632
2026-09-09,-0.0027828881140200545,-0.004656378689556373,-0.009125929338658745,-0.022786357101497345,-0.01778420555905158,0.06554409742585388,-0.0009506901891408459,0.030371308672751507,-0.009639154567246733,-0.019910041051302008,-0.0054762451775252075,-0.009329118651048462,-0.011341414391446203,0.01326898504903351,0.016942630634483313,-0.0022827375480297674,-0.007254733590612239,-0.01661806725540238
2026-09-10,0.03561239017170226,0.001606851530009834,-0.02264791692804269,0.0058975116982513676,-0.002020580503837577,-0.014242154755952141,-0.011554878954379011,-0.03358274861315136,-0.0002630099090814575,-0.004751029679833874,-0.05376478487213321,-0.02366004380780018,-0.009742579919738592,0.002721150810298889,-0.055722875451639675,-0.021612685117496144,-0.012086026404726113,-0.028719687952490025
2026-09-11,0.017454088133066703,0.006477951477521948,-0.00032060507429521046,0.01773900718043908,0.01941323356027369,0.005664412182273315,0.0051710993933251626,0.024880855098165622,0.018287058947284107,0.01942388886652302,-0.017392465147425762,0.013663922643832871,0.0032148281682733426,0.028776550188716277,0.026116454889873575,0.007910235166395996,0.03185560603128157,0.037555378677751605
2026-09-14,0.0024377692400032736,0.019732459058061425,-0.03357912317427003,0.032171387439992705,-0.012617826577485336,0.0271128571417798,-0.01770468798565794,-0.04401991941131522,0.03772607379043791,0.04727112383282139,-0.03653184414265764,0.053007218025008296,-0.047708521394363324,-0.010001688805900022,-0.055857779907018346,0.012822822999143835,-0.00012999558267434708,0.000964960051131003
2026-09-15,-0.005223941108804753,-0.01640254147099185,0.005735643802473378,-0.012622008292214049,-0.020194033496756192,0.006971171075430771,-0.006657978773463191,0.021868240337322042,-0.030129459389194424,-0.014570461507931953,-0.030665014078997355,-0.029518057822766175,-0.015809933488853845,0.042464665081638486,-0.000514487606767422,-0.032635166342775745,-0.045863724196430145,-0.05470204772405296
2026-09-16,0.0032293334219983816,-0.013719036432262133,0.008153818836165172,-0.006116342402297192,-0.00990255000889717,0.004580429003168129,0.004206629806734918,0.016461696929829905,-0.019127058210320347,-0.019988276130840865,0.02002135686778117,-0.028165772387370502,0.0007074890204481488,-0.01576148384327436,0.0402512218105493,0.007112745173505353,0.007099767367549026,0.018098088784372468
2026-09-17,0.01380823768034456,0.015194803982285565,0.025432457207263504,0.013007820802615866,0.02126360214985379,0.013366825089641265,0.022676569312054973,0.06359029630335367,-0.014396100651688615,-0.02898834468855338,0.05189991957053697,0.008662667341098995,0.022944763829619186,0.020937083167336112,0.0766947032750751,0.003328326446427221,0.012825032711300866,0.030023081112763084
2026-09-18,-0.0025815878848294282,-0.007975893964245362,0.013358292985728992,0.006362888486728613,0.010032263418002785,-0.02427048441238755,-0.005270407233815999,0.027023023249434175,-0.04674009769191312,-0.020300629238892642,-0.019788802709395203,-0.014841492963848402,0.029686149412644358,-0.05823753432337975,-0.0018382773164221655,0.05886734774532054,0.06711619040701855,0.10822302618537005
2026-09-21,0.0084788803799567,0.015857237214189634,0.022990059441793553,0.015534681418546192,0.018682769176344705,0.11428457919302493,0.030279735119444373,0.09949628716069214,0.02186933660401502,-0.006304640263719463,0.006435857626949648,0.0024104375218112484,0.015968210285405515,0.09289891060901367,0.12136280377864384,0.07047404408932278,0.06323214920459641,0.05462657209133259
2026-09-22,0.002271487960105567,-0.007196797226898033,0.006552863938686704,-0.010733294491060086,-0.013426257750425497,-0.006273220120151746,0.009592342714120905,0.013403300848415567,-0.016357646377566426,-0.013281445791250679,0.004308019656475981,-0.045166736451938916,0.005183932233575161,0.020800126827933862,0.017079995499296174,-0.004972497948385612,-0.0085848967510328,-0.0020438402841486125
2026-09-23,-0.008035352424806796,0.005200795859218177,-0.014680826154739646,-0.03795995258808027,-0.022393880111205244,0.010181917253030193,0.0032198501988798256,-0.014684954218497137,-0.011086516230013554,0.018432797814895263,-0.031099192255734875,0.010241353374212947,-0.026197449077444812,-0.00519492992939774,-0.010172792911525064,-0.020763909363255895,-0.024682071486431312,-0.029804664326059327
2026-09-24,-0.0032638289175568325,-0.005313737153296749,-0.004123953254555612,0.013409108010984161,0.00044129100359535656,0.045007461857742515,-0.005735011848322036,0.02383629417553723,0.005044851559310892,0.002693826857125492,-0.03472609544300942,-0.007312350940099632,-0.013042635032485372,-0.015108552541747922,0.03907015477278675,-4.675482188032376e-05,0.0009720367338765801,0.017688728152111644
2026-09-25,0.015331012415526368,0.03663163597829633,0.0021818750074313886,0.0045566892829778105,0.0011628570071970934,-0.033346690177852745,-0.015425774070442988,0.0021771526808096464,-0.007947569508123253,-0.01763074857996938,-0.0174859344991789,-0.014481193492410172,0.006992842531868382,0.0396891121789662,-0.034461099071212975,-0.004078507331128467,0.0011811373786962953,0.04273705958268903
2026-09-28,-0.007828344241351815,-0.013464521222774861,0.0168391752023771,-0.0034019928531441312,-0.014098627381248341,-0.047947182655705745,-0.03939688189415502,-0.036090908439813885,-0.026985216131681478,-0.02884368804703219,-0.032822755650370516,-0.01894087013524437,-0.009183385552550383,-0.0717433549813673,-0.056666676591082266,-0.0063344201210991935,-0.0006715856390109298,-0.026006216459529607
2026-09-29,-0.026595745160542417,-0.0005106039923838956,-0.007209621131189392,-0.005339129313685298,0.0021125504178545196,0.032377495134637835,-0.012896952613532298,-0.0004935064987224846,0.015455722128273619,-0.008624132868486512,0.039140173029596825,0.009350260653096631,0.015819431482769986,-0.01802853478264166,-0.0008618329326306462,0.0014349289608652782,-0.0044432894234675,0.0018406324328297252
2026-09-30,0.01098966358306952,0.0077413412156819295,0.00514941302923666,0.00926895758556312,0.010053900944372307,-0.018421995095145638,0.005583270720863842,0.006896328638504201,-0.010241837687731348,0.018907326846502537,-0.003556065449234036,0.02903462849262306,-0.011010992945377662,-0.0003259794426569984,0.037091374453881,-0.000820092471078393,0.0025991772601130503,-0.00890890376433262
2026-10-01,-0.008107566448037673,-0.00019504117046598157,0.010859075551783226,-0.016972787043119886,-0.0036925474271839454,0.0010342259957181188,-0.0019729213152049896,0.006489425002863314,-0.024863514104730422,0.03101448312075017,0.005608188312790308,0.005584714196282592,-0.021498299326526027,-0.010595506516947295,-0.0019130279506919257,0.015549851690895844,0.008144663502830385,0.0034155326818836595
2026-10-02,0.010202213134125282,0.009223950110185841,0.013384719439145876,0.015551117305733664,0.013253871818670326,0.0029617517333007104,0.04653924393000852,0.029525917613985486,-0.01164334463218386,-0.008449871052306546,0.030636601022306698,-0.014878963677277146,0.03346525290940039,0.015267169175720241,-0.0055833180745443745,-0.0041941970116184946,-0.013818323244792374,0.001835470118515481
2026-10-05,-0.002397398145331686,0.014781680184432267,0.021158354403985502,0.008646291763327874,-0.00047714048162350586,0.0189814402261137,0.021965014514357506,-0.003407381546336352,0.006561325043619393,-0.020878644613320452,0.0012648817422427072,0.004627838080811797,0.020752364738406692,-0.02206957288265421,-0.02631357865974049,0.0,0.0,0.0
