date,port_return,port_index,port_drawdown,port_vol30,port_vol90,port_var95,port_var99,avg_pairwise_corr,avg_corr_equity,avg_corr_cross,avg_corr_crypto,avg_vol30,vol30_dispersion,spy_return,spy_index,qqq_return,qqq_index,DGS10,VIXCLS,DTWEXBGS,regime_id,regime_name,regime_name_smoothed,days_in_regime,port_breach95,port_breach99
2021-09-30,0.0058718409378131,100.58718409378132,0.0,,,,,,,,,,,-0.0122222882295549,98.7777711770445,-0.0036738305691794,99.63261694308206,1.52,23.14,114.6403,,Warm-up,Warm-up,1,0,0
2021-10-01,0.0263773129479649,103.24040372717756,0.0,,,,,,,,,,,0.0118843281837315,99.95167862697004,0.006201642041548,100.25050276902572,1.48,21.15,114.3798,,Warm-up,Warm-up,2,0,0
2021-10-04,-0.0137612188828264,101.81968993393647,-0.0137612188828264,,,,,,,,,,,-0.0128962620744428,98.66267558461615,-0.020989286279237,98.1463162667692,1.49,22.96,114.2739,,Warm-up,Warm-up,3,0,0
2021-10-05,0.0187245051917613,103.726213246728,0.0,,,,,,,,,,,0.010404999515108,99.68926067623336,0.0134986978812536,99.47116373821228,1.54,21.3,114.3654,,Warm-up,Warm-up,4,0,0
2021-10-06,0.0082067694636948,104.57747036618596,0.0,,,,,,,,,,,0.0041561307505308,100.10358227802752,0.0064078227699866,100.10855732617108,1.53,21.0,114.7185,,Warm-up,Warm-up,5,0,0
2021-10-07,0.0047151842023827,105.07057240238171,0.0,,,,,,,,,,,0.0086457074078101,100.969048560877,0.0091748789736527,101.02704122386568,1.58,19.54,114.5044,,Warm-up,Warm-up,6,0,0
2021-10-08,-0.0006498822786682,105.0022888993679,-0.0006498822786681,,,,,,,,,,,-0.0018237066693006,100.7849106336236,-0.0049864976814371,100.5232701170404,1.61,18.77,114.5986,,Warm-up,Warm-up,7,0,0
2021-10-11,-0.0049025630483387,104.48750855781888,-0.0055492592381617,,,,,,,,,,,-0.0072398213648318,100.05524588436565,-0.0076698516134103,99.75227155154792,1.61,20.0,114.5986,,Warm-up,Warm-up,8,0,0
2021-10-12,-0.0013433889237943,104.34714119614743,-0.0068851933485601,,,,,,,,,,,-0.0024614229820133,99.80896760267484,-0.0034875676823349,99.40437875304524,1.59,19.85,114.7542,,Warm-up,Warm-up,9,0,0
2021-10-13,0.0104016743149356,105.43252617456436,0.0,,,,,,,,,,,0.0035974793189523,100.16802829947147,0.0080081604738231,100.20042496990034,1.56,18.64,114.4705,,Warm-up,Warm-up,10,0,0
2021-10-14,0.0192230053442319,107.45925618867388,0.0,,,,,,,,,,,0.0168206797850734,101.85292262819904,0.0184166087146244,102.04577698961008,1.52,16.86,114.2053,,Warm-up,Warm-up,11,0,0
2021-10-15,0.0160067550314638,109.17933017834932,0.0,,,,,,,,,,,0.0076159128890282,102.62862561442836,0.0063004417847858,102.68871046691636,1.59,16.3,114.0905,,Warm-up,Warm-up,12,0,0
2021-10-18,0.0086505214957246,110.12378832094596,0.0,,,,,,,,,,,0.0029604784361472,102.9324554474913,0.0100558753490771,103.72133533912915,1.59,16.31,113.9899,,Warm-up,Warm-up,13,0,0
2021-10-19,0.0094040791107128,111.15940113828754,0.0,,,,,,,,,,,0.0077147265808208,103.72655119756122,0.0075675262451473,104.50624926648976,1.65,15.7,113.647,,Warm-up,Warm-up,14,0,0
2021-10-20,0.0090847076046399,112.16925179513576,0.0,,,,,,,,,,,0.0039278962523918,104.13397832928366,-0.0013050707576302,104.36986121658244,1.65,15.49,113.5083,,Warm-up,Warm-up,15,0,0
2021-10-21,0.010243689528792,113.31827878520204,0.0,,,,,,,,,,,0.0026082800432354,104.40558890678264,0.0061070655889452,105.00725480454123,1.68,15.01,113.6188,,Warm-up,Warm-up,16,0,0
2021-10-22,-0.0100048430330606,112.18454719317948,-0.0100048430330607,,,,,,,,,,,-0.0010361379361145,104.29741031537394,-0.0084024809721927,104.12493334410388,1.66,15.43,113.67,,Warm-up,Warm-up,17,0,0
2021-10-25,0.0206776790859834,114.5042632584464,0.0,,,,,,,,,,,0.0053625563647727,104.85671105688996,0.0102377423241517,105.19093758120027,1.64,15.24,113.605,,Warm-up,Warm-up,18,0,0
2021-10-26,-0.0034214308029027,114.11249484507027,-0.0034214308029026,,,,,,,,,,,0.0009001774928265,104.95110070815518,0.0031487562263148,105.52215820086096,1.63,15.98,113.674,,Warm-up,Warm-up,19,0,0
2021-10-27,-0.0072546843140878,113.2846447186763,-0.0106512937166129,,,,,,,,,,,-0.0044302885755874,104.48613704569252,0.0023213525202172,105.7671123287393,1.54,16.98,113.6218,,Warm-up,Warm-up,20,0,0
2021-10-28,0.0198550083787314,115.53391228874725,0.0,,,,,,,,,,,0.0096486941205975,105.49429182188923,0.0111050026213916,106.94165638840698,1.57,16.53,113.4389,,Warm-up,Warm-up,21,0,0
2021-10-29,0.0119505087594323,116.9146013195654,0.0,,,,,,,,,,,0.0020292476783503,105.708365868648,0.0049192308290348,107.46772708142088,1.55,16.26,114.1349,,Warm-up,Warm-up,22,0,0
2021-11-01,0.0031562202360543,117.2836095501404,0.0,,,,,,,,,,,0.0017202733140799,105.89021314952684,0.0034186245368297,107.83511889013876,1.58,16.41,114.2067,,Warm-up,Warm-up,23,0,0
2021-11-02,0.0140266532109554,118.92870606862932,0.0,,,,,,,,,,,0.0040431788750958,106.3183462224124,0.0041813162202362,108.2860116218652,1.56,16.03,114.2847,,Warm-up,Warm-up,24,0,0
2021-11-03,0.0171259633362579,120.96547472838928,0.0,,,,,,,,,,,0.0061050522494989,106.96742528118055,0.0106155346816079,109.43552553377008,1.6,15.1,114.3593,,Warm-up,Warm-up,25,0,0
2021-11-04,0.0209677945711324,123.50185395269364,0.0,,,,,,,,,,,0.0047127191108615,107.47153271054282,0.0128188241767162,110.83836029427404,1.53,15.44,114.3558,,Warm-up,Warm-up,26,0,0
2021-11-05,-0.0015647597380023,123.30860322405984,-0.0015647597380021,,,,,,,,,,,0.0034694970703756,107.84440487843084,0.00095431088584,110.94413454807152,1.45,16.48,114.0732,,Warm-up,Warm-up,27,0,0
2021-11-08,0.0196652992846915,125.73350381083826,0.0,,,,,,,,,,,0.0008537203550849,107.93647384205757,-0.0013549244039586,110.79381363269628,1.51,17.22,113.8256,,Warm-up,Warm-up,28,0,0
2021-11-09,-0.010067114061806,124.467730286584,-0.0100671140618061,,,,,,,,,,,-0.0033055097906576,107.57968877100356,-0.0068833432099382,110.03118178792448,1.46,17.78,113.762,,Warm-up,Warm-up,29,0,0
2021-11-10,-0.0213885224125895,121.80554944770525,-0.0312403157796548,0.1900005738248515,,,,,,,,0.3900961540126277,0.2148748204264685,-0.0080448157307436,106.71422999847007,-0.0146969482213668,108.41405920645155,1.56,18.73,114.1484,,Warm-up,Warm-up,30,0,0
2021-11-11,0.0085429840587869,122.84613231490876,-0.0229642172405649,0.1900612800089683,,,,,,,,0.3868218496535692,0.2164403688155136,0.0003237380199339,106.74877745198856,0.0027726046063694,108.71464852640256,1.56,17.66,114.1484,,Warm-up,Warm-up,31,0,0
2021-11-12,0.0065094209035366,123.64578949651808,-0.0166042800927672,0.180730824241042,,,,,,,,0.3788836750744295,0.1999883071934074,0.0075468459125824,107.55439402677528,0.0105227219888366,109.85862254895996,1.58,16.29,114.5144,,Warm-up,Warm-up,32,0,0
2021-11-15,0.0007835718860042,123.74267486099036,-0.0158337188538311,0.1715284947496351,,,,,,,,0.369315391633487,0.2063001060242359,0.0003422273814306,107.59120208540442,-0.000228078621242,109.83356614579743,1.63,16.49,114.5876,,Warm-up,Warm-up,33,0,0
2021-11-16,0.0011972109631703,123.89082094794595,-0.0146554641924601,0.1682332496500705,,,,,,,,0.3739857378303188,0.2186191333163058,0.0039578971880711,108.01703700159943,0.0071209752230827,110.61568824898448,1.63,16.37,115.136,,Warm-up,Warm-up,34,0,0
2021-11-17,0.0019775738431056,124.1358241948535,-0.0127068726120002,0.1684895748398542,,,,,,,,0.372041775107871,0.2134165061627418,-0.0024292735422916,107.75463407149472,0.0005282773987231,110.67412401703064,1.6,17.11,115.0263,,Warm-up,Warm-up,35,0,0
2021-11-18,-0.0032008411455213,123.73848514113742,-0.015867041076834,0.1704769011965639,,,,,,,,0.3834619063737777,0.2256006313108623,0.003396328989967,108.12060425899504,0.0103616437619555,111.8208898637616,1.59,17.59,115.0678,,Warm-up,Warm-up,36,0,0
2021-11-19,0.0163810199982151,125.76544774078322,0.0,0.1722559054406622,,,,,,,,0.3869484121393012,0.2333049867028225,-0.0017883093263195,107.92725117403135,0.0055752951693608,112.44432433085264,1.54,17.91,115.2187,,Warm-up,Warm-up,37,0,0
2021-11-22,-0.0152118351192906,123.85232448604664,-0.0152118351192906,0.1803725968920647,,,,,,,,0.3896305711034089,0.2243840588535562,-0.002814926710448,107.62344387191636,-0.011608998253988,111.13895836602492,1.63,19.17,115.6481,,Warm-up,Warm-up,38,0,0
2021-11-23,-0.0021498879315387,123.58605586834108,-0.0173290193100899,0.1806629520889113,,,,,,,,0.3911428369989538,0.2260059686478452,0.0013258123714854,107.76613236526362,-0.0045579240479336,110.63239543502613,1.67,19.38,116.0118,,Warm-up,Warm-up,39,0,0
2021-11-24,0.0032246592147303,123.9845787822091,-0.0141602402771601,0.1802434309279566,,,,,,,,0.3912459913631902,0.2272402523724066,0.0026698573936547,108.0538525705446,0.0032201306500019,110.9886462024496,1.64,18.58,116.2711,,Warm-up,Warm-up,40,0,0
2021-11-26,-0.028707765924472,120.42525851628518,-0.0424614973383211,0.2008413982957058,,,,,,,,0.4008200397106953,0.2375757493283049,-0.0223030707930298,105.64391984720412,-0.0189586532141158,108.88445094839317,1.48,28.62,116.5103,,Warm-up,Warm-up,41,0,0
2021-11-29,0.0384326002540029,125.05351433732656,-0.0056608028377082,0.2220075654333416,,,,,,,,0.4114109750105134,0.2376895740005382,0.0122665838600455,106.9398098493138,0.0217022583832755,111.24748943679629,1.52,22.96,116.581,,Warm-up,Warm-up,42,0,0
2021-11-30,-0.01264921957535,123.47168497580452,-0.0182384176749913,0.2271778763956628,,,,,,,,0.4183340127601277,0.2318716581573852,-0.0194575398818573,104.85902423421253,-0.0146862843573917,109.61367717288157,1.43,27.19,116.2071,,Warm-up,Warm-up,43,0,0
2021-12-01,-0.018559644757053,121.18009436509882,-0.0364595638790657,0.2356117450001112,,,,,,,,0.4356915648199453,0.2334393167876872,-0.011107363637542,103.69431692136529,-0.0170130209096408,107.74881739115668,1.43,31.12,115.889,,Warm-up,Warm-up,44,0,0
2021-12-02,0.0054572240712629,121.84140129302594,-0.0312013078174315,0.2350298564301419,,,,,,,,0.4321566976239223,0.2226762291707353,0.0153164522306858,105.28254597308498,0.0072071761810672,108.5253821013964,1.44,27.95,116.018,,Warm-up,Warm-up,45,0,0
2021-12-03,-0.0312793794943632,118.03027786385638,-0.0615047297638529,0.2537682374260308,,,,,,,,0.4434522439776803,0.2278533230647009,-0.0087012125713999,104.36646016051496,-0.0173884608095739,106.63829274788225,1.35,30.67,116.2377,,Warm-up,Warm-up,46,0,0
2021-12-06,-8.822779464692478e-05,118.0198643127389,-0.0615875311318322,0.2514848196603026,,,,,,,,0.4348883655838473,0.2408490905822415,0.0118432712209064,105.60250045456188,0.0080129000838509,107.49277473278347,1.43,27.18,116.1538,,Warm-up,Warm-up,47,0,0
2021-12-07,0.0280643847736934,121.33201919575068,-0.0352515625290844,0.2571472821149765,,,,,,,,0.4381005110206145,0.2264640488598681,0.0206846699945018,107.78685332705872,0.0301138331535903,110.72979421630298,1.48,21.89,115.8555,,Warm-up,Warm-up,48,0,0
2021-12-08,0.0038348840674029,121.7973134230303,-0.0315518641171753,0.256662937184519,,,,,,,,0.435038122659749,0.2250098599811514,0.0026479531544387,108.07226786533312,0.0044741516338107,111.22521610600738,1.52,19.9,115.4418,,Warm-up,Warm-up,49,0,0
2021-12-09,-0.0265732660742301,118.56076100631374,-0.0572866941110816,0.2687360779611902,,,,,,,,0.4367098955439098,0.2322576125520243,-0.0067514287681943,107.3426256470231,-0.0147139325629979,109.58865577691871,1.49,21.58,115.7784,,Warm-up,Warm-up,50,0,0
2021-12-10,0.011833266487213,119.9637220862282,-0.0461313163414567,0.264995453573067,,,,,,,,0.458337714118457,0.2141433250167148,0.0094134827374354,108.35309360054237,0.0108702058371283,110.77990702262804,1.48,18.69,115.5732,,Warm-up,Warm-up,51,0,0
2021-12-13,-0.0205366057527109,117.50007442111554,-0.0657205414376096,0.2704170501131892,,,,,,,,0.4603802097391403,0.2198687168648427,-0.00885845416672,107.3932526870596,-0.0144468021182248,109.17949162719678,1.42,20.31,115.842,,Warm-up,Warm-up,52,0,0
2021-12-14,-0.0123042373793732,116.05432561334412,-0.0772161376744335,0.2727041942748706,,,,,,,,0.4593523163832866,0.215745890910552,-0.0068801334206839,106.65437278009142,-0.0103503060899762,108.0494504701073,1.44,21.89,116.2397,,Warm-up,Warm-up,53,0,0
2021-12-15,0.0424813647426326,120.98447174968486,-0.0380150198403658,0.2969990819891933,,,,,,,,0.4735785448047377,0.2307299330627374,0.0156252530622733,108.3208743449784,0.0227973195137618,110.51268831576073,1.47,19.29,116.4219,,Warm-up,Warm-up,54,0,0
2021-12-16,-0.0326489119843936,117.03446038005104,-0.0694227827879063,0.3079691360303409,,,,,,,,0.4845746284046066,0.2238294366927109,-0.0088186566613127,107.36562974487684,-0.0257145875516653,107.6709001164952,1.44,20.57,115.7146,,Warm-up,Warm-up,55,0,0
2021-12-17,-0.0101926433937984,115.84156986061154,-0.0789078245133425,0.3019077825913918,,,,,,,,0.4722958749141004,0.2177942021422657,-0.0106428803965149,106.22295018880558,-0.0049890613575946,107.13372338938656,1.41,21.57,115.791,,Warm-up,Warm-up,56,0,0
2021-12-20,-0.0098142273657945,114.70467435558892,-0.0879476325484228,0.3027599609602435,,,,,,,,0.4731140741336945,0.2178476294480417,-0.0106334975677347,105.09342870633532,-0.0097003300946889,106.09449090823642,1.43,22.87,116.0092,,Warm-up,Warm-up,57,0,0
2021-12-21,0.0255818721483237,117.6390346697687,-0.0646156254917007,0.3069354097933522,,,,,,,,0.4677113544914432,0.2092373189599969,0.0177592560963495,106.95980982077458,0.0223804465563508,108.46893299193144,1.48,21.01,116.1089,,Warm-up,Warm-up,58,0,0
2021-12-22,0.007975071037242,118.57721432801269,-0.057155868657871,0.3072871198503961,,,,,,,,0.4652628009834677,0.2059622080902721,0.0099985823340567,108.02925628570264,0.0121784910318785,109.78992091961112,1.46,18.63,115.7485,,Warm-up,Warm-up,59,0,0
2021-12-23,0.0158934237269565,120.46181223968992,-0.0421708473699762,0.305240644171881,,,,,,,,0.4621382782561013,0.2112505159682542,0.0062222801873956,108.70144458674828,0.0075391162851909,110.617639900366,1.5,17.96,115.5337,,Warm-up,Warm-up,60,0,0
2021-12-27,0.016022100388897,122.3918634884227,-0.0268244125311257,0.3078588197536363,,,,,,,,0.4646844617324132,0.2115505446064174,0.0141518865566299,110.23977509908173,0.0165270294133843,112.44582088863852,1.48,17.68,115.4684,,Warm-up,Warm-up,61,0,0
2021-12-28,-0.0174573920260775,120.25522074670316,-0.0438135202717782,0.311311410614091,,,,,,,,0.4648408082193562,0.2206669488905174,-0.0008171845427517,110.14968885887431,-0.0046345402056051,111.92468621077782,1.49,17.54,115.4192,,Warm-up,Warm-up,62,0,0
2021-12-29,-0.0090306497205228,119.16923797107552,-0.0524485054377035,0.3121919503988204,,,,,,,,0.4648326629702159,0.2206975361958546,0.0012792459962367,110.29059740733376,-0.0001495844554775,111.9079440175365,1.55,16.95,115.3678,,Warm-up,Warm-up,63,0,0
2021-12-30,-0.0022422129828552,118.9020351585398,-0.0545731177007351,0.3121342085987999,,,,,,,,0.4569523506263146,0.2166689047462982,-0.0027645494304679,109.98569359908534,-0.0029881482138406,111.57354649450592,1.52,17.33,115.283,,Warm-up,Warm-up,64,0,0
2021-12-31,-0.0090875667662901,117.8215049753888,-0.0631647476162752,0.3128073867336971,,,,,,,,0.4565960995937285,0.2155540763728028,-0.0025199704792532,109.70853289807545,-0.0062446660977171,110.87680695130962,1.52,17.22,115.283,,Warm-up,Warm-up,65,0,0
2022-01-03,0.01813380736251,119.9580574497735,-0.0461763576191402,0.3179000082310834,,,,,,,,0.4561290659006225,0.2118793576499224,0.0057896815052214,110.34371036196042,0.0096268624848834,111.94420272459284,1.63,16.6,115.4101,,Warm-up,Warm-up,66,0,0
2022-01-04,-0.011829915869491,118.5389637222751,-0.0574600110628374,0.3151223311725473,,,,,,,,0.4513691300967595,0.2020057910094997,-0.0003348696043623,110.30675960732763,-0.0129706906235262,110.49220910395483,1.66,16.91,115.3103,,Warm-up,Warm-up,67,0,0
2022-01-05,-0.0432768525941354,113.40897046260466,-0.0982501752281489,0.3353643082416529,,,,,,,,0.4665957305683185,0.2049399036575888,-0.0192020815713314,108.18864021147849,-0.0307209837178112,107.09777974712726,1.71,19.73,115.137,,Warm-up,Warm-up,68,0,0
2022-01-06,-0.0060667629840706,112.72094511854056,-0.103720877685967,0.3354989164260473,,,,,,,,0.465247074212035,0.2016817497539387,-0.00093944342021,108.08700310529034,-0.000702773479192,107.02251426784063,1.73,19.61,115.4046,,Warm-up,Warm-up,69,0,0
2022-01-07,-0.0218447213116134,110.25858748644436,-0.1232998453303345,0.339401442019125,,,,,,,,0.4688422821113162,0.2059573469916971,-0.0039534304418382,107.6596886568468,-0.0108327761027012,105.86316333282898,1.76,18.76,115.0451,,Warm-up,Warm-up,70,0,0
2022-01-10,0.0047430294238074,110.78154721112004,-0.1191416307008798,0.3317290843926139,,,,,,,,0.4625439862367381,0.2020482182248335,-0.0012444446800774,107.525712130039,0.0006580601329728,105.9328276601687,1.78,19.4,115.2216,,Warm-up,Warm-up,71,0,0
2022-01-11,0.0168778767220607,112.65130450802847,-0.1042746117342536,0.3139871473423704,,,,,,,,0.4483244594651777,0.1937773254915507,0.0091083587010722,108.50509488570763,0.0150221589857137,107.52416743908596,1.75,18.41,114.8332,,Warm-up,Warm-up,72,0,0
2022-01-12,0.0128361446404011,114.0973129466234,-0.0927769510923951,0.3160643645683148,,,,,,,,0.4463856255208091,0.2028053116398452,0.0027035868000178,108.79844782797534,0.0039655870295407,107.9505638828446,1.74,17.62,114.355,,Warm-up,Warm-up,73,0,0
2022-01-13,-0.0310494443227195,110.55465478091531,-0.1209457226377396,0.3235842548946098,,,,,,,,0.4398459723901425,0.1948955482193509,-0.0137785891366423,107.29935871664928,-0.0250162347269931,105.25004723784008,1.7,20.31,114.177,,Warm-up,Warm-up,74,0,0
2022-01-14,0.0119170337873993,111.87213833729376,-0.1104700031134556,0.3255614437966858,,,,,,,,0.4401326116209039,0.1945095869543974,0.0004089052021671,107.34323398261772,0.0062227140412818,105.90498818463256,1.78,19.19,114.3825,,Warm-up,Warm-up,75,0,0
2022-01-18,-0.027986564460079,108.7412215264302,-0.1353648917104948,0.3231752686832032,,,,,,,,0.4381851594141312,0.1814716221568344,-0.0177096507241562,105.4422228011842,-0.0248942685269525,103.26856097042058,1.87,22.79,114.7373,,Warm-up,Warm-up,76,0,0
2022-01-19,-0.0165064525074737,106.9462897176995,-0.1496369500617699,0.3255924179417278,,,,,,,,0.435070277933572,0.1800003553251281,-0.0103834482507115,104.34736893728808,-0.0109835051654727,102.13431019757104,1.83,23.85,114.6109,,Warm-up,Warm-up,77,0,0
2022-01-20,-0.0230520523324303,104.48095825036783,-0.169239563590511,0.3166943798149118,,,,,,,,0.4250103491956665,0.1829309339973954,-0.0110681889109097,103.1924325455338,-0.0129885008618612,100.80773862154427,1.83,25.59,114.4642,,Warm-up,Warm-up,78,0,0
2022-01-21,-0.0520579136674377,99.041897545879,-0.2124872186674392,0.3437580710043984,,,,,,,,0.46593994765769,0.1955709141286231,-0.0196304362445316,101.16672007753056,-0.0277285743865419,98.01248374243772,1.75,28.85,114.6125,,Warm-up,Warm-up,79,0,0
2022-01-24,-0.0079847478635448,98.25107296604811,-0.2187753096656987,0.3385752761926037,,,,,,,,0.4701947076803559,0.2076077898108922,0.0042465803458375,101.59633268266464,0.0045779477553733,98.46117977238498,1.75,29.9,115.2034,,Warm-up,Warm-up,80,0,0
2022-01-25,-0.0210103516827492,96.186783369824,-0.2351891151528692,0.3369009732712278,,,,,,,,0.4531606436981716,0.2116994795294791,-0.0122091393939088,100.35592889503206,-0.0231815922502967,96.1786928504184,1.78,31.16,115.1654,,Warm-up,Warm-up,81,0,0
2022-01-26,0.002098994706322,96.3886789189354,-0.2335837811542376,0.3354506445252736,,,,,,,,0.4526760758553808,0.2060005462871494,-0.0025086790100977,100.10416808267424,-0.0015643895723136,96.02823190624444,1.85,31.96,115.0922,,Warm-up,Warm-up,82,0,0
2022-01-27,-0.0174463282885188,94.707050383219,-0.2469549301138661,0.3365712493190022,,,,,,,,0.4643444606435478,0.2127161931706753,-0.0049378459074871,99.6098691259848,-0.0100708158781697,95.06114926361047,1.81,30.49,115.978,,Warm-up,Warm-up,83,0,0
2022-01-28,0.0288938247038933,97.44349929521456,-0.225196577870445,0.3213353311886197,,,,,,,,0.4538830569863063,0.1840972235265709,0.0248352700765501,102.08370712801845,0.0313690140865816,98.04312379394732,1.78,27.66,116.0393,,Warm-up,Warm-up,84,0,0
2022-01-31,0.0487822662376532,102.19701402096231,-0.1873999110502759,0.350199987253068,,,,,,,,0.4699679053767593,0.2069945231653264,0.0180111554453148,103.92235264553516,0.0319784007746757,101.17838609983131,1.79,24.83,115.566,,Warm-up,Warm-up,85,0,0
2022-02-01,0.0167070176804974,103.90442134110458,-0.173823786997019,0.3548952639325279,,,,,,,,0.4729981145716823,0.2227440773113202,0.0067570355765702,104.62455967956194,0.0068035560657826,101.86675892230691,1.81,21.96,115.3685,,Warm-up,Warm-up,86,0,0
2022-02-02,0.0004770861808616,103.95399270465684,-0.1734296297428388,0.3545261581834418,,,,,,,,0.4809049523890428,0.2249686915224655,0.009714172501468,105.64090070017936,0.008125334367282,102.69446039946196,1.78,22.09,115.1538,,Warm-up,Warm-up,87,0,0
2022-02-03,-0.0438222257666472,99.39849736700896,-0.2096517831202693,0.3628165619039575,,,,,,,,0.5122672555474418,0.2287731537418733,-0.0235051548737086,103.15779496822356,-0.0405438987374913,98.53082659612488,1.82,24.35,114.9065,,Warm-up,Warm-up,88,0,0
2022-02-04,0.035225901298417,102.89989902447022,-0.1818110548410838,0.3797141806391091,,,,,,,,0.5364444050428909,0.2385711097402048,0.0047022018888309,103.6428637465708,0.0126151700737675,99.7738097311439,1.93,23.22,115.1362,,Warm-up,Warm-up,89,0,0
2022-02-07,-0.0015038749474502,102.74515044423214,-0.1830415086979891,0.3749372595343094,0.3062434743819188,,,0.382828015054129,0.4319934061106326,0.2460033588718413,0.7144091708108218,0.5370388974638451,0.2366592025816946,-0.0032091873177138,103.31025438266374,-0.0080445592320814,98.97117340895127,1.92,22.86,115.0098,1.0,Normal,Normal,1,0,0
2022-02-08,0.0076859829608016,103.5348479198515,-0.1767623796541597,0.3716361960224005,0.3063488486256224,,,0.384630732245831,0.4334946706287172,0.2488274237832788,0.7114425157830931,0.5336478458712706,0.2355807391849076,0.0082276686600104,104.1602569249057,0.0112351015791873,100.08312459561222,1.96,21.44,115.0892,1.0,Normal,Normal,2,0,0
2022-02-09,0.0235332985544211,105.97136440673596,-0.1573888829533298,0.3788980438522609,0.3057050695209962,,,0.3873156259004819,0.4381971571489259,0.2483144883645327,0.6914790952441815,0.5390115792374763,0.2300219375463792,0.0146362113145053,105.68476845583176,0.0211908844559751,102.2039745249108,1.94,19.96,114.8232,1.0,Normal,Normal,3,0,0
2022-02-10,-0.0315974727728937,102.6229371051877,-0.1840132647823498,0.3870945051299777,0.3094902120447642,,,0.3938951329242123,0.4412708032856417,0.2634861033778637,0.69188211346941,0.5459877909340837,0.2279673427101277,-0.0179654599324456,103.78609298266872,-0.0226325417972107,99.89083879963468,2.03,23.91,114.5527,2.0,Elevated,Normal,4,0,0
2022-02-11,-0.0443551393769614,98.07108242661396,-0.2202064701526803,0.4036756684671201,0.3167575703089341,,,0.4041897123679857,0.4520094552355412,0.27297767489769,0.69867927405798,0.5592899666336445,0.2293823285873619,-0.0197191749586695,101.73951685686671,-0.031721481848031,96.72215336986748,1.92,27.36,114.8413,2.0,Elevated,Normal,5,0,0
2022-02-14,0.0038677258253595,98.45039448483637,-0.2171904425788414,0.4045837106726117,0.316505886499216,,,0.4045509284310738,0.4515776970386529,0.2739450698466207,0.7177019059326001,0.5601229327441203,0.2298517791106501,-0.0032690034632952,101.40693002390763,0.0012388153953328,96.84197426253182,1.98,28.33,115.1946,2.0,Elevated,Elevated,1,0,0
2022-02-15,0.0386011537970208,102.25069330372288,-0.1869730904590496,0.4191279701576871,0.32308935929978,,,0.412219090290398,0.4565900494174041,0.2877845354919626,0.7257538428217143,0.5675947329848547,0.2342799364114296,0.0161265977957025,103.04227879810016,0.0248638591469716,99.24983947011006,2.05,25.7,114.93,2.0,Elevated,Elevated,2,0,0
2022-02-16,-0.0085323156144318,101.37825811666104,-0.1939100926542792,0.4187678826520822,0.3233966534572792,,,0.4126816247596246,0.4569004874626058,0.2885488464233273,0.7270131051997457,0.5659929357013991,0.2348577049903486,0.0011210560506889,103.15779496822351,-0.0002526342299011,99.2247655633477,2.03,24.29,114.6886,2.0,Elevated,Elevated,3,0,0
2022-02-17,-0.0451490419668739,96.80112688642332,-0.2303042797101046,0.4202926546179011,0.3319580048062266,,,0.4268643944708707,0.4676087424373432,0.3097861521411179,0.7569858505906274,0.5647815212932421,0.2381782974905384,-0.0213612483873879,100.95421568681206,-0.0297437535727229,96.27344858812027,1.97,28.11,114.6755,2.0,Elevated,Elevated,4,0,0
2022-02-18,-0.0154460666551834,95.30593022823878,-0.2421930511099117,0.4213919342559838,0.3328811301091205,,,0.4283989552855726,0.468627313069256,0.3122266481151423,0.7629910404131103,0.5669470238407571,0.2358261507425957,-0.0064751917356794,100.30051778371482,-0.0114052949083657,95.17542151512738,1.92,27.75,114.7982,2.0,Elevated,Elevated,5,0,0
2022-02-22,-0.0173894680682711,93.64861079781794,-0.2553709108495499,0.4200618294819533,0.3334836778030426,,,0.4290840160369,0.4687999631259832,0.313811447739195,0.7681143923845618,0.5645822490166063,0.2330241067730372,-0.0107318342081221,99.22410925587118,-0.0100439965079394,94.21947991378778,1.94,28.81,114.7002,2.0,Elevated,Elevated,6,0,0
2022-02-23,-0.0271799235817565,91.1032487127956,-0.275609872589412,0.4237427124203028,0.334515760948494,,,0.4306958360473811,0.471169753949138,0.3135847743803246,0.7707746344917412,0.5664377415338637,0.234777316269897,-0.0177386589426091,97.46400662289707,-0.0256151791342263,91.80603105786246,1.99,31.02,114.6668,2.0,Elevated,Elevated,7,0,0
2022-02-24,0.0449653767363605,95.1997406130728,-0.2430373976062948,0.4443271644283733,0.3422547090378819,,,0.4433053558854858,0.4874107700938107,0.3185037539533054,0.7716398875768223,0.5858992168471708,0.2277008195841076,0.0150490650981083,98.93074880328751,0.0336047992556691,94.89115430202165,1.96,30.32,115.9419,3.0,Crisis,Elevated,8,0,0
2022-02-25,0.0197151976881839,97.07662231912336,-0.2281137302575406,0.4471938176293979,0.3436626132966424,,,0.4458978734353989,0.4884886247763181,0.3246333825035912,0.7741889404803438,0.5870580812508701,0.2239057338009961,0.0220642045547714,101.11357708163996,0.0155068866669068,96.36262067747506,1.97,27.59,115.2577,3.0,Crisis,Elevated,9,0,0
2022-02-28,0.0207391364819602,99.08990763860736,-0.2121054755608006,0.4461543988360482,0.3451700399835169,,,0.4448581320384892,0.4879871167327412,0.3221247226563999,0.776344808471011,0.5892440837505556,0.2325546128718672,-0.0025585124351459,100.8548767373145,0.0029788551147866,96.64967096295442,1.83,30.15,115.2224,3.0,Crisis,Crisis,1,0,0
2022-03-01,-0.016377542646075,97.46705845046044,-0.2250092517354127,0.4453260875825304,0.3456841017140071,,,0.4455115291172721,0.4885077446832966,0.323363842119685,0.7728592892702196,0.5915424792424911,0.2329484588184715,-0.0152301992293306,99.3188368713556,-0.0153114007862611,95.16982911498036,1.72,33.32,115.7962,3.0,Crisis,Crisis,2,0,0
2022-03-02,0.0168279405811702,99.10722831868624,-0.2119677534726596,0.443465941489557,0.3464826567015976,,,0.4478225631799962,0.4901549608583504,0.3261315607926158,0.7915536802483025,0.5922972463603615,0.2312902620509735,0.0183962550216185,101.14593152289162,0.0167793557571211,96.76671753504505,1.86,30.74,115.7623,3.0,Crisis,Crisis,3,0,0
2022-03-03,-0.025327044906838,96.59713509646662,-0.2319262815684939,0.4465765047883902,0.3485212791468959,,,0.4593947452147482,0.50364312461951,0.3336562121622047,0.7967794618362363,0.5932203895079246,0.2336157415240544,-0.0049786895957706,100.64235732596408,-0.0142846302707144,95.38444075254628,1.86,30.48,115.9495,3.0,Crisis,Crisis,4,0,0
2022-03-04,-0.0238551336806234,94.29279752557515,-0.250248782798251,0.4468957452898998,0.3484921026743539,,,0.4603458301778431,0.5044592106945072,0.3349684303377913,0.7970385096953782,0.5958303535071813,0.2362861114431679,-0.0081245925073666,99.82467918370985,-0.0144920967255497,94.0021202110479,1.74,31.98,116.6503,3.0,Crisis,Crisis,5,0,0
2022-03-07,-0.0430488320323706,90.23360272303437,-0.2825246970136345,0.4390003101222269,0.3552201119105923,,,0.4718785561498103,0.5165709492974326,0.3458402776021924,0.7982189741973017,0.5785719389451277,0.2090035366377813,-0.0294792040882733,96.88192709300684,-0.0368810219637292,90.53522595090712,1.78,36.45,117.3278,2.0,Elevated,Crisis,6,0,0
2022-03-08,0.0017896259621136,90.39508712112254,-0.2812406845842348,0.4388976952724659,0.3551894210270766,,,0.4767501923793377,0.5217817666067088,0.3503809614750732,0.7961835579853198,0.5694336968005529,0.1928463601094096,-0.0075817178296765,96.14739565899237,-0.0046482492818826,90.11439565189572,1.86,35.13,117.6176,2.0,Elevated,Crisis,7,0,0
2022-03-09,0.0471488292144585,94.65710964562244,-0.2473520243753958,0.4578372203463819,0.3628539941562431,,,0.4881044526767378,0.5315520394078229,0.3660610804084964,0.7980895011123779,0.5831327168749145,0.1937475508764596,0.0268107967758899,98.72518394453668,0.0359981430889795,93.35834656094958,1.94,32.45,116.5961,2.0,Elevated,Elevated,1,0,0
2022-03-10,-0.0190980516233465,92.84934327909356,-0.2617261342680818,0.4610500541955028,0.3632046384444391,,,0.4871458916911055,0.5302351387393007,0.3658471500872549,0.7985033690620306,0.586758932763423,0.1981489622562018,-0.0045154620933435,98.27939411877676,-0.0111049333708684,92.3216083427758,1.98,30.23,116.7401,2.0,Elevated,Elevated,2,0,0
2022-03-11,-0.022850146428759,90.72772218935216,-0.2785958002045821,0.4630033693884436,0.3647026703758311,,,0.4916109227632755,0.5356291236309354,0.36830228827184,0.8006034097667145,0.578285417780732,0.1966448037545653,-0.012714887451551,97.02978268374989,-0.0207384278374435,90.40700333032242,2.0,30.75,117.0192,2.0,Elevated,Elevated,3,0,0
2022-03-14,-0.0191695859809662,88.98850931798616,-0.2924248200395906,0.4569358655781735,0.3646510644130521,,,0.490732590466885,0.5375355331904623,0.3611026327322517,0.797078961161179,0.5722290049550743,0.2016329475344014,-0.0073083905348289,96.32065113838748,-0.0192043565098667,88.6707950073782,2.14,31.77,117.1506,2.0,Elevated,Elevated,4,0,0
2022-03-15,0.03211939481753,91.846766382994,-0.2696979334713574,0.4429861997493954,0.3678382092979504,,,0.4948092135430481,0.5440194913044696,0.3593157033445072,0.8048521448714072,0.5595516650862603,0.1916076845843332,0.0219905274908689,98.43879306518456,0.0313666355400035,91.452099517417,2.15,29.83,117.246,2.0,Elevated,Elevated,5,0,0
2022-03-16,0.041970291939085,95.70160198174918,-0.2390469425354332,0.458615307793639,0.3733170628506692,,,0.5104014406771918,0.5589989907984686,0.3769905144492219,0.8106510798520524,0.5691885803297759,0.1890229609582515,0.0221739381210734,100.62156877132512,0.0370869702232226,94.84378080907064,2.19,26.67,116.8073,2.0,Elevated,Elevated,6,0,0
2022-03-17,0.0101306371969267,96.67112019059095,-0.2313380031863675,0.4599809892996326,0.3739174777285313,,,0.5115663695274373,0.5602304000958958,0.3780659920959528,0.810830961103654,0.5602034180648783,0.1893932042483857,0.012510877734156,101.88043291564216,0.0121061431790541,95.99197319918808,2.2,25.67,116.0467,2.0,Elevated,Elevated,7,0,0
2022-03-18,0.0255554770593466,99.14159678492295,-0.211694479160405,0.4490018711869565,0.3750310648935516,,,0.5183350750728792,0.566577752108966,0.3861372067368772,0.8128094038498662,0.5329842499330015,0.1732077427082509,0.0109530136194297,102.99633068492058,0.0204677954697443,97.95671727336622,2.14,23.87,116.1378,2.0,Elevated,Elevated,8,0,0
2022-03-21,-0.0032992080048885,98.81450803519272,-0.2142952630450569,0.4366754657308888,0.3748082146263456,,,0.5206067519824924,0.5694513878475843,0.3871552802130794,0.8128165732454691,0.5120146698937219,0.1572458779864278,-0.0002925481667211,102.9661992971997,-0.002780102943414,97.68438751534735,2.32,23.53,115.9398,2.0,Elevated,Elevated,9,0,0
2022-03-22,0.0211844907431886,100.907843065957,-0.1976505083181554,0.4413667263330869,0.3754338854340255,,,0.5221882307377197,0.5708784139917709,0.3891642764093149,0.8133911317719994,0.5126282494758772,0.1549820133506675,0.0117014123080803,104.1710492489722,0.0196526780935477,99.60414733795186,2.38,22.94,116.0824,2.0,Elevated,Elevated,10,0,0
2022-03-23,-0.0117912191900044,99.71801657037572,-0.2071111870415647,0.44194154851749,0.3753876640574578,,,0.5189454634782785,0.569432355685537,0.3814827985091238,0.8138442107615523,0.5176250910058827,0.1563660176624629,-0.012878436410787,102.82948901537436,-0.014371157517931,98.17272044711892,2.32,23.57,116.005,2.0,Elevated,Elevated,11,0,0
2022-03-24,0.0333889095958337,103.04749241071984,-0.1806374941461477,0.447559359619069,0.3797894760914562,,,0.523004899437768,0.5718300887506345,0.3896735467956154,0.8140935631197239,0.5243708946616548,0.1603504312157161,0.0150743154681431,104.37957317222006,0.022226477503942,100.35475420963762,2.34,21.67,115.9599,2.0,Elevated,Elevated,12,0,0
2022-03-25,-0.0030130726366242,102.73700283106434,-0.1831062928920119,0.4378909070239143,0.3797711863399444,,,0.5234189592984093,0.5721874729543579,0.3900870203143889,0.8165000661005184,0.5157608565261397,0.1579421489107507,0.0048837400058712,104.88933586951698,-0.0008342376867529,100.2710344916311,2.48,20.81,115.7921,2.0,Elevated,Elevated,13,0,0
2022-03-28,0.0267492256643582,105.4851381038723,-0.1612550187767861,0.4229733454515001,0.382734080590003,,,0.5296040529852033,0.5738925876131223,0.4070258020956573,0.818179104351232,0.505832050681611,0.155320705674863,0.0071131140656599,105.63542567982816,0.0154725547887395,101.82248356652646,2.46,19.63,116.1911,2.0,Elevated,Elevated,14,0,0
2022-03-29,0.0192891442004816,107.51985614376562,-0.1450763458865412,0.4256726596766811,0.3842723537481027,,,0.5317639787183444,0.5761049895832948,0.4092248950413419,0.8179148536001054,0.5088374376466359,0.1560765666457202,0.0123705891424026,106.94219812979613,0.0172098202735977,103.57483020851774,2.41,18.9,115.5679,2.0,Elevated,Elevated,15,0,0
2022-03-30,-0.0116459499418956,106.26768528135553,-0.155032743966489,0.4142076366774022,0.3846499310482816,,,0.5367365520689161,0.5797210824318343,0.418489761281934,0.8059798511715162,0.5007346593349445,0.1484904072522209,-0.0061747798744523,106.28185359705458,-0.0110456641488424,102.43077741976109,2.35,19.33,115.0818,2.0,Elevated,Elevated,16,0,0
2022-03-31,-0.0191240917029432,104.23541232297536,-0.1711919752568582,0.417585825072554,0.3845910491692461,,,0.5382578341777569,0.580997550367502,0.4209121207309366,0.8025534692389836,0.5052872432821363,0.1493892830621737,-0.0153911447513253,104.64605420390312,-0.0123946009075384,101.16118881299424,2.32,20.56,115.2218,2.0,Elevated,Elevated,17,0,0
2022-04-01,0.0047004022035079,104.72536068474184,-0.1672962441910704,0.3937574773840344,0.3840669991456426,,,0.5359562690130215,0.5800831011592056,0.4150656682080036,0.8048761559718393,0.4885629944221616,0.1453656608042149,0.0028341477411288,104.9426365820432,-0.0019035546718498,100.9686229594194,2.39,19.63,115.4814,2.0,Elevated,Elevated,18,0,0
2022-04-04,0.0253133663049731,107.37631210117512,-0.1462177089967522,0.3949541258380874,0.3866905183269681,,,0.540541883493419,0.5849137901974072,0.4194098329525688,0.8045059069665889,0.4894441045090182,0.143625325416683,0.0085664402225642,105.84162140512154,0.0205887232425907,103.0474379937164,2.42,18.57,115.4112,2.0,Elevated,Elevated,19,0,0
2022-04-05,-0.0291421579588198,104.24713465288715,-0.1710987673836118,0.4019641888899613,0.3894091236331974,,,0.5444687757857044,0.5880831531172374,0.4253459695038342,0.8048076634100992,0.4934776819491032,0.1428182973423534,-0.01263131498339,104.50470254680071,-0.0222042208759525,100.75934991980289,2.54,21.03,115.73,2.0,Elevated,Elevated,20,0,0
2022-04-06,-0.0392149372056965,100.1590898136004,-0.2036040771703878,0.4114489398894196,0.3918672096479416,,,0.5477924197165973,0.5910067224319442,0.4297025427174694,0.8066399796663805,0.5017502840864781,0.1533420345586055,-0.0099993381158118,103.45972469134291,-0.0217112224404685,98.57174126073704,2.61,22.1,115.9995,2.0,Elevated,Elevated,21,0,0
2022-04-07,0.004158452939621,100.57559667506553,-0.2002923022039949,0.3922526347697884,0.3860714451327423,,,0.5421653275848602,0.5874179014899478,0.4192107110625295,0.8026444887417558,0.4828627397491778,0.156595610773625,0.0050390245651723,103.98106078556856,0.0023777803920348,98.80612321431556,2.66,21.55,116.3512,2.0,Elevated,Elevated,22,0,0
2022-04-08,-0.0221795120638672,98.34487901528026,-0.218029428734829,0.3947149242799678,0.3871349463762641,,,0.5462864530018269,0.590202095734077,0.4265162925622053,0.8057913639673971,0.4849149136845479,0.1606719769261057,-0.0026739427918821,103.70302137758873,-0.0139791596064625,97.42489664780685,2.72,21.16,116.4176,2.0,Elevated,Elevated,23,0,0
2022-04-11,-0.03386735474597,95.01419811022026,-0.2445127034727753,0.4023174722515243,0.3898013224160075,,,0.5554112392588524,0.5952170958795377,0.4449139915763656,0.8196649727721675,0.4886498601781167,0.1606704817442842,-0.0170923873034601,101.93048917166398,-0.0236574181206153,95.12007513245192,2.79,24.37,116.5401,2.0,Elevated,Elevated,24,0,0
2022-04-12,-0.0003476587428492,94.98116559355245,-0.2447753552365246,0.3996981990389887,0.3895909476050442,,,0.5558825086602113,0.5960136172371475,0.444523908722879,0.8216727075274338,0.4841168189385187,0.1602087809739054,-0.0037051107333415,101.5528254221793,-0.004224267455972,94.7182624946603,2.72,24.26,116.3866,2.0,Elevated,Elevated,25,0,0
2022-04-13,0.0195610762434009,96.839099415415,-0.2300023483794109,0.4008080400140821,0.3882302059405178,,,0.5575514224165417,0.5989649765847629,0.4435503004563245,0.8180938559320587,0.4826826097867066,0.1624298383496861,0.0114534493910489,102.71595556867024,0.0203271488733238,96.64361471741184,2.7,21.82,116.2796,2.0,Elevated,Elevated,26,0,0
2022-04-14,-0.0295543043114471,93.97708720204534,-0.2527590932945054,0.4032664298165211,0.3909621425660436,,,0.5642188992997402,0.6035910787842903,0.4543883064346131,0.833651510317397,0.4842493600596792,0.1594064695807067,-0.012451661221985,101.43697128783673,-0.02286720663663,94.43364520955792,2.83,22.7,116.7558,2.0,Elevated,Elevated,27,0,0
2022-04-18,0.0086679208852013,94.79167315893434,-0.246282068232996,0.3979536660736373,0.3880431700821353,,,0.5618715333431604,0.597186220587281,0.461328788892736,0.8339986465553074,0.4762041726673848,0.1518068810356034,0.0004112139236411,101.47868358280223,0.0007681972812916,94.50618887907036,2.85,22.17,116.8441,2.0,Elevated,Elevated,28,0,0
2022-04-19,0.0245712154489819,97.120819782892,-0.227762302543788,0.3816044734541816,0.3905364682287247,,,0.5663289615374637,0.6019876279287908,0.465226212569488,0.8348168723606532,0.4612198464282231,0.1495964678843104,0.0161425042477354,103.11680366359224,0.022350818438807,96.61847954805006,2.93,21.37,117.1324,2.0,Elevated,Elevated,29,0,0
2022-04-20,-0.0365053607455728,93.57538922081174,-0.2559531182707576,0.3982068895637616,0.3926386129495721,,,0.5531091793470201,0.5876058988004972,0.4540334531470496,0.8318598914748779,0.5040670624840473,0.2140558476835655,-0.0007415137426584,103.04034113657669,-0.0145842680161788,95.2093697470056,2.85,20.32,116.7306,2.0,Elevated,Elevated,30,0,0
2022-04-21,-0.0264049281538635,91.1045377914664,-0.2755996227259244,0.3815827357528591,0.3939462668581824,,,0.5713625024557456,0.604048535788351,0.4775869459763674,0.833984683005225,0.4912844121441529,0.2150378302390781,-0.0149534531777735,101.49953221996904,-0.0206909141816957,93.23940084827696,2.9,22.68,117.1432,2.0,Elevated,Elevated,31,0,0
2022-04-22,-0.0220521641403844,89.09548557015512,-0.2915742187489287,0.3828943875358969,0.3941481465193103,,,0.5727040658693491,0.6063935871384408,0.4766170891323759,0.8348754725057407,0.4890926647247883,0.210170675115301,-0.0274392693812552,98.71445921331392,-0.026185921563695,90.79784121101808,2.9,28.21,118.0186,2.0,Elevated,Elevated,32,0,0
2022-04-25,0.0124978790375086,90.208990171599,-0.2827203990278004,0.3791280298887124,0.3946331997726615,,,0.5748837308409923,0.6088697869509152,0.4782558773019652,0.8347895700790998,0.486027823211691,0.2087691219420595,0.0057975407355943,99.28676031179528,0.0128456922674466,91.9642023377633,2.81,27.02,118.6271,2.0,Elevated,Elevated,33,0,0
2022-04-26,-0.0476159399423961,85.91360431332394,-0.3168743414295986,0.4000678514880758,0.3943598524569952,,,0.5763436063737762,0.6117029010351365,0.4766334148160801,0.8344211665916035,0.5026277890201893,0.2125958596619785,-0.0289606295769961,96.41135322450538,-0.0377450280180886,88.49301094386324,2.77,33.52,118.9624,2.0,Elevated,Elevated,34,0,0
2022-04-27,0.0010227575586633,86.00147310152741,-0.3161756694987787,0.3877524598497535,0.3913238562735504,,,0.5730818107847679,0.6073185750508564,0.4756765305350726,0.835874265217098,0.4929000623832659,0.2127677411517043,0.0028116745175539,96.6824305695696,-0.0011982506489947,88.38697413606825,2.82,31.6,119.4708,2.0,Elevated,Elevated,35,0,0
2022-04-28,0.0455568425979095,89.91942867480206,-0.2850227921095136,0.3914007261580857,0.399503154556506,,,0.5806112091936315,0.6197218754041071,0.4722861775301336,0.8366133667794607,0.5077764456343838,0.2146033923348783,0.0252595996483881,99.12459005879002,0.0355156614459371,91.52609598571566,2.85,29.99,120.0675,2.0,Elevated,Elevated,36,0,0
2022-04-29,-0.0472341378023562,85.67216198966732,-0.3187941240725568,0.4110496183463225,0.4062930493157474,,,0.5874833222947452,0.6271790154022401,0.4781391967812896,0.8382959462342593,0.5297535323917409,0.2045309312438047,-0.0369557564982213,95.46136584559136,-0.0449984863224942,87.40756020735112,2.89,33.4,119.4933,2.0,Elevated,Elevated,37,0,0
2022-05-02,0.021860323666359,87.5449831799582,-0.3039027431413572,0.4088987672045732,0.4056011617604322,,,0.5849159661818183,0.6281812650121879,0.467476507947386,0.8322223806353689,0.5323987677432762,0.2074060590755566,0.006019417185475,96.03598763171124,0.0166959686428302,88.86691409171937,2.99,32.34,119.8825,2.0,Elevated,Elevated,38,0,0
2022-05-03,-0.0017174722800634,87.394627098088,-0.3050982708842401,0.4089418233060022,0.4051857210070364,,,0.5859318989031695,0.6294263325401805,0.4680211845478341,0.8322874369378107,0.5322509867537089,0.207385194548185,0.0045838771710169,96.4762048030123,0.0010677428790057,88.96180110642001,2.97,29.25,119.7043,2.0,Elevated,Elevated,39,0,0
2022-05-04,0.0430171519351212,91.15409505027972,-0.2752055776228889,0.4250921905850683,0.4112747627368387,,,0.5932886732838312,0.6353712352100376,0.4790102474550546,0.8345753932982558,0.5449783537091346,0.207043337482616,0.0304531627980297,99.4142103740145,0.0338118983505315,91.96976848251047,2.93,25.42,119.5592,2.0,Elevated,Elevated,40,0,0
2022-05-05,-0.060608501350709,85.62938195730217,-0.3191342813505184,0.4562349717598732,0.4212344948987838,,,0.6061475566767536,0.6465154229726569,0.496344614339081,0.8403163713852253,0.5647045831644707,0.2098769180820793,-0.0355428158646873,95.88074940035762,-0.0503642278579713,87.33778210661247,3.05,31.2,120.0068,2.0,Elevated,Elevated,41,0,0
2022-05-06,-0.0118278610938858,84.61656952195591,-0.3271874664942933,0.4420661713961338,0.4208156917023336,,,0.6069719630183502,0.6462394435689195,0.5000162890423494,0.8369452533884406,0.5493050483578089,0.2101238895432464,-0.005969119275857,95.30842577092832,-0.0119805703905482,86.29142566032982,3.12,30.19,119.8577,2.0,Elevated,Elevated,42,0,0
2022-05-09,-0.0690682170378441,78.77225393321564,-0.3736574285842472,0.4779647849987796,0.4347896759690173,,,0.6137995552257338,0.6510054647055172,0.510524417977107,0.860719782162714,0.5911036215123496,0.2389986414253638,-0.0320170428913026,92.25693181511797,-0.039127171217328,82.91508627393077,3.05,34.75,120.4972,3.0,Crisis,Elevated,43,0,0
2022-05-10,0.0243086949919886,80.68710462790965,-0.3584318580552038,0.4764564319478357,0.4373931342921014,,,0.6164674304314379,0.6527510627897237,0.5154719764318927,0.8614721078846067,0.5869158364538749,0.2344930419083436,0.0023105613240217,92.4700971136429,0.0121492779073304,83.92244469978304,2.99,32.99,120.7742,3.0,Crisis,Elevated,44,0,0
2022-05-11,-0.0547357180217957,76.27063802100125,-0.3935485509644617,0.4871857431673006,0.4455140087317393,,,0.6194026286812481,0.6547877732206436,0.5207652444641493,0.8604833330588858,0.6027043063695477,0.2604447081395555,-0.0158861655934,91.00110183845776,-0.0296584770059203,81.43343280337389,2.91,32.56,120.3925,3.0,Crisis,Crisis,1,0,0
2022-05-12,-0.0091028394136138,75.5763586511222,-0.3990689811171856,0.4872085841035956,0.4439367847790293,,,0.6190049498650975,0.6553834090027235,0.5184307741498411,0.854371515777031,0.6033286861037583,0.2605307533670017,-0.0010438387516716,90.90611136191396,-0.0023643802250116,81.24089320519879,2.84,31.77,121.2796,3.0,Crisis,Crisis,2,0,0
2022-05-13,0.0435180948693874,78.86529779678459,-0.3729176080274856,0.5111855220220499,0.4510348542896044,,,0.6249874827111559,0.6622068106422345,0.5229596422767702,0.8527286116391828,0.6226749523286061,0.2697685052028688,0.0239078842771982,93.0794841524447,0.0370600825357618,84.25168741266246,2.93,28.87,120.8442,3.0,Crisis,Crisis,3,0,0
2022-05-16,-0.0044120111183032,78.51734322605687,-0.3756843025129607,0.509782729665969,0.4461423202604057,,,0.6219544780783858,0.6629085522778493,0.511426703153105,0.8464785049763778,0.6216451398829057,0.2704840096733697,-0.0040578362085249,92.7017828513801,-0.0115920332272958,83.27503905271915,2.88,27.47,120.6881,3.0,Crisis,Crisis,4,0,0
2022-05-17,0.0339536051501148,81.18329009539045,-0.3544865338314672,0.5154277450854604,0.4505414686575545,,,0.6255995975611198,0.6662151375345485,0.5160379583294301,0.8474802869664609,0.6270360712990434,0.2731684485240944,0.0205704975832965,94.60870465149168,0.0259016372768174,85.43199890847549,2.98,26.1,119.8871,3.0,Crisis,Crisis,5,0,0
2022-05-18,-0.0605927910558889,76.26416796141083,-0.3935999964107797,0.5339601835296061,0.4596455288941555,,,0.6365178087315527,0.6758436202188705,0.5305516519028528,0.8496067591059303,0.6426400304025566,0.2744993832529616,-0.0403116033946362,90.79487607190048,-0.0490903739726763,81.23811013282516,2.89,30.96,120.0274,3.0,Crisis,Crisis,6,0,0
2022-05-19,0.0041661055907532,76.58189253792901,-0.3910736699655939,0.5279710410666187,0.4596166416831532,,,0.633988487413583,0.6745109711920253,0.5248402702037148,0.8529248133161302,0.6414507140514139,0.2757786842480028,-0.006124727084282,90.23878223530888,-0.0053585014122353,80.80279560495109,2.84,29.35,119.4278,3.0,Crisis,Crisis,7,0,0
2022-05-20,-0.0092662819878463,75.87226312650961,-0.3967161530495171,0.5266358213930546,0.4583864692831398,,,0.6305072117308671,0.6712410529926193,0.5205937935356445,0.8535240404978861,0.6428579070469903,0.2731436032880101,0.0004366928163574,90.2781888632679,-0.003107756274271,80.55168020993115,2.78,29.43,119.3677,3.0,Crisis,Crisis,8,0,0
2022-05-23,0.009917481927335,76.62472492485279,-0.3907330964003325,0.5277717129588636,0.4581094622790526,,,0.6283311271815114,0.6687269861415595,0.5191391657189798,0.8523554855178079,0.645614714699434,0.2694950660882215,0.018709946742905,91.96728896894555,0.0166274211042509,81.89104691743664,2.86,28.48,118.7169,3.0,Crisis,Crisis,9,0,0
2022-05-24,-0.02409821680502,74.77820569098867,-0.4054153423354004,0.5243178928730075,0.4570938385941382,,,0.6259321568813362,0.6684039721560092,0.5117658601337516,0.8519130734815469,0.6455510201196879,0.2679193905356297,-0.0076336033707835,91.2652471618704,-0.0212620385138395,80.14987632393947,2.76,29.45,118.6245,3.0,Crisis,Crisis,10,0,0
2022-05-25,0.0133904124030439,75.77951670395066,-0.3974536085607487,0.5274301925619639,0.457245025871477,,,0.6251889496648301,0.6689508761784084,0.5079713634286909,0.85178531523168,0.6484974477768959,0.2679210846458146,0.0088346060334998,92.0715396650955,0.0139952579693913,81.27159451930781,2.75,28.37,118.9598,3.0,Crisis,Crisis,11,0,0
2022-05-26,0.0180481091885222,77.147193695677,-0.386578785496903,0.5267869528288808,0.456868873280859,,,0.620734036122972,0.6710716986179817,0.4880514273759634,0.8491549800027623,0.6552186957748264,0.2697762565262705,0.01998149493003,93.91126666811368,0.0277072435526333,83.52340638256514,2.75,27.5,118.7687,3.0,Crisis,Crisis,12,0,0
2022-05-27,0.0235867960076932,78.96684881594294,-0.3721101444436271,0.5295327950904914,0.4585336157357182,,,0.6194373044287046,0.6757318442650114,0.4727564246383181,0.8493416070137599,0.662579941254615,0.2684710464088909,0.0245490692284087,96.21670085487676,0.0326394664302212,86.24956580132658,2.74,25.72,118.2834,3.0,Crisis,Crisis,13,0,0
2022-05-31,0.0188010874750567,80.45151144816106,-0.360305132344611,0.5326504952352675,0.458686335519231,,,0.6125526235815548,0.6733393312562818,0.4545430017769635,0.855162182034989,0.6766131122401529,0.2817213757362231,-0.0056108402038455,95.67684432143882,-0.0026527473281254,86.02076749609515,2.85,26.19,118.0704,3.0,Crisis,Crisis,14,0,0
2022-06-01,-0.0146626606123767,79.27187824004393,-0.3696847610845212,0.5258810525448604,0.4514538696557894,,,0.6045107777768624,0.6673283012120819,0.4412302404510095,0.855105517431967,0.6787502469472727,0.2810756970668497,-0.0080886918447429,94.90294381104526,-0.0073958255650187,85.38457290472499,2.94,25.69,118.6954,3.0,Crisis,Crisis,15,0,0
2022-06-02,0.0362167632658797,82.14284908790526,-0.3468567832938428,0.5316799244129913,0.4558511415182342,,,0.6108290653744497,0.6720724006553227,0.4506082361536775,0.8706247688554732,0.658453690084432,0.2488631700479931,0.0190435604599275,96.710233759336,0.0273855782407754,87.72287880656253,2.92,24.72,118.0658,3.0,Crisis,Crisis,16,0,0
2022-06-03,-0.0338410141139036,79.3630517725652,-0.3689598121087963,0.5348563744237946,0.4579008612322598,,,0.6133979966652764,0.672185753997762,0.4590247830492168,0.8714246942691745,0.6589217733130789,0.2487432956417011,-0.0164114490766706,95.12307868280176,-0.0260194883777079,85.4403743809961,2.96,24.79,118.2153,3.0,Crisis,Crisis,17,0,0
2022-06-06,0.0149844734005,80.5522653108337,-0.359504007198694,0.5347849659711709,0.4587120687355446,,,0.6149139748227404,0.6748166424967814,0.4578950302555307,0.8736047747394456,0.6606450481653733,0.2627561034850681,0.0030446903026577,95.41269899802624,0.003331180219708,85.72499166609852,3.04,25.07,118.3081,3.0,Crisis,Crisis,18,0,0
2022-06-07,0.0002130760687215,80.56942907085275,-0.359367532830516,0.5329136764712601,0.4579333309705198,,,0.621153053616867,0.6836937648974801,0.458409640515975,0.8733793553087876,0.6592287327757038,0.2635813238886462,0.009592403909284,96.32793614489024,0.0086259218486905,86.46444874468993,2.98,24.02,118.4414,3.0,Crisis,Crisis,19,0,0
2022-06-08,-0.0108881452109847,79.69217742756317,-0.3663428321599289,0.5167028802921977,0.4553174260295777,,,0.6198485452892604,0.6825944610605913,0.4565073220763038,0.8738598414870218,0.6464953817694561,0.2612817488855922,-0.010872220302956,95.2806376017939,-0.0071970386712281,85.84216076338798,3.03,23.96,118.3951,3.0,Crisis,Crisis,20,0,0
2022-06-09,-0.0216127209775424,77.96981263272843,-0.3800378877238761,0.5197145812186834,0.4483481484671821,,,0.6144024225734985,0.6793108466055778,0.445644362595711,0.873978481117535,0.6476019575345362,0.2618207304406709,-0.0237829022431874,93.01458751204189,-0.0267844826663363,83.54292289638016,3.04,26.09,118.9226,3.0,Crisis,Crisis,21,0,0
2022-06-10,-0.0444975925173672,74.5003436815418,-0.4076247091721454,0.5124847671515014,0.4525610319301301,,,0.6192907803409607,0.6833968101216011,0.4524628591830719,0.8779985553868802,0.633403166181125,0.2623366999511982,-0.0289955276219205,90.3175804705949,-0.0352703843858434,80.59633189310796,3.15,27.75,119.9981,3.0,Crisis,Crisis,22,0,0
2022-06-13,-0.0875406722394151,67.97853351359217,-0.4594816403492349,0.5525888385528366,0.4739497767012312,,,0.6397944894692718,0.7002804232976937,0.4819880346484319,0.8898836277870926,0.6670226260917822,0.3195409825110293,-0.0379682753825253,86.88837770340396,-0.0464964331534571,76.84888993482622,3.43,34.02,121.1523,3.0,Crisis,Crisis,23,0,0
2022-06-14,0.0104025128988968,68.68568108531541,-0.4538588911408772,0.5483554815696968,0.4698018150524533,,,0.6403771406336173,0.6976537445775295,0.4902813751039725,0.8871324855413597,0.6662741717638727,0.3189151477978318,-0.003013258301954,86.62656057794585,0.0018154125921143,76.98840237730391,3.49,32.69,121.6669,3.0,Crisis,Crisis,24,0,0
2022-06-15,0.0346944998246086,71.06869643568301,-0.4349107985353527,0.561665209271768,0.4696780989421292,,,0.6458473185659263,0.7043686849915664,0.4940769984631682,0.8741542952098916,0.6806557910674105,0.3343095444705402,0.0142562086111015,87.86152689680728,0.0249719644441515,78.91095402408197,3.33,29.62,121.6403,3.0,Crisis,Crisis,25,0,0
2022-06-16,-0.0597157387376308,66.82477672690577,-0.4686555176534721,0.5622781719837163,0.4789288712662179,,,0.6555807566831222,0.7095638394710855,0.5148456644049535,0.8771992432769408,0.6813245264963265,0.3365906227895996,-0.0330960179690547,84.95366022384195,-0.0403464078238436,75.72718049125778,3.28,32.95,120.6714,3.0,Crisis,Crisis,26,0,0
2022-06-17,0.0085496782558791,67.39610706744176,-0.4641126932863727,0.5432452650892102,0.4789923169303673,,,0.6555580369656574,0.7090167492491034,0.5159897339742554,0.8780276519160752,0.6640813592983356,0.3408885699013201,0.0021556639752693,85.13679176875377,0.0121594798419693,76.6479836159304,3.25,31.13,121.2369,3.0,Crisis,Crisis,27,0,0
2022-06-21,0.0297238116865821,69.39937626232313,-0.4481840798963871,0.5535335910902411,0.4801216459994858,,,0.6522631734588148,0.7045327526211368,0.5157735035325904,0.8701729516709141,0.6780369573399728,0.3588344599144276,0.0251737388386359,87.2800031302997,0.0252297108187653,78.58179007740179,3.31,30.19,120.6427,3.0,Crisis,Crisis,28,0,0
2022-06-22,-0.0103850677710498,68.67865903657032,-0.4539147256238073,0.5205670839628384,0.4780060182791407,,,0.6500715111390161,0.7027759002038593,0.512381445098328,0.8707688844798286,0.6499028554061574,0.3297786494361567,-0.0018127843850141,87.1217833035011,-0.0014585258442293,78.4671765056881,3.16,28.95,120.5197,3.0,Crisis,Crisis,29,0,0
2022-06-23,0.0231148071368942,70.26615299462117,-0.4412920698263036,0.5200135385897109,0.4752017413778698,,,0.6457107428766458,0.6979634277325469,0.5085698977767245,0.8739794494189349,0.6525345358645587,0.3396640889806575,0.0098024341132396,87.97578884416161,0.0148927601038297,79.63576934141217,3.09,29.05,120.7622,3.0,Crisis,Crisis,30,0,0
2022-06-24,0.047704646272418,73.61817496815317,-0.4146391056477727,0.5180345508737189,0.4826635786262448,,,0.6518086412042463,0.7040733485809261,0.5152402951439764,0.8710690739245098,0.6494093746991645,0.3136428678091725,0.0317939408022525,90.77288586670436,0.034263512407852,82.3643705123505,3.13,27.23,120.4853,3.0,Crisis,Crisis,31,0,0
2022-06-27,-0.0151765607977844,72.50090425992707,-0.4235228708495546,0.5191930980948024,0.4779802478022356,,,0.6490710415108073,0.7027444609552964,0.5092137425614065,0.8683608451946984,0.6477444733790074,0.3113846963647128,-0.003819904757626,90.4261420881187,-0.0073314217679376,81.76052257347376,3.2,26.95,120.1736,3.0,Crisis,Crisis,32,0,0
2022-06-28,-0.0377909117971524,69.76102898182637,-0.4453084671903548,0.5122394716187973,0.4813721566006647,,,0.6497783633758971,0.7031076684892945,0.510796741444985,0.8679770133706618,0.6425458607711506,0.3091926762561762,-0.0204328678006733,88.57847668110725,-0.0304669016878149,79.26953277028336,3.2,28.36,120.62,3.0,Crisis,Crisis,33,0,0
2022-06-29,-0.0080315430980995,69.20074027099106,-0.4497634961422664,0.5123987459971011,0.4762995016799417,,,0.6443240736431127,0.6986330687807148,0.5028245165179819,0.8660026007040007,0.6401099904244913,0.3027697068728516,-0.0008142109356593,88.50635511672945,0.0009170288706215,79.3422252203944,3.1,28.16,120.9616,3.0,Crisis,Crisis,34,0,0
2022-06-30,-0.0159117773693659,68.09963349800373,-0.4585187368921489,0.5008179169394015,0.4763338410679754,,,0.6458027805304404,0.700695839742989,0.5030483346986626,0.8658623955679056,0.6289536357326424,0.301156091342572,-0.0081244752702628,87.78728742332248,-0.0124031830332353,78.35812907872165,2.98,28.71,120.9652,3.0,Crisis,Crisis,35,0,0
2022-07-01,-0.0045941952491211,67.78677048532032,-0.4610064075386071,0.4726482408751897,0.4757413253478979,,,0.6427328792680741,0.6970089752767671,0.5012508915356673,0.865299334949929,0.6077840776726464,0.2995745292781285,0.0105767064018205,88.71578778821119,0.0066005292083777,78.8753341984196,2.88,26.7,121.5058,3.0,Crisis,Crisis,36,0,0
2022-07-05,0.0307468958524087,69.87100325760358,-0.4444340276860812,0.4825608428595429,0.4773235702345623,,,0.6438050501236804,0.69661137532163,0.5056936957825175,0.8672539833128908,0.6117738315809932,0.3023719890789687,0.0018883347877218,88.88331289651181,0.0171197241155864,80.22565815942122,2.82,27.54,122.6203,3.0,Crisis,Crisis,37,0,0
2022-07-06,0.0114513291214645,70.67111911195333,-0.4380720588884279,0.4838069653684021,0.4711432563985814,,,0.6393687471437676,0.6902281740122073,0.5054604843863689,0.8679127481093558,0.6109361096999918,0.3034410804661264,0.0033774038156864,89.18350773663934,0.0064120794684185,80.74007145494562,2.93,26.73,123.0073,3.0,Crisis,Crisis,38,0,0
2022-07-07,0.0326338138104925,72.97738725483195,-0.4197342070832794,0.4930232825326495,0.4733868369064676,,,0.6404380871960639,0.6908612594498469,0.5075700779886361,0.8686471964250778,0.6179282827895224,0.3059712906757774,0.0149771773017501,90.519224944403,0.0213988581046593,82.46781678737005,3.01,26.08,122.7257,3.0,Crisis,Crisis,39,0,0
2022-07-08,-0.0005596187943527,72.9365477373614,-0.4200589347267156,0.4881988624384557,0.471736932394814,,,0.6418602492670484,0.691588441399544,0.5105992754169892,0.87028813238059,0.6085438739666729,0.3070312537895632,-0.0008225575582866,90.44476767175472,0.0012545958247704,82.57128056598943,3.09,24.64,122.4662,3.0,Crisis,Crisis,40,0,0
2022-07-11,-0.0409465817686071,69.95004542151361,-0.4438055389769013,0.5001495443609679,0.4754925073738595,,,0.6459885323539787,0.6934436709130093,0.5199949319600479,0.8749626886968671,0.6173702257397152,0.3171104416940079,-0.0114237310485374,89.41155097112515,-0.0213644689217349,80.80718900850948,2.99,26.17,123.2974,3.0,Crisis,Crisis,41,0,0
2022-07-12,-0.0162313677816681,68.81466050793263,-0.4528333358318939,0.4979674920758353,0.474761167168399,,,0.6449391758306379,0.6914248407595572,0.5211584783032166,0.8746513662297818,0.6087156213880163,0.3137629366591167,-0.0088486803836822,88.62037673397235,-0.0096874239159346,80.024375513129,2.96,27.29,123.4524,3.0,Crisis,Crisis,42,0,0
2022-07-13,0.011415481777412,69.60021301097973,-0.4465871647478755,0.4934822244103105,0.4739798938968186,,,0.6424563374607116,0.6899597158045481,0.5160875713662876,0.8753695868427921,0.5983997343850505,0.3240844401950485,-0.0052517750270766,88.15496245255076,-0.0020612959961119,79.85942158829242,2.91,26.82,123.2834,3.0,Crisis,Crisis,43,0,0
2022-07-14,0.0113601908781876,70.39088471594698,-0.4403002893049723,0.4909957631400462,0.4732948903510648,,,0.6419892553498263,0.6895934503915248,0.5154539249035264,0.8738723855848783,0.591061862426219,0.3099103308797566,-0.0024284685866662,87.940880895476,0.0035707733793435,80.14458148498967,2.96,26.4,124.0622,3.0,Crisis,Crisis,44,0,0
2022-07-15,0.0246750482269536,72.12778319105092,-0.4264896719509604,0.496756465987025,0.4705459781191231,,,0.6404657609875793,0.6879496794157969,0.51416814699376,0.872992825907254,0.5908994378680318,0.3006360016173158,0.0191051677100639,89.62100617355482,0.0181393452817948,81.59835172101084,2.93,24.23,123.4765,3.0,Crisis,Crisis,45,0,0
2022-07-18,0.0271246251413361,74.08422227238376,-0.4109334192879454,0.4912413680644353,0.4730337806317639,,,0.6311713769152815,0.6879104425611412,0.483534464104556,0.8598577714710748,0.5969482890242369,0.3532136628064813,-0.0082568971865877,88.88101473982123,-0.0084628182566234,80.90779970035588,2.96,25.3,122.7727,3.0,Crisis,Crisis,46,0,0
2022-07-19,0.0347600753373155,76.65939541987824,-0.3904574205636996,0.4940009555457494,0.4698501359133419,,,0.6284878731789189,0.6882035981936309,0.473947442343186,0.8565439601999927,0.601797016902665,0.3481257175664834,0.0270189151671838,91.28248333704968,0.0307532831770491,83.3959801757729,3.01,24.5,122.4819,3.0,Crisis,Crisis,47,0,0
2022-07-20,0.0180508075336896,78.04315941225147,-0.3794546847787062,0.494924809880611,0.4701123601603323,,,0.6294962024108426,0.6919364252941611,0.4687483194036792,0.8553066466021452,0.6066401878586721,0.3424266343157735,0.0063729813695256,91.86422490272072,0.0158566331504146,84.7183596396394,3.04,23.88,122.5997,3.0,Crisis,Crisis,48,0,0
2022-07-21,0.0205819312171368,79.64943835124248,-0.366682663783705,0.4987130978863331,0.4701420472522354,,,0.6297266364556405,0.6921390487313206,0.4691132085816434,0.8544936249167954,0.6102080646124663,0.3406420092087383,0.0101833435131342,92.79970986147296,0.0143551099176899,85.9345010043128,2.91,23.11,122.9032,3.0,Crisis,Crisis,49,0,0
2022-07-22,-0.0251108919786837,77.6493699086416,-0.3825858270016601,0.5031211727042039,0.4708964729755054,,,0.6301736330709806,0.6901031480185325,0.4753574341989867,0.8548835929865751,0.6141497921557545,0.3422325624917017,-0.009278020870165,91.93871221663294,-0.0175354763884875,84.42759859099522,2.77,23.03,122.451,3.0,Crisis,Crisis,50,0,0
2022-07-25,-0.0200567750244715,76.091973965592,-0.394969164166408,0.5025702279765962,0.4685711618846477,,,0.6289363440235988,0.687207450209829,0.4777804866750713,0.8567854877334528,0.6107116488145761,0.350666565192387,0.0012149499042493,92.05041314623736,-0.005695517848043,83.94673969635281,2.81,23.36,122.4594,3.0,Crisis,Crisis,51,0,0
2022-07-26,-0.0223652140485814,74.39016068047246,-0.4085008083158183,0.4895899033143892,0.463956353427779,,,0.6248061300750979,0.684615958260506,0.4698678172105056,0.8555368365546966,0.5994492019924772,0.3512562914416097,-0.0118310810645428,90.96135724627952,-0.0196486842077827,82.29729671778622,2.81,24.69,122.7581,3.0,Crisis,Crisis,52,0,0
2022-07-27,0.0600880006878552,78.86011670661036,-0.3729588044790334,0.4439512556274416,0.4751622620006364,,,0.6342674002461849,0.691336221252951,0.4860861519090203,0.8595773900668396,0.5587083831050096,0.2912269296706176,0.0259664309737455,93.32329905049326,0.0422591828060086,85.77511322422349,2.78,23.24,122.8169,3.0,Crisis,Crisis,53,0,0
2022-07-28,0.011710167955203,79.7835819182117,-0.3656160467646514,0.4440969837728919,0.4734661388774136,,,0.6295949771659336,0.6860064081808116,0.4825559659474465,0.8607800599225138,0.5555068945783858,0.29764521505775,0.0125423154567254,94.49378930664687,0.0097785356255688,86.61386822467377,2.68,22.33,122.1161,3.0,Crisis,Crisis,54,0,0
2022-07-29,0.010114336027285,80.5905398751929,-0.3591996742913117,0.4356329739628671,0.4738909926277342,,,0.619305573416795,0.6731307588455783,0.4776295442254877,0.860564521278996,0.5567753601282708,0.2829614320488147,0.0145789185801215,95.87140656727564,0.0182369017849599,88.1934368327026,2.67,21.33,121.7678,3.0,Crisis,Crisis,55,0,0
2022-08-01,-0.0013222793896967,80.4839766653114,-0.3600469913549072,0.3913879562193097,0.4722916913394056,,,0.6177829860140872,0.672063316082906,0.4750171433060807,0.859459074225532,0.5219552223614424,0.2691331362087785,-0.0029614667767986,95.58748658188168,-0.0006022519997416,88.14032215900602,2.6,22.84,121.4109,2.0,Elevated,Crisis,56,0,0
2022-08-02,-0.0066788880480073,79.94643319550534,-0.3643211658556334,0.3931830950390933,0.4720710646381215,,,0.6223175448465641,0.6759136650629013,0.4815033465208479,0.8586663121605026,0.5237703191065547,0.270757618552693,-0.0065971363407653,94.95688290042996,-0.0029816977436841,87.87751435929691,2.75,23.93,121.9486,2.0,Elevated,Crisis,57,0,0
2022-08-03,0.0185377226005351,81.42845799698584,-0.3525371279652335,0.3886290955474354,0.4695653033001193,,,0.6219036995601155,0.6779487141537552,0.4753693747261048,0.8583430612928824,0.5159785433586843,0.2551802731512866,0.0156593172142551,96.44384285144466,0.0272327306656983,90.27065903941468,2.73,21.95,122.3888,2.0,Elevated,Elevated,1,0,0
2022-08-04,0.0085740177209141,82.1266270388387,-0.3469857698267734,0.3857135463833814,0.4699069116582741,,,0.6212813533480788,0.6771948044358013,0.474949629036091,0.8592864299576121,0.5129226406970909,0.2503502146820066,-0.000675543292552,96.3786908602984,0.0046761242034898,90.69277585301386,2.68,21.44,121.8333,2.0,Elevated,Elevated,2,0,0
2022-08-05,-0.0007894164201404,82.0617949309235,-0.3475012699826575,0.3828493030499881,0.4673813704660572,,,0.6194914659212388,0.6777276121495932,0.467740142991649,0.8574961918726864,0.5105635313400164,0.2443735567752898,-0.0016900388620103,96.2158071272748,-0.0081686755754284,89.95193599003554,2.83,21.15,122.321,2.0,Elevated,Elevated,3,0,0
2022-08-08,-0.0001961448234199,82.04569893464723,-0.3476292542308387,0.3615022223047833,0.4659618668659009,,,0.6165303764584513,0.6750778473638201,0.4638226927656352,0.8579841501627805,0.4959751029375983,0.2415700543713507,-0.0011610196209506,96.10409868735444,-0.0032324045663272,89.66117494139138,2.77,21.29,121.8783,2.0,Elevated,Elevated,4,0,0
2022-08-09,-0.0217780686355972,80.25890207199295,-0.3618366291080551,0.3650136833001609,0.4668283851665071,,,0.6174276020690113,0.6741986936518772,0.4686521880678371,0.862070606686311,0.4986392734961056,0.2380957223605425,-0.0039710762792839,95.72246198071514,-0.0113188202033327,88.6463162230102,2.8,21.77,121.8614,2.0,Elevated,Elevated,5,0,0
2022-08-10,0.0388371898723801,83.37593229071169,-0.3370521571031266,0.3568917723758861,0.4711033039458139,,,0.6230457415156135,0.6793569030610112,0.4755719591318563,0.8642618231830609,0.4888494814164004,0.2391388245640611,0.0210041784277135,97.7330336516981,0.0279111581842257,91.12053757755952,2.78,19.74,120.7543,2.0,Elevated,Elevated,6,0,0
2022-08-11,-0.0045012368319657,83.00063747338525,-0.3400362423512463,0.3558132641733402,0.4709822874471473,,,0.6250555056330251,0.680779763624062,0.479055155597089,0.8647117264857745,0.4866795166678869,0.2355221741563202,0.0,97.7330336516981,-0.0056761503525767,90.60332370606169,2.87,20.2,120.7163,2.0,Elevated,Elevated,7,0,0
2022-08-12,0.0272772033820523,85.26466274258678,-0.3220342767090777,0.3543782789162872,0.4713177462848912,,,0.6255791555075236,0.6799209721554248,0.4827717823113954,0.8657261707729086,0.4851840150414703,0.2350677491559715,0.0169289240163734,99.38754875227735,0.0194705915536057,92.36742401534154,2.84,19.53,121.018,2.0,Elevated,Elevated,8,0,0
2022-08-15,0.0012980336579778,85.37533914466277,-0.3211542543812908,0.3530020762643351,0.4691230252019893,,,0.6239639063892101,0.6784343217685916,0.4807684409023475,0.8654313504137923,0.4808388829145203,0.2375482470327543,0.0041208387429119,99.7971088137388,0.0080813097764984,93.11387378206668,2.79,19.95,121.4315,2.0,Elevated,Elevated,9,0,0
2022-08-16,-0.0068091440565961,84.79400616154601,-0.3257766128554161,0.3486877788572648,0.4649160593751545,,,0.6205815244177489,0.6759839606032115,0.4750895762420178,0.8638754805625211,0.4768848508167332,0.2343519736967156,0.0019587591936305,99.99258731812546,-0.0023420500240756,92.89579643173364,2.82,19.69,121.6807,2.0,Elevated,Elevated,10,0,0
2022-08-17,-0.0177920210279873,83.28534942087249,-0.3377724095370534,0.3554635082133017,0.4656207759200914,,,0.6211024889302382,0.676151055978254,0.4764559889704965,0.86410014164581,0.4816085191922807,0.2360355730172121,-0.0070980751736213,99.28283241653652,-0.0114059295797749,91.83623351937617,2.89,19.9,122.0711,2.0,Elevated,Elevated,11,0,0
2022-08-18,0.0061455092870192,83.7971803092111,-0.3337026837297431,0.3462121978073149,0.4644979075312042,,,0.6192521439755828,0.6742725103808631,0.4745094454123732,0.8646797982389217,0.4741376435086245,0.2362305610394104,0.0029065334253992,99.57140128752349,0.0024049377271126,92.05709394208284,2.88,19.56,122.3627,2.0,Elevated,Elevated,12,0,0
2022-08-19,-0.0388265944318687,80.5436211748112,-0.3595727393996109,0.3684552525173806,0.4655538870153717,,,0.6200082214593208,0.6750886521338736,0.4751998191942672,0.864319181825774,0.4921894968803079,0.2524268872535372,-0.0134382756430462,98.23333335085736,-0.0194968991734395,90.2622660632942,2.98,20.6,123.0501,2.0,Elevated,Elevated,13,0,0
2022-08-22,-0.0279189717954989,78.29492608692429,-0.3774528100253818,0.3565186196991169,0.4676580458355442,,,0.621647857439373,0.6799092635117301,0.4696167529124286,0.8629652128110411,0.4863667513464749,0.2302176943325729,-0.0208223574282975,96.18788377245272,-0.0263274603565826,87.88588983181751,3.03,23.8,123.605,2.0,Elevated,Elevated,14,0,0
2022-08-23,0.0014333762336045,78.4071521731891,-0.3765604656789749,0.3514453921595059,0.4663052345325991,,,0.6203958678661393,0.6788719323108267,0.4677867512795969,0.8628703611002231,0.4804636926834782,0.2287840283378055,-0.0024193759328078,95.95516912142593,-0.0008269239425152,87.81321488530632,3.05,24.11,123.0547,2.0,Elevated,Elevated,15,0,0
2022-08-24,0.0013882864786155,78.51600376237789,-0.3756949530032427,0.35095554291384,0.4639802478460535,,,0.6182697640060848,0.6764919486783024,0.4661324169979755,0.8625535056001074,0.4777434152775497,0.225247766349208,0.003201202462437,96.262341045101,0.0028971274098212,88.06762095709507,3.11,22.82,123.109,2.0,Elevated,Elevated,16,0,0
2022-08-25,0.0184588573010042,79.96531947167274,-0.3641709952284327,0.3528016203932486,0.4648801944651728,,,0.6177214153338091,0.6757267323506952,0.4660375836151731,0.8627927955223349,0.4788917172437295,0.220587972278945,0.014117427870615,97.62131770146176,0.0176819555509444,89.62482871633584,3.03,21.78,123.0586,2.0,Elevated,Elevated,17,0,0
2022-08-26,-0.0559834801595821,75.48858259557572,-0.3997669157019485,0.3883713284510346,0.4716022985304779,,,0.6235596930325131,0.6803395302934894,0.4749638519906708,0.8652030045259722,0.5047972948606356,0.2286305851663448,-0.0338490496101142,94.31692887558026,-0.040987991970495,85.95128695655367,3.04,25.56,123.0656,2.0,Elevated,Elevated,18,0,0
2022-08-29,-0.0083759346865811,74.85629515817259,-0.4047944288127542,0.3818366379917153,0.4681710275522319,,,0.6427672612341545,0.7050952752054188,0.482496841762602,0.8653430643131875,0.4764224007527608,0.1604888700082222,-0.0066119528596068,93.69330978799204,-0.0098557333969793,85.10417398718262,3.12,26.21,123.4686,2.0,Elevated,Elevated,19,0,0
2022-08-30,-0.0147672002516857,73.75087725747255,-0.4135839486733953,0.3701651757283781,0.4668593831780503,,,0.6435310422087676,0.7060118298009893,0.482961905091524,0.8652405332396604,0.464034271991894,0.1624563802439533,-0.0109779482339559,92.66474948327146,-0.0111366590804314,84.15639781516563,3.11,26.21,123.6848,2.0,Elevated,Elevated,20,0,0
2022-08-31,-0.0039579521536023,73.45897481400127,-0.4159049553466505,0.3657790496749206,0.4656293792563401,,,0.6422349602851071,0.7042342743962523,0.4826957717789942,0.8653467939867209,0.4554732821718466,0.1614773265197717,-0.0076088909608423,91.95967350853948,-0.0058130828370025,83.66718970340234,3.15,25.87,123.535,2.0,Elevated,Elevated,21,0,0
2022-09-01,-0.0028688238175939,73.24823395743883,-0.4175806211224906,0.3595947105344754,0.4650112273526534,,,0.6398796142545178,0.7016291983254338,0.4807600826216988,0.8654371462647453,0.4505879131537535,0.1626722348204969,0.0031376669654687,92.24821233826252,0.0004341005092263,83.70350967305814,3.26,25.56,124.4006,2.0,Elevated,Elevated,22,0,0
2022-09-02,-0.0121439568980371,72.35871056140235,-0.4246534969561606,0.3544496041633488,0.4588809222580072,,,0.6342451881399833,0.695980550670853,0.4748020418120474,0.8651546944785803,0.4447755746611753,0.160023413421729,-0.0105444437361407,91.27550625350216,-0.0141281795304715,82.52093146106661,3.2,25.47,123.7743,2.0,Elevated,Elevated,23,0,0
2022-09-06,-0.0138032684853244,71.35992385227144,-0.4325951592097672,0.3521539713705599,0.4593216853685043,,,0.6393555432525173,0.7020972070207074,0.4781394836329782,0.8616382056589456,0.4414644169196137,0.151644801312196,-0.0037731157439623,90.93111320381894,-0.007182079502608,81.92825957068395,3.33,26.91,124.767,2.0,Elevated,Elevated,24,0,0
2022-09-07,0.0232932371983268,73.02212748501694,-0.4193784636657615,0.3539560283567105,0.4543261994408414,,,0.6422125269490419,0.7025431051666999,0.4867489989652073,0.8625952090885288,0.4412494691721912,0.1553747377359943,0.0179649878030097,92.56468954343964,0.0202011386447871,83.58330370119744,3.27,24.64,124.8408,2.0,Elevated,Elevated,25,0,0
2022-09-08,0.0086542136385209,73.65407657661159,-0.4143536408471987,0.3057064349363512,0.4481184482595006,,,0.6396552199195336,0.6981883993450474,0.4882502932513254,0.8620678400496771,0.4026094976782808,0.1390578757651111,0.006536305134456,93.16972059897176,0.0051845925406577,84.0166490740902,3.29,23.61,124.578,2.0,Elevated,Elevated,26,0,0
2022-09-09,0.0332366216885849,76.10208925561048,-0.39488873436474,0.320176313536907,0.4501813024274677,,,0.64393233735324,0.7001375948583684,0.4985570494164337,0.8573776437258404,0.4091594793180811,0.1404534871292891,0.0155352847262271,94.6171387363398,0.0218622473001881,85.85344183348109,3.33,22.79,123.7874,2.0,Elevated,Elevated,27,0,0
2022-09-12,0.0155732631733009,77.28724711962614,-0.3854651773758728,0.3222627162372281,0.4510487518589633,,,0.6438575180372674,0.6997415825342117,0.4994176908448624,0.8545126685302971,0.3996234993945196,0.1484292198966491,0.0107475697098573,95.63404303065586,0.0118856605086095,86.8738666966095,3.37,23.87,123.3332,2.0,Elevated,Elevated,28,0,0
2022-09-13,-0.068159448368161,72.01939099005868,-0.427351531888959,0.3762012141962204,0.4586569770396279,,,0.65058539868314,0.7069942629720105,0.5053632646018958,0.8546071597913357,0.4440969083742985,0.1534411007484416,-0.0434824435428816,91.47564115379784,-0.0548366980980012,82.10999069596151,3.42,27.27,124.4242,2.0,Elevated,Elevated,29,0,0
2022-09-14,0.0078553927627436,72.5851315928192,-0.4228531532569634,0.3774638990586679,0.4481557781528822,,,0.6367097031752884,0.6914947896071483,0.4944537884718367,0.853070398611968,0.4476686911590344,0.1484845372207942,0.0038158459618922,91.82469810970608,0.0079326852104795,82.76134340478798,3.41,26.16,124.4509,2.0,Elevated,Elevated,30,0,0
2022-09-15,-0.0280784838128693,70.54705115033522,-0.4390585616508864,0.3785959787042288,0.4500438551929821,,,0.6255704249631701,0.6765758867901679,0.4915858798447959,0.8501474377938564,0.4580967235858449,0.1604174915797253,-0.0113532304811294,90.78219114820644,-0.0166535293101225,81.38307494665122,3.45,26.27,124.8843,2.0,Elevated,Elevated,31,0,0
2022-09-16,-0.006829512047395,70.06524921459581,-0.4428895179619747,0.3766038723852608,0.4354442910108014,,,0.6149086565453777,0.6693076697954677,0.4731533547270403,0.8372727200672889,0.4562974043408335,0.160166127283082,-0.0076288507640764,90.08962735990092,-0.006114844483445,80.8854300997679,3.45,26.3,124.8794,2.0,Elevated,Elevated,32,0,0
2022-09-19,0.004628228346002,70.3895271870805,-0.4403110834371515,0.3774571160549447,0.4334559950798059,,,0.6127496236385852,0.6679348939103332,0.4691694939686957,0.834967109175746,0.4523180351708826,0.1546806745048291,0.0077547730385461,90.78825197320414,0.0077875835790555,81.5153321469977,3.49,25.76,125.0104,2.0,Elevated,Elevated,33,0,0
2022-09-20,-0.016303186603997,69.2419535903824,-0.4494357962840646,0.3786261440421653,0.4246831754504226,,,0.607465482319934,0.6646023142325105,0.4588589580850606,0.8367742289028599,0.4508328759984086,0.1518016930712546,-0.0114786209970438,89.7461280378196,-0.0079711217010041,80.86556351395619,3.57,27.16,125.1248,2.0,Elevated,Elevated,34,0,0
2022-09-21,-0.0188214628821937,67.93871873099043,-0.4597982200085686,0.3776077251114388,0.42553715927708,,,0.6115464301897643,0.668511052089303,0.4632483476722952,0.8422559014679472,0.4494564270655344,0.151571210825205,-0.0174435973948834,88.18063271257822,-0.0179060805781201,79.4175782176802,3.51,27.99,125.7399,2.0,Elevated,Elevated,35,0,0
2022-09-22,-0.0010129199301696,67.86990224875763,-0.460345401157835,0.354097959562784,0.4188704650491147,,,0.6032433831846785,0.6603816895115682,0.4537791178273732,0.8453666421031208,0.4371456128669114,0.1516072469445978,-0.0084000297071832,87.43991277819435,-0.0123076628080579,78.44013344394443,3.7,27.35,126.1667,2.0,Elevated,Elevated,36,0,0
2022-09-23,-0.0156787426670679,66.8057875165603,-0.4688065067421811,0.3550056358362529,0.419529846031041,,,0.6053794085038756,0.6620806255566742,0.4568687393082589,0.848496849590172,0.4405579713301509,0.151498104535813,-0.0167548754616757,85.97486792921592,-0.0162817342860329,77.16299203384915,3.69,29.92,127.2853,2.0,Elevated,Elevated,37,0,0
2022-09-26,-0.009118144102085,66.19664271913102,-0.473650005559796,0.3398500020958751,0.4154106920469621,,,0.6024703294405872,0.6595476916723829,0.4528995425668607,0.8483244544336342,0.4287611791534711,0.1494763890384076,-0.0098925798226173,85.12435468548716,-0.0041377758451066,76.84370886927535,3.88,32.26,128.4539,2.0,Elevated,Elevated,38,0,0
2022-09-27,-0.0001655635174265,66.18568297012062,-0.4737371499162728,0.3395217661166529,0.4033773020964479,0.0444334886041845,0.0644594843296095,0.5880968217993344,0.6456341583906023,0.436668818483464,0.8457100908430167,0.4284016495236938,0.1493987375806487,-0.0025529533124339,84.90703618222403,0.000400668220746,76.87449770138352,3.97,32.6,128.4386,2.0,Elevated,Elevated,39,0,0
2022-09-28,0.0189789382172086,67.44181695807431,-0.4637492397985215,0.3485624273754351,0.4046998778108003,0.0444334886041845,0.0644594843296095,0.5900715380313281,0.6460428521083508,0.4424862045324936,0.8448555478180512,0.4395283673116457,0.151079989140097,0.0196768125074522,86.57773601374512,0.0198921885050404,78.40369970088975,3.72,30.18,128.0884,2.0,Elevated,Elevated,40,0,0
2022-09-29,-0.026396481847495,65.66159026097841,-0.4779043732558853,0.3516772360816675,0.4066905273857165,0.0444334886041845,0.0644594843296095,0.5935198688373081,0.6532170533698187,0.4375060980321932,0.8443249722761598,0.4461206471919633,0.146231542433445,-0.0208891655524078,84.76919935300134,-0.0288273364752003,76.14352986871164,3.76,31.84,127.5437,2.0,Elevated,Elevated,41,0,0
2022-09-30,-0.0144715079472546,64.71136803568727,-0.4854598842675398,0.3497192655604103,0.4068374221926655,0.0444334886041845,0.0644594843296095,0.5966202401559488,0.6569289833466136,0.439385462476361,0.8443358936764863,0.4431148560043239,0.146477654065938,-0.0154634941771687,83.45837133240293,-0.016956831972312,74.85237682694917,3.83,31.62,127.5148,2.0,Elevated,Elevated,42,0,0
2022-10-03,0.01975493422275,65.98973685469646,-0.4752951781262787,0.3465420719282188,0.4065724130483786,0.0444334886041845,0.0644594843296095,0.594218959413045,0.6523953265387717,0.4418036815331583,0.8442752782109048,0.4468389901225351,0.1197659433668723,0.0264013545829209,85.66178538686279,0.0234605096484217,76.60845173570512,3.67,30.1,127.0813,2.0,Elevated,Elevated,43,0,0
2022-10-04,0.0340558855092358,68.2370757778046,-0.4574258907864033,0.3593922537477938,0.4101072872212631,0.0444334886041845,0.0644594843296095,0.5985587777476693,0.6558443361300712,0.4484673960804638,0.8449349593716904,0.4564829158517534,0.1151673933759006,0.0309863778192358,88.31613383353042,0.0314408568689079,79.01708710167607,3.62,29.07,126.1819,2.0,Elevated,Elevated,44,0,0
2022-10-05,-0.0010536274043751,68.16517932477069,-0.4579975617367751,0.3591184164989708,0.408861252788307,0.0444334886041845,0.0644594843296095,0.6003707894294444,0.6507214753051599,0.4664043797920257,0.8475929283406819,0.4570814296080384,0.1139748282343317,-0.0023282828669367,88.11050889225172,-0.0005316399419759,78.97507846207422,3.76,28.55,126.8616,2.0,Elevated,Elevated,45,0,0
2022-10-06,-0.0057863828896631,67.770749497455,-0.4611337953716973,0.3587146826072686,0.4068003324413414,0.0444334886041845,0.0644594843296095,0.6021895990292381,0.6458303449258502,0.484031874736175,0.8471293570437618,0.456634679518529,0.1139157170153481,-0.0103156931284372,87.2015879211288,-0.0078728997224803,78.35331558876729,3.83,30.52,127.2493,2.0,Elevated,Elevated,46,0,0
2022-10-07,-0.0454475175987309,64.69073716699023,-0.4856239266899034,0.3705726816828221,0.4119538909211145,0.0448558897145958,0.0644594843296095,0.6116342343420909,0.6564596885296248,0.4917306447827488,0.8412971811685299,0.4677204642837229,0.1188545367179109,-0.0278938563633438,84.76919935300134,-0.0381041823344435,75.36772656506471,3.89,31.36,127.3111,2.0,Elevated,Elevated,47,1,0
2022-10-10,-0.0173181713928648,63.57041189320152,-0.4945319796878765,0.3417805537467257,0.4122073840732519,0.0448558897145958,0.0644594843296095,0.6170025670994257,0.6606095896467328,0.5003829172235664,0.8400515260815672,0.4460736450957607,0.1075489059917118,-0.0076353976044195,84.12195281133286,-0.0099963038583749,74.61432786920541,3.89,32.45,127.3111,2.0,Elevated,Elevated,48,0,0
2022-10-11,-0.0182451612804943,62.410559475542605,-0.5037543252406034,0.3436976912782121,0.4079200730702902,0.0448558897145958,0.0644594843296095,0.6130370183698387,0.6541593446621117,0.5019670970275258,0.8398044182749796,0.4490434685578608,0.109077768299129,-0.0063329992516641,83.58920854713017,-0.0137380392554279,73.5892733039209,3.93,33.63,127.6641,2.0,Elevated,Elevated,49,0,0
2022-10-12,0.0045940481973122,62.69727659379447,-0.501474548693051,0.3438953774147391,0.4046738402190889,0.0448558897145958,0.0644594843296095,0.6098091380647813,0.6505915021973422,0.4993121825803315,0.8398807256919,0.4493975672868331,0.108151412772904,-0.0032984067539035,83.31349733710486,-0.0003425116546131,73.56406812015979,3.91,33.57,128.1481,2.0,Elevated,Elevated,50,0,0
2022-10-13,0.0220808764091482,64.08168740945223,-0.4904666698159273,0.3528553921683602,0.4057044961674804,0.0448558897145958,0.0644594843296095,0.6116513492688807,0.6541338004520534,0.4974517064056186,0.8377602008067687,0.4579571625678871,0.1061931574392283,0.0263911034571784,85.51223246470775,0.0234524797952981,75.28932794140776,3.97,31.94,127.7286,2.0,Elevated,Elevated,51,0,0
2022-10-14,-0.0281443279501078,62.2781513834043,-0.5048071429621386,0.3595061211099021,0.4079930995703174,0.0448558897145958,0.0644594843296095,0.6143384228960408,0.657477176048434,0.4986626021555148,0.8396193736701733,0.4616709240661145,0.1055724176297308,-0.0227886600790271,83.56352326647077,-0.0300578595735653,73.02629189475682,4.0,32.02,128.3325,2.0,Elevated,Elevated,52,0,0
2022-10-17,0.0384764535325744,64.67439378120248,-0.4857538780086585,0.3802754677483071,0.413453935696371,0.0448558897145958,0.0644594843296095,0.6216148782466417,0.6671823334787476,0.5006990660286045,0.8404911283934945,0.4796790194319122,0.1066752030763868,0.0256968521724578,85.71084277085902,0.0330216557225662,75.43774096440112,4.02,31.37,127.6448,2.0,Elevated,Elevated,53,0,0
2022-10-18,-0.0009791673673445,64.61106672530916,-0.4862574110300958,0.3790574206180141,0.4121189362868825,0.0448558897145958,0.0644594843296095,0.6203213345155644,0.663957235371364,0.5037931494265284,0.8409875808981204,0.4793213200029336,0.1049821757033244,0.0117496603479632,86.71791606155429,0.007908063440384,76.03430740574686,4.01,30.5,127.9153,2.0,Elevated,Elevated,54,0,0
2022-10-19,0.0039413023274439,64.86571847297225,-0.4842325961684817,0.3714538988514914,0.4058146489696551,0.0448558897145958,0.0644594843296095,0.6087300368402664,0.6516575368242512,0.4931904014260249,0.8393620686144198,0.4794220292989515,0.112644704301868,-0.0070863855190145,86.10339947693657,-0.0036467028428673,75.75703288077487,4.14,30.76,128.3968,2.0,Elevated,Elevated,55,0,0
2022-10-20,-0.0025551162632636,64.69997902077367,-0.4855504418500729,0.3696377263104705,0.3786303393578937,0.0448558897145958,0.0644594843296095,0.5850213857238592,0.6323027647994763,0.4602586520612869,0.8016141230158408,0.4804349662524111,0.1112405288633179,-0.0083854033831198,85.38138773966455,-0.0051017968001075,75.37053589283809,4.24,29.98,128.0052,2.0,Elevated,Elevated,56,0,0
2022-10-21,0.0253062304887019,66.33729160248755,-0.47253166275672,0.3633480775605493,0.3806354100426276,0.0448558897145958,0.0644594843296095,0.5933998903241235,0.6442344970746311,0.4606654341363283,0.8052054968732881,0.4747576459511642,0.1116420504295278,0.0243016082616707,87.45629277735169,0.023447504204596,77.13778685008806,4.21,29.69,127.6735,2.0,Elevated,Elevated,57,0,0
2022-10-24,0.0076831967835412,66.84697406795662,-0.4684790197245925,0.3603029177237998,0.3763028447046497,0.0448558897145958,0.0644594843296095,0.5912192507361956,0.6418239295442304,0.45782665085372,0.8209444906921136,0.4706760520443247,0.1127710864382143,0.0122362540191682,88.52643019135013,0.0110011034800125,77.98638762544505,4.25,29.85,128.0304,2.0,Elevated,Elevated,58,0,0
2022-10-25,0.0342281669475108,69.13502345629057,-0.4502860308756212,0.3236217494178023,0.3670964823258308,0.0448558897145958,0.0644594843296095,0.5801838743930321,0.6338225041674208,0.4396134861530007,0.8113876558898999,0.4434394373572282,0.1217300209998116,0.0159686971863217,89.94008194806185,0.0206860207227173,79.59961565595486,4.1,28.46,127.3771,2.0,Elevated,Elevated,59,0,0
2022-10-26,-0.0123218262713469,68.28315370799666,-0.4570595109021045,0.3240203665321123,0.3674847307015021,0.0448558897145958,0.0644594843296095,0.5675866273549756,0.6227231729525047,0.4227870831348932,0.8098006947427,0.4565075477144742,0.1125116753904672,-0.0075342746577001,89.26244866792908,-0.0220960925883331,77.84077517842515,4.04,27.28,126.4723,2.0,Elevated,Elevated,60,0,0
2022-10-27,-0.0289783712675459,66.30441912852743,-0.4727930419713663,0.3246636101325038,0.3673544988500577,0.0448558897145958,0.0644594843296095,0.5587910610429364,0.6107498407117795,0.4192783513288339,0.8329244183449633,0.4586964783266767,0.1416413685653524,-0.0053399523714648,88.78579144348201,-0.0182060135644801,76.42360496965709,3.96,27.39,126.7028,2.0,Elevated,Elevated,61,0,0
2022-10-28,0.0317222024108921,68.40774133285919,-0.4560688761363514,0.3384722389153827,0.3708031869088841,0.0448558897145958,0.0644594843296095,0.5524113603099061,0.6014417357129309,0.4194745907326792,0.8303997648624443,0.4784704308369243,0.1376542283138304,0.0237907873094258,90.89807532381292,0.0306005384588077,78.7622084326918,4.02,25.75,127.2135,2.0,Elevated,Elevated,62,0,0
2022-10-31,-0.0126495977743402,67.54241092034742,-0.4629493860701712,0.3398641945349232,0.3693790542441034,0.0448558897145958,0.0644594843296095,0.5535307747817115,0.6035303685296965,0.418746851402333,0.8253038442929084,0.4787404144712208,0.1388497024605866,-0.0072234410104652,90.24147843874655,-0.0116279224814057,77.84636757857214,4.1,25.88,127.6219,2.0,Elevated,Elevated,63,0,0
2022-11-01,-0.0103671846166604,66.84218627688183,-0.4685170889332726,0.3379953054823449,0.3607482363731326,0.0448558897145958,0.0644594843296095,0.5415870083923294,0.5910656258982653,0.4067742770353352,0.8320263660394865,0.4777091420575872,0.1414256123339969,-0.0043757859528433,89.84660104503047,-0.010217767533703,77.0509514913111,4.07,25.81,127.3987,2.0,Elevated,Elevated,64,0,0
2022-11-02,-0.0380485312486049,64.29893926360081,-0.4887392330830946,0.3511635524145881,0.3653273190740804,0.0448558897145958,0.0644594843296095,0.5489480312580074,0.5992282895064466,0.4125516595091552,0.8350845687954088,0.4873842849592604,0.1395933972236408,-0.025095936736088,87.59181642925184,-0.0342772136157923,74.40985956774337,4.1,25.86,127.3115,2.0,Elevated,Elevated,65,0,0
2022-11-03,-0.0166054484135625,63.23122654461231,-0.4972289473740117,0.353835800009027,0.3609921217775187,0.0448558897145958,0.0644594843296095,0.541179518114933,0.5925620302122669,0.4016386935083865,0.8359039638064442,0.4870998520432001,0.1371444015528641,-0.0102971250551,86.68987254167646,-0.0195347458638817,72.95628187132037,4.14,25.3,128.1743,2.0,Elevated,Elevated,66,0,0
2022-11-04,0.0240409066868878,64.7513625616688,-0.4851418754129618,0.3592914333548544,0.3631644371413384,0.0448558897145958,0.0644594843296095,0.5379098762050498,0.5866381246158855,0.4041270877555026,0.8391630085690078,0.5002545207320996,0.1334148063306313,0.0143932484854376,87.93762141833973,0.0160851309466028,74.12979321859783,4.17,24.55,127.1468,2.0,Elevated,Elevated,67,0,0
2022-11-07,0.0021568183325171,64.89101948749727,-0.4840314199712071,0.3585064221145106,0.3622476775888523,0.0448558897145958,0.0644594843296095,0.5299748446827762,0.5835253896942001,0.3847520630204064,0.8340474942184882,0.5122250215118099,0.1400344663983317,0.0095653643622366,88.77877680835458,0.0109947375715948,74.9448308412729,4.22,24.35,126.3062,2.0,Elevated,Elevated,68,0,0
2022-11-08,-0.0197855591538957,63.60711438287079,-0.4942401468329184,0.3628699562623416,0.3636494150830338,0.0448558897145958,0.0644594843296095,0.5249208778831218,0.5868964435729569,0.358623950051002,0.8502299962206861,0.5387769263770553,0.151819708677261,0.0053955232384372,89.2577847617041,0.0072869744383106,75.49095190789677,4.14,25.54,125.633,2.0,Elevated,Elevated,69,0,0
2022-11-09,-0.0638058005726533,59.54861152755539,-0.5265105591617516,0.4004941445271084,0.3749282346818196,0.0453132035643952,0.0660261609483622,0.5207150620740291,0.5841665728675371,0.3510050208954221,0.8455628019803462,0.5948034679989154,0.259812001811325,-0.0206020501500627,87.41889140375996,-0.0230763353920111,73.74889738260796,4.12,26.09,125.9861,3.0,Crisis,Elevated,70,1,0
2022-11-10,0.1080731311681988,65.984216432057,-0.4753390727152825,0.5094593639837436,0.416888713110019,0.0453132035643952,0.0660261609483622,0.5664495416535732,0.6214149917243558,0.4186628156547444,0.8594596791586194,0.6732229256687963,0.3001706272202399,0.0549540964559485,92.22291759403429,0.0737884479735393,79.19071406023043,3.82,23.53,124.7044,3.0,Crisis,Elevated,71,0,0
2022-11-11,0.0153690272906044,66.99832965515043,-0.4672755446055299,0.5091028127855076,0.4140034072724504,0.0453132035643952,0.0660261609483622,0.5623154704121424,0.6214271983776783,0.4045863894205276,0.8593412064925993,0.6760934515315894,0.3027090851895798,0.0096784893259898,93.11549611757977,0.0184262462775621,80.64990166040023,3.82,22.52,124.7044,3.0,Crisis,Crisis,1,0,0
2022-11-14,-0.0131852752596335,66.11493823671158,-0.4742996631874445,0.5078714451514089,0.4145373085561958,0.0453132035643952,0.0660261609483622,0.5610089238586211,0.6204598879425836,0.4025895561983859,0.8565156958234684,0.6722524761228962,0.3128850677133018,-0.0085066185441188,92.32339811156112,-0.0087510509768822,79.94413025968954,3.88,23.73,123.4277,3.0,Crisis,Crisis,2,0,0
2022-11-15,0.0198131976919649,67.4248865783876,-0.4638838584874448,0.501341529294401,0.410303852209192,0.0453132035643952,0.0660261609483622,0.5579836204783392,0.619375921112815,0.3951515688175099,0.8517338731841173,0.6659249113081578,0.315490869771477,0.0085290035417255,93.11082470103878,0.0138382739110543,81.05041903180413,3.8,24.54,123.039,3.0,Crisis,Crisis,3,0,0
2022-11-16,-0.0223412818144774,65.91852818603067,-0.475861380290267,0.5055362983991245,0.4111114183041947,0.0453132035643952,0.0660261609483622,0.5586109609827867,0.6207714324940067,0.3940214567912293,0.8518370209634504,0.6713347171780769,0.3145438989717615,-0.0076287389524076,92.40050652575115,-0.0136493899146959,79.94413025968953,3.67,24.11,123.2817,3.0,Crisis,Crisis,4,0,0
2022-11-17,-0.008651281623731,65.34824843447146,-0.4803958510992496,0.5058580156369226,0.4108844278287005,0.0453132035643952,0.0660261609483622,0.5587577309639502,0.6198887371778034,0.3967559894727379,0.8491986358472726,0.6724811789748296,0.3152151996067844,-0.0030597054655536,92.1177881909144,-0.0022073233038408,79.76766771796203,3.77,23.93,123.977,3.0,Crisis,Crisis,5,0,0
2022-11-18,-0.0056860497719716,64.97667504136187,-0.4833503461516224,0.4881316668203845,0.410496235782735,0.0453132035643952,0.0660261609483622,0.5603641977831545,0.6219040398844919,0.397563247874073,0.8484839728725652,0.6514047760839634,0.3191826371860628,0.0045402955818927,92.53603017765133,3.5109162064950183e-05,79.77046829393547,3.82,23.12,123.8524,3.0,Crisis,Crisis,6,0,0
2022-11-21,-0.029165926378012,63.081570120817496,-0.4984189119189895,0.4930921096799191,0.4110104890278757,0.0453132035643952,0.0660261609483622,0.559422535321874,0.6196354992224818,0.3994436343749754,0.851652313004084,0.653392757030325,0.3258447111135938,-0.0036360935916094,92.1995605113294,-0.0102868427548751,78.949882030113,3.83,22.36,124.7009,3.0,Crisis,Crisis,7,0,0
2022-11-22,0.024407478667383,64.6212321978464,-0.4861765822116894,0.4947214878168776,0.410505901213639,0.0453132035643952,0.0660261609483622,0.5724391836677283,0.6226091393886379,0.4361398419730273,0.8609808588564062,0.6531201207901367,0.3279298049562139,0.0134571330380621,93.44030226318122,0.0144028569819625,80.08698588973554,3.76,21.29,124.2365,3.0,Crisis,Crisis,8,0,0
2022-11-23,0.025818532460452,66.2896575789809,-0.4729104156205815,0.499629988803312,0.4085568011794694,0.0453132035643952,0.0660261609483622,0.567883197654692,0.6154529020850156,0.4371990156750328,0.8632062722882551,0.6602540981411062,0.3427208314607839,0.0063015237436616,94.02911854650758,0.0100361537577222,80.89075119411746,3.71,20.35,123.7574,3.0,Crisis,Crisis,9,0,0
2022-11-25,-0.0076694808971221,65.78125031650214,-0.4769529191190514,0.4968419317748618,0.4073746968517451,0.0453132035643952,0.0660261609483622,0.5688538698082621,0.6142758688343049,0.4432270694266627,0.8634859096207603,0.65726983818455,0.3438810905223313,-0.000223881878547,94.00806713080924,-0.0065779081477429,80.35865926276063,3.68,20.5,123.3386,3.0,Crisis,Crisis,10,0,0
2022-11-28,-0.0186657677924508,64.55339277299723,-0.4867159944752945,0.492696841814686,0.4066237158586062,0.0453132035643952,0.0660261609483622,0.5690039563766518,0.6141265336973647,0.4439879798653441,0.8649533978213103,0.6516285193824698,0.3451907074601329,-0.01595693347198,92.5079866577735,-0.0146734498241006,79.1795205081365,3.69,22.21,123.6032,3.0,Crisis,Crisis,11,0,0
2022-11-29,-0.0026468757926439,64.38252796033335,-0.4880745934842692,0.4802475977739641,0.4047433183681881,0.0453132035643952,0.0660261609483622,0.5682180223209967,0.6144922455371107,0.4405466786909596,0.8636903642075687,0.6410268095313637,0.3458259818350501,-0.0017174812721068,92.34910592316848,-0.0075697227448808,78.5801534908173,3.75,21.89,123.6615,3.0,Crisis,Crisis,12,0,0
2022-11-30,0.0597302629495103,68.22811328475827,-0.4574971543425495,0.5101634440874981,0.4163835165718836,0.0453132035643952,0.0660261609483622,0.58316225618102,0.6310619658290558,0.4527371526259527,0.8630489718257733,0.6643782161682824,0.3444661799327807,0.0315006114440432,95.258159226059,0.0455858961088311,82.1623002040657,3.68,20.58,123.5175,3.0,Crisis,Crisis,13,0,0
2022-12-01,-0.0051409736656241,67.8773543511061,-0.4602861471856007,0.5105892820718161,0.4148610648152289,0.0453132035643952,0.0660261609483622,0.578293711607943,0.6241608260221705,0.4522843333396137,0.8630853811349121,0.6612580252638274,0.3447460605471638,-0.0007360661866679,95.18804291604846,0.0012273054478004,82.26313844270996,3.53,19.84,122.0045,3.0,Crisis,Crisis,14,0,0
2022-12-02,-0.0037686511255316,67.6215482832327,-0.4623201404044746,0.5106955159265053,0.4019347139974834,0.0453132035643952,0.0660261609483622,0.5646237089590098,0.6140884080089848,0.4296105470512451,0.8585566708263612,0.6599997499973075,0.3466230324272173,-0.0011534359356638,95.07824960670357,-0.003983587330822,81.93543604661592,3.51,19.06,122.0102,3.0,Crisis,Crisis,15,0,0
2022-12-05,-0.0229575737774328,66.06912159957615,-0.4746639654497786,0.5106819249034592,0.4029198404939822,0.0453132035643952,0.0660261609483622,0.5672557981749142,0.6181046002588746,0.429400753925943,0.8553733889708696,0.6602760310182743,0.3471771883886683,-0.017989386309472,93.36785024490015,-0.0167833709530016,80.56028322924962,3.6,20.75,122.6384,3.0,Crisis,Crisis,16,0,0
2022-12-06,-0.0176116789874916,64.90553343897886,-0.4839160150508389,0.5127849112232398,0.4032737206214255,0.0453132035643952,0.0660261609483622,0.5771069704566608,0.6322327698408248,0.4299260941505095,0.8554171366031893,0.6640789072815039,0.348277851654507,-0.0144147171798593,92.02197908992848,-0.0207203783684425,78.89104367927067,3.51,22.17,123.0191,3.0,Crisis,Crisis,17,0,0
2022-12-07,-0.0124902796013823,64.09484517864915,-0.4903620483206495,0.503084109636416,0.4036466811570476,0.0453132035643952,0.0660261609483622,0.5782312392927313,0.6326664392204362,0.4325396179610379,0.858373561798464,0.6559537769610461,0.3406564483139292,-0.0017013331870802,91.865419042962,-0.0040825291912318,78.5689686905233,3.42,22.68,122.7608,3.0,Crisis,Crisis,18,0,0
2022-12-08,0.0156825278821067,65.10001437526263,-0.4823696369336584,0.5046588741932825,0.4046786417845233,0.0453132035643952,0.0660261609483622,0.5788912768454704,0.6329584554879095,0.4340771315156632,0.8587522043072097,0.6468148450609509,0.3432693638500838,0.0078340254308855,92.58509507196352,0.0118347453133755,79.49881242451022,3.48,22.29,122.4152,3.0,Crisis,Crisis,19,0,0
2022-12-09,-0.0018833375794194,64.97740907176896,-0.4833445096486697,0.4977208343490219,0.4031896513118789,0.0453132035643952,0.0660261609483622,0.5772808835189505,0.6289368134014488,0.437990436826969,0.8586800380112244,0.6260833963015494,0.3363625371772811,-0.0074703171056,91.8934550525238,-0.0063766897005737,78.99187316611501,3.57,22.83,122.4201,3.0,Crisis,Crisis,20,0,0
2022-12-12,0.0080794395119751,65.50239011800917,-0.4791702228658463,0.4891835162620664,0.4031531191939626,0.0453132035643952,0.0660261609483622,0.575997765756048,0.6272298005414192,0.4376037500408327,0.8587867839962863,0.6117021051748626,0.3404728597484709,0.0144173193846726,93.2183123433771,0.0125512614635445,79.98332081971807,3.61,25.0,122.7714,3.0,Crisis,Crisis,21,0,0
2022-12-13,0.0174893622560978,66.64798514742328,-0.4700612422197844,0.490742229327718,0.4044914249103284,0.0453132035643952,0.0660261609483622,0.5780073539304444,0.6264235437128349,0.4462465202759232,0.8598532163645981,0.611241322926822,0.3423377603451353,0.0075698298006869,93.92395910212376,0.0107501079704928,80.8431501543686,3.51,22.55,121.8493,3.0,Crisis,Crisis,22,0,0
2022-12-14,-0.0066167666544849,66.2069909817112,-0.4735677233211837,0.4901733959035387,0.4045534530838954,0.0453132035643952,0.0660261609483622,0.5793347245771603,0.6275243370619982,0.4482800136077713,0.8585189521486761,0.6098065627432387,0.3443915236862753,-0.0063934947028996,93.32345676712896,-0.0074136245405457,80.24380939244915,3.49,21.14,121.8226,3.0,Crisis,Crisis,23,0,0
2022-12-15,-0.0344896526448161,63.92353486009351,-0.4917241896848557,0.4878677115870009,0.4068601648150284,0.0453132035643952,0.0660261609483622,0.5822109249162779,0.6320530878758469,0.4475915321961111,0.857026112133858,0.6108989644261654,0.343712224318207,-0.0244616223548684,91.04061361084057,-0.0335767848368958,77.549480269986,3.44,22.83,122.5519,3.0,Crisis,Crisis,24,0,0
2022-12-16,-0.0205286602041025,62.61127033390556,-0.5021584110847802,0.4891762747262253,0.4020026502611248,0.0453132035643952,0.0660261609483622,0.5740545015021017,0.6245768854487803,0.4370953365985364,0.8601585369218238,0.6071532727203901,0.3535834136055418,-0.0118063120381617,89.96575971840525,-0.0095342781127358,76.81010195759383,3.48,22.62,122.6505,3.0,Crisis,Crisis,25,0,0
2022-12-19,-0.0137292172398616,61.75166660182766,-0.5089933864100351,0.4853595858831833,0.4024055018689685,0.0453132035643952,0.0660261609483622,0.5737191039493152,0.623843793833125,0.4376774064938643,0.8599804198477382,0.5995525207527295,0.3455389048590189,-0.0084797024916524,89.20287684155768,-0.0140537927910149,75.73062870042509,3.57,22.42,122.5275,3.0,Crisis,Crisis,26,0,0
2022-12-20,0.0031092459040358,61.94366771827677,-0.5074667261078761,0.485423648242695,0.3992826217438847,0.0453132035643952,0.0660261609483622,0.5671820517615899,0.6175592054062143,0.4301353920356266,0.8596815700891794,0.5966169253892917,0.3438242176902363,0.0013685678154609,89.32495702784958,-0.0007783293688808,75.67168532798372,3.69,21.48,122.1357,3.0,Crisis,Crisis,27,0,0
2022-12-21,0.0143974857647444,62.835500792466725,-0.5003754853083513,0.4841028701308389,0.4003039594535781,0.0453132035643952,0.0660261609483622,0.5680716443645898,0.618825424456025,0.4302049811401389,0.8596892895311258,0.5858031933974003,0.322505941170742,0.0149524514582801,90.66058411182144,0.0145062450167203,76.76939733617962,3.68,20.07,122.2828,3.0,Crisis,Crisis,28,0,0
2022-12-22,-0.0267356135653743,61.15555512509256,-0.5137332532609349,0.4525169780210623,0.4022125155521305,0.0453132035643952,0.0660261609483622,0.5683978071518138,0.6206331269116652,0.4271220094363449,0.8592985812890448,0.5394993146620605,0.2133379397407142,-0.0142663605123947,89.36718753461793,-0.0244651037336404,74.89122606678093,3.67,21.97,122.2419,2.0,Elevated,Crisis,29,0,0
2022-12-23,0.0017868584831492,61.26483144755954,-0.5128643633994507,0.3199591162579033,0.401550160080632,0.0453132035643952,0.0660261609483622,0.5679356835554318,0.6204249472538597,0.4260576791344126,0.8589815204257341,0.4291201379802729,0.160143523724325,0.0057524595231062,89.88126866360466,0.002249207308387,75.05967195978441,3.75,20.87,121.9743,2.0,Elevated,Crisis,30,0,0
2022-12-27,-0.0224660610765073,59.888452002416734,-0.523808382363862,0.3206180231763793,0.4025393629586215,0.0453132035643952,0.0660261609483622,0.5667873226310084,0.6188407178835131,0.4258996766536948,0.8582331784530446,0.4258843530015435,0.1661455995707275,-0.0039436122605932,89.52681179050519,-0.01413831122404,73.99845495724263,3.84,21.65,121.7539,2.0,Elevated,Elevated,1,0,0
2022-12-28,-0.0188376371536074,58.760295073903976,-0.532778707272481,0.3225090083470617,0.3989331981807215,0.0453132035643952,0.0660261609483622,0.5640472844913232,0.6161065685354231,0.4231230292361267,0.8558361717757746,0.4249908055252804,0.1625639585964556,-0.0124277380031998,88.41419602931101,-0.0132028980416493,73.02146090120257,3.88,22.14,122.0075,2.0,Elevated,Elevated,2,0,0
2022-12-29,0.0286802993867286,60.44555792867605,-0.5193786607172013,0.3290895653965081,0.4002383292151397,0.0453132035643952,0.0660261609483622,0.5669801898212741,0.6176059119324365,0.4294954351101137,0.8573512365979976,0.431694924844298,0.1653993370311052,0.0180001184128901,90.00566202721909,0.0243754085095349,74.80138884063243,3.83,21.44,121.6577,2.0,Elevated,Elevated,3,0,0
2022-12-30,0.0027808651341559,60.6136488732345,-0.5180421175920585,0.324568353844864,0.4002827370401525,0.0453132035643952,0.0660261609483622,0.5673060917386027,0.6179344105472556,0.4298677030470262,0.8568907638093971,0.4255628512828218,0.1668130476146575,-0.0026338690104721,89.76859890323857,-0.0006006805685103,74.75645709985827,3.88,21.67,121.4256,2.0,Elevated,Elevated,4,0,0
2023-01-03,0.0145619406183697,61.49630122878925,-0.5110238755278789,0.3277602016237501,0.401254979250902,0.0453132035643952,0.0660261609483622,0.5569860725030534,0.611842197052697,0.4125844223098176,0.8030464661640632,0.4568036160872243,0.261390085046509,-0.0042099253507948,89.39067980301049,-0.0067596692889748,74.25112817264778,3.79,22.9,122.0905,2.0,Elevated,Elevated,5,0,0
2023-01-04,0.0170596543387631,62.54540687086485,-0.5026821118644765,0.3320299930947314,0.4010558331417871,0.0453132035643952,0.0660261609483622,0.5552878919926869,0.6095535111005593,0.4121871596041347,0.802502209045434,0.4643007003735336,0.2609329886075109,0.0077202167699819,90.08079522830576,0.0047640892408362,74.60486717349505,3.69,22.01,121.5008,2.0,Elevated,Elevated,6,0,0
2023-01-05,-0.0160703652643724,61.54027933684127,-0.5106741919793207,0.3244810285104149,0.3914053473886554,0.0453132035643952,0.0660261609483622,0.5439220696736218,0.6009702080573659,0.3937637676652865,0.7996117563676016,0.4558468368547573,0.2525858435222219,-0.0114134451644638,89.05266301159621,-0.0156546112817888,73.4369569781645,3.71,22.46,122.1017,2.0,Elevated,Elevated,7,0,0
2023-01-06,0.0266446628999182,63.1799993345382,-0.4976362707763796,0.3260417576171033,0.394159521008335,0.0453132035643952,0.0660261609483622,0.5456841700858248,0.602645628741921,0.3958064655544678,0.8001986850928118,0.459630774445662,0.2499365710078851,0.0229320493171383,91.09482307160064,0.0276017275033728,75.46394385335272,3.55,21.13,121.0852,2.0,Elevated,Elevated,8,0,0
2023-01-09,0.0297652434760746,65.06056739754897,-0.4826832920624897,0.3290025667378626,0.3969749264836159,0.0453132035643952,0.0660261609483622,0.5442875877572695,0.6002765131109393,0.3970073811371462,0.7938782996806669,0.4656903959612383,0.2601308180211554,-0.000566727178575,91.04319715953848,0.0064729317820904,75.95241681392297,3.53,21.97,120.1508,2.0,Elevated,Elevated,9,0,0
2023-01-10,0.0093503428346104,65.66890600773033,-0.4778462034892019,0.3294404732114526,0.3973267574405152,0.0453132035643952,0.0660261609483622,0.5450236742692883,0.6006374871949627,0.3986858532120485,0.7936075377292805,0.4668566576272378,0.2594781961711187,0.0070127092620706,91.68165663150768,0.008464720422018,76.5953327876294,3.61,20.58,120.2483,2.0,Elevated,Elevated,10,0,0
2023-01-11,0.0182475565725243,66.86720308516216,-0.4683181725478128,0.3284911173179885,0.3986053052572842,0.0453132035643952,0.0660261609483622,0.5475291445594718,0.6030257580958959,0.4016643297357722,0.7931198931401223,0.4688944452161938,0.2568924592838747,0.0126479529270286,92.841241908855,0.0173000263255556,77.92043406127009,3.54,21.09,120.1614,2.0,Elevated,Elevated,11,0,0
2023-01-12,0.0157281999845555,67.91890382769348,-0.4599557744374909,0.33084245858446,0.3990684585601607,0.0453132035643952,0.0660261609483622,0.5475757091708638,0.602974237011621,0.4021924645930738,0.7893759034112149,0.4715118794084929,0.2558733633807832,0.0036408042855147,93.17925870026929,0.0054045882223578,78.34156192147864,3.43,18.83,119.4218,2.0,Elevated,Elevated,12,0,0
2023-01-13,0.0134366243345004,68.83150462363726,-0.4526994030545913,0.2846147824785362,0.3990798695004111,0.0453132035643952,0.0660261609483622,0.5467069661549797,0.602282184005528,0.4004000887723244,0.7961775021256184,0.4384376555106526,0.2642429804594256,0.0038793935859231,93.54073771881215,0.006880314763592,78.88057652656985,3.49,18.35,119.1673,1.0,Normal,Elevated,13,0,0
2023-01-17,0.0247850164544924,70.53749459832159,-0.4391345487537457,0.292610571044283,0.3993350969620115,0.0453132035643952,0.0660261609483622,0.5400631294880547,0.5979281857515627,0.3875564808567681,0.8023858897345724,0.4511847715295224,0.2991762522836347,-0.001831879602732,93.36938234936058,0.00202883168874,79.04061193985305,3.53,19.36,119.2121,1.0,Normal,Elevated,14,0,0
2023-01-18,-0.0177088754674827,69.28835489069168,-0.4490668451838792,0.2975177952461649,0.4001392672432978,0.0453132035643952,0.0660261609483622,0.5409245745743401,0.5983905029273887,0.389310108792776,0.803834068941101,0.4548595770314194,0.3055637513013076,-0.0157879356516824,91.89527254899154,-0.0129999319039059,78.0130893669919,3.37,20.34,119.0755,1.0,Normal,Normal,1,0,0
2023-01-19,-0.0059292556337851,68.87752652210035,-0.4523334686959115,0.2895994632464077,0.3961734420937339,0.0453132035643952,0.0660261609483622,0.5343803573838996,0.5920513825967123,0.3807602891501667,0.8201954984414441,0.4487606771592805,0.3081206098358859,-0.0072798238425652,91.22629115287036,-0.0098243786030611,77.24665924105612,3.39,20.52,119.6107,1.0,Normal,Normal,2,0,0
2023-01-20,0.0508421281256093,72.37940655051203,-0.4244889367412411,0.3169129559715795,0.4046071593265209,0.0448558897145958,0.0660261609483622,0.5433465446176333,0.598390640774716,0.395765442161554,0.8305197159609214,0.4648567249832365,0.3242828570881771,0.018628860050196,92.92573296365563,0.0273669572578727,79.36066526281958,3.48,19.85,119.3486,1.0,Normal,Normal,3,0,0
2023-01-23,0.0284724154709132,74.44022308535635,-0.4081027466400306,0.320794459176914,0.390869762946512,0.0448558897145958,0.0660261609483622,0.5244543011628864,0.5847821995866914,0.3633004653260203,0.8302853938827001,0.4765699554397421,0.3254076346694031,0.0119985494313905,94.04070696406824,0.0222159975959219,81.12374161150913,3.52,19.81,119.1434,1.0,Normal,Normal,4,0,0
2023-01-24,-0.009179864121637,73.75687195224843,-0.4135362829998453,0.3218239641011768,0.3910215941379973,0.0448558897145958,0.0660261609483622,0.5275074501968394,0.5887567039535698,0.3642673159976361,0.8323855816993225,0.477061871858963,0.3293847307075303,-0.0010730311244512,93.9397983585304,-0.00204199246163,80.95808754267921,3.46,19.2,119.0958,1.0,Normal,Normal,5,0,0
2023-01-25,0.0062999239122674,74.22153463355444,-0.4098416062054388,0.3213162070963242,0.3881346789026026,0.0448558897145958,0.0660261609483622,0.53640004194371,0.602771170902108,0.3612593827703417,0.8405204160003041,0.475995803291264,0.3300388491868203,0.0003745572269875,93.97498418890734,-0.0022192433881594,80.7784218421821,3.46,19.08,118.9686,1.0,Normal,Normal,6,0,0
2023-01-26,0.0211152003095024,75.78873720462063,-0.3973802935061323,0.3247315022330196,0.3893827063049799,0.0448558897145958,0.0660261609483622,0.5367459545645477,0.6048204888086766,0.3575830156307332,0.8415813400272486,0.4804976118925411,0.3317100854873916,0.0109903573040921,95.00780284278984,0.0194972416340291,82.35337825165465,3.49,18.73,119.021,1.0,Normal,Normal,7,0,0
2023-01-27,0.0080603637583287,76.39962199527425,-0.3925229594638546,0.3227430622359057,0.3895114404856233,0.0448558897145958,0.0660261609483622,0.531950241179747,0.5979434670315936,0.3571530819451217,0.8441447248844943,0.4841919380208288,0.3346627871351164,0.0022978098476187,95.22611270776262,0.0099547507465291,83.17318560528452,3.52,18.51,118.9223,1.0,Normal,Normal,8,0,0
2023-01-30,-0.0232543543960565,74.62299810967139,-0.4066494458519496,0.3313279061028938,0.3905683289789451,0.0448558897145958,0.0660261609483622,0.5333292382124754,0.6001920935287922,0.3565744379323055,0.8444513063439326,0.4900406830215515,0.3359709006909711,-0.0125469118154483,94.0313190690904,-0.0202188613267965,81.49151849942336,3.55,19.94,118.8953,1.0,Normal,Normal,9,0,0
2023-01-31,0.0162625578360077,75.8365589323262,-0.3970000481480898,0.3119027306779068,0.3899060971382135,0.0448558897145958,0.0660261609483622,0.5323376026075636,0.5997840600602962,0.3540295678166423,0.8463321136257456,0.4721609485075644,0.3415736786672295,0.0147034157680718,95.41390064858344,0.0149858222194489,82.71273590804866,3.52,19.4,118.9802,1.0,Normal,Normal,10,0,0
2023-02-01,0.0355207803235395,78.53033268265452,-0.3755810193232533,0.3129373811268516,0.3940057894001311,0.0448558897145958,0.0660261609483622,0.5383455365815848,0.6033700837396371,0.3660308995241056,0.8472059419119415,0.4722352739868242,0.3306919492441783,0.0106278315531991,96.42794351251028,0.0213836930506383,84.48143966408489,3.39,17.87,118.6259,1.0,Normal,Normal,11,0,0
2023-02-02,0.0339485346221363,81.19632240061951,-0.3543829099390295,0.3149807851867454,0.3964718352454449,0.0448558897145958,0.0660261609483622,0.5296905650738253,0.5941506863870327,0.3580494649833963,0.8482028204680027,0.4993897347485245,0.3314404363503513,0.014556834007573,97.8316290799135,0.0358898485409149,87.51346573814735,3.4,18.73,118.3421,1.0,Normal,Normal,12,0,0
2023-02-03,-0.011471933053101,80.26484362588158,-0.361789385974147,0.3202838881468246,0.3966862086122101,0.0448558897145958,0.0660261609483622,0.5267613699451218,0.5908826258873259,0.3557219448120143,0.8481087889645966,0.5051317062795735,0.3268167388920362,-0.0106289583381312,96.7917807702716,-0.0177723206062073,85.95814836768865,3.53,18.33,119.5095,1.0,Normal,Normal,13,0,0
2023-02-06,-0.0164626501418713,78.94347158657669,-0.3722960240296834,0.3280500217834328,0.3979256572903082,0.0448558897145958,0.0660261609483622,0.5278098354902235,0.591278231194096,0.3582926262314512,0.8491741247362757,0.5101485575114904,0.3308984441709842,-0.0061112626751224,96.2002607731916,-0.0084591694692849,85.23101382338044,3.63,19.43,120.541,1.0,Normal,Normal,14,0,0
2023-02-07,0.0236720975516687,80.81222914704152,-0.3574369542769438,0.3141173825248222,0.3985607265823695,0.0448558897145958,0.0660261609483622,0.5286991529478925,0.5916572625224992,0.3603688814629231,0.8501193901111956,0.5011592138962193,0.3251307364402427,0.013078453781586,97.4584114374903,0.0207187131238677,86.99689074804346,3.67,18.66,120.3475,1.0,Normal,Normal,15,0,0
2023-02-08,-0.0173116793761436,79.41323374637649,-0.3685607997034597,0.3229564834756924,0.3969942388164814,0.0448558897145958,0.0660261609483622,0.5254853452852555,0.5846273118181144,0.3658169361456068,0.8505426537299261,0.510019845710814,0.3240474603701923,-0.0109347544342487,96.39272764086935,-0.0177812750460064,85.44997510550512,3.63,19.63,120.1436,1.0,Normal,Normal,16,0,0
2023-02-09,-0.0195480619143977,77.86085893627978,-0.3809042122860342,0.3205971418104607,0.3976961006781571,0.0448558897145958,0.0660261609483622,0.5238733568990069,0.582080995021404,0.3660766303747916,0.8535569204783364,0.5082856872728064,0.3252905562101695,-0.0086691479589333,95.55708482278553,-0.0088377329789732,84.69479104246275,3.67,20.71,119.9781,1.0,Normal,Normal,17,0,0
2023-02-10,-0.0167420940075813,76.55730511645756,-0.3912691721636391,0.3190709146769491,0.3978661447150372,0.0448558897145958,0.0660261609483622,0.5254805344696153,0.5829143378341843,0.3695782289177446,0.8538319999877594,0.5082360565382166,0.3168790704518589,0.0023336448841995,95.78008112493124,-0.0065633236317057,84.13891171893138,3.74,20.53,120.1419,1.0,Normal,Normal,18,0,0
2023-02-13,0.0176116054865124,77.90560217127917,-0.3805484449763069,0.3147372394467573,0.3950513983811923,0.0448558897145958,0.0660261609483622,0.5220454547692482,0.5798675512171777,0.3650082253380124,0.8538305205602518,0.5045121734053517,0.3155276560208082,0.0117389950205188,96.9044430203217,0.0160162922469118,85.48650511835889,3.72,20.34,119.9828,1.0,Normal,Normal,19,0,0
2023-02-14,0.0158036454117472,79.1367946835827,-0.370758852250957,0.3148782671746225,0.3957160668426059,0.0448558897145958,0.0660261609483622,0.5215688421699968,0.5789934254061375,0.365379888459634,0.8545427345605191,0.5066324216640706,0.3166698099193861,-0.0004603635864803,96.85983174338698,0.0073890160574299,86.11816627737201,3.77,18.91,119.9229,1.0,Normal,Normal,20,0,0
2023-02-15,0.0177580466930259,80.54210957871018,-0.3595847585680563,0.3154941781294814,0.3963712387136445,0.0448558897145958,0.0660261609483622,0.5185736547523007,0.5781857719273729,0.3573491130856335,0.850517678624784,0.4855998432229976,0.2534645025542825,0.003247523339902,97.17438630767262,0.0076610367506186,86.77792071411885,3.81,18.23,120.4557,1.0,Normal,Normal,21,0,0
2023-02-16,-0.0284800276945636,78.24826806732993,-0.3778238023800587,0.3327989245114076,0.3915810062728959,0.0438456502991187,0.0660261609483622,0.5145509469553926,0.5702547234461486,0.3621059356127022,0.8515939399192937,0.4928565530550849,0.2614894052997686,-0.0137686002738433,95.83643102574624,-0.0187642763500993,85.14959582875211,3.86,20.17,120.4651,1.0,Normal,Normal,22,0,0
2023-02-17,-0.0026262952955469,78.04276500902,-0.3794578208008693,0.3266774559508644,0.3902543553345144,0.0438456502991187,0.0660261609483622,0.5137821898170398,0.5725982780030608,0.3540572847214066,0.8510926797408084,0.4898808619266515,0.2614859605300337,-0.0024983858566955,95.59699464191534,-0.0070557417784338,84.54880226804643,3.82,20.02,120.5526,1.0,Normal,Normal,23,0,0
2023-02-21,-0.020484227335656,76.44411926867205,-0.3921691478709477,0.3320094749536852,0.3906104282530811,0.0438456502991187,0.0660261609483622,0.5150360208651271,0.576358616813323,0.3498920435980386,0.8459048216845981,0.4928925265221868,0.2668846311872479,-0.0200608731818141,93.67923545584132,-0.0236749116242007,82.5471168464184,3.95,22.87,120.6256,2.0,Elevated,Normal,24,0,0
2023-02-22,-0.0025030542911041,76.25277548790692,-0.3936905814936349,0.3255394666002102,0.3906858587307258,0.0438456502991187,0.0660261609483622,0.5152664756115612,0.5766455575220585,0.3499946078779707,0.8460766247480102,0.4824601449325993,0.2477726078124211,-0.001378051611877,93.55014063442198,0.0007480903340282,82.6088695466331,3.93,22.29,120.8389,2.0,Elevated,Normal,25,0,0
2023-02-23,0.0118546216388297,77.1567232902267,-0.386503012741183,0.3258771129271778,0.3896058512643083,0.0438456502991187,0.0660261609483622,0.5092310410982887,0.5681342046005795,0.3493096810043561,0.8464407199271026,0.4897597631902177,0.2505692870466949,0.0053191100766614,94.0477441301436,0.008734121320401,83.33038543539459,3.88,21.14,121.0896,2.0,Elevated,Elevated,1,0,0
2023-02-24,-0.0221496603950774,75.44772807215121,-0.400091762662369,0.3331936084053087,0.3884042228200903,0.0438456502991187,0.0660261609483622,0.5062155478096417,0.5621054888274228,0.3531088980134572,0.8466673591300724,0.4938831396294362,0.2513386513201464,-0.0106820736316103,93.04311920245858,-0.0167442908764299,81.93507722281932,3.95,21.67,121.5681,2.0,Elevated,Elevated,2,0,0
2023-02-27,0.0068628774334507,75.9655165825427,-0.3959746659582033,0.3315249026393521,0.383669345359202,0.0438456502991187,0.0660261609483622,0.4996939497670638,0.553921972524294,0.3501058947526504,0.8455339784802072,0.4922911192485319,0.2522952013887364,0.0034056010194443,93.35998694406676,0.0071612268338145,82.52183289645805,3.92,20.95,121.3941,2.0,Elevated,Elevated,3,0,0
2023-02-28,-0.0023776991968441,75.78489343477654,-0.3974108565098281,0.3307594291578017,0.3837079939952284,0.0438456502991187,0.0660261609483622,0.5008338286591144,0.5553211297765924,0.3507168247239802,0.845533348574398,0.4902219896020232,0.2488129283315222,-0.0036957903289384,93.01494800720906,-0.0012928026104643,82.4151484554692,3.92,20.7,121.3341,2.0,Elevated,Elevated,4,0,0
2023-03-01,-0.0003215580236512,75.76052419422102,-0.3976046238838825,0.3246150586030384,0.3837150734240256,0.0438456502991187,0.0660261609483622,0.5053657808466651,0.5616265734316535,0.351440263849356,0.8451207953317018,0.4735926975328063,0.2083446334869305,-0.0038359435696107,92.65814791552312,-0.0080391320447402,81.75260219454881,4.01,20.58,120.6347,2.0,Elevated,Elevated,5,0,0
2023-03-02,0.0108907625060688,76.58561407055556,-0.3910440789078478,0.319623202280379,0.3839215777938534,0.0438456502991187,0.0660261609483622,0.5031073660392522,0.5597580516731179,0.3481128219276174,0.8452515305284818,0.4793630789409326,0.2017825189808195,0.0077772149025931,93.3787702443384,0.0082762093612267,82.42920384613598,4.08,19.59,121.1302,2.0,Elevated,Elevated,6,0,0
2023-03-03,0.0135893245016928,77.62636083232177,-0.3827687792888993,0.3196056653545419,0.382419173665047,0.0438456502991187,0.0660261609483622,0.4989940468218091,0.5586438818840408,0.336875920300663,0.8430217174608949,0.4839395621598615,0.1971115410145915,0.0160379288016208,94.87637231310002,0.0206735797670616,84.13331056698445,3.97,18.49,120.7742,2.0,Elevated,Elevated,7,0,0
2023-03-06,-0.0044877137816078,77.27799594299849,-0.3855387363445232,0.2880997956932765,0.3824520729232911,0.0428996376804251,0.0660261609483622,0.4993027314293685,0.5591107684826453,0.3367979831598119,0.8435926586080288,0.4565659947750644,0.1789419477850598,0.0006926409941987,94.94208757794492,0.0011346829555598,84.22877520047963,3.98,18.61,120.485,2.0,Elevated,Elevated,8,0,0
2023-03-07,-0.010967328321674,76.43046278945064,-0.3922777347639834,0.2795681223871901,0.3790959165954609,0.0428996376804251,0.0660261609483622,0.4964536811680977,0.5574226427368061,0.3310825960402859,0.8431063031804861,0.4434680343771255,0.1776409386810285,-0.0153288079941418,93.48673854689962,-0.0122659979056886,83.19562522027184,3.97,19.59,121.4623,2.0,Elevated,Elevated,9,0,0
2023-03-08,-0.0003636248332825,76.40267077516111,-0.392498717671362,0.2779333882422504,0.3783984156957238,0.0428996376804251,0.0660261609483622,0.5058710473731536,0.5660620625445011,0.3426403231733016,0.8476463793737677,0.4449999447400873,0.181062152949357,0.0016323396538997,93.63934065734348,0.004994048042334,83.61110816953389,3.98,19.11,121.4511,2.0,Elevated,Elevated,10,0,0
2023-03-09,-0.0275699948879222,74.29624953246632,-0.4092475249195687,0.2897477812532775,0.3780841535042699,0.0428996376804251,0.0660261609483622,0.5135492462639093,0.5756157407762423,0.3465193694009778,0.846670091276224,0.4518450940620584,0.1781563235113603,-0.0184500504327204,91.9116900997288,-0.0173259476280643,82.16246648826412,3.93,22.61,121.4458,2.0,Elevated,Elevated,11,0,0
2023-03-10,-0.0098316374450116,73.56579574353898,-0.4150555890743028,0.2841593176956448,0.3750739368079806,0.0428996376804251,0.0660261609483622,0.5190769987268954,0.5842052054779329,0.345439013685097,0.8441595380675588,0.4488380117011492,0.1740079147303753,-0.0144294123765867,90.58545842105076,-0.0140435755397944,81.00861168360035,3.7,24.8,121.2421,2.0,Elevated,Elevated,12,0,0
2023-03-13,0.0308941696786083,75.83854991978173,-0.3969842171906107,0.2977533135292424,0.3776293787163221,0.0428996376804251,0.0660261609483622,0.5110620431964796,0.5830061821655361,0.3224715940059678,0.8218739171371793,0.4744183434636046,0.2020187949061115,-0.0014250334805763,90.45637110994744,0.0074166320323094,81.60942274790585,3.55,26.52,120.8897,2.0,Elevated,Elevated,13,0,0
2023-03-14,0.0306086543380952,78.1598658797787,-0.3785267155341822,0.3022087935066076,0.3801798637884975,0.0428996376804251,0.0660261609483622,0.5144739823105023,0.5869596920553664,0.3248420829373367,0.8219526318377454,0.4771553524514302,0.2016434254192294,0.0165300001668842,91.95161493949058,0.0229796159154125,83.48477593773126,3.64,23.73,121.0141,2.0,Elevated,Elevated,14,0,0
2023-03-15,-0.0011260334034244,78.07185525999091,-0.3792265152118266,0.2991237230833663,0.3741339411771818,0.0428996376804251,0.0660261609483622,0.5035447198297424,0.574115700774829,0.317630274367302,0.8222770686883147,0.4785724618829107,0.2043451537837782,-0.0062544028913595,91.37651249314786,0.0052461669822956,83.92275101278014,3.51,26.14,122.1079,2.0,Elevated,Elevated,15,0,0
2023-03-16,0.0356969434499084,80.85878186223626,-0.3570667992301404,0.2993000558083941,0.3768261519116985,0.0428996376804251,0.0660261609483622,0.510663323024066,0.5823345878635737,0.3226703394714709,0.8220638069302298,0.4779253897139133,0.1985933968701358,0.017545287174935,92.97973964588418,0.0263605959163013,86.1350047404124,3.56,22.99,121.7221,2.0,Elevated,Elevated,16,0,0
2023-03-17,0.0103496272913778,81.69564011774523,-0.3504126802289198,0.2842621496420788,0.3753561745441227,0.0428996376804251,0.0660261609483622,0.511272875420013,0.5879724235304574,0.3116870138854996,0.8205766145721558,0.4531804862114471,0.2007767784196384,-0.0116927982992292,91.89254630429,-0.0047261850669011,85.7279147672708,3.39,25.51,121.5643,2.0,Elevated,Elevated,17,0,0
2023-03-20,0.0028972255281584,81.93233081183361,-0.3485306792633109,0.2821079089619707,0.3753543017092212,0.0428996376804251,0.0660261609483622,0.5134228914897505,0.5876588821294436,0.3200236846314916,0.8161513219743743,0.4476409250270813,0.2040738568830501,0.0096156188013414,92.77615000023668,0.0035490927889969,86.03217109138708,3.47,24.15,121.0141,2.0,Elevated,Elevated,18,0,0
2023-03-21,0.0172185559669361,83.3430872354187,-0.3373133183034643,0.2810463701769781,0.3741365300237603,0.0428996376804251,0.0660261609483622,0.5175568296273014,0.5866737139371706,0.337050807320321,0.8060562133865821,0.448716648724304,0.2006906084375997,0.013130565275514,93.99435329382568,0.0142822759110523,87.26090629614113,3.59,21.38,120.8958,2.0,Elevated,Elevated,19,0,0
2023-03-22,-0.0166685556323857,81.95387834926035,-0.3483593481241641,0.2782717562694535,0.3581796204179378,0.0428996376804251,0.0660261609483622,0.5125908707321823,0.5856049642278077,0.3255579265103434,0.7625917617128869,0.4460646099834096,0.2033099722567708,-0.0170464850968004,92.39207995121907,-0.0135979453241843,86.07433726338742,3.48,22.26,120.6217,2.0,Elevated,Elevated,20,0,0
2023-03-23,0.0236305592220389,83.89049432506832,-0.3329607151085241,0.2806412047168603,0.3136818217806361,0.0428996376804251,0.0660261609483622,0.4515428736616522,0.5365981609260465,0.2341485546872953,0.735522604023202,0.4465902439167031,0.205869210335603,0.0027032139348137,92.64183550920964,0.0118583099374034,87.09503343231326,3.38,22.61,119.7587,2.0,Elevated,Elevated,21,0,0
2023-03-24,-0.005166068336791,83.45711029857785,-0.3364066856375975,0.2740727591602416,0.3132454655436282,0.0428996376804251,0.0660261609483622,0.4515653738794857,0.5327046638348286,0.2431599883033092,0.7377710090851323,0.4398452269141596,0.1991506960828718,0.0065623166336421,93.24978056734288,0.0036802864564151,87.41556810427524,3.38,21.74,120.4598,2.0,Elevated,Elevated,22,0,0
2023-03-27,-0.0091312909200016,82.69503914509886,-0.3424661492436088,0.2703008810089941,0.3127387857764591,0.0428996376804251,0.0660261609483622,0.4517016581021263,0.5325819019109388,0.2440343604481977,0.7359025896026171,0.4376432007190078,0.1968121030799249,0.0018698113259216,93.4241400631874,-0.006851218666327,86.81666493235164,3.53,20.6,120.2541,1.0,Normal,Elevated,23,0,0
2023-03-28,-0.0023510302945631,82.50062060285866,-0.3440120312464377,0.2669108487046261,0.3114973415934797,0.0428996376804251,0.0660261609483622,0.450157028231795,0.5314055770466151,0.2416168209907557,0.7345609283286832,0.4345250084958459,0.1991492395782733,-0.0022448756141957,93.21441448938236,-0.0053116655631568,86.35552384292234,3.55,19.97,119.7138,1.0,Normal,Elevated,24,0,0
2023-03-29,0.0234989204640879,84.43929612464312,-0.3285970221432993,0.2712534708411585,0.3106170840245797,0.0428996376804251,0.0660261609483622,0.4492383044640353,0.5303218787535479,0.2410276387550327,0.7344731899661303,0.436976962815541,0.1937035094297534,0.0145348872341712,94.56927549258482,0.0182338953619238,87.9301214285983,3.57,19.12,119.7258,1.0,Normal,Normal,1,0,0
2023-03-30,0.0069344372913003,85.02483512854099,-0.3239412202961598,0.2676857318969516,0.3100642027319581,0.0428996376804251,0.0660261609483622,0.4499758048972836,0.532430614248317,0.2386095553225774,0.7345512212317082,0.4304264933898755,0.1809537137034183,0.0058552641349207,95.123003579642,0.0094651287089098,88.76239134531005,3.55,19.02,119.4078,0.0,Low,Normal,2,0,0
2023-03-31,0.0186702489427343,86.6122699667058,-0.3113190345791679,0.255733125557187,0.3107841261989534,0.0428996376804251,0.0660261609483622,0.4515209564389663,0.5342186343429142,0.2396295749007088,0.7354729528746528,0.4235085026336345,0.1784055339727052,0.0140947410025513,96.46373767848182,0.0166311269946017,90.23860994811844,3.48,18.7,119.3602,0.0,Low,Normal,3,0,0
2023-04-03,-0.0084826856458418,85.87756530750544,-0.3171608987191077,0.2575124499123405,0.3065481616152547,0.0428996376804251,0.0660261609483622,0.4466018638549221,0.5313855008205031,0.2300235764725165,0.7278488807956704,0.4222108203416834,0.1785069691711972,0.0038106019348085,96.83132258391832,-0.002430640383836,90.01927233859732,3.43,18.55,119.3204,0.0,Low,Low,1,0,0
2023-04-04,0.0024715653160257,86.0898173193442,-0.3154732172799556,0.2474715429553872,0.304526564706257,0.0428996376804251,0.0660261609483622,0.4428202470496261,0.5279941508353213,0.2251790418387209,0.7263516927138697,0.410256298557683,0.1777131311543749,-0.0055482351076067,96.29407964044222,-0.0033733882271298,89.7156023850755,3.35,19.0,119.142,0.0,Low,Low,2,0,0
2023-04-05,-0.0092748627953977,85.29134607562642,-0.3218221092694592,0.2498055067549861,0.3028599003089721,0.0428996376804251,0.0660261609483622,0.4411800173412423,0.5277308466102165,0.2203097722913613,0.7249546686753591,0.412982469680398,0.1766654698532239,-0.0026182430785609,96.04195833291725,-0.0098724010479652,88.82989397807025,3.3,19.08,119.2953,0.0,Low,Low,3,0,0
2023-04-06,0.0019429925336977,85.4570665242404,-0.3205044146912508,0.2486983545390492,0.3023292467102252,0.0428996376804251,0.0660261609483622,0.4388126717763013,0.5250911823962211,0.2183527339056126,0.7259638681394377,0.4025847372530819,0.1755195492964364,0.0039007648182809,96.41659542506108,0.0067421353904963,89.42879714999383,3.3,18.4,119.3072,0.0,Low,Low,4,0,0
2023-04-10,0.0036987025989756,85.77314679829445,-0.3179911626038768,0.2364898155157239,0.3000802262774618,0.0428996376804251,0.0660261609483622,0.4336564288176107,0.5214445710899651,0.2096989964351667,0.7204329350218613,0.3957794786196759,0.1770891452776936,0.0010264149367871,96.51555885875952,-0.000566041502664,89.37817673927361,3.41,18.97,119.7948,0.0,Low,Low,5,0,0
2023-04-11,-0.001112095502524,85.67775886750273,-0.3187496215646267,0.2368946997104439,0.3000045307767217,0.0428996376804251,0.0660261609483622,0.4334793519498917,0.5217097875068888,0.2086896786782888,0.7172592065290361,0.3998774735364616,0.1821131890941943,0.0002684602404547,96.54146944889838,-0.0064174973767565,88.80459252451004,3.43,19.1,119.5248,0.0,Low,Low,6,0,0
2023-04-12,-0.0063269333967398,85.1356813935661,-0.3230598473354911,0.2381101541875659,0.2848370223925723,0.0428996376804251,0.0660261609483622,0.4069104027762949,0.4930585553651676,0.1853658511527426,0.7148933365190376,0.4018641072325821,0.1811523937349551,-0.0040757663746939,96.147988973955,-0.0088338346797564,88.02010743534538,3.41,19.09,119.003,0.0,Low,Low,7,0,0
2023-04-13,0.0216823689215886,86.98162464593221,-0.3083821812075829,0.2431322324194463,0.2862998684959115,0.0428996376804251,0.0660261609483622,0.4124969997492961,0.4999987936203157,0.1884724546726934,0.7103023904126498,0.4050218108951717,0.1800439598156765,0.0132827188115598,97.42509567579302,0.0195819544111524,89.74371316640905,3.45,17.8,118.3915,0.0,Low,Low,8,0,0
2023-04-14,0.0016665510550201,87.12658396425327,-0.3072295648020035,0.2425694083204498,0.2860847382687799,0.0428996376804251,0.0660261609483622,0.4122152835996327,0.4998870953431489,0.1880126674560604,0.706741114730152,0.3935408674152987,0.1828659022748602,-0.0024428449519241,97.18710127263068,-0.0018796964984983,89.57502222300792,3.52,17.07,118.8567,0.0,Low,Low,9,0,0
2023-04-17,-0.0043414805995386,86.74832559026838,-0.3102372142063496,0.242246050475446,0.2829849542065595,0.0428996376804251,0.0660261609483622,0.407266503706022,0.4940076788436612,0.1848724508993368,0.707236165988926,0.3842322882862115,0.185062560844301,0.0035882746553239,97.53583528495167,0.0008473831074427,89.65092658368849,3.6,16.95,119.2787,0.0,Low,Low,10,0,0
2023-04-18,0.0032497511398312,87.03023606023382,-0.3079956568070034,0.2409743143616813,0.280788168973497,0.0428996376804251,0.0660261609483622,0.4040448053454203,0.488236640181156,0.18743212806617,0.7065207452834246,0.3830918778037654,0.1842573319764081,0.0006522719213917,97.59945517163752,6.267258756653682e-05,89.65654523923523,3.58,16.83,119.1049,0.0,Low,Low,11,0,0
2023-04-19,-0.0143901976263447,85.77785376385961,-0.3179537360638397,0.2430270607510929,0.2811107725621815,0.0428996376804251,0.0660261609483622,0.4020395610649506,0.4867173949856288,0.1838305540744177,0.7114504786992071,0.3877934960913912,0.198245418254979,-0.0001689061025199,97.5829700280564,-0.0004703077939021,89.61437906723488,3.6,16.46,119.303,0.0,Low,Low,12,0,0
2023-04-20,-0.0114521668295364,84.7955114722763,-0.3257646436638987,0.246838640425673,0.2814198326861691,0.0428996376804251,0.0660261609483622,0.4025537307382754,0.4876256995545044,0.1834181944816471,0.7120678660196873,0.3885295352389019,0.1945125977207307,-0.0054570120611634,97.05045858364916,-0.0076244658327813,88.93111729591084,3.54,17.17,119.1199,0.0,Low,Low,13,0,0
2023-04-21,-0.0067770792711503,84.22084556919096,-0.3303339901212007,0.2308648794371814,0.2817838999270856,0.0428996376804251,0.0660261609483622,0.4036550262439992,0.4892603938002193,0.183231403850069,0.7138214976852512,0.3795079264350278,0.1916813559545058,0.0007766427103808,97.12583211484728,0.0010433533901506,89.0239038786314,3.57,16.77,119.3117,0.0,Low,Low,14,0,0
2023-04-24,-0.0038311947266753,83.89817910977013,-0.332899611006882,0.2283165676621548,0.2818857530467433,0.0428996376804251,0.0660261609483622,0.405280428396787,0.4909986423994549,0.1846903427055185,0.7139942236724387,0.372967305320629,0.1939316834307298,0.0010432000499833,97.22715378776417,-0.0020844335684739,88.83833946499018,3.52,16.89,119.2039,0.0,Low,Low,15,0,0
2023-04-25,-0.0155122498451801,82.5967295938637,-0.3432478389127602,0.2211843277472905,0.2824610458289199,0.0399925874670747,0.0660261609483622,0.4075369205871753,0.4981663498637158,0.1757024784247032,0.7130235283453397,0.3514120952452299,0.1405791061443473,-0.0158737024956485,95.68379887403852,-0.0188638111136341,87.1625098096737,3.4,18.76,119.613,0.0,Low,Low,16,0,0
2023-04-26,0.0035522387371063,82.89013289628531,-0.3409148984454678,0.2050913578309086,0.282039609607559,0.0399925874670747,0.0660261609483622,0.4025162741785756,0.4916366802207013,0.1738405158062054,0.713438438289729,0.342652208276423,0.1420858838436096,-0.0042356877176359,95.278512182371,0.006064633936587,87.69111852466355,3.43,18.84,119.3228,0.0,Low,Low,17,0,0
2023-04-27,0.0314520250586624,85.49719543325513,-0.3201853373155837,0.2217763777537276,0.2790175264264961,0.0399925874670747,0.0660261609483622,0.3928421719986451,0.4791100926839219,0.1700874956914706,0.7147850926215719,0.3560822121857845,0.1407016266148429,0.0199080870529211,97.17532509717046,0.0271909136537016,90.0755201566642,3.53,17.03,119.4298,0.0,Low,Low,18,0,0
2023-04-28,0.0109606002924331,86.4342960185231,-0.3127341605249644,0.2008047672596978,0.2763373224147721,0.0384764659993999,0.0660261609483622,0.3897123633839534,0.4777003834576504,0.1634697687978398,0.7037705795962607,0.3412738798651228,0.1475728914048254,0.0085351064652803,98.00472684267302,0.0068984091685493,90.69689795077475,3.44,15.78,119.2248,0.0,Low,Low,19,0,0
2023-05-01,-0.0096321539640262,85.60174757150047,-0.3193540109050036,0.2021922899274111,0.2756883262471818,0.0384764659993999,0.0660261609483622,0.3878962977106769,0.4752637397061117,0.1627551301582206,0.7071533411573024,0.3353417365278033,0.1368364410041732,-0.0010097056190087,97.90577091929056,-0.0011466504452087,90.59290031236046,3.59,16.08,119.4435,0.0,Low,Low,20,0,0
2023-05-02,-0.0062346811919594,85.06804796591757,-0.3235976216515969,0.2034257376157214,0.27619594015361,0.0384764659993999,0.0660261609483622,0.3889560912062077,0.4770935584008774,0.1620859287438545,0.7071971763280679,0.3370393457819611,0.1342218670204782,-0.0112392656371824,96.80538195251552,-0.0087217651425973,89.80277031224931,3.44,17.78,119.6105,0.0,Low,Low,21,0,0
2023-05-03,-0.0087355834010365,84.32492893814792,-0.3295063910403188,0.1996855471596842,0.2763666936287002,0.0384764659993999,0.0660261609483622,0.3837672092718187,0.4692956608424468,0.1626951674760631,0.7063520312361676,0.3398189960353188,0.1275218179086523,-0.0068638764963064,96.14092176661568,-0.0065439613809992,89.21510445141921,3.38,18.34,119.1233,0.0,Low,Low,22,0,0
2023-05-04,-0.0038339024723516,84.00163538461108,-0.3320769981454053,0.1934837633243299,0.2719115126155906,0.0379326024954512,0.0660261609483622,0.3740324399144757,0.4556686034082189,0.1613422898800944,0.7071189681491812,0.3401657669692806,0.1238810015786237,-0.0070829396847884,95.45996141650278,-0.0035298508963435,88.900188435004,3.37,20.09,119.0465,0.0,Low,Low,23,0,0
2023-05-05,0.027329242242414,86.29733642679605,-0.3138231686284407,0.197515539175751,0.274752997469501,0.0379326024954512,0.0660261609483622,0.3773583610289582,0.457436222471573,0.1686177192185738,0.7057428376932048,0.3427687949084202,0.1230630556533748,0.0185123935212052,97.22715378776417,0.0212546215115438,90.78972829249491,3.44,17.19,118.5548,0.0,Low,Low,24,0,0
2023-05-08,-0.0071099752623261,85.6837644995969,-0.3187018689250738,0.1981237819599779,0.2717560957674172,0.036305345178601,0.0622314259094387,0.3727574406385016,0.4542210675725777,0.1598661691851021,0.7148995697468369,0.3498443498283123,0.1323887467393642,0.0002665726542956,97.25307188821895,0.0024773866173888,91.01464955036312,3.52,16.98,118.5759,0.0,Low,Low,25,0,0
2023-05-09,-0.0055586033566976,85.20748243863495,-0.3224889350033787,0.1968098822821321,0.2694770237636616,0.036305345178601,0.0622314259094387,0.3693683628420781,0.4521236969095992,0.1531716270630527,0.715882707164215,0.3482732581663135,0.1313834692369034,-0.0043851909741595,96.82659859516546,-0.0063332639392049,90.43822975242644,3.53,17.71,118.8239,0.0,Low,Low,26,0,0
2023-05-10,0.0110296224152075,86.14728879688353,-0.3150162437743408,0.1986004122172251,0.266554291108072,0.0341977653059054,0.0622314259094387,0.3629200547964434,0.4421756834982097,0.1544452004047155,0.716095866110536,0.3496248598407458,0.1287167655020608,0.0046721809923304,97.2789899886738,0.0108818046479508,91.42236090129884,3.43,16.94,118.5864,0.0,Low,Low,27,0,0
2023-05-11,-0.0026547794698011,85.91858674320653,-0.3168347245875159,0.1876078330383389,0.2667845593751106,0.0341977653059054,0.0622314259094387,0.3605023245493896,0.4387963766295313,0.1539724108956887,0.7181592065499444,0.3444717310932821,0.1299995624402012,-0.0017439585643659,97.10933946095018,0.0032602532557299,91.72042095107382,3.39,16.93,119.0303,0.0,Low,Low,28,0,0
2023-05-12,-0.0042564283756769,85.55288043259468,-0.3197425686510589,0.1871513825686594,0.2665378437085456,0.0341977653059054,0.0622314259094387,0.3718556413675701,0.4474647939884016,0.1681517709092601,0.7810933565131154,0.3437702792542587,0.1312713485952802,-0.001310041270283,96.9821222185264,-0.0035868665589458,91.391432040392,3.46,17.03,119.3671,0.0,Low,Low,29,0,0
2023-05-15,0.0093293512004034,86.35103330035649,-0.3133962081673201,0.181030313709231,0.2657628237923848,0.0341977653059054,0.0622314259094387,0.3738238557727442,0.4504544736909049,0.1677745800292367,0.7824913647897319,0.3417896693675468,0.1287542889388429,0.0034499613883109,97.3167067955368,0.0054148459572327,91.88630256670162,3.5,17.12,119.1608,0.0,Low,Low,30,0,0
2023-05-16,0.0030448364444101,86.6139580735619,-0.3113056119190778,0.1794337397648572,0.2636472723299435,0.0341977653059054,0.0622314259094387,0.3695669164563862,0.4448513428813936,0.1663879925100918,0.7822958507755428,0.3403774735105999,0.1271490311283571,-0.0066825706770735,96.66638102431556,0.0011323793243098,91.99035271591544,3.54,17.99,119.1743,0.0,Low,Low,31,0,0
2023-05-17,0.0167986728219036,88.06895761704975,-0.2997364602194252,0.1856070974515542,0.2617544282473848,0.0317372246327523,0.0618016702734922,0.3670831708445803,0.4411110068796869,0.1666848075936883,0.7820843583792302,0.3440751862033813,0.1255778109630786,0.0121389336940989,97.83980781401824,0.0121037718410037,93.10378295676232,3.57,16.87,119.607,0.0,Low,Low,32,0,0
2023-05-18,0.0196677564717676,89.80107642818432,-0.2859638474529627,0.1908061908285448,0.2594569148941967,0.0317372246327523,0.0618016702734922,0.3676517409777084,0.4477909217689998,0.1517984098513803,0.8005803801774282,0.3533667418292523,0.1219942695168948,0.0096330891784992,98.7823074078979,0.0185735540564777,94.83305110237234,3.65,16.05,120.0886,0.0,Low,Low,33,0,0
2023-05-19,-0.0009931863396132,89.71188722579329,-0.2866730184056624,0.1909751812852606,0.2593984780323844,0.0317372246327523,0.0618016702734922,0.3672242063973684,0.4472220681757301,0.1516408326278133,0.8010496506980366,0.3534668351870798,0.122802669888214,-0.0014550422139389,98.63857498062912,-0.0022531722062187,94.61937590739754,3.7,16.81,119.7751,0.0,Low,Low,34,0,0
2023-05-22,0.0019747031212911,89.88904156951497,-0.285264409388607,0.1908829760770058,0.2582238313976042,0.0317372246327523,0.0618016702734922,0.3662351356547701,0.4470677304852843,0.1486318924436539,0.8011429647535171,0.3512812131193691,0.1252090109405634,0.0004060532620362,98.6786274957626,0.0033579310911915,94.93710125158611,3.72,17.21,120.0875,0.0,Low,Low,35,0,0
2023-05-23,-0.007421423081295,89.22193696165549,-0.2905687645977934,0.1925400761004454,0.2580056083012859,0.0317372246327523,0.0618016702734922,0.3655048636718478,0.4485987696623535,0.1424112118207293,0.8036229317709243,0.3496216997621991,0.1123407141038476,-0.0112227052765803,97.5711863422802,-0.0126763008236844,93.73364999679244,3.7,18.53,120.3204,0.0,Low,Low,36,0,0
2023-05-24,-0.0068757478368076,88.6084694215956,-0.2954466348799739,0.1927384896905478,0.2579548154866189,0.0317372246327523,0.0618016702734922,0.3659922177263935,0.4485677806416071,0.1440531885223959,0.8049329537538857,0.3484021424004555,0.1111343837521916,-0.0072448228558374,96.86430038139648,-0.0051297761183857,93.25281735754976,3.73,20.03,120.4752,0.0,Low,Low,37,0,0
2023-05-25,0.0326422881733692,91.5008526150565,-0.2724484009022089,0.2049868960987486,0.2601644803759395,0.0317372246327523,0.0618016702734922,0.356439182995641,0.4318141628167612,0.1503720470184663,0.8093219289140529,0.3848408478402791,0.1455635887365491,0.0086598953285519,97.70313508377278,0.0243330227203,95.52194028104302,3.83,19.14,120.8413,0.0,Low,Low,38,0,0
2023-05-26,0.036394004142127,94.83093502413703,-0.2459698849910326,0.2282275704399174,0.2636824106266875,0.0317372246327523,0.0618016702734922,0.356629675684865,0.4348690452777023,0.1439260842619553,0.8088056112792031,0.4043837486840702,0.1418427948733112,0.0129506900160047,98.96845809983456,0.0255503938413208,97.9625634757108,3.8,17.95,120.6304,0.0,Low,Low,39,0,0
2023-05-30,0.0214221269000075,96.86241534827046,-0.2298169561808833,0.233257120375706,0.2648447575445118,0.0317372246327523,0.0618016702734922,0.3573375381172066,0.4322599297950154,0.1523728415275317,0.8095242782390226,0.4130297996112695,0.1483545107111182,0.0003807957234318,99.00614486543364,0.0045353434906707,98.4068573502998,3.69,17.46,120.5546,0.0,Low,Low,40,0,0
2023-05-31,-0.0051724694802816,96.36139746109517,-0.2338007044692682,0.2346981247073266,0.2530770083290869,0.0317372246327523,0.0618016702734922,0.337199612588495,0.417843987283245,0.1178041762466269,0.8055780434002626,0.4170522854045855,0.1541170740479967,-0.0055451517585147,98.4571407671293,-0.0056862280369809,97.84729351900332,3.64,17.94,120.9662,0.0,Low,Low,41,0,0
2023-06-01,0.0061530087122745,96.95430997920025,-0.2290862735285289,0.228558688521536,0.2495243866838905,0.0317372246327523,0.0618016702734922,0.3307383192456495,0.4050917458787158,0.1253602092514692,0.809040037001037,0.4124066265053263,0.1486820263721111,0.0095010620853273,99.3925881743016,0.0115520693279791,98.97763223728997,3.61,15.65,120.0491,0.0,Low,Low,42,0,0
2023-06-02,0.0091113655673564,97.83769614075152,-0.2220621967457544,0.224055583463004,0.2488598131554563,0.0290815265783022,0.0618016702734922,0.3303002159159921,0.4048776847003304,0.1243293037755155,0.8096524905713025,0.4069916627105823,0.147599929113641,0.0144610810432592,100.82991244698948,0.007499688533515,99.71993365085444,3.69,14.6,120.0049,0.0,Low,Low,43,0,0
2023-06-05,-0.0124214427970642,96.62241079474262,-0.2317253066685508,0.2271818030534334,0.2501815709507884,0.0290815265783022,0.0618016702734922,0.3321260792859231,0.4044002471592161,0.1313643406134859,0.8139562838072262,0.4098927605081313,0.1481465262419345,-0.0019162010981771,100.63670205802946,0.0007049188097123,99.7902281077882,3.69,14.73,120.0048,0.0,Low,Low,44,0,0
2023-06-06,0.0132153820887668,97.89931287173292,-0.2215722630470455,0.2269996295152755,0.2489130444450347,0.0290815265783022,0.0618016702734922,0.3296532967678516,0.3991767843854144,0.1352628258411204,0.8121882940541173,0.4141041803857038,0.149934097317707,0.0021773465805001,100.85582303712832,-0.0001690894044439,99.77335463754812,3.7,13.96,119.9718,0.0,Low,Low,45,0,0
2023-06-07,-0.0244660111090184,95.50410719544784,-0.2406172847069047,0.2354441122510918,0.2529471052378685,0.0290815265783022,0.0618016702734922,0.3395080051794865,0.4081183040723792,0.147844032201164,0.8131071386030743,0.4186330934431452,0.1519878320299696,-0.0034577479199449,100.50708902480736,-0.0169653950185977,98.08066026379149,3.79,13.94,119.859,0.0,Low,Low,46,0,0
2023-06-08,0.0184137689652696,97.26269776057916,-0.2266341868312785,0.2385924628183199,0.2504818882191642,0.0290815265783022,0.0618016702734922,0.3349821843555197,0.4029269862609238,0.1445853026742426,0.8128673428855352,0.4144394286290407,0.1562402503354558,0.0060487031682627,101.1150265726246,0.0124133202426037,99.29816690925192,3.73,13.65,119.5712,0.0,Low,Low,47,0,0
2023-06-09,0.0064116131490956,97.8863085524574,-0.2216756644145048,0.2255630869310152,0.2495535710640268,0.0287541166597038,0.0618016702734922,0.3311735069434304,0.3998671050363344,0.1391983217082181,0.806525352219973,0.3984686029862614,0.1678366998984001,0.0017942605499245,101.29645327580845,0.0038228356214173,99.67776747885408,3.75,13.83,119.4322,0.0,Low,Low,48,0,0
2023-06-12,0.0120159875984559,99.06250922208238,-0.2123233288505329,0.2258415434399402,0.2439058417271944,0.0283289628095584,0.0578869320343869,0.3185570538853358,0.3959379726797098,0.1057017255142866,0.8030548216479806,0.408471592662176,0.1738406578192833,0.0090719341453455,102.21540802908363,0.0168970240930999,101.36202511749067,3.73,15.01,119.6376,0.0,Low,Low,49,0,0
2023-06-13,0.0049756815478962,99.555412721307,-0.2084041005721861,0.221743682986002,0.2381459565976438,0.0283289628095584,0.0578869320343869,0.3236582501711165,0.3996066904328457,0.1144592493283227,0.8034478536524965,0.4055248348081384,0.1741997055110652,0.006592725452408,102.88928615122526,0.007683833557146,102.14087404750872,3.84,14.61,119.1899,0.0,Low,Low,50,0,0
2023-06-14,0.0060091759837259,100.1536587164818,-0.2036472615045286,0.2191098815907887,0.2370613067665259,0.0283289628095584,0.0578869320343869,0.3244979824331758,0.4020905130630193,0.1114630866881322,0.8042828465643067,0.4052351940693908,0.174677750079931,0.001190972550696,103.01182446679206,0.0072675990301298,102.88319296467304,3.83,13.88,118.776,0.0,Low,Low,51,0,0
2023-06-15,0.0104081629902342,101.19607432047124,-0.1953586924045484,0.2152565612305078,0.235208966072602,0.0281146980883504,0.0508208585047649,0.3204687911055611,0.3986729628028472,0.1058130124899958,0.8031594609340241,0.3995108474160699,0.1677342901793102,0.0123976709319393,104.28893116863006,0.0119157910388876,104.10912759345364,3.72,14.5,118.5521,0.0,Low,Low,52,0,0
2023-06-16,-0.0004360230807783,101.15195049638336,-0.1957095345864077,0.2141043233705608,0.232617298707502,0.0281146980883504,0.0508208585047649,0.3166521006588566,0.3981493462838948,0.0940287288886621,0.8035990803354339,0.39975269879106,0.1693721732848008,-0.0034061421605259,103.9337082433004,-0.0062929255593116,103.45397660346316,3.77,13.54,118.4184,0.0,Low,Low,53,0,0
2023-06-20,0.0110562566401015,102.2703124207182,-0.1868170927876083,0.2052255704703858,0.2305750524795189,0.0281146980883504,0.0508208585047649,0.3107935710050613,0.3940038710199028,0.0835139703021395,0.8076270810294292,0.4021160777108574,0.1774188606154191,-0.0051881692283424,103.39448257640498,-0.0014316193041465,103.3058698934669,3.74,13.88,118.938,0.0,Low,Low,54,0,0
2023-06-21,-0.012222189006564,101.02034533255184,-0.1967559679764654,0.2085191802674796,0.2288735212505083,0.0281146980883504,0.0508208585047649,0.3086751322763162,0.4034856242875046,0.054480089625689,0.8032335516441278,0.4089479190540264,0.1733144728097699,-0.005123776103645,102.86471239733126,-0.0136275487957131,101.8980641106101,3.72,13.2,118.727,0.0,Low,Low,55,0,0
2023-06-22,0.0034904687948806,101.3729536955832,-0.193952269748013,0.2059498317011401,0.2264229636240377,0.0281146980883504,0.0508208585047649,0.30367300604893,0.3983135679657363,0.0495539117056597,0.8030397541097604,0.4093400214955938,0.1719684404616057,0.0036096198899919,103.23601490917898,0.0117987497829186,103.10033387241498,3.8,12.91,118.7552,0.0,Low,Low,56,0,0
2023-06-23,-0.0031273343015176,101.05592658024484,-0.1964730504634905,0.2069634225527253,0.2253485953070681,0.0281146980883504,0.0508208585047649,0.3009795562358512,0.3962453454634089,0.045085307112637,0.8050906701195467,0.4110512317696461,0.174763917042852,-0.0075599297099243,102.45555789293287,-0.0099134398010538,102.07825491910224,3.74,13.44,119.152,0.0,Low,Low,57,0,0
2023-06-26,-0.0185812444114332,99.17818170923346,-0.2114035811040018,0.2172522181938191,0.2271524354012336,0.0281146980883504,0.0508208585047649,0.3042977851340991,0.3992022905901105,0.0494620497585349,0.8051761248071653,0.4168073405935018,0.1747757333602634,-0.0040856981359813,102.0369554110288,-0.013405452323952,100.70984973947196,3.72,14.25,119.0761,0.0,Low,Low,58,0,0
2023-06-27,0.0192842164518262,101.09075523261288,-0.1961961170688761,0.2193476521020231,0.2274547230792021,0.0280067034050526,0.0508208585047649,0.3078442262948435,0.4035219554207583,0.0520957946894127,0.7953501809692841,0.4163613882281939,0.173639853057448,0.0109633717643733,103.1556244869047,0.0171941710196892,102.44147211925964,3.77,13.74,118.8949,0.0,Low,Low,59,0,0
2023-06-28,-0.0045072549713294,100.63511342353524,-0.1998190661161913,0.2210014342637948,0.2216338346384273,0.0280067034050526,0.0508208585047649,0.2960768505912318,0.3916868456013522,0.039692615494948,0.7954905516812736,0.4180529463845356,0.1745816805009724,0.000504470596732,103.20766346634586,0.0019515276515398,102.64138948476484,3.71,13.43,119.3382,0.0,Low,Low,60,0,0
2023-06-29,0.0071528143523918,101.35493770718568,-0.1940955204477971,0.2209726038030726,0.2215480585035649,0.0280067034050526,0.0508208585047649,0.2955951445615417,0.3893100305320189,0.0446647420995878,0.7795301725241526,0.4217489291809503,0.1861504773534943,0.0039412405072871,103.61442969026189,-0.0020024672511125,102.43585346371287,3.85,13.54,119.527,0.0,Low,Low,61,0,0
2023-06-30,0.0189330527517921,103.27389608945042,-0.1788372884235296,0.2220180015516389,0.2195244513617817,0.0280067034050526,0.0508208585047649,0.2904322471305599,0.3774537344492144,0.0540620057155042,0.790233812203487,0.4229788778707237,0.1871922559793131,0.0118005714728484,104.83713917344024,0.015420161070736,104.01543082354164,3.81,13.59,119.3606,0.0,Low,Low,62,0,0
2023-07-03,0.007045974922481,104.0015613714436,-0.1730513965504851,0.2179544862382773,0.2193736954170656,0.0280067034050526,0.0508208585047649,0.2886983747060093,0.3755429352610671,0.0526307406544027,0.7901532660530854,0.4170702248736954,0.1878053549151366,0.0011505768465485,104.9577623584316,0.0023548945972635,104.26037619962004,3.86,13.57,119.2119,0.0,Low,Low,63,0,0
2023-07-05,-0.0047068910180438,103.5120373563618,-0.1769437535044459,0.2191040202215588,0.2193485203114763,0.0280067034050526,0.0508208585047649,0.291871583157996,0.3791641960007145,0.0549459581391759,0.7905145089451482,0.4189098186433921,0.1877702970995892,-0.0014871400985723,104.80167546137196,-2.6777422788004657e-05,104.25758437544653,3.95,14.18,119.3483,0.0,Low,Low,64,0,0
2023-07-06,-0.0093157082401335,102.54774941700812,-0.1846111053620178,0.2228136735029895,0.2161496761644305,0.0280067034050526,0.0508208585047649,0.2873817747829609,0.3763655697908075,0.0469019834494095,0.7801458195116077,0.4208753289298801,0.1877750803235611,-0.0078307408227806,103.98100070304078,-0.0076159883794625,103.46355982437228,4.05,15.44,119.8193,0.0,Low,Low,65,0,0
2023-07-07,0.005290736791209,103.0903025677044,-0.1802970973380133,0.2199328389638002,0.2160965599700525,0.0280067034050526,0.0508208585047649,0.2872168596974573,0.3773486260119058,0.0443064033240587,0.7762618842927352,0.4189625277362194,0.1939740327255963,-0.0025247939883379,103.71847009756436,-0.0033200036372941,103.12006042942797,4.06,14.83,119.0761,0.0,Low,Low,66,0,0
2023-07-10,0.0020562945202004,103.30228659196015,-0.1786115467510771,0.2172776179823318,0.2158829716500007,0.0277619321870893,0.0508208585047649,0.2848376342469934,0.3741948993532342,0.0436466818904741,0.7751976408763565,0.4186513992488597,0.1911884289053382,0.0025311847082727,103.98100070304078,0.0003273436045274,103.15381612170802,4.01,15.07,118.9548,0.0,Low,Low,67,0,0
2023-07-11,0.0078398571141781,104.11216175840904,-0.1721719786423696,0.2013839426026363,0.2159017375564607,0.0277619321870893,0.0508208585047649,0.2857213886677607,0.3737371814628787,0.0478523589150682,0.7732040871290177,0.3810614406745666,0.162283009536017,0.0063686115438759,104.64321530446192,0.0049407024919774,103.66346843807752,3.99,14.84,118.7344,0.0,Low,Low,68,0,0
2023-07-12,0.0135706187299578,105.52502821078409,-0.1609378401905499,0.1795463199931379,0.216203305736849,0.0277619321870893,0.0508208585047649,0.2947231368372495,0.3854243042135928,0.0512083239148497,0.7729044725012325,0.3629283514643044,0.1632966767647286,0.0080458534339118,105.4851592776549,0.0126299967319039,104.97273770566828,3.86,13.54,117.6385,0.0,Low,Low,69,0,0
2023-07-13,0.0318916202950586,108.89039234210776,-0.1341787883859551,0.1907745549085583,0.2207057437163114,0.0277619321870893,0.0508208585047649,0.3022854068253171,0.3838156731629688,0.0809386806603254,0.7689269774823853,0.3713277317336033,0.1841423693425226,0.0079368509292991,106.32237926209504,0.0169787326887167,106.75504175877558,3.76,13.61,117.1831,0.0,Low,Low,70,0,0
2023-07-14,-0.0043037039126874,108.42176033453096,-0.1379050265220662,0.1904287192129174,0.2206862458711064,0.0277619321870893,0.0508208585047649,0.3031251240409141,0.3849056721404929,0.0816380862131333,0.7631115079723626,0.3679901391291358,0.182719999362982,-0.0006227376226836,106.25616831639528,-0.0002109350604483,106.73252337758905,3.83,13.34,117.0463,0.0,Low,Low,71,0,0
2023-07-17,0.0089123035214505,109.38804797096228,-0.1302217744541139,0.1908662310585336,0.2194066444447695,0.0277619321870893,0.0508208585047649,0.2992788692305245,0.3807979656936902,0.0781870237380413,0.7624881754069736,0.3643804416639886,0.1837727106650696,0.0034722857862392,106.62512009934056,0.0093384491025945,107.72923961474211,3.81,13.48,117.1267,0.0,Low,Low,72,0,0
2023-07-18,0.0041000988143575,109.83654977675292,-0.1266555977827992,0.1902745565350029,0.2192774683419429,0.0277619321870893,0.0508208585047649,0.2980407232689501,0.3787401772743267,0.0787681247409409,0.7626488110009059,0.3677733585914367,0.1836773545015393,0.0074305028014416,107.41739835294275,0.008180671310767,108.6105371145892,3.8,13.3,117.0264,0.0,Low,Low,73,0,0
2023-07-19,0.0017660128890052,110.03052253934256,-0.1251132603119429,0.184018305384178,0.2126622864525155,0.0277619321870893,0.0508208585047649,0.2844226292308964,0.3681249764752286,0.0577423628187292,0.7550444718617787,0.362925887550478,0.178030977459723,0.0022236443366041,107.65625644244304,-0.0002331975297498,108.58520940562926,3.75,13.76,117.3462,0.0,Low,Low,74,0,0
2023-07-20,-0.032943826922028,106.40569604866614,-0.1539353776406037,0.2114076596397466,0.2204349379134656,0.0280067034050526,0.0508208585047649,0.2985058882693808,0.3849332815324414,0.0661277923408148,0.7592185629907505,0.3785618211244548,0.1790026471901926,-0.006634296632637,106.94203290284464,-0.0230519635959356,106.08210711135364,3.85,13.99,117.5947,0.0,Low,Low,75,1,0
2023-07-21,0.0003035208761798,106.43799239876137,-0.1536785793651203,0.1951423584308966,0.2158429105998013,0.0280067034050526,0.0508208585047649,0.2988516839027078,0.3835913863203965,0.0713784973895589,0.7450598969808365,0.3682317186056194,0.173573033078882,0.0,106.94203290284464,-0.0029992964379034,105.76393542536924,3.84,13.6,117.9418,0.0,Low,Low,76,0,0
2023-07-24,-0.0055194668919191,105.85051142367404,-0.1583498224262366,0.1917523744094783,0.2115919370563138,0.0280067034050526,0.0508208585047649,0.2912001021236031,0.3748528519251932,0.0656523063819917,0.7465707951921203,0.3673149192358381,0.1830134001864476,0.0044671976646128,107.41976410247716,0.0015972930008645,105.9328714191681,3.86,13.91,117.8124,0.0,Low,Low,77,0,0
2023-07-25,0.0063540988527825,106.52309603687766,-0.1530018939984709,0.191743281091851,0.2115028130385316,0.0280067034050526,0.0508208585047649,0.2930110051040861,0.3767221988985126,0.0675414182087836,0.7451630257286966,0.3625778691311633,0.1761063602307844,0.0027302037158456,107.71304194158502,0.0067777726004789,106.65086033256298,3.91,13.86,117.8565,0.0,Low,Low,78,0,0
2023-07-26,0.0004151268201637,106.56731663100943,-0.1526502823680419,0.1898858843553428,0.2044386339498005,0.0280067034050526,0.0508208585047649,0.2736835907697449,0.3540738360728756,0.0549923028407017,0.7403943240958237,0.3506727265967302,0.1621208585021254,0.0001536046685779,107.72958716769398,-0.0033264777436505,106.29608861932552,3.86,13.19,117.76,0.0,Low,Low,79,0,0
2023-07-27,-0.0003642229102761,106.52850237280578,-0.1529589065482195,0.1899131751352326,0.2041567338320986,0.0280067034050526,0.0508208585047649,0.2768564930644959,0.3530545222873807,0.0689731001228146,0.7281763643887471,0.3497308298910312,0.161257495852864,-0.0066300595745393,107.01533358683164,-0.0023839858069071,106.04268025272732,4.01,14.41,117.8938,0.0,Low,Low,80,0,0
2023-07-28,0.0208170998719372,108.74611684590838,-0.1353259675101988,0.1971196828417049,0.2063132592117396,0.0280067034050526,0.0508208585047649,0.2820757677435345,0.3604842724062189,0.0688740785880039,0.735803441882541,0.3481251955444296,0.1599674014447066,0.0097902241206331,108.06303768699104,0.0182147390153615,107.97421999802016,3.96,13.33,117.788,0.0,Low,Low,81,0,0
2023-07-31,0.000400137989062,108.7896302984214,-0.1349799785816443,0.1959031393006693,0.2050005893578552,0.0280067034050526,0.0508208585047649,0.2796195161688307,0.3589557910912525,0.0640399614337531,0.7365432149102262,0.3484146114532362,0.165571134533409,0.001904213984752,108.2688128345894,0.0005216669707561,108.0305465822863,3.97,13.63,117.8241,0.0,Low,Low,82,0,0
2023-08-01,0.0028879753774833,109.10381207204874,-0.132481822058758,0.1957087377411481,0.2022688515137373,0.0280067034050526,0.0508208585047649,0.2740365897034665,0.3554443760486233,0.0535356240387541,0.7322785525936678,0.3467569772298804,0.1650754150255198,-0.0028616095171389,107.9589897693726,-0.0023198673926337,107.77993003986164,4.05,13.93,118.5738,0.0,Low,Low,83,0,0
2023-08-02,-0.0285965124535334,105.9838235514024,-0.1572898164379215,0.2137323480348712,0.2062199331907296,0.0281146980883504,0.0508208585047649,0.2849970633890415,0.3707736227231816,0.0550518424370396,0.7319958009741657,0.349216612507873,0.1597301448396879,-0.0139107018134563,106.45720445460888,-0.0219440685080104,105.41479987127836,4.08,16.09,119.1268,0.0,Low,Low,84,1,0
2023-08-03,-0.0048686679503234,105.46782350642496,-0.1613926925000414,0.2107379834996482,0.2061884765261973,0.0281146980883504,0.0508208585047649,0.2832477847180972,0.3676625675653662,0.0567572686724031,0.7260881257490909,0.3414875322691811,0.1596548512240586,-0.0028660022432772,106.15209786782891,-0.0016025002391046,105.24587262927945,4.2,15.92,119.3963,0.0,Low,Low,85,0,0
2023-08-04,0.0036813367666614,105.85608608279892,-0.1583054965861509,0.2107541969181295,0.2052214134399429,0.0281146980883504,0.0508208585047649,0.2734478552264845,0.3554902948847073,0.0519519573399244,0.7244009354870863,0.3469860174624353,0.1540979886211465,-0.0045227976566294,105.671993408346,-0.0046820015856139,104.75311128674984,4.05,17.1,118.821,0.0,Low,Low,86,0,0
2023-08-07,0.0075227268831064,106.65241250731444,-0.1519736587179564,0.210969806253112,0.2051807284869513,0.0281146980883504,0.0508208585047649,0.2724674627822482,0.3524803321687109,0.055541386601953,0.7259081769604766,0.3455743650360789,0.1539886013119594,0.008728489892785,106.59435033476122,0.0084670627124909,105.6400624493433,4.09,15.77,119.0809,0.0,Low,Low,87,0,0
2023-08-08,-0.0050978872602342,106.10871053232016,-0.1562968013995211,0.2030757276491724,0.2026313319647073,0.0281146980883504,0.0508208585047649,0.2670230908371836,0.3505437444072362,0.0413424389492443,0.729009994204433,0.3405823545892714,0.1490616473243369,-0.0043486047897498,106.1308136323352,-0.008502595589788,104.7418477202566,4.02,15.99,119.6407,0.0,Low,Low,88,0,0
2023-08-09,-0.0179036728922458,104.20897488793148,-0.1714021874854059,0.2046976259992345,0.2053782736478202,0.0281146980883504,0.0508208585047649,0.2730234380604015,0.3581840149399023,0.0439159749550456,0.7290151938582131,0.3421988782562866,0.148391256955613,-0.006685141916498,105.42131408148964,-0.010994536697127,103.59025963177132,4.0,15.96,119.476,0.0,Low,Low,89,0,0
2023-08-10,0.0016449750266786,104.38039604917792,-0.1700391647766586,0.2040102588264261,0.2035139760992665,0.0281146980883504,0.0508208585047649,0.2692711668406887,0.3548163541648577,0.0391056923814113,0.7276717273839345,0.3382902459475835,0.1458096037366765,0.0003588407328471,105.45914354309234,0.0018483579369901,103.7817315103566,4.09,15.85,119.1581,0.0,Low,Low,90,0,0
2023-08-11,-0.0080941479028239,103.53552568540054,-0.1767569905305076,0.2049920535133384,0.2034574951874943,0.0281146980883504,0.0508208585047649,0.2704204070135957,0.3571634573871862,0.0375407122616884,0.7276090652165418,0.3353782682642632,0.1335875764828434,-0.0005829693335769,105.39766409646144,-0.0063756026354471,103.1200604294279,4.16,14.84,119.6268,0.0,Low,Low,91,0,0
2023-08-14,0.0173078321238713,105.3275011828202,-0.1625084387254591,0.2037927688432459,0.2050302111961195,0.0281146980883504,0.0508208585047649,0.2731778614411734,0.3602022763386202,0.0398365269118414,0.7274433579705165,0.3370265555011515,0.1326654570050114,0.0055200620733535,105.97946574466036,0.011222105988037,104.27728467705973,4.19,14.82,120.0725,0.0,Low,Low,92,0,0
2023-08-15,-0.0131913680995782,103.93808734370889,-0.1735560981905219,0.2067669823356645,0.2057610792500659,0.0281146980883504,0.0508208585047649,0.2752083064605383,0.360486532797896,0.0459753545435348,0.728964663408073,0.3363124972472479,0.1346404766775764,-0.0116488436903887,104.7449275138099,-0.0106116238981387,103.1707333509476,4.21,16.46,120.2127,0.0,Low,Low,93,0,0
2023-08-16,-0.0181003003076626,102.05677674938369,-0.1885149810007099,0.2130009933616251,0.2085688458593397,0.0281146980883504,0.0508208585047649,0.282289521462629,0.3675566376198181,0.0534890972098857,0.7299468197521614,0.33781591182508,0.1379163879159359,-0.0073383104821053,103.97627671428796,-0.010589034277088,102.07825491910212,4.28,16.78,120.3551,0.0,Low,Low,94,0,0
2023-08-17,-0.0216353115856394,99.84874658498472,-0.2060717122338381,0.2203554521806119,0.2122801280556446,0.0281146980883504,0.0508208585047649,0.2908356704792816,0.3712560370805384,0.0731506912074461,0.7413975285128251,0.3461748958251658,0.1369777332605944,-0.007619870502723,103.1839909503698,-0.0109228754166672,100.96326685786995,4.3,17.89,120.5242,0.0,Low,Low,95,0,0
2023-08-18,-0.0040597345410119,99.44338717959693,-0.2092948503267688,0.2197770481006833,0.2124509851749943,0.0280067034050526,0.0508208585047649,0.2917932517316088,0.3693778008912261,0.0800604734195188,0.7523257058263525,0.3444803355276769,0.1290750915215051,0.0004812588543767,103.2336491596446,-0.0012549966254302,100.83655829867092,4.26,17.3,120.4321,0.0,Low,Low,96,0,0
2023-08-21,0.020628020617646,101.49470742062618,-0.1929841681968307,0.2285172930611507,0.2143307363267162,0.0278496637966431,0.0508208585047649,0.2940882278015261,0.3711933942111171,0.0835418239747663,0.7536034608672377,0.3519484488023545,0.1342644879989142,0.0065062369139752,103.90531173857144,0.0161115338842654,102.46118992447266,4.34,17.13,120.4627,0.0,Low,Low,97,0,0
2023-08-22,-0.0069014247821299,100.79424933157846,-0.1985537272580082,0.2278420856162629,0.2122419410012848,0.0278496637966431,0.0508208585047649,0.2889992902191943,0.3667879713989966,0.0762222216927672,0.7580514768225259,0.3507526833702877,0.1358600845485132,-0.0027085628837907,103.62387766776764,-0.0014289201688977,102.31478106366032,4.34,16.97,120.3554,0.0,Low,Low,98,0,0
2023-08-23,0.0238137984418018,103.1945432692534,-0.179468247256997,0.2353370376960084,0.2154355052318567,0.0278496637966431,0.0508208585047649,0.29652653692532,0.3725376853135393,0.0878457367223205,0.7663483463826375,0.3543884155258824,0.1388898165014512,0.0111377833394781,104.77801796602782,0.0157684137828035,103.92812286756909,4.19,15.98,120.0307,0.0,Low,Low,99,0,0
2023-08-24,-0.0278805079657631,100.31742698361168,-0.2023450893255099,0.2271624291421605,0.2209199654551314,0.0279893946816715,0.0508208585047649,0.3092249495860013,0.3884089855835275,0.0937739927414964,0.7695480423401556,0.3413972774957097,0.1054387009764419,-0.0138590816440117,103.32589086053892,-0.0213754763450819,101.70660973562458,4.23,17.2,120.2354,0.0,Low,Low,100,0,0
2023-08-25,0.0075284352031323,101.07266023240275,-0.1963399960160368,0.2289860978998593,0.2211202408723924,0.0277407770807346,0.0418220142871691,0.3093132837607311,0.3887705152317689,0.0931452503794224,0.7708306829940369,0.3428268129480282,0.1058705622990567,0.0070497872416512,104.05431640765978,0.007751422354723,102.4949806239524,4.25,15.68,120.5137,0.0,Low,Low,101,0,0
2023-08-28,0.0074293117623256,101.82356053591688,-0.1903693552955281,0.2283982990229047,0.2196173300491629,0.0277407770807346,0.0418220142871691,0.3096814671574913,0.390317439402251,0.0913903232689217,0.7617895969194443,0.3405294471152509,0.1043225312231475,0.0063413885619276,104.71416525954652,0.0075269165181706,103.2664517866404,4.2,15.08,120.3155,0.0,Low,Low,102,0,0
2023-08-29,0.0321002933159315,105.09212669559231,-0.1643799741229479,0.2487141399556737,0.2241087048184831,0.0277407770807346,0.0418220142871691,0.320984217538393,0.3984190298569366,0.1104683057908051,0.7685044626031892,0.352858727937693,0.1080917006770818,0.0144547929021838,106.22778683229836,0.0218398259648138,105.52177312166448,4.12,14.45,120.2669,0.0,Low,Low,103,0,0
2023-08-30,0.0007360689406221,105.16948174595686,-0.1637649001757379,0.2486198395911278,0.2235814760922879,0.0277407770807346,0.0418220142871691,0.3206321892701048,0.3989267634511599,0.1081576430328241,0.7674402864923885,0.3515608249668963,0.1090957499701882,0.0041188468812414,106.66532282079372,0.005576856423213,106.11025289988685,4.12,13.88,119.7937,0.0,Low,Low,104,0,0
2023-08-31,-0.0002513638699311,105.14304593802656,-0.163975099466602,0.2299120519166793,0.2233714693748984,0.0277407770807346,0.0418220142871691,0.3177379172543074,0.3971425685693348,0.1022176792103848,0.7713786918871876,0.3397814224209264,0.100619905578177,-0.001463403505916,106.50922841341811,0.0029985833516434,106.42843333767114,4.09,13.57,120.225,0.0,Low,Low,105,0,0
2023-09-01,-0.0021057925085386,104.92163649956532,-0.165735594439097,0.2299634520873378,0.2214098614531248,0.0277407770807346,0.0418220142871691,0.3113687007430916,0.3829539078112008,0.1136659849673388,0.7714271899955571,0.3424427105460711,0.1034211636705079,0.0018652880284513,106.70789880209726,-0.0010582408253176,106.31580642453862,4.18,13.09,120.759,0.0,Low,Low,106,0,0
2023-09-05,0.0101282937393247,105.98431365364358,-0.1572859194833129,0.2313901629014716,0.221749859599956,0.0277407770807346,0.0418220142871691,0.3177739556840381,0.3915008391657087,0.1155358947650798,0.7709039476099399,0.3422143062011405,0.1001148674440259,-0.0043220886113679,106.24669780794171,0.0012711684072586,106.45095171885772,4.27,14.01,121.4345,0.0,Low,Low,107,0,0
2023-09-06,-0.0091480018524145,105.01476895601316,-0.1649950694529355,0.2321361168577695,0.21727393212161,0.0277407770807346,0.0418220142871691,0.314075413884843,0.3916868716239111,0.1027766228064447,0.7671562591934354,0.343841858273354,0.0999574060832729,-0.006722454202967,105.53245924771136,-0.0088080385282932,105.51332763474454,4.3,14.45,121.8671,0.0,Low,Low,108,0,0
2023-09-07,-0.0040368547105611,104.5908395912746,-0.1683658630401561,0.2323634449401597,0.2170460138111964,0.0277407770807346,0.0418220142871691,0.3119337245286169,0.3902184127181246,0.098646650177795,0.7712757531581786,0.3394629407384879,0.0998747377965295,-0.0030700983733815,105.208464216236,-0.0071515983578888,104.75873869409654,4.27,14.4,121.9528,0.0,Low,Low,109,0,0
2023-09-08,-0.0015363739364089,104.43014895133942,-0.1696435640528093,0.2323814360783665,0.2162161844659479,0.0277407770807346,0.0418220142871691,0.3114885452411985,0.3911634669453779,0.0952002655211104,0.7671904813962415,0.3367483440117503,0.1001598521030574,0.00150593991788,105.36690184219808,0.00139758136302,104.9051475549089,4.26,13.84,121.9475,0.0,Low,Low,110,0,0
2023-09-11,0.0041041942612399,104.85875056936597,-0.166235619933611,0.2239161490641246,0.215751879088704,0.0277407770807346,0.0418220142871691,0.307014500384071,0.3882760986374573,0.0863471166008431,0.7728693182639703,0.3401659714214334,0.1155424366353479,0.006576655694882,106.05986367725065,0.0117829820299073,106.14124302339316,4.29,13.8,121.3386,0.0,Low,Low,111,0,0
2023-09-12,-0.0144794701243563,103.34045142321948,-0.1783080863655348,0.2271696071136155,0.2168041530067276,0.0271945232927756,0.0363046807327483,0.3056026780991071,0.3895672216997197,0.0785161653259211,0.7731413436754591,0.3543081618501491,0.11434688796638,-0.0054856676064133,105.47805451873572,-0.0110886991212763,104.96427471514848,4.27,14.23,121.2913,0.0,Low,Low,112,0,0
2023-09-13,0.0081018360748166,104.17769882054796,-0.1716508731772661,0.2285654811935913,0.2167595111989814,0.0271945232927756,0.0363046807327483,0.3058044754376398,0.3898795058539963,0.078434101218717,0.7737340241490002,0.3573693493508192,0.1132718729539445,0.0011661568438945,105.60105847389345,0.0038092458800427,105.36410944615884,4.25,13.48,121.0549,0.0,Low,Low,113,0,0
2023-09-14,0.0068394042440787,104.89021221599954,-0.1659854586436959,0.2146273326084811,0.2127855096203685,0.0265830042923286,0.0363046807327483,0.2989719173654052,0.3860822259731852,0.0638572631920225,0.7768309286938443,0.3482876896507889,0.1140080260107051,0.0086223395096767,106.51158665263657,0.0081772479354,106.2256978925927,4.29,12.82,121.2395,0.0,Low,Low,114,0,0
2023-09-15,-0.0156540000213198,103.24826083173406,-0.1790411222918684,0.2188751636338633,0.214325412184072,0.0265830042923286,0.0363046807327483,0.3040239848068293,0.3932644959566336,0.0651366604621714,0.7639159597335451,0.3501560977852452,0.1114790158696823,-0.0120483388917729,105.22829896074516,-0.0171230137005036,104.40679381223228,4.33,13.79,121.199,0.0,Low,Low,115,0,0
2023-09-18,0.0007663834140746,103.32738858636756,-0.1784119530243556,0.2185405202085891,0.2139410875723677,0.0265830042923286,0.0363046807327483,0.3031316993034291,0.3920655347205449,0.0649411422013432,0.7633058162356664,0.3430092080582858,0.1168039097811059,0.0005863893716784,105.29000371685552,0.0010424358396079,104.51563119600073,4.32,14.0,121.1938,0.0,Low,Low,116,0,0
2023-09-19,-0.0005412151882296,103.2714662343045,-0.1788566089538468,0.2171447056266368,0.2134697973910059,0.0265830042923286,0.0363046807327483,0.3021016910764896,0.391067130184103,0.0637550452092055,0.7635110103192836,0.3426299455414889,0.118214338972913,-0.0020737002424643,105.07166381061882,-0.0021312679160022,104.29288038451196,4.37,14.11,121.1645,0.0,Low,Low,117,0,0
2023-09-20,-0.0161911986983934,101.59937740463046,-0.1921519047581474,0.2213117154438916,0.2155164325387708,0.0265830042923286,0.0363046807327483,0.3098971329335769,0.4015991437810366,0.0659044249546423,0.7602173729565099,0.344672252087072,0.1134035385783317,-0.0091933618063699,104.10570198961052,-0.0144104907929898,102.78996879195654,4.35,15.14,120.9648,0.0,Low,Low,118,0,0
2023-09-21,-0.0230167920224598,99.26088566529668,-0.2107459763520696,0.2250982958863007,0.2193005358581485,0.0265830042923286,0.0363046807327483,0.3172569027914801,0.4071837631012615,0.077598576746857,0.7646916826184817,0.3471660840028366,0.112563622801733,-0.0165283550480914,102.38500598459544,-0.0183244644597547,100.90639766200904,4.49,17.54,121.5528,0.0,Low,Low,119,0,0
2023-09-22,-0.0019692803867707,99.0654131499825,-0.2123002388210194,0.2248999095907606,0.2190091779064444,0.0265830042923286,0.0363046807327483,0.3169726980814775,0.4072773688513462,0.0764057316250376,0.7648137179826707,0.3486409722092794,0.1138440741574163,-0.0022485834122557,102.15478475847478,0.0001397250322381,100.9204968116754,4.44,17.2,121.5306,0.0,Low,Low,120,0,0
2023-09-25,0.0053527628975702,99.5956868179242,-0.2080838687649555,0.2249252806324206,0.2190856879233679,0.0265830042923286,0.0363046807327483,0.3184793565312004,0.4095080109775633,0.0763008956541954,0.7651533640635783,0.3483770779247249,0.1128436299650337,0.0042051388446446,102.58435981202896,0.00474964052497,101.39983289313226,4.55,16.9,122.1143,0.0,Low,Low,121,0,0
2023-09-26,-0.0153032690404164,98.07154722728446,-0.2202027743786911,0.2214447492105174,0.2193845953876389,0.0265830042923286,0.0363046807327483,0.3195957503366285,0.4117733535495356,0.0748285274306526,0.7648879814745154,0.3445819240596896,0.1085465798015167,-0.0146911292354189,101.07727972449771,-0.0150161800678032,99.87719474356382,4.56,18.94,122.4742,0.0,Low,Low,122,0,0
2023-09-27,0.0024565296671086,98.31246289254752,-0.2182871793596235,0.2193807106029495,0.2171816318844042,0.0265830042923286,0.0363046807327483,0.3174652122154344,0.4045150474069798,0.0845682004578678,0.7641761568748441,0.3430389439515152,0.1070924998550095,0.0003990055622267,101.11761012132254,0.0023433716353629,100.1112441287455,4.61,18.22,122.9895,0.0,Low,Low,123,0,0
2023-09-28,0.0166258971066549,99.94699578490082,-0.2052905024367037,0.2199917935625776,0.2186968564966537,0.0257142924600141,0.0363046807327483,0.3206186796853167,0.4065549423641721,0.0903587099338441,0.7667490321974669,0.3441746626586704,0.1081346081225617,0.0057974592517477,101.70383534563504,0.0083652914450402,100.94870386280805,4.59,17.34,122.5342,0.0,Low,Low,124,0,0
2023-09-29,0.0034067481922012,100.287490032107,-0.2025831272925546,0.2109754826164689,0.218722588098922,0.0257142924600141,0.0363046807327483,0.3215502662650974,0.4075917722479233,0.0910152835718756,0.7681222972645171,0.3339913782025607,0.1063599639285254,-0.0024267670268947,101.45702383150952,0.0007260749420312,101.02200018711336,4.59,17.52,122.3077,0.0,Low,Low,125,0,0
2023-10-02,0.0197325173826466,102.26641467242754,-0.1868480849906393,0.2179249626834786,0.220366423915352,0.0257142924600141,0.0363046807327483,0.3236190551914017,0.4059360710925462,0.1030997737818353,0.7503127197948443,0.3442583708149924,0.1270628115160548,-0.0003978822449175,101.41665588310478,0.0083458394730588,101.86511358392234,4.69,17.61,123.0545,0.0,Low,Low,126,0,0
2023-10-03,-0.0157706049405339,100.65361144794387,-0.1996719825988905,0.2149866455240686,0.2218342874352316,0.0257142924600141,0.0363046807327483,0.3278660523967784,0.4122753253814089,0.1029599163758363,0.7471335382488441,0.3383891635478698,0.1225776231578737,-0.0133858653147553,100.05910618678064,-0.017549716981205,100.0774096702662,4.81,19.78,123.7848,0.0,Low,Low,127,0,0
2023-10-04,0.0141269446934303,102.075539450063,-0.1883657929604623,0.2179001678061403,0.2165790211872364,0.0257142924600141,0.0363046807327483,0.342376774012966,0.4321028708180783,0.1061850384123852,0.7448394198427467,0.3413362422790698,0.1240036230050737,0.0072818290387317,100.7877194918011,0.0136085790847206,101.439321014358,4.73,18.58,123.5946,0.0,Low,Low,128,0,0
2023-10-05,-0.003545838917253,101.7135960297814,-0.1912437171183567,0.2066121133755867,0.2084163306436179,0.0257142924600141,0.0363046807327483,0.3296181165747546,0.4156460263523732,0.1011333729258245,0.7459124290920558,0.3341255322319242,0.1237017951438348,-0.0003767538128439,100.74974733419472,-0.0029464187652131,101.1404382953908,4.72,18.49,123.8993,0.0,Low,Low,129,0,0
2023-10-06,0.0210528331709692,103.85495539821572,-0.1742171060188764,0.1985744193303236,0.2083140806011909,0.0239207655881855,0.0337321980406499,0.3335179708527083,0.4221979801324523,0.0996051234242529,0.7384103574884969,0.3282854472801533,0.1211916355316298,0.0118728889063819,101.94593789163966,0.0167552890011102,102.83507556872904,4.78,17.45,123.3563,0.0,Low,Low,130,0,0
2023-10-09,-0.0030494096178476,103.53825909836326,-0.1767352563180366,0.1980253547433432,0.2081702424907709,0.0239207655881855,0.0337321980406499,0.3366339766091107,0.4280424327804097,0.0965440988813169,0.7386861765305541,0.3274633147911431,0.1233868906025177,0.0064021825059612,102.59861439176332,0.0051001845676523,103.35955343415804,4.78,17.7,123.3563,0.0,Low,Low,131,0,0
2023-10-10,0.0013976638846785,103.68297078378752,-0.1755846089182632,0.1970608140497915,0.2079814097994203,0.0239207655881855,0.0337321980406499,0.3411539479653042,0.4333636957804732,0.0994983589750125,0.7386466092887648,0.3278952919217712,0.1234910049293963,0.0052048071063481,103.13262038905104,0.0055379759563241,103.9319561559328,4.66,17.03,122.9282,0.0,Low,Low,132,0,0
2023-10-11,0.0055448468502364,104.25787697776114,-0.1710133518337373,0.1739383045450353,0.2076647313115608,0.0239207655881855,0.0337321980406499,0.3397914717614878,0.4331559698250809,0.0955670985196953,0.7353996381626177,0.3148277976014423,0.1171373730351031,0.0040962333004761,103.55507566305404,0.0071352815187915,104.67353992190408,4.58,16.09,122.7697,0.0,Low,Low,133,0,0
2023-10-12,-0.0026310612197387,103.98356812079264,-0.1731944664554089,0.1740532969728236,0.2065441609005353,0.0239207655881855,0.0337321980406499,0.3383896159351447,0.4330318544702277,0.0914791612487826,0.7295680875026705,0.3148122053500112,0.1169197991773389,-0.0060964386093854,102.92375850158398,-0.0034750167847944,104.3097976137516,4.7,16.69,123.2101,0.0,Low,Low,134,0,0
2023-10-13,-0.014468545623578,102.47907712133453,-0.1851571400393256,0.1788170034514548,0.207064466369126,0.0231474513279379,0.0337321980406499,0.342259325906816,0.4420949064373005,0.0830330490695548,0.7364081598987756,0.3124002518270788,0.1171987902027989,-0.0049807659162608,102.41111935326582,-0.0125698609945339,102.99863795737878,4.63,19.32,123.5954,0.0,Low,Low,135,0,0
2023-10-16,0.0219485887321451,104.72834823872049,-0.1672724892247238,0.190492392646927,0.2057216196969462,0.0231474513279379,0.0337321980406499,0.341415112172391,0.4424149468097126,0.0792700130690205,0.7385973864166931,0.3156603259897436,0.1218336727099708,0.0105212942741526,103.48861687692688,0.0113062854388856,104.16316995794136,4.71,17.21,123.3185,0.0,Low,Low,136,0,0
2023-10-17,-0.0052099806459611,104.18271557131328,-0.1716109834392224,0.1885890678538379,0.2038844372077686,0.0231474513279379,0.0337321980406499,0.3369819666928513,0.4368420253694985,0.0773048245515807,0.7370370451292559,0.3153465431033613,0.1183517494977802,-4.586513806092984e-05,103.48387035722608,-0.0032751875034554,103.8220160453748,4.83,17.88,123.1202,0.0,Low,Low,137,0,0
2023-10-18,-0.0164552613438663,102.46836175907362,-0.1852423412011185,0.1926453121844848,0.205699296458938,0.0231474513279379,0.0337321980406499,0.3423573156693713,0.4415460773324239,0.0841876100000099,0.7432962425029515,0.3170574637205132,0.1196412742721845,-0.0133250869064482,102.10493879130044,-0.0131180880815899,102.46006969408332,4.91,19.22,123.8148,0.0,Low,Low,138,0,0
2023-10-19,0.0073839792219759,103.22498601321251,-0.1792261875776017,0.1937906869785339,0.2051160728173019,0.0231474513279379,0.0337321980406499,0.3342315396514536,0.4153238633796488,0.1182096087549608,0.7363291726120152,0.3312380358053959,0.1428019874671678,-0.0087862768964432,101.20781652658566,-0.0093568003728267,101.50137127576988,4.98,21.4,123.798,0.0,Low,Low,139,0,0
2023-10-20,-0.00960281233931,102.23373584379974,-0.1871079244713142,0.1956156051905254,0.2056732845735172,0.0231474513279379,0.0337321980406499,0.3355901998057717,0.4249078127389648,0.1000877643400473,0.7420102791298818,0.338804426846692,0.1472393493465886,-0.0122880651595744,99.96416828244872,-0.0149180389921477,99.98716986132148,4.93,21.71,123.612,0.0,Low,Low,140,0,0
2023-10-23,0.0255922419966532,104.85012635173618,-0.1663041937572223,0.2095563392080567,0.2097612180321127,0.0231474513279379,0.0337321980406499,0.3398090675004584,0.4238491930110611,0.1142313450653421,0.7820705111561067,0.347647160246113,0.1575750705324426,-0.0017331758206158,99.79091280305362,0.0030175701798418,100.28888816346178,4.86,20.37,123.2846,0.0,Low,Low,141,0,0
2023-10-24,0.0079065739348102,105.6791316278104,-0.1597125162260224,0.2060544792876745,0.2094714383592413,0.0231474513279379,0.0337321980406499,0.3406158777507484,0.4264898685454868,0.1115775415910817,0.7706012423299001,0.3370716327479452,0.1611278822641733,0.0075392225844177,100.54325870657806,0.0097279660151687,101.264495059215,4.83,18.97,123.6416,0.0,Low,Low,142,0,0
2023-10-25,-0.0232020943383063,103.22715444619163,-0.1792089456958444,0.2161767867990129,0.2132109895094004,0.0232308373700689,0.0337321980406499,0.3402227612512652,0.4311081930679186,0.0996916961966674,0.7671986234873613,0.3556993055587333,0.1552400670664071,-0.0143520519439465,99.10025663500758,-0.0244756909799359,98.7859765709064,4.95,20.19,123.7871,0.0,Low,Low,143,0,0
2023-10-26,-0.0165327550147132,101.52052519086678,-0.1927788831149233,0.2201253157281149,0.2142708161072781,0.0231187082961753,0.0337321980406499,0.3472173877702311,0.4398219894002012,0.1036376670888498,0.7597521409419964,0.3591881783315478,0.1532584101927356,-0.011974716901229,97.91355911696422,-0.0190671914712057,96.90240544095889,4.86,20.68,124.0064,0.0,Low,Low,144,0,0
2023-10-27,0.0108772376856489,102.62478807333974,-0.1839985471616892,0.2181943580180898,0.2140236888033115,0.0231187082961753,0.0337321980406499,0.3464906919980834,0.4296803794462556,0.1245543612176943,0.7638965930178885,0.3658705276916988,0.1569886577312318,-0.0045326419174533,97.46975201462362,0.0048011778600673,97.3676511245493,4.84,21.27,123.62,0.0,Low,Low,145,0,0
2023-10-30,0.0179378003965323,104.46565103753576,-0.1693612759773952,0.2243820423681486,0.2159964353372617,0.0231187082961753,0.0337321980406499,0.3507819257389141,0.4313407548151629,0.1352630883866955,0.7640054683534854,0.3722985676736601,0.1627571968392823,0.0119556644431286,98.63506766306544,0.0112651693959513,98.46451420815325,4.88,19.75,123.4076,0.0,Low,Low,146,0,0
2023-10-31,0.0119580751686769,105.7148591451874,-0.1594284356775189,0.2268077926091914,0.2167674878639927,0.0231187082961753,0.0337321980406499,0.3529401107006262,0.4323291167935148,0.140705420436688,0.7578452514085966,0.3736198038158986,0.1685654267058757,0.0062803056479883,99.25452603559948,0.0047825158324676,98.93542230628996,4.88,18.14,123.8364,0.0,Low,Low,147,0,0
2023-11-01,0.0297206847598739,108.85677714827597,-0.1344460731961765,0.235643828272694,0.2197179781619402,0.0229901438121976,0.0310926556554601,0.3598298315862387,0.4399708687154255,0.1462694671670124,0.7582989983530967,0.3804933177387402,0.1719660600150899,0.0106646920543875,100.31304499077334,0.0173567704417147,100.65262171981436,4.77,16.87,123.7922,0.0,Low,Low,148,0,0
2023-11-02,0.0121085693010463,110.17487697826442,-0.1239654534896795,0.2244341447157155,0.2183631276313446,0.0229901438121976,0.0310926556554601,0.3541590817883975,0.4378670728910666,0.1317841700381021,0.7600030694494079,0.3806745425740765,0.1697202046291042,0.0191643879727485,102.2354831037043,0.0181532731096496,102.4797962510964,4.67,15.66,122.8818,0.0,Low,Low,149,0,0
2023-11-03,0.0106150099447612,111.34438439305154,-0.1146663380665181,0.2246939238324837,0.2187392458388942,0.0229901438121976,0.0310926556554601,0.3563140347273598,0.4410506667024944,0.1321740449619865,0.75263176207825,0.3814293132930932,0.1706873501405165,0.0091231891691521,103.16819675585904,0.0117487681868366,103.68380762108478,4.57,14.91,121.7564,0.0,Low,Low,150,0,0
2023-11-06,0.0102421961942338,112.48479542313136,-0.1055985770036358,0.2253956510232352,0.219037459736225,0.0229901438121976,0.0310926556554601,0.3583142117502277,0.4420310141189481,0.136452636174419,0.7561497624821457,0.3816263924985081,0.1712531501433562,0.0023005976982375,103.40554527184688,0.0040793808396473,104.10677335927592,4.67,14.89,121.6484,0.0,Low,Low,151,0,0
2023-11-07,0.0125326790021901,113.8945312567965,-0.0943893310701204,0.2188494852768003,0.2178331465650833,0.0229901438121976,0.0310926556554601,0.3557326091313517,0.4403957681577838,0.1310889835600911,0.7621764267751397,0.3777958013503364,0.1706939934892544,0.002845995647446,103.69983700361234,0.0094526740011116,105.09086074914876,4.58,14.81,122.0777,0.0,Low,Low,152,0,0
2023-11-08,0.0034999542330202,114.2931569035866,-0.0912197351759309,0.2187612572657718,0.2176435632975111,0.0227363930620163,0.0288869135550174,0.3564759143045358,0.4415680114933631,0.1308518785686081,0.7626130487344963,0.3782934037458624,0.1703518848592825,0.0007325647595575,103.77580384977306,0.0006439086755616,105.1585296661074,4.49,14.45,122.0926,0.0,Low,Low,153,0,0
2023-11-09,0.0055247335643829,114.92459614371111,-0.0861989663442086,0.2160387626968399,0.2175384015679314,0.0227363930620163,0.0288869135550174,0.3532018615663371,0.4444399031349716,0.1156017073598816,0.7238727197609621,0.384628269503098,0.1740341308365044,-0.0077989440841675,102.96646215825912,-0.0076954663943994,104.3492857349774,4.62,15.29,122.1281,0.0,Low,Low,154,0,0
2023-11-10,0.0362507375333832,119.09069751464683,-0.0530730049154182,0.2344453678794175,0.2245190059072207,0.0227363930620163,0.0288869135550174,0.3614821340469971,0.4529785553236202,0.1269631733827679,0.6768917993286285,0.4023231057104224,0.2090929460092868,0.0156051012093068,104.57326422140302,0.022482089509678,106.69527571714217,4.61,14.17,122.1281,0.0,Low,Low,155,0,0
2023-11-13,-0.0077623414195608,118.1662748606445,-0.0604233755506636,0.2338394302200915,0.2250000219501937,0.0227363930620163,0.0288869135550174,0.361506146349834,0.4517952942892166,0.1297145072606048,0.6782605548098825,0.4033148340541375,0.2098083682313148,-0.0009533214353685,104.47357228705432,-0.0031185512086633,106.3625410360958,4.63,14.76,122.4264,0.0,Low,Low,156,0,0
2023-11-14,0.021346886080879,120.68875686869652,-0.0403663403842868,0.2299961016643474,0.2274092529990586,0.0227363930620163,0.0288869135550174,0.3668048667536253,0.4629362259990605,0.1232059024506419,0.6561917577081474,0.4039191084475708,0.2155167409712889,0.0194007106484257,106.50043383340284,0.0215266424475688,108.6521694267947,4.44,14.16,121.35,0.0,Low,Low,157,0,0
2023-11-15,0.014918001794441,122.48919196023256,-0.0260505237281337,0.2302451993440548,0.2282456859110661,0.0227363930620163,0.0288869135550174,0.365286862173504,0.4630054171861437,0.1168568452434164,0.6715876906824257,0.4073738535044051,0.223846182313136,0.0021171247693936,106.72590853982273,0.0007525672709194,108.7339374934197,4.53,14.18,121.0749,1.0,Normal,Low,158,0,0
2023-11-16,-0.0049621891111522,121.88137742565368,-0.0308834452141023,0.2308018968354332,0.2276708151287776,0.0227363930620163,0.0288869135550174,0.3594779417386574,0.4577668250795923,0.1083662330386153,0.6860426553065615,0.4166220335546482,0.2398242868752306,0.0012231032171463,106.85644534191064,0.0008557506410886,108.8269866301378,4.45,14.32,121.1754,1.0,Normal,Low,159,0,0
2023-11-17,0.0031853915918497,122.26961734050845,-0.0277964294889648,0.2265464971217933,0.2218873358083373,0.0227363930620163,0.0288869135550174,0.3513273809939519,0.4546100646127555,0.0890914274465756,0.6699727575464726,0.4134416483385161,0.2413853070351863,0.0012437485749885,106.98934789353298,0.0002332162319784,108.85236684989724,4.44,13.8,120.8477,1.0,Normal,Normal,1,0,0
2023-11-20,0.0123725463267559,123.7824038454086,-0.0157677957737796,0.2258656096814956,0.2224307626370961,0.0223236807698638,0.0285394349216382,0.3538110115612189,0.4574334271770872,0.0910637111679422,0.6682359709049831,0.4129719593576724,0.237579844843791,0.0076975767764086,107.81290661320136,0.012174827653189,110.17762565593644,4.42,13.41,120.2533,1.0,Normal,Normal,2,0,0
2023-11-21,-0.0153981829963686,121.8763797392666,-0.0309231833653741,0.2339832560292518,0.2238737987324275,0.0223236807698638,0.0285394349216382,0.3570206345584556,0.4581018925036885,0.099738970835326,0.678401562322247,0.4190090375322418,0.2461661209733889,-0.00217947241679,107.57793135706392,-0.0058094520999411,109.53755401720304,4.41,13.35,120.2241,1.0,Normal,Normal,3,0,0
2023-11-22,0.0149068388060586,123.69317128630584,-0.0164773114691132,0.2355639721625096,0.2249840610976308,0.0223236807698638,0.0285394349216382,0.3598505783048447,0.4594789931323288,0.1053898750185084,0.6897666086379459,0.4205786432371023,0.2504349177614977,0.0038609267704279,107.99328187214768,0.0040929200799968,109.9858824715538,4.42,12.85,120.6802,1.0,Normal,Normal,4,0,0
2023-11-24,-0.0012149990361645,123.54288420241284,-0.0176722905877243,0.2351579126560436,0.2250263817836306,0.0223236807698638,0.0285394349216382,0.3622006443137796,0.462892507596064,0.1054365944447418,0.6894461774693893,0.4187418813171872,0.2488980089218976,0.0006151887786673,108.05971812732687,-0.0014099367959367,109.83080932882356,4.47,12.46,120.2105,1.0,Normal,Normal,5,0,0
2023-11-27,-0.0043644163578666,123.0036916177018,-0.021959577711469,0.2293159261398023,0.2176410907208013,0.0223236807698638,0.0285394349216382,0.3485805410838058,0.4448827205927919,0.100976632497291,0.6920628870670126,0.4150510540819238,0.2536172742394457,-0.0018007847000993,107.86512584022614,-0.0008729423799859,109.73493336073228,4.39,12.69,120.173,1.0,Normal,Normal,6,0,0
2023-11-28,0.0074270311368268,123.9172438652911,-0.0146956410420568,0.2244630152628695,0.2178375704024217,0.0223236807698638,0.0285394349216382,0.3504137329591365,0.4471994870678352,0.1017535771858937,0.6928146757533251,0.4129223664409744,0.2514866008508219,0.0009901643626886,107.97193004381003,0.0026210354685181,110.02255251320622,4.34,12.69,119.5904,1.0,Normal,Normal,7,0,0
2023-11-29,0.0001065744206521,123.93045027376486,-0.0145906328008348,0.2227356325212035,0.2175066725676126,0.0223236807698638,0.0285394349216382,0.3492530640770432,0.4451426663029604,0.1029165099709325,0.6881652977616022,0.4111068757290134,0.2503195526973621,-0.0007035100309303,107.8959707079653,-0.0009741143005322,109.91537797142206,4.27,12.98,119.8159,1.0,Normal,Normal,8,0,0
2023-11-30,-0.0015242911918477,123.74154418001082,-0.0160926836196209,0.2137370904466319,0.217443860710861,0.0223236807698638,0.0285394349216382,0.3380045000067034,0.4285821909635099,0.1033678756130618,0.6873346824230987,0.4134835048694731,0.2454910050974271,0.0039374597714982,108.32080675213469,-0.002514098459023,109.63903988904116,4.37,12.92,120.2434,1.0,Normal,Normal,9,0,0
2023-12-01,0.0028633081870389,124.0958543565383,-0.0132754537453414,0.2139567923207941,0.2174396155378923,0.0223236807698638,0.0285394349216382,0.3437351380522195,0.4355541208511148,0.1065388101811117,0.6880156581575031,0.3940084512515599,0.2472777021013197,0.0059159244691926,108.96162446332232,0.0028549764404177,109.95205676487438,4.22,12.63,119.9424,1.0,Normal,Normal,10,0,0
2023-12-04,-0.0039043622338814,123.61133918940736,-0.017127983798982,0.2109048499645546,0.2176193556185697,0.0219182034308302,0.0285394349216382,0.3427379593656384,0.4442541155143236,0.0834610156800837,0.678826649444975,0.3932185992348054,0.2511749825642408,-0.0052494919963185,108.38963128779623,-0.009283420484878,108.93132558874888,4.28,13.08,120.4727,1.0,Normal,Normal,11,0,0
2023-12-05,0.0069427213480119,124.469538272854,-0.0103041772697396,0.202960601759821,0.2154038606140747,0.0219182034308302,0.0285394349216382,0.3384551430432755,0.4370540689602337,0.0862207273003271,0.6710089720939604,0.3801478136868138,0.2301748858321383,-0.0001968528488577,108.3682944800906,0.0025107791329035,109.2048280879566,4.18,12.85,120.7913,0.0,Low,Normal,12,0,0
2023-12-06,-0.0103045126468942,123.1869403415683,-0.0205025103916419,0.2081251480438144,0.2163144785055343,0.0219182034308302,0.0285394349216382,0.3434704356077228,0.4424502462785182,0.0908308119970357,0.6687714162901913,0.3814941585854821,0.2247093912652393,-0.0040298673687956,107.93158462635324,-0.0057838665457602,108.5732019361432,4.12,12.97,120.5334,0.0,Low,Normal,13,0,0
2023-12-07,0.0276499451217045,126.59305248172336,0.0,0.199829825136663,0.2206969107904599,0.0219182034308302,0.0285394349216382,0.3477944823664335,0.4452267619023936,0.0997895616457341,0.6577385094183233,0.3661459605063863,0.2345605617735072,0.0076303077750912,108.75513583570562,0.0139722391452909,110.09021267836496,4.14,13.06,120.6013,0.0,Low,Low,1,0,0
2023-12-08,0.0131773376358905,128.261211876633,0.0,0.1877416751295276,0.2154408481370207,0.0219182034308302,0.0285394349216382,0.3360726724173573,0.4326316910482108,0.0897206735858491,0.6517870028101038,0.3572264890812722,0.2428685086038457,0.0042993579000338,109.22271308813012,0.004456660071892,110.58084733351474,4.23,12.35,120.7607,0.0,Low,Low,2,0,0
2023-12-11,-0.0016805552673589,128.0456618214159,-0.0016805552673588,0.1895253541169835,0.2152100573248523,0.0219182034308302,0.0285394349216382,0.3298580479058992,0.4284851096513254,0.0775890734523976,0.6619455036185037,0.3626124106457268,0.2487735069631542,0.0038894246554619,109.64752660135152,0.0085422389430427,111.52545535396176,4.23,12.63,120.9279,0.0,Low,Low,3,0,0
2023-12-12,1.4896499843739284e-05,128.0475692535972,-0.0016656838019065,0.1880381443513589,0.2152283760827477,0.0219182034308302,0.0285394349216382,0.3308080250892121,0.4297031521098236,0.0780154843912822,0.6613666898367542,0.3714336347611318,0.2447803925055078,0.0045673203540181,110.14832198136564,0.0079642819727783,112.4136755275432,4.2,12.07,120.6817,0.0,Low,Low,4,0,0
2023-12-13,0.0130666392929436,129.72072065337218,0.0,0.1883257779935089,0.2158151555233248,0.0219182034308302,0.0285394349216382,0.3333245140265392,0.431920905851127,0.0813693147438467,0.6617787894063484,0.3722645190688142,0.2395224032483672,0.0137901456880311,111.66728338878085,0.0127171383227315,113.84325578859362,4.04,12.19,121.1571,0.0,Low,Low,5,0,0
2023-12-14,0.0025755008918658,130.0548164851084,0.0,0.1757721588865078,0.2154551543191975,0.0211373184639477,0.0281862630274513,0.3275105742729472,0.422773138081277,0.0830824171364066,0.6597431980295133,0.3702162208201854,0.237685191411184,0.0032091963423392,112.02564562619106,-0.0008669292439057,113.74456174092904,3.92,12.48,119.5683,0.0,Low,Low,6,0,0
2023-12-15,0.0034951164479337,130.5093732133385,0.0,0.1749448185229422,0.2127162494023206,0.0211173236731468,0.0281862630274513,0.3205700491336222,0.4163597600924699,0.0741510983212498,0.6642144277595374,0.3660876230414896,0.2417363858038998,-0.0016465279846739,111.84119226566638,0.0048341483476004,114.29441982611748,3.91,12.28,119.7382,0.0,Low,Low,7,0,0
2023-12-18,0.0116701147517879,132.0324325749221,0.0,0.1752278564211322,0.2132506511105405,0.0211173236731468,0.0281862630274513,0.3194012663605293,0.4145092583288646,0.074530535297953,0.6636825134074391,0.3676695464611168,0.2389842776829888,0.0056251559596112,112.4703164148696,0.0062986172629602,115.01431663189427,3.95,12.56,119.9102,0.0,Low,Low,8,0,0
2023-12-19,0.0042482342668867,132.5933372793273,0.0,0.1747545977056277,0.2124798440004416,0.0211173236731468,0.0281862630274513,0.3181178439234257,0.413810878156915,0.0717342899630845,0.6646149551564192,0.3677977132444776,0.2387732080912659,0.0060807546006651,113.1542208088476,0.0051095779189898,115.6019912445243,3.93,12.53,119.4632,0.0,Low,Low,9,0,0
2023-12-20,-0.0043157525526694,132.02109724549706,-0.0043157525526695,0.1757287758221663,0.2113891292760016,0.0211173236731468,0.0281862630274513,0.316722906204931,0.4160830888585686,0.061702109533884,0.6644284633933194,0.3748127243899385,0.2461707979446086,-0.0138571610431775,111.58622454838414,-0.0148598611894565,113.8841617014059,3.86,13.67,119.5435,0.0,Low,Low,10,0,0
2023-12-21,0.0225152462356121,134.99358475827515,0.0,0.1828229873625289,0.2122783600578015,0.0200629528960897,0.0281862630274513,0.3171306657566003,0.4165738939509337,0.0623809777532587,0.6578629990050548,0.3780027768187191,0.2550435510157589,0.0094820021932022,112.64428537428309,0.0116356722255626,115.20928047864642,3.89,13.65,119.3168,1.0,Normal,Low,11,0,0
2023-12-22,0.004598524144422,135.61435601712816,0.0,0.1828472193589938,0.209267445494748,0.0200629528960897,0.0281862630274513,0.3116115589789628,0.4119337041597213,0.0547280416577821,0.653589237470129,0.3700098586009337,0.2501370096209691,0.0020095864896263,112.87065380830484,0.0014958143254664,115.38161217081309,3.9,13.03,119.0625,1.0,Normal,Low,12,0,0
2023-12-26,0.0117700055318302,137.21053773764535,0.0,0.1594529738978031,0.205450606380297,0.019228370772042,0.0281862630274513,0.3029705794245125,0.4087310795364252,0.0357072775426577,0.6103026037353896,0.3579763317069719,0.229925810208043,0.0042225071428101,113.34725095022408,0.0061216991391983,116.08794368671845,3.89,12.99,118.8875,0.0,Low,Low,13,0,0
2023-12-27,0.0041941229006506,137.7860155961814,0.0,0.1549829651413038,0.2050407818360272,0.0191129940380636,0.0281862630274513,0.3021106109667855,0.4088979990695128,0.0338187887178819,0.5889293611048821,0.3558746386919402,0.2266866615733608,0.0018080853378115,113.5521924527484,0.0020357398507968,116.32426853987856,3.79,12.43,118.4729,0.0,Low,Low,14,0,0
2023-12-28,-0.0054081499333325,137.04084816512076,-0.0054081499333323,0.1500499484483336,0.2035822090877794,0.0191129940380636,0.0281862630274513,0.301802092238678,0.4065096155818067,0.0381402172416026,0.5919669001853047,0.349711423948246,0.2277336723054785,0.0003777903707902,113.5950913776392,-0.0004859508370331,116.26774066421432,3.84,12.47,118.4104,0.0,Low,Low,15,0,0
2023-12-29,-0.0048221317795334,136.38001913608952,-0.0102042029012038,0.1487991416804121,0.2033131903996675,0.0191129940380636,0.0281862630274513,0.3028949329696996,0.4083741165087455,0.0377802362508258,0.5878439598861995,0.3423536758401823,0.2131249601362867,-0.0028950345674585,113.26622966140732,-0.0043277351185836,115.76456467978342,3.88,12.45,118.4208,0.0,Low,Low,16,0,0
2024-01-02,-0.0166686096846743,134.10675382832162,-0.0267027227105748,0.1582411696429446,0.2031149540334305,0.0191129940380636,0.0281862630274513,0.2999470519667379,0.4133250869652684,0.0170170956817941,0.5756651712923255,0.3458992337739741,0.193027673250006,-0.0055962236977684,112.63236650281928,-0.0169223017324116,113.80556178635084,3.95,13.2,119.2686,0.0,Low,Low,17,0,0
2024-01-03,-0.0210755436168029,131.28038108870496,-0.0472154919302036,0.1732256049473066,0.2004881038912675,0.0200629528960897,0.0281862630274513,0.2927896011623846,0.4009220866521281,0.0207875247450527,0.588183755281342,0.3541847318662248,0.2041476239838071,-0.0081668886107447,111.71251051162616,-0.0105815471395586,112.6013228695646,3.91,14.04,119.6958,0.0,Low,Low,18,1,0
2024-01-04,0.0030657707188137,131.68285663700144,-0.0442944730840239,0.1706651570001001,0.2003462438498486,0.0200629528960897,0.0281862630274513,0.2924764051139963,0.4007251670943154,0.0200465873292651,0.5902170025738003,0.3531282689055346,0.2035059942891011,-0.0032210067375519,111.35268376259936,-0.0051464020576279,112.02183118985704,3.99,14.13,119.6208,0.0,Low,Low,19,0,0
2024-01-05,6.434876236484212e-06,131.68370399988635,-0.0442883232372397,0.1625726940098199,0.2002689296472938,0.0200629528960897,0.0281862630274513,0.2915657847091599,0.3994090914527268,0.020073479682558,0.5894346240833511,0.3478218027350973,0.1973647747315206,0.0013696975395152,111.5052032595674,0.0011859502860263,112.15468351259786,4.05,13.35,119.388,0.0,Low,Low,20,0,0
2024-01-08,0.0275957257344582,135.31761137916482,-0.0179147659240752,0.1746106223594431,0.1985462258952058,0.0200629528960897,0.0281862630274513,0.2898600928284857,0.4006062301332869,0.012563747292043,0.5731904702070812,0.354319741091217,0.1894636876652975,0.0142758719490934,113.09703726295864,0.0206680555553389,114.47270274222768,4.01,13.08,119.2506,0.0,Low,Low,21,0,0
2024-01-09,0.0026370979207604,135.6744571707751,-0.0153249109952839,0.1741480403967572,0.1985133185760443,0.0200629528960897,0.0281862630274513,0.2901375198531947,0.4002663488558393,0.0145969176129234,0.5687375383647043,0.3549708291246212,0.1886766794677159,-0.001517043883441,112.92546409434354,0.0019755496676427,114.69884925208424,4.02,12.76,119.6666,0.0,Low,Low,22,0,0
2024-01-10,0.0131851681856701,137.46334770707128,-0.0023418043385169,0.1749629914367806,0.199179408141248,0.0200629528960897,0.0281862630274513,0.2922502550527844,0.3994170433051507,0.0254898660186427,0.5428185017320932,0.3593163274278174,0.1883029030304147,0.0056554092974039,113.56410381389634,0.0067775625710375,115.47622787971623,4.04,12.69,119.7614,0.0,Low,Low,23,0,0
2024-01-11,0.0037372875936044,137.97708777103225,0.0,0.174619309654684,0.1989901940961868,0.0200629528960897,0.0281862630274513,0.2949066807543746,0.4038458448059985,0.0243713640834255,0.5400656890117735,0.3591276529725572,0.1889487366779566,-0.000440709203217,113.51405506819046,0.0020807803574334,115.71650854643887,3.98,12.44,119.8916,0.0,Low,Low,24,0,0
2024-01-12,-0.0108445202910831,136.48079244299473,-0.0108445202910831,0.1793686708305295,0.1999923731468597,0.0200629528960897,0.0281862630274513,0.2949263491157016,0.4035894366419976,0.024192843672389,0.5527208673450305,0.3649716418937358,0.2017634486662735,0.0006929145402752,113.5927106074728,0.0005130833221902,115.77588075707612,3.96,12.7,119.534,0.0,Low,Low,25,0,0
2024-01-16,0.0088341498438614,137.6864842142451,-0.0021061725644578,0.1794691392267234,0.1991890915399594,0.0200629528960897,0.0281862630274513,0.2914647421881078,0.3996845547583009,0.0215391589454561,0.5526550508711208,0.3613786601340912,0.2063395609144593,-0.0036712330687209,113.175685291925,-9.774123261896416e-05,115.76456467978338,4.07,13.84,120.5759,0.0,Low,Low,26,0,0
2024-01-17,-0.003704408110013,137.17643728548265,-0.0058027785517421,0.1807172092406425,0.1991561774195289,0.0200629528960897,0.0281862630274513,0.2983702295810504,0.4088077101482856,0.0238873788015954,0.5503011714196465,0.360963706744143,0.2077246606394464,-0.005558761471287,112.54656865303772,-0.0056408176441303,115.11155788077258,4.1,14.79,121.0402,0.0,Low,Low,27,0,0
2024-01-18,0.0058747374276374,137.98231283579364,0.0,0.1794970138200544,0.1990542056929831,0.0200629528960897,0.0281862630274513,0.2956269685593143,0.4100109465634589,0.0113435515598335,0.5564389934064677,0.3575589154487648,0.2102618264901047,0.0088928722692862,113.54743091241563,0.0141941310133786,116.7454664144864,4.14,14.13,120.8895,0.0,Low,Low,28,0,0
2024-01-19,0.0219246686100172,141.00752931876212,0.0,0.1869224791703589,0.2015074424622887,0.0200629528960897,0.0281862630274513,0.3042421210260632,0.4175290620653599,0.0239400208329013,0.5437306875481084,0.3629044059663042,0.2087791347498912,0.0124660837568331,114.96292269654302,0.0198310368493195,119.06065006094306,4.15,13.3,120.6442,0.0,Low,Low,29,0,0
2024-01-22,-0.0149559046544751,138.8986341547076,-0.0149559046544752,0.1905177024585963,0.201628517145017,0.0200629528960897,0.0281862630274513,0.3054335874792211,0.4146031445127213,0.0333717211495633,0.5654270862515789,0.3673147789747461,0.2241069440165488,0.0021143458348562,115.20599407330936,0.0013058531550671,119.21612578646948,4.11,13.19,120.6178,0.0,Low,Low,30,0,0
2024-01-23,0.003232550667451,139.34763102725245,-0.0117716997065973,0.1769251814851735,0.2014695659358298,0.0200629528960897,0.0281862630274513,0.3073297921576265,0.4178046298862828,0.0325064190469115,0.5630610683153786,0.3566952042164715,0.2181013414765704,0.0029165498673378,115.5419981000404,0.0041495685843484,119.71082127678076,4.14,12.55,121.1001,0.0,Low,Low,31,0,0
2024-01-24,0.0192695226424622,142.03279335850556,0.0,0.1807313026135979,0.2031516374739337,0.0200629528960897,0.0281862630274513,0.3081767658183142,0.4191251105609839,0.0323736795588527,0.562030993716795,0.3637474545955051,0.2116591864303009,0.0010930525318473,115.66829157359837,0.0055491777085705,120.37511789768456,4.18,13.14,120.4916,0.0,Low,Low,32,0,0
2024-01-25,-0.0020561384318389,141.7407542734997,-0.0020561384318389,0.1808275265154545,0.2007906383843142,0.0200629528960897,0.0281862630274513,0.3005127032211319,0.4077125228253604,0.032892424758395,0.5628231940141853,0.3596582592473928,0.2086779736660994,0.005438907413714,116.29740070216964,0.0012212883989162,120.52213063269116,4.14,13.45,120.8311,0.0,Low,Low,33,0,0
2024-01-26,-0.0028037240340291,141.34335231414167,-0.0048540976211294,0.1814768907900915,0.2010223159369737,0.0200629528960897,0.0281862630274513,0.2962763764060567,0.403956210281943,0.0271302944753595,0.5646734197104912,0.3577765296164847,0.2152472032860703,-0.0012703889778385,116.1496577661663,-0.0059576105801085,119.80410671209664,4.15,13.26,120.6173,0.0,Low,Low,34,0,0
2024-01-29,0.0188480896062344,144.00740448380415,0.0,0.1849048228780762,0.2025133119199852,0.0191129940380636,0.0281862630274513,0.2987304785279016,0.4054008678965713,0.0318631459653942,0.5682768390620709,0.3607691385052198,0.22051740144503,0.0079193815800728,117.06949122641146,0.0102404237186977,121.03095152806856,4.08,13.6,120.8538,0.0,Low,Low,35,0,0
2024-01-30,-0.0082725471470931,142.81609644068138,-0.0082725471470931,0.1880500060348495,0.2007276443018075,0.0191129940380636,0.0281862630274513,0.2937294987655461,0.399119501270926,0.0295774456384161,0.5673602079841971,0.3543863500564615,0.2207820617874711,-0.0007734241306917,116.97894685692916,-0.0066565364577608,120.22530458670452,4.06,13.31,120.6025,0.0,Low,Low,36,0,0
2024-01-31,-0.0209662315146344,139.82178109868968,-0.0290653345230259,0.2006498476925734,0.1999778816159169,0.0200629528960897,0.0281862630274513,0.2898552117265748,0.3943484264992245,0.0276154635598799,0.5661889171842597,0.3653729705263027,0.2125677956970001,-0.016317396592104,115.07015498813796,-0.0195862201703417,117.87054530102291,3.99,14.35,120.4331,0.0,Low,Low,37,1,0
2024-02-01,0.0107444797461969,141.3240933937817,-0.0186331466749282,0.2002949403837071,0.200054323348669,0.0200629528960897,0.0281862630274513,0.2873493954686116,0.3906637927305554,0.0277058285054832,0.5659989957475068,0.3672482901086506,0.2111976004221199,0.0130882433853407,116.5762211830116,0.0117754860003405,119.25852825706762,3.87,13.88,120.3335,0.0,Low,Low,38,0,0
2024-02-02,0.0245949146437583,144.7999474079083,0.0,0.2103998875501998,0.2029832920966104,0.0200629528960897,0.0281862630274513,0.2701550823236034,0.3673746057914022,0.0236205460858531,0.565489804516898,0.3958887369227683,0.2100936634022685,0.0105274103207122,117.80346689704328,0.0169006636435427,121.27407652976426,4.03,13.85,120.902,0.0,Low,Low,39,0,0
2024-02-05,-0.0039158120854286,144.23293802387897,-0.0039158120854286,0.2102818025957736,0.2007599583713852,0.0200629528960897,0.0281862630274513,0.2620837494366175,0.3570481353808311,0.0202052162823719,0.5665082387028224,0.3910734097507234,0.2037274232979212,-0.0036411847487185,117.3745227100316,-0.0013053288998721,121.11577397286464,4.17,13.67,121.349,0.0,Low,Low,40,0,0
2024-02-06,-0.0033019977339641,143.75668118936113,-0.0072048798167601,0.202677195137375,0.2011465487868827,0.0200629528960897,0.0281862630274513,0.2613648117374784,0.3568105633676298,0.0184079962140214,0.5651157375340282,0.3883535625890599,0.1888662085273574,0.0029034247819998,117.71531080804333,-0.0020073768570403,120.872648971169,4.09,13.06,120.9588,0.0,Low,Low,41,0,0
2024-02-07,0.0174533009354642,146.26570980764265,0.0,0.2073813770958069,0.2012947045629593,0.0200629528960897,0.0281862630274513,0.2623043031416677,0.3580195765648522,0.0188027516606517,0.5647930055454528,0.3897586551165908,0.1876126446644399,0.0083403429005419,118.69709686482628,0.0102901447349594,122.11644602358028,4.09,12.83,120.9049,0.0,Low,Low,42,0,0
2024-02-08,0.0030322514566672,146.70922421926733,0.0,0.205564374921292,0.2013004856495669,0.0196278850197557,0.0281862630274513,0.2622007035866006,0.3579296917293341,0.0187095248207721,0.564053800078353,0.3809585739343847,0.1681877283308258,0.000441645220826,118.74951887038254,0.0018520356661275,122.34261003703668,4.15,12.79,121.0798,0.0,Low,Low,43,0,0
2024-02-09,0.0174528749322087,149.26972196096756,0.0,0.210158290787741,0.2008417374278213,0.0196278850197557,0.0281862630274513,0.2626013723492016,0.3581480979624987,0.0191083461365358,0.5708613690737862,0.3816805960335963,0.165769635264952,0.005779393392957,119.43581905515886,0.0098430253598631,123.54683145022308,4.17,12.93,121.039,0.0,Low,Low,44,0,0
2024-02-12,0.0038225794239976,149.84031732876142,0.0,0.2087401405318892,0.1979558931017178,0.0196278850197557,0.0281862630274513,0.2549702013581624,0.3518122925135075,0.0077847950251588,0.5732781059161373,0.3867653763680636,0.166411104925984,-0.0004389136020582,119.38339704960256,-0.0039125197088788,123.06345203720454,4.17,13.93,120.9378,0.0,Low,Low,45,0,0
2024-02-13,-0.0129213682423977,147.90417541099876,-0.0129213682423977,0.2126817586615899,0.1994030473416777,0.0196278850197557,0.0281862630274513,0.2592295250603234,0.3556839075047428,0.0131452262011805,0.5745906223927864,0.3892023445922536,0.1624524315230692,-0.0137730922434068,117.73911850970713,-0.0155970535722286,121.14402478299688,4.31,15.85,121.5202,0.0,Low,Low,46,0,0
2024-02-14,0.023231358955973,151.34019040105886,0.0,0.2123917334501634,0.2014786613323168,0.0196278850197557,0.0281862630274513,0.2630522479321993,0.358669778369667,0.0192463583211839,0.5735270267860638,0.3812368809535444,0.1660287636132223,0.0090876524352319,118.80909069675394,0.0108972688124937,122.4641637860846,4.27,14.38,121.4002,0.0,Low,Low,47,0,0
2024-02-15,0.0011498110856627,151.5142030296883,0.0,0.1988112052441002,0.1995936783943659,0.0183648195647364,0.027728356557621,0.2565693609807626,0.3506347223319566,0.0160946730384186,0.5714020328241355,0.3769664772024143,0.1599138746068154,0.0068997328795123,119.6288416862193,0.0029776976045066,122.82882503322834,4.24,14.01,121.2121,0.0,Low,Low,48,0,0
2024-02-16,-0.0147198530447662,149.28393622689643,-0.0147198530447661,0.2067346134693072,0.2017513096227846,0.0183648195647364,0.027728356557621,0.2597863042169399,0.3529941581192182,0.0218209191581133,0.5669921935195988,0.3813460701568794,0.1561490306623956,-0.004979909412018,119.03310089155728,-0.0090676725169549,121.71505347218468,4.3,14.24,121.1505,0.0,Low,Low,49,0,0
2024-02-20,-0.0078157401877649,148.11717176714012,-0.0224205466855311,0.2093634752378319,0.2026944875132927,0.018011817970725,0.027728356557621,0.2598691691792366,0.3550793684299753,0.0182203673538336,0.5522442227844264,0.3888817307201524,0.1556918473102179,-0.0055054866845685,118.3777657395759,-0.0075481949182418,120.7963245240924,4.27,15.42,121.0199,0.0,Low,Low,50,0,0
2024-02-21,-0.0063769878625963,147.172630360539,-0.028654558994041,0.1990054742481377,0.2034260802342736,0.018011817970725,0.027728356557621,0.2615784452399465,0.3558696313819975,0.0220651761088047,0.5540859672352867,0.3805531119466042,0.1584271721113397,0.0009058482471346,118.4849980311708,-0.0040017518622592,120.31292760747402,4.32,15.34,121.0379,0.0,Low,Low,51,0,0
2024-02-22,0.0287654447077687,151.40611652167195,-0.0007133754186409,0.2126686130394038,0.2073107388879596,0.018011817970725,0.027728356557621,0.2609078954764488,0.359700101861909,0.0109096005554465,0.5531550958003745,0.4033051156317442,0.1653189421015382,0.0206954735901321,120.93710117875176,0.0292758805579687,123.83519450568998,4.33,14.54,121.102,0.0,Low,Low,52,0,0
2024-02-23,-0.0051458695860886,150.62700039151528,-0.0058555740678594,0.2122373205801115,0.2055041535375201,0.0173478944488386,0.027728356557621,0.2555785713952656,0.3511546272854065,0.0125994697505071,0.5551031399117146,0.4002465652923905,0.1626421194551349,0.0006896938035241,121.02051074805092,-0.0029447302812366,123.47053325854624,4.26,13.75,121.0369,0.0,Low,Low,53,0,0
2024-02-26,0.016518238561238,153.115093117746,0.0,0.2157539336883093,0.2043868549185722,0.0173478944488386,0.027728356557621,0.2498447457798409,0.3462580984351049,0.0038956748751937,0.5646134664153085,0.4108077461604748,0.1713686244594933,-0.0036625512973142,120.577266919409,-0.0005267927113209,123.40548988156272,4.28,13.74,121.0592,0.0,Low,Low,54,0,0
2024-02-27,0.0047741382751753,153.84608574430646,0.0,0.2113943095813588,0.2037518247978762,0.0173478944488386,0.027728356557621,0.2498636191726811,0.3472392170719959,0.0020917069579862,0.5582963759170896,0.4045663503773302,0.1641211660256062,0.0018577522132512,120.80126960389632,0.0024051486094476,123.70229842394956,4.31,13.43,120.9647,0.0,Low,Low,55,0,0
2024-02-28,0.0081137178048154,155.0943494694112,0.0,0.2112639546794764,0.2007494376581013,0.0173478944488386,0.027728356557621,0.243409853195543,0.3424484902256934,-0.0088298334673367,0.560652857083476,0.406878518330702,0.1660509031356048,-0.001321627642447,120.64161530674512,-0.0053244197282421,123.04365546579218,4.27,13.84,121.128,0.0,Low,Low,56,0,0
2024-02-29,0.0167541080083543,157.6928169519072,0.0,0.2130424048545036,0.201714845463309,0.0173478944488386,0.027728356557621,0.2532413044507309,0.3573965194287981,-0.009997736167427,0.5563943894907549,0.4114323419045173,0.1692129833501472,0.003594930455181,121.07531352377356,0.0085694532563638,124.09807231979843,4.25,13.4,121.1824,0.0,Low,Low,57,0,0
2024-03-01,0.0232797291243042,161.3638630153961,0.0,0.2197132173679805,0.2025701934554669,0.0173478944488386,0.027728356557621,0.2508213564362933,0.348079009989735,0.0036226660999625,0.5547838371107916,0.409846221192237,0.1666200653774939,0.0093883203863036,122.21200735800691,0.0150569968941558,125.96661660928837,4.19,13.11,121.0111,0.0,Low,Low,58,0,0
2024-03-04,0.0075725903980224,162.5858054550543,0.0,0.2141573479072689,0.1996479327082765,0.0173478944488386,0.027728356557621,0.2464582230615136,0.3463357069858249,-0.0043177305648886,0.5123855901066552,0.4109122176388184,0.1700191481532674,-0.00107248082538,122.08093732348426,-0.0035682068173189,125.51714166914849,4.22,13.49,120.872,0.0,Low,Low,59,0,0
2024-03-05,-0.0304036205553616,157.64260831831098,-0.0304036205553617,0.2306163630767105,0.2081594640543588,0.018011817970725,0.0282456702545259,0.2643150657277602,0.3606810555409031,0.0222218305651725,0.522903949706573,0.4168285303879781,0.1554728646097306,-0.009994155680371,120.86084143026774,-0.0179496168769114,123.26415706470226,4.13,14.46,120.8846,0.0,Low,Low,60,1,1
2024-03-06,0.0154641132924326,160.08041147305994,-0.0154096722956971,0.2328245676941785,0.2035742061559275,0.018011817970725,0.0282456702545259,0.2596052457032361,0.3496339767018964,0.0318375820811673,0.5251146150811585,0.419234687026419,0.156487731816219,0.0050670977373263,121.4732551264104,0.0062837451413564,124.03871761276098,4.11,14.5,120.4649,0.0,Low,Low,61,0,0
2024-03-07,0.0257100950563644,164.19609406869424,0.0,0.237027987872526,0.2032132307222133,0.0173478944488386,0.0282456702545259,0.2576847730798192,0.3459263722297827,0.0340216421574494,0.5241757666666422,0.4168680587825908,0.1626405687093746,0.0099266194956197,122.67907390894464,0.015178010374419,125.92137855551708,4.09,14.44,120.1909,0.0,Low,Low,62,0,0
2024-03-08,-0.0131903660608057,162.03028748217366,-0.0131903660608058,0.242032800272215,0.205368145950653,0.0173478944488386,0.0282456702545259,0.2633725177051214,0.3524885762236904,0.0382325061001849,0.521410643629252,0.4151907743859064,0.1608159984934222,-0.0060022374396854,121.94272497846244,-0.0144348906089113,124.10371723074488,4.09,14.74,119.975,0.0,Low,Low,63,0,0
2024-03-11,0.0041115617734715,162.69648501832998,-0.0091330372922078,0.2410269399562189,0.2042342766287768,0.0173478944488386,0.0282456702545259,0.2601528835843602,0.3502103484723194,0.0326041334303874,0.5213728648153756,0.4100557710104488,0.1609353508830301,-0.000859842368186,121.8378734570339,-0.0037126688911038,123.64296122051192,4.1,15.22,120.0394,0.0,Low,Low,64,0,0
2024-03-12,0.0197212001712336,165.9050549665326,0.0,0.2414816188224571,0.2053912504912237,0.0173478944488386,0.0282456702545259,0.2583747205554118,0.3498577493169769,0.027109956485639,0.5254401749472216,0.419402594158318,0.1530418898341924,0.0107573099876616,123.14852123004871,0.0143349407172479,125.41537573971296,4.16,13.84,120.1668,0.0,Low,Low,65,0,0
2024-03-13,-0.0062750302998518,164.863995719719,-0.0062750302998519,0.2406068138724506,0.2019784366815568,0.0173478944488386,0.0282456702545259,0.2518861272009924,0.3451723458103902,0.0160901522111849,0.5238081007191803,0.4228791669660106,0.1572324682884061,-0.001567458053482,122.95549108867228,-0.0076859853967533,124.45143499324918,4.19,13.75,119.9642,0.0,Low,Low,66,0,0
2024-03-14,-0.0022883385979834,164.4867310748958,-0.0085490095037966,0.2289610381058316,0.20192037358637,0.0173478944488386,0.0282456702545259,0.249645638265938,0.3387698189224676,0.0242648411881703,0.5110112714539132,0.4179880837896427,0.1631494841321512,-0.0019768443385344,122.7124272222219,-0.0025214316415304,124.13763920722334,4.29,14.4,120.241,0.0,Low,Low,67,0,0
2024-03-15,-0.0160577057303126,161.84545155075403,-0.0244694377552117,0.236703639639988,0.2045644740763607,0.0173478944488386,0.0282456702545259,0.2488493128843638,0.333909260395147,0.0330448647268033,0.5088178723703597,0.4285018899175758,0.166804172691256,-0.0068664387931759,121.86982985153848,-0.0118867833675414,122.66204198220905,4.31,14.41,120.4003,0.0,Low,Low,68,0,0
2024-03-18,0.0133194333724131,164.00114125931245,-0.0114759234286394,0.2306200346828691,0.2048844232227596,0.0173478944488386,0.0282456702545259,0.2474656691650042,0.3349067758699682,0.0268137669158601,0.4968054682284264,0.4123938930837248,0.1638866259043531,0.0059431227884456,122.59411721455314,0.0095374194934856,123.83192133252092,4.34,14.33,120.5752,0.0,Low,Low,69,0,0
2024-03-19,-0.019136150339278,160.86279076436105,-0.030392468771905,0.2393626735082757,0.2081005150242718,0.018011817970725,0.0282456702545259,0.2466789559029091,0.3316994175192845,0.0291605856026273,0.5337383538339945,0.4261839475069078,0.1870559314632308,0.0055572878984377,123.27540801856924,0.0024915704364079,124.14045728679662,4.3,13.82,120.9332,0.0,Low,Low,70,1,0
2024-03-20,0.0285260013720267,165.45156295441328,-0.0027334430057649,0.2487990635076498,0.2121290839240489,0.018011817970725,0.0282456702545259,0.251981836412004,0.3334685166711206,0.0415466733376831,0.5564754734577337,0.4347731399273923,0.2004797584148485,0.0092490963890654,124.41559414973436,0.011856762876657,125.61236125224592,4.27,13.04,120.9289,0.0,Low,Low,71,0,0
2024-03-21,-0.0048444211186069,164.6500459087304,-0.0075646221753482,0.2473452343085864,0.2126555815221414,0.018011817970725,0.0282456702545259,0.2501349733664828,0.3267356609538001,0.0503604075149777,0.5657293955829503,0.4394922931452901,0.2044708321248864,0.0033046681266886,124.826746398184,0.0047319864784061,126.20675724721222,4.27,12.92,120.8086,1.0,Normal,Low,72,0,0
2024-03-22,-0.0035266910292923,164.0693760688515,-0.0110646351194747,0.2483132898139501,0.2059333777643576,0.018011817970725,0.0282456702545259,0.2399035918448105,0.3158625055065843,0.0386792447182359,0.5997068205813425,0.4419970895828253,0.2079495704327818,-0.0018958281252209,124.59009634158252,0.0011439141182343,126.35112693864389,4.22,13.06,121.1842,1.0,Normal,Low,73,0,0
2024-03-25,0.0109849619836313,165.8716719276459,-0.0002012177319936,0.2459311741789607,0.2053804633633849,0.018011817970725,0.0282456702545259,0.2375336192038279,0.3164391429344431,0.02876937472759,0.6073039557758656,0.4450504531899374,0.2157034873500139,-0.0027627621472892,124.24588353948288,-0.0036291073610812,125.89258513378994,4.25,13.19,121.0295,1.0,Normal,Normal,1,0,0
2024-03-26,-0.0015613723020124,165.6126844934096,-0.0017622758582127,0.2463905229418362,0.2034249261084294,0.018011817970725,0.0282456702545259,0.2335217756371006,0.3084757071227385,0.0327294727007203,0.6220187176854802,0.4430345148999549,0.213901259277826,-0.0018469642478375,124.01640583464446,-0.0032378005480103,125.48497005265332,4.24,13.24,121.0742,1.0,Normal,Normal,2,0,0
2024-03-27,-0.0023068623663059,165.23063882416886,-0.0040650728966623,0.2421429208001923,0.2027529476222321,0.018011817970725,0.0282456702545259,0.2334266736283969,0.3076919373886552,0.034648501380657,0.6158150257354592,0.4436251945649438,0.2163712748771061,0.0084037796600071,125.05861238350484,0.0034060784520222,125.9123817052023,4.2,12.78,121.0089,1.0,Normal,Normal,3,0,0
2024-03-28,0.0010698600599693,165.40741248533004,-0.002999561895826,0.2351151762335005,0.2022982790584589,0.018011817970725,0.0282456702545259,0.2368217726302355,0.3099976752775362,0.0416069531470451,0.6038874722225599,0.4384553986366002,0.2169886820756167,-0.0001912131090519,125.03469953741728,-0.0018432578183108,125.68029272320209,4.2,13.01,121.0635,1.0,Normal,Normal,4,0,0
2024-04-01,0.0052068008756724,166.26865594550137,0.0,0.235120847446753,0.2023182567415006,0.018011817970725,0.0282456702545259,0.237228149612798,0.3110926577151273,0.0404529495174868,0.6035983674609434,0.4350300988725157,0.2163855749341658,-0.0017396873235941,124.81717825562262,0.0021170560261516,125.94636494428022,4.33,13.65,121.5151,1.0,Normal,Normal,5,0,0
2024-04-02,-0.0174449651448177,163.36810503785642,-0.0174449651448176,0.2370511997844608,0.2047538637478914,0.018011817970725,0.0282456702545259,0.2394813403789565,0.3106264947633005,0.0481677133309777,0.6191053426465986,0.4365804513238721,0.2242048406698552,-0.0063580997448107,124.02357818640756,-0.0086302395053544,124.85941764998228,4.36,14.61,121.3035,1.0,Normal,Normal,6,0,0
2024-04-03,0.004605099055044,164.1204313439906,-0.0129202018822772,0.2347959556824705,0.2023392649443439,0.018011817970725,0.0282456702545259,0.2345310209993941,0.3066518180194889,0.0411969254266675,0.6103145588869777,0.4354893736070386,0.2191518208531361,0.0010984776758633,124.159815318326,0.0022443151411259,125.13964153152632,4.36,14.33,121.0198,1.0,Normal,Normal,7,0,0
2024-04-04,-0.01510604126061,161.64122133639916,-0.0278310700401581,0.2393163700734193,0.203730941648265,0.018011817970725,0.0282456702545259,0.2377981569143857,0.3133284168871896,0.0374875606159818,0.5988980023423038,0.4425054093673238,0.2176638268995219,-0.0122060358084608,122.64431616657863,-0.0152906565421325,123.22617425306215,4.31,16.35,120.7613,1.0,Normal,Normal,8,0,0
2024-04-05,0.0059882590408077,162.60917084143406,-0.0220094706561336,0.2269935711172399,0.2036596454355521,0.018011817970725,0.0282456702545259,0.2362397839619342,0.3130076129165191,0.0328836690974972,0.5997074935180157,0.4240110456922751,0.2126871768815672,0.0104469570757437,123.92557607315484,0.0117839403782431,124.67826414349923,4.39,16.03,120.9646,1.0,Normal,Normal,9,0,0
2024-04-08,0.0113951746976842,164.46213075061783,-0.0108650977215793,0.2272264030391656,0.2037229855813415,0.018011817970725,0.0282456702545259,0.2347729925896585,0.3123418232824034,0.0297990496372111,0.594473062630298,0.4284412220193999,0.2181539244929574,0.0005591879236255,123.99487375872329,0.0002950298939758,124.7150479585506,4.42,15.19,120.7359,1.0,Normal,Normal,10,0,0
2024-04-09,-0.0049208279412764,163.6528409023383,-0.0157324603864028,0.2246508558445408,0.2040645788333403,0.018011817970725,0.0282456702545259,0.2345706550623144,0.3123998367969238,0.0285400234648522,0.6010087683129225,0.4239238346824513,0.2153995028840374,0.0011567576165172,124.13830577335278,0.0036995927851484,125.17644285017748,4.36,14.98,120.7048,1.0,Normal,Normal,11,0,0
2024-04-10,-0.005722325449661,162.71636608593352,-0.0213647595776091,0.2257108718273558,0.2045454048857775,0.018011817970725,0.0282456702545259,0.2362511143903911,0.3153038872830234,0.027483149197517,0.6009235410413754,0.4244005073447938,0.2142478109042469,-0.0100131653146925,122.89528839575836,-0.0087285569390398,124.08383314133324,4.55,15.8,121.5727,1.0,Normal,Normal,12,0,0
2024-04-11,0.0142155127496716,165.02946266260835,-0.0074529578401065,0.2278373878832373,0.2052297868933593,0.018011817970725,0.0282456702545259,0.244703292422238,0.3288017285042665,0.0246633065480545,0.601857817663991,0.4245533869631474,0.2040461781614475,0.0075470263722421,123.82278237830546,0.0159682970058103,126.06524064255346,4.56,14.91,121.6081,0.0,Low,Normal,13,0,0
2024-04-12,-0.0296166335700942,160.14184553866033,-0.036848859888837,0.2412877926135583,0.2124876355358537,0.0183648195647364,0.0291167742229794,0.2562729710767896,0.3370489491203084,0.0438458180378375,0.6155210351379127,0.4285200327335582,0.2147161637241694,-0.013803216310618,122.11362972895512,-0.015941900905502,124.0555210686016,4.5,17.31,122.2885,1.0,Normal,Normal,14,1,1
2024-04-15,-0.0291888182079444,155.46749432174764,-0.0649621034243163,0.2463473990438386,0.218904133881099,0.0188864426717478,0.0294070040426407,0.2663670451945446,0.336852456326264,0.0779134464733891,0.6261816364016972,0.4321510028476149,0.2203785279970741,-0.0125280352297213,120.58378587368162,-0.0164509584505186,122.0146888459446,4.63,19.23,122.425,1.0,Normal,Normal,15,1,0
2024-04-16,0.0016195191856833,155.71927691155182,-0.063447791611471,0.2451225166344848,0.2187894069341661,0.0188864426717478,0.0294070040426407,0.2659826502616153,0.3366094257848233,0.0768952758907472,0.6303561225123601,0.4240546129339582,0.2142131686266512,-0.0018237698460005,120.3638688010886,9.281529297644477e-05,122.02601367503728,4.67,18.4,123.1234,1.0,Normal,Normal,16,0,0
2024-04-17,-0.0193293037601075,152.70933170682414,-0.0815506937346124,0.2356226135061732,0.2208067805371726,0.0192423847207342,0.0294070040426407,0.2676849130092494,0.3367480690176241,0.0820904908892305,0.6343907845164153,0.4166607938170472,0.2155948693685138,-0.0059181459275629,119.65153786111772,-0.0122013529119566,120.5371312177489,4.59,18.21,123.0207,1.0,Normal,Normal,17,1,0
2024-04-18,0.0001946678331124,152.73905930152355,-0.0813719011983381,0.2304777227231369,0.2166881499180182,0.0192423847207342,0.0294070040426407,0.2617480540406019,0.3336520882974209,0.0685634607525448,0.6428757543727969,0.4142044685339516,0.2154723469634042,-0.0020577310851842,119.40532717227082,-0.0057063761509154,119.84930100686816,4.64,18.0,123.0017,1.0,Normal,Normal,18,0,0
2024-04-19,-0.0269367971993032,148.62475823670607,-0.1061167999973399,0.2270265056438928,0.2212719167482641,0.0202296140250972,0.0294070040426407,0.2680766239295029,0.34331368835724,0.0672538676354058,0.647120713370156,0.419718938471882,0.2060759649984886,-0.0087283715380026,118.36311311309449,-0.0206891273897081,117.3697235507696,4.62,18.71,123.1075,1.0,Normal,Normal,19,1,0
2024-04-22,0.0171658594999219,151.17602995480723,-0.0907725265767536,0.2324214182333612,0.2226910183435055,0.0202296140250972,0.0294070040426407,0.276044318597892,0.3503847999227228,0.0779928920130596,0.6448988710012972,0.4203424959213513,0.2156820507402502,0.0092090321166702,119.45312282318204,0.0100565031909807,118.55005255018244,4.62,16.94,123.0609,1.0,Normal,Normal,20,0,0
2024-04-23,0.0131119275455898,153.15823910620458,-0.0788508018227683,0.2359833635540948,0.2234468509018146,0.0202296140250972,0.0294070040426407,0.2869599927774566,0.3672470534721688,0.0757609758127356,0.6448981229333427,0.4190568999178453,0.2133383406923329,0.0118665548877519,120.87061986167669,0.0149230118787451,120.3191763926147,4.61,15.69,122.7227,1.0,Normal,Normal,21,0,0
2024-04-24,-0.001172987462167,152.9785864120054,-0.0799312982830156,0.2269414210082815,0.2227354482242106,0.0202296140250972,0.0294070040426407,0.2815542125011292,0.3619152933429964,0.0696750249535025,0.6471041962501789,0.4101458967012852,0.2277981840246505,-0.0004745262597501,120.81326357852004,0.0033876360340661,120.72677397015148,4.65,15.97,122.89,1.0,Normal,Normal,22,0,0
2024-04-25,-0.001753191657995,152.710385630456,-0.0815443550556481,0.2266835688230876,0.222817765324275,0.0202296140250972,0.0294070040426407,0.2796525827088477,0.3581211825125126,0.0720121022063541,0.6478587971179831,0.4173951291127071,0.2196714902517949,-0.0037988826398895,120.3543081688432,-0.004829748186742,120.14369405247793,4.7,15.37,122.8384,1.0,Normal,Normal,23,0,0
2024-04-26,0.0087758873145828,154.05055476651538,-0.0734840918121739,0.2290085063860076,0.2231009616728338,0.0202296140250972,0.0294070040426407,0.2729225478311144,0.3479625720509269,0.0730136482366051,0.6451551940553119,0.4301983055162143,0.2092410233889103,0.0094738917126708,121.49453185158823,0.0154316572022314,121.99771035410554,4.67,15.03,122.9471,1.0,Normal,Normal,24,0,0
2024-04-29,0.0079024478470971,155.26793124137413,-0.0661623481682139,0.2268202237588443,0.2227245534632074,0.0202296140250972,0.0294070040426407,0.2686804928015053,0.3426204357741675,0.071141802047468,0.6438628500688867,0.4246407059519438,0.223304635152941,0.0035414433560694,121.9247978542128,0.004060265738327,122.49305347761066,4.63,14.67,122.5449,1.0,Normal,Normal,25,0,0
2024-04-30,-0.0303280708044976,150.55895442901786,-0.0944838425928742,0.2374310872406298,0.2291155148486839,0.021026353170827,0.0299794665596399,0.2803271894447344,0.3504778985579372,0.0918375532073713,0.6523969140430819,0.4252065785759856,0.2226785596902916,-0.0158412645810015,119.9933548724191,-0.018856089887011,120.1833134507024,4.69,15.65,122.9853,1.0,Normal,Normal,26,1,1
2024-05-01,-0.0063973184504612,149.59578085196694,-0.1002767178138456,0.2326073639520006,0.2292919403067942,0.021026353170827,0.0299794665596399,0.2767513448647725,0.3415676344359762,0.1008984795788997,0.6459741891607332,0.4223722911632099,0.2094887419868659,-0.0032470771673877,119.60372718957464,-0.0072305584212415,119.31432098153869,4.63,15.39,123.0168,1.0,Normal,Normal,27,0,0
2024-05-02,0.0182888689375114,152.33171848157323,-0.0838217966259154,0.2224854363776853,0.2283016972399828,0.021026353170827,0.0299794665596399,0.2733908055595149,0.3381604120215492,0.0968039876469809,0.6552568480763278,0.4169281586899822,0.1829281954496328,0.0093533800611973,120.72242630671452,0.0127633311763311,120.83716917430512,4.58,14.68,122.4384,0.0,Low,Normal,28,0,0
2024-05-03,0.0241396754218862,156.00895672217655,-0.0617055521678583,0.2354851467553828,0.2313865540774441,0.021026353170827,0.0299794665596399,0.2776753713894366,0.3399699479219235,0.1069775839413983,0.6578320044729676,0.4218866301445785,0.1824902783373202,0.0123953183651777,122.21881921460292,0.0200983955961278,123.26580240308654,4.5,13.49,122.1375,0.0,Low,Normal,29,0,0
2024-05-06,0.0178412962582426,158.79235873799627,-0.0449651629466207,0.2420865443224003,0.2323584278913255,0.021026353170827,0.0299794665596399,0.2809786257511749,0.3426516681163308,0.1097154377844117,0.6913699624721623,0.4257575581617897,0.1829875242618555,0.0103267535193347,123.48094283605629,0.0109535058197864,124.6159950870894,4.49,13.49,121.8913,0.0,Low,Low,1,0,0
2024-05-07,-0.0064931005622276,157.76130398419713,-0.0511663001840391,0.2398723210743756,0.2327254641259868,0.021026353170827,0.0299794665596399,0.2812974910228044,0.3420810367607617,0.1111023911297914,0.7067998885894958,0.4169574611630866,0.1738173329140778,0.0011034873862871,123.61720249892272,0.0001590010575958,124.63580916210158,4.47,13.23,122.093,0.0,Low,Low,2,0,0
2024-05-08,-0.0054181105658345,156.9065357962005,-0.0563071860782319,0.2401330089489447,0.232726315430259,0.021026353170827,0.0299794665596399,0.2811870462044171,0.341841867027227,0.1112936836237799,0.7066687561156288,0.4170155151795889,0.1738327564084698,9.666059809032568e-05,123.62915141165053,-0.000590541657307,124.56220652479917,4.48,13.0,122.1926,0.0,Low,Low,3,0,0
2024-05-09,0.0042412739807622,157.57201940388447,-0.0523047263007131,0.2407353596121433,0.2325109289476533,0.021026353170827,0.0299794665596399,0.2798122718899738,0.3405735955767366,0.1092590107153069,0.7114648604732786,0.4173534778966409,0.1786380824582693,0.0057617148642159,124.34146733098945,0.0021815877785555,124.8339499122236,4.45,12.69,122.1634,0.0,Low,Low,4,0,0
2024-05-10,-0.0069395323040328,156.47854328501953,-0.0588812882669286,0.2411202807793519,0.2308975321765366,0.021026353170827,0.0299794665596399,0.2759441105838316,0.3296678803241343,0.120958078962534,0.7204026439927017,0.4181921914784181,0.1795080815015562,0.0012882268699916,124.5016473502594,0.0023581368867755,125.12832545423348,4.5,12.55,122.014,0.0,Low,Low,5,0,0
2024-05-13,0.0065368190595375,157.50141520917373,-0.0527293655347843,0.2414835960126477,0.227746239397279,0.021026353170827,0.0299794665596399,0.2714094447493532,0.3267935318139581,0.112788093859436,0.7122866608369393,0.4185371202046093,0.1801513903376958,0.0001343996996394,124.51838033426787,0.0023072663572825,125.41702982989712,4.48,13.6,122.0261,0.0,Low,Low,6,0,0
2024-05-14,0.0057449714829752,158.4062563480787,-0.0472873227531216,0.2376606606652586,0.2278216154890388,0.021026353170827,0.0299794665596399,0.2714143460968555,0.3268583529175591,0.1126420562300905,0.7124584553737042,0.4178891424616827,0.1727801180949693,0.0045881558629177,125.08969007103956,0.0064322577408195,126.22374449085108,4.45,13.42,121.9256,0.0,Low,Low,7,0,0
2024-05-15,0.0278987054037338,162.8255858280421,-0.0207078724362083,0.2515481564873469,0.2318218055349482,0.021026353170827,0.0299794665596399,0.2755921467449498,0.3279876884372121,0.1235626443042382,0.722190724126444,0.4268831058395241,0.1849511178126429,0.0123831362158193,126.63869274238388,0.0156302565056907,128.19665399435186,4.36,12.45,121.3543,0.0,Low,Low,8,0,0
2024-05-16,-0.0032770667934925,162.29199550759404,-0.0239170781485764,0.2477409092414653,0.2280719840297072,0.021026353170827,0.0299794665596399,0.2670211942592242,0.3173422769254777,0.1187076973260013,0.7304857549386954,0.4201778239291663,0.1848877625623965,-0.0020576485565206,126.37811481906284,-0.0020313307595632,127.93624418782004,4.38,12.42,121.2236,0.0,Low,Low,9,0,0
2024-05-17,0.010005755921399,163.9158496026398,-0.014150630673485,0.2488204852858719,0.2284519181832747,0.021026353170827,0.0299794665596399,0.2671477691321149,0.3173890928762042,0.1187907754784736,0.7340563428936105,0.4183817821297245,0.1884747911805886,0.0014373097953499,126.55975932141013,-0.0004866510268858,127.87398388321012,4.42,11.99,121.2354,0.0,Low,Low,10,0,0
2024-05-20,0.026232934178095,168.2158432960124,0.0,0.2580695057354538,0.2312535781453013,0.021026353170827,0.0299794665596399,0.2684854605416439,0.318079578173535,0.1212222552269527,0.7416394231458242,0.4288939039125406,0.2040874115702268,0.0011523039908243,126.70559463715396,0.0069726135439998,128.7655997551594,4.44,12.15,121.2289,0.0,Low,Low,11,0,0
2024-05-21,0.0020094848758618,168.5538704889961,0.0,0.2574967021933411,0.231242317172825,0.021026353170827,0.0299794665596399,0.2683163631147597,0.3180014394857319,0.121183801942768,0.7363271077106114,0.4285725093730355,0.2049001848302011,0.0024525107590751,127.0163414712366,0.0019564954684421,129.01752906757162,4.41,11.86,121.3793,0.0,Low,Low,12,0,0
2024-05-22,-0.0050592344014634,167.70111694891833,-0.0050592344014636,0.2573509058875119,0.2305104255911368,0.021026353170827,0.0299794665596399,0.2695168675649775,0.3186052961338115,0.124087558313541,0.7328615064273305,0.4271581508411733,0.2058663289223324,-0.0028790965128826,126.65064916542764,-0.0001974653346925,128.99205257801307,4.43,12.29,121.5462,0.0,Low,Low,13,0,0
2024-05-23,-0.0069132738491186,166.5417532026474,-0.011937532377698,0.2552955694912745,0.230770997030124,0.021026353170827,0.0299794665596399,0.2710334813194566,0.3201375474181235,0.1256548570183532,0.7330705323826612,0.4287707643065225,0.209506084646115,-0.0073043897379189,125.72554346336292,-0.0044984309227061,128.4117907399128,4.47,12.77,121.7477,1.0,Normal,Low,14,0,0
2024-05-24,0.0080061491033397,167.87511131071938,-0.0040269569385001,0.2396244272988661,0.2307515997919154,0.021026353170827,0.0299794665596399,0.2691035164338148,0.3185584489682683,0.1225933550117972,0.735833299058208,0.4217261915346696,0.1999991048384889,0.0066164567351518,126.55740108219172,0.0094562557526385,129.62608547480372,4.46,11.93,121.6172,0.0,Low,Low,15,0,0
2024-05-28,0.0100153086540219,169.55643236582452,0.0,0.2220263335393393,0.2310344787503186,0.021026353170827,0.0299794665596399,0.2700798229438563,0.3154487783707764,0.1334250207721611,0.7319884155770803,0.4088153741383056,0.1958610567278265,0.0006988250410566,126.645842563199,0.0037779102436419,130.11580119096217,4.54,12.92,121.43,0.0,Low,Low,16,0,0
2024-05-29,-0.0079690487385606,168.2052288923648,-0.0079690487385606,0.2242687006387518,0.2292887659170655,0.021026353170827,0.0299794665596399,0.2670168167945567,0.3095199370210288,0.1368051647330845,0.7325823897901161,0.4092161284474804,0.1964012581356592,-0.0070025840130397,125.758994410748,-0.0070486144811986,129.19866507045478,4.61,14.28,122.1641,0.0,Low,Low,17,0,0
2024-05-30,-0.0250331472197329,163.99452263437334,-0.0328027055880201,0.2296749504916948,0.2320107615021033,0.0213834159996629,0.0299794665596399,0.2606656731359939,0.3033043654048249,0.1303908117170681,0.7224343650107978,0.4362188473200969,0.1813923389770279,-0.0066336877391557,124.92474851143686,-0.0107132756760782,127.8145241545737,4.55,14.47,121.9601,0.0,Low,Low,18,1,0
2024-05-31,0.0011233463432379,164.17874528168574,-0.0317162080441526,0.2296103901064344,0.2320046645087162,0.0213834159996629,0.0299794665596399,0.2583763187904624,0.2999551203735704,0.1302942205658914,0.7243497367502515,0.435590066177057,0.1810037315042892,0.0091084670363645,126.06262146527942,-0.0018600596944614,127.576781509827,4.51,12.92,122.098,0.0,Low,Low,19,0,0
2024-06-03,0.0036955174686828,164.78547070286064,-0.0281378983763372,0.2119564688696552,0.2301651575666693,0.0213834159996629,0.0299794665596399,0.2589975828493011,0.3006570962536563,0.1306459569890742,0.7261890016002716,0.4188718738691511,0.1831995392623016,0.0008150006833376,126.16536258791696,0.005369273464975,128.26177613753464,4.41,13.11,122.3509,0.0,Low,Low,20,0,0
2024-06-04,0.0047434903638477,165.56712899524177,-0.0235278798622967,0.2080348724986143,0.2301274770744853,0.0213834159996629,0.0299794665596399,0.2612397362777362,0.303366215488709,0.1319718106509079,0.7258318482961134,0.4147251258342398,0.1755023643633236,0.0011178084905585,126.30639130143211,0.0027365201562228,128.61276707320795,4.33,13.16,122.7256,0.0,Low,Low,21,0,0
2024-06-05,0.0225139401925925,169.29469743529987,-0.0015436449497825,0.213667861505453,0.2325699804789792,0.021026353170827,0.0299794665596399,0.2684552911521076,0.3109583119364289,0.1388340029911597,0.7251688861150809,0.4187000161154977,0.1744592442091683,0.0118852020368991,127.80756828060127,0.0201596684281715,131.2055578130335,4.29,12.63,122.5339,0.0,Low,Low,22,0,0
2024-06-06,-0.0003214477221259,169.2402780404413,-0.0018645964707555,0.2135225869941675,0.2308701971342811,0.021026353170827,0.0299794665596399,0.266323676600692,0.309436274493799,0.1350133289205694,0.7270379655437867,0.41060779151341,0.1672303219305963,-1.868653409564658e-05,127.80518000011894,-0.0003451878512285,131.16026724846276,4.28,12.58,122.3713,0.0,Low,Low,23,0,0
2024-06-07,-0.004535691561497,168.47265633946785,-0.0063918307977746,0.2142639754256704,0.2304883441034394,0.021026353170827,0.0299794665596399,0.2643529998379282,0.3070248665230719,0.1337516092657324,0.7298585244408344,0.4011581243968073,0.1740512836677415,-0.0012157051618812,127.64980658307763,-0.0008847200263809,131.04422713336254,4.43,12.22,123.549,0.0,Low,Low,24,0,0
2024-06-10,-0.0015237011950209,168.215954351675,-0.0079057927525708,0.2140842609723507,0.2272908068842827,0.021026353170827,0.0299794665596399,0.2585429106298612,0.3016695696900621,0.1265662931329222,0.7287591059769151,0.3845182287459067,0.182322560918468,0.0030897951566302,128.0442183372028,0.0040390284025615,131.57351848874592,4.47,12.74,123.9125,0.0,Low,Low,25,0,0
2024-06-11,-0.0029293711321582,167.72318739102877,-0.0108120048836628,0.2142412973599838,0.2269795884449884,0.021026353170827,0.0299794665596399,0.2563089912019644,0.3007210773567054,0.1209142306269557,0.7328073844111569,0.3763719340096215,0.1797966612087403,0.0024082192667864,128.35257689080308,0.0068628320258754,132.4764854451876,4.39,12.85,124.0349,0.0,Low,Low,26,0,0
2024-06-12,0.0203661249535737,171.13905878304615,0.0,0.196010461020472,0.2258956769207275,0.021026353170827,0.0299794665596399,0.2622802130761376,0.3074398617898672,0.1254936319228586,0.7334912253947828,0.3753382924227953,0.1754675701780264,0.0082130253824275,129.40673986270724,0.0130977252115602,134.21162604854194,4.31,12.04,123.8295,0.0,Low,Low,27,0,0
2024-06-13,0.0013805428094125,171.3753235800587,0.0,0.193584817308443,0.2256794269084914,0.021026353170827,0.0299794665596399,0.2573442512255748,0.3016510225707383,0.1220608345388983,0.7358585044450036,0.375188715613664,0.175804801867823,0.0020135187932677,129.6673027653963,0.0054202335693485,134.93908440944708,4.24,11.94,124.0235,0.0,Low,Low,28,0,0
2024-06-14,0.0083429729371358,172.80510326678004,0.0,0.1895837479277064,0.2257434285638641,0.021026353170827,0.0299794665596399,0.2514376110270898,0.2940402505300112,0.119732905679682,0.7359158086359602,0.3813750286282276,0.1809261881243217,0.0006082746904094,129.74617610384217,0.0051811992887993,135.63823069762054,4.2,12.66,124.1694,0.0,Low,Low,29,0,0
2024-06-17,0.0120031278309864,174.879305011138,0.0,0.1816330458929382,0.2248796511052954,0.021026353170827,0.0299794665596399,0.2494330664234699,0.2927031913028461,0.11609141376121,0.7351034855791988,0.3773853087126327,0.181328450498997,0.0079590278337329,130.77882953077304,0.0122499052155575,137.29978616727234,4.28,12.75,124.239,0.0,Low,Low,30,0,0
2024-06-18,-0.0040534073091688,174.1704479579835,-0.0040534073091688,0.1780546291305889,0.2251077234092935,0.021026353170827,0.0299794665596399,0.2487353231454015,0.2914542801487977,0.1165512407648375,0.7363330637349926,0.3754213266566431,0.1809736568446898,0.0025408272998925,131.11111595109284,0.0003091500051279,137.34223239687003,4.22,12.3,123.9776,0.0,Low,Low,31,0,0
2024-06-20,-0.0051790300051053,173.26841398200645,-0.009211444596197,0.1774762257305236,0.2238932107790674,0.021026353170827,0.0299794665596399,0.2429255418634268,0.2849987246706932,0.1119928554427159,0.7343544399197665,0.3815893468038085,0.1809417680868621,-0.0027166594013908,130.75493170531743,-0.0077078819784098,136.2836146789036,4.25,13.28,124.192,0.0,Low,Low,32,0,0
2024-06-21,-0.0009620877796605,173.1017145583132,-0.0101646701575786,0.1760623358029214,0.2239113312885579,0.021026353170827,0.0299794665596399,0.242658805637439,0.2819296681907362,0.1185079390371896,0.730441615275779,0.3842458409855206,0.1803479661192352,-0.0013406054574014,130.57964093029116,-0.0026793488622929,135.9184633309645,4.25,13.2,124.1086,0.0,Low,Low,33,0,0
2024-06-24,-0.0220444833220895,169.28577669870737,-0.0319850785779047,0.1907605346873066,0.2261081266489967,0.0213834159996629,0.0299794665596399,0.2431918096651663,0.2796531184434973,0.1256739406632699,0.7298140374520258,0.3921165402607567,0.1786556616554173,-0.0032507598910063,130.15515787097297,-0.0113846158204866,134.3710838430306,4.25,13.33,123.7125,0.0,Low,Low,34,1,0
2024-06-25,0.0138300477054547,171.62700706630545,-0.0185973860350452,0.1913617634372885,0.2241000380136924,0.0213834159996629,0.0299794665596399,0.2399527940845214,0.2770757842488594,0.1208015043413146,0.7279174844807944,0.3932743194125724,0.1771045855294545,0.0038510843277832,130.65639635963004,0.0114356060105238,135.90769861706656,4.23,12.84,123.9417,0.0,Low,Low,35,0,0
2024-06-26,0.0035079044855502,172.2290582142349,-0.0151547194033868,0.1910977898473513,0.2241244213542164,0.0213834159996629,0.0299794665596399,0.2394691574191458,0.2767453536469137,0.1198179871290188,0.7295698437991737,0.395531091874673,0.1754093856119294,0.0012479217590419,130.81944531960522,0.0020650888389381,136.18836008860643,4.32,12.55,124.26,0.0,Low,Low,36,0,0
2024-06-27,0.0145271575029074,174.73105686949046,-0.000847716896165,0.193847755266712,0.2234648906910134,0.0213834159996629,0.0299794665596399,0.2369590688091278,0.2729663832838019,0.120257502785991,0.7272265525425863,0.3976992701336261,0.1804093157774096,0.0015767022833133,131.0257086377424,0.0025813590136432,136.53991113947447,4.29,12.24,124.3379,0.0,Low,Low,37,0,0
2024-06-28,-0.0066216779220786,173.5740440879163,-0.0074637815099881,0.181265382758249,0.2233275648798375,0.0213834159996629,0.0299794665596399,0.2363192436347547,0.2693697699687685,0.1256691322945954,0.7393024920466575,0.3901119806524911,0.170085615079394,-0.0039352066003527,130.51009540429527,-0.0051908962761688,135.83114662319213,4.36,12.44,124.2103,0.0,Low,Low,38,0,0
2024-07-01,0.0147211437892446,176.12925254901518,0.0,0.1840277967509327,0.2239134388425145,0.0213834159996629,0.0299794665596399,0.2366433706784505,0.2689303668316355,0.1277695021102773,0.7397065338395731,0.3936537415015551,0.1709237260920281,0.0020578400367741,130.77866430382144,0.0058650674948601,136.6278054660414,4.48,12.22,124.4667,0.0,Low,Low,39,0,0
2024-07-02,0.01440271651652,178.6659922437452,0.0,0.1859558355711257,0.2203308633974905,0.0213834159996629,0.0299794665596399,0.2337588439054015,0.2610035016832515,0.1366859777247518,0.7362888143903973,0.3971134576192408,0.1702869126101923,0.0067298355891312,131.65878321315236,0.0104997023007873,138.06235674944477,4.43,12.03,124.2917,0.0,Low,Low,40,0,0
2024-07-03,0.0033787587996387,179.26966153723492,0.0,0.1723841612182955,0.2200165053291746,0.0213834159996629,0.0299794665596399,0.231852217591189,0.2613393015351721,0.1292912627821729,0.7382186016870199,0.3771054364863328,0.1617701428628035,0.0044625356922993,132.24631523244577,0.0083371420276368,139.21340222633512,4.36,12.09,123.7768,0.0,Low,Low,41,0,0
2024-07-05,0.0024031434155682,179.7004722439693,0.0,0.1723845385563067,0.2186484485360355,0.0213834159996629,0.0299794665596399,0.2312848434149187,0.2651127090841825,0.1190772196916494,0.7304239008397252,0.3877295507526324,0.1559713107232763,0.0057664932554064,133.00891271728602,0.0104267782816074,140.66494950517733,4.28,12.48,123.4762,0.0,Low,Low,42,0,0
2024-07-08,0.008410933021928,181.2119208800221,0.0,0.1718796240152199,0.2188695864682455,0.0213834159996629,0.0299794665596399,0.2303224387338097,0.2635504618581706,0.119133040874058,0.7351825972774507,0.3919191280061486,0.1545965951457851,0.0011540267107663,133.16240855533175,0.0023781958562252,140.9994783052067,4.28,12.37,123.3576,0.0,Low,Low,43,0,0
2024-07-09,0.0021123460513359,181.59470316554803,0.0,0.1694931193196556,0.2186185552711565,0.0213834159996629,0.0299794665596399,0.2314056586434254,0.261665681702208,0.1274024961284982,0.7323522893099402,0.3861130483393134,0.1538549330854068,0.0009724431209321,133.29190142349813,0.0008646934450389,141.1213996298511,4.3,12.51,123.4071,0.0,Low,Low,44,0,0
2024-07-10,0.0086938301338042,183.173456668068,0.0,0.1696832140664743,0.2174755327552556,0.0213834159996629,0.0299794665596399,0.2306485820870289,0.2600655666814072,0.1280505746904991,0.7400242322317431,0.383449623821723,0.1528357704654028,0.0098954002407729,134.61087813693732,0.0104263960895618,142.5927872391053,4.28,12.85,123.1895,0.0,Low,Low,45,0,0
2024-07-11,-0.0275089962924929,178.13453872770296,-0.0275089962924929,0.1897984368113945,0.2198373427553923,0.0218603560406869,0.0299794665596399,0.2377264093829484,0.270871720712164,0.1270660036268557,0.7375465992017913,0.3968099927727471,0.1482119786063051,-0.0086225519799074,133.45018884314058,-0.0219301370953491,139.46570786614376,4.2,12.92,122.769,0.0,Low,Low,46,1,0
2024-07-12,0.0070743695858809,179.39472829067316,-0.0206292355133217,0.1881285403060687,0.2197979907674056,0.0218603560406869,0.0299794665596399,0.2409077099521373,0.2725725653988909,0.1334295399929566,0.7448103187034706,0.3962579055641297,0.1489149447206667,0.0063075309368865,134.29193003780202,0.0058748743384333,140.285051374378,4.18,12.46,122.4404,0.0,Low,Low,47,0,0
2024-07-15,0.0243205665293911,183.7577097150885,0.0,0.18022034303895,0.2165778643918286,0.0218603560406869,0.0299794665596399,0.2271401405474218,0.2593618994856643,0.11594497273555,0.7673060948870075,0.3925109702274264,0.1572800569215458,0.002749958671206,134.66122729528246,0.0026878312687781,140.6621139220042,4.23,13.12,122.6347,0.0,Low,Low,48,0,0
2024-07-16,-0.0027905097547113,183.2449320336252,-0.0027905097547111,0.181092121481221,0.2154673309295613,0.0218603560406869,0.0299794665596399,0.227427431139615,0.2605604044974815,0.1141773973609437,0.7665238702943612,0.3883780992617379,0.1589977180573941,0.00593034041845,135.45981421430977,0.0003829554880663,140.71598125049366,4.17,13.19,122.7264,0.0,Low,Low,49,0,0
2024-07-17,-0.0345923394494932,176.9060611423187,-0.0372863189435322,0.2124444802277654,0.2199379240553141,0.0225792531072931,0.0303666011774382,0.2341497809317495,0.2708122034025043,0.112775542652303,0.7715785686470301,0.4083605801088135,0.1626523107191419,-0.0140212347184874,133.5605003642882,-0.029354942454588,136.58527171844452,4.16,14.48,122.518,0.0,Low,Low,50,1,1
2024-07-18,-0.0001478112819985,176.87991243062794,-0.0374286188869267,0.2124597485802673,0.2186470278255217,0.0218603560406869,0.0299794665596399,0.2318423101041185,0.2665632260188189,0.1148355525712883,0.7717116160820597,0.4103995259528299,0.1598017053774749,-0.0076848306243402,132.53411054088653,-0.0047325687604583,135.9388725283711,4.2,15.93,122.7909,0.0,Low,Low,51,0,0
2024-07-19,-0.0052264243734291,175.95546294513048,-0.0424594254143415,0.2045832780619277,0.2188373368922636,0.0218603560406869,0.0299794665596399,0.2339247741960229,0.2715821407689477,0.1100527502615951,0.773997303160067,0.4109313485678915,0.1630476755471334,-0.0066406972947494,131.65399163155564,-0.0088635081295713,134.7339772265911,4.25,16.52,123.147,0.0,Low,Low,52,0,0
2024-07-22,0.0212522572119059,179.6949137014804,-0.0221095268324108,0.2124393247837558,0.219223546737785,0.0218603560406869,0.0299794665596399,0.2366211867920452,0.2732820813710386,0.1154809744906686,0.7705930610479236,0.416436628923979,0.1657323937686709,0.0103100134776563,133.01134605966425,0.0148977570772643,136.74121128936653,4.26,14.91,123.2172,0.0,Low,Low,53,0,0
2024-07-23,-0.0029072330145687,179.17249871581737,-0.0249524823006359,0.2120502492156331,0.2189801711750839,0.0218603560406869,0.0299794665596399,0.236075357058552,0.2699216939569239,0.1214763005194018,0.7704394137027869,0.4167321489523045,0.1652677332258204,-0.0015687881179545,132.8026794404127,-0.0035246259477111,136.25924966793457,4.25,14.72,123.3843,0.0,Low,Low,54,0,0
2024-07-24,-0.0412853498287293,171.77529942664728,-0.0652076601684884,0.2465325176631086,0.2300890510003807,0.0225792531072931,0.0303666011774382,0.2607718873250269,0.3045421385892769,0.1240754697897937,0.7792593561047733,0.4404653754003965,0.1706837394281828,-0.0226624867624868,129.79304047557156,-0.035870373735258,131.37157945745992,4.28,18.04,123.5575,0.0,Low,Low,55,1,1
2024-07-25,-0.0136171251442773,169.4362136776589,-0.0779368444438859,0.249866925186864,0.2296249465427688,0.0225792531072931,0.0303666011774382,0.2619780810493658,0.305683075587295,0.1252857517893598,0.7826882111219319,0.4384497452130781,0.170427985112487,-0.0052104019634801,129.1167665626316,-0.0110276549422025,129.9228590099909,4.27,18.46,123.5286,0.0,Low,Low,56,0,0
2024-07-26,0.0168576143033464,172.2925040168563,-0.0623930594041942,0.247634969590034,0.2302547554864071,0.0225792531072931,0.0303666011774382,0.2642848671449549,0.3048758182636925,0.1336088848773559,0.8037413120031259,0.4262521502322946,0.1793395809195686,0.0112000275478216,130.56287790501872,0.0102559245626536,131.25533805096163,4.2,16.39,123.672,0.0,Low,Low,57,0,0
2024-07-29,-0.0006452792208722,172.18132724410216,-0.0629980776803064,0.2476308016898725,0.2278211355338818,0.0225792531072931,0.0303666011774382,0.2658774792091499,0.3056260613392298,0.1383466384718461,0.7876397157159122,0.4177005498713866,0.1728427937905336,0.0005875358193219,130.63958827246168,0.0020088647960245,131.51901227886253,4.17,16.6,124.1392,0.0,Low,Low,58,0,0
2024-07-30,-0.0186423051269438,168.97147040445543,-0.0804659534207231,0.2522980121545802,0.2252591344330176,0.0225792531072931,0.0303666011774382,0.2631277908913813,0.3054435993184845,0.1306176813914095,0.7697261384423454,0.4068498932665691,0.1821888540329767,-0.0050662598910954,129.97773416620768,-0.0137314855486748,129.71306086237934,4.15,17.69,124.2855,0.0,Low,Low,59,0,0
2024-07-31,0.0271732582118768,173.56297580019623,-0.0554792173384123,0.2625196589425146,0.2295062462791348,0.0218603560406869,0.0303666011774382,0.2661652296712941,0.3150988212164666,0.1182587609505596,0.7720865564012694,0.4251622040922743,0.1970173761627518,0.0162545300741452,132.09046115518154,0.0295936233937896,133.55174033479634,4.09,16.36,123.6373,1.0,Normal,Low,60,0,0
2024-08-01,-0.0285152264170807,168.6137882476313,-0.0824124413116459,0.2749832194660538,0.2345595493404038,0.0225792531072931,0.0303666011774382,0.2687621614211781,0.3184342523932415,0.1194887829473754,0.7693396545059973,0.4379913295957441,0.2054206281599614,-0.0141611235470809,130.21991181537211,-0.0242214292515483,130.31692630485588,3.99,18.59,123.8693,1.0,Normal,Low,61,1,0
2024-08-02,-0.0475170592808729,160.60175687589606,-0.1260135037332319,0.3062619236483364,0.247181021692708,0.0231187082961753,0.0325398671913687,0.2854683640587267,0.3268591962509743,0.1566027824153294,0.7697729619810184,0.4753092729039688,0.2243531460344546,-0.0186183523825111,127.79543160997396,-0.023734914675997,127.22386517817196,3.8,23.39,123.4681,1.0,Normal,Normal,1,1,1
2024-08-05,-0.0523708756535932,152.19090223679987,-0.1717849418521385,0.338763373156644,0.2621216670187641,0.0242091734230909,0.0380057747429036,0.3062504054178122,0.3381970880052597,0.1989814072266281,0.7971514877249121,0.5078270634198032,0.2439637194264121,-0.0291236722926311,124.07355933926974,-0.0298160953382018,123.43054628472504,3.78,38.57,123.5787,2.0,Elevated,Normal,2,1,1
2024-08-06,0.0138188650785001,154.2940077809854,-0.1603399497076112,0.3381633726249382,0.2632460691168084,0.0242091734230909,0.0380057747429036,0.3069232591619746,0.338557467966102,0.2006317609252329,0.794098424568642,0.5089143143923247,0.2477312011618165,0.0092195609094152,125.21746307684607,0.0095550399841968,124.60993008974684,3.9,27.71,123.6532,1.0,Normal,Normal,3,0,0
2024-08-07,-0.0154236624932971,151.9142290802333,-0.173290582932426,0.3362378453616482,0.2643899714722339,0.0242091734230909,0.0380057747429036,0.3071190679343364,0.3381041920359508,0.2025647905316966,0.7909538854174291,0.5083477867610511,0.2484781144620206,-0.0066840887295654,124.38049844314934,-0.010829735150622,123.26043754973736,3.96,27.85,123.5698,1.0,Normal,Normal,4,0,0
2024-08-08,0.0551190749116267,160.28760085304873,-0.127723124642931,0.3768562276360276,0.2803161945928011,0.0242091734230909,0.0380057747429036,0.3289716766265699,0.3535372343544597,0.2396131665334942,0.8095548075465654,0.5370291558095017,0.2699292546588434,0.0231175874193836,127.25587548917534,0.030590861551504,127.03108052959917,3.99,23.79,123.4466,1.0,Normal,Normal,5,0,0
2024-08-09,-0.0005274965300605,160.20304969978702,-0.1281832476679338,0.3735897917756078,0.2788035101515321,0.0242091734230909,0.0380057747429036,0.3273499588102667,0.3531924611726683,0.2350823442347663,0.8068765947587142,0.5339288034725738,0.2691773999126973,0.0044097831085476,127.81704629937096,0.0052224438802408,127.69449321871136,3.94,20.37,122.9276,1.0,Normal,Normal,6,0,0
2024-08-12,-0.0019452319213519,159.89141761361304,-0.1298791334441397,0.3734003276624684,0.2787083474967841,0.0242091734230909,0.0380057747429036,0.3276017719873624,0.35442806769764,0.2339505690537029,0.7934494661325346,0.5332103957873972,0.2718480700623602,0.0005250644226313,127.88415848298855,0.0021536387502822,127.96950102750483,3.9,20.71,123.2204,1.0,Normal,Normal,7,0,0
2024-08-13,0.025667888020984,163.99549261643563,-0.1075449684766624,0.3790828831054064,0.280850443119127,0.0242091734230909,0.0380057747429036,0.3324576465151589,0.3591288429223909,0.239341385337551,0.7957096899261575,0.536948044449516,0.2733547952405573,0.0164458121424964,129.9873173294011,0.0248126155530015,131.14475905900974,3.85,18.12,123.0146,1.0,Normal,Normal,8,0,0
2024-08-14,-0.0049241967054045,163.18794655199258,-0.1119395926026113,0.3758971446787154,0.2808200399860737,0.0242091734230909,0.0380057747429036,0.3328370286826543,0.3581238850140948,0.2428941352980209,0.796940457851736,0.5327398682256139,0.269882706626656,0.0031546404761404,130.3973805820333,0.0003243934389907,131.18730155840652,3.83,16.19,122.4297,1.0,Normal,Normal,9,0,0
2024-08-15,0.0211222292124568,166.63483976377393,-0.0931817771230558,0.381878449376084,0.2823858352215924,0.0242091734230909,0.0380057747429036,0.3372747494566254,0.3652592604333901,0.2411989666674365,0.7989536071076953,0.5362043214876251,0.2652368957720794,0.0171402215679874,132.63242057709454,0.0252631281200068,134.50150316539452,3.92,15.23,122.5844,1.0,Normal,Normal,10,0,0
2024-08-16,0.0026314635285262,167.07333326719413,-0.0907955180425521,0.3819026880088064,0.2822729965998322,0.0242091734230909,0.0380057747429036,0.3378995306338566,0.3654489526046387,0.2432175868305941,0.7938989187054224,0.5278180723703637,0.2619450362263076,0.0022420117925041,132.92978402809675,0.0012857519231459,134.67443873175546,3.89,14.8,122.3972,1.0,Normal,Normal,11,0,0
2024-08-19,0.0182614365925784,170.12433234896372,-0.0741921380455981,0.3853203312518289,0.2836527754358447,0.0242091734230909,0.0380057747429036,0.340027909476416,0.3666981748848444,0.2474967149651158,0.7945365378509258,0.528711528176654,0.2600531568700268,0.0095615579673831,134.2007998636731,0.0131359751716233,136.4435188151881,3.86,14.65,121.8788,1.0,Normal,Normal,12,0,0
2024-08-20,-0.0048932978257133,169.2918633233796,-0.0787223916435279,0.385234636194656,0.2828670087760104,0.0242091734230909,0.0380057747429036,0.3388036054826577,0.3639418086568029,0.2497778515316118,0.7943528036532643,0.5270736014428122,0.2600385473175046,-0.0016260688565393,133.98258012249212,-0.0020985433413951,136.15718617730198,3.82,15.88,121.7728,1.0,Normal,Normal,13,0,0
2024-08-21,0.0076488583294859,170.58675280227484,-0.0716756697350815,0.3849932304027118,0.2784941552124876,0.0242091734230909,0.0380057747429036,0.3329960874313331,0.3598269285442674,0.240097973700886,0.7873883544353376,0.526090648920682,0.2615507315579249,0.0034362481296041,134.44297751283756,0.0046640164328468,136.7922255310831,3.79,16.27,121.8535,1.0,Normal,Normal,14,0,0
2024-08-22,-0.0209243284078495,167.01733956461138,-0.0911002328905418,0.3816732650756075,0.276304434432702,0.0231187082961753,0.0380057747429036,0.33017891190234,0.3607035031965557,0.228715225908154,0.7837735065175785,0.5210910013067479,0.2628025376553634,-0.0078483410077185,133.38782317922377,-0.0158549017535433,134.62339823463924,3.86,17.55,122.3626,1.0,Normal,Normal,15,0,0
2024-08-23,0.0233257434485494,170.91314317875478,-0.0698994701025002,0.3878373061291034,0.2788297704954886,0.0231187082961753,0.0380057747429036,0.3330328899186078,0.3627098374556232,0.2334334316073819,0.7883316007914624,0.5253595570545531,0.2674905758093223,0.01062530833675,134.8051099288709,0.0108456000302163,136.08346976660067,3.81,15.86,121.4597,1.0,Normal,Normal,16,0,0
2024-08-26,-0.0116759135909518,168.91757608744166,-0.0807592435204819,0.3811291782062672,0.2775262241334412,0.0231187082961753,0.0380057747429036,0.3310995792085767,0.3616685833994535,0.2295985933185405,0.7836992208784261,0.5118754527711233,0.2512652290230407,-0.002383822100061,134.4837585286213,-0.0097083463725911,134.7623243065225,3.82,16.15,121.6943,1.0,Normal,Normal,17,0,0
2024-08-27,-0.0095713290332001,167.30081038721812,-0.0895575992614752,0.3816768156628807,0.278114201332882,0.0231187082961753,0.0380057747429036,0.3316299817179469,0.3608933429665745,0.2329326718917532,0.7878719854088857,0.5158651114723483,0.2559044517033603,0.0013731297473582,134.6684221779935,0.0029874191474208,135.16491585450672,3.83,15.43,121.8672,1.0,Normal,Normal,18,0,0
2024-08-28,-0.0120979172394228,165.27681902906517,-0.1005720560768714,0.3707814396744035,0.2749593217777893,0.0231187082961753,0.0380057747429036,0.3311572829535747,0.357789182453378,0.2387761274480802,0.7847581330428804,0.5022679660301369,0.2536221022045508,-0.0058051011408876,133.8866583667665,-0.0113474005393079,133.6311454154438,3.84,17.11,121.8943,1.0,Normal,Normal,19,0,0
2024-08-29,-0.0014096757298613,165.0438323085712,-0.1018399578201789,0.3707447198593287,0.2736840079069886,0.0231187082961753,0.0380057747429036,0.3295412595724547,0.3562533469897521,0.2371819541302959,0.7800077815994304,0.5021923640480561,0.2558054823266999,8.941476187240838e-05,133.89862981044226,-0.0014639475171572,133.43551643189798,3.87,15.65,122.2333,1.0,Normal,Normal,20,0,0
2024-08-30,0.0166153009099705,167.78608524571283,-0.0869167584540494,0.3744995770780752,0.2741808682444338,0.0231187082961753,0.0380057747429036,0.3288077034038367,0.3553576957370127,0.2367542768953241,0.7803593693703661,0.5043663586291589,0.2571687865312911,0.0095458831717167,135.17681048746567,0.0119194154094439,135.02598978262347,3.91,15.0,122.3262,1.0,Normal,Normal,21,0,0
2024-09-03,-0.0412730856072567,160.86103578566005,-0.1246025212489269,0.3854454920375697,0.283209973504065,0.0242091734230909,0.0412793403602077,0.3467009711141149,0.3749207890928158,0.2519035632071859,0.7809684604635181,0.5135887681977488,0.2604210644935683,-0.0205786846669597,132.39504953015876,-0.0303609558703811,130.9264716654787,3.84,20.72,122.7811,1.0,Normal,Normal,22,1,0
2024-09-04,0.0056325648490719,161.76709600141163,-0.1196717881811475,0.3863335170882645,0.2832972383861651,0.0242091734230909,0.0412793403602077,0.3533266570677283,0.3836275554017343,0.2540966358373749,0.781245533832824,0.5144640794212231,0.2628779027747226,-0.002046921262284,132.12404728825433,-0.0025985384441175,130.58625419550327,3.77,21.32,122.5144,1.0,Normal,Normal,23,0,0
2024-09-05,-0.0009869206180703,161.60744471904246,-0.1205406022440607,0.3689992118776595,0.282989709003008,0.0242091734230909,0.0412793403602077,0.3635964788045009,0.395384234563163,0.2614657535186139,0.7829859065396336,0.4944882257394817,0.2642079357985901,-0.0024323083305224,131.80268086737277,0.0009335789099362,130.70816676834778,3.73,19.9,122.4533,1.0,Normal,Normal,24,0,0
2024-09-06,-0.0355343166010215,155.86483461331392,-0.1517915909216639,0.3804054111922352,0.2891228752426136,0.0260801547084965,0.0412793403602077,0.3790803011405576,0.4125102229129446,0.2739380462399107,0.7861668626167225,0.5037116953789827,0.2680888650806501,-0.0168300592516549,129.58443393884792,-0.0267872710311962,127.20685167913324,3.72,22.38,122.4991,1.0,Normal,Normal,25,1,0
2024-09-09,0.0217066067850822,159.248131289887,-0.1333798645140003,0.3828016486327102,0.2866625797421183,0.0260801547084965,0.0412793403602077,0.3722348901494802,0.4063302970093203,0.2650495412011478,0.7866758842800597,0.5062035365756847,0.2726931715725528,0.0111961197603458,131.03527678030386,0.0128596369464579,128.84268560882882,3.7,19.45,122.7156,1.0,Normal,Normal,26,0,0
2024-09-10,0.0188445672790881,162.24909341404833,-0.1170487830654219,0.3876872486049973,0.2879803599050238,0.0260801547084965,0.0412793403602077,0.3740581062696962,0.4079339758837086,0.2666650098240345,0.7992991164641872,0.5166768256890921,0.2668666233809554,0.0043558422437488,131.60604577432483,0.0092417732825698,130.03342049834302,3.65,19.08,123.0071,1.0,Normal,Normal,27,0,0
2024-09-11,0.0199064676951823,165.47889975066772,-0.0994723431890918,0.3891347732074826,0.2882668539372539,0.0260801547084965,0.0412793403602077,0.3751888950579845,0.4124607316493054,0.2599479690408055,0.7992885046194411,0.5183890665041111,0.2669721387037383,0.0102588714385418,132.9561752784585,0.0217154422702632,132.85715373437966,3.65,17.69,122.7754,1.0,Normal,Normal,28,0,0
2024-09-12,0.0129500876326599,167.62186600379502,-0.0878104311177565,0.3825028353356647,0.2863344774624679,0.0260801547084965,0.0412793403602077,0.372840122630928,0.4114866235460017,0.2542093381657228,0.7996743575814259,0.5040655127944139,0.2582953335144883,0.008423364442692,134.0761135977354,0.0098161120886777,134.16129444721903,3.68,17.07,122.4423,1.0,Normal,Normal,29,0,0
2024-09-13,0.0066804292486149,168.7416520201542,-0.0817166132415141,0.3739100683598301,0.2850776359576988,0.0260801547084965,0.0412793403602077,0.3674761882177802,0.4048947785802354,0.2510128281819253,0.8047759260696741,0.494338161281852,0.2528782248777215,0.0052225320491634,134.77633039802683,0.0044799050410169,134.7623243065225,3.66,16.56,121.6551,1.0,Normal,Normal,30,0,0
2024-09-16,-0.007644053478181,167.4517818081155,-0.0887360205580213,0.3464553212096143,0.2851679089283977,0.0260801547084965,0.0412793403602077,0.3652397603313125,0.4024100768965056,0.2490345531200257,0.8073567887188569,0.4656860271442987,0.2275164064031494,0.0014768052637614,134.9753687921891,-0.0044179721566898,134.16694810996546,3.63,17.14,121.4976,1.0,Normal,Normal,31,0,0
2024-09-17,0.0048766969864147,168.2683934078289,-0.0842920622556483,0.3063321899722697,0.2850502305775446,0.0260801547084965,0.0412793403602077,0.36451117071852,0.4015810021049287,0.2486170413286118,0.8054790130428438,0.4282755249651165,0.1995408615496614,0.0004088583149028,135.03055459402685,0.0005283684269989,134.23783768929357,3.65,17.61,121.6031,1.0,Normal,Normal,32,0,0
2024-09-18,-0.0043167755435495,167.5420165224136,-0.0882449678863374,0.3055488424896474,0.285129082510885,0.0260801547084965,0.0412793403602077,0.3641848939076786,0.4012920344113379,0.2481516845173083,0.8059331171351599,0.4241344507451507,0.1926067499936646,-0.0029657366809379,134.63008952521997,-0.004329485539217,133.656656912202,3.7,18.23,121.5618,1.0,Normal,Normal,33,0,0
2024-09-19,0.0357557408916284,173.53260545364998,-0.0556444912014428,0.314705135677342,0.2907252285728485,0.0260801547084965,0.0412793403602077,0.375223430630518,0.4129413124722938,0.2585715367357137,0.8048759745904323,0.4314912144307112,0.1859719392974632,0.0170641316852115,136.92743510167017,0.0252841410419983,137.0360506767721,3.73,16.33,121.3059,1.0,Normal,Normal,34,0,0
2024-09-20,0.0030952389423793,174.06973033182263,-0.0527214852551591,0.2759135272598357,0.2906072745084529,0.0260801547084965,0.0412793403602077,0.3745547711738931,0.4124524493682815,0.2573950428667051,0.8055319589781195,0.4003393759201342,0.161108020160776,-0.0017285074951538,136.69075500380472,-0.0019033669727033,136.77522078384425,3.73,16.15,121.4052,0.0,Low,Normal,35,0,0
2024-09-23,0.0054050424980606,175.01058462189212,-0.0476014046254634,0.2758088778053417,0.2905930380050092,0.0260801547084965,0.0412793403602077,0.3744848000194081,0.4111821863009015,0.2603388666944691,0.8022652800412259,0.4000472134350306,0.1607389417608867,0.0024988461792048,137.03232417467862,0.0026507145174834,137.137772847208,3.75,15.89,121.4303,0.0,Low,Normal,36,0,0
2024-09-24,0.0112613269275134,176.98143603109452,-0.0368761326776461,0.2763659938925331,0.2875951257170134,0.0260801547084965,0.0412793403602077,0.3711518237152264,0.4093969134477538,0.2535952419525258,0.7959224095172761,0.3986968215390905,0.1575062029976702,0.0028613582902003,137.42442275148125,0.0048235874857567,137.79926889213831,3.74,15.39,121.1291,0.0,Low,Low,1,0,0
2024-09-25,0.0013531833821403,177.22092436927912,-0.0355728494654428,0.268314622559176,0.2875004007955316,0.0260801547084965,0.0412793403602077,0.3708956104318552,0.4096440559524066,0.252008077485587,0.7980130114065798,0.3928226884405391,0.1555307050416439,-0.0022056949338095,137.12130639843662,0.0009272003256346,137.92703641912732,3.79,15.41,121.4447,0.0,Low,Low,2,0,0
2024-09-26,0.0104945697367814,179.08078171888943,-0.0254516014781123,0.2682151502335295,0.2875442350693712,0.0260801547084965,0.0412793403602077,0.3704802379735794,0.4089955817044628,0.2522160994542928,0.7964052851819626,0.3926814898405799,0.1563287771190208,0.0039648963989384,137.66497817239355,0.0075130800753915,138.96329328830566,3.79,15.37,121.0785,0.0,Low,Low,3,0,0
2024-09-27,-0.001576172442168,178.79851952582217,-0.0269876578074217,0.2630845697053066,0.284423052970172,0.0260801547084965,0.0412793403602077,0.3714433933068215,0.4097252898261037,0.253868253945735,0.795204105548243,0.3850265661127845,0.1550265358922923,-0.0014505089383494,137.4652938910568,-0.0055570345175882,138.1910694708248,3.75,16.96,121.1111,0.0,Low,Low,4,0,0
2024-09-30,-0.0041748676500419,178.05205937077844,-0.0310498555579329,0.2637902045068984,0.2845391513691712,0.0260801547084965,0.0412793403602077,0.3721035613895251,0.4107207823488849,0.253124090391801,0.805192892777793,0.3867642112265215,0.1563286724173979,0.0040073144360677,138.01616054772472,0.0027117766877642,138.565812791473,3.81,16.73,121.2864,0.0,Low,Low,5,0,0
2024-10-01,-0.0231768053957381,173.9253814404315,-0.0535070244938391,0.2692282810428495,0.2871926108033047,0.0260801547084965,0.0412793403602077,0.3757271749937192,0.4132064813478309,0.25946803047652,0.8078386203577993,0.3909192969585608,0.1578269114954811,-0.0089584313505264,136.7797522481947,-0.0139324376251985,136.63525324777086,3.74,19.26,121.6881,0.0,Low,Low,6,0,0
2024-10-02,-0.0023327186638708,173.51966245702454,-0.0557149263230249,0.2688534492958778,0.2869569482545184,0.0260801547084965,0.0412793403602077,0.3766425634210605,0.4143760931383128,0.2597797265816081,0.8089115759090207,0.392745842514329,0.1586409809376352,0.0004220236379359,136.83747653683446,0.0014130574165944,136.82832670574086,3.79,18.9,121.5724,0.0,Low,Low,7,0,0
2024-10-03,-0.001103122243657,173.3282490576563,-0.0567565881921515,0.2681575789234142,0.2866976592627331,0.0260801547084965,0.0412793403602077,0.3773312892680953,0.4141782803461568,0.2624095474293658,0.8115127291168888,0.3933169271402401,0.1593132080975464,-0.0018279976395086,136.5873379527288,-0.0007470750062666,136.72610568270974,3.85,20.49,122.1197,0.0,Low,Low,8,0,0
2024-10-04,0.0208725515539423,176.9460518718668,-0.0370686914512756,0.2662645992620929,0.288287310585192,0.0260801547084965,0.0412793403602077,0.3806222407161377,0.4170999593205481,0.2665636684097378,0.81478067415777,0.3908055453652374,0.1581539466109364,0.0090870051240938,137.8285077925916,0.0118980629826215,138.3528814994912,3.98,19.21,122.2197,0.0,Low,Low,9,0,0
2024-10-07,-0.0124861165134877,174.73668285159303,-0.0490919639643002,0.2616034853626655,0.288767854266085,0.0260801547084965,0.0412793403602077,0.3813052206235878,0.4196113208691098,0.2630133934287583,0.8149691199527623,0.3884433034707432,0.1477411252491934,-0.0090402668019188,136.58250130923625,-0.0107115751482146,136.87090421233736,4.03,22.64,122.4241,0.0,Low,Low,10,0,0
2024-10-08,0.0166623738331205,177.64821078362567,-0.0332475787869551,0.2626849228983542,0.2867143418810054,0.0260801547084965,0.0412793403602077,0.3892641344385869,0.4275127130194113,0.271618874470972,0.8152427836239603,0.3883613345260305,0.1446485524922279,0.0094576120315938,137.87424561692364,0.0149346141854569,138.91501835996326,4.04,21.42,122.6625,0.0,Low,Low,11,0,0
2024-10-09,-0.0011036010364187,177.45215803408692,-0.0343144877609662,0.2606340791596305,0.2867369701016569,0.0260801547084965,0.0412793403602077,0.3920957820851178,0.4315094922191714,0.2718209232649177,0.8167388096962513,0.3834885325383449,0.1386204892462752,0.0069262514801462,138.8291973147019,0.0078684602409779,140.00806565880336,4.06,20.86,122.8821,0.0,Low,Low,12,0,0
2024-10-10,-0.0026311065496484,176.98526249883415,-0.0368553092371189,0.2575802144823084,0.2867656506114121,0.0260801547084965,0.0412793403602077,0.3927878556685187,0.4324266253479945,0.2719871877627627,0.8174409354732042,0.3820388032720098,0.1382699961827785,-0.0017499467409866,138.58625361330726,-0.0011356681498654,139.84906295791038,4.09,20.93,123.0951,0.0,Low,Low,13,0,0
2024-10-11,0.0018088204831892,177.30539706686469,-0.0351131533921921,0.2573340385499742,0.286697945359193,0.0260801547084965,0.0412793403602077,0.3901826504137805,0.4299600823062501,0.2688359960448493,0.8181723497113089,0.3850084705982722,0.1423732835019429,0.0059881472640499,139.41612850871672,0.0015631939571436,140.0676741680384,4.08,20.46,122.9805,0.0,Low,Low,14,0,0
2024-10-14,0.0188148783724824,180.64137654746244,-0.0169589247300582,0.2584575281693571,0.2859751035964829,0.0260801547084965,0.0412793403602077,0.3859107327107173,0.4241136192395647,0.2675366747900478,0.8244205730111012,0.3872554150010415,0.1462670744639777,0.0081785097938489,140.55634468114576,0.0083915452972367,141.24305840049806,4.08,19.7,122.9805,0.0,Low,Low,15,0,0
2024-10-15,-0.0126272983218111,178.360363996535,-0.0293720776500858,0.227716595663722,0.2868617632204316,0.0260801547084965,0.0412793403602077,0.3867293471262235,0.4253460652626069,0.2675539159684159,0.822775679719918,0.3640582947408058,0.1400902224147116,-0.0077697671356782,139.46425461353112,-0.0133669014143851,139.3550763633924,4.03,20.64,123.5124,0.0,Low,Low,16,0,0
2024-10-16,-0.0013030061111077,178.12795935226814,-0.0306368117645194,0.2280517285053067,0.2867442205953467,0.0260801547084965,0.0412793403602077,0.3870232051292562,0.4257118979325381,0.2677770656315095,0.821611049480588,0.3619994061817641,0.1371647286991492,0.0043464371945425,140.0704272370925,0.0001220874006366,139.3720898624311,4.02,19.58,123.9235,0.0,Low,Low,17,0,0
2024-10-17,-0.0014310020314005,177.8730578805858,-0.0320239724560493,0.228128164939066,0.2867421523280106,0.0260801547084965,0.0412793403602077,0.3882465072679911,0.4272789704113023,0.2682758802061089,0.8216697031803321,0.3593686038558934,0.1340067179117866,8.589626262245353e-05,140.0824587632961,0.0006927488622736,139.468639719116,4.09,19.11,124.1122,0.0,Low,Low,18,0,0
2024-10-18,0.0113099801972869,179.8847986428461,-0.0210761827530787,0.197124764770678,0.2872097877730585,0.0260801547084965,0.0412793403602077,0.3854203566715786,0.4203696505324795,0.2749071756575053,0.8198927867511435,0.3443736021695819,0.1230719583458768,0.003846663999572,140.6213089143924,0.0065546581810549,140.3828089794515,4.08,18.03,123.9185,0.0,Low,Low,19,0,0
2024-10-21,0.0066379056578284,181.0788569655148,-0.0145781788079922,0.1906685002882776,0.2854943216690372,0.0260801547084965,0.0412793403602077,0.3896790677012841,0.4275781079137512,0.2731605334954535,0.8109906733523987,0.3395638426207298,0.1203488591119939,-0.0016422988680582,140.39036669793742,0.0019212677948561,140.6525219492952,4.19,18.37,124.4757,0.0,Low,Low,20,0,0
2024-10-22,-0.001027572449479,180.89278532091387,-0.0155907711225647,0.1861973985594563,0.2855086149684095,0.0260801547084965,0.0412793403602077,0.3936573397219047,0.43234290707084,0.2756384297587735,0.809946131956138,0.3291506301875768,0.1200376983625598,-0.0005312147796041,140.31578926023346,0.0010900197793977,140.80583598024208,4.2,18.2,124.4107,0.0,Low,Low,21,0,0
2024-10-23,-0.0189907826585172,177.45748975039058,-0.0342854728352146,0.1908450786611618,0.2871125758347314,0.0260801547084965,0.0412793403602077,0.4082869144569985,0.4502469823531234,0.2837998953755025,0.8069898243150716,0.3268303985271108,0.1162504541903214,-0.009137468491534,139.03365815700332,-0.0153239032454034,138.6481409732927,4.24,19.24,124.6931,0.0,Low,Low,22,0,0
2024-10-24,0.0193225789332191,180.88642610338343,-0.0156253776571166,0.1947592743327424,0.2882051071176577,0.0260801547084965,0.0412793403602077,0.4037688682563181,0.4435372815592008,0.2840695461767825,0.8073642338484541,0.3420619180920241,0.1593208823683735,0.0021628795208044,139.33437120893365,0.0081087633865988,139.7724059424369,4.21,19.08,124.5127,0.0,Low,Low,23,0,0
2024-10-25,0.0011637141023799,181.09692618836905,-0.0144798470270712,0.1944144184884054,0.2881019093835257,0.0260801547084965,0.0412793403602077,0.4039994229801048,0.4462419150457267,0.2784469625416364,0.8087991072603637,0.3392563985410568,0.1655892967989821,-0.0003454000932925,139.28624510411922,0.0060937827161533,140.6241486139641,4.25,20.33,124.6105,0.0,Low,Low,24,0,0
2024-10-28,0.0115851524298328,183.19496168283547,-0.0030624458322079,0.1937426428381231,0.2885156080412601,0.0260801547084965,0.0412793403602077,0.4081693071734215,0.4522561320474415,0.2781804451659488,0.8149633666948061,0.3321326930539879,0.16921801562144,0.0030913421176221,139.71682654001503,0.0001613763881138,140.64684203114902,4.28,19.8,124.8076,0.0,Low,Low,25,0,0
2024-10-29,0.0160394685564072,186.1333115104396,0.0,0.1973148878096935,0.2896248380682756,0.0260801547084965,0.0412793403602077,0.4124574884293599,0.4569360005770294,0.2819371786735802,0.8135142095976265,0.3347265786240858,0.1689940946035155,0.0016184206240155,139.94294713360938,0.0096084662326945,141.99824246354044,4.28,19.34,124.8612,0.0,Low,Low,26,0,0
2024-10-30,-0.0123985812419894,183.82552252583685,-0.0123985812419893,0.2014243746939326,0.2878989355569402,0.0260801547084965,0.0412793403602077,0.4060384065206233,0.4502910967317045,0.275555262768775,0.8144414054105066,0.3426873770256869,0.1732072650477887,-0.0030252079193149,139.5195906216885,-0.007557580930652,140.92507925411186,4.29,20.35,124.8153,0.0,Low,Low,27,0,0
2024-10-31,-0.0317772048000411,177.98406124905873,-0.043781793786674,0.2015967047109718,0.2922614880157791,0.0272515067005575,0.0412793403602077,0.4125968423816875,0.4564943238295473,0.2832941147852271,0.8157259056535012,0.3458679964917519,0.1650807008586489,-0.0196032095498426,136.78455885042328,-0.025242741599379,137.3677438936283,4.28,23.16,124.7988,0.0,Low,Low,28,1,0
2024-11-01,0.0087696563861467,179.54492030842388,-0.0353960886880053,0.2027953011831096,0.2925435963498412,0.0272515067005575,0.0412793403602077,0.4107475131472196,0.4544572830812703,0.2817450973742572,0.8159418020498795,0.3518145700979588,0.1612281962533199,0.0042206371421558,137.36187683998077,0.0073988550671248,138.3841079215952,4.37,21.88,124.8076,0.0,Low,Low,29,0,0
2024-11-04,-0.0121721333455003,177.35947559692252,-0.0471373761220861,0.2059362800141858,0.2923640466901222,0.0272515067005575,0.0412793403602077,0.4116801772137892,0.4560294211305299,0.2808475486465833,0.8219460686359534,0.3523707843953675,0.1626619757009104,-0.0021539921792302,137.06600043154307,-0.0029130903384338,137.98098251381597,4.31,21.98,124.5903,0.0,Low,Low,30,0,0
2024-11-05,0.0178999988056127,180.5342099982716,-0.0300811362927585,0.2098059446394702,0.2935888860540673,0.0272515067005575,0.0412793403602077,0.4163445688559018,0.4612701707470986,0.2844508017681811,0.8223550089798312,0.3542105538119831,0.1632445343791038,0.0120918136208132,138.7233769625116,0.0127569356156775,139.74119702393267,4.26,20.49,124.5532,0.0,Low,Low,31,0,0
2024-11-06,0.0521838968460506,189.95518859000452,0.0,0.2574048548716455,0.3051530787129495,0.0272515067005575,0.0412793403602077,0.4318081904407913,0.4723855281746447,0.3102952746360866,0.8342951068264898,0.3881175469427173,0.1898258754145639,0.0248656221056049,142.1728200312748,0.0271631647449905,143.53701018035594,4.42,16.27,125.7035,0.0,Low,Low,32,0,0
2024-11-07,0.0239818673985318,194.5106687344332,0.0,0.2639561568065287,0.3067590408690582,0.0272515067005575,0.0412793403602077,0.4356098964614854,0.4757010226649801,0.3154191047379777,0.8352823551917864,0.3927836188435014,0.1893866318346962,0.0077320330994619,143.27210498160045,0.0157441782306972,145.7968824513369,4.31,15.2,124.775,0.0,Low,Low,33,0,0
2024-11-08,0.0055613951795457,195.59241942990303,0.0,0.2637169131726932,0.3068260845974751,0.0272515067005575,0.0412793403602077,0.4358144624129654,0.4726479251713046,0.3232400111423337,0.8352600349305715,0.3943450086988536,0.1921906541531896,0.0043316698038256,143.89271243247978,0.0011684923183605,145.96724498852217,4.3,14.94,125.5811,0.0,Low,Low,34,0,0
2024-11-11,0.0256317903856453,200.6058033257516,0.0,0.2706026476185172,0.3095437908002296,0.0272515067005575,0.0412793403602077,0.432189653496505,0.4653038467787636,0.3277783242675824,0.8393628270512933,0.4178187178222509,0.2143760614909696,0.0009528510947818,144.0298207610522,-0.0005833843969554,145.8820899753293,4.3,14.97,125.5811,1.0,Normal,Low,35,0,0
2024-11-12,-0.0080635474040346,198.9882089211099,-0.0080635474040346,0.260718187553598,0.3097165704562979,0.0272515067005575,0.0412793403602077,0.4306521702123943,0.4640061572686933,0.3255014785880841,0.8405229976065836,0.414690867473794,0.2168497678640719,-0.0031062284233926,143.58243123798806,-0.0018101472150682,145.61802191643213,4.43,14.71,126.7762,1.0,Normal,Low,36,0,0
2024-11-13,0.001360323598707,199.25889727756973,-0.0067141928391507,0.260080506898047,0.3097130540028293,0.0272515067005575,0.0412793403602077,0.4307467451535466,0.4638865830431598,0.3262723851096097,0.8379678196761365,0.414012027116307,0.2136104482193829,0.0004857195522467,143.65217203219947,-0.001286703952974,145.430654632008,4.44,14.02,126.9572,1.0,Normal,Normal,1,0,0
2024-11-14,-0.0118677948176545,196.89413356908744,-0.0185023049938241,0.2640269107395692,0.3102189484089899,0.0272515067005575,0.0412793403602077,0.4296587073690189,0.461919259282872,0.3270620082849615,0.839489876645022,0.4178225353968786,0.216247056716101,-0.0064302808015803,142.72844822827548,-0.0069496549003239,144.41996177038737,4.43,14.31,127.0015,1.0,Normal,Normal,2,0,0
2024-11-15,-0.0141622041521515,194.105678653121,-0.0324024757253676,0.2645473527860157,0.3075392740771892,0.0272515067005575,0.0412793403602077,0.4245092415897747,0.4608026900694186,0.3120703010108445,0.8408226534861939,0.4241881281368385,0.2113336712369888,-0.0128084561825942,140.90031715313393,-0.0238259665160239,140.97901659700062,4.43,16.14,126.8848,1.0,Normal,Normal,3,0,0
2024-11-18,0.0166855307107836,197.34443491542515,-0.0162575975184051,0.2630005472812549,0.3084834141576121,0.0272515067005575,0.0412793403602077,0.4248623327491586,0.4613970118469535,0.3125344005399502,0.8310675474644634,0.4237116075189501,0.2177990481014285,0.0040974571374599,141.4776501633234,0.006947666503565,141.95849178831713,4.42,15.58,126.6045,1.0,Normal,Normal,4,0,0
2024-11-19,0.0071222630821642,198.7499738986938,-0.0092511253228511,0.2605125338097988,0.3061748515219469,0.0272515067005575,0.0412793403602077,0.4274744135662919,0.4626060859239806,0.3197139973288934,0.8142721246081681,0.4220671553814798,0.2198137635782126,0.0036554208946959,141.99481052186292,0.0068797547497174,142.93513139646055,4.39,16.35,126.3994,1.0,Normal,Normal,5,0,0
2024-11-20,-0.005668836072684,197.62329287721187,-0.0148675182825921,0.2616047538684029,0.306315095323452,0.0272515067005575,0.0412793403602077,0.4263870226347923,0.4613349050640841,0.3191002284504802,0.8125130503742594,0.4212613688727328,0.2186690358440816,0.0003388228344798,142.04292160604535,-0.0005760440614926,142.85279446284093,4.41,17.16,126.88,1.0,Normal,Normal,6,0,0
2024-11-21,0.0134579942846627,200.2829060232696,-0.0016096109740038,0.2623625540929913,0.3010020228138679,0.0272515067005575,0.0412793403602077,0.4139098686935911,0.4480714942534733,0.3074421711069849,0.8152684378968029,0.4271927493067593,0.2225318705293018,0.0053681475460161,142.8054289670938,0.0035971430174808,143.36665639497056,4.43,16.87,127.1047,1.0,Normal,Normal,7,0,0
2024-11-22,0.0021063677646114,200.70477548031968,0.0,0.2623397984991613,0.3009894827957682,0.0272515067005575,0.0412793403602077,0.4151604588780904,0.4494709028324905,0.3083843797595907,0.8159361072515802,0.4245911914660736,0.2159606736419389,0.0030995178960133,143.24805694982518,0.0016040762350402,143.59662744139092,4.41,15.24,127.4712,1.0,Normal,Normal,8,0,0
2024-11-25,-0.0076124494398879,199.1769205246317,-0.0076124494398879,0.2607856355358995,0.3011687564673597,0.0272515067005575,0.0412793403602077,0.4114904115421315,0.4436450609089443,0.3105223336072208,0.8005988527273457,0.4283047465619246,0.2204046355177273,0.0033921398614391,143.7339743938784,0.0015816994834365,143.8237541528382,4.27,14.6,126.9948,1.0,Normal,Normal,9,0,0
2024-11-26,0.0008917728845409,199.354541101582,-0.0067274651313422,0.2564779539295901,0.299319994635477,0.0272515067005575,0.0412793403602077,0.4076060510146641,0.4392095364263821,0.3073041271825446,0.8060129190863212,0.4262964913264418,0.2209716776013783,0.0052213880444176,144.48446524935522,0.0053692369666573,144.59597797031907,4.3,14.1,127.4301,1.0,Normal,Normal,10,0,0
2024-11-27,-0.0012154730279791,199.11223103386783,-0.0079347611069076,0.2564628228160793,0.2992655590063888,0.0272515067005575,0.0412793403602077,0.404443298221808,0.4406561386635305,0.2930039812569381,0.8085836372345755,0.4327666339447026,0.2240706329250404,-0.0030300235979227,144.04667391011645,-0.007873449568862,143.45750882990947,4.25,14.1,126.8205,1.0,Normal,Normal,11,0,0
2024-11-29,0.0094536432893091,200.9945670406005,0.0,0.256457576201038,0.2907199487026612,0.0272515067005575,0.0412793403602077,0.3893350462388366,0.4176533267170393,0.2950613369675985,0.8123008685703107,0.4320666809386087,0.2236564917406878,0.0062120428312182,144.94149801814063,0.0087867864438329,144.71803932376216,4.18,13.51,126.5798,1.0,Normal,Normal,12,0,0
2024-12-02,0.0074322595229279,202.4884108255448,0.0,0.2557696407236892,0.2896679078216123,0.0272515067005575,0.0412793403602077,0.387592237322428,0.4185697979097019,0.2872953888413745,0.8078303439836453,0.4294504128448531,0.2319445206317455,0.0017924255924715,145.2012948685995,0.0108879502253382,146.2937221326278,4.19,13.34,127.1272,1.0,Normal,Normal,13,0,0
2024-12-03,0.0027078653593333,203.0367221788857,0.0,0.2556814098294657,0.2885989339063746,0.0272515067005575,0.0412793403602077,0.3851327539239048,0.4164847090661071,0.2839820520511885,0.8050748520375697,0.4303684013220326,0.2306074581893648,0.0004638561508008,145.26864738232854,0.0030663124159331,146.74230438917618,4.23,13.3,126.9565,1.0,Normal,Normal,14,0,0
2024-12-04,0.0208734621104741,207.2748015063216,0.0,0.2598244727620131,0.2902840182707566,0.0272515067005575,0.0412793403602077,0.3826139400694455,0.4138074721226719,0.2820396832563259,0.7994541704033141,0.4396561231447172,0.228953788764303,0.0062095231714043,146.1706964143277,0.012362901157624,148.55646499398154,4.19,13.45,126.7574,1.0,Normal,Normal,15,0,0
2024-12-05,-0.0040835736669211,206.42837958507403,-0.0040835736669211,0.2514830737286777,0.2883358740354655,0.0272515067005575,0.0412793403602077,0.3810548485781915,0.412401477017775,0.2802185430876488,0.7964674355509084,0.4342992856570891,0.2313029322468543,-0.001645818535764,145.93012597278343,-0.002771115780891,148.14479782948334,4.17,13.54,126.4286,1.0,Normal,Normal,16,0,0
2024-12-06,0.0173088038897152,210.00140792458376,0.0,0.2505645943533398,0.2864011749745881,0.0272515067005575,0.0412793403602077,0.385422547506563,0.4111772165141283,0.2980079053616115,0.7952287644160491,0.4268638871522717,0.2078073983189865,0.0018958732359803,146.2067909929385,0.0089495391836833,149.47062550251715,4.15,12.77,126.688,0.0,Low,Normal,17,0,0
2024-12-09,-0.017838241406584,206.2553521143025,-0.017838241406584,0.2590708667226941,0.2836949111471007,0.0272515067005575,0.0412793403602077,0.3876942973346549,0.4121760990675697,0.3031834366966837,0.7984941462522112,0.4324122042862421,0.2103879357133374,-0.0051496183734685,145.45388181571536,-0.0077876465175277,148.3066011063498,4.2,14.19,126.5981,1.0,Normal,Normal,18,0,0
2024-12-10,-0.0102761004703246,204.13585139343377,-0.0279310343160006,0.2615914635303137,0.2717334128340256,0.0272515067005575,0.0412793403602077,0.3730083003731049,0.3996201320781516,0.2829384120562158,0.7926425154498066,0.4375111613259826,0.2032155726282197,-0.0031091723475737,145.00164062852667,-0.0034073259277793,147.8012721791393,4.22,14.18,126.957,1.0,Normal,Normal,19,0,0
2024-12-11,0.0289603112054327,210.04768917797355,0.0,0.2694315869413142,0.2587355246787448,0.0272515067005575,0.0412793403602077,0.3518301834569998,0.3861530743898506,0.2441434698170003,0.7658297054072106,0.4428572733067045,0.2046442037876875,0.007730565645738,146.12258533014523,0.0179024283371131,150.44727386246052,4.26,13.58,126.8483,1.0,Normal,Normal,20,0,0
2024-12-12,-0.0107906003304427,207.781148513721,-0.0107906003304425,0.2686111270784341,0.2592913718512157,0.0272515067005575,0.0412793403602077,0.3491995640287541,0.3824737811269527,0.2434871376412188,0.7702883614048308,0.4470685480737787,0.2045155516455757,-0.0051525859299711,145.36967615292212,-0.0064539367757819,149.47629666886343,4.32,13.92,126.9556,1.0,Normal,Normal,21,0,0
2024-12-13,0.007955048656714,209.4340576600956,-0.0029213914243925,0.2460687827058423,0.2574189719150765,0.0272515067005575,0.0412793403602077,0.3325923151870266,0.3614585220746201,0.2359383287688321,0.7720848703941696,0.4555170367481003,0.2245670355711336,-0.0001984914238478,145.3408215189182,0.007654560217599,150.62047198281894,4.4,13.81,127.3096,1.0,Normal,Normal,22,0,0
2024-12-16,0.0155340409983892,212.6874148982465,0.0,0.2476132913867993,0.2431591034051088,0.0272515067005575,0.0412793403602077,0.308131229776851,0.3441519094143747,0.1955091226564849,0.7367390492690068,0.4542705297340824,0.2319389345314357,0.0042699113969615,145.9614139491656,0.0144006226994783,152.78950057066086,4.39,14.69,127.2687,1.0,Normal,Normal,23,0,0
2024-12-17,-0.0049223436542005,211.6404943511939,-0.0049223436542004,0.2439100571956243,0.2434641245777154,0.0272515067005575,0.0412793403602077,0.3094735190426788,0.3450375411641663,0.1983894338147583,0.7309940232094249,0.4520116119365803,0.2293532912584587,-0.0041201371355182,145.3600329072009,-0.0044040387978828,152.11660968223853,4.4,15.87,127.5043,1.0,Normal,Normal,24,0,0
2024-12-18,-0.0434391300062557,202.44701540248408,-0.048147651334526,0.2800586202692903,0.255554534434409,0.0280624228610161,0.0423837777192677,0.3353154895435367,0.3684915547039589,0.22978962033843,0.7570412470053615,0.4737223245670782,0.2357676549850678,-0.029803382286777,141.02781227724907,-0.0360768946642288,146.62871477805282,4.5,27.62,127.6418,1.0,Normal,Normal,25,1,1
2024-12-19,-0.0094401035772696,200.5358946081756,-0.0571332360961954,0.2422844216387152,0.2533843899277838,0.0280624228610161,0.0423837777192677,0.3294416745891461,0.3596233215106219,0.2301775644751406,0.7620456840475721,0.4495787351929604,0.2235635653346897,-0.0003070634171695,140.9845077952953,-0.0044531133564094,145.97576048984152,4.57,24.09,128.6366,1.0,Normal,Normal,26,0,0
2024-12-20,0.0083193467863557,202.20422225853304,-0.0492892005139506,0.2340031223266821,0.2532749204830338,0.0280624228610161,0.0423837777192677,0.3295377026908532,0.3598535159251987,0.2299975029685084,0.7615872353239345,0.4453768085898008,0.2236732534099069,0.0120111139320802,142.67788878108283,0.0087323292952257,147.25046889955985,4.52,18.36,127.893,1.0,Normal,Normal,27,0,0
2024-12-23,0.0109935264019255,204.4271597145131,-0.0388375362392048,0.2353683276130326,0.2517298508322202,0.0280624228610161,0.0423837777192677,0.3256803716291447,0.3523212030177688,0.23443661725086,0.761907588701569,0.4492705700030344,0.2217068124570012,0.0059880233216975,143.53224730659454,0.00974290651788,148.68511645276226,4.59,16.78,128.3021,1.0,Normal,Normal,28,0,0
2024-12-24,0.019155309551463,208.3430252395709,-0.02042617171662,0.2303116291018389,0.2532869012464472,0.0280624228610161,0.0423837777192677,0.3289440189836382,0.3553065497123072,0.2383242292721552,0.7655522891524679,0.4265317760658819,0.1994223382508995,0.011115177340204,145.12763368944533,0.013559760999559,150.7012510960533,4.59,14.27,128.3377,0.0,Low,Normal,29,0,0
2024-12-26,-0.0087127666461051,206.527781078315,-0.0289609698950848,0.2305501342532456,0.252579571837578,0.0280624228610161,0.0423837777192677,0.327734215845742,0.3537118403309467,0.2376971929577065,0.769072702184113,0.4225983966899198,0.1979307100139979,6.665365333424766e-05,145.1373069764305,-0.0006794638948566,150.59885503702384,4.58,14.73,128.3329,0.0,Low,Normal,30,0,0
2024-12-27,-0.0142804756303743,203.57846613363083,-0.0428278691006404,0.2349544002735175,0.2538200272401777,0.0280624228610161,0.0423837777192677,0.3311146144532283,0.357601858919,0.2401448464484727,0.7686075782225578,0.4235001988678898,0.1978896637510061,-0.0105265391155318,143.60951343742016,-0.0132929577461514,148.5969508203979,4.62,15.95,128.45,0.0,Low,Low,1,0,0
2024-12-30,-0.0097464087765583,201.59430718458773,-0.0521568599579149,0.2340374708035674,0.2544266567771996,0.0280624228610161,0.0423837777192677,0.332852478020356,0.3609286621713641,0.2384401342029816,0.7663711899956881,0.4217457424047646,0.195896625393435,-0.0114116816585863,141.97068738692786,-0.0132998873432947,146.62062811492947,4.55,17.4,128.8205,0.0,Low,Low,2,0,0
2024-12-31,-0.0083005030191408,199.92097302916048,-0.0600244348035061,0.2313623156662097,0.2520742696318154,0.0280624228610161,0.0423837777192677,0.3286076434876656,0.3550172214378357,0.237786308840439,0.766592434940109,0.4134108114976633,0.198357731947185,-0.003637965270207,141.45420295682678,-0.0084947965453996,145.37511570973444,4.58,17.35,129.2775,0.0,Low,Low,3,0,0
2025-01-02,0.0063408805667843,201.18864804193373,-0.0540641620088994,0.2272073818273794,0.2496197087842275,0.0280624228610161,0.0423837777192677,0.3227650897556427,0.3514698957537546,0.226509784087355,0.7619264648460446,0.4143912180026169,0.1985285018093264,-0.002457066638973,141.10664055379905,-0.0019560069116136,145.09076097862956,4.57,17.93,129.4598,0.0,Low,Low,4,0,0
2025-01-03,0.0191669675870068,205.04482433782715,-0.035933440462736,0.2327599940356445,0.2501921751452602,0.0280624228610161,0.0423837777192677,0.3221655091743518,0.3499017344088642,0.2278414416363728,0.766258639036104,0.4184142271940587,0.2023876165593769,0.0125034755531825,142.8709639843552,0.0163650983982703,147.46518555872476,4.6,16.13,129.4535,0.0,Low,Low,5,0,0
2025-01-06,0.0125495140340037,207.6180372384545,-0.0238348736441096,0.2341111623136475,0.2499636313161487,0.0280624228610161,0.0423837777192677,0.3233161402777864,0.3491517928855336,0.2341727722774188,0.7562188190121488,0.4185082305310248,0.2029919969303293,0.0057605159484455,143.69397445095686,0.0114930249788454,149.16000661986126,4.62,16.04,128.538,0.0,Low,Low,6,0,0
2025-01-07,-0.0270777455082566,201.99620886318792,-0.0502672245096095,0.2456899030747127,0.2536740745824871,0.0280624228610161,0.0423837777192677,0.3271406306746137,0.3492466993755457,0.2461327519154447,0.7685464075295282,0.4194325475963345,0.2028108735786458,-0.0113041005849615,142.06964331031037,-0.0178442597442097,146.49835671828842,4.67,17.82,128.613,1.0,Normal,Low,7,0,0
2025-01-08,-0.0069152533276963,200.5993539076647,-0.0568348672457418,0.2465354536085514,0.2540725813989544,0.0280624228610161,0.0423837777192677,0.3295262247800339,0.3518714102988381,0.2479937722063322,0.7704315202274081,0.4190769016688142,0.2024909817285767,0.0014610447966336,142.2772134234285,0.0001746795222192,146.52394698124587,4.67,17.7,129.0785,1.0,Normal,Low,8,0,0
2025-01-10,-0.0237910893615773,195.8268767529728,-0.0792737932018222,0.2552388581118555,0.2566087541630655,0.0280624228610161,0.0423837777192677,0.3373477425174043,0.3591952952839793,0.257553029940019,0.7696040843480564,0.419013296037023,0.1968459253398689,-0.0152675446750616,140.104989711243,-0.0156811401164128,144.2262844382231,4.77,19.54,129.8664,1.0,Normal,Normal,1,0,0
2025-01-13,-0.0039701938716764,195.04940608697856,-0.0829292547455443,0.2554074093527486,0.2462422497051378,0.0280624228610161,0.0423837777192677,0.3190889829898301,0.3402320486336832,0.2399654560675697,0.765934589288879,0.417354596332928,0.1990084239119408,0.0015505757543041,140.3222331113463,-0.0032137888666566,143.76277161101626,4.79,19.19,130.0413,1.0,Normal,Normal,2,0,0
2025-01-14,0.0018185848297837,195.4041199779467,-0.0812614838003861,0.2554954077598389,0.2461771426544993,0.0280624228610161,0.0423837777192677,0.3193171986548493,0.3408562621665193,0.239153576023831,0.767904315211672,0.4112696045848073,0.1923295250172937,0.0013759416379806,140.51530831461864,-0.0009494326658895,143.62627853950997,4.78,18.71,129.3812,0.0,Low,Normal,3,0,0
2025-01-15,0.0339306579560285,202.0343103361172,-0.0500880814561878,0.2730292580411317,0.251759659490757,0.0280624228610161,0.0423837777192677,0.3301189574293765,0.3491305458056351,0.256429306947784,0.7700581214842112,0.4251118725614347,0.1989242007354583,0.0181900881043142,143.0712941528664,0.0230063196420753,146.93059061259166,4.66,16.12,129.2092,1.0,Normal,Normal,4,0,0
2025-01-16,-0.0090163491330352,200.2126984572748,-0.0586528189594101,0.2734651500727322,0.2441804584881347,0.0280624228610161,0.0423837777192677,0.3163535019933787,0.3353676601684449,0.242272671827763,0.7620704183502948,0.4244997382071451,0.1968617985463789,-0.001923152634886,142.79614621653977,-0.0070059982318969,145.90119515454828,4.61,16.6,129.436,1.0,Normal,Normal,5,0,0
2025-01-17,0.0267143806827785,205.5612567013888,-0.0335053120104312,0.2843433590903504,0.2454130584712871,0.0280624228610161,0.0423837777192677,0.3200440773261088,0.3394136585821423,0.2456329389080309,0.7582758096361037,0.4314602595304403,0.198347607405616,0.0100399014712517,144.2298054550283,0.016878478684503,148.36378536700784,4.61,15.97,129.4859,1.0,Normal,Normal,6,0,0
2025-01-21,0.0161575679608887,208.88262667666712,-0.0178891084054019,0.2817333652599608,0.2449613337259885,0.0280624228610161,0.0423837777192677,0.3195625950377443,0.3397145342435135,0.2456018290895571,0.7236562120586293,0.4287226138543286,0.2117554267332878,0.0091535061084992,145.55001386028857,0.0058649012816729,149.23392432196064,4.57,15.06,128.4151,1.0,Normal,Normal,7,0,0
2025-01-22,0.0166561355195836,212.36180401428024,-0.0015309362997433,0.2852492012761332,0.2443831655612673,0.0280624228610161,0.0423837777192677,0.3143261327948312,0.3324342843721084,0.2451183834533627,0.7186570677121482,0.4407382444079265,0.2045381359674432,0.0056214619474952,146.36821772466158,0.0127858657485855,151.1420092434758,4.6,15.1,128.3402,1.0,Normal,Normal,8,0,0
2025-01-23,0.0047773771310438,213.37633644028523,0.0,0.2813475728458935,0.2438127638117408,0.0280624228610161,0.0423837777192677,0.3129305618572395,0.3310045431491453,0.2438870060131293,0.7159945543021901,0.4370688058692007,0.2020876615313263,0.0054579629611766,147.16709003569622,0.0021260210007978,151.4633403292302,4.65,15.02,128.2162,1.0,Normal,Normal,9,0,0
2025-01-24,-0.0049182189768361,212.32690489319685,-0.0049182189768361,0.2764049503707598,0.2440626284258733,0.0280624228610161,0.0423837777192677,0.3157562956503481,0.3342981552263326,0.2458178504495643,0.7158678885026474,0.4306025765713916,0.1973184355683134,-0.0029192675845249,146.73746992024616,-0.0056511597699273,150.60739679374282,4.63,14.85,127.4611,1.0,Normal,Normal,10,0,0
2025-01-27,-0.0392432293169248,203.99451147432023,-0.0439684414986221,0.2986342279497384,0.2533939447235592,0.0288857019020557,0.0423837777192677,0.3113900753584167,0.3243440476970627,0.2543470504884251,0.71364641655568,0.4643167013974543,0.2249581662641452,-0.0141453718018548,144.66181385096078,-0.0291146925741312,146.2225087367028,4.53,17.9,128.0912,1.0,Normal,Normal,11,1,0
2025-01-28,0.0119660146879615,206.43551279488543,-0.03252855382744,0.2882688505859179,0.2538735823641002,0.0288857019020557,0.0423837777192677,0.3098402285004645,0.3260296097048837,0.2449211293190356,0.7169983740672304,0.4625330407224848,0.2222502169163769,0.0085924704237643,145.90481620792326,0.0147800652716736,148.38368696001913,4.55,16.41,128.2817,1.0,Normal,Normal,12,0,0
2025-01-29,-0.0019803131133088,206.02670584184511,-0.0344444502190474,0.2866403210030973,0.2537286077669691,0.0288857019020557,0.0423837777192677,0.3093903712941209,0.325084661133013,0.2456487925386649,0.7162139082647423,0.4500678301312754,0.2300918100639303,-0.004483083404376,145.25071274776298,-0.0018781870316623,148.1049946434606,4.55,16.56,128.3418,1.0,Normal,Normal,13,0,0
2025-01-30,0.01120069439117,208.33434801039908,-0.0236295575882529,0.2875880288010352,0.2478545762452039,0.0288857019020557,0.0423837777192677,0.2886053782052611,0.3002500652748628,0.2330386755471249,0.7145418706412464,0.4402412469521695,0.1953036931993972,0.0053671737979417,146.03029856735512,0.0042625323793858,148.73629697867713,4.52,15.84,128.1004,1.0,Normal,Normal,14,0,0
2025-01-31,-0.0045987961325835,207.3762608164845,-0.0281196862027849,0.2840261557106403,0.2481060453621105,0.0288857019020557,0.0423837777192677,0.2890681413829207,0.3004580006465842,0.2342394996478766,0.7128526931803606,0.4328105048359869,0.1887442031956676,-0.0053218577571793,145.25314609014123,-0.0014531385757335,148.52016252792563,4.58,16.43,128.4828,1.0,Normal,Normal,15,0,0
2025-02-03,-0.0215714370966713,202.90285685093883,-0.0490845412573548,0.2902151050119642,0.2511661949659881,0.0288857019020557,0.0423837777192677,0.2921410676039829,0.3028032932127974,0.2394053214531246,0.7099993635583481,0.4395126036886314,0.196594884164232,-0.0067296144191634,144.27564842378416,-0.0080031858119642,147.33152807039153,4.54,18.62,129.109,1.0,Normal,Normal,16,0,0
2025-02-04,0.0055227407923991,204.02343673536384,-0.0438328816632339,0.2616393693908174,0.250735249021833,0.0288857019020557,0.0423837777192677,0.290624802177426,0.3052415363431284,0.2281876834687051,0.7155958870086558,0.4228362074037197,0.1979792548488762,0.0067082658132369,145.24348782378803,0.012275322009791,149.14007001965015,4.52,17.21,128.1083,1.0,Normal,Normal,17,0,0
2025-02-05,-0.0037318079906573,203.26206044387345,-0.0474011137558468,0.2602952946578128,0.2508997395271218,0.0288857019020557,0.0423837777192677,0.2851872877835212,0.2975994326509241,0.2279724584354553,0.708984657645409,0.430349381409813,0.1956055457284612,0.0040543563388719,145.83235667932627,0.0045378595269289,149.81684670723567,4.43,15.77,127.9751,0.0,Low,Normal,18,0,0
2025-02-06,-0.0072651594190438,201.78532917090536,-0.0543218965268141,0.2601879241705233,0.2508866217014922,0.0288857019020557,0.0423837777192677,0.2841308281442855,0.2963292954960168,0.2274260736355823,0.7077557884642357,0.4320198581863393,0.1946165130866568,0.0034758146807594,146.33924292560204,0.005219762309617,150.59885503702378,4.45,15.5,128.2017,0.0,Low,Normal,19,0,0
2025-02-07,-0.0127565543438634,199.2112436535424,-0.0663854906455715,0.2606212032100597,0.2519637571790918,0.0288857019020557,0.0423837777192677,0.2856404429421109,0.2979196395699555,0.2289231313513795,0.7066282348285203,0.4302951217189595,0.1915452283685221,-0.0091536619420646,144.9997029670034,-0.0126131480928544,148.6993293758275,4.49,16.54,128.4292,0.0,Low,Low,1,0,0
2025-02-10,0.0173681788137914,202.6711801550349,-0.0501703069039534,0.2594852593338571,0.2532076053955832,0.0288857019020557,0.0423837777192677,0.2887108987835914,0.3007073035035657,0.2330153524761039,0.7042699281968057,0.4304704943487209,0.1883699705661769,0.0067913077807344,145.9844405779674,0.0121049651003484,150.4993295683671,4.51,15.81,128.6382,0.0,Low,Low,2,0,0
2025-02-11,-0.0030508664187584,202.05285745744973,-0.0530681104181599,0.2585000998589747,0.2498565473271508,0.0288857019020557,0.0423837777192677,0.2808372983091336,0.2938149513038417,0.2226306001979927,0.6997199151614627,0.4330164669844705,0.1866000563219025,0.0007605777098049,146.09547308944934,-0.0023807327888545,150.14103087976304,4.54,16.02,128.4322,0.0,Low,Low,3,0,0
2025-02-12,0.0084635245936008,203.76293678574825,-0.0450537290822189,0.2564382427223522,0.2500052853619899,0.0288857019020557,0.0423837777192677,0.279668627056999,0.2920093646227254,0.2231354760215841,0.6957400777877966,0.4362171835019253,0.1881725675661567,-0.0032214650556428,145.6248316281041,0.0005872187758919,150.22919651212743,4.62,15.89,128.3288,0.0,Low,Low,4,0,0
2025-02-13,0.0112388654645097,206.0530010189366,-0.0343212164175388,0.2566087310847849,0.2504368336197728,0.0288857019020557,0.0423837777192677,0.2802408184508506,0.2945067079332351,0.2191910495476965,0.696681220114697,0.4384128479009452,0.1901044966355492,0.0105574148784315,147.16225339220372,0.0143856987728889,152.39034848004405,4.52,15.1,127.8931,0.0,Low,Low,5,0,0
2025-02-14,0.0041631382185684,206.91082814252928,-0.0303009621667459,0.2552831725949915,0.2484330431146273,0.0288857019020557,0.0423837777192677,0.2768375321397447,0.2911485806322487,0.215529294755629,0.6955743956638459,0.4383817519114756,0.1910263279220408,-4.899288490622933e-05,147.15504348886074,0.0041987179523994,153.0301925719796,4.47,14.77,127.1491,0.0,Low,Low,6,0,0
2025-02-18,-0.0028532855216466,206.3204524723183,-0.0330677903917502,0.255087362231757,0.2473785964648348,0.0288857019020557,0.0423837777192677,0.266776615186736,0.280261375376451,0.2073653301607302,0.6859792839368026,0.4499910573367052,0.2053153020986983,0.0029357362526629,147.5870518847932,0.0022668980498661,153.37709641709168,4.55,15.35,127.2906,1.0,Normal,Low,7,0,0
2025-02-19,-0.0005198200856423,206.2132029570444,-0.0335704211757591,0.249193742244328,0.2461564676134672,0.0288857019020557,0.0423837777192677,0.2631540296797345,0.2746823777300291,0.2080694280420973,0.6859308724839814,0.4447178146098019,0.2035555828306354,0.0023549654159298,147.93461428782092,0.0002782278279638,153.4197701934872,4.53,15.27,127.7317,1.0,Normal,Low,8,0,0
2025-02-20,-0.0025617599782226,205.6849342267279,-0.0360461817925616,0.2465785783785874,0.2462168669474473,0.0288857019020557,0.0423837777192677,0.264026906466244,0.2760706295151658,0.2079205150090566,0.6840924716117898,0.4417197738239315,0.205086885597049,-0.0041603202676966,147.31915891370542,-0.0042445893864044,152.76856626525932,4.5,15.66,127.1126,1.0,Normal,Normal,1,0,0
2025-02-21,-0.0304268225456978,199.42659523268773,-0.0653762335614072,0.2499198366574086,0.2519470637435385,0.0294241166571267,0.0423837777192677,0.2754418744901946,0.288823837384935,0.2167927106383092,0.6868106309525576,0.4425886045973585,0.1996516575840105,-0.0171041642727355,144.79938781912415,-0.0207546268336588,149.59791168051078,4.42,18.21,127.1408,1.0,Normal,Normal,2,1,0
2025-02-24,-0.0273648903594982,193.9693083193772,-0.0909521104573807,0.2613837761547126,0.2565179235650681,0.0294241166571267,0.0423837777192677,0.2808773428093032,0.2922296106413176,0.2269252819157382,0.6928288820922764,0.4531976794382258,0.2146432903163893,-0.004550399360666,144.14049277736717,-0.0118042134186622,147.83202600404783,4.4,18.98,127.1921,1.0,Normal,Normal,3,0,0
2025-02-25,-0.0184878228159306,190.38323811543992,-0.1077584267704403,0.2577906879860595,0.2568294050511712,0.0294241166571267,0.0423837777192677,0.2833821337687939,0.2968890015690083,0.2254418395950216,0.6797461733678754,0.4516238623738578,0.2173931195218418,-0.0049732356679494,143.42364813749094,-0.0125993288740792,145.96944169030138,4.3,19.43,127.3752,1.0,Normal,Normal,4,0,0
2025-02-26,-0.0035214735659055,189.7128085750249,-0.1109004318849702,0.2577461848380439,0.2559406105745815,0.0294241166571267,0.0423837777192677,0.2797899065614084,0.2941224260108699,0.219151962939073,0.6877208801652871,0.4572020074778956,0.2200034401937869,0.0005046896127463,143.49603256292812,0.0024155228037812,146.32203420535953,4.25,19.1,127.2822,1.0,Normal,Normal,5,0,0
2025-02-27,-0.0285845835089028,184.2899469556036,-0.1363149727374838,0.2698443226691538,0.2606083638343143,0.0294241166571267,0.0423837777192677,0.2888171220659288,0.3088914766933623,0.2154322975259801,0.6869870782049879,0.4670818955138448,0.2213885605785081,-0.0159618777334904,141.20556643591772,-0.0277713263990199,142.25847723407392,4.29,21.13,127.9704,1.0,Normal,Normal,6,0,0
2025-02-28,0.0161512987482207,187.26646894517728,-0.1223653378378017,0.2538261120181707,0.2618948571246655,0.0294241166571267,0.0423837777192677,0.2910948348473157,0.3124942002370011,0.2154038008848829,0.6774825556448153,0.4553107755983155,0.2197617371319639,0.0156057362936286,143.4091832689091,0.0157916741721566,144.50497675478158,4.24,19.63,128.2805,1.0,Normal,Normal,7,0,0
2025-03-03,-0.0261660146192099,182.36645178107,-0.1453295392382632,0.2624299876364799,0.2650869618188899,0.0294241166571267,0.0423837777192677,0.3006966468196886,0.3253301565389487,0.2184671486102765,0.6719662797867674,0.4598362496567968,0.2248958666311584,-0.0175199110131678,140.89666713956674,-0.0218825617943612,141.34283767135233,4.16,22.78,127.75,1.0,Normal,Normal,8,0,0
2025-03-04,-0.0035104966706379,181.72625495925644,-0.1483298570452599,0.2468770421808475,0.2649427704752342,0.0294241166571267,0.0423837777192677,0.2991372023863888,0.3234202725130747,0.2171036345421773,0.6797332656155549,0.4539371199597453,0.2214605133569029,-0.0118368364713409,139.22889633127872,-0.0030177438035385,140.91630119879505,4.22,23.51,127.9966,1.0,Normal,Normal,9,0,0
2025-03-05,0.0175326283198277,184.91239384341128,-0.1333978409777401,0.2478818957661491,0.2665193458345978,0.0289169125933756,0.0423837777192677,0.3029511799444996,0.3271197872866851,0.2214360820673983,0.6797763911245241,0.449590623465636,0.2055628988427912,0.0107477718895647,140.72529674948316,0.0130360649205336,142.75329524958403,4.28,21.93,126.504,1.0,Normal,Normal,10,0,0
2025-03-06,-0.0302318691336813,179.32214655154152,-0.1595968440402668,0.251262335171682,0.2694804344640201,0.0294241166571267,0.0423837777192677,0.3038180294321019,0.328660556899308,0.2205013424425573,0.6840798729230543,0.4494424376009032,0.2056222946093668,-0.0177512594996157,138.22724548872267,-0.0275095061358356,138.82622259800485,4.29,24.87,126.1099,1.0,Normal,Normal,11,1,0
2025-03-07,0.0037247174260882,179.9900708756856,-0.156466579760324,0.2509065035200039,0.2676135882382903,0.0294241166571267,0.0423837777192677,0.3042585513213942,0.3306581220989125,0.2173116804150283,0.6844766377037464,0.4527777619181879,0.2096576554699147,0.0056050035142654,139.0020096854542,0.0073535905956347,139.847093802929,4.32,23.37,125.9814,1.0,Normal,Normal,12,0,0
2025-03-10,-0.0596511789466577,169.25345094925845,-0.2067843427585273,0.2958587369958951,0.2856595306221701,0.0299550131300671,0.0455188739363104,0.3338047936516993,0.3526578721043736,0.2648169721156169,0.7087643708493339,0.4848262957639839,0.2193232937531909,-0.0266356259168936,135.29960415377602,-0.0387563537134876,134.42713036969943,4.22,27.86,126.268,2.0,Elevated,Normal,13,1,1
2025-03-11,0.0116782832365745,171.23004068821157,-0.1975209456455757,0.2847735405185598,0.2856708121672222,0.0299550131300671,0.0455188739363104,0.3319756332841968,0.3504629038833254,0.2639405303119154,0.7054477068989193,0.4592510887130051,0.2016108668729928,-0.0083128838987235,134.1748742529024,-0.002390503973941,134.10578178034515,4.28,26.92,126.0457,2.0,Elevated,Normal,14,0,0
2025-03-12,0.0232346229415509,175.2085061198686,-0.1788756473991583,0.2925998403641463,0.2871067994917957,0.0299550131300671,0.0455188739363104,0.3320542685009895,0.3521935023926599,0.2601351881368728,0.7059672877542749,0.4608933003512916,0.2063233311899926,0.0053065672716159,134.88688224928606,0.0112809165539129,135.61861791400648,4.32,24.23,125.8664,1.0,Normal,Normal,15,0,0
2025-03-13,-0.0219143405246099,171.36892725394958,-0.196870046075103,0.2963234541921158,0.2886598931276654,0.0299550131300671,0.0455188739363104,0.3345518763468549,0.3540657834917458,0.2641798702060377,0.7071452183879346,0.4832151615240267,0.2030554805771399,-0.0133304647706313,133.08877741744166,-0.0179905463851736,133.17876487773142,4.27,24.66,126.0031,1.0,Normal,Normal,16,0,0
2025-03-14,0.0308988564301713,176.66403113376185,-0.1720542489340075,0.3113490054595063,0.2885538862056316,0.0299550131300671,0.0455188739363104,0.3360395583822173,0.3557805639093459,0.2652501875235958,0.7069449278120391,0.4862408824352277,0.207051224703604,0.0206556184045005,135.83780841769783,0.02417038502231,136.3977469016219,4.31,21.77,125.6942,1.0,Normal,Normal,17,0,0
2025-03-17,0.0042682387539332,177.41807539787305,-0.1685203787931533,0.3125790094741273,0.2882682911784688,0.0299550131300671,0.0455188739363104,0.3369139428576186,0.3567916356608429,0.2659702617041351,0.7053499120470236,0.4876151707676159,0.2075770602526505,0.0077114674047358,136.88531724964164,0.0064838177573103,137.28212503503977,4.31,20.51,125.3688,1.0,Normal,Normal,18,0,0
2025-03-18,-0.0186970951172703,174.10087276663597,-0.1840666323589296,0.3113632942134743,0.2892554979286481,0.0299550131300671,0.0455188739363104,0.3388775026415329,0.3598091427315564,0.2658260949720596,0.7020412145328078,0.4832730276359647,0.2031956969601206,-0.0108084435760049,135.40580002176537,-0.0170474492831547,134.94181497102122,4.29,21.7,125.488,1.0,Normal,Normal,19,0,0
2025-03-19,0.0207305113575033,177.71007288687596,-0.1671519164140804,0.3188181380419075,0.2897908786354937,0.0299550131300671,0.0455188739363104,0.3380465178972669,0.3577397917305972,0.2673808560111019,0.7087668620231814,0.4897681523995162,0.214700049673435,0.0108909338062226,136.88049562678103,0.0133814349412242,136.74753008890664,4.25,19.9,125.8006,1.0,Normal,Normal,20,0,0
2025-03-20,-0.0087800353642445,176.14977216234672,-0.174464352041008,0.319062550858686,0.2763444487027364,0.0299550131300671,0.0455188739363104,0.3219156929032964,0.3463867854550915,0.2402121043375594,0.6909812820765285,0.4814143402649108,0.2188689341530729,-0.0028918562308621,136.48465691261924,-0.0033894877304587,136.28402601349975,4.24,19.8,125.985,1.0,Normal,Normal,21,0,0
2025-03-21,0.0064506242497984,177.28604815425365,-0.1691391317712106,0.3205261857113913,0.2734551880669879,0.0299550131300671,0.0455188739363104,0.3171120130578751,0.3419205623703082,0.2341671012236316,0.6929864646363693,0.480347437995721,0.2213812677775251,0.0003298307298129,136.529673746617,0.0032966622258223,136.73330841404146,4.25,19.28,126.2679,1.0,Normal,Normal,22,0,0
2025-03-24,0.0340110386033011,183.3157307818547,-0.1408806907079088,0.3377549193948493,0.2794316781262791,0.0299550131300671,0.0455188739363104,0.3256927367675877,0.3488355537128339,0.2467834246608745,0.6993338252846698,0.4949938979166569,0.2336380013333636,0.017908733132691,138.97474723843854,0.0219443848829803,139.73383676020242,4.34,17.48,126.1956,1.0,Normal,Normal,23,0,0
2025-03-25,0.0083422569520356,184.84499771138715,-0.1337136966773386,0.334123841463316,0.276322426809058,0.0299550131300671,0.0455188739363104,0.3343529353053103,0.3544500283894005,0.2645805045593244,0.6775411385519426,0.4919998569912288,0.2322754680730274,0.002403737812298,139.30880609333013,0.0057064577966952,140.53122200244482,4.31,17.15,126.0535,1.0,Normal,Normal,24,0,0
2025-03-26,-0.0296724352253744,179.36019649006153,-0.1594185208993095,0.3430537035101407,0.2802775870603334,0.0299801238749431,0.0455188739363104,0.3438188724911381,0.3658167467148055,0.2702663267470802,0.6771814608236459,0.4965215116840782,0.2309900337380502,-0.0119382215553037,137.64570670158312,-0.0184005413576089,137.94537143995353,4.35,18.33,126.2364,1.0,Normal,Normal,25,0,0
2025-03-27,-0.0064700878084692,178.1997202694265,-0.164857156879264,0.3411644031192467,0.2803972854173073,0.0299801238749431,0.0455188739363104,0.3450098480788016,0.3672993175597088,0.2706219013882845,0.6806976166048012,0.4934288739859296,0.228259239689393,-0.002655782943625,137.28014958146184,-0.0056980284727586,137.1593547858034,4.38,18.69,126.3626,1.0,Normal,Normal,26,0,0
2025-03-28,-0.0358430932616273,171.81249107661355,-0.1947912596920211,0.3497908885506514,0.2858253204421628,0.0302847800526302,0.0455188739363104,0.3578744876012023,0.3804450777846707,0.2834482013487479,0.6842981249666263,0.4990923953292986,0.2220770086445756,-0.0201383257768884,134.51555720649037,-0.0263278171934626,133.54824836662948,4.27,21.65,126.4187,1.0,Normal,Normal,27,1,0
2025-03-31,-0.0085954642548392,170.33568295102964,-0.2017124026370225,0.3485847479138866,0.2852701017670265,0.0302847800526302,0.0455188739363104,0.3588374723177507,0.3754521552827457,0.2982870479430962,0.685579934162745,0.4980748754886825,0.2207730282971364,0.0067129434733466,135.41855253830326,-4.266189797086373e-05,133.5425509448835,4.23,22.28,126.7075,1.0,Normal,Normal,28,0,0
2025-04-01,0.0111786793775985,172.23981093730347,-0.1927886015349883,0.3521195045449455,0.2844352205095413,0.0302847800526302,0.0455188739363104,0.3591127573063868,0.3755154038946922,0.2985652097030593,0.6932333407656092,0.4874312364898153,0.1984732494107618,0.0028243571101911,135.8010228900166,0.0080610834343073,134.61904859008044,4.17,21.77,126.4338,1.0,Normal,Normal,29,0,0
2025-04-02,-0.0006280536870363,172.13163508898987,-0.1932955736300119,0.352105647677893,0.2840769481926066,0.0302847800526302,0.0455188739363104,0.3573054933451082,0.3755039055567976,0.2918734650019076,0.7018414910839872,0.4897914272205426,0.2018411202589377,0.0063284166758286,136.6604283478684,0.0072985274222185,135.6015694077681,4.2,21.51,126.3811,1.0,Normal,Normal,30,0,0
2025-04-03,-0.0506296353833941,163.41667316648685,-0.2341387245992946,0.3751160472355387,0.2956980998509926,0.0303823842621577,0.0491044730931587,0.3738697869186138,0.4076084881962964,0.2731250351696595,0.7041865184340318,0.5233321853593221,0.1852595537847653,-0.0492808397634647,129.92568767645062,-0.0535335467259062,128.34233645577115,4.06,30.02,124.7316,2.0,Elevated,Normal,31,1,1
2025-04-04,-0.051639715987228,154.9778825765918,-0.2736875833466032,0.3911441490488719,0.305986846798074,0.0311695327855866,0.0511447764913493,0.3940879894837132,0.444765352981546,0.2559916629512545,0.6918251650464488,0.5459047086508921,0.1870295669582991,-0.0585430439841776,122.31944242813368,-0.0621090308216089,120.37111832512235,4.01,45.31,125.8129,2.0,Elevated,Normal,32,1,1
2025-04-07,-0.0153495747678239,152.59903798062336,-0.2848361700908235,0.3875279586950064,0.3066105214736265,0.0311695327855866,0.0511447764913493,0.3882029541744897,0.442080914281192,0.2411707483199834,0.7079574382575085,0.5527012646210212,0.1861056564309687,-0.0017811908092518,122.10156816148783,0.0024132844064981,120.66160806796913,4.15,46.98,126.8282,2.0,Elevated,Elevated,1,0,0
2025-04-08,-0.0257191641733924,148.67431827009796,-0.3032295860431298,0.3898415235380486,0.3088947395981398,0.0311695327855866,0.0511447764913493,0.3940496018988675,0.4459723672950308,0.2509355350368143,0.7234638159639498,0.5551419926908873,0.1843077953059748,-0.0156627135192009,120.18912627912928,-0.0180084778033202,118.48867617736416,4.26,52.33,126.8668,2.0,Elevated,Elevated,2,0,0
2025-04-09,0.1393562579162116,169.3930149124627,-0.2061302685273704,0.5782388017670311,0.3901195378864488,0.0311695327855866,0.0511447764913493,0.5044988734630445,0.5640705817360814,0.3494315295230723,0.74549924300633,0.7019847101511444,0.2094565644231636,0.1050192758263111,132.8113012831605,0.1200307738261161,132.71096366856528,4.34,33.62,126.628,3.0,Crisis,Elevated,3,0,0
2025-04-10,-0.0537501341427009,160.28811763808127,-0.2488008730858543,0.5922867369099277,0.3997892690047417,0.0333255288572397,0.0520126074170742,0.5198741633171259,0.5748714160102041,0.3765328886359361,0.7450894392772408,0.7108409124495184,0.2132423619431297,-0.0438189647616328,126.99164755228708,-0.0425322121403485,127.06647280846376,4.4,40.72,125.089,3.0,Crisis,Elevated,4,1,1
2025-04-11,0.023414834187594,164.04123733481853,-0.231211670087294,0.594801861955993,0.4016100902451961,0.0333255288572397,0.0520126074170742,0.5198047698658579,0.5732261127269824,0.3798320584739706,0.7496484406048122,0.714167805086269,0.2128448474152919,0.0178427274246639,129.25752490477154,0.0184230261033622,129.40742175387626,4.48,37.56,124.0163,3.0,Crisis,Crisis,1,0,0
2025-04-14,0.0084821662971761,165.432662389487,-0.2246906796256461,0.5919238936409527,0.4016833368671867,0.0333255288572397,0.0520126074170742,0.5203503357489477,0.5723147940232762,0.3833353223935921,0.7568194964777809,0.711217808645642,0.2125826329112887,0.00970142697574,130.51150734370006,0.0067782657794897,130.28457965236257,4.38,30.89,123.6598,3.0,Crisis,Crisis,2,0,0
2025-04-15,-0.0035465637320518,164.84594490895967,-0.2274403635424077,0.5919243888647406,0.4016150573592331,0.0333255288572397,0.0520126074170742,0.5196431089138058,0.5714997762727261,0.3827367174465475,0.7582556233604736,0.7100818468313889,0.2102522539415961,-0.0028007268193963,130.1459802648427,0.0011147606263994,130.42981577198603,4.35,30.12,123.776,3.0,Crisis,Crisis,3,0,0
2025-04-16,-0.0263049115541555,160.50968690806832,-0.247762476449735,0.5926072470182601,0.4017650151145659,0.0333255288572397,0.0520126074170742,0.5244740757530936,0.5815984151175192,0.3752035822935797,0.7641795998909003,0.712186891251125,0.2140407250566822,-0.0222281057572865,127.25308165163008,-0.0301535260986584,126.49689691806223,4.29,32.64,123.2724,3.0,Crisis,Crisis,4,0,0
2025-04-17,-0.0025589803900029,160.09894576686506,-0.2496874375211245,0.5873896660378846,0.4017563887041945,0.0333255288572397,0.0520126074170742,0.5249179035252232,0.582180777948243,0.3751237790951128,0.7676291651711828,0.7043683226223186,0.2160639163950063,0.0014268369522441,127.43465105081756,-0.0001800908618243,126.47411598287816,4.34,29.65,123.1298,3.0,Crisis,Crisis,5,0,0
2025-04-21,-0.0187649232836398,157.0947013317582,-0.2637669951947921,0.5887231725719302,0.4012520957772967,0.0333255288572397,0.0520126074170742,0.522922146123312,0.5830614447447221,0.3663339224494396,0.7668700494820434,0.7039470027911204,0.214740544699276,-0.0238027603573514,124.40135459063224,-0.0247466440877069,123.34430604834247,4.42,33.82,122.3145,3.0,Crisis,Crisis,6,0,0
2025-04-22,0.0391625927290368,163.24693713990354,-0.2349342018739305,0.5769239009984646,0.4065492054506448,0.0333255288572397,0.0520126074170742,0.5308470602970788,0.5886819891960341,0.3797390286040308,0.7732450242293684,0.6908508328593618,0.1986066137046875,0.0260176488088912,127.63798534572166,0.0262519997562014,126.5823407406524,4.41,30.57,122.4175,3.0,Crisis,Crisis,7,0,0
2025-04-23,0.0290083664811618,167.98246411938504,-0.212740892819687,0.5822873404313992,0.4096632629314954,0.0333255288572397,0.0520126074170742,0.5379534597124725,0.5979400066772053,0.382337147061587,0.772669005710112,0.6936060790841109,0.1997449088201179,0.0154957139802467,129.6158270596539,0.0226782059045138,129.45300112784426,4.4,28.45,123.0252,3.0,Crisis,Crisis,8,0,0
2025-04-24,0.0320461834209183,173.36566097605268,-0.1875122430711983,0.5858929391843946,0.4103521728819628,0.0333255288572397,0.0520126074170742,0.5390598105328178,0.6035277778629252,0.3733675581214912,0.7680647401489583,0.6972176140994166,0.1943653224898365,0.0210487988090648,132.3440845259031,0.0281372126018129,133.09544774252117,4.32,26.47,122.9251,3.0,Crisis,Crisis,9,0,0
2025-04-25,0.013986723886768,175.79047860757174,-0.1761482011536557,0.5833074172222255,0.4109103482350946,0.0333255288572397,0.0520126074170742,0.5455815976234097,0.6115775666109645,0.3766884214966399,0.7691203249605417,0.6822228103168436,0.204547337700459,0.0072253206852483,133.30031297739836,0.0111478466942578,134.57917538965836,4.29,24.84,122.8858,3.0,Crisis,Crisis,10,0,0
2025-04-28,-0.000426841765132,175.7154438893895,-0.1764998555096825,0.576605623324176,0.4106016926567687,0.0333255288572397,0.0520126074170742,0.5555530488666006,0.6246709942119462,0.3800507529758578,0.7689594001406518,0.6757433209677435,0.2053218773482276,0.0003812053910532,133.35112777533445,-0.0003174156422897,134.53645785426323,4.23,25.15,122.7176,3.0,Crisis,Crisis,11,0,0
2025-04-29,0.001863257508905,176.04284700964698,-0.1749654626818765,0.5765088279772187,0.4096201762560508,0.0333255288572397,0.0520126074170742,0.5584854300277605,0.6282387921695326,0.3810214685196305,0.7790771776876927,0.671845654886349,0.2021211623694793,0.0062994882552829,134.19117163858388,0.0066043546912841,135.42498434084175,4.19,24.17,122.5944,3.0,Crisis,Crisis,12,0,0
2025-04-30,-0.0009314462160358,175.87887256593967,-0.1757339379797603,0.5736995102685426,0.4095878244457797,0.0333255288572397,0.0520126074170742,0.5588966123760248,0.6285062762244554,0.3816527097202217,0.7812169175179932,0.6687105750200553,0.2018401864890443,0.0003968080736171,134.24441977889822,-0.00012608280312,135.4079095792036,4.17,24.7,122.5921,3.0,Crisis,Crisis,13,0,0
2025-05-01,0.01218356863608,178.02170488148317,-0.1656914358387453,0.5716696330780363,0.4040889409739127,0.0333255288572397,0.0520126074170742,0.5419444633762704,0.6099785166276807,0.3674951693345139,0.7774920102032535,0.669915167544376,0.1948089969860111,0.0070869000658473,135.19579656626894,0.0130606197373102,137.17642079564166,4.25,24.6,123.1405,3.0,Crisis,Crisis,14,0,0
2025-05-02,0.0165013522109757,180.95930373493093,-0.1519242163688868,0.5727357281078531,0.4049061834875387,0.0333255288572397,0.0520126074170742,0.5421106842335387,0.6100755081823573,0.3680407533228662,0.7743908096849718,0.671531045457751,0.1939339787076703,0.0148443344181041,137.20268818242062,0.0148439962764004,139.2126670751421,4.33,22.68,122.4962,3.0,Crisis,Crisis,15,0,0
2025-05-05,-0.0094960184281043,179.24091085192708,-0.159977559638677,0.5734036281462874,0.4048642714272595,0.0333255288572397,0.0520126074170742,0.5424221004910755,0.6104594169933296,0.368235456893911,0.773915676869645,0.6723590145325038,0.192915849719329,-0.0057344408679302,136.41590748011748,-0.0059325140457693,138.3867859723698,4.36,23.64,122.2613,3.0,Crisis,Crisis,16,0,0
2025-05-06,-0.004298694264305,178.47040897651908,-0.1635885592849458,0.5649103387743817,0.4043874217810022,0.0333255288572397,0.0520126074170742,0.5439747316441496,0.6109402433666979,0.3723937214539423,0.7738969742080699,0.6617919781654289,0.1833629333937139,-0.0083582712079474,135.27570632832038,-0.0093017622900537,137.0995449851703,4.3,24.76,122.0417,3.0,Crisis,Crisis,17,0,0
2025-05-07,0.0072824977828554,179.7701193341959,-0.1574973948223834,0.5647777364938472,0.4031820038130529,0.0333255288572397,0.0520126074170742,0.5380359917585694,0.6041337323642295,0.3680944762168778,0.7737378036858401,0.6644200970965927,0.1813672366250099,0.0042053108413475,135.8445827227138,0.0039258751366155,137.6377806800689,4.26,23.55,122.117,3.0,Crisis,Crisis,18,0,0
2025-05-08,0.0307174574184419,185.29220031995223,-0.1316178569229137,0.564642671808034,0.4065212345869413,0.0333255288572397,0.0520126074170742,0.5351333799141416,0.6042377714666343,0.3580637682986358,0.772523849809485,0.6762246469967657,0.198163650760241,0.0069679272116591,136.79113788722387,0.0103249886165632,139.05888919879962,4.37,22.48,122.7568,3.0,Crisis,Crisis,19,0,0
2025-05-09,0.0089517442927157,186.95088871665112,-0.1238443220297272,0.5644787535774707,0.4062126993251312,0.0333255288572397,0.0520126074170742,0.5335009207495073,0.6029343452428466,0.3557644976607675,0.7693774098137304,0.6769707939588333,0.2001335854711587,-0.001274201063086,136.61683847390722,-0.0006553517942025,138.96775670626337,4.37,21.9,122.5191,3.0,Crisis,Crisis,20,0,0
2025-05-12,0.0431774476047167,195.02295091886955,-0.0860141561505907,0.5646754835473523,0.4124547779057951,0.0333255288572397,0.0520126074170742,0.5352673820861555,0.6049570014061681,0.3571192071447037,0.7683533300074922,0.6808676517301139,0.201286158077262,0.0330474744095261,141.13167994728403,0.0407402012360786,144.62933107980297,4.45,18.39,123.4863,3.0,Crisis,Crisis,21,0,0
2025-05-13,0.025989588136625,200.09151709044025,-0.0622600405062389,0.5664281407957609,0.4144965808678253,0.0333255288572397,0.0520126074170742,0.536076588018741,0.6048276855558812,0.3601622019249824,0.7685039656252147,0.682366777466638,0.2033288452083711,0.0066038694722301,142.06369514005246,0.0152407161538472,146.83358566231107,4.49,18.22,122.9583,3.0,Crisis,Crisis,22,0,0
2025-05-14,0.0049236261203696,201.0766929104511,-0.057642959547561,0.5662188971216766,0.4144452626326486,0.0333255288572397,0.0520126074170742,0.5364228533588822,0.6044060511533799,0.362421193301144,0.7670358314175392,0.6846808906489783,0.2053368786358883,0.0012779787149457,142.24524951860798,0.0059930156584431,147.71356164037064,4.53,18.62,122.6746,3.0,Crisis,Crisis,23,0,0
2025-05-15,-0.0082655345534504,199.4146865573062,-0.065432044227108,0.5673998871087441,0.4134546815916688,0.0333255288572397,0.0520126074170742,0.5366094390010725,0.6051727824233178,0.3613811395145039,0.7653169115210149,0.6825960785718901,0.2031631226093073,0.0048844819387896,142.94004387076023,0.0010990587909358,147.87590752883193,4.45,17.83,122.8174,3.0,Crisis,Crisis,24,0,0
2025-05-16,0.0042664781407545,200.2654849584484,-0.0614447304727532,0.5419356588103114,0.4129759416215862,0.0333255288572397,0.0520126074170742,0.5370373732788482,0.6060641088879338,0.3605555635802604,0.768328772439666,0.6528697560177732,0.2025287978546465,0.0063340096153452,143.84542748305552,0.0043524660660103,148.51953239833168,4.43,17.24,123.0737,3.0,Crisis,Crisis,25,0,0
2025-05-19,-0.0015994670962254,199.9451669047477,-0.062945918744351,0.5132579259083204,0.4104514838402278,0.0333255288572397,0.0520126074170742,0.5350471702535567,0.6052900378305659,0.3560866979081149,0.7609538902398597,0.6201465160545084,0.2022254823486962,0.0010939252169079,144.00278362351614,0.000958623278376,148.66190667938224,4.46,18.14,122.4186,3.0,Crisis,Crisis,26,0,0
2025-05-20,-0.0021121506948422,199.52285258153947,-0.0649251181731801,0.509216567803627,0.4102940473582037,0.0333255288572397,0.0520126074170742,0.5353334373150148,0.6058892822307919,0.3556791716519182,0.760692850209268,0.6028771793338814,0.186297343879283,-0.0033621574384226,143.51862359340276,-0.0033331296414234,148.16639727167868,4.48,18.09,122.3199,3.0,Crisis,Crisis,27,0,0
2025-05-21,-0.0062210479329219,198.2816113519164,-0.070742263833896,0.5005766621623509,0.4084264851968554,0.0333255288572397,0.0520126074170742,0.5324882902649971,0.6041382303978614,0.3500529525243116,0.7612704517250278,0.5952379531191392,0.1797787039854002,-0.0168509621271729,141.10019670268633,-0.0138967809462828,146.10736130519422,4.58,20.87,121.7496,2.0,Elevated,Crisis,28,0,0
2025-05-22,0.0060512839931404,199.4814696928244,-0.0651190613695322,0.3168524213373921,0.4084630296455478,0.0333255288572397,0.0520126074170742,0.5320602054499526,0.6037337457322438,0.3494529254563989,0.762595495473061,0.4442696835751927,0.1406017933599797,0.0003946237070804,141.15587818537892,0.0018713292661376,146.38077628640278,4.54,20.28,122.0429,2.0,Elevated,Crisis,29,0,0
2025-05-23,-0.0184673042271145,195.79758470433492,-0.0823837920793516,0.2728076959459696,0.4096960854013545,0.0333255288572397,0.0520126074170742,0.5342346027910576,0.6051301179281368,0.3535707059873783,0.7628500250484782,0.4144401559753281,0.1333798364755718,-0.0068256698135433,140.1923947686448,-0.0092607877259736,145.02517499005117,4.51,22.29,121.3837,2.0,Elevated,Elevated,1,0,0
2025-05-27,0.0287433055777376,201.4254545128747,-0.0560084690120034,0.2760398923949324,0.408582455010931,0.0333255288572397,0.0520126074170742,0.5341624107328532,0.6067965354486908,0.3498685727975429,0.7563756147081939,0.4120955664382102,0.1343248047459357,0.0207906681029541,143.107088318838,0.0235252804962822,148.43693291071455,4.43,18.96,121.6099,0.0,Low,Elevated,2,0,0
2025-05-28,-0.0042472470843672,200.5699508384775,-0.0600178342896597,0.277909659309025,0.4083528456757166,0.0333255288572397,0.0520126074170742,0.5351546422164842,0.6079279514555678,0.3504233883296425,0.7590576271511834,0.4105998817317089,0.1339576571366046,-0.0057855432896052,142.27913606432,-0.0044320021093429,147.77906011094984,4.47,19.31,121.9888,0.0,Low,Elevated,3,0,0
2025-05-29,-0.0041103100066365,199.74554616251552,-0.0638814523914388,0.2780930304170019,0.4059663407327332,0.0333255288572397,0.0520126074170742,0.531870700097627,0.605288436718879,0.3454807382059218,0.7580993467293858,0.4102750219041635,0.1347166251999487,0.0039474266243269,142.84077251410653,0.0019657030071016,148.06954985379662,4.43,19.18,121.5617,0.0,Low,Low,1,0,0
2025-05-30,-0.0118698392994866,197.37459862877827,-0.0749930291168212,0.2661561271707635,0.4055161092218797,0.0333255288572397,0.0520126074170742,0.5339193004255359,0.6066375753922619,0.3474316525664706,0.7860943944761069,0.3985580548481112,0.1420981940530788,-0.0011185494127116,142.68099805189962,-0.0015771847028451,147.83601682481003,4.41,18.57,121.7674,0.0,Low,Low,2,0,0
2025-06-02,0.0084056425482542,199.03365895295693,-0.0672177511649338,0.2646091151068686,0.4047728331805248,0.0333255288572397,0.0520126074170742,0.5373119228155085,0.608969339613756,0.3531842188764935,0.7912178939620795,0.3984411882254663,0.1404201059900605,0.0056329081342343,143.48470700642685,0.0078982623207219,149.00366446614305,4.46,18.36,121.1881,0.0,Low,Low,3,0,0
2025-06-03,0.0079283300281325,200.61166348784275,-0.0598223456517857,0.252701587720286,0.4049213830472594,0.0333255288572397,0.0520126074170742,0.5372433728326,0.6090948182263013,0.3525523181659411,0.7928086040529397,0.3857505733507785,0.142381198463596,0.0057027955380932,144.3029709533277,0.0078171033922787,150.1684415171033,4.46,17.69,121.4592,0.0,Low,Low,4,0,0
2025-06-04,0.0023477408075668,201.08264767668703,-0.0576150522063098,0.2355834255335754,0.4048728496094982,0.0333255288572397,0.0520126074170742,0.5371560746815234,0.6090178155324234,0.3524378324918538,0.792768777745068,0.3721877139674749,0.1342765348584891,-0.0002685546265092,144.26421772285917,0.00278776015122,150.58707511433548,4.37,17.61,121.0539,0.0,Low,Low,5,0,0
2025-06-05,-0.0178539293633436,197.49253228887332,-0.0744403264972967,0.2368236200568232,0.4006054768494914,0.0333255288572397,0.0520126074170742,0.5502548747503878,0.6294716188983264,0.3491717598703897,0.7939155527725168,0.3792844772591979,0.1576138618837599,-0.0048326788419146,143.56703509022455,-0.0075268452249079,149.4536295070783,4.4,18.48,120.9596,0.0,Low,Low,6,0,0
2025-06-06,0.0131561627349779,200.0907761826087,-0.062263512811762,0.2244391536369607,0.4007115077106644,0.0333255288572397,0.0520126074170742,0.5521203874043956,0.6292962826594607,0.355915467178918,0.7940378568592782,0.3705644065988357,0.1618862767668513,0.0102688965220612,145.0413101175452,0.0097753093623187,150.91458497083136,4.51,16.77,121.161,0.0,Low,Low,7,0,0
2025-06-09,0.0218073853916555,204.45423285213832,-0.0418139318398308,0.2283060810870965,0.4023587583572315,0.0333255288572397,0.0520126074170742,0.5514215354777792,0.6281318427687029,0.3557356621853851,0.8018488796813593,0.3731897921219558,0.1651287904336467,0.0009013954749408,145.17204969816464,0.0014719464360419,151.13672315632593,4.49,17.16,120.9103,0.0,Low,Low,8,0,0
2025-06-10,0.0142352264734496,207.364685160244,-0.0281739361558664,0.2291490118223096,0.4026250802781183,0.0333255288572397,0.0520126074170742,0.557657784498665,0.6360009010451764,0.3587095226864766,0.7998726325535981,0.3780865208123276,0.1671404358496457,0.0056696213275269,145.99512024729415,0.0066138497543837,152.13631873565177,4.47,16.95,121.0485,0.0,Low,Low,9,0,0
2025-06-11,-0.0092952119818528,205.4371864541293,-0.0372072654287873,0.232994990134241,0.4028621522356413,0.0333255288572397,0.0520126074170742,0.5583315648219938,0.6364326505600388,0.3597737371377596,0.8031609792539189,0.3830279287356369,0.1676410884930395,-0.0028521635422879,145.5787182879729,-0.0033695302515637,151.62369080731045,4.41,17.26,120.587,0.0,Low,Low,10,0,0
2025-06-12,0.0001323192437418,205.46436974727737,-0.0370798694222687,0.2327695091725518,0.4011734586895584,0.0333255288572397,0.0520126074170742,0.5502761350919588,0.6270347735091794,0.353730175895934,0.8119131784296103,0.3953161501323195,0.169749169541194,0.0039743427435459,146.15729801061542,0.0023479557523646,151.97969652433622,4.36,18.02,120.1723,0.0,Low,Low,11,0,0
2025-06-13,-0.0120706004399251,202.98429143541696,-0.048702893574033,0.2371096813026389,0.4016232546291758,0.0333255288572397,0.0520126074170742,0.5490521742445537,0.62180085598136,0.3619275494144043,0.8097176859085709,0.3912508800587874,0.1772883673447288,-0.0111800745619209,144.52324852108782,-0.0125547521251287,150.0716291064209,4.41,20.82,120.3245,2.0,Elevated,Low,12,0,0
2025-06-16,0.0166830233830264,206.37068311582107,-0.0328323817033232,0.2371902207222371,0.4025016057042752,0.0333255288572397,0.0520126074170742,0.5550670236631715,0.6295991851987296,0.3639614787528049,0.8130245435741341,0.3917732934794453,0.1804461789344669,0.0095141695565905,145.8982672123867,0.0139098864231996,152.15910842263577,4.46,19.11,120.1565,0.0,Low,Low,13,0,0
2025-06-17,-0.0120326090679224,203.8875053628083,-0.0444699315574407,0.2386002792010614,0.4028402553287395,0.0333255288572397,0.0520126074170742,0.5574078194206551,0.632400857223802,0.3653531336122932,0.8134717834359376,0.3929408119489392,0.1807846114625145,-0.0085449776494666,144.65156977996097,-0.0097511589185712,150.67538077549852,4.39,21.6,120.5048,2.0,Elevated,Low,14,0,0
2025-06-18,0.0017763365931466,204.24967819946968,-0.0427725885310141,0.2373192920149149,0.4022271662137583,0.0333255288572397,0.0520126074170742,0.5578958579961222,0.6327998093723285,0.3659932158834923,0.8147971915183497,0.3920111486292718,0.1806325958524159,-0.0001506719699877,144.6297748429804,-0.0001701855580187,150.64973800174155,4.38,20.14,120.7305,2.0,Elevated,Elevated,1,0,0
2025-06-20,-0.0118120669553477,201.8370673249693,-0.05407942280678,0.2418629343334744,0.4017437164234837,0.0333255288572397,0.0520126074170742,0.5565190707126856,0.6312472636187144,0.364843973576873,0.8161587760388702,0.3911882026985216,0.1860267462840087,-0.0023484897973681,144.29011329236602,-0.0040832896275101,150.0345914891719,4.38,20.62,121.0408,2.0,Elevated,Elevated,2,0,0
2025-06-23,0.0147032267530094,204.80472349301075,-0.0401713380699706,0.2306725824925955,0.4024268108110869,0.0333255288572397,0.0520126074170742,0.5580864831749558,0.632790831091119,0.3665988880563925,0.8157482328876945,0.371723108943002,0.1483361859575762,0.0098773407974577,145.7153159150585,0.010282510632152,151.5773237713499,4.34,19.83,121.1694,0.0,Low,Elevated,3,0,0
2025-06-24,0.020088628898629,208.91896957994817,-0.0208896962741905,0.2351971842162256,0.4035499426194356,0.0333255288572397,0.0520126074170742,0.5598335459717303,0.6348462553643439,0.3675631614607168,0.8184444848954611,0.3747120851304023,0.1448962266720977,0.0110473021832466,147.3250770426994,0.0152918434417501,153.8952204757809,4.3,17.48,120.3645,0.0,Low,Elevated,4,0,0
2025-06-25,0.0009364467675332,209.11461107368768,-0.019972811595208,0.2034928033749817,0.4031482210281449,0.0333255288572397,0.0520126074170742,0.5590656161266352,0.6328752062716227,0.3696430531514419,0.8170684056799717,0.3466970467509701,0.1558738134426082,0.0005603485498484,147.4076304359766,0.0025565830820122,154.2886663928518,4.29,16.76,120.3336,0.0,Low,Low,1,0,0
2025-06-26,0.007015873031964,210.5817326341092,-0.0130970652734875,0.1914603300689469,0.4032503484006924,0.0333255288572397,0.0520126074170742,0.5589518881824537,0.6332928121852536,0.3683269233673374,0.8163940203112,0.3385497082792132,0.1477052833387911,0.0078237749214693,148.56091455821482,0.0093504223975409,155.73133059477826,4.26,16.59,119.6451,0.0,Low,Low,2,0,0
2025-06-27,0.0068927263953253,212.03321490100967,-0.0062946133656739,0.1918264475627575,0.4033501179755996,0.0333255288572397,0.0520126074170742,0.565798227421524,0.6384512959493756,0.3786155361644506,0.8306811978028166,0.3352995897571847,0.1443359013272639,0.0049684256248219,149.29902841295282,0.0034233615144165,156.2644552385253,4.29,16.32,119.659,0.0,Low,Low,3,0,0
2025-06-30,0.0083596431923983,213.8057369225192,0.0,0.1902607675197511,0.4035529484318969,0.0333255288572397,0.0520126074170742,0.5652116910241621,0.6382862798099844,0.3774620515476373,0.8238456756682525,0.3374921309080399,0.149848124895415,0.0047810791524043,150.0128388851722,0.0064771330041877,157.27660089893217,4.24,16.73,119.4088,0.0,Low,Low,4,0,0
2025-07-01,-0.0156333721774149,210.463232263543,-0.0156333721774148,0.1971755882690211,0.4044452054733857,0.0333255288572397,0.0520126074170742,0.5647797270775223,0.6361981216032141,0.3808034196720503,0.8247805297603877,0.3453939306537102,0.1514620831493222,-0.0003236168508655,149.9642922026628,-0.0084294653563018,155.9508432402977,4.26,16.83,119.3436,0.0,Low,Low,5,0,0
2025-07-02,0.0137827001842443,213.3639838936384,-0.0020661420747606,0.1999383264576003,0.4016073554159919,0.0333255288572397,0.0520126074170742,0.5579809044728962,0.6292128886281629,0.3739867494471217,0.8247737844251782,0.3526286472415576,0.1571478412020337,0.0045333045135627,150.64412600537835,0.0069652614627475,157.0370816388023,4.3,16.64,119.3037,0.0,Low,Low,6,0,0
2025-07-03,0.0097148253185743,215.43677772644023,0.0,0.200636283987005,0.3989604929457617,0.0333255288572397,0.0520126074170742,0.5582628472718999,0.6297684074663707,0.3734603610111784,0.8276055343762495,0.3529393308907964,0.1571376524456415,0.0078812285830489,151.83138679712036,0.0098404962625819,158.58240445375574,4.35,16.38,119.2382,0.0,Low,Low,7,0,0
2025-07-07,-0.0155121602293195,212.0948879110594,-0.0155121602293194,0.2059383011439374,0.398569842380913,0.0333255288572397,0.0520126074170742,0.5588924414943056,0.6299967457861767,0.3747119897445504,0.8329485675251486,0.3521477477126631,0.1611999266537963,-0.0074517799380284,150.69997271502254,-0.0075330121850051,157.3878012686782,4.4,17.79,119.6201,0.0,Low,Low,8,0,0
2025-07-08,0.0094004699485934,214.0886795311176,-0.0062575118767995,0.2066917878626639,0.3986948751237806,0.0333255288572397,0.0520126074170742,0.5617088440023049,0.6303935275854569,0.3836203255884998,0.8290726947990635,0.353622942674584,0.1613585588852091,-0.0005477996564291,150.61741932174536,0.000561626621947,157.4761944478404,4.42,16.81,119.8371,0.0,Low,Low,9,0,0
2025-07-09,0.0108106252524843,216.40311201632773,0.0,0.1982008881178818,0.3956744587279858,0.0333255288572397,0.0520126074170742,0.5601743657334533,0.6266321211836187,0.387064696421157,0.8307979646621028,0.3495114346869932,0.1643866333428828,0.0059966876655281,151.52062494240576,0.0070788589128854,158.59094621047475,4.34,15.94,119.7311,0.0,Low,Low,10,0,0
2025-07-10,0.0105938250009951,218.69564871469947,0.0,0.1845582303307072,0.3952241440159232,0.0333255288572397,0.0520126074170742,0.5574268239843405,0.6236605168959639,0.3836251738754477,0.846272323710915,0.3476044591500062,0.1662852534213482,0.0028202230483271,151.9479469011653,-0.0014382246583953,158.3628568010366,4.35,15.78,119.8343,0.0,Low,Low,11,0,0
2025-07-11,-0.0026088637092246,218.1251015734024,-0.0026088637092247,0.1840741930530743,0.3924222307064962,0.0333255288572397,0.0520126074170742,0.5565296638392695,0.622507031215613,0.3828292830867545,0.8528275169549747,0.3485964062752423,0.1660196582534424,-0.0035154388382148,151.41378318724193,-0.002250469607718,158.00646600481446,4.43,16.4,119.9214,0.0,Low,Low,12,0,0
2025-07-14,0.0025000613199946,218.6704277027659,-0.0001153247084787,0.1828904837460813,0.3922996805330493,0.0333255288572397,0.0520126074170742,0.5583221769519842,0.6245647837487165,0.3841990162973379,0.8516783488860442,0.3470015794414461,0.1657353237887578,0.0019083592723176,151.702735084344,0.003626974114786,158.57955136698274,4.43,17.2,120.2209,0.0,Low,Low,13,0,0
2025-07-15,0.0072044516558417,220.2458282277127,0.0,0.1776153979166798,0.3915481189537832,0.0333255288572397,0.0520126074170742,0.5562672618393438,0.6228821487907533,0.381359237246077,0.8483665874390173,0.3448076606224901,0.1630171272536604,-0.0042734264166666,151.05444460875398,0.0009166843730425,158.72491876360496,4.5,17.38,120.5105,0.0,Low,Low,14,0,0
2025-07-16,0.0109174549209659,222.6503521289196,0.0,0.1783386922260374,0.3879234344551169,0.0333255288572397,0.0520126074170742,0.5550172738914073,0.6227810735680426,0.3775550498665538,0.8452176455819739,0.3459769946900797,0.1693932029331478,0.0033433222651619,151.55946829666613,0.0010241361780212,158.88747469526422,4.46,17.16,120.4175,0.0,Low,Low,15,0,0
2025-07-17,0.0085499828842128,224.55400882878573,0.0,0.1784726215901885,0.3880436751884812,0.0311695327855866,0.0520126074170742,0.5595410500828657,0.6268425052007099,0.3834693072775141,0.845066263038598,0.3444061883079544,0.16976266248717,0.0061195712306119,152.48694725858124,0.0080927206494976,160.17330664267712,4.47,16.52,120.6384,0.0,Low,Low,16,0,0
2025-07-18,0.0006169002920902,224.6925362624223,0.0,0.1786676216959853,0.3734316442633834,0.0311695327855866,0.0520126074170742,0.5416448258611474,0.6146245748546549,0.3524826389432812,0.8247864148563727,0.3467559531542893,0.1690088637509059,-0.0007322815495487,152.37528388055676,-0.0009611099612517,160.01936248213622,4.44,16.41,120.356,0.0,Low,Low,17,0,0
2025-07-21,0.0154897198552488,228.17296070269256,0.0,0.1695027139942432,0.373724671966942,0.0311695327855866,0.0520126074170742,0.5434375024777873,0.616637237617944,0.3546753707838687,0.8128787479810863,0.3378295347982728,0.1535256003339402,0.0018961202137257,152.6642057363949,0.0051847046236617,160.84901561067275,4.38,16.65,119.9961,0.0,Low,Low,18,0,0
2025-07-22,-0.0029580739219929,227.498008217934,-0.0029580739219929,0.1690994990739401,0.3723683860043144,0.0311695327855866,0.0520126074170742,0.5415667282403238,0.6148218209454113,0.3527362635429433,0.8100954540229762,0.3371779091661033,0.1561056288420153,0.0001430590672588,152.68604573527136,-0.0051758086037928,160.01649189176342,4.35,16.5,119.681,0.0,Low,Low,19,0,0
2025-07-23,-0.0001572231307935,227.46224026883263,-0.0031148319751435,0.1611846174803538,0.3699905047282671,0.0311695327855866,0.0520126074170742,0.5525908680668085,0.6335841302507323,0.3465488822905798,0.8084564782729009,0.3308415953006605,0.1558383563478617,0.0085075505494887,153.98502998756572,0.0045611867705237,160.74635699764573,4.4,15.37,119.5697,0.0,Low,Low,20,0,0
2025-07-24,-0.0023481232362724,226.92813089708284,-0.0054556412020779,0.1588348530641131,0.3671688408668415,0.0303390935102903,0.0520126074170742,0.547394387333048,0.6295285116253042,0.3384353321548086,0.8070858647776706,0.3296841451195286,0.1569468336089016,0.0003310713053847,154.0360100124534,0.0021283553092426,161.08848236000307,4.43,15.39,119.5664,0.0,Low,Low,21,0,0
2025-07-25,0.0009165832521815,227.136129421312,-0.0045440584992521,0.1546353451808807,0.3671800032832088,0.0303390935102903,0.0520126074170742,0.5488488123942157,0.6310165770212428,0.3398563786763577,0.8078635562161366,0.3283822649978736,0.1600230604720581,0.004224296491786,154.68670378915775,0.0024069985503896,161.47622210352807,4.4,14.93,119.9857,0.0,Low,Low,22,0,0
2025-07-28,0.0073577856864837,228.80734838325145,0.0,0.1547271637142279,0.365403587661116,0.0303390935102903,0.0520126074170742,0.5466188310123062,0.6291715637192107,0.3366291693359902,0.8071181114153904,0.3173981388710326,0.1491491637768262,-0.000251109845312,154.6478604348974,0.0031253133361841,161.98088589394487,4.42,15.03,120.6149,0.0,Low,Low,23,0,0
2025-07-29,-0.0017505458843864,228.40681062122172,-0.0017505458843862,0.1483828616903096,0.3643010146478088,0.0303390935102903,0.0520126074170742,0.5477030636718959,0.6308574365052897,0.3366687289678343,0.8028150350640383,0.3065352554365251,0.1477351827417156,-0.0026376070155917,154.23996015326807,-0.0015489271998813,161.72998929392287,4.34,15.98,120.9674,0.0,Low,Low,24,0,0
2025-07-30,-0.0012667659927995,228.117472641003,-0.0030150943451907,0.1440908104300627,0.3638270888845105,0.0303390935102903,0.0520126074170742,0.547388314018081,0.630143593714457,0.3374850914202426,0.799501863612495,0.3005876093386326,0.1456845888076836,-0.0012592832087132,154.04572836133448,0.0013397457286201,161.94666635626916,4.38,15.48,121.4042,0.0,Low,Low,25,0,0
2025-07-31,-0.0100544011974428,225.82388805092367,-0.0130391805744388,0.1423551175921591,0.3644481316364704,0.0303390935102903,0.0520126074170742,0.5363283643334872,0.6147331394597946,0.3357143265497149,0.8013718016693132,0.319948327951202,0.1413091152965246,-0.0037512155543371,153.46786962902627,-0.0052991766707825,161.08848236000304,4.37,16.72,121.721,0.0,Low,Low,26,0,0
2025-08-01,-0.0276328358552293,219.5837336202228,-0.0403117068931681,0.1684815036181374,0.3641673281483146,0.0303390935102903,0.0520126074170742,0.5362079929376414,0.6142682799699508,0.3363829401844066,0.8014737381053392,0.3373524509425645,0.1397488112485288,-0.0163904020871598,150.9524695383467,-0.0196986622968646,157.91525474607892,4.23,20.38,121.2122,0.0,Low,Low,27,0,0
2025-08-04,0.0194068374555896,223.84515944648192,-0.0216871921808117,0.1697751072325944,0.3651598283066661,0.0299801238749431,0.0520126074170742,0.5361570213536658,0.6132508797844177,0.338474022314584,0.8031169618635823,0.3368274236417707,0.139420806919108,0.0151997950182467,153.2469161328277,0.018451490061986,160.82902649966218,4.22,17.52,120.9859,0.0,Low,Low,28,0,0
2025-08-05,-0.0073374040652991,222.2027170635617,-0.0288654685540384,0.1691659143208359,0.3615024338613419,0.0291829019529621,0.0511447764913493,0.5309935252333084,0.6078706494734881,0.3334326131846188,0.8037078575573607,0.3358343082196844,0.1374092296189406,-0.0050700676348806,152.4699439031974,-0.0067894744861422,159.73708192761163,4.22,17.85,120.9082,0.0,Low,Low,29,0,0
2025-08-06,0.0125978444032849,225.0019923191156,-0.0166312668322254,0.163812929026707,0.3615511634290269,0.0291829019529621,0.0511447764913493,0.5286387051837135,0.6044552836714786,0.3333782913501648,0.803964665615163,0.3369878748965907,0.1339386839611495,0.0076597665520834,153.63782807970514,0.0125832296364347,161.74709031096074,4.22,16.77,120.5082,0.0,Low,Low,30,0,0
2025-08-07,0.0061979695641625,226.3965478193854,-0.0105363773537024,0.1640786111249329,0.3556090331426461,0.0291829019529621,0.0511447764913493,0.5157363660791688,0.5939894951475455,0.3141331325044629,0.8009253523065691,0.3396185897035599,0.1348342204410699,-0.0008375655634337,153.50914632566483,0.0033843426806583,162.29449789217242,4.23,16.57,120.5043,0.0,Low,Low,31,0,0
2025-08-08,0.0110104042005422,228.88926532048416,0.0,0.1653943374247986,0.3552635423095776,0.0291829019529621,0.0511447764913493,0.5148007286201608,0.5934043342353719,0.3125746549267476,0.797065637488971,0.3398624971246875,0.1321752077711787,0.0077975429471521,154.70614048691988,0.0093281280198238,163.80840174542362,4.27,15.15,120.3329,0.0,Low,Low,32,0,0
2025-08-11,0.0032339268062303,229.62947645126243,0.0,0.1649537485786864,0.3550277896194725,0.0291829019529621,0.0511447764913493,0.5134454600226931,0.5923567636166851,0.310606785464176,0.7941299526107328,0.3410198321930745,0.1339159888027899,-0.0019775571343907,154.4002002550659,-0.0029587901123624,163.3237270660174,4.27,16.25,120.6892,0.0,Low,Low,33,0,0
2025-08-12,0.0241950932520322,235.18538304741608,0.0,0.1756986950720829,0.3566485368046782,0.0291829019529621,0.0511447764913493,0.5164280445744438,0.5924186941010959,0.3212268061919563,0.7847738868789347,0.3454085258209179,0.1395667780369566,0.0106460536648349,156.0439530728426,0.0125687168338626,165.37649674376124,4.29,14.73,120.2736,0.0,Low,Low,34,0,0
2025-08-13,0.0099733754635981,237.5309751760981,0.0,0.1672669331812654,0.3447186110391115,0.0291829019529621,0.0511447764913493,0.5041965193308638,0.5709553599673969,0.3296277468755381,0.7861686838820945,0.3427653777442513,0.1325134120712895,0.0034231618938416,156.57811678676595,0.0004998866443794,165.4591662457777,4.24,14.49,120.13,0.0,Low,Low,35,0,0
2025-08-14,-0.0014699183594792,237.1818240347417,-0.0014699183594792,0.1654217587010238,0.3316025509273291,0.0291829019529621,0.0511447764913493,0.485234087598598,0.5367510037934059,0.3445477716018699,0.7924367607312393,0.3438499644313786,0.1381816589041236,9.2956746909012e-05,156.5926717791396,-0.0007753204980712,165.33088236259357,4.29,14.83,120.6446,0.0,Low,Low,36,0,0
2025-08-15,-0.0011851923658835,236.9007179475694,-0.0026533685893448,0.1649285523965879,0.3299909162409324,0.0291829019529621,0.0511447764913493,0.4915741265954078,0.5390259361008746,0.3621282855823037,0.7724484091006348,0.3470213762543721,0.1404921359965002,-0.0023411604144276,156.22606321478082,-0.0043973153032289,164.60387034348418,4.33,15.09,120.3377,0.0,Low,Low,37,0,0
2025-08-18,-0.0044642737183187,235.84312829858524,-0.0071057969440051,0.1569377159660898,0.3262650978306839,0.0291829019529621,0.0511447764913493,0.4885304233002861,0.5371337283201657,0.3560860837950405,0.7740798401831878,0.3431582999295359,0.1404335957390817,-0.0002176762959262,156.19205650401307,-0.000398447426792,164.5382843549058,4.34,14.99,120.5622,0.0,Low,Low,38,0,0
2025-08-19,-0.018719423710174,231.4282808508311,-0.0256922042303857,0.1686197200133234,0.2375880265904597,0.0291829019529621,0.0511447764913493,0.3256577078531287,0.3506638837817123,0.2387253834857876,0.7544264158628193,0.354549112183159,0.1447282950960036,-0.0054250127013499,155.3447126136288,-0.0135676121092047,162.3058927356644,4.3,15.57,120.7224,0.0,Low,Low,39,0,0
2025-08-20,-0.0028623275716147,230.76585730170035,-0.0284809922974563,0.1675253864246151,0.2172019436715785,0.0291829019529621,0.0511447764913493,0.281417587705452,0.3083635078959017,0.1875581341473808,0.7462021844107851,0.3579523770340678,0.150292273104022,-0.002657200107251,154.931930626611,-0.0059373117797754,161.342232046798,4.29,15.69,120.7757,0.0,Low,Low,40,0,0
2025-08-21,-0.0089041934243686,228.71107347254576,-0.0371315854574905,0.1685623215926162,0.2158132896086484,0.0291829019529621,0.0511447764913493,0.280759519458138,0.3093518770848829,0.1827062657507092,0.7508258081334996,0.353673773910245,0.1503723167414744,-0.0040117860029194,154.31037687591785,-0.0046296999455393,160.59526592387775,4.33,16.6,121.0843,0.0,Low,Low,41,0,0
2025-08-22,0.0358908494344946,236.91970817455052,-0.0025734201659145,0.1951471823542928,0.2222770281259823,0.0291829019529621,0.0511447764913493,0.2906183798205149,0.3159585548793663,0.199891136893138,0.7646208966713708,0.3697138795876592,0.1720725719187069,0.0153568089796118,156.68009185717327,0.0154274911621108,163.07284796959522,4.26,14.22,120.2774,0.0,Low,Low,42,0,0
2025-08-25,-0.0127503527045227,233.89889833267245,-0.015290960855665,0.2003095858332266,0.2237018924469457,0.0291829019529621,0.0511447764913493,0.2913500741969433,0.3177364545125251,0.1975678217031487,0.774560550558502,0.3774301700278248,0.184771813367898,-0.0044012113133631,155.9905096643127,-0.002884871752708,162.60240371685407,4.28,14.79,120.4214,0.0,Low,Low,43,0,0
2025-08-26,0.0081154945444344,235.79710356604048,-0.0072995600206339,0.2005197929287351,0.217840056497542,0.0291829019529621,0.0511447764913493,0.278278797950745,0.295898391984463,0.2037424528390573,0.7796381834459297,0.3750577584791262,0.1856706881988113,0.0041870633099416,156.64365180402723,0.0040152190797182,163.25528799066603,4.26,14.62,120.5274,0.0,Low,Low,44,0,0
2025-08-27,0.0045414198010689,236.86795720121,-0.0027912905859817,0.1989992805552905,0.2175238950068731,0.0291829019529621,0.0511447764913493,0.2785896511394751,0.2960144769121339,0.2048269451669181,0.7751613386847699,0.3728816728775533,0.1816684867998513,0.0022786450217604,157.00058708140085,0.0015369431931429,163.50620209428786,4.24,14.85,120.7274,0.0,Low,Low,45,0,0
2025-08-28,0.0102422547554468,239.2940191622671,0.0,0.1995325985505839,0.214146118844993,0.0291829019529621,0.0511447764913493,0.2731622554460632,0.2835251160509197,0.2154136823683868,0.7766907304412355,0.3734447745997856,0.18325007995996,0.0035413160071788,157.5565757735687,0.0062599491076713,164.52974259818674,4.22,14.43,120.2595,0.0,Low,Low,46,0,0
2025-08-29,-0.0204804782967876,234.3931631962632,-0.0204804782967875,0.2100753126646369,0.2102494974578334,0.0291829019529621,0.0511447764913493,0.2620040321909775,0.2746880400125567,0.1987255958118468,0.7672403041226645,0.3790459643901346,0.1861342261239542,-0.0059637666569043,156.61694512039426,-0.0115755009220441,162.62522841103774,4.23,15.36,120.2082,0.0,Low,Low,47,0,0
2025-09-02,-0.0053452535790968,233.1402723017725,-0.0257162585259669,0.2066647684119758,0.2065580785747186,0.0291829019529621,0.0511447764913493,0.2534138903578006,0.2641093684508793,0.1945680323155546,0.7617600277337364,0.3759153628084198,0.1769050822234403,-0.0074103357620775,155.45636097102127,-0.0083800821852727,161.2624156315545,4.28,17.17,120.6837,0.0,Low,Low,48,0,0
2025-09-03,0.0115197320039218,235.8259857580104,-0.0144927709284076,0.2086276524539521,0.201382035665042,0.0281562970647497,0.0511447764913493,0.2342256683494447,0.234271855955597,0.1988876661193345,0.7626791355857648,0.379620130538179,0.1724250648013746,0.0054195739667977,156.2988682179129,0.0078674930262343,162.53114656192943,4.22,16.35,120.5052,0.0,Low,Low,49,0,0
2025-09-04,0.0018734882977046,236.26780298262267,-0.0126464346674386,0.2085889039127414,0.2006152420708893,0.0281562970647497,0.0511447764913493,0.2312258904447552,0.2304220187670745,0.197529985976711,0.7647999661842446,0.3808692188715318,0.167776925315374,0.0083576054921132,157.60515249734203,0.0090514500757303,164.00228912078595,4.17,15.3,120.7629,0.0,Low,Low,50,0,0
2025-09-05,0.0050138756584116,237.45242036886367,-0.0076959666599716,0.2085460001705497,0.2005303060457618,0.0281562970647497,0.0511447764913493,0.2234656192504702,0.2206358219786353,0.1939204646536843,0.7656858427164802,0.387001314692436,0.1627059936698077,-0.0028963330079604,157.14867549193934,0.0014428528249561,164.23892028694317,4.1,15.18,120.1282,0.0,Low,Low,51,0,0
2025-09-08,0.0092366179785061,239.6456776638825,0.0,0.209701562086844,0.2007466752231849,0.0275122603821503,0.0511447764913493,0.2233994028745467,0.2203130580095421,0.194717956400498,0.7616431702604382,0.3852214333423933,0.1595026068142395,0.0024566562940753,157.53473577469222,0.0048781054466671,165.0400950585496,4.05,15.11,120.0971,0.0,Low,Low,52,0,0
2025-09-09,0.0038287128845475,240.5632121576804,0.0,0.2091481558548771,0.2006063475549201,0.0275122603821503,0.0511447764913493,0.222620778607969,0.2193722505306498,0.194298532307053,0.7611529558278787,0.3849665073908304,0.1584766732778538,0.0023118091436886,157.89892601730472,0.0028329852730795,165.50765121731814,4.08,15.04,120.1569,0.0,Low,Low,53,0,0
2025-09-10,0.0253874501010273,246.6704987024764,0.0,0.2197177288554234,0.2034097879937117,0.0275122603821503,0.0511447764913493,0.2181407941866769,0.2133873191862486,0.1930960443908564,0.7601836661389778,0.4344036853293671,0.2305683535415774,0.0028908492051473,158.35538800207547,0.0003273180489729,165.5618248588047,4.04,15.35,120.1223,1.0,Normal,Low,54,0,0
2025-09-11,0.000827669197206,246.87466027611185,0.0,0.219476203095321,0.2023070836876861,0.0275122603821503,0.0511447764913493,0.215408204383462,0.2085361810262367,0.195035466919957,0.7615200838389224,0.4388737071667761,0.2326488052369886,0.0083101534025293,159.67134556848978,0.0058205488474667,166.52548554767108,4.01,14.71,119.9534,1.0,Normal,Low,55,0,0
2025-09-12,0.0084807635958056,248.9683459077084,0.0,0.216650790156532,0.2012616322659734,0.0275122603821503,0.0511447764913493,0.2114718419348059,0.2048652915551385,0.1902883545823275,0.7604534155103404,0.4225030630995064,0.2470529390116909,-0.0003344266088812,159.6179472218558,0.0044171694020833,167.26105682709934,4.06,14.76,120.0611,1.0,Normal,Normal,1,0,0
2025-09-15,0.0078490045119361,250.9224995780673,0.0,0.1959818227240352,0.2009145681335307,0.0275122603821503,0.0511447764913493,0.2104858820415103,0.2052301596266585,0.1857687019266506,0.765193868284218,0.4118401085910554,0.2479465394556152,0.0053239141849965,160.46773947525028,0.0085569939708924,168.69230868193392,4.05,15.69,119.5644,1.0,Normal,Normal,2,0,0
2025-09-16,0.0050873146875677,252.199021295612,0.0,0.1908638684794069,0.2008426152695097,0.0275122603821503,0.0511447764913493,0.2133757807037394,0.2086146066658819,0.1877974214472497,0.7636922608760922,0.4066591948257681,0.2480799714889307,-0.0013769340611458,160.24678597905174,-0.0008450255863039,168.549759364885,4.04,16.36,119.1348,1.0,Normal,Normal,3,0,0
2025-09-17,0.0005678861737655,252.34224163284296,0.0,0.1881198491684902,0.1956917961193507,0.0275122603821503,0.0511447764913493,0.2113172532344926,0.2057395852274665,0.1890787396831227,0.7401133367509544,0.4068100452036223,0.2472834237749223,-0.0012423553760646,160.04770252299355,-0.0019960674739554,168.21332267247377,4.06,15.72,119.1582,1.0,Normal,Normal,4,0,0
2025-09-18,0.0145726937229989,256.0195478335333,0.0,0.1889605044655479,0.1963590796821044,0.0275122603821503,0.0511447764913493,0.2075915824820428,0.1999265659130695,0.1896476872265422,0.7450255912286202,0.4194322793445806,0.2660618106537309,0.0046724643415589,160.79551970598072,0.0090170738151174,169.73011461969762,4.11,15.7,119.6616,1.0,Normal,Normal,5,0,0
2025-09-19,0.0016007935609008,256.42938227717,0.0,0.1890463489042364,0.1845880561239448,0.0275122603821503,0.0511447764913493,0.1802065870026322,0.1626219408710882,0.1830386515463175,0.7531882334513965,0.4164810533130902,0.2658742102054778,0.0049527430091629,161.59189859210923,0.0067692984199332,170.87906841640782,4.14,15.45,119.7858,1.0,Normal,Normal,6,0,0
2025-09-22,-0.0027914021023723,255.71358476037145,-0.0027914021023722,0.1889761589429297,0.1807306141552367,0.0275122603821503,0.0511447764913493,0.1708214305636195,0.1553570358018738,0.1676917039584649,0.7590211463020388,0.4233064640475138,0.2719496559832616,0.0047311785577908,162.3564187178409,0.0059199939359857,171.89067146521984,4.15,16.1,119.8152,1.0,Normal,Normal,7,0,0
2025-09-23,-0.0115621853602622,252.7569768942349,-0.0143213127541118,0.1941352941822452,0.1822790007894663,0.0275122603821503,0.0511447764913493,0.1757373685640448,0.1586663414357873,0.1766967786556853,0.758832166678451,0.4241602545727668,0.272327740689919,-0.0054436651890563,161.47260473304675,-0.0066422587325198,170.74892915164128,4.12,16.64,119.6202,1.0,Normal,Normal,8,0,0
2025-09-24,0.0029510700538556,253.5028804396505,-0.0114125058974569,0.1837278151086425,0.1813480600669048,0.0275122603821503,0.0511447764913493,0.1744098870240009,0.1575173511727729,0.1748387482665389,0.7592157231789115,0.4180489159329187,0.2683907468061839,-0.0031815654135318,160.95886907859517,-0.0035104804422313,170.14951837532251,4.16,16.18,120.1707,1.0,Normal,Normal,9,0,0
2025-09-25,-0.0147840732879128,249.7550752765337,-0.0260278558617829,0.1889921498454744,0.1836791430339218,0.0275122603821503,0.0511447764913493,0.1754165672349056,0.1571091424491882,0.1785106702152612,0.7697648900296876,0.4210770487159455,0.2770376075101353,-0.0046134455757694,160.2162940961637,-0.0043112573720557,169.41596000987516,4.18,16.74,120.5419,1.0,Normal,Normal,10,0,0
2025-09-26,0.0108429909655456,252.4631673013564,-0.0154670847021991,0.1905365122608724,0.1840680644487745,0.0275122603821503,0.0511447764913493,0.1756289400046662,0.1569054106080171,0.1795348521138233,0.7723637872500282,0.4197737514352718,0.2787567310461964,0.0057291039210456,161.1341898948854,0.0041106854782677,170.11237573647452,4.2,15.29,120.4349,1.0,Normal,Normal,11,0,0
2025-09-29,0.0051732116221988,253.7692126926169,-0.0103738875823433,0.1904597495363114,0.1839367880094502,0.0275122603821503,0.0511447764913493,0.1734024945277652,0.1552835756382257,0.1757025051038332,0.7730644970206267,0.4215651458819089,0.2794711947349456,0.0028103409509967,161.5870319073527,0.0046310682448738,170.90017775780774,4.15,16.12,120.115,1.0,Normal,Normal,12,0,0
2025-09-30,-0.0058964627786434,252.2728719756092,-0.0162091811189877,0.1909505718307493,0.1838928003776483,0.0275122603821503,0.0511447764913493,0.1734781208827423,0.1519697682388316,0.1835489704677316,0.7752077196447759,0.4225119854507102,0.2785350046979118,0.0037668930601342,162.1957129764522,0.0027393258878074,171.3683290389706,4.16,16.28,120.1368,1.0,Normal,Normal,13,0,0
2025-10-01,0.0140807842834687,255.82507186646887,-0.002356634818267,0.1830509158576018,0.1847901443535313,0.0275122603821503,0.0511447764913493,0.1727040412410649,0.1513103981333774,0.182332231710264,0.7770586929721435,0.4176995420982673,0.2776669564010064,0.0034076065490575,162.7484121502198,0.0047969135675109,172.19036810157934,4.12,16.29,120.1502,1.0,Normal,Normal,14,0,0
2025-10-02,0.0121654708285834,258.9373043154807,0.0,0.1837564266304609,0.1818777792375447,0.0275122603821503,0.0511447764913493,0.1644830453059426,0.1438287909044099,0.1719122325275358,0.7759441410356925,0.416690476462364,0.2732444111834576,0.0011516391661055,162.9358395958735,0.004111034736119,172.89824868607008,4.1,16.63,120.4296,1.0,Normal,Normal,15,0,0
2025-10-03,-0.0058002353130607,257.43540701912127,-0.0058002353130607,0.182087984781808,0.1772542605760465,0.0275122603821503,0.0511447764913493,0.151880149635917,0.1293866296901179,0.1628532355805574,0.7745570585692797,0.41700621668781,0.2717348193140191,-1.4749984535544767e-05,162.93343629475916,-0.0042096128435812,172.1704139977685,4.13,16.65,120.0881,1.0,Normal,Normal,16,0,0
2025-10-06,0.0238609566465108,263.5780621052814,0.0,0.1664550053167956,0.1803078092891452,0.0275122603821503,0.0511447764913493,0.1492471882021004,0.1273538960368409,0.1587519711209728,0.7729406702030929,0.4267862787977838,0.2737891265667616,0.0035862350745239,163.51775389881217,0.0075101516975004,173.4634399247132,4.18,16.37,120.2722,1.0,Normal,Normal,17,0,0
2025-10-07,-0.0109247570781235,260.6985358056586,-0.0109247570781236,0.1649729498950559,0.1814368039607856,0.0275122603821503,0.0511447764913493,0.1508714815855353,0.1283595047925109,0.1617040674848617,0.7763018808514898,0.4242734239621094,0.2718077093443934,-0.0037075345781497,162.91150617209092,-0.0052657081753892,172.55003207097047,4.14,17.24,120.4884,1.0,Normal,Normal,18,0,0
2025-10-08,0.0185020992371592,265.522005986117,0.0,0.1700703776541161,0.1814934103112873,0.0275122603821503,0.0511447764913493,0.1523164599948159,0.1305473346021239,0.1616685953645132,0.7739538181935758,0.4262885822594111,0.2753963879647616,0.0059631108638891,163.88296554439825,0.0114637145523004,174.52809638462236,4.13,16.3,120.7766,1.0,Normal,Normal,19,0,0
2025-10-09,-0.0014881264301487,265.12687567122293,-0.0014881264301487,0.1708061898707561,0.1814705173547703,0.0275122603821503,0.0511447764913493,0.1520833042551475,0.1306686167201116,0.1603917341502421,0.7769709195549869,0.4289778966401062,0.274914528850308,-0.0028969277735881,163.4082084298947,-0.0012100110891775,174.3169154526239,4.14,16.43,121.0902,1.0,Normal,Normal,20,0,0
2025-10-10,-0.0507933352134176,251.6601974011684,-0.0522058747389599,0.2316352778188258,0.2025653323008228,0.0281562970647497,0.0512249894080609,0.1929292283947438,0.1650892603075844,0.2172825983827247,0.8020275616256064,0.4640943506182602,0.2782763397009654,-0.0270278741900503,158.99163193082998,-0.0347144137545866,168.26560592517822,4.05,21.66,121.1163,1.0,Normal,Normal,21,1,0
2025-10-13,0.0365034313892449,260.8466581504058,-0.017608136916364,0.2426529860572355,0.2103564793835645,0.0281562970647497,0.0512249894080609,0.2040275872885177,0.1748453182082087,0.2322431570834575,0.8021734581752319,0.474574012988359,0.2810070364162625,0.015344052456697,161.43120787135248,0.0212214455124204,171.83644531293382,4.05,19.03,121.1163,1.0,Normal,Normal,22,0,0
2025-10-14,-0.0169532847408719,256.4244504810771,-0.0342629058983366,0.2486645025567323,0.2101091333075052,0.0281562970647497,0.0512249894080609,0.2093746627179404,0.1806234649506641,0.2371580636313696,0.7989155708711712,0.4775982514342111,0.283321631667036,-0.0012216093756775,161.2340019942899,-0.0066611620454943,170.6918149053826,4.03,20.81,121.1822,1.0,Normal,Normal,23,0,0
2025-10-15,0.0053393346814891,257.7935864427125,-0.0291065123385989,0.2475313300296992,0.2094445794247144,0.0281562970647497,0.0512249894080609,0.2073500519841115,0.1802660359764226,0.23089131499789,0.8021716670465467,0.4731056376058725,0.2912348955377176,0.004439561180749,161.94981021056057,0.007056842359143,171.8963601351659,4.05,20.64,120.8642,1.0,Normal,Normal,24,0,0
2025-10-16,-0.0044987566323703,256.6338358359208,-0.033474325855541,0.2484909646547875,0.2073376215827702,0.0281562970647497,0.0512249894080609,0.2071276809837457,0.1802037467783088,0.2306920902335736,0.7959992394266187,0.4706578013371348,0.2942788373458928,-0.0068102577077867,160.84689026729947,-0.0037029196398723,171.25984172719885,3.99,25.31,120.6698,1.0,Normal,Normal,25,0,0
2025-10-17,-0.0032063062016888,255.81098917651687,-0.0365733031186419,0.2490189025414194,0.2066223131227444,0.0281562970647497,0.0512249894080609,0.2065889067222392,0.1798786620118678,0.2294548525539702,0.7984582841092727,0.4647205424867685,0.2950817314896857,0.005676199715046,161.75988934000077,0.0065667688443402,172.38446552013963,4.02,20.78,120.7028,1.0,Normal,Normal,26,0,0
2025-10-20,0.0208305906367082,261.13968317242427,-0.0165045559874305,0.2539206969974295,0.2079312680375829,0.0281562970647497,0.0512249894080609,0.2120227748269509,0.1848917022203494,0.236286632075712,0.797652457326587,0.4708583610545698,0.2928979752930956,0.0104005133167055,163.44227522319025,0.0126007829606797,174.5566447559517,4.0,18.23,120.6209,1.0,Normal,Normal,27,0,0
2025-10-21,-0.00136760036168,260.78254844726865,-0.0178495847123727,0.2542183158094633,0.2079999584467138,0.0281562970647497,0.0512249894080609,0.2111877298854528,0.183197179237187,0.2375592408087862,0.7952843387247581,0.473659788422788,0.2917862063306422,-1.4888084340025642e-05,163.43984188081205,-0.0002615161882331,174.5109953675844,3.98,17.87,120.8895,1.0,Normal,Normal,28,0,0
2025-10-22,-0.016974547718383,256.35588263452894,-0.0345211438033024,0.2511679972610399,0.2091472076057216,0.0281562970647497,0.0512249894080609,0.210684804000827,0.1815077077455659,0.2396671421412679,0.7971481008283522,0.437935053261936,0.2314257746470092,-0.0051989596934037,162.5901247305774,-0.0096339962082269,172.82975709991916,3.97,18.6,120.8958,1.0,Normal,Normal,29,0,0
2025-10-23,0.0135840335283839,259.83822953943485,-0.0214060466497806,0.2536216208011455,0.2086234811317183,0.0281562970647497,0.0512249894080609,0.208049775207209,0.1767938334714908,0.2416918105664625,0.7973772055685425,0.435347447935762,0.2315670950231865,0.0059299994189083,163.55428407574993,0.0084064592151777,174.28264340414873,4.01,17.3,120.9531,1.0,Normal,Normal,30,0,0
2025-10-24,0.0104523386569128,262.55414671059367,-0.0111774512417569,0.254134620708151,0.2075330751800387,0.0281562970647497,0.0512249894080609,0.2044107353294759,0.1729471745102313,0.23829092421678,0.7974325306934732,0.4322341448853299,0.2284684411582269,0.008172552647061,164.8909400730114,0.0106783596599764,176.14369615290963,4.02,16.37,120.9345,1.0,Normal,Normal,31,0,0
2025-10-27,0.0264750542994804,269.50528200131043,0.0,0.2634865964727791,0.2112370421175656,0.0281562970647497,0.0512249894080609,0.2099694550350186,0.179229419300859,0.242485184034559,0.7981347707374997,0.4405315204835985,0.2273501921273351,0.0117976284498566,166.83626211874036,0.0178091962822475,179.28067381157737,4.01,15.79,120.7988,1.0,Normal,Normal,32,0,0
2025-10-28,0.0040168255794992,270.5878377118634,0.0,0.2634141560041451,0.2097126849527313,0.0281562970647497,0.0512249894080609,0.2063913010011976,0.1771614456316112,0.235222829459875,0.7969633120565605,0.4427588488129543,0.2281046380858606,0.0026560392684344,167.2793857823266,0.0076899172009028,180.6593273489105,3.99,16.42,120.6361,1.0,Normal,Normal,33,0,0
2025-10-29,-0.0018169667592809,270.0961886052753,-0.0018169667592807,0.2636553674695398,0.2090008354774001,0.0281562970647497,0.0512249894080609,0.2035754743541675,0.1738808879221108,0.2333345052824363,0.7965005355521203,0.444166696984518,0.2245846017296036,0.0004803961984587,167.35974616333692,0.0045029355407626,181.47282465480015,4.08,16.92,120.5312,1.0,Normal,Normal,34,0,0
2025-10-30,-0.0250480273737928,263.3308118795332,-0.02681948269995,0.2726183261218166,0.2122737662807614,0.0281562970647497,0.0512249894080609,0.2040942551479568,0.1724482580122905,0.2383551970739553,0.7977900260062958,0.4452386674549947,0.1991981134430844,-0.0109980343728512,165.51911792240085,-0.0152886698676848,178.69834654869666,4.11,16.91,121.2832,1.0,Normal,Normal,35,0,0
2025-10-31,0.0106422059038182,266.1332326003748,-0.0164626952532586,0.2740235024197288,0.2126710512767687,0.0275122603821503,0.0512249894080609,0.2007614641028018,0.1679190700107909,0.2373934974397962,0.8007647572682725,0.4510390173010374,0.1945523611675844,0.0032800182150636,166.0620236441276,0.0048239662250859,179.5603813369263,4.11,17.44,121.3859,1.0,Normal,Normal,36,0,0
2025-11-03,-0.0104666656975275,263.3477050237444,-0.0267570514230899,0.2759359637433615,0.2136927182390768,0.0275122603821503,0.0512249894080609,0.1986218499029652,0.1655697787343196,0.2353079590591735,0.8051527034624378,0.4486526526067269,0.2003332873829227,0.0018767872737739,166.37368673676005,0.0047849180039583,180.41956303838296,4.13,17.17,121.4512,1.0,Normal,Normal,37,0,0
2025-11-04,-0.0330577620109388,254.6420192649425,-0.0589302851959699,0.2911403866996385,0.2217142510942391,0.0281562970647497,0.0512249894080609,0.2107413934240653,0.1761389924944439,0.2514345471976554,0.8114281193569618,0.4589479786738681,0.2074440746972841,-0.0118535502328205,164.4015678836063,-0.0202981905820858,176.75737236309322,4.1,19.0,121.8271,1.0,Normal,Normal,38,1,0
2025-11-05,0.0160197848857403,258.7213296364374,-0.0438545508023242,0.2945745808136878,0.2226916911006229,0.0281562970647497,0.0512249894080609,0.2116542007455745,0.1761864711536711,0.2538543609739837,0.8200223330360545,0.4604041937128797,0.2095506981946761,0.0034654021681033,164.97128543338974,0.0065079977469573,177.90770894419032,4.17,18.01,121.8482,1.0,Normal,Normal,39,0,0
2025-11-06,-0.0279683958441108,251.48530907585084,-0.07059640521003,0.3030114833844786,0.2264169140496366,0.0283072990597463,0.0512249894080609,0.2210860681695656,0.1871783298077557,0.2602094630326195,0.8210059878871069,0.4597045358645081,0.2063059763523341,-0.0107294204969343,163.20123914205513,-0.0186272931772173,174.59376989119983,4.11,19.5,121.6948,1.0,Normal,Normal,40,0,0
2025-11-07,0.0006933013202467,251.6596641726558,-0.0699520484707201,0.3013976572131387,0.2255593302287961,0.0283072990597463,0.0512249894080609,0.2213282194869257,0.1890849729144432,0.2565709584558944,0.8212007649892833,0.4586320301108308,0.2042015952798477,0.0009846170384582,163.36192986281188,-0.0031553720474779,174.04286159002135,4.11,19.08,121.388,1.0,Normal,Normal,41,0,0
2025-11-10,0.0226207211779436,257.3523872676404,-0.0489136930770586,0.3081319262418673,0.2278418148654135,0.0283072990597463,0.0512249894080609,0.2255443312283275,0.1929196198506087,0.2618752415416862,0.8224455747481061,0.4613372641830647,0.2023250298648403,0.0156042257349227,165.91106629288382,0.022124230672412,177.89342600672566,4.13,17.6,121.2984,1.0,Normal,Normal,42,0,0
2025-11-11,-0.0104770020816469,254.65610577052047,-0.0588782262945163,0.3092615998927535,0.2268948578220415,0.0283072990597463,0.0512249894080609,0.2210212891972421,0.188385818252446,0.2569323099736025,0.8245974606196995,0.4638894130678248,0.2063037087488505,0.0022893392766043,166.2908930133714,-0.0026634201979525,177.41962106281636,4.13,17.28,121.2984,1.0,Normal,Normal,43,0,0
2025-11-12,0.0004029864511919,254.75872873085925,-0.0584989669707913,0.3065705385436135,0.2265784255857459,0.0283072990597463,0.0512249894080609,0.2199007504710263,0.1871947768970356,0.2559367135419518,0.8240703794968226,0.4594982418464828,0.2053994622184437,0.000556507406128,166.383435126905,-0.0007883641360318,177.2797497965421,4.08,17.51,121.0458,1.0,Normal,Normal,44,0,0
2025-11-13,-0.0292156912501092,247.3157763689881,-0.0860055704634317,0.3156753499193682,0.232022966615844,0.0289316927665663,0.0512249894080609,0.2295559673347138,0.1975637848059587,0.2645357405751493,0.8245857572346118,0.4642594835047933,0.2047561761846851,-0.0165940341390483,163.62246272423698,-0.0204160902226538,173.66039043004636,4.11,20.0,120.7725,1.0,Normal,Normal,45,1,0
2025-11-14,-0.0077827759634194,245.3909730892892,-0.0931189843403281,0.3159710741988064,0.2320416107561031,0.0289316927665663,0.0512249894080609,0.2302774018675147,0.1975049460587127,0.2673696070768106,0.8209302770361463,0.4669076528479036,0.203343065215471,-0.0001637721800454,163.59566591681224,0.0007561425240969,173.79170243600183,4.14,19.83,120.9666,1.0,Normal,Normal,46,0,0
2025-11-17,-0.0157015504424104,241.53795434721545,-0.1073584223529731,0.3092158976653454,0.2337081810191549,0.0289316927665663,0.0512249894080609,0.2325756851606893,0.1989814774324386,0.2715527527990094,0.8237169410746611,0.4517634830878727,0.1713591738178306,-0.0093164357152714,162.07153741200122,-0.0085406135133436,172.3074146736699,4.13,22.38,121.1146,1.0,Normal,Normal,47,0,0
2025-11-18,-0.0033374215532456,240.7318403724502,-0.1103375435935354,0.3082472988974359,0.2338232440848236,0.0289316927665663,0.0512249894080609,0.2306347768839763,0.1996913297786897,0.2632227141877475,0.8248363660124411,0.4554220409540284,0.1757076934269232,-0.0083974610395917,160.7105479909572,-0.0121758049709506,170.2094331975546,4.12,24.69,121.2127,1.0,Normal,Normal,48,0,0
2025-11-19,-0.0026499095788539,240.09392276271208,-0.1126950686587137,0.3017705616739624,0.2336852836865526,0.0289316927665663,0.0512249894080609,0.2299417073276457,0.1985177248790521,0.263143962970195,0.8317472583901818,0.4524491839287831,0.1665395948923599,0.0038631427043962,161.331395771948,0.0059700215533264,171.2255871823235,4.13,23.66,121.4978,1.0,Normal,Normal,49,0,0
2025-11-20,-0.0317643849719828,232.4674869706438,-0.140879764085377,0.3128549373070018,0.2394341815506992,0.029466900436505,0.0512249894080609,0.2419650005969776,0.2101532281679648,0.27705389870716,0.8290435639596861,0.4592554596468273,0.1704439683663175,-0.0152422762377669,158.87233807176747,-0.0236716144770349,167.17240109393958,4.1,26.42,121.6889,1.0,Normal,Normal,50,1,0
2025-11-21,-0.0020398208669956,231.99329493982304,-0.1426322154698539,0.2799132718241483,0.2390931333130223,0.029466900436505,0.0512249894080609,0.2390182741267855,0.2076494705892413,0.2728198226643268,0.8299031698777158,0.4378621851393141,0.1503063455318092,0.0099612922110465,160.45491185555252,0.0075127131456984,168.42831938923598,4.06,23.43,121.8653,0.0,Low,Normal,51,0,0
2025-11-24,0.0355815332021585,240.2479720664025,-0.1121257551781335,0.2788059092696053,0.2462046436731695,0.029466900436505,0.0512249894080609,0.2483672698009628,0.2156480921290737,0.2855021748842652,0.836514912067542,0.4371150132905229,0.1420195725777567,0.0147184581299477,162.81656075744294,0.0255730945484415,172.73555272561205,4.04,20.52,121.9171,0.0,Low,Normal,52,0,0
2025-11-25,0.0007390102618238,240.425517783142,-0.111469607000001,0.2755818079888893,0.2449575214716462,0.029466900436505,0.0512249894080609,0.2463340451574916,0.2130960637182972,0.2838817352718535,0.846448043813866,0.4362978397924906,0.1423378067562002,0.0094059446130865,164.34800431002068,0.0061638090937767,173.80026169632075,4.01,18.56,121.6335,0.0,Low,Low,1,0,0
2025-11-26,0.0143844332344877,243.8839025915607,-0.0986886008850793,0.2789017175032882,0.2459412959342193,0.029466900436505,0.0512249894080609,0.2475440539286213,0.212590297943463,0.2890994329559332,0.8475948279994793,0.4367630365407151,0.1374438283121211,0.0069034511223522,165.48257272483104,0.0088357797212541,175.33592252416577,4.0,17.19,121.2437,0.0,Low,Low,2,0,0
2025-11-28,0.0101290029782882,246.3542033672672,-0.089559215039079,0.2808405948766193,0.2464188590363143,0.029466900436505,0.0512249894080609,0.2486909868722442,0.2134948374462043,0.2909071207201761,0.8473142090646624,0.4400776263331938,0.1392155874371528,0.005458464350335,166.38585344865126,0.0081070086406942,176.75737236309328,4.02,16.35,121.0527,0.0,Low,Low,3,0,0
2025-12-01,-0.012565641149482,243.25860485208764,-0.1009994872307505,0.282722401375275,0.2474038499608102,0.029466900436505,0.0512249894080609,0.24917313750389,0.2149422640266792,0.2886146092996967,0.8556316322691645,0.4438588740364312,0.1449874962784412,-0.0045655228770855,165.62621502830805,-0.0033588675529373,176.1636677603204,4.09,17.24,120.9862,0.0,Low,Low,4,0,0
2025-12-02,0.0190643680788285,247.8961764333301,-0.0838606105522621,0.2815528883018039,0.2492654353493376,0.029466900436505,0.0512249894080609,0.2498189649030662,0.2159919924159471,0.2879841886906301,0.8612846451387762,0.4452083712762135,0.1606019856892999,0.0018523420813758,165.933011436184,0.0078260804765299,177.54233880125338,4.09,16.59,121.1467,0.0,Low,Low,5,0,0
2025-12-03,0.0098438888142882,250.33643883162705,-0.0748422362641486,0.2834950775215806,0.2494769349179372,0.029466900436505,0.0512249894080609,0.246570577999936,0.2131289372873817,0.2834211065820455,0.8642700742076967,0.4484515210087575,0.1668019061622158,0.0034627481871558,166.50759567072396,0.0024438071257661,177.97621803394108,4.06,16.08,120.7336,0.0,Low,Low,6,0,0
2025-12-04,-0.002172461670936,249.79259251342663,-0.0768521060454338,0.2795599613021194,0.2494916896019535,0.029466900436505,0.0512249894080609,0.2445489000611764,0.2110174764744889,0.2814653842409116,0.8644014628992077,0.446908857611634,0.1707593177283581,0.0007311511620973,166.62933789279663,-0.0009302734525979,177.8106514831103,4.11,15.78,120.6766,0.0,Low,Low,7,0,0
2025-12-05,0.0039016962019766,250.76720732291813,-0.0732502634137285,0.2766501703380445,0.249501736010928,0.029466900436505,0.0512249894080609,0.242472131200242,0.2105921017946156,0.2752974137572722,0.8658939220417134,0.4503697452207215,0.162811306639577,0.0018993336917458,166.94582260828977,0.0040773660018749,178.53565058823878,4.14,15.41,120.6863,0.0,Low,Low,8,0,0
2025-12-08,-0.0015520598020852,250.3780016207511,-0.0746886344264772,0.2744975266208195,0.2488229457491175,0.029466900436505,0.0512249894080609,0.2520095156452307,0.2230919602706648,0.2786742866717243,0.8641523883576329,0.4498898034553902,0.1598693123764263,-0.0030040216172951,166.4443137482573,-0.0019183448057875,178.19315765028492,4.17,16.66,120.776,0.0,Low,Low,9,0,0
2025-12-09,0.0099144403862728,252.8603593918542,-0.0655146900537577,0.2638546551040865,0.2443663138208669,0.029466900436505,0.0512249894080609,0.2434223652175753,0.2146047809255416,0.2693143791558099,0.8636576063652365,0.4393640448863374,0.1646392065044968,-0.0008631856595487,166.30064140351638,0.0012332555234719,178.41291534620206,4.18,16.93,120.6832,0.0,Low,Low,10,0,0
2025-12-10,0.0009970041897953,253.112462229601,-0.0645830042844392,0.263402153564241,0.2425210861336864,0.029466900436505,0.0512249894080609,0.2407046465980067,0.2122923743707791,0.2654636431863584,0.8637492257256962,0.4372674700392303,0.1628337670744102,0.0066321750450548,167.4035763674094,0.0040956832124865,179.14363812847623,4.13,15.77,120.6752,0.0,Low,Low,11,0,0
2025-12-11,-0.0110113010262515,250.32536471449512,-0.0748831624093351,0.264664432429107,0.2429768673371611,0.029466900436505,0.0512249894080609,0.2391025045261949,0.2108745154139558,0.2634495440126215,0.8618765311581642,0.4390119793132383,0.1670649077807051,0.0023269817636015,167.79312143677802,-0.0032343971092777,178.56421646316804,4.14,14.85,119.98,0.0,Low,Low,12,0,0
2025-12-12,-0.0219473935571857,244.83137541776009,-0.0951870657303165,0.2625021247289064,0.2453500781303107,0.029466900436505,0.0512249894080609,0.2398313669252317,0.2113879481708371,0.2647152951436838,0.86209210005226,0.435097050100675,0.1751740980783355,-0.0107520981182888,165.98899333151584,-0.0191183299121282,175.1503668623245,4.19,15.74,120.1442,0.0,Low,Low,13,0,0
2025-12-15,-0.0149267964439553,241.17682731380552,-0.1086930242200181,0.2620138107742437,0.2466398500476213,0.029466900436505,0.0512249894080609,0.2435655226086348,0.2140719924774292,0.27126518463984,0.8603441467327548,0.4296245756195896,0.1798123650988792,-0.0015108500042485,165.73820886023572,-0.0050195202454715,174.27119604985728,4.18,16.5,119.9561,0.0,Low,Low,14,0,0
2025-12-16,0.0050892052118857,242.40422568035703,-0.1041569801134882,0.2621153394384002,0.2461458433896029,0.029466900436505,0.0512249894080609,0.2421764622155444,0.212289475867209,0.2706857272222386,0.860582009306872,0.4238854743572455,0.1728905543297461,-0.0027322728752857,165.28536684776844,0.0019820604147762,174.6166120889834,4.15,16.48,119.8902,0.0,Low,Low,15,0,0
2025-12-17,-0.0238094073656704,236.6327247239735,-0.1254864715096587,0.2540308461444588,0.2495118876340906,0.029466900436505,0.0512249894080609,0.2461969766089226,0.2152128619292753,0.2771698534233093,0.8660478381807789,0.4199436976560369,0.1692648481531938,-0.0110035642853176,163.46663868823669,-0.0185371149273659,171.37972388246263,4.16,17.62,120.155,0.0,Low,Low,16,0,0
2025-12-18,0.008218757086774,238.57755160726128,-0.118299057249899,0.2501133467487287,0.2466235089660237,0.0289316927665663,0.0512249894080609,0.2432182219406158,0.2140902143795149,0.2694852876979813,0.8686925002186664,0.4168903196541894,0.164989250544792,0.0075511768241409,164.70100418181954,0.0144900789113555,173.86302960532583,4.12,16.87,120.0528,0.0,Low,Low,17,0,0
2025-12-19,0.0214674328025141,243.6991991645785,-0.0993712015094978,0.2475299490201943,0.2486445033182923,0.0289316927665663,0.0512249894080609,0.2466684634822564,0.2171779557943922,0.2739528958583234,0.8695697469164987,0.4157641345155988,0.1743763621039835,0.0090635782903487,166.19378462772053,0.0130354544911817,176.12941321544503,4.16,14.91,120.1652,0.0,Low,Low,18,0,0
2025-12-22,0.0047160317117099,244.84849231595692,-0.0951238075353375,0.2480332836164984,0.2487277624916773,0.0289316927665663,0.0512249894080609,0.2485370779920386,0.2178319152721577,0.2788279320909004,0.8688549617049461,0.4134477620274847,0.1719792822264136,0.0062299090404358,167.229156789037,0.004793555616773,176.9736993534429,4.17,14.08,119.9912,0.0,Low,Low,19,0,0
2025-12-23,0.0011724403286235,245.1355625627509,-0.0940628941948805,0.2380251702492303,0.2487144833123392,0.0289316927665663,0.0512249894080609,0.2489223002374898,0.2183089868008936,0.2790033131539742,0.8691730767710913,0.4070300226892187,0.1698985847657599,0.004570434077165,167.9934666259212,0.0046832549625877,177.8025123091874,4.18,14.0,119.7057,0.0,Low,Low,20,0,0
2025-12-24,0.0006935928887211,245.3055868457171,-0.0934345426606654,0.2365661137832408,0.2485726079678226,0.0289316927665663,0.0512249894080609,0.2493054798488335,0.2188388566574269,0.2790814774716425,0.8689973272059285,0.4021334824894798,0.1673862844127699,0.0035176469336466,168.58440832867055,0.0029255603484683,178.3226842890572,4.15,13.47,119.4372,0.0,Low,Low,21,0,0
2025-12-26,-0.0005373825446425,245.1737639052429,-0.0939217151130153,0.2365285577792275,0.2464326109457036,0.0289316927665663,0.0512249894080609,0.2471975183609664,0.2173876279057418,0.2753560232230656,0.8681661113623398,0.3955289394151959,0.1652560365920118,-0.0001013941879033,168.5673148494949,-6.399829128489465e-05,178.3112719419654,4.14,13.6,119.4723,0.0,Low,Low,22,0,0
2025-12-29,-0.0034499832046695,244.3279185375442,-0.0970476699779914,0.2212774539591351,0.2464590350566768,0.0289316927665663,0.0512249894080609,0.248954321105449,0.2152557409560072,0.2862682552238459,0.8686956145599538,0.3853491999922218,0.1608384170944776,-0.0035636809822511,167.9665947153366,-0.0048407204391427,177.44811692334636,4.12,14.2,119.5899,0.0,Low,Low,23,0,0
2025-12-30,0.0033337276696445,245.1424412800395,-0.0940374728110269,0.2203593989050724,0.2459513101794715,0.0289316927665663,0.0512249894080609,0.2478548407596314,0.2144496191737765,0.2844373825612161,0.8682994692407834,0.3815745266258217,0.1593919542516111,-0.0012212056239845,167.76147296522873,-0.0023192392595361,177.036572284047,4.14,14.33,119.4939,0.0,Low,Low,24,0,0
2025-12-31,-0.0070746939704872,243.40813352880505,-0.1004468804396182,0.2163802187660448,0.2390500860031904,0.0289316927665663,0.0512249894080609,0.2403834896740286,0.2092668021112558,0.2711837537783499,0.8674635928062552,0.3756994502735659,0.1598976635190177,-0.0074088956888227,166.51854571142607,-0.0082657268746857,175.5732363307165,4.18,14.95,119.7456,0.0,Low,Low,25,0,0
2026-01-02,0.0048840239994744,244.596944694627,-0.0960534414148832,0.2164757303715221,0.2381200458043548,0.0289316927665663,0.0512249894080609,0.2378257283426571,0.2083821141524449,0.2645682641574179,0.8672141877786738,0.3784344753807958,0.1622982480187286,0.0018330346379591,166.8237799735777,-0.0019371542923305,175.23312388234007,4.19,14.51,119.6059,0.0,Low,Low,26,0,0
2026-01-05,0.0094831130363088,246.91648516950195,-0.0874812140210381,0.2177351527189498,0.2382530806509615,0.0289316927665663,0.0512249894080609,0.2376195033672941,0.2078906635089168,0.2650568105235521,0.8665692910666313,0.3773458049970737,0.1617537855121057,0.0066601784625297,167.93485611999554,0.0079429546444793,176.62499263754793,4.17,14.9,119.6192,0.0,Low,Low,27,0,0
2026-01-06,0.0043623416132787,247.99361922776143,-0.0835004953480633,0.1943822330887708,0.238244931862565,0.0289316927665663,0.0512249894080609,0.2355304300753024,0.2050521094928119,0.2643326155445332,0.8702388684240076,0.3667018368789028,0.1548578096663199,0.0059472576668255,168.93360798058242,0.0087865349570068,178.17691430963885,4.18,14.75,119.7807,0.0,Low,Low,28,0,0
2026-01-07,-0.0019440597572671,247.5115048125617,-0.0852822251526125,0.1943641532637447,0.2377237280359536,0.0289316927665663,0.0512249894080609,0.2334963757926801,0.2036332743453203,0.260467216795241,0.8741423114118597,0.3647975804736941,0.1575861959799888,-0.0032235029947706,168.3890499893396,0.0009626262495279,178.3484320844132,4.15,15.38,119.8719,0.0,Low,Low,29,0,0
2026-01-08,-0.0072332718622193,245.7211868092254,-0.0918986274952881,0.1684073346302854,0.2354379577396491,0.0289316927665663,0.0512249894080609,0.2303014569816566,0.2011185650541058,0.2555999954436534,0.8722245975159811,0.3458899354812021,0.1490083836888849,-0.0001015118214441,168.37195651016395,-0.0056891370634697,177.33378340923005,4.19,15.45,120.0904,0.0,Low,Low,30,0,0
2026-01-09,0.0085577514223433,247.824007645142,-0.0841273216831037,0.1698984618090902,0.2355875913708173,0.0289316927665663,0.0512249894080609,0.2289220733774596,0.1980429228839321,0.2578510383809261,0.8757578655989234,0.3482989664260929,0.1599186303217183,0.0066134796584182,169.485481019592,0.0099603455636136,179.100089172089,4.18,14.49,120.2215,0.0,Low,Low,31,0,0
2026-01-12,0.0002929504704321,247.896607804766,-0.083859016351135,0.1651419345460081,0.2348875475556533,0.0289316927665663,0.0512249894080609,0.2286499575695489,0.1985972678209893,0.2555941634025759,0.876331011273732,0.3474607355535867,0.1586399582439197,0.001570344410499,169.75163159737184,0.0008297347213976,179.24869473468053,4.19,15.12,119.9958,0.0,Low,Low,32,0,0
2026-01-13,0.0071409325444081,249.66682075908744,-0.0773169153857307,0.163865291838385,0.2351296248929541,0.0289316927665663,0.0512249894080609,0.2249538415142419,0.1972916084729837,0.2459925552417639,0.8775512920454519,0.357519934422678,0.157869359767428,-0.001999516689819,169.4122103768689,-0.0014828122674713,178.9829025711997,4.18,15.98,120.1401,0.0,Low,Low,33,0,0
2026-01-14,-0.0091139591161388,247.3913675620328,-0.0857262112960579,0.1617662328503839,0.2355874421350307,0.0289316927665663,0.0512249894080609,0.2298742647251882,0.205446581335751,0.2437196767880367,0.8771620024127641,0.3520683472834005,0.1498581813841923,-0.0049153115527997,168.57949658201815,-0.0106828121994337,177.07086183612202,4.15,16.75,119.9537,0.0,Low,Low,34,0,0
2026-01-15,-0.005145190631213,246.1184918154096,-0.0904303242280611,0.1527345424130049,0.2353175492905946,0.0289316927665663,0.0512249894080609,0.2295886661116216,0.2051331747407262,0.2432944871183559,0.879943548991945,0.3430334165199745,0.1389561925697483,0.0027232884465351,169.03858717738265,0.0035994548970399,177.70822041688112,4.17,15.84,119.9951,0.0,Low,Low,35,0,0
2026-01-16,-0.0027843004748059,245.43322398178944,-0.092962839508182,0.1498805562531144,0.2353053224629765,0.0289316927665663,0.0512249894080609,0.229991658656218,0.2058742180915211,0.24294689651048,0.879773510606681,0.336577757422546,0.1387200538285476,-0.0008377644449499,168.89697265922086,-0.0008363319707028,177.55959735068978,4.24,15.86,120.0838,0.0,Low,Low,36,0,0
2026-01-20,-0.0390873016481817,235.83990152152748,-0.128416474606436,0.1868409203742243,0.2405410077860381,0.029466900436505,0.0512249894080609,0.2596963603997053,0.2352428313408168,0.2747418439414907,0.8898876243340225,0.3573835840156201,0.1502101277106061,-0.0203568340031226,165.45876502316716,-0.0212471668472629,173.78695896044684,4.3,20.09,119.4455,0.0,Low,Low,37,1,0
2026-01-21,0.0163288938559261,239.69090624046453,-0.1141844797337108,0.1935154635904495,0.2421553140481072,0.029466900436505,0.0512249894080609,0.2610061265029692,0.2360990535934204,0.2772108648052553,0.8896826038028847,0.3610136344088757,0.1585823609832963,0.0115411713729274,167.36835298545247,0.0135184664245591,176.13629213017987,4.26,16.9,119.3431,0.0,Low,Low,38,0,0
2026-01-22,0.0108335759779152,242.287615884436,-0.1045879299924893,0.1967511542905393,0.2424263212388317,0.029466900436505,0.0512249894080609,0.2636897115666568,0.2399811357848829,0.2770785105929806,0.8926578785338867,0.3633453379764899,0.1547989346518993,0.0052230348418909,168.2425237245254,0.0072693044254512,177.41668045804437,4.26,15.64,119.1962,0.0,Low,Low,39,0,0
2026-01-23,-0.00422754643866,241.26333373677232,-0.1083733261001826,0.1941744323564837,0.2421350162605965,0.029466900436505,0.0512249894080609,0.2597094270553572,0.2328359732474934,0.2801415677878002,0.8937981993439438,0.3742131130471156,0.1729140351872243,0.0003628324572917,168.30356757282934,0.0031574551369371,177.97686566713494,4.24,16.09,118.8976,0.0,Low,Low,40,0,0
2026-01-26,-0.0029160805202233,240.5597904290184,-0.1109733812752534,0.1940699687391067,0.2419992303335654,0.0289316927665663,0.0512249894080609,0.2582386734867737,0.2315773525088451,0.278033017420525,0.8944697487080063,0.3753532781193995,0.1778762854066975,0.0050781689961092,169.15824153161225,0.0044000721871475,178.7599767237126,4.22,16.15,118.0525,0.0,Low,Low,41,0,0
2026-01-27,0.0062252830441183,242.0573432134728,-0.1054389389399363,0.1932508013334568,0.2422489450367164,0.0289316927665663,0.0512249894080609,0.2585982972894672,0.2315640665736139,0.2791698483527012,0.8962231063958241,0.3715928640986992,0.1750455381165051,0.0039842915730679,169.83221728786165,0.0090653305596775,180.3804950035533,4.24,16.35,117.4523,0.0,Low,Low,42,0,0
2026-01-28,0.0043442262746917,243.10889508384287,-0.1015527632741631,0.1833088962728059,0.2410670658824429,0.0289316927665663,0.0512249894080609,0.2600971457936456,0.2331938615189971,0.2804698938548983,0.8961208744875521,0.360603975881625,0.1773631681454822,-0.0001006492139632,169.81512380868597,0.0033113909811974,180.977805347892,4.26,16.35,117.5117,0.0,Low,Low,43,0,0
2026-01-29,-0.0185186787176748,238.60683956237625,-0.1181908189958717,0.1860959373665103,0.2429237404829207,0.0289316927665663,0.0512249894080609,0.2520316452619792,0.2197635539254391,0.284316444288021,0.897142856650254,0.3779428294340904,0.1732677624463586,-0.0019844397281384,169.47813593056128,-0.0059851276594469,179.89463007935834,4.24,16.88,117.4396,0.0,Low,Low,44,0,0
2026-01-30,-0.0110616765041205,235.96744789146663,-0.127945106894503,0.1879174641324969,0.243520370815327,0.0289316927665663,0.0512249894080609,0.2570715564240515,0.2227284122672617,0.2947633883664391,0.8937041227758797,0.3820959154801199,0.1775285963111068,-0.002982534024791,168.9726616236902,-0.0120109998667974,177.73391570143758,4.26,17.44,117.8996,0.0,Low,Low,45,0,0
2026-02-02,-0.0143981731583489,232.5699477169916,-0.1405011042490215,0.1797168944494441,0.2439219633813277,0.0289316927665663,0.0512249894080609,0.2486930317001822,0.2177740122837223,0.2774772098413219,0.8990960391591822,0.3881613128195342,0.1900356169215345,0.0049712112792794,169.81266042504376,0.0068664637608226,178.95431919267062,4.29,16.34,118.3609,0.0,Low,Low,46,0,0
2026-02-03,-0.0305080360470705,225.47469536857628,-0.1667227275430097,0.1975304013997615,0.2488382664480618,0.029466900436505,0.0512249894080609,0.260732713391346,0.229937532674551,0.2898673491836406,0.9015445015947522,0.3990988963351345,0.1892710526744766,-0.0084553307503546,168.37683821555237,-0.015363965344589,176.20487123432991,4.28,18.0,117.9764,0.0,Low,Low,47,1,0
2026-02-04,-0.0256423261912226,219.6929996820687,-0.1880898951710842,0.1964848231516116,0.2511716285855478,0.029466900436505,0.0512249894080609,0.2594580307677625,0.2272573844420563,0.2918597044187137,0.9004555474032103,0.4114120673669708,0.1953939033749217,-0.0048438388738899,167.56124794114118,-0.0174690434745811,173.12674067830443,4.29,18.64,118.2602,0.0,Low,Low,48,0,0
2026-02-05,-0.0468649750041846,209.3970927433742,-0.2261400419395361,0.2317357851823081,0.261617414412555,0.0299801238749431,0.0512249894080609,0.2684710791381521,0.2330390496932353,0.3085135569128805,0.9079549430893176,0.4418691827331267,0.2138770851504136,-0.0124893706244308,165.4685134133121,-0.0143953212855181,170.63452562312565,4.21,21.77,118.5034,1.0,Normal,Low,49,1,0
2026-02-06,0.0389492258252738,217.5529473957917,-0.1959987956759022,0.2642042540527053,0.2701826094383231,0.0299801238749431,0.0512249894080609,0.2672257101904117,0.2294166510372356,0.3124945503422163,0.9115101782745038,0.4765437310111483,0.2347855846118143,0.0191849516007596,168.64301883459615,0.0211379366692794,174.24138741933982,4.22,17.76,118.2407,1.0,Normal,Low,50,0,0
2026-02-09,0.0141590599884549,220.63329262863388,-0.1846148943930874,0.2690482631936693,0.2713539672890373,0.0299801238749431,0.0512249894080609,0.2670135308791132,0.2298110135777132,0.310911648779573,0.9106298679212173,0.485097065429358,0.2350707451399404,0.0048217645631121,169.45617576662903,0.0076601748959752,175.57610692108935,4.22,17.36,117.6392,1.0,Normal,Normal,1,0,0
2026-02-10,-0.0104256127183663,218.33305536690972,-0.1931157837204692,0.2696638138708301,0.270507188507718,0.0299801238749431,0.0512249894080609,0.2677084040030908,0.2302474457501451,0.3123599015940193,0.9090694789922668,0.4880010759001875,0.2382252949962472,-0.0026371350560441,169.0092969450517,-0.0046392845596343,174.7615593992096,4.16,17.79,117.5216,1.0,Normal,Normal,2,0,0
2026-02-11,-0.0129070679319055,215.51501578950857,-0.2035302931131715,0.2709723289981308,0.2701439056111132,0.0299801238749431,0.0512249894080609,0.2684017279975882,0.2308550959332515,0.3132424144597729,0.909923553316602,0.4904815770445456,0.237001877712678,-0.0002311628084725,168.9702282813119,0.0026820051158211,175.23027079556718,4.18,17.65,117.4601,1.0,Normal,Normal,3,0,0
2026-02-12,-0.0182590085731053,211.579925268575,-0.2180730403194367,0.2730904338939695,0.2714553129477401,0.0299801238749431,0.0512249894080609,0.2702181841897161,0.234021046761424,0.3120189436613887,0.9101066021048512,0.4973222531046379,0.2320811421717018,-0.0154489084521409,166.35982269345655,-0.0203389258262254,171.66627531534672,4.09,20.82,117.5376,1.0,Normal,Normal,4,0,0
2026-02-13,0.0094262853758733,213.57433802396253,-0.2107023736543989,0.276042341822673,0.2686165564363566,0.0299801238749431,0.0512249894080609,0.2687981270972379,0.2337751422454817,0.3075544891010452,0.9132571668515956,0.5038788020451885,0.2368234407697119,0.0007046233276368,166.4770437053079,0.0021310256534703,172.03210055187944,4.04,20.6,117.5258,1.0,Normal,Normal,5,0,0
2026-02-17,-0.0054305390343484,212.41451424458825,-0.2149886852239872,0.2747077607027761,0.2682679227847779,0.0299801238749431,0.0512249894080609,0.2679943077146463,0.2329990719639481,0.3068074289915896,0.9106307398349274,0.4992485882097116,0.2304753422836058,0.0016134293041962,166.745642646098,-0.0010300777828786,171.854894107159,4.05,20.29,117.7375,1.0,Normal,Normal,6,0,0
2026-02-18,0.000621721780255,212.54657697453644,-0.2145006265918443,0.2719622898679018,0.2660331448375138,0.0299801238749431,0.0512249894080609,0.2659342199583852,0.2319606552771136,0.3022519426760103,0.9102431430385116,0.4963811469716018,0.2281111652417438,0.0050376957901585,167.58565646808353,0.0074672090574092,173.13817052899608,4.09,19.62,117.8426,1.0,Normal,Normal,7,0,0
2026-02-19,-0.0028433181617595,211.94223943200487,-0.2167340512263064,0.270642047011763,0.2660306688782913,0.0299801238749431,0.0512249894080609,0.2669457427170305,0.2330978256649764,0.3030395019666164,0.9102164507951408,0.4911739276618725,0.2301993886710366,-0.0026374400142833,167.14365935189466,-0.0038297237800856,172.47509916008067,4.08,20.23,118.2354,1.0,Normal,Normal,8,0,0
2026-02-20,0.0057555409165028,213.16208166299103,-0.212225932009636,0.272332284379037,0.2533996045698111,0.029466900436505,0.0512249894080609,0.2464041880312034,0.2144167989878813,0.277057901584855,0.9061571012427028,0.4939085904735928,0.226946322346729,0.0072318347029751,168.35241466797794,0.0088489665752728,174.00132554761512,4.08,19.09,117.9917,1.0,Normal,Normal,9,0,0
2026-02-23,-0.0285140924853266,207.08395835208776,-0.2346885946418553,0.2808200943469375,0.2489488768936924,0.029466900436505,0.0512249894080609,0.2427780236324034,0.2111362987692325,0.2718386200453967,0.9143294476484888,0.4977567410695445,0.2282831282699115,-0.0102112958171776,166.63331836026708,-0.0121550509370993,171.88633057246105,4.03,21.01,117.9395,1.0,Normal,Normal,10,0,0
2026-02-24,0.0214527886415213,211.5264867416647,-0.2182705308177613,0.2888160238478773,0.2508961909354273,0.029466900436505,0.0512249894080609,0.2468418273675494,0.2175787078433708,0.2706990680609697,0.9131924003124976,0.5018951860491159,0.2246689842041997,0.0072685863210315,167.8445070187286,0.0107414866065937,173.7326452901617,4.04,19.55,117.9463,1.0,Normal,Normal,11,0,0
2026-02-25,0.0299239934333,217.85620394189127,-0.1948780633153349,0.3058906536720109,0.2562513059518506,0.029466900436505,0.0512249894080609,0.2546183221569568,0.2222474010816736,0.2859789692556408,0.9171908533116032,0.5145151599830217,0.2374838464986146,0.0084381396394428,169.26080240666607,0.0144932194103735,176.2505906370966,4.05,17.93,117.769,1.0,Normal,Normal,12,0,0
2026-02-26,-0.0089143620518775,215.9141548647057,-0.2020552117548507,0.3042914728734078,0.2564923597614796,0.029466900436505,0.0512249894080609,0.2533910661408912,0.2204495997064015,0.2859944455177365,0.9172917006953476,0.5091872653887509,0.2277261421548084,-0.0055543950004588,168.32066105200485,-0.0120644833436301,174.12421832205035,4.02,18.63,117.9042,1.0,Normal,Normal,13,0,0
2026-02-27,-0.009162616956166,213.9358161682661,-0.20936647420171,0.3042977063308336,0.2567790915625008,0.029466900436505,0.0512249894080609,0.2487332221852624,0.2147895786053923,0.2833480015651755,0.9175390567820229,0.5196836287502251,0.222929340993678,-0.0048019072700929,167.51240084599235,-0.003200773147402,173.56688619973278,3.97,19.86,117.8223,1.0,Normal,Normal,14,0,0
2026-03-02,0.0100911129461829,216.09466665245387,-0.2013881019938406,0.3072731423655556,0.2547132067377737,0.029466900436505,0.0512249894080609,0.2427165818004771,0.2096643704931416,0.2748027882816874,0.91825088033906,0.5234349800699204,0.2285321732317178,0.0005685897092166,167.6076466732796,0.0013172559930003,173.7955182207658,4.05,21.44,118.667,1.0,Normal,Normal,15,0,0
2026-03-03,-0.0071491206185735,214.54977981552503,-0.2070974747801145,0.3073655615765061,0.2548579353193392,0.029466900436505,0.0512249894080609,0.2429212784986352,0.2095909087639375,0.2757323750533006,0.9173177708930704,0.5249838433591368,0.228445064110456,-0.008814360718,166.1302924164062,-0.0107055703772637,171.93493806920034,4.06,23.57,119.4341,1.0,Normal,Normal,16,0,0
2026-03-04,0.0249840544885711,219.9101032049471,-0.1872875548858952,0.3003499634065162,0.2575518760081602,0.029466900436505,0.0512249894080609,0.2446814382633492,0.2098281962339055,0.2811820121814756,0.91703630052198,0.5178132704708448,0.227490539327472,0.0070554260615145,167.30241241112796,0.0152432602692116,174.5557870795599,4.09,21.15,119.0705,1.0,Normal,Normal,17,0,0
2026-03-05,0.0027405888674272,220.51278638562533,-0.185060244206396,0.2956282170827333,0.2563816420306392,0.028899971805957,0.0512249894080609,0.2420092289432195,0.2080530127491787,0.2761063321809331,0.9190202471689404,0.5119744861081367,0.2178214547260159,-0.0055756895160732,166.36958610423346,-0.0030127655222101,174.02989142254438,4.13,23.75,119.5683,1.0,Normal,Normal,18,0,0
2026-03-06,-0.0201504635303328,216.0693515255897,-0.2014816580349333,0.29702217431586,0.257389144186733,0.028899971805957,0.0512249894080609,0.2443732644992612,0.2102905279408282,0.2788920899093014,0.9194866628938178,0.5102365830748599,0.2217987867174535,-0.0131069943484471,164.1889808794118,-0.0150433692866597,171.41189549895776,4.15,29.49,119.491,1.0,Normal,Normal,19,0,0
2026-03-09,0.0121732712266441,218.6996223454758,-0.1917610776787425,0.3005235071184208,0.2539942623739805,0.0282685289967794,0.050713122296706,0.239584864754966,0.2053725483521558,0.274099251032655,0.9193001446879882,0.5037892775070445,0.2128432588060624,0.0087598483454742,165.62725145191342,0.013355626919812,173.70120882485966,4.12,25.5,119.5151,1.0,Normal,Normal,20,0,0
2026-03-10,0.0002454025145799,218.75329178273705,-0.1915627338148235,0.3006794139258809,0.2538115962385556,0.0282685289967794,0.050713122296706,0.2405814320654729,0.2061134899953381,0.2757415160960477,0.9195581440615664,0.5014074517780233,0.2142454969317139,-0.0016071064194473,165.3610708328696,1.6526024154916996e-05,173.70407941523246,4.15,24.93,118.7255,1.0,Normal,Normal,21,0,0
2026-03-11,0.0071412682537085,220.31546772073932,-0.1857894664307003,0.3009349350091882,0.2542953668496709,0.0282685289967794,0.050713122296706,0.2414240158142596,0.2070857495415251,0.2762317408700302,0.9211474595234108,0.5026613529994651,0.2150673928746999,-0.0012550721328115,165.15353076101542,-0.0001316014077521,173.68121971384912,4.21,24.23,119.2885,1.0,Normal,Normal,22,0,0
2026-03-12,-0.0144858066582563,217.12402045151347,-0.1975839627991007,0.3019114642977406,0.2522060983389145,0.0282685289967794,0.050713122296706,0.2425920450997013,0.2106915740286441,0.2717488156203632,0.9217569747767772,0.5018868574344977,0.2127830382601379,-0.0151849294486495,162.64568604821403,-0.017163344284764,170.70026914410258,4.27,27.29,119.8227,1.0,Normal,Normal,23,0,0
2026-03-13,-0.0149155852404166,213.8854886167269,-0.2095524676002481,0.3005403338083769,0.2521999453682136,0.0282685289967794,0.050713122296706,0.2477509825397252,0.2200837053019597,0.2673785765709702,0.9216917753928442,0.4882832781965294,0.2192286092525997,-0.0056601532745383,161.72508653573868,-0.0059272202081663,169.6884910592922,4.28,27.19,120.5518,1.0,Normal,Normal,24,0,0
2026-03-16,0.0243293034897148,219.0891735813292,-0.1903214296917985,0.3101186177538048,0.2557063691011677,0.0282685289967794,0.050713122296706,0.2548745926613702,0.2247425981140561,0.2803773837515052,0.9269525354653396,0.494860766181278,0.2323298099532333,0.0101767803676893,163.37092722135847,0.0112175048695182,171.591972534051,4.23,23.51,120.097,1.0,Normal,Normal,25,0,0
2026-03-17,-0.0036240648557683,218.2951802070738,-0.1932557573429212,0.3080270480490275,0.250240601010668,0.0282685289967794,0.050713122296706,0.2469318067858619,0.2175898108515035,0.2701071432448775,0.9262716176031708,0.4830453107542689,0.2157602684808674,0.0026306413820336,163.8006975431282,0.0048802237709393,172.42937975731405,4.2,22.37,119.8328,1.0,Normal,Normal,26,0,0
2026-03-18,-0.0152179205993929,214.9731814874524,-0.2055327271716941,0.2987466042883566,0.2494756431289921,0.0282685289967794,0.050713122296706,0.2477292549013628,0.2184635105007547,0.2707612526680841,0.9265503424218308,0.4751332176592434,0.2166881236176415,-0.013953630828001,161.5150830802423,-0.0139397899580766,170.02575042089566,4.26,25.09,119.9276,1.0,Normal,Normal,27,0,0
2026-03-19,-0.0040965639390841,214.09253010430064,-0.2087873131523451,0.2899617836593649,0.2455895219746366,0.0282685289967794,0.050713122296706,0.2405398588483197,0.2102061059838383,0.2656215969579107,0.9259951374613032,0.4583544917101799,0.2077179261571326,-0.0024643625774001,161.11705135381368,-0.0031601566396696,169.48844241678825,4.25,24.06,120.1802,1.0,Normal,Normal,28,0,0
2026-03-20,-0.0142521869395037,211.0412433429028,-0.220063824274205,0.2585452921870227,0.2464543935697916,0.0282685289967794,0.050713122296706,0.2430505276667716,0.2138519708777099,0.2656780964880069,0.9255864829654008,0.4272779773344974,0.1759207844415255,-0.0143358669926293,158.8072987353608,-0.0184816538404897,166.3560156940774,4.39,26.78,120.2757,1.0,Normal,Normal,29,0,0
2026-03-23,0.0123833150967706,213.65463355763225,-0.2104056288548221,0.2344577129585274,0.244162795726381,0.0282685289967794,0.050713122296706,0.2388060012248372,0.2098187878354545,0.2607128657053894,0.9247555026449537,0.3971794167755534,0.1513861098981531,0.0105000552843568,160.47478415164144,0.0114789370443482,168.2656059251783,4.34,26.15,119.9371,0.0,Low,Normal,30,0,0
2026-03-24,-0.0150793231813396,210.432866289026,-0.2223121775594869,0.233888613471304,0.2447387659223703,0.0282685289967794,0.050713122296706,0.2420120593658444,0.2137406082349869,0.2624021503944002,0.9256614835175184,0.3951168155808464,0.1488141317932833,-0.0033568197458091,159.93609922749675,-0.0068368493321682,167.11519932968187,4.39,26.95,120.1295,0.0,Low,Normal,31,0,0
2026-03-25,0.0129590328342376,213.1598727126683,-0.2122340955336933,0.2359205607613147,0.245986389541414,0.0278173938491141,0.050713122296706,0.2456549758075551,0.2181052219367764,0.264586157564926,0.925928634924249,0.3969486956058916,0.1478566016905732,0.005572814791767,160.8273934870093,0.0065756646049699,168.21409283086655,4.33,25.33,120.1282,0.0,Low,Low,1,0,0
2026-03-26,-0.0283279342991676,207.12149384324485,-0.2345498763185394,0.2468392518234194,0.2457111800942988,0.028166141994392,0.050713122296706,0.2424625297841765,0.2134095112938075,0.2646000721918234,0.927255040832382,0.4075577455378137,0.1488335187698165,-0.0178587122431576,157.9552233459077,-0.0238679361020209,164.19916961172,4.42,27.44,120.389,0.0,Low,Low,2,1,0
2026-03-27,-0.0259555639870539,201.74553865670228,-0.2544175659826519,0.2524047609548502,0.2488156869879962,0.0278173938491141,0.050713122296706,0.2512560612736464,0.2223324609504749,0.2736191629657552,0.9281355472030174,0.4081997804651502,0.1492984082175249,-0.0170519187925618,155.26178370455236,-0.0195367598775381,160.9912498629247,4.44,31.05,120.8851,2.0,Elevated,Low,3,0,0
2026-03-30,-0.0025643790091612,201.2281866321791,-0.2563295219260454,0.250293142437007,0.2477438480839515,0.0278173938491141,0.050713122296706,0.250125394734437,0.2215268488596414,0.2716466750553792,0.9282552955381522,0.4058996064362263,0.1451757928532284,-0.0033434695152201,154.74267066385747,-0.0076431828797226,159.7607642981872,4.35,30.61,121.2851,2.0,Elevated,Low,4,0,0
2026-03-31,0.037593984108431,208.7931558825977,-0.2283719857914237,0.2748239621520148,0.2563908076125417,0.0278173938491141,0.050713122296706,0.2713594095277862,0.2461094565330739,0.2862544173701256,0.9316826467076216,0.4229270669743399,0.1426196806470884,0.0290679253986212,159.2407190706979,0.0338537897643216,165.1692716253254,4.3,25.25,121.035,0.0,Low,Low,5,0,0
2026-04-01,0.010083797071282,210.8985836963904,-0.220591045481628,0.2765013354922292,0.2571066072149916,0.0278173938491141,0.050713122296706,0.2737093618462288,0.249044576793106,0.2875145408714069,0.929899153327854,0.4263874011505542,0.1454451472931389,0.0075344296722736,160.44050706949838,0.0123532489365802,167.20964875438668,4.33,24.54,120.1198,0.0,Low,Low,6,0,0
2026-04-02,8.851521899778792e-05,210.91725143071253,-0.2205220559273299,0.2763803237108468,0.2518953144294637,0.027035269919746,0.0488684387108934,0.2633310761060872,0.238429219132267,0.2768232307065531,0.9325137511828064,0.4298679908540116,0.1480486130954441,0.0009005422726844,160.58499052836538,0.001146566184494,167.4013656833696,4.31,23.87,120.503,0.0,Low,Low,7,0,0
2026-04-06,0.0049032857830266,211.9514389910479,-0.2167000528059756,0.2762366859774885,0.2520785582315999,0.0261477051489597,0.0430539150597431,0.2659847478313218,0.2407638670764996,0.2804258306342093,0.9320993322067886,0.4265974565824095,0.1489247452746788,0.0047267032402418,161.34402812343004,0.0060173623001258,168.40868035022228,4.34,24.17,120.4302,0.0,Low,Low,8,0,0
2026-04-07,0.0120707616317166,214.50985428860807,-0.2072450258572603,0.26469135043928,0.2454323618449934,0.0261477051489597,0.0430539150597431,0.2539942655381146,0.2303140946339469,0.2639874818709034,0.9329020021921536,0.4221577131735347,0.1482114662886992,0.0004400691374961,161.41503065072646,0.0001529927014582,168.4344456491781,4.33,25.78,120.32,0.0,Low,Low,9,0,0
2026-04-08,0.0175518490029802,218.2748988607331,-0.1933307102547453,0.262342662016691,0.2474012874021418,0.0261477051489597,0.0430539150597431,0.2566851310398068,0.2376599132954234,0.2559747883641035,0.9332228922287772,0.4267597015250449,0.1530672846170502,0.0254696046172882,165.52620766068793,0.0297320563999465,173.4423480869132,4.29,21.04,119.0596,0.0,Low,Low,10,0,0
2026-04-09,0.0070172157495349,219.8065809187468,-0.1876701378100786,0.2485715110958626,0.2464132634409176,0.0261477051489597,0.0430539150597431,0.2539950417997465,0.2347018995019664,0.2537175117339102,0.9334179732095956,0.4166327551580995,0.1405000026526515,0.0057690965717274,166.48114433783425,0.0067645895585537,174.61561438379297,4.29,19.49,118.8998,0.0,Low,Low,11,0,0
2026-04-10,0.00894446861722,221.77263398363297,-0.1804042788508902,0.2481353835852442,0.2462692418335524,0.0258146069789298,0.0361328272259326,0.25298233266941,0.2320870037667406,0.2561732404589428,0.9364552274198448,0.4134774713617682,0.1397828554067956,-0.0006617946789001,166.37096800237427,0.0014421636444248,174.86743867460618,4.31,19.23,118.8552,0.0,Low,Low,12,0,0
2026-04-13,0.0283535782674811,228.06068171887333,-0.1571658074235964,0.2583811960544718,0.2503355691946947,0.0258146069789298,0.0361328272259326,0.26051158651877,0.2391788623526427,0.2654040783676167,0.93376955460052,0.4104241326233657,0.1500313828265196,0.0097723372254452,167.99680120621724,0.0103426599815621,176.6760331346643,4.3,19.12,118.9916,0.0,Low,Low,13,0,0
2026-04-14,0.0128659957293712,230.99490947590584,-0.1463219063013403,0.2592356539599406,0.2491695654048938,0.0258146069789298,0.0361328272259326,0.2605388877265654,0.2425232141149099,0.2578479342343757,0.9314517665173524,0.413859348201064,0.1479527975636219,0.0121849150106625,170.04382795097817,0.0181568755234082,179.88391787625994,4.26,18.36,118.3581,0.0,Low,Low,14,0,0
2026-04-15,0.0238066642920138,236.49412773896285,-0.12599867851121,0.2648397500802086,0.251916791606352,0.0258146069789298,0.0361328272259326,0.2688192483608295,0.2530622909531848,0.2613861494835008,0.9318092407883246,0.4182476671665502,0.1411118837435144,0.0078910426260463,171.38565104563543,0.0139994611250575,182.40219579159168,4.29,18.17,118.3623,0.0,Low,Low,15,0,0
2026-04-16,0.016183390331872,240.3214045193581,-0.1118543739749849,0.2597830014234883,0.2534410627672511,0.0253748917233791,0.0361328272259326,0.2712511488938171,0.2555831131111142,0.2640347761183666,0.9278779929201718,0.4150282651175966,0.1406779516752473,0.0024573146961406,171.8067995246575,0.0048164068171479,183.28071897086505,4.32,17.94,118.3616,0.0,Low,Low,16,0,0
2026-04-17,0.0044599175358166,241.39321816560607,-0.1078933177231171,0.2598105707899482,0.2534690053108925,0.0253748917233791,0.0361328272259326,0.2706598059983014,0.2525468116254638,0.2692564009963447,0.9256656840769698,0.4205531460622801,0.1339656814229625,0.0120857096845319,173.88320662554108,0.0130840996539978,185.67878216253624,4.26,17.48,118.0795,0.0,Low,Low,17,0,0
2026-04-20,-0.0109992371792117,238.73807690554932,-0.1177058107106402,0.2539671556844212,0.2540936582889637,0.0253748917233791,0.0361328272259326,0.2716728489718659,0.2529058570139257,0.2717976639611023,0.9266453426612234,0.4177780967285328,0.1329760605031864,-0.0019997769579219,173.53547899556173,-0.0031748578483062,185.0892784237236,4.26,18.87,118.2374,0.0,Low,Low,18,0,0
2026-04-21,0.0001033965256829,238.7627615932496,-0.1176145845568374,0.2527729246615003,0.2534954511312734,0.0253748917233791,0.0361328272259326,0.2705066266199315,0.2516862599554384,0.270631378673161,0.9273481790787484,0.4165357704751798,0.1307153243858162,-0.0065468775980488,172.39936345565903,-0.0038032579764912,184.38533614919552,4.3,19.5,118.4331,0.0,Low,Low,19,0,0
2026-04-22,0.020452904182169,243.6461534783864,-0.099567240203035,0.2575626154363907,0.2559022482683668,0.0253748917233791,0.0361328272259326,0.2769898594113525,0.2591449192454581,0.2752776720045911,0.927245576319077,0.4203755992126123,0.1317542393313376,0.0101266791107195,174.14519648826678,0.0167304624260664,187.4701880875573,4.3,18.92,118.6004,0.0,Low,Low,20,0,0
2026-04-23,-0.0194960746747271,238.89600987596177,-0.1171221445276073,0.2659277220078543,0.2572983818602761,0.0253748917233791,0.0361328272259326,0.2809594316403672,0.264858865736676,0.275362725049994,0.9284298371251586,0.4277832682471236,0.1290688733220748,-0.0038807172806204,173.46938821491773,-0.0056326671539821,186.41423091676563,4.34,19.31,118.7155,0.0,Low,Low,21,0,0
2026-04-24,0.0360551414265155,247.50943929826985,-0.0852898585862115,0.2774127725484815,0.2618039345523084,0.0253748917233791,0.0361328272259326,0.2843256816786577,0.274622702187166,0.2640500128753117,0.9280649959310564,0.4553873324756197,0.1577487295561604,0.0077492429694283,174.8136446519532,0.0191275140372566,189.97987173537047,4.31,18.71,118.7294,0.0,Low,Low,22,0,0
2026-04-27,-0.0007667391100321,247.3196641310577,-0.0859912026259764,0.2717713167275399,0.26054805375196,0.0253748917233791,0.0361328272259326,0.2829409143732399,0.2736778565752019,0.2615410275890578,0.928146239067302,0.450459105025818,0.1586529956463153,0.0017229416659827,175.11483836410636,0.0005271905772745,190.0800273336212,4.35,18.02,118.5458,0.0,Low,Low,23,0,0
2026-04-28,-0.0077901923700436,245.39299637058213,-0.0931115069854324,0.267829200471256,0.2607847433692322,0.0253748917233791,0.0361328272259326,0.2821555229881034,0.2727091581205495,0.2611071726691211,0.9285035481372264,0.4404680518115429,0.1577075485513906,-0.004865980739709,174.26273293338937,-0.0100567411963111,188.16844169213925,4.36,17.83,118.7717,0.0,Low,Low,24,0,0
2026-04-29,0.0077343968131087,247.29096317967003,-0.0860972715152155,0.2670698114389483,0.2578632308500447,0.0253748917233791,0.0361328272259326,0.2779489209332125,0.2690982005071928,0.2552278961735736,0.9285395072384804,0.4423890912661732,0.1620998485898225,-0.0001546344034137,174.23578591964497,0.0061136133219339,189.31883078403584,4.42,18.81,119.0975,0.0,Low,Low,25,0,0
2026-04-30,0.0104265989916408,249.86936688700104,-0.0765683742479382,0.2610568379287333,0.258073821138941,0.0253748917233791,0.0361328272259326,0.2609805735471194,0.2464868239235177,0.2502431927832572,0.929322521831106,0.4599729722266714,0.1642722399900885,0.0099496851832503,175.96937713720163,0.0093262810611767,191.08447141010112,4.4,16.89,118.671,0.0,Low,Low,26,0,0
2026-05-01,0.0167316054641069,254.0500825513205,-0.061117880612776,0.2616201459736743,0.2571117689185106,0.0253748917233791,0.0361328272259326,0.2602488033664122,0.2464096663817053,0.2480228385618041,0.9280080699002718,0.4623658319121985,0.1655580543864126,0.0027690573715568,176.45664643813168,0.0095996406294955,192.9188136655152,4.39,16.99,118.3926,0.0,Low,Low,27,0,0
2026-05-04,-0.0023546858056033,253.45187442802452,-0.0633286530124319,0.2558853758232823,0.2570628821040884,0.0253748917233791,0.0361328272259326,0.2585521783363265,0.244927208257791,0.2457386601937809,0.9276289032232524,0.4618232987239076,0.1677497384137253,-0.0036633809509297,175.8102185209053,-0.0018839258859709,192.55536891856,4.45,18.29,118.8264,0.0,Low,Low,28,0,0
2026-05-05,0.0206391199980037,258.6828980780635,-0.0439965806832639,0.2587086628801548,0.2592585902605212,0.0253748917233791,0.0361328272259326,0.2587954384622778,0.2443884984289031,0.2478614000647871,0.9270489155927534,0.4676861821704223,0.1775700908713117,0.0080222429130745,177.2206108004807,0.0129740282182342,195.05358770848184,4.43,17.38,118.6207,1.0,Normal,Low,29,0,0
2026-05-06,0.0241658177424724,264.9341818461125,-0.0208939762908751,0.255213086885763,0.2622076177819596,0.0253748917233791,0.0361328272259326,0.2581074124323784,0.2439466726580556,0.2466798965214634,0.9251460431974023,0.4730777677738448,0.191112053324486,0.0138994187301599,179.6838742776113,0.0207743852158726,199.10570607727584,4.36,17.39,118.0982,1.0,Normal,Low,30,0,0
2026-05-07,0.0014002658953257,265.3051601454577,-0.0195229675179672,0.2553936378248191,0.2621956899852571,0.0253748917233791,0.0361328272259326,0.2558536165907397,0.2417473922928563,0.2441757229743489,0.9247398712625168,0.4771920101484771,0.192325887559399,-0.003066088937645,179.13294753841552,-0.0011929535040877,198.8681822275271,4.41,17.08,118.0116,1.0,Normal,Normal,1,0,0
2026-05-08,0.0251923402428304,271.9888180080207,0.0,0.2366688405135607,0.2651789587825126,0.0253748917233791,0.0361328272259326,0.2560059748482951,0.2415632298391426,0.2452678131303023,0.9225744759385228,0.4671369070415948,0.1970083831524194,0.0082560547545977,180.6118789616452,0.0234408851813381,203.529828453344,4.38,17.19,118.0392,1.0,Normal,Normal,2,0,0
2026-05-11,0.0067399627974802,273.82201252272534,0.0,0.212128291660412,0.2653130372503609,0.0253748917233791,0.0361328272259326,0.2527037755105321,0.2380650358453683,0.2423721299864872,0.9200343466519352,0.4603490594969963,0.1991245940037578,0.0022775635209937,181.02323398862637,0.0028963997232858,204.11933219215663,4.42,18.38,118.0562,1.0,Normal,Normal,3,0,0
2026-05-12,-0.0222694529748654,267.72414609136746,-0.0222694529748656,0.2295046130642162,0.2678879799327093,0.0253748917233791,0.0361328272259326,0.2532340392760479,0.2380597437200261,0.2441547414825937,0.9205238506386202,0.4698369012986856,0.2096386303113147,-0.0015148976832113,180.74900231084956,-0.0084818818883883,202.38801612536608,4.46,17.99,118.5238,1.0,Normal,Normal,4,0,0
2026-05-13,0.002285913340633,268.3361402885273,-0.0200344456738763,0.2144877476866544,0.2678220687810905,0.0253748917233791,0.0361328272259326,0.2545498933153013,0.237595669256465,0.2497903030665859,0.9193415891053044,0.4619698424619748,0.2136352546072273,0.0055948527188782,181.7602663578629,0.0105622836839061,204.52569576590517,4.46,17.87,118.4737,1.0,Normal,Normal,5,0,0
2026-05-14,0.0047522467683215,269.61133984403733,-0.0153774075352636,0.2146991368605313,0.2675231435533053,0.0253748917233791,0.0361328272259326,0.2532668424116711,0.2358318263541005,0.2495835194644569,0.9187422486348592,0.4658578857421917,0.2165546875260699,0.0078942494847615,183.19512724690864,0.0071077082416364,205.9794047393269,4.47,17.26,118.6696,1.0,Normal,Normal,6,0,0
2026-05-15,-0.0134800686696003,265.9769604688367,-0.0286501876953284,0.222666886945836,0.2685744152145308,0.0253748917233791,0.0361328272259326,0.2522049281954255,0.234142261543592,0.2498242197975638,0.9201088869775266,0.4740701004085073,0.2233071580326479,-0.012029288059682,180.99142029012543,-0.0150877421676093,202.8716405887823,4.59,18.43,119.2825,1.0,Normal,Normal,7,0,0
2026-05-18,-0.0061009604073644,264.3542455637452,-0.0345763544418999,0.2261911254993792,0.2687899117770114,0.0253748917233791,0.0361328272259326,0.2515919793173949,0.2331952962105495,0.2499379514135944,0.92028630661399,0.4799113093922645,0.2226645174321229,-0.0007035134425675,180.86409039296197,-0.0043022252868588,201.99884108665472,4.61,17.82,119.0574,1.0,Normal,Normal,8,0,0
2026-05-19,-0.0113142987242041,261.3632626604254,-0.0454994459631544,0.232150897023987,0.2692248229439827,0.0253748917233791,0.0361328272259326,0.253330337822928,0.2353171258998288,0.2507828519170819,0.9220050437190932,0.474363578373128,0.2275062828545767,-0.0066608842223315,179.6593756268771,-0.006162428965955,200.75403757725297,4.67,18.06,119.451,1.0,Normal,Normal,9,0,0
2026-05-20,0.0200028318854448,266.59126806445323,-0.0264067318461915,0.2332516597371342,0.2708315759324655,0.0253748917233791,0.0361328272259326,0.2561066607846368,0.2381428584200781,0.2536328293084456,0.9219472156870572,0.4677864170121657,0.2287070260122544,0.010249029332388,181.5007098375155,0.016563696127924,204.07926645213644,4.57,17.44,119.1624,1.0,Normal,Normal,10,0,0
2026-05-21,0.001746185463344,267.0567858614018,-0.0247066574341318,0.2337071549473526,0.2708324271160114,0.0253748917233791,0.0361328272259326,0.2561118512766587,0.2379449066858567,0.2540866774475456,0.9223325193914256,0.4642915092551549,0.2316594852191095,0.0019831294549137,181.86064924128203,0.0019070655685766,204.4684589944477,4.57,16.76,119.369,1.0,Normal,Normal,11,0,0
2026-05-22,0.0055818849891656,268.5474661256564,-0.0192626821652301,0.233619179582762,0.2707444217556245,0.0253748917233791,0.0361328272259326,0.2577863564699682,0.2381572543594292,0.2593029343209793,0.922056262573668,0.466118034082165,0.2358647856538666,0.0039315657627283,182.5756463434266,0.004240633637315,205.33553481942957,4.56,16.7,119.2868,1.0,Normal,Normal,12,0,0
2026-05-26,0.0092181871643965,271.0229869309271,-0.0102220620103211,0.2244710900370231,0.2705518628557255,0.0253748917233791,0.0361328272259326,0.2569384790122126,0.235067869084143,0.2636395717856316,0.9218934348933612,0.4536683739089209,0.23773402753092,0.0066385898599183,183.7876911779101,0.0177551089647078,208.98128961447512,4.5,17.01,119.1696,1.0,Normal,Normal,13,0,0
2026-05-27,-0.0064564349711968,269.27314464010806,-0.0166124989028767,0.2262138667380559,0.270647240464176,0.0253748917233791,0.0361328272259326,0.2557915672236562,0.2336675301907612,0.2629960597218807,0.9220654759016166,0.4510481664589792,0.2436019500071108,-0.0001732637238149,183.75584743814528,-0.0011365795004276,208.7437657647264,4.48,16.29,119.1829,1.0,Normal,Normal,14,0,0
2026-05-28,0.0107444517640662,272.16633695405216,-0.0060465393319529,0.219970261481507,0.2710378083511303,0.0253748917233791,0.0361328272259326,0.2557490863036649,0.2339261417433274,0.2621985217592228,0.9228106140821056,0.4447994782859354,0.247387374151494,0.0055166266769541,184.76955984816888,0.0084310755153422,210.5037002172457,4.45,15.74,119.0318,1.0,Normal,Normal,15,0,0
2026-05-29,0.0149175464286462,276.2263909218788,0.0,0.2194302739290932,0.2632075621740521,0.0253748917233791,0.0361328272259326,0.2376362070365347,0.2188758457177829,0.2360657276069762,0.9178060446362204,0.4577555796018506,0.248108154223889,0.0024914131320974,185.2298971559865,0.0036840064561787,211.27919720789555,4.45,15.32,118.8783,1.0,Normal,Normal,16,0,0
2026-06-01,0.0009766470293209,276.4961666059927,0.0,0.2197015394002489,0.2620747786503651,0.0253748917233791,0.0361328272259326,0.2297516706080883,0.2098531888408585,0.2304331733133874,0.9159759918816428,0.4682958375423781,0.2618848745533836,0.0027230637662387,185.73428997735607,0.0060001918709355,212.5469129294802,4.47,16.05,119.1653,1.0,Normal,Normal,17,0,0
2026-06-02,-0.0169926379091546,271.7977673635877,-0.0169926379091547,0.2240496607289897,0.2634684688670686,0.0253748917233791,0.0361328272259326,0.228056247249529,0.2065130905101544,0.2322573449270711,0.9190502679645092,0.4820259577778146,0.2534603472873645,0.0013579961566574,185.98651642930483,0.0046045306611852,213.52559170700425,4.46,15.77,119.0359,1.0,Normal,Normal,18,0,0
2026-06-03,-0.0116249924213002,268.63812037785976,-0.0284200910435429,0.2285503074890175,0.2642067151737532,0.0253748917233791,0.0361328272259326,0.2309739796886676,0.2093889418754101,0.2355130526175219,0.9183642092198642,0.4888860345353448,0.2531618114126626,-0.0070171627199652,184.6814187798009,-0.0026132570557489,212.96759444789296,4.49,16.06,119.3848,1.0,Normal,Normal,19,0,0
2026-06-04,-0.0092533562717174,266.1523161418389,-0.0374104660875598,0.2262143730686086,0.2647075487058134,0.0253748917233791,0.0361328272259326,0.2274302408589769,0.2049039074162482,0.2340198288183592,0.9170080919637486,0.4949340637302636,0.2556927663152141,0.0037786342830359,185.379262320242,-0.0048373996903445,211.9373850724573,4.47,15.4,119.3615,1.0,Normal,Normal,20,0,0
2026-06-05,-0.0573420705754006,250.89059124582724,-0.092607343076309,0.2793418591016114,0.2821302428019966,0.0258146069789298,0.0430539150597431,0.2499526096097319,0.2275903314027432,0.2576634487484189,0.9169697597740302,0.5215700099167263,0.2733846015817111,-0.0258093696122444,180.59474042057363,-0.0480010392942247,201.76417032367905,4.55,21.51,120.0831,1.0,Normal,Normal,21,1,1
2026-06-08,0.0174451142540309,255.26740627537205,-0.0767777745030066,0.2643052482668374,0.2834769099276271,0.0258146069789298,0.0430539150597431,0.2481049197242192,0.2257827402936166,0.2555005773826521,0.918446334918817,0.5120863882891368,0.2416484124105453,0.0022642224409121,181.0036470845446,0.0156158448721741,204.91488830821652,4.56,18.92,120.034,1.0,Normal,Normal,22,0,0
2026-06-09,-0.0224640510526295,249.5330662287298,-0.0975170857094931,0.2730206120185195,0.2843099514826975,0.0258146069789298,0.0430539150597431,0.259274935105597,0.2397461726893178,0.2609821873447842,0.917172836087559,0.5160994289553534,0.2426302454571447,-0.0029354370646127,180.47232227006256,-0.0115072895616251,202.55687335296585,4.53,19.87,119.9617,1.0,Normal,Normal,23,0,0
2026-06-10,-0.0241588365342408,243.50463767182205,-0.1193200229107827,0.281305398075421,0.2866733151699621,0.0258146069789298,0.0430539150597431,0.2638828440242294,0.2461979671235278,0.2614717448718586,0.919020022834347,0.5204323667256606,0.2454348250738687,-0.0157655929332111,177.62706910144146,-0.0199765854629737,198.51047866131756,4.55,22.22,119.9134,1.0,Normal,Normal,24,0,0
2026-06-11,0.0162739564112301,247.46742153122568,-0.1049878753513896,0.284444287752413,0.2867509109138711,0.0258146069789298,0.0430539150597431,0.2651453170467779,0.2435508416952937,0.2720973952398802,0.9166707814521926,0.530825862882215,0.2459298063086699,0.01699685739483,180.64617106442023,0.0337759320659867,205.21535510296877,4.45,19.44,120.1174,1.0,Normal,Normal,25,0,0
2026-06-12,0.0030431025569381,248.22049027444623,-0.1022642616663807,0.2829342085282961,0.2818148959150376,0.0258146069789298,0.0430539150597431,0.2556871052013914,0.2343193039880645,0.2615590297945613,0.9154812787702782,0.5139395871090383,0.2472581821550008,0.0054082073175518,181.6231430086586,0.0058846759432216,206.42298096632285,4.48,17.68,119.5073,1.0,Normal,Normal,26,0,0
2026-06-15,0.0366671346160739,257.32202440580727,-0.0693468644992413,0.2986798309725877,0.2842716085139705,0.0258146069789298,0.0430539150597431,0.2655822157382917,0.2440983702573384,0.2724402376626557,0.9146464787061946,0.5258773150905778,0.2461476138633593,0.0176340093906683,184.825887218036,0.0314136831538043,212.90748708606267,4.47,16.2,119.3158,1.0,Normal,Normal,27,0,0
2026-06-16,-0.0192519151295539,252.3680826309817,-0.0872637196789551,0.3040977984606796,0.2744397765504316,0.0258146069789298,0.0430539150597431,0.2579496434355532,0.2406636619278602,0.2553684157631404,0.9016774112910012,0.5285265105828781,0.2486619824897747,-0.0059615754858611,183.7240337396444,-0.0190054128533893,208.8610923944144,4.43,16.41,119.256,1.0,Normal,Normal,28,0,0
2026-06-17,-0.0177038615053465,247.9001930477129,-0.103422676376664,0.3018206486388712,0.2692986265166796,0.0258146069789298,0.0430539150597431,0.266127825088077,0.2496472459721585,0.2627654648427914,0.8933834978245075,0.5267901622279053,0.2352506389957885,-0.0124878949298304,181.42970731021907,-0.0100703417106189,206.75778982394948,4.49,18.44,119.3871,1.0,Normal,Normal,29,0,0
2026-06-18,0.0152687875016061,251.6853284169656,-0.0897330277435005,0.2963645771461317,0.2694515864392692,0.0258146069789298,0.0430539150597431,0.2661881255554219,0.2523905254283223,0.2564013875411886,0.8959052002174054,0.5201138003033352,0.22729696371152,0.0103969798074297,183.3160283135913,0.0250653958106892,211.94025566283008,4.46,16.4,120.3958,1.0,Normal,Normal,30,0,0
2026-06-22,-0.0111291157192534,248.8842932721749,-0.0998634942131576,0.2975074919900398,0.2695430936315286,0.0258146069789298,0.0430539150597431,0.2651051821933528,0.2550811752917393,0.2465163566601014,0.8947778067485905,0.5261633873504042,0.2205659885341531,-0.0031469282666526,182.7391459223608,-0.0025101621760993,211.4082512494724,4.51,17.28,120.5463,1.0,Normal,Normal,31,0,0
2026-06-23,-0.0242665772151688,242.84472335184293,-0.1217067262350263,0.2927845870859579,0.2719337032640254,0.0258146069789298,0.0430539150597431,0.2646470833611935,0.2543533871078126,0.2466965484815832,0.8941844754236786,0.522434432718288,0.2116978348483007,-0.0145220122250135,180.0854058112877,-0.0329289971913365,204.4467895378532,4.5,19.49,121.0552,1.0,Normal,Normal,32,0,0
2026-06-24,-0.0131548144925024,239.6501460656664,-0.1332605113214171,0.2923538359425627,0.2710176078922602,0.0258146069789298,0.0430539150597431,0.2634450013012665,0.2517261186108897,0.2486703226760001,0.8952260748434493,0.5167083526654681,0.2084859660081453,-0.0004635003677893,180.00193615946068,-0.0042457918998626,203.57875101488045,4.41,18.63,121.412,1.0,Normal,Normal,33,0,0
2026-06-25,-0.0139314109952859,236.31148138574525,-0.1453354153640425,0.2888705166489867,0.2719074371102099,0.0258146069789298,0.0430539150597431,0.2674467021294495,0.2532613137344977,0.2589833466583465,0.8908856280193113,0.5153294379239326,0.1944336584809658,0.0014456368287247,180.26215358761456,0.0081055456865415,205.22886788204065,4.4,18.89,121.0559,1.0,Normal,Normal,34,0,0
2026-06-26,0.0072629507469085,238.0278000359789,-0.1391280285807045,0.2901673753315676,0.2718513379991121,0.0258146069789298,0.0430539150597431,0.2648386433888384,0.2495619622365917,0.2589535655559559,0.8877986512107138,0.5249351469165259,0.1964002271214673,-0.0072313321339858,178.95861808383495,-0.0137635531471684,202.40418945161292,4.38,18.41,120.8866,1.0,Normal,Normal,35,0,0
2026-06-29,0.0186190602938425,242.4596539964595,-0.1230994014395695,0.2964442656077504,0.2733672093189174,0.0258146069789298,0.0430539150597431,0.2651990500065664,0.2484958865550055,0.2627949356479021,0.8858714861911604,0.5290765136029749,0.1897649450678013,0.0164748127589402,181.90692780836483,0.0248541649100733,207.43477655473308,4.38,17.65,120.9525,1.0,Normal,Normal,36,0,0
2026-06-30,0.0052960476052768,243.74373186638368,-0.1184552941244978,0.2958696439904269,0.2733309627556368,0.0258146069789298,0.0430539150597431,0.2632527942492337,0.2470845203627592,0.2594511408791104,0.8861671808276895,0.5260163985303189,0.1877689332207666,0.007786815227913,183.3234034438859,0.0170147138911236,210.96421992888105,4.44,16.45,120.9248,1.0,Normal,Normal,37,0,0
2026-07-01,0.0081555065220729,245.7315854613344,-0.1112658505262311,0.2973422332343278,0.2734612229839668,0.0258146069789298,0.0430539150597431,0.2605877555779816,0.2433719035641864,0.2590255718019836,0.8865753327007836,0.5376836665636403,0.1911147967489559,-0.0013525036475483,183.07545787204705,-0.015249963514154,207.7470232721736,4.48,16.59,121.1455,1.0,Normal,Normal,38,0,0
2026-07-02,-0.0006026187149566,245.58350300907944,-0.1118014183573251,0.2961263456201976,0.2686675932795351,0.0258146069789298,0.0430539150597431,0.2479745224985092,0.2326722542195385,0.2412967605570143,0.8837203413849078,0.5499067021791544,0.1887034295463762,-0.0013140507435593,182.8348874305028,-0.017333825266663,204.14597267110435,4.49,16.15,120.6902,1.0,Normal,Normal,39,0,0
2026-07-06,0.0229876626987635,251.2288937406329,-0.0913838089530031,0.2981644512343282,0.2689937179925173,0.0258146069789298,0.0430539150597431,0.2468417293001044,0.2293195377664024,0.2454086310095459,0.8816149073380483,0.5532807064376685,0.1857599289579697,0.0087273922241162,184.43055920536096,0.0143419172543113,207.0738173189542,4.48,15.57,120.835,1.0,Normal,Normal,40,0,0
2026-07-07,-0.0113726192237403,248.3717631941192,-0.101717154914306,0.2992293666027174,0.2657356244136634,0.0258146069789298,0.0430539150597431,0.2414588029294786,0.2249476534247896,0.2380090047650379,0.8710960080602081,0.5569163199364762,0.1919094720010129,-0.0047518903395387,183.5541654127573,-0.0185247172612557,203.23783340091168,4.55,16.13,120.8145,1.0,Normal,Normal,41,0,0
2026-07-08,-0.0037563602820354,247.43878936767769,-0.1050914289156197,0.2983304047899784,0.265297758411001,0.0258146069789298,0.0430539150597431,0.2412800505986161,0.2250167735935301,0.2372503407452068,0.870940393577767,0.5537735308471119,0.1846924502603369,-0.0030894091522385,182.9870914941996,0.0028332983958077,203.81366682825396,4.56,16.9,121.1307,1.0,Normal,Normal,42,0,0
2026-07-09,0.0139422114083775,250.8886332796748,-0.0926144244263922,0.3002580452869974,0.2654475530874649,0.0258146069789298,0.0430539150597431,0.2458830203603498,0.2307815896036764,0.2396341578433535,0.8681660345988624,0.5546087066148552,0.1826422973635349,0.0084652567564162,184.53612420680784,0.0166423338858305,207.2056019221052,4.54,15.84,120.753,1.0,Normal,Normal,43,0,0
2026-07-10,0.0043629570388892,251.9832496082197,-0.0886555401424569,0.3006236473041911,0.2651205645941846,0.0258146069789298,0.0430539150597431,0.2455955899438196,0.2295427399330332,0.2419252224066115,0.8625008533794677,0.5556004453557101,0.1809979398722609,0.0043101181798721,185.3314967105948,0.0030831521002274,207.84444830885025,4.56,15.03,120.5046,1.0,Normal,Normal,44,0,0
2026-07-13,-0.016746396344281,247.76343823816052,-0.1039172756733958,0.3010270945586936,0.2665253000991509,0.0258146069789298,0.0430539150597431,0.2452313963881151,0.228476988965072,0.2431519781129181,0.8628269303225792,0.5583238675748167,0.1816791055096828,-0.0076561406113663,183.91257271206348,-0.0189798493109073,203.8995919998396,4.62,17.16,120.7413,1.0,Normal,Normal,45,0,0
2026-07-14,0.0084694157137046,249.86184979525632,-0.0963279785672048,0.2982685655069768,0.2638666370485029,0.0258146069789298,0.0430539150597431,0.240775648162204,0.2262222537148659,0.2331553860216447,0.8644483859274259,0.5486457900530599,0.180130976800057,0.0035506379166867,184.56557966609037,0.0111698771972792,206.1771254030531,4.58,16.5,120.4728,1.0,Normal,Normal,46,0,0
2026-07-15,0.0082749723842333,251.9294497021856,-0.088850117545444,0.2998950235593215,0.2640993505126489,0.0258146069789298,0.0430539150597431,0.241593946354755,0.2264044887359853,0.2356264431813007,0.8627375106135106,0.5321479315580215,0.1800000617615878,0.0039636309212855,185.29712950465984,-0.0027095386610569,205.61848051074796,4.55,15.67,120.3088,1.0,Normal,Normal,47,0,0
2026-07-16,-0.0185022152648074,247.26819679225125,-0.1057084088091222,0.3005416716163603,0.2637288130598343,0.0258146069789298,0.0430539150597431,0.2376040283467913,0.2223689538216787,0.231614839660519,0.8606694670198148,0.5272635155890443,0.1808299514825455,-0.0054186168256057,184.29307536098943,-0.0164404980892911,202.23801027478805,4.57,16.73,120.331,1.0,Normal,Normal,48,0,0
2026-07-17,-0.0127631619900098,244.1122727416141,-0.1171223972537951,0.3008443419312524,0.2642083968545456,0.0258146069789298,0.0430539150597431,0.2391465134773333,0.2246848496711369,0.2314906635793646,0.8601424951637373,0.5240469446874607,0.17814314541981,-0.0098971997572157,182.46908998027013,-0.0150295813228243,199.19845765279692,4.55,18.77,120.5315,1.0,Normal,Normal,49,0,0
2026-07-20,0.0048206419329723,245.2890505999455,-0.1128663604603146,0.3010719428514801,0.2642646852342049,0.0258146069789298,0.0430539150597431,0.2380242746074018,0.2232912817398101,0.2307807842686647,0.8623313800541675,0.5175958266351421,0.1753173402939309,-0.0016143534967409,182.1745203668133,0.0010498726409937,199.40759066361477,4.6,18.65,120.5401,1.0,Normal,Normal,50,0,0
2026-07-21,0.0146815237077544,248.8902676115812,-0.0998418868994661,0.2561717140753764,0.2650277907744477,0.0258146069789298,0.0430539150597431,0.238198536036539,0.2233937848939846,0.2312196171015687,0.8610486100504975,0.4926489062557726,0.1630830541263785,0.0083413270432441,183.69409762013908,0.0185472284271517,203.1060487977608,4.63,17.05,120.5779,0.0,Low,Normal,51,0,0
2026-07-22,-0.0075994065839148,246.99884927322145,-0.1066825543907267,0.2514719661260721,0.2641010075254282,0.0258146069789298,0.0430539150597431,0.2371172760503273,0.2208934408102654,0.2333942886230803,0.8607963208611978,0.4861472890903509,0.1523727840339835,-0.0011627667372177,183.48050423360317,-0.0051060556428985,202.06897801119013,4.67,16.64,120.5736,0.0,Low,Normal,52,0,0
2026-07-23,-0.0337513223199813,238.66231149873647,-0.1368331994315477,0.2617700342235788,0.2692605536666683,0.0268780635145503,0.0430539150597431,0.2430451647589158,0.2255845780926835,0.2425567779504216,0.8614915002044602,0.497147152819442,0.154428701169513,-0.0123492537841278,181.2146569223826,-0.0189833637433968,198.23302910034727,4.71,18.7,120.9075,0.0,Low,Low,1,1,0
2026-07-24,-0.0081046940063573,236.72802649318925,-0.1438289022266015,0.2536242080662869,0.266886100930696,0.0268780635145503,0.0430539150597431,0.2397335176434086,0.2213795503669478,0.2417682189795917,0.8516018522767914,0.4977839799333406,0.1563455004098832,0.0010159657563921,181.3987648083721,-0.0111712107223561,196.0185261601363,4.69,18.58,120.7105,0.0,Low,Low,2,0,0
2026-07-27,0.0070040342525077,238.3860776992761,-0.1378322505317895,0.2495869069403517,0.2669571263751795,0.0268780635145503,0.0430539150597431,0.2381538026506496,0.219364795131588,0.2412217751010957,0.8497494790611159,0.4908273006016869,0.1438947951017222,0.0002166165423496,181.4380587815914,-0.0030837356474,195.41405684346543,4.65,18.67,120.7739,0.0,Low,Low,3,0,0
2026-07-28,-0.0010030917563515,238.14695458990693,-0.1386970838938733,0.2492748956512644,0.2655499860931676,0.0268780635145503,0.0430539150597431,0.2343266623735987,0.2160491465187543,0.2362867258106976,0.844638765736669,0.4903899346715124,0.1434521485771559,0.0023947666975516,181.87256060243,-0.0097197108512989,193.51468871466767,4.61,18.21,120.6247,0.0,Low,Low,4,0,0
2026-07-29,-0.0106486450975608,235.6110121894141,-0.1478687929689816,0.2230581639287451,0.2661510439658127,0.0268780635145503,0.0430539150597431,0.2330141909139289,0.2147652773664691,0.234813006327203,0.8447439338759125,0.4763028724220734,0.1437270879573801,-0.0153874450031024,179.07400657858668,-0.0203704728815197,189.57270299602985,4.67,20.66,120.7892,0.0,Low,Low,5,0,0
2026-07-30,0.0235554820816104,241.160943165272,-0.1277964315905814,0.2300791918121004,0.2674500251731504,0.0268780635145503,0.0430539150597431,0.2220992063084101,0.1994007087188286,0.2335672195394087,0.8445264234787851,0.507080044261864,0.1567199921205858,0.0167657436933756,182.07631547502916,0.0329741993396794,195.82371109398275,4.68,17.09,119.6753,0.0,Low,Low,6,0,0
2026-07-31,0.0077698410924026,243.03472537136005,-0.1210195484638136,0.2262172599964592,0.2670356222174546,0.0258146069789298,0.0430539150597431,0.2076705731760775,0.1845911820281473,0.2190189157144871,0.8452241252774905,0.5210197064334571,0.1437402587759262,0.0071998691937829,183.3872411297353,0.0064955698819006,197.0956976939269,4.75,15.99,119.7034,0.0,Low,Low,7,0,0
2026-08-03,0.0255220088674153,249.23745978737776,-0.0985862015854224,0.2342611504195718,0.2685051106271828,0.0258146069789298,0.0430539150597431,0.2082363483090194,0.1851266460158667,0.2197149694020305,0.8448966121741973,0.5207699136172188,0.1377725827980777,0.0142429906144005,185.9992238839469,0.0175584209827539,200.5563869279264,4.7,15.86,119.6951,0.0,Low,Low,8,0,0
2026-08-04,0.0263515893708275,255.80526298352285,-0.0748325153164036,0.2440752643675654,0.2709732783524123,0.0258146069789298,0.0430539150597431,0.2102864564988912,0.1880386217101791,0.2198985597329286,0.8447791255932519,0.5238276409650705,0.1489200163242076,0.018028952146651,189.35259499066487,0.033967946260816,207.3688755013576,4.63,16.5,119.5977,0.0,Low,Low,9,0,0
2026-08-05,-0.0053246743967823,254.4431832491524,-0.0797587309348338,0.2329363793125735,0.2663361055362822,0.0258146069789298,0.0430539150597431,0.2043930147140019,0.1844382068641183,0.2086209911639865,0.8393916427101619,0.5179334236468042,0.1479118905673669,-0.0019965624761277,188.97454070474907,-0.0090487948515823,205.4924370883425,4.63,15.81,119.3881,0.0,Low,Low,10,0,0
2026-08-06,-0.001758885885273,253.99564672553143,-0.0813773303140383,0.228945455412936,0.2620781634760542,0.0258146069789298,0.0430539150597431,0.1969101734571077,0.1778203090575665,0.1987989100863142,0.8367243780029537,0.5161177747210703,0.1487179901148904,-0.0015978064697251,188.67259596099768,-0.0036943750473806,204.73327095633792,4.69,15.15,119.5113,0.0,Low,Low,11,0,0
2026-08-07,0.013254901311027,257.3623339563089,-0.0692010774852787,0.2260046427333619,0.2625153259814889,0.0258146069789298,0.0430539150597431,0.1981564594860224,0.1788249728067268,0.200601508848172,0.838082752829126,0.5104170311682412,0.1525208890683942,0.0061153280785064,189.82639078472263,0.0117260190492345,207.133977191584,4.65,14.9,119.0649,0.0,Low,Low,12,0,0
2026-08-10,-0.0004815081016937,257.2384119074381,-0.0696492647075173,0.2258338868495114,0.2559045197641248,0.0258146069789298,0.0430539150597431,0.1854549350914694,0.1650125232923794,0.1901712893956837,0.8301940334964034,0.5036708632813397,0.1545940812579506,-0.0002974431285415,189.76992822916796,-0.0029874614166396,206.51517242664903,4.72,15.46,119.1187,0.0,Low,Low,13,0,0
2026-08-11,-0.0082912333184526,255.10558821584533,-0.0773630197218211,0.2227856294163597,0.2561995018588243,0.0258146069789298,0.0430539150597431,0.1866359038112041,0.1664794933672229,0.1905268431832012,0.8337461787705932,0.499961039060997,0.1513182628381107,-0.0031951999813835,189.1635753580229,-0.003357053983408,205.82188984442,4.7,15.28,119.179,0.0,Low,Low,14,0,0
2026-08-12,-0.0012800884018812,254.7790305111152,-0.0785440766194219,0.2227019479660052,0.2562423656172347,0.0258146069789298,0.0430539150597431,0.1872433740651484,0.1665194080457697,0.1925842909447488,0.8324684315493981,0.4973087508020667,0.1486306521098244,0.0025046088948632,189.6373561314488,0.0073074434603708,207.32592166736472,4.68,14.55,119.1179,0.0,Low,Low,15,0,0
2026-08-13,0.0174107431699046,259.2149227764215,-0.0625008441950554,0.2266597008311063,0.257463524838222,0.0258146069789298,0.0430539150597431,0.1896585760557548,0.1692885292718271,0.1942837377153544,0.8332327885992311,0.4897383082753907,0.1443390954428602,0.0069775150741082,190.96055364247,0.0115655371291218,209.72375731223804,4.63,14.63,119.1848,0.0,Low,Low,16,0,0
2026-08-14,-0.0071502527414893,257.36147056420447,-0.0692042001039934,0.2280730718570346,0.2574218056671632,0.0258146069789298,0.0430539150597431,0.1922787369851183,0.1703051900227464,0.2014830678906173,0.8232879170856529,0.482627698360539,0.1497010584554989,-0.0019797506799419,190.5824993565542,-0.0013659941160515,209.4372758937533,4.68,14.25,118.9028,0.0,Low,Low,17,0,0
2026-08-17,-0.0102781009595326,254.71628338665172,-0.0787710133080336,0.2213232558776781,0.2569207177022198,0.0258146069789298,0.0430539150597431,0.1933890414834251,0.1708800863842127,0.2040416459906401,0.8214134023476367,0.475498453579633,0.1501092391310664,-0.0047273623176709,189.6815468306885,-0.001641485274646,209.09348768941177,4.72,15.19,118.814,0.0,Low,Low,18,0,0
2026-08-18,-0.0076617859131859,252.76470175474088,-0.0858292725810885,0.21984201659371,0.2572582209477269,0.0258146069789298,0.0430539150597431,0.1932051153299078,0.1712897285590401,0.2024465436446171,0.8216222275896383,0.47498602898495,0.1450926944079001,-0.0067557449608083,188.40010667652876,-0.0169344859448663,205.55259696097235,4.71,15.84,118.9831,0.0,Low,Low,19,0,0
2026-08-19,0.0253609836127852,259.1750632138334,-0.0626450037437295,0.2306698934143891,0.2600219003889417,0.0258146069789298,0.0430539150597431,0.1908260500411907,0.1710398999646931,0.1939116428143026,0.8370574111219248,0.5026689415282494,0.1304213137454423,0.0020977847370853,188.79532954478,-0.0019930264086855,205.14292520685524,4.65,14.89,118.3328,0.0,Low,Low,20,0,0
2026-08-20,0.0009548826603106,259.42254498768125,-0.0617499397112487,0.2277069737588083,0.2561320455878232,0.0258146069789298,0.0430539150597431,0.1855187828121992,0.1692542218401782,0.1803504627730957,0.8323032174194833,0.5005009448010536,0.1255964895245773,-0.0083998279267665,187.20948126322668,-0.0071919537489711,203.6675467768389,4.69,16.01,118.2548,0.0,Low,Low,21,0,0
2026-08-21,0.0181988104230959,264.1437267033891,-0.0446749047345955,0.2328421074830836,0.2569525895763712,0.0258146069789298,0.0430539150597431,0.1849474730306424,0.1665729573487464,0.1840533022540926,0.8414680835452516,0.5051720670777473,0.1261027951438665,0.0040912299918585,187.97539830773107,0.0035306699558395,204.38662966522335,4.74,15.13,118.0628,0.0,Low,Low,22,0,0
2026-08-24,-0.0052607793487732,262.75412484083995,-0.0497006592671325,0.2272580199578201,0.2544376079742271,0.0258146069789298,0.0430539150597431,0.1795186921265421,0.1608530588702804,0.1795570547586568,0.8322404166139784,0.5000698505819394,0.1242807632742245,-0.0029384361156037,187.42304460849863,-0.0099798455643027,202.3468826657561,4.7,15.85,118.3195,0.0,Low,Low,23,0,0
2026-08-25,0.0046447713596249,263.974557674524,-0.0452867361062259,0.2265899020461334,0.2532560878415071,0.0258146069789298,0.0430539150597431,0.1788037169678061,0.1605717371961032,0.1773754560779578,0.8383469223251293,0.4956408546436612,0.1239239322574958,0.0031959397668177,188.022037369981,0.0062294225729935,203.60738690420908,4.64,15.45,118.2283,0.0,Low,Low,24,0,0
2026-08-26,0.0067179734133202,265.74793173477445,-0.0388729977820433,0.2262558199392434,0.2533673092480342,0.0258146069789298,0.0430539150597431,0.1803333076650032,0.1626015492574329,0.177865010846241,0.8379693042113979,0.4934425751679512,0.1241141271790236,0.0002220076795962,188.06377970621045,0.0009146072815255,203.79360770284407,4.66,15.21,118.4461,0.0,Low,Low,25,0,0
2026-08-27,0.0312479488043013,274.0520095004717,-0.0088397504223048,0.2331517768863044,0.2574395784075041,0.0258146069789298,0.0430539150597431,0.1814402366850514,0.1635324020677208,0.1800767837422255,0.8286662424340134,0.5106045501647833,0.1369920387346741,0.0065528446297566,189.29613243511005,0.0136918860969474,206.58392656679743,4.67,14.51,118.3583,0.0,Low,Low,26,0,0
2026-08-28,-0.0048226801869763,272.73034430405266,-0.0136197993200619,0.2294337083061098,0.2576560235891083,0.0258146069789298,0.0430539150597431,0.1797076963047673,0.1622996621419441,0.1769448230617955,0.8304319906481558,0.5104924345536078,0.141017425452171,-0.0022694869107554,188.86652734029195,-0.0064899687927032,205.2432033303048,4.73,14.43,118.7479,0.0,Low,Low,27,0,0
2026-08-31,0.0025636370653277,273.4295259235501,-0.0110910784770935,0.2294399379087427,0.2556829493850068,0.0258146069789298,0.0430539150597431,0.1752653782781933,0.1576394326008684,0.1727628152761527,0.829711922015178,0.5104375867080576,0.1413987987626789,-0.0029895480342588,188.30190178474447,0.0004606093705905,205.3377402730088,4.75,14.92,118.5679,0.0,Low,Low,28,0,0
2026-09-01,-0.0137740062041128,269.6633059370915,-0.0247123160974526,0.2324372697190633,0.2545348467169909,0.0258146069789298,0.0430539150597431,0.1732563331704434,0.1544010126965581,0.1733874267263247,0.8312261464182105,0.5073356515561752,0.1328300379417071,-0.0068704139374741,187.00818977426968,-0.0127239631300265,202.72503043657207,4.79,16.34,118.6568,0.0,Low,Low,29,0,0
2026-09-02,0.0054098593577767,271.12214649616425,-0.019436146894168,0.2304392763072145,0.2478232474737264,0.0258146069789298,0.0430539150597431,0.1704705960480622,0.1483028862640181,0.1781478720140474,0.8311812989998284,0.5056247227955513,0.1306635092433824,0.0044369164298276,187.83792948399147,0.0022610270072151,203.1833972054277,4.79,15.2,118.5296,0.0,Low,Low,30,0,0
2026-09-03,0.0221485933693356,277.1271206723293,0.0,0.2084229712523808,0.2502799065907075,0.0258146069789298,0.0430539150597431,0.1739039738810519,0.1506477434818381,0.184301454921473,0.8319098222472193,0.490534718971553,0.1301353514811349,0.0104684179415366,189.8042954351028,0.0118859326752407,205.59842138533807,4.77,14.32,118.127,0.0,Low,Low,31,0,0
2026-09-04,-0.0096422940912627,274.4549794741418,-0.0096422940912628,0.2093136656191346,0.2504913288226776,0.0258146069789298,0.0430539150597431,0.1746189446730171,0.1510067335968107,0.1858365716876223,0.8327819271211635,0.4938000773926501,0.1261162881261059,-0.0038542322600894,189.07274559653325,0.0017975381542669,205.9679923922353,4.78,14.53,118.0732,0.0,Low,Low,32,0,0
2026-09-08,0.0075848286705263,276.53667347122604,-0.0021306005694093,0.2093681545408812,0.2504806901366304,0.0258146069789298,0.0430539150597431,0.1740606608555396,0.1500864540929378,0.1863172160503028,0.8293095696251552,0.4965906131086349,0.1304703584882176,-0.0054921789300145,188.034324246928,-0.0008345245704174,205.7961070418644,4.8,15.72,117.9127,0.0,Low,Low,33,0,0
2026-09-09,-0.0007672744134675,276.3244939572861,-0.0028962402275748,0.2093100770711561,0.250034180713196,0.0258146069789298,0.0430539150597431,0.1796284893788192,0.1570993799686422,0.1888812283735252,0.8293562338144267,0.4933991998305134,0.1246871490941884,-0.0046477174444695,187.1603938379665,-0.0028537020941522,205.20882626023064,4.83,16.46,117.8834,0.0,Low,Low,34,0,0
2026-09-10,-0.0138073943700022,272.5091726951265,-0.0166636450665647,0.2115571499883341,0.2498993245909148,0.0258146069789298,0.0430539150597431,0.1784827280438588,0.1556757509928178,0.1882066574869785,0.8308679831834985,0.4916377762572856,0.1247281965180571,-0.0059942757034566,186.0385028365342,-0.0106378414451893,203.0258473033209,4.95,17.84,118.0787,0.0,Low,Low,35,0,0
2026-09-11,0.0147717500212931,276.5346100726884,-0.0021380462446383,0.2063098821184115,0.2509084365736265,0.0258146069789298,0.0430539150597431,0.1811386105255736,0.1577513776098756,0.1923145887794616,0.8320520887666824,0.4564632927862831,0.1226994655055442,0.0085243014611162,187.6243511180876,0.0087343913415283,204.79915450611347,4.96,15.84,118.2126,0.0,Low,Low,36,0,0
2026-09-14,-0.0013835953001645,276.1519980858589,-0.0035186833540674,0.2068135729747361,0.2487476176436279,0.0258146069789298,0.0430539150597431,0.178873310694051,0.1553275207132606,0.1903181745243952,0.8313030025665525,0.4390335449198574,0.1401621005702868,-0.0044616534848906,186.7872362780712,-0.0079734012557859,203.1662086703905,4.97,17.1,118.6923,0.0,Low,Low,37,0,0
2026-09-15,-0.0132482852779519,272.49345763514106,-0.0167203521111417,0.2028091387043924,0.2466870145553764,0.0258146069789298,0.0430539150597431,0.1789433731154816,0.1542574791769496,0.1926488257442251,0.8373678715329501,0.4322685611943736,0.1508003282062456,-0.0045867524091346,185.93048947207717,-0.0065428000596186,201.8369327881894,5.0,17.2,118.8822,0.0,Low,Low,38,0,0
2026-09-16,0.0009523365337133,272.75296311004485,-0.0157839389796005,0.1904403372819743,0.2466831775573294,0.0258146069789298,0.0430539150597431,0.179576316235879,0.1546611786322139,0.1938525700973431,0.8374623244421926,0.4193558611793742,0.1486889561536178,-0.0044098804847823,185.11055823502824,0.0002554815137096,201.8884983933007,5.01,17.71,118.9206,0.0,Low,Low,39,0,0
2026-09-17,0.0206817635911849,278.393975411882,0.0,0.1963247842845004,0.2455137224093154,0.0258146069789298,0.0430539150597431,0.1807950886408514,0.1560669436507006,0.19459611025587,0.8392648390708507,0.4216728013022025,0.1535473020312855,0.011338753705953,187.2094812632267,0.0173118643800351,205.3835646973744,4.94,15.44,119.3489,0.0,Low,Low,40,0,0
2026-09-18,0.0066013318972843,280.2317464417802,0.0,0.1960305196539402,0.2455036593020462,0.0258146069789298,0.0430539150597431,0.1786926883851195,0.1575819364308563,0.1832626956381307,0.8490188979891644,0.4325643848254012,0.1565632478656945,0.0012869590529585,187.45041219993809,0.0063187597528164,206.6813340998742,5.01,14.81,119.5133,0.0,Low,Low,41,0,0
2026-09-21,0.0426987728139646,292.1972981183584,0.0,0.2253355146159963,0.2525055449511828,0.0258146069789298,0.0430539150597431,0.1882628506078485,0.1653280774242881,0.1977094151227175,0.849281444309426,0.4559130161985856,0.1631429371525303,0.0155049922156518,190.35682938191889,0.0288205395474381,212.6380016630169,4.96,14.87,119.4014,0.0,Low,Low,42,0,0
2026-09-22,-0.0027135868619026,291.40439536910094,-0.0027135868619027,0.2258425350322437,0.2525775058068072,0.0258146069789298,0.0430539150597431,0.1895218770967573,0.1657497016802285,0.2009665643741841,0.849877707513862,0.4519665809919876,0.1625551829182808,-0.0001551326660471,190.3272988194765,0.008078616135797,214.35582245433537,4.96,14.21,119.5933,0.0,Low,Low,43,0,0
2026-09-23,-0.0116377653653864,288.0130993893531,-0.0143197721400915,0.2276599232522624,0.253383534544368,0.0258146069789298,0.0430539150597431,0.1918142438276096,0.1679304911402808,0.2035316067302057,0.8519851443451772,0.4536145321224975,0.1644407220718848,-0.0072021610192297,188.9565309670236,-0.0083616512138071,212.56345383132347,5.11,14.21,120.1169,0.0,Low,Low,44,0,0
2026-09-24,0.0033050462872287,288.96499601416303,-0.0110620533626086,0.2270966249357039,0.2522479306764248,0.0258146069789298,0.0430539150597431,0.1919878682048247,0.1687247683137535,0.20239153403377,0.850141376958138,0.4508284088484633,0.1647647099250983,-0.000820521854125,188.8014880038855,-0.0001484685628316,212.5318948408226,5.18,14.21,120.5521,0.0,Low,Low,45,0,0
2026-09-25,0.0004324365174522,289.08995503070497,-0.0106344004809885,0.223889988040702,0.2519604977901894,0.0258146069789298,0.0430539150597431,0.1920723195253471,0.1684870809522985,0.2037003320638471,0.8431354815045516,0.4502109949271862,0.1642597485506292,0.0054354687947637,189.8277126003356,0.0045878080233026,213.506950373181,5.17,14.21,120.33,0.0,Low,Low,46,0,0
2026-09-28,-0.0216986239208414,282.81710081720075,-0.0321022725451692,0.2337894797413058,0.2540023330391314,0.0258146069789298,0.0430539150597431,0.1939998420738447,0.1718508196873876,0.2024008121770864,0.8432010740512204,0.4547959015240979,0.166224263411038,-0.007441486246259,188.41511228786135,-0.0107051319048019,211.22133030684407,5.17,14.21,120.33,0.0,Low,Low,47,0,0
