date,DGS10,VIXCLS,DTWEXBGS
1962-01-02,4.06,,
1962-01-03,4.03,,
1962-01-04,3.99,,
1962-01-05,4.02,,
1962-01-08,4.03,,
1962-01-09,4.05,,
1962-01-10,4.07,,
1962-01-11,4.08,,
1962-01-12,4.08,,
1962-01-15,4.1,,
1962-01-16,4.13,,
1962-01-17,4.12,,
1962-01-18,4.11,,
1962-01-19,4.11,,
1962-01-22,4.09,,
1962-01-23,4.11,,
1962-01-24,4.1,,
1962-01-25,4.11,,
1962-01-26,4.11,,
1962-01-29,4.12,,
1962-01-30,4.11,,
1962-01-31,4.1,,
1962-02-01,4.09,,
1962-02-02,4.08,,
1962-02-05,4.07,,
1962-02-06,4.06,,
1962-02-07,4.07,,
1962-02-08,4.07,,
1962-02-09,4.05,,
1962-02-12,,,
1962-02-13,4.03,,
1962-02-14,4.03,,
1962-02-15,4.02,,
1962-02-16,4.02,,
1962-02-19,4.01,,
1962-02-20,4.05,,
1962-02-21,4.03,,
1962-02-22,,,
1962-02-23,4.02,,
1962-02-26,4.0,,
1962-02-27,4.01,,
1962-02-28,4.0,,
1962-03-01,3.98,,
1962-03-02,3.98,,
1962-03-05,4.0,,
1962-03-06,4.01,,
1962-03-07,4.0,,
1962-03-08,3.98,,
1962-03-09,3.96,,
1962-03-12,3.94,,
1962-03-13,3.92,,
1962-03-14,3.93,,
1962-03-15,3.96,,
1962-03-16,3.96,,
1962-03-19,3.93,,
1962-03-20,3.91,,
1962-03-21,3.86,,
1962-03-22,3.83,,
1962-03-23,3.87,,
1962-03-26,3.89,,
1962-03-27,3.9,,
1962-03-28,3.9,,
1962-03-29,3.9,,
1962-03-30,3.86,,
1962-04-02,3.86,,
1962-04-03,3.83,,
1962-04-04,3.78,,
1962-04-05,3.84,,
1962-04-06,3.81,,
1962-04-09,3.83,,
1962-04-10,3.83,,
1962-04-11,3.87,,
1962-04-12,3.86,,
1962-04-13,3.85,,
1962-04-16,3.83,,
1962-04-17,3.82,,
1962-04-18,3.81,,
1962-04-19,3.82,,
1962-04-20,,,
1962-04-23,3.86,,
1962-04-24,3.87,,
1962-04-25,3.88,,
1962-04-26,3.89,,
1962-04-27,3.86,,
1962-04-30,3.86,,
1962-05-01,3.85,,
1962-05-02,3.86,,
1962-05-03,3.86,,
1962-05-04,3.87,,
1962-05-07,3.86,,
1962-05-08,3.85,,
1962-05-09,3.82,,
1962-05-10,3.83,,
1962-05-11,3.82,,
1962-05-14,3.85,,
1962-05-15,3.87,,
1962-05-16,3.86,,
1962-05-17,3.87,,
1962-05-18,3.93,,
1962-05-21,3.94,,
1962-05-22,3.93,,
1962-05-23,3.91,,
1962-05-24,3.9,,
1962-05-25,3.88,,
1962-05-28,3.87,,
1962-05-29,3.89,,
1962-05-30,,,
1962-05-31,3.9,,
1962-06-01,3.89,,
1962-06-04,3.88,,
1962-06-05,3.89,,
1962-06-06,3.89,,
1962-06-07,3.87,,
1962-06-08,3.86,,
1962-06-11,3.87,,
1962-06-12,3.86,,
1962-06-13,3.87,,
1962-06-14,3.9,,
1962-06-15,3.89,,
1962-06-18,3.91,,
1962-06-19,3.93,,
1962-06-20,3.92,,
1962-06-21,3.9,,
1962-06-22,3.9,,
1962-06-25,3.95,,
1962-06-26,3.97,,
1962-06-27,3.96,,
1962-06-28,3.98,,
1962-06-29,4.0,,
1962-07-02,4.0,,
1962-07-03,4.0,,
1962-07-04,,,
1962-07-05,4.0,,
1962-07-06,4.02,,
1962-07-09,4.05,,
1962-07-10,4.02,,
1962-07-11,3.99,,
1962-07-12,4.0,,
1962-07-13,4.0,,
1962-07-16,4.01,,
1962-07-17,4.03,,
1962-07-18,4.02,,
1962-07-19,4.02,,
1962-07-20,4.01,,
1962-07-23,4.0,,
1962-07-24,4.01,,
1962-07-25,4.02,,
1962-07-26,4.01,,
1962-07-27,4.02,,
1962-07-30,4.03,,
1962-07-31,4.04,,
1962-08-01,4.03,,
1962-08-02,4.0,,
1962-08-03,4.01,,
1962-08-06,4.01,,
1962-08-07,4.02,,
1962-08-08,4.01,,
1962-08-09,3.99,,
1962-08-10,3.99,,
1962-08-13,3.99,,
1962-08-14,3.98,,
1962-08-15,3.98,,
1962-08-16,3.96,,
1962-08-17,3.96,,
1962-08-20,3.94,,
1962-08-21,3.94,,
1962-08-22,3.95,,
1962-08-23,3.95,,
1962-08-24,3.95,,
1962-08-27,3.95,,
1962-08-28,3.96,,
1962-08-29,3.96,,
1962-08-30,3.95,,
1962-08-31,3.96,,
1962-09-03,,,
1962-09-04,3.96,,
1962-09-05,3.97,,
1962-09-06,3.99,,
1962-09-07,4.01,,
1962-09-10,4.0,,
1962-09-11,4.0,,
1962-09-12,4.0,,
1962-09-13,3.99,,
1962-09-14,3.99,,
1962-09-17,3.99,,
1962-09-18,3.98,,
1962-09-19,3.99,,
1962-09-20,3.98,,
1962-09-21,3.98,,
1962-09-24,3.97,,
1962-09-25,3.96,,
1962-09-26,3.95,,
1962-09-27,3.95,,
1962-09-28,3.94,,
1962-10-01,3.93,,
1962-10-02,3.92,,
1962-10-03,3.9,,
1962-10-04,3.9,,
1962-10-05,3.92,,
1962-10-08,3.93,,
1962-10-09,3.95,,
1962-10-10,3.93,,
1962-10-11,3.94,,
1962-10-12,,,
1962-10-15,3.94,,
1962-10-16,3.94,,
1962-10-17,3.94,,
1962-10-18,3.92,,
1962-10-19,3.88,,
1962-10-22,3.91,,
1962-10-23,3.94,,
1962-10-24,3.94,,
1962-10-25,3.94,,
1962-10-26,3.93,,
1962-10-29,3.92,,
1962-10-30,3.92,,
1962-10-31,3.92,,
1962-11-01,3.92,,
1962-11-02,3.91,,
1962-11-05,3.91,,
1962-11-06,,,
1962-11-07,3.91,,
1962-11-08,3.9,,
1962-11-09,3.89,,
1962-11-12,,,
1962-11-13,3.9,,
1962-11-14,3.91,,
1962-11-15,3.91,,
1962-11-16,3.93,,
1962-11-19,3.93,,
1962-11-20,3.93,,
1962-11-21,3.92,,
1962-11-22,,,
1962-11-23,3.92,,
1962-11-26,3.93,,
1962-11-27,3.92,,
1962-11-28,3.92,,
1962-11-29,3.92,,
1962-11-30,3.92,,
1962-12-03,3.93,,
1962-12-04,3.94,,
1962-12-05,3.93,,
1962-12-06,3.92,,
1962-12-07,3.91,,
1962-12-10,3.9,,
1962-12-11,3.89,,
1962-12-12,3.88,,
1962-12-13,3.88,,
1962-12-14,3.87,,
1962-12-17,3.85,,
1962-12-18,3.83,,
1962-12-19,3.84,,
1962-12-20,3.83,,
1962-12-21,3.81,,
1962-12-24,3.79,,
1962-12-25,,,
1962-12-26,3.79,,
1962-12-27,3.81,,
1962-12-28,3.84,,
1962-12-31,3.85,,
1963-01-01,,,
1963-01-02,3.82,,
1963-01-03,3.81,,
1963-01-04,3.84,,
1963-01-07,3.83,,
1963-01-08,3.81,,
1963-01-09,3.82,,
1963-01-10,3.81,,
1963-01-11,3.8,,
1963-01-14,3.81,,
1963-01-15,3.8,,
1963-01-16,3.8,,
1963-01-17,3.82,,
1963-01-18,3.84,,
1963-01-21,3.85,,
1963-01-22,3.86,,
1963-01-23,3.86,,
1963-01-24,3.86,,
1963-01-25,3.85,,
1963-01-28,3.86,,
1963-01-29,3.86,,
1963-01-30,3.86,,
1963-01-31,3.87,,
1963-02-01,3.88,,
1963-02-04,3.89,,
1963-02-05,3.9,,
1963-02-06,3.91,,
1963-02-07,3.91,,
1963-02-08,3.91,,
1963-02-11,3.92,,
1963-02-12,,,
1963-02-13,3.92,,
1963-02-14,3.91,,
1963-02-15,3.91,,
1963-02-18,3.91,,
1963-02-19,3.93,,
1963-02-20,3.94,,
1963-02-21,3.95,,
1963-02-22,,,
1963-02-25,3.95,,
1963-02-26,3.95,,
1963-02-27,3.95,,
1963-02-28,3.94,,
1963-03-01,3.93,,
1963-03-04,3.92,,
1963-03-05,3.92,,
1963-03-06,3.91,,
1963-03-07,3.92,,
1963-03-08,3.92,,
1963-03-11,3.92,,
1963-03-12,3.92,,
1963-03-13,3.92,,
1963-03-14,3.92,,
1963-03-15,3.92,,
1963-03-18,3.92,,
1963-03-19,3.92,,
1963-03-20,3.92,,
1963-03-21,3.92,,
1963-03-22,3.93,,
1963-03-25,3.94,,
1963-03-26,3.96,,
1963-03-27,3.96,,
1963-03-28,3.96,,
1963-03-29,3.95,,
1963-04-01,3.95,,
1963-04-02,3.96,,
1963-04-03,3.96,,
1963-04-04,3.95,,
1963-04-05,3.95,,
1963-04-08,3.97,,
1963-04-09,3.98,,
1963-04-10,4.0,,
1963-04-11,4.0,,
1963-04-12,,,
1963-04-15,4.01,,
1963-04-16,4.0,,
1963-04-17,4.0,,
1963-04-18,3.99,,
1963-04-19,3.97,,
1963-04-22,3.97,,
1963-04-23,3.97,,
1963-04-24,3.96,,
1963-04-25,3.95,,
1963-04-26,3.95,,
1963-04-29,3.95,,
1963-04-30,3.95,,
1963-05-01,3.94,,
1963-05-02,3.94,,
1963-05-03,3.93,,
1963-05-06,3.92,,
1963-05-07,3.91,,
1963-05-08,3.92,,
1963-05-09,3.93,,
1963-05-10,3.93,,
1963-05-13,3.92,,
1963-05-14,3.91,,
1963-05-15,3.91,,
1963-05-16,3.9,,
1963-05-17,3.92,,
1963-05-20,3.93,,
1963-05-21,3.92,,
1963-05-22,3.92,,
1963-05-23,3.93,,
1963-05-24,3.95,,
1963-05-27,3.95,,
1963-05-28,3.96,,
1963-05-29,3.96,,
1963-05-30,,,
1963-05-31,3.96,,
1963-06-03,3.98,,
1963-06-04,3.98,,
1963-06-05,3.98,,
1963-06-06,3.99,,
1963-06-07,3.99,,
1963-06-10,3.99,,
1963-06-11,3.98,,
1963-06-12,3.99,,
1963-06-13,3.99,,
1963-06-14,3.99,,
1963-06-17,4.0,,
1963-06-18,4.0,,
1963-06-19,4.0,,
1963-06-20,4.0,,
1963-06-21,4.0,,
1963-06-24,4.0,,
1963-06-25,4.0,,
1963-06-26,4.0,,
1963-06-27,4.0,,
1963-06-28,4.0,,
1963-07-01,4.01,,
1963-07-02,4.03,,
1963-07-03,4.03,,
1963-07-04,,,
1963-07-05,4.04,,
1963-07-08,4.05,,
1963-07-09,4.04,,
1963-07-10,4.03,,
1963-07-11,4.04,,
1963-07-12,4.03,,
1963-07-15,4.02,,
1963-07-16,4.02,,
1963-07-17,4.03,,
1963-07-18,4.02,,
1963-07-19,4.02,,
1963-07-22,4.02,,
1963-07-23,4.02,,
1963-07-24,4.01,,
1963-07-25,4.01,,
1963-07-26,3.99,,
1963-07-29,3.99,,
1963-07-30,4.0,,
1963-07-31,4.0,,
1963-08-01,3.99,,
1963-08-02,3.99,,
1963-08-05,3.99,,
1963-08-06,4.0,,
1963-08-07,4.01,,
1963-08-08,4.0,,
1963-08-09,4.0,,
1963-08-12,4.01,,
1963-08-13,4.02,,
1963-08-14,4.02,,
1963-08-15,4.01,,
1963-08-16,4.0,,
1963-08-19,3.99,,
1963-08-20,3.99,,
1963-08-21,4.0,,
1963-08-22,4.0,,
1963-08-23,4.0,,
1963-08-26,4.0,,
1963-08-27,4.0,,
1963-08-28,4.0,,
1963-08-29,4.01,,
1963-08-30,4.02,,
1963-09-02,,,
1963-09-03,4.03,,
1963-09-04,4.04,,
1963-09-05,4.08,,
1963-09-06,4.09,,
1963-09-09,4.09,,
1963-09-10,4.09,,
1963-09-11,4.09,,
1963-09-12,4.09,,
1963-09-13,4.09,,
1963-09-16,4.09,,
1963-09-17,4.09,,
1963-09-18,4.08,,
1963-09-19,4.08,,
1963-09-20,4.07,,
1963-09-23,4.07,,
1963-09-24,4.08,,
1963-09-25,4.08,,
1963-09-26,4.08,,
1963-09-27,4.07,,
1963-09-30,4.07,,
1963-10-01,4.07,,
1963-10-02,4.07,,
1963-10-03,4.07,,
1963-10-04,4.08,,
1963-10-07,4.08,,
1963-10-08,4.09,,
1963-10-09,4.1,,
1963-10-10,4.1,,
1963-10-11,4.1,,
1963-10-14,4.1,,
1963-10-15,4.11,,
1963-10-16,4.11,,
1963-10-17,4.12,,
1963-10-18,4.12,,
1963-10-21,4.12,,
1963-10-22,4.11,,
1963-10-23,4.12,,
1963-10-24,4.11,,
1963-10-25,4.12,,
1963-10-28,4.12,,
1963-10-29,4.13,,
1963-10-30,4.14,,
1963-10-31,4.15,,
1963-11-01,4.15,,
1963-11-04,4.15,,
1963-11-05,,,
1963-11-06,4.17,,
1963-11-07,4.17,,
1963-11-08,4.16,,
1963-11-11,,,
1963-11-12,4.16,,
1963-11-13,4.15,,
1963-11-14,4.12,,
1963-11-15,4.11,,
1963-11-18,4.11,,
1963-11-19,4.1,,
1963-11-20,4.09,,
1963-11-21,4.1,,
1963-11-22,4.09,,
1963-11-25,,,
1963-11-26,4.08,,
1963-11-27,4.08,,
1963-11-28,,,
1963-11-29,4.08,,
1963-12-02,4.09,,
1963-12-03,4.1,,
1963-12-04,4.1,,
1963-12-05,4.11,,
1963-12-06,4.11,,
1963-12-09,4.1,,
1963-12-10,4.1,,
1963-12-11,4.12,,
1963-12-12,4.12,,
1963-12-13,4.13,,
1963-12-16,4.15,,
1963-12-17,4.15,,
1963-12-18,4.15,,
1963-12-19,4.14,,
1963-12-20,4.15,,
1963-12-23,4.15,,
1963-12-24,4.15,,
1963-12-25,,,
1963-12-26,4.15,,
1963-12-27,4.15,,
1963-12-30,4.14,,
1963-12-31,4.14,,
1964-01-01,,,
1964-01-02,4.14,,
1964-01-03,4.15,,
1964-01-06,4.16,,
1964-01-07,4.15,,
1964-01-08,4.18,,
1964-01-09,4.18,,
1964-01-10,4.18,,
1964-01-13,4.18,,
1964-01-14,4.18,,
1964-01-15,4.18,,
1964-01-16,4.17,,
1964-01-17,4.17,,
1964-01-20,4.16,,
1964-01-21,4.16,,
1964-01-22,4.16,,
1964-01-23,4.16,,
1964-01-24,4.18,,
1964-01-27,4.18,,
1964-01-28,4.17,,
1964-01-29,4.17,,
1964-01-30,4.16,,
1964-01-31,4.15,,
1964-02-03,4.15,,
1964-02-04,4.15,,
1964-02-05,4.15,,
1964-02-06,4.14,,
1964-02-07,4.14,,
1964-02-10,4.14,,
1964-02-11,4.14,,
1964-02-12,,,
1964-02-13,4.13,,
1964-02-14,4.13,,
1964-02-17,4.13,,
1964-02-18,4.14,,
1964-02-19,4.14,,
1964-02-20,4.14,,
1964-02-21,,,
1964-02-24,4.15,,
1964-02-25,4.15,,
1964-02-26,4.15,,
1964-02-27,4.17,,
1964-02-28,4.18,,
1964-03-02,4.17,,
1964-03-03,4.18,,
1964-03-04,4.19,,
1964-03-05,4.19,,
1964-03-06,4.19,,
1964-03-09,4.2,,
1964-03-10,4.2,,
1964-03-11,4.21,,
1964-03-12,4.21,,
1964-03-13,4.22,,
1964-03-16,4.21,,
1964-03-17,4.22,,
1964-03-18,4.23,,
1964-03-19,4.24,,
1964-03-20,4.25,,
1964-03-23,4.25,,
1964-03-24,4.26,,
1964-03-25,4.26,,
1964-03-26,4.25,,
1964-03-27,,,
1964-03-30,4.25,,
1964-03-31,4.23,,
1964-04-01,4.23,,
1964-04-02,4.24,,
1964-04-03,4.25,,
1964-04-06,4.25,,
1964-04-07,4.25,,
1964-04-08,4.22,,
1964-04-09,4.22,,
1964-04-10,4.22,,
1964-04-13,4.23,,
1964-04-14,4.24,,
1964-04-15,4.23,,
1964-04-16,4.23,,
1964-04-17,4.24,,
1964-04-20,4.24,,
1964-04-21,4.23,,
1964-04-22,4.23,,
1964-04-23,4.23,,
1964-04-24,4.23,,
1964-04-27,4.23,,
1964-04-28,4.23,,
1964-04-29,4.22,,
1964-04-30,4.22,,
1964-05-01,4.22,,
1964-05-04,4.22,,
1964-05-05,4.22,,
1964-05-06,4.22,,
1964-05-07,4.22,,
1964-05-08,4.2,,
1964-05-11,4.19,,
1964-05-12,4.19,,
1964-05-13,4.19,,
1964-05-14,4.19,,
1964-05-15,4.19,,
1964-05-18,4.19,,
1964-05-19,4.19,,
1964-05-20,4.2,,
1964-05-21,4.2,,
1964-05-22,4.2,,
1964-05-25,4.19,,
1964-05-26,4.19,,
1964-05-27,4.2,,
1964-05-28,4.19,,
1964-05-29,,,
1964-06-01,4.19,,
1964-06-02,4.19,,
1964-06-03,4.19,,
1964-06-04,4.19,,
1964-06-05,4.18,,
1964-06-08,4.18,,
1964-06-09,4.17,,
1964-06-10,4.17,,
1964-06-11,4.18,,
1964-06-12,4.18,,
1964-06-15,4.18,,
1964-06-16,4.18,,
1964-06-17,4.18,,
1964-06-18,4.17,,
1964-06-19,4.16,,
1964-06-22,4.15,,
1964-06-23,4.15,,
1964-06-24,4.15,,
1964-06-25,4.15,,
1964-06-26,4.15,,
1964-06-29,4.15,,
1964-06-30,4.15,,
1964-07-01,4.15,,
1964-07-02,4.15,,
1964-07-03,,,
1964-07-06,4.16,,
1964-07-07,4.15,,
1964-07-08,4.15,,
1964-07-09,4.18,,
1964-07-10,4.19,,
1964-07-13,4.19,,
1964-07-14,4.19,,
1964-07-15,4.19,,
1964-07-16,4.19,,
1964-07-17,4.2,,
1964-07-20,4.21,,
1964-07-21,4.2,,
1964-07-22,4.21,,
1964-07-23,4.2,,
1964-07-24,4.2,,
1964-07-27,4.2,,
1964-07-28,4.2,,
1964-07-29,4.2,,
1964-07-30,4.19,,
1964-07-31,4.19,,
1964-08-03,4.19,,
1964-08-04,4.19,,
1964-08-05,4.19,,
1964-08-06,4.18,,
1964-08-07,4.19,,
1964-08-10,4.19,,
1964-08-11,4.2,,
1964-08-12,4.2,,
1964-08-13,4.19,,
1964-08-14,4.19,,
1964-08-17,4.19,,
1964-08-18,4.19,,
1964-08-19,4.19,,
1964-08-20,4.19,,
1964-08-21,4.19,,
1964-08-24,4.19,,
1964-08-25,4.2,,
1964-08-26,4.2,,
1964-08-27,4.2,,
1964-08-28,4.21,,
1964-08-31,4.21,,
1964-09-01,4.21,,
1964-09-02,4.22,,
1964-09-03,4.22,,
1964-09-04,4.22,,
1964-09-07,,,
1964-09-08,4.22,,
1964-09-09,4.22,,
1964-09-10,4.22,,
1964-09-11,4.22,,
1964-09-14,4.22,,
1964-09-15,4.22,,
1964-09-16,4.21,,
1964-09-17,4.2,,
1964-09-18,4.2,,
1964-09-21,4.19,,
1964-09-22,4.19,,
1964-09-23,4.19,,
1964-09-24,4.19,,
1964-09-25,4.19,,
1964-09-28,4.17,,
1964-09-29,4.18,,
1964-09-30,4.18,,
1964-10-01,4.18,,
1964-10-02,4.18,,
1964-10-05,4.2,,
1964-10-06,4.19,,
1964-10-07,4.19,,
1964-10-08,4.19,,
1964-10-09,4.19,,
1964-10-12,,,
1964-10-13,4.19,,
1964-10-14,4.19,,
1964-10-15,4.2,,
1964-10-16,4.21,,
1964-10-19,4.21,,
1964-10-20,4.2,,
1964-10-21,4.19,,
1964-10-22,4.19,,
1964-10-23,4.19,,
1964-10-26,4.19,,
1964-10-27,4.18,,
1964-10-28,4.17,,
1964-10-29,4.16,,
1964-10-30,4.16,,
1964-11-02,4.15,,
1964-11-03,,,
1964-11-04,4.15,,
1964-11-05,4.15,,
1964-11-06,4.15,,
1964-11-09,4.15,,
1964-11-10,4.14,,
1964-11-11,,,
1964-11-12,4.12,,
1964-11-13,4.13,,
1964-11-16,4.13,,
1964-11-17,4.14,,
1964-11-18,4.14,,
1964-11-19,4.13,,
1964-11-20,4.13,,
1964-11-23,4.18,,
1964-11-24,4.18,,
1964-11-25,4.19,,
1964-11-26,,,
1964-11-27,4.19,,
1964-11-30,4.2,,
1964-12-01,4.2,,
1964-12-02,4.19,,
1964-12-03,4.18,,
1964-12-04,4.18,,
1964-12-07,4.17,,
1964-12-08,4.16,,
1964-12-09,4.16,,
1964-12-10,4.15,,
1964-12-11,4.15,,
1964-12-14,4.16,,
1964-12-15,4.17,,
1964-12-16,4.18,,
1964-12-17,4.18,,
1964-12-18,4.19,,
1964-12-21,4.18,,
1964-12-22,4.18,,
1964-12-23,4.19,,
1964-12-24,4.19,,
1964-12-25,,,
1964-12-28,4.19,,
1964-12-29,4.19,,
1964-12-30,4.2,,
1964-12-31,4.21,,
1965-01-01,,,
1965-01-04,4.2,,
1965-01-05,4.2,,
1965-01-06,4.2,,
1965-01-07,4.2,,
1965-01-08,4.2,,
1965-01-11,4.2,,
1965-01-12,4.19,,
1965-01-13,4.19,,
1965-01-14,4.19,,
1965-01-15,4.19,,
1965-01-18,4.19,,
1965-01-19,4.18,,
1965-01-20,4.18,,
1965-01-21,4.17,,
1965-01-22,4.17,,
1965-01-25,4.18,,
1965-01-26,4.19,,
1965-01-27,4.19,,
1965-01-28,4.19,,
1965-01-29,4.19,,
1965-02-01,4.2,,
1965-02-02,4.2,,
1965-02-03,4.2,,
1965-02-04,4.21,,
1965-02-05,4.22,,
1965-02-08,4.21,,
1965-02-09,4.21,,
1965-02-10,4.21,,
1965-02-11,4.21,,
1965-02-12,,,
1965-02-15,4.22,,
1965-02-16,4.21,,
1965-02-17,4.21,,
1965-02-18,4.21,,
1965-02-19,4.22,,
1965-02-22,,,
1965-02-23,4.21,,
1965-02-24,4.22,,
1965-02-25,4.21,,
1965-02-26,4.22,,
1965-03-01,4.22,,
1965-03-02,4.24,,
1965-03-03,4.23,,
1965-03-04,4.22,,
1965-03-05,4.23,,
1965-03-08,4.23,,
1965-03-09,4.23,,
1965-03-10,4.23,,
1965-03-11,4.22,,
1965-03-12,4.22,,
1965-03-15,4.21,,
1965-03-16,4.21,,
1965-03-17,4.2,,
1965-03-18,4.2,,
1965-03-19,4.2,,
1965-03-22,4.19,,
1965-03-23,4.19,,
1965-03-24,4.18,,
1965-03-25,4.19,,
1965-03-26,4.2,,
1965-03-29,4.2,,
1965-03-30,4.2,,
1965-03-31,4.2,,
1965-04-01,4.2,,
1965-04-02,4.2,,
1965-04-05,4.2,,
1965-04-06,4.2,,
1965-04-07,4.2,,
1965-04-08,4.19,,
1965-04-09,4.2,,
1965-04-12,4.2,,
1965-04-13,4.2,,
1965-04-14,4.19,,
1965-04-15,4.2,,
1965-04-16,,,
1965-04-19,4.21,,
1965-04-20,4.21,,
1965-04-21,4.21,,
1965-04-22,4.21,,
1965-04-23,4.21,,
1965-04-26,4.21,,
1965-04-27,4.21,,
1965-04-28,4.21,,
1965-04-29,4.21,,
1965-04-30,4.21,,
1965-05-03,4.21,,
1965-05-04,4.2,,
1965-05-05,4.2,,
1965-05-06,4.2,,
1965-05-07,4.2,,
1965-05-10,4.2,,
1965-05-11,4.2,,
1965-05-12,4.2,,
1965-05-13,4.21,,
1965-05-14,4.21,,
1965-05-17,4.21,,
1965-05-18,4.22,,
1965-05-19,4.22,,
1965-05-20,4.22,,
1965-05-21,4.22,,
1965-05-24,4.22,,
1965-05-25,4.22,,
1965-05-26,4.22,,
1965-05-27,4.22,,
1965-05-28,4.23,,
1965-05-31,,,
1965-06-01,4.23,,
1965-06-02,4.23,,
1965-06-03,4.23,,
1965-06-04,4.23,,
1965-06-07,4.23,,
1965-06-08,4.23,,
1965-06-09,4.23,,
1965-06-10,4.23,,
1965-06-11,4.23,,
1965-06-14,4.21,,
1965-06-15,4.21,,
1965-06-16,4.21,,
1965-06-17,4.21,,
1965-06-18,4.21,,
1965-06-21,4.2,,
1965-06-22,4.2,,
1965-06-23,4.2,,
1965-06-24,4.19,,
1965-06-25,4.19,,
1965-06-28,4.19,,
1965-06-29,4.2,,
1965-06-30,4.2,,
1965-07-01,4.2,,
1965-07-02,4.21,,
1965-07-05,,,
1965-07-06,4.21,,
1965-07-07,4.21,,
1965-07-08,4.2,,
1965-07-09,4.21,,
1965-07-12,4.21,,
1965-07-13,4.21,,
1965-07-14,4.21,,
1965-07-15,4.2,,
1965-07-16,4.2,,
1965-07-19,4.2,,
1965-07-20,4.2,,
1965-07-21,4.2,,
1965-07-22,4.2,,
1965-07-23,4.2,,
1965-07-26,4.2,,
1965-07-27,4.2,,
1965-07-28,4.2,,
1965-07-29,4.21,,
1965-07-30,4.22,,
1965-08-02,4.22,,
1965-08-03,4.22,,
1965-08-04,4.23,,
1965-08-05,4.23,,
1965-08-06,4.24,,
1965-08-09,4.24,,
1965-08-10,4.24,,
1965-08-11,4.25,,
1965-08-12,4.25,,
1965-08-13,4.25,,
1965-08-16,4.26,,
1965-08-17,4.27,,
1965-08-18,4.26,,
1965-08-19,4.26,,
1965-08-20,4.26,,
1965-08-23,4.26,,
1965-08-24,4.27,,
1965-08-25,4.26,,
1965-08-26,4.27,,
1965-08-27,4.27,,
1965-08-30,4.27,,
1965-08-31,4.27,,
1965-09-01,4.28,,
1965-09-02,4.28,,
1965-09-03,4.27,,
1965-09-06,,,
1965-09-07,4.27,,
1965-09-08,4.27,,
1965-09-09,4.27,,
1965-09-10,4.28,,
1965-09-13,4.28,,
1965-09-14,4.28,,
1965-09-15,4.28,,
1965-09-16,4.27,,
1965-09-17,4.27,,
1965-09-20,4.27,,
1965-09-21,4.28,,
1965-09-22,4.29,,
1965-09-23,4.3,,
1965-09-24,4.31,,
1965-09-27,4.31,,
1965-09-28,4.33,,
1965-09-29,4.36,,
1965-09-30,4.35,,
1965-10-01,4.36,,
1965-10-04,4.35,,
1965-10-05,4.33,,
1965-10-06,4.32,,
1965-10-07,4.31,,
1965-10-08,4.32,,
1965-10-11,4.31,,
1965-10-12,,,
1965-10-13,4.3,,
1965-10-14,4.31,,
1965-10-15,4.34,,
1965-10-18,4.34,,
1965-10-19,4.35,,
1965-10-20,4.36,,
1965-10-21,4.37,,
1965-10-22,4.36,,
1965-10-25,4.38,,
1965-10-26,4.38,,
1965-10-27,4.39,,
1965-10-28,4.4,,
1965-10-29,4.41,,
1965-11-01,4.43,,
1965-11-02,,,
1965-11-03,4.43,,
1965-11-04,4.43,,
1965-11-05,4.43,,
1965-11-08,4.45,,
1965-11-09,4.47,,
1965-11-10,4.46,,
1965-11-11,,,
1965-11-12,4.44,,
1965-11-15,4.45,,
1965-11-16,4.44,,
1965-11-17,4.45,,
1965-11-18,4.45,,
1965-11-19,4.46,,
1965-11-22,4.45,,
1965-11-23,4.45,,
1965-11-24,4.45,,
1965-11-25,,,
1965-11-26,4.45,,
1965-11-29,4.46,,
1965-11-30,4.48,,
1965-12-01,4.52,,
1965-12-02,4.52,,
1965-12-03,4.52,,
1965-12-06,4.61,,
1965-12-07,4.59,,
1965-12-08,4.6,,
1965-12-09,4.6,,
1965-12-10,4.6,,
1965-12-13,4.65,,
1965-12-14,4.67,,
1965-12-15,4.67,,
1965-12-16,4.66,,
1965-12-17,4.65,,
1965-12-20,4.61,,
1965-12-21,4.64,,
1965-12-22,4.65,,
1965-12-23,4.65,,
1965-12-24,,,
1965-12-27,4.62,,
1965-12-28,4.61,,
1965-12-29,4.62,,
1965-12-30,4.63,,
1965-12-31,4.65,,
1966-01-03,4.63,,
1966-01-04,4.65,,
1966-01-05,4.63,,
1966-01-06,4.6,,
1966-01-07,4.6,,
1966-01-10,4.61,,
1966-01-11,4.6,,
1966-01-12,4.56,,
1966-01-13,4.58,,
1966-01-14,4.59,,
1966-01-17,4.61,,
1966-01-18,4.61,,
1966-01-19,4.61,,
1966-01-20,4.6,,
1966-01-21,4.59,,
1966-01-24,4.6,,
1966-01-25,4.61,,
1966-01-26,4.61,,
1966-01-27,4.63,,
1966-01-28,4.65,,
1966-01-31,4.69,,
1966-02-01,4.69,,
1966-02-02,4.7,,
1966-02-03,4.7,,
1966-02-04,4.71,,
1966-02-07,4.73,,
1966-02-08,4.72,,
1966-02-09,4.74,,
1966-02-10,4.78,,
1966-02-11,4.86,,
1966-02-14,4.87,,
1966-02-15,4.88,,
1966-02-16,4.89,,
1966-02-17,4.88,,
1966-02-18,4.9,,
1966-02-21,4.92,,
1966-02-22,,,
1966-02-23,4.92,,
1966-02-24,4.93,,
1966-02-25,4.97,,
1966-02-28,5.02,,
1966-03-01,5.01,,
1966-03-02,5.0,,
1966-03-03,5.0,,
1966-03-04,4.98,,
1966-03-07,4.96,,
1966-03-08,4.93,,
1966-03-09,4.93,,
1966-03-10,4.95,,
1966-03-11,4.96,,
1966-03-14,4.94,,
1966-03-15,4.91,,
1966-03-16,4.9,,
1966-03-17,4.86,,
1966-03-18,4.84,,
1966-03-21,4.81,,
1966-03-22,4.78,,
1966-03-23,4.73,,
1966-03-24,4.76,,
1966-03-25,4.82,,
1966-03-28,4.81,,
1966-03-29,4.8,,
1966-03-30,4.7,,
1966-03-31,4.71,,
1966-04-01,4.7,,
1966-04-04,4.69,,
1966-04-05,4.66,,
1966-04-06,4.71,,
1966-04-07,4.73,,
1966-04-08,,,
1966-04-11,4.73,,
1966-04-12,4.73,,
1966-04-13,4.74,,
1966-04-14,4.76,,
1966-04-15,4.77,,
1966-04-18,4.76,,
1966-04-19,4.76,,
1966-04-20,4.8,,
1966-04-21,4.77,,
1966-04-22,4.77,,
1966-04-25,4.78,,
1966-04-26,4.79,,
1966-04-27,4.78,,
1966-04-28,4.78,,
1966-04-29,4.79,,
1966-05-02,4.8,,
1966-05-03,4.81,,
1966-05-04,4.81,,
1966-05-05,4.81,,
1966-05-06,4.79,,
1966-05-09,4.75,,
1966-05-10,4.75,,
1966-05-11,4.77,,
1966-05-12,4.77,,
1966-05-13,4.77,,
1966-05-16,4.77,,
1966-05-17,4.75,,
1966-05-18,4.75,,
1966-05-19,4.75,,
1966-05-20,4.75,,
1966-05-23,4.77,,
1966-05-24,4.79,,
1966-05-25,4.78,,
1966-05-26,4.8,,
1966-05-27,4.81,,
1966-05-30,,,
1966-05-31,4.8,,
1966-06-01,4.79,,
1966-06-02,4.77,,
1966-06-03,4.78,,
1966-06-06,4.79,,
1966-06-07,4.81,,
1966-06-08,4.83,,
1966-06-09,4.83,,
1966-06-10,4.83,,
1966-06-13,4.83,,
1966-06-14,4.83,,
1966-06-15,4.79,,
1966-06-16,4.81,,
1966-06-17,4.8,,
1966-06-20,4.76,,
1966-06-21,4.75,,
1966-06-22,4.76,,
1966-06-23,4.77,,
1966-06-24,4.8,,
1966-06-27,4.83,,
1966-06-28,4.89,,
1966-06-29,4.9,,
1966-06-30,4.97,,
1966-07-01,4.99,,
1966-07-04,,,
1966-07-05,4.96,,
1966-07-06,4.95,,
1966-07-07,4.95,,
1966-07-08,4.97,,
1966-07-11,5.03,,
1966-07-12,5.05,,
1966-07-13,5.07,,
1966-07-14,5.1,,
1966-07-15,5.09,,
1966-07-18,5.04,,
1966-07-19,5.03,,
1966-07-20,5.02,,
1966-07-21,5.04,,
1966-07-22,5.02,,
1966-07-25,4.99,,
1966-07-26,4.99,,
1966-07-27,4.99,,
1966-07-28,5.03,,
1966-07-29,5.05,,
1966-08-01,5.05,,
1966-08-02,5.04,,
1966-08-03,5.06,,
1966-08-04,5.07,,
1966-08-05,5.07,,
1966-08-08,5.08,,
1966-08-09,5.1,,
1966-08-10,5.1,,
1966-08-11,5.11,,
1966-08-12,5.11,,
1966-08-15,5.15,,
1966-08-16,5.18,,
1966-08-17,5.24,,
1966-08-18,5.29,,
1966-08-19,5.31,,
1966-08-22,5.29,,
1966-08-23,5.33,,
1966-08-24,5.36,,
1966-08-25,5.39,,
1966-08-26,5.48,,
1966-08-29,5.51,,
1966-08-30,5.48,,
1966-08-31,5.36,,
1966-09-01,5.3,,
1966-09-02,5.23,,
1966-09-05,,,
1966-09-06,5.19,,
1966-09-07,5.2,,
1966-09-08,5.18,,
1966-09-09,5.17,,
1966-09-12,5.18,,
1966-09-13,5.16,,
1966-09-14,5.21,,
1966-09-15,5.25,,
1966-09-16,5.24,,
1966-09-19,5.32,,
1966-09-20,5.27,,
1966-09-21,5.21,,
1966-09-22,5.15,,
1966-09-23,5.17,,
1966-09-26,5.17,,
1966-09-27,5.13,,
1966-09-28,5.09,,
1966-09-29,4.99,,
1966-09-30,5.02,,
1966-10-03,5.08,,
1966-10-04,5.06,,
1966-10-05,5.05,,
1966-10-06,5.03,,
1966-10-07,5.02,,
1966-10-10,5.05,,
1966-10-11,5.05,,
1966-10-12,,,
1966-10-13,5.07,,
1966-10-14,5.06,,
1966-10-17,5.04,,
1966-10-18,4.99,,
1966-10-19,5.0,,
1966-10-20,5.02,,
1966-10-21,4.94,,
1966-10-24,4.94,,
1966-10-25,4.94,,
1966-10-26,4.96,,
1966-10-27,4.99,,
1966-10-28,4.97,,
1966-10-31,4.97,,
1966-11-01,4.99,,
1966-11-02,5.04,,
1966-11-03,5.06,,
1966-11-04,5.11,,
1966-11-07,5.11,,
1966-11-08,,,
1966-11-09,5.12,,
1966-11-10,5.17,,
1966-11-11,,,
1966-11-14,5.19,,
1966-11-15,5.21,,
1966-11-16,5.22,,
1966-11-17,5.23,,
1966-11-18,5.22,,
1966-11-21,5.17,,
1966-11-22,5.2,,
1966-11-23,5.22,,
1966-11-24,,,
1966-11-25,5.23,,
1966-11-28,5.19,,
1966-11-29,5.15,,
1966-11-30,5.12,,
1966-12-01,5.09,,
1966-12-02,5.03,,
1966-12-05,5.06,,
1966-12-06,5.07,,
1966-12-07,5.07,,
1966-12-08,5.1,,
1966-12-09,5.05,,
1966-12-12,4.93,,
1966-12-13,4.86,,
1966-12-14,4.83,,
1966-12-15,4.76,,
1966-12-16,4.78,,
1966-12-19,4.72,,
1966-12-20,4.69,,
1966-12-21,4.66,,
1966-12-22,4.68,,
1966-12-23,4.67,,
1966-12-26,,,
1966-12-27,4.71,,
1966-12-28,4.64,,
1966-12-29,4.66,,
1966-12-30,4.64,,
1967-01-02,,,
1967-01-03,4.69,,
1967-01-04,4.65,,
1967-01-05,4.63,,
1967-01-06,4.64,,
1967-01-09,4.71,,
1967-01-10,4.69,,
1967-01-11,4.54,,
1967-01-12,4.55,,
1967-01-13,4.51,,
1967-01-16,4.49,,
1967-01-17,4.51,,
1967-01-18,4.53,,
1967-01-19,4.58,,
1967-01-20,4.6,,
1967-01-23,4.6,,
1967-01-24,4.65,,
1967-01-25,4.62,,
1967-01-26,4.5,,
1967-01-27,4.47,,
1967-01-30,4.48,,
1967-01-31,4.52,,
1967-02-01,4.52,,
1967-02-02,4.51,,
1967-02-03,4.52,,
1967-02-06,4.53,,
1967-02-07,4.54,,
1967-02-08,4.54,,
1967-02-09,4.53,,
1967-02-10,4.59,,
1967-02-13,,,
1967-02-14,4.64,,
1967-02-15,4.69,,
1967-02-16,4.67,,
1967-02-17,4.68,,
1967-02-20,4.7,,
1967-02-21,4.71,,
1967-02-22,,,
1967-02-23,4.74,,
1967-02-24,4.73,,
1967-02-27,4.72,,
1967-02-28,4.72,,
1967-03-01,4.66,,
1967-03-02,4.63,,
1967-03-03,4.62,,
1967-03-06,4.61,,
1967-03-07,4.6,,
1967-03-08,4.61,,
1967-03-09,4.57,,
1967-03-10,4.58,,
1967-03-13,4.56,,
1967-03-14,4.53,,
1967-03-15,4.49,,
1967-03-16,4.45,,
1967-03-17,4.47,,
1967-03-20,4.45,,
1967-03-21,4.51,,
1967-03-22,4.52,,
1967-03-23,4.5,,
1967-03-24,,,
1967-03-27,4.52,,
1967-03-28,4.52,,
1967-03-29,4.52,,
1967-03-30,4.5,,
1967-03-31,4.5,,
1967-04-03,4.5,,
1967-04-04,4.49,,
1967-04-05,4.5,,
1967-04-06,4.49,,
1967-04-07,4.48,,
1967-04-10,4.5,,
1967-04-11,4.51,,
1967-04-12,4.51,,
1967-04-13,4.54,,
1967-04-14,4.56,,
1967-04-17,4.61,,
1967-04-18,4.63,,
1967-04-19,4.63,,
1967-04-20,4.63,,
1967-04-21,4.66,,
1967-04-24,4.68,,
1967-04-25,4.71,,
1967-04-26,4.73,,
1967-04-27,4.73,,
1967-04-28,4.78,,
1967-05-01,4.77,,
1967-05-02,4.75,,
1967-05-03,4.75,,
1967-05-04,4.76,,
1967-05-05,4.77,,
1967-05-08,4.83,,
1967-05-09,4.87,,
1967-05-10,4.87,,
1967-05-11,4.84,,
1967-05-12,4.82,,
1967-05-15,4.86,,
1967-05-16,4.87,,
1967-05-17,4.88,,
1967-05-18,4.88,,
1967-05-19,4.89,,
1967-05-22,4.94,,
1967-05-23,4.94,,
1967-05-24,4.93,,
1967-05-25,4.92,,
1967-05-26,4.86,,
1967-05-29,4.84,,
1967-05-30,,,
1967-05-31,4.81,,
1967-06-01,4.81,,
1967-06-02,4.82,,
1967-06-05,4.85,,
1967-06-06,4.84,,
1967-06-07,4.84,,
1967-06-08,4.86,,
1967-06-09,4.89,,
1967-06-12,4.94,,
1967-06-13,4.95,,
1967-06-14,5.02,,
1967-06-15,5.02,,
1967-06-16,5.07,,
1967-06-19,5.07,,
1967-06-20,5.14,,
1967-06-21,5.14,,
1967-06-22,5.13,,
1967-06-23,5.14,,
1967-06-26,5.16,,
1967-06-27,5.21,,
1967-06-28,5.18,,
1967-06-29,5.2,,
1967-06-30,5.22,,
1967-07-03,5.22,,
1967-07-04,,,
1967-07-05,5.17,,
1967-07-06,5.11,,
1967-07-07,5.15,,
1967-07-10,5.16,,
1967-07-11,5.09,,
1967-07-12,5.06,,
1967-07-13,5.08,,
1967-07-14,5.08,,
1967-07-17,5.09,,
1967-07-18,5.16,,
1967-07-19,5.18,,
1967-07-20,5.2,,
1967-07-21,5.2,,
1967-07-24,5.23,,
1967-07-25,5.23,,
1967-07-26,5.23,,
1967-07-27,5.2,,
1967-07-28,5.18,,
1967-07-31,5.16,,
1967-08-01,5.18,,
1967-08-02,5.21,,
1967-08-03,5.2,,
1967-08-04,5.26,,
1967-08-07,5.3,,
1967-08-08,5.28,,
1967-08-09,5.27,,
1967-08-10,5.28,,
1967-08-11,5.29,,
1967-08-14,5.29,,
1967-08-15,5.29,,
1967-08-16,5.28,,
1967-08-17,5.28,,
1967-08-18,5.28,,
1967-08-21,5.3,,
1967-08-22,5.3,,
1967-08-23,5.31,,
1967-08-24,5.31,,
1967-08-25,5.32,,
1967-08-28,5.29,,
1967-08-29,5.27,,
1967-08-30,5.28,,
1967-08-31,5.27,,
1967-09-01,5.25,,
1967-09-04,,,
1967-09-05,5.22,,
1967-09-06,5.2,,
1967-09-07,5.2,,
1967-09-08,5.26,,
1967-09-11,5.28,,
1967-09-12,5.29,,
1967-09-13,5.27,,
1967-09-14,5.28,,
1967-09-15,5.29,,
1967-09-18,5.3,,
1967-09-19,5.35,,
1967-09-20,5.34,,
1967-09-21,5.36,,
1967-09-22,5.36,,
1967-09-25,5.38,,
1967-09-26,5.37,,
1967-09-27,5.37,,
1967-09-28,5.36,,
1967-09-29,5.31,,
1967-10-02,5.35,,
1967-10-03,5.35,,
1967-10-04,5.37,,
1967-10-05,5.37,,
1967-10-06,5.37,,
1967-10-09,5.39,,
1967-10-10,5.42,,
1967-10-11,5.42,,
1967-10-12,,,
1967-10-13,5.45,,
1967-10-16,5.47,,
1967-10-17,5.49,,
1967-10-18,5.52,,
1967-10-19,5.53,,
1967-10-20,5.52,,
1967-10-23,5.56,,
1967-10-24,5.56,,
1967-10-25,5.57,,
1967-10-26,5.58,,
1967-10-27,5.57,,
1967-10-30,5.6,,
1967-10-31,5.64,,
1967-11-01,5.7,,
1967-11-02,5.71,,
1967-11-03,5.75,,
1967-11-06,5.77,,
1967-11-07,,,
1967-11-08,5.74,,
1967-11-09,5.78,,
1967-11-10,5.83,,
1967-11-13,5.87,,
1967-11-14,5.81,,
1967-11-15,5.78,,
1967-11-16,5.72,,
1967-11-17,5.75,,
1967-11-20,5.85,,
1967-11-21,5.71,,
1967-11-22,5.7,,
1967-11-23,,,
1967-11-24,5.78,,
1967-11-27,5.76,,
1967-11-28,5.65,,
1967-11-29,5.67,,
1967-11-30,5.74,,
1967-12-01,5.78,,
1967-12-04,5.76,,
1967-12-05,5.74,,
1967-12-06,5.69,,
1967-12-07,5.71,,
1967-12-08,5.72,,
1967-12-11,5.74,,
1967-12-12,5.75,,
1967-12-13,5.71,,
1967-12-14,5.7,,
1967-12-15,5.71,,
1967-12-18,5.68,,
1967-12-19,5.66,,
1967-12-20,5.62,,
1967-12-21,5.64,,
1967-12-22,5.69,,
1967-12-25,,,
1967-12-26,5.64,,
1967-12-27,5.64,,
1967-12-28,5.7,,
1967-12-29,5.7,,
1968-01-01,,,
1968-01-02,5.63,,
1968-01-03,5.63,,
1968-01-04,5.51,,
1968-01-05,5.48,,
1968-01-08,5.5,,
1968-01-09,5.52,,
1968-01-10,5.46,,
1968-01-11,5.46,,
1968-01-12,5.43,,
1968-01-15,5.49,,
1968-01-16,5.52,,
1968-01-17,5.48,,
1968-01-18,5.55,,
1968-01-19,5.59,,
1968-01-22,5.61,,
1968-01-23,5.56,,
1968-01-24,5.56,,
1968-01-25,5.52,,
1968-01-26,5.53,,
1968-01-29,5.53,,
1968-01-30,5.53,,
1968-01-31,5.54,,
1968-02-01,5.58,,
1968-02-02,5.58,,
1968-02-05,5.6,,
1968-02-06,5.61,,
1968-02-07,5.59,,
1968-02-08,5.6,,
1968-02-09,5.59,,
1968-02-12,,,
1968-02-13,5.55,,
1968-02-14,5.54,,
1968-02-15,5.51,,
1968-02-16,5.5,,
1968-02-19,5.53,,
1968-02-20,5.54,,
1968-02-21,5.54,,
1968-02-22,,,
1968-02-23,5.56,,
1968-02-26,5.58,,
1968-02-27,5.58,,
1968-02-28,5.57,,
1968-02-29,5.56,,
1968-03-01,5.56,,
1968-03-04,5.57,,
1968-03-05,5.59,,
1968-03-06,5.61,,
1968-03-07,5.67,,
1968-03-08,5.75,,
1968-03-11,5.75,,
1968-03-12,5.79,,
1968-03-13,5.86,,
1968-03-14,5.95,,
1968-03-15,5.84,,
1968-03-18,5.76,,
1968-03-19,5.77,,
1968-03-20,5.73,,
1968-03-21,5.76,,
1968-03-22,5.74,,
1968-03-25,5.74,,
1968-03-26,5.78,,
1968-03-27,5.78,,
1968-03-28,5.78,,
1968-03-29,5.76,,
1968-04-01,5.64,,
1968-04-02,5.62,,
1968-04-03,5.49,,
1968-04-04,5.52,,
1968-04-05,5.52,,
1968-04-08,5.54,,
1968-04-09,,,
1968-04-10,5.53,,
1968-04-11,5.54,,
1968-04-12,,,
1968-04-15,5.6,,
1968-04-16,5.62,,
1968-04-17,5.62,,
1968-04-18,5.64,,
1968-04-19,5.76,,
1968-04-22,5.78,,
1968-04-23,5.73,,
1968-04-24,5.72,,
1968-04-25,5.72,,
1968-04-26,5.71,,
1968-04-29,5.73,,
1968-04-30,5.74,,
1968-05-01,5.73,,
1968-05-02,5.76,,
1968-05-03,5.8,,
1968-05-06,5.78,,
1968-05-07,5.79,,
1968-05-08,5.8,,
1968-05-09,5.79,,
1968-05-10,5.79,,
1968-05-13,5.79,,
1968-05-14,5.82,,
1968-05-15,5.85,,
1968-05-16,5.9,,
1968-05-17,5.92,,
1968-05-20,5.96,,
1968-05-21,6.02,,
1968-05-22,6.02,,
1968-05-23,5.98,,
1968-05-24,5.96,,
1968-05-27,5.92,,
1968-05-28,5.94,,
1968-05-29,5.95,,
1968-05-30,,,
1968-05-31,5.86,,
1968-06-03,5.79,,
1968-06-04,5.78,,
1968-06-05,5.81,,
1968-06-06,5.83,,
1968-06-07,5.82,,
1968-06-10,5.8,,
1968-06-11,5.79,,
1968-06-12,5.77,,
1968-06-13,5.76,,
1968-06-14,5.72,,
1968-06-17,5.71,,
1968-06-18,5.71,,
1968-06-19,5.67,,
1968-06-20,5.62,,
1968-06-21,5.6,,
1968-06-24,5.61,,
1968-06-25,5.64,,
1968-06-26,5.64,,
1968-06-27,5.65,,
1968-06-28,5.64,,
1968-07-01,5.62,,
1968-07-02,5.58,,
1968-07-03,5.57,,
1968-07-04,,,
1968-07-05,5.56,,
1968-07-08,5.53,,
1968-07-09,5.51,,
1968-07-10,5.52,,
1968-07-11,5.52,,
1968-07-12,5.53,,
1968-07-15,5.56,,
1968-07-16,5.57,,
1968-07-17,5.55,,
1968-07-18,5.56,,
1968-07-19,5.53,,
1968-07-22,5.45,,
1968-07-23,5.38,,
1968-07-24,5.39,,
1968-07-25,5.37,,
1968-07-26,5.39,,
1968-07-29,5.41,,
1968-07-30,5.41,,
1968-07-31,5.39,,
1968-08-01,5.38,,
1968-08-02,5.34,,
1968-08-05,5.37,,
1968-08-06,5.38,,
1968-08-07,5.36,,
1968-08-08,5.37,,
1968-08-09,5.39,,
1968-08-12,5.42,,
1968-08-13,5.43,,
1968-08-14,5.43,,
1968-08-15,5.45,,
1968-08-16,5.42,,
1968-08-19,5.43,,
1968-08-20,5.43,,
1968-08-21,5.46,,
1968-08-22,5.5,,
1968-08-23,5.47,,
1968-08-26,5.46,,
1968-08-27,5.46,,
1968-08-28,5.45,,
1968-08-29,5.43,,
1968-08-30,5.42,,
1968-09-02,,,
1968-09-03,5.41,,
1968-09-04,5.43,,
1968-09-05,5.46,,
1968-09-06,5.48,,
1968-09-09,5.49,,
1968-09-10,5.51,,
1968-09-11,5.5,,
1968-09-12,5.49,,
1968-09-13,5.48,,
1968-09-16,5.46,,
1968-09-17,5.46,,
1968-09-18,5.42,,
1968-09-19,5.43,,
1968-09-20,5.45,,
1968-09-23,5.45,,
1968-09-24,5.44,,
1968-09-25,5.44,,
1968-09-26,5.45,,
1968-09-27,5.46,,
1968-09-30,5.49,,
1968-10-01,5.49,,
1968-10-02,5.49,,
1968-10-03,5.5,,
1968-10-04,5.52,,
1968-10-07,5.55,,
1968-10-08,5.57,,
1968-10-09,5.6,,
1968-10-10,5.61,,
1968-10-11,5.61,,
1968-10-14,5.62,,
1968-10-15,5.65,,
1968-10-16,5.62,,
1968-10-17,5.58,,
1968-10-18,5.57,,
1968-10-21,5.58,,
1968-10-22,5.58,,
1968-10-23,5.58,,
1968-10-24,5.61,,
1968-10-25,5.6,,
1968-10-28,5.61,,
1968-10-29,5.62,,
1968-10-30,5.63,,
1968-10-31,5.61,,
1968-11-01,5.61,,
1968-11-04,5.63,,
1968-11-05,,,
1968-11-06,5.62,,
1968-11-07,5.63,,
1968-11-08,5.65,,
1968-11-11,,,
1968-11-12,5.68,,
1968-11-13,5.66,,
1968-11-14,5.66,,
1968-11-15,5.68,,
1968-11-18,5.71,,
1968-11-19,5.74,,
1968-11-20,5.74,,
1968-11-21,5.73,,
1968-11-22,5.74,,
1968-11-25,5.75,,
1968-11-26,5.76,,
1968-11-27,5.76,,
1968-11-28,,,
1968-11-29,5.78,,
1968-12-02,5.89,,
1968-12-03,5.96,,
1968-12-04,5.95,,
1968-12-05,5.93,,
1968-12-06,5.91,,
1968-12-09,5.92,,
1968-12-10,5.93,,
1968-12-11,5.93,,
1968-12-12,5.94,,
1968-12-13,5.93,,
1968-12-16,5.96,,
1968-12-17,5.97,,
1968-12-18,6.0,,
1968-12-19,6.07,,
1968-12-20,6.14,,
1968-12-23,6.23,,
1968-12-24,6.27,,
1968-12-25,,,
1968-12-26,6.17,,
1968-12-27,6.2,,
1968-12-30,6.21,,
1968-12-31,6.16,,
1969-01-01,,,
1969-01-02,6.04,,
1969-01-03,6.01,,
1969-01-06,6.04,,
1969-01-07,6.14,,
1969-01-08,6.09,,
1969-01-09,6.04,,
1969-01-10,6.03,,
1969-01-13,6.04,,
1969-01-14,6.04,,
1969-01-15,6.02,,
1969-01-16,5.98,,
1969-01-17,5.97,,
1969-01-20,5.95,,
1969-01-21,5.97,,
1969-01-22,6.03,,
1969-01-23,6.02,,
1969-01-24,6.01,,
1969-01-27,6.03,,
1969-01-28,6.05,,
1969-01-29,6.09,,
1969-01-30,6.14,,
1969-01-31,6.19,,
1969-02-03,6.22,,
1969-02-04,6.2,,
1969-02-05,6.19,,
1969-02-06,6.2,,
1969-02-07,6.14,,
1969-02-10,6.14,,
1969-02-11,6.1,,
1969-02-12,,,
1969-02-13,6.09,,
1969-02-14,6.11,,
1969-02-17,6.14,,
1969-02-18,6.16,,
1969-02-19,6.2,,
1969-02-20,6.23,,
1969-02-21,6.24,,
1969-02-24,6.22,,
1969-02-25,6.24,,
1969-02-26,6.24,,
1969-02-27,6.27,,
1969-02-28,6.26,,
1969-03-03,6.25,,
1969-03-04,6.24,,
1969-03-05,6.24,,
1969-03-06,6.26,,
1969-03-07,6.27,,
1969-03-10,6.27,,
1969-03-11,6.3,,
1969-03-12,6.31,,
1969-03-13,6.32,,
1969-03-14,6.31,,
1969-03-17,6.35,,
1969-03-18,6.35,,
1969-03-19,6.32,,
1969-03-20,6.31,,
1969-03-21,6.29,,
1969-03-24,6.28,,
1969-03-25,6.3,,
1969-03-26,6.32,,
1969-03-27,6.33,,
1969-03-28,6.3,,
1969-03-31,,,
1969-04-01,6.25,,
1969-04-02,6.25,,
1969-04-03,6.26,,
1969-04-04,,,
1969-04-07,6.28,,
1969-04-08,6.25,,
1969-04-09,6.19,,
1969-04-10,6.18,,
1969-04-11,6.15,,
1969-04-14,6.06,,
1969-04-15,6.11,,
1969-04-16,6.1,,
1969-04-17,6.13,,
1969-04-18,6.16,,
1969-04-21,6.14,,
1969-04-22,6.12,,
1969-04-23,6.12,,
1969-04-24,6.14,,
1969-04-25,6.15,,
1969-04-28,6.19,,
1969-04-29,6.21,,
1969-04-30,6.2,,
1969-05-01,6.25,,
1969-05-02,6.23,,
1969-05-05,6.19,,
1969-05-06,6.22,,
1969-05-07,6.22,,
1969-05-08,6.2,,
1969-05-09,6.23,,
1969-05-12,6.27,,
1969-05-13,6.25,,
1969-05-14,6.24,,
1969-05-15,6.26,,
1969-05-16,6.31,,
1969-05-19,6.36,,
1969-05-20,6.36,,
1969-05-21,6.36,,
1969-05-22,6.36,,
1969-05-23,6.38,,
1969-05-26,6.44,,
1969-05-27,6.54,,
1969-05-28,6.56,,
1969-05-29,6.56,,
1969-05-30,,,
1969-06-02,6.56,,
1969-06-03,6.55,,
1969-06-04,6.56,,
1969-06-05,6.54,,
1969-06-06,6.52,,
1969-06-09,6.59,,
1969-06-10,6.56,,
1969-06-11,6.56,,
1969-06-12,6.54,,
1969-06-13,6.51,,
1969-06-16,6.49,,
1969-06-17,6.52,,
1969-06-18,6.53,,
1969-06-19,6.57,,
1969-06-20,6.59,,
1969-06-23,6.6,,
1969-06-24,6.63,,
1969-06-25,6.63,,
1969-06-26,6.62,,
1969-06-27,6.66,,
1969-06-30,6.73,,
1969-07-01,6.75,,
1969-07-02,6.77,,
1969-07-03,6.75,,
1969-07-04,,,
1969-07-07,6.76,,
1969-07-08,6.79,,
1969-07-09,6.82,,
1969-07-10,6.78,,
1969-07-11,6.64,,
1969-07-14,6.69,,
1969-07-15,6.72,,
1969-07-16,6.67,,
1969-07-17,6.69,,
1969-07-18,6.7,,
1969-07-21,,,
1969-07-22,6.66,,
1969-07-23,6.68,,
1969-07-24,6.7,,
1969-07-25,6.71,,
1969-07-28,6.73,,
1969-07-29,6.72,,
1969-07-30,6.72,,
1969-07-31,6.66,,
1969-08-01,6.66,,
1969-08-04,6.63,,
1969-08-05,6.6,,
1969-08-06,6.62,,
1969-08-07,6.63,,
1969-08-08,6.64,,
1969-08-11,6.69,,
1969-08-12,6.7,,
1969-08-13,6.7,,
1969-08-14,6.68,,
1969-08-15,6.68,,
1969-08-18,6.66,,
1969-08-19,6.65,,
1969-08-20,6.66,,
1969-08-21,6.68,,
1969-08-22,6.71,,
1969-08-25,6.72,,
1969-08-26,6.76,,
1969-08-27,6.79,,
1969-08-28,6.83,,
1969-08-29,6.83,,
1969-09-01,,,
1969-09-02,6.87,,
1969-09-03,6.94,,
1969-09-04,6.96,,
1969-09-05,6.99,,
1969-09-08,7.03,,
1969-09-09,7.04,,
1969-09-10,7.02,,
1969-09-11,7.05,,
1969-09-12,7.08,,
1969-09-15,7.09,,
1969-09-16,7.14,,
1969-09-17,7.14,,
1969-09-18,7.27,,
1969-09-19,7.28,,
1969-09-22,7.26,,
1969-09-23,7.26,,
1969-09-24,7.27,,
1969-09-25,7.3,,
1969-09-26,7.4,,
1969-09-29,7.45,,
1969-09-30,7.51,,
1969-10-01,7.52,,
1969-10-02,7.45,,
1969-10-03,7.38,,
1969-10-06,7.35,,
1969-10-07,7.31,,
1969-10-08,7.29,,
1969-10-09,7.3,,
1969-10-10,7.22,,
1969-10-13,,,
1969-10-14,7.1,,
1969-10-15,7.12,,
1969-10-16,7.04,,
1969-10-17,6.99,,
1969-10-20,6.83,,
1969-10-21,6.77,,
1969-10-22,6.8,,
1969-10-23,6.9,,
1969-10-24,6.9,,
1969-10-27,6.93,,
1969-10-28,7.0,,
1969-10-29,7.0,,
1969-10-30,6.96,,
1969-10-31,6.94,,
1969-11-03,6.9,,
1969-11-04,,,
1969-11-05,6.97,,
1969-11-06,7.01,,
1969-11-07,6.99,,
1969-11-10,6.99,,
1969-11-11,,,
1969-11-12,7.06,,
1969-11-13,7.12,,
1969-11-14,7.08,,
1969-11-17,7.13,,
1969-11-18,7.22,,
1969-11-19,7.25,,
1969-11-20,7.31,,
1969-11-21,7.28,,
1969-11-24,7.27,,
1969-11-25,7.28,,
1969-11-26,7.3,,
1969-11-27,,,
1969-11-28,7.29,,
1969-12-01,7.29,,
1969-12-02,7.35,,
1969-12-03,7.39,,
1969-12-04,7.35,,
1969-12-05,7.35,,
1969-12-08,7.4,,
1969-12-09,7.5,,
1969-12-10,7.59,,
1969-12-11,7.62,,
1969-12-12,7.6,,
1969-12-15,7.63,,
1969-12-16,7.72,,
1969-12-17,7.76,,
1969-12-18,7.81,,
1969-12-19,7.79,,
1969-12-22,7.76,,
1969-12-23,7.82,,
1969-12-24,7.89,,
1969-12-25,,,
1969-12-26,7.87,,
1969-12-29,8.05,,
1969-12-30,7.97,,
1969-12-31,7.88,,
1970-01-01,,,
1970-01-02,7.86,,
1970-01-05,7.88,,
1970-01-06,7.96,,
1970-01-07,7.99,,
1970-01-08,7.96,,
1970-01-09,7.86,,
1970-01-12,7.82,,
1970-01-13,7.81,,
1970-01-14,7.86,,
1970-01-15,7.85,,
1970-01-16,7.75,,
1970-01-19,7.69,,
1970-01-20,7.72,,
1970-01-21,7.69,,
1970-01-22,7.67,,
1970-01-23,7.69,,
1970-01-26,7.71,,
1970-01-27,7.7,,
1970-01-28,7.7,,
1970-01-29,7.77,,
1970-01-30,7.75,,
1970-02-02,7.65,,
1970-02-03,7.58,,
1970-02-04,7.5,,
1970-02-05,7.45,,
1970-02-06,7.36,,
1970-02-09,7.28,,
1970-02-10,7.32,,
1970-02-11,7.33,,
1970-02-12,,,
1970-02-13,7.15,,
1970-02-16,7.17,,
1970-02-17,7.15,,
1970-02-18,7.12,,
1970-02-19,7.09,,
1970-02-20,7.12,,
1970-02-23,,,
1970-02-24,7.14,,
1970-02-25,7.04,,
1970-02-26,6.94,,
1970-02-27,6.9,,
1970-03-02,6.95,,
1970-03-03,6.99,,
1970-03-04,6.97,,
1970-03-05,6.98,,
1970-03-06,6.96,,
1970-03-09,6.99,,
1970-03-10,7.04,,
1970-03-11,7.11,,
1970-03-12,7.16,,
1970-03-13,7.23,,
1970-03-16,7.24,,
1970-03-17,7.36,,
1970-03-18,7.28,,
1970-03-19,7.07,,
1970-03-20,7.06,,
1970-03-23,7.05,,
1970-03-24,7.02,,
1970-03-25,6.96,,
1970-03-26,6.98,,
1970-03-27,,,
1970-03-30,7.05,,
1970-03-31,7.08,,
1970-04-01,7.04,,
1970-04-02,7.08,,
1970-04-03,7.14,,
1970-04-06,7.17,,
1970-04-07,7.18,,
1970-04-08,7.17,,
1970-04-09,7.18,,
1970-04-10,7.17,,
1970-04-13,7.2,,
1970-04-14,7.22,,
1970-04-15,7.27,,
1970-04-16,7.34,,
1970-04-17,7.4,,
1970-04-20,7.44,,
1970-04-21,7.5,,
1970-04-22,7.61,,
1970-04-23,7.64,,
1970-04-24,7.72,,
1970-04-27,7.74,,
1970-04-28,7.79,,
1970-04-29,7.78,,
1970-04-30,7.82,,
1970-05-01,7.85,,
1970-05-04,7.94,,
1970-05-05,7.92,,
1970-05-06,7.86,,
1970-05-07,7.82,,
1970-05-08,7.78,,
1970-05-11,7.82,,
1970-05-12,7.84,,
1970-05-13,7.85,,
1970-05-14,7.86,,
1970-05-15,7.83,,
1970-05-18,7.8,,
1970-05-19,7.8,,
1970-05-20,7.85,,
1970-05-21,7.9,,
1970-05-22,7.99,,
1970-05-25,8.15,,
1970-05-26,8.22,,
1970-05-27,8.02,,
1970-05-28,7.98,,
1970-05-29,7.95,,
1970-06-01,7.84,,
1970-06-02,7.78,,
1970-06-03,7.76,,
1970-06-04,7.8,,
1970-06-05,7.88,,
1970-06-08,7.89,,
1970-06-09,7.88,,
1970-06-10,7.87,,
1970-06-11,7.92,,
1970-06-12,7.98,,
1970-06-15,7.98,,
1970-06-16,7.87,,
1970-06-17,7.9,,
1970-06-18,7.9,,
1970-06-19,7.9,,
1970-06-22,7.86,,
1970-06-23,7.79,,
1970-06-24,7.74,,
1970-06-25,7.76,,
1970-06-26,7.78,,
1970-06-29,7.76,,
1970-06-30,7.68,,
1970-07-01,7.64,,
1970-07-02,7.55,,
1970-07-03,,,
1970-07-06,7.49,,
1970-07-07,7.46,,
1970-07-08,7.49,,
1970-07-09,7.49,,
1970-07-10,7.54,,
1970-07-13,7.55,,
1970-07-14,7.53,,
1970-07-15,7.49,,
1970-07-16,7.46,,
1970-07-17,7.45,,
1970-07-20,7.46,,
1970-07-21,7.45,,
1970-07-22,7.43,,
1970-07-23,7.32,,
1970-07-24,7.34,,
1970-07-27,7.36,,
1970-07-28,7.41,,
1970-07-29,7.39,,
1970-07-30,7.38,,
1970-07-31,7.38,,
1970-08-03,7.39,,
1970-08-04,7.4,,
1970-08-05,7.42,,
1970-08-06,7.43,,
1970-08-07,7.45,,
1970-08-10,7.5,,
1970-08-11,7.54,,
1970-08-12,7.56,,
1970-08-13,7.58,,
1970-08-14,7.67,,
1970-08-17,7.71,,
1970-08-18,7.68,,
1970-08-19,7.65,,
1970-08-20,7.64,,
1970-08-21,7.6,,
1970-08-24,7.48,,
1970-08-25,7.46,,
1970-08-26,7.45,,
1970-08-27,7.48,,
1970-08-28,7.49,,
1970-08-31,7.49,,
1970-09-01,7.47,,
1970-09-02,7.48,,
1970-09-03,7.48,,
1970-09-04,7.47,,
1970-09-07,,,
1970-09-08,7.5,,
1970-09-09,7.54,,
1970-09-10,7.52,,
1970-09-11,7.5,,
1970-09-14,7.48,,
1970-09-15,7.46,,
1970-09-16,7.4,,
1970-09-17,7.32,,
1970-09-18,7.31,,
1970-09-21,7.29,,
1970-09-22,7.28,,
1970-09-23,7.24,,
1970-09-24,7.26,,
1970-09-25,7.28,,
1970-09-28,7.31,,
1970-09-29,7.3,,
1970-09-30,7.29,,
1970-10-01,7.29,,
1970-10-02,7.26,,
1970-10-05,7.26,,
1970-10-06,7.24,,
1970-10-07,7.23,,
1970-10-08,7.25,,
1970-10-09,7.25,,
1970-10-12,,,
1970-10-13,7.25,,
1970-10-14,7.3,,
1970-10-15,7.3,,
1970-10-16,7.31,,
1970-10-19,7.35,,
1970-10-20,7.37,,
1970-10-21,7.42,,
1970-10-22,7.46,,
1970-10-23,7.44,,
1970-10-26,7.44,,
1970-10-27,7.42,,
1970-10-28,7.38,,
1970-10-29,7.31,,
1970-10-30,7.33,,
1970-11-02,7.24,,
1970-11-03,,,
1970-11-04,7.23,,
1970-11-05,7.2,,
1970-11-06,7.15,,
1970-11-09,7.06,,
1970-11-10,7.06,,
1970-11-11,,,
1970-11-12,7.03,,
1970-11-13,7.0,,
1970-11-16,6.96,,
1970-11-17,6.93,,
1970-11-18,6.86,,
1970-11-19,6.72,,
1970-11-20,6.48,,
1970-11-23,6.32,,
1970-11-24,6.45,,
1970-11-25,6.48,,
1970-11-26,,,
1970-11-27,6.48,,
1970-11-30,6.49,,
1970-12-01,6.48,,
1970-12-02,6.41,,
1970-12-03,6.31,,
1970-12-04,6.21,,
1970-12-07,6.27,,
1970-12-08,6.29,,
1970-12-09,6.34,,
1970-12-10,6.34,,
1970-12-11,6.31,,
1970-12-14,6.26,,
1970-12-15,6.29,,
1970-12-16,6.29,,
1970-12-17,6.3,,
1970-12-18,6.33,,
1970-12-21,6.45,,
1970-12-22,6.52,,
1970-12-23,6.57,,
1970-12-24,6.53,,
1970-12-25,,,
1970-12-28,6.54,,
1970-12-29,6.56,,
1970-12-30,6.51,,
1970-12-31,6.5,,
1971-01-01,,,
1971-01-04,6.46,,
1971-01-05,6.47,,
1971-01-06,6.47,,
1971-01-07,6.45,,
1971-01-08,6.44,,
1971-01-11,6.39,,
1971-01-12,6.35,,
1971-01-13,6.29,,
1971-01-14,6.22,,
1971-01-15,6.22,,
1971-01-18,6.16,,
1971-01-19,6.17,,
1971-01-20,6.15,,
1971-01-21,6.09,,
1971-01-22,6.06,,
1971-01-25,6.05,,
1971-01-26,6.07,,
1971-01-27,6.09,,
1971-01-28,6.08,,
1971-01-29,6.09,,
1971-02-01,6.09,,
1971-02-02,6.11,,
1971-02-03,6.11,,
1971-02-04,6.1,,
1971-02-05,6.1,,
1971-02-08,6.09,,
1971-02-09,6.07,,
1971-02-10,6.08,,
1971-02-11,6.08,,
1971-02-12,,,
1971-02-15,,,
1971-02-16,6.11,,
1971-02-17,6.11,,
1971-02-18,6.11,,
1971-02-19,6.12,,
1971-02-22,6.15,,
1971-02-23,6.18,,
1971-02-24,6.16,,
1971-02-25,6.11,,
1971-02-26,6.14,,
1971-03-01,6.12,,
1971-03-02,6.09,,
1971-03-03,6.05,,
1971-03-04,6.05,,
1971-03-05,6.03,,
1971-03-08,5.99,,
1971-03-09,5.9,,
1971-03-10,5.8,,
1971-03-11,5.69,,
1971-03-12,5.72,,
1971-03-15,5.7,,
1971-03-16,5.68,,
1971-03-17,5.61,,
1971-03-18,5.55,,
1971-03-19,5.51,,
1971-03-22,5.42,,
1971-03-23,5.38,,
1971-03-24,5.41,,
1971-03-25,5.43,,
1971-03-26,5.48,,
1971-03-29,5.54,,
1971-03-30,5.5,,
1971-03-31,5.53,,
1971-04-01,5.58,,
1971-04-02,5.6,,
1971-04-05,5.63,,
1971-04-06,5.6,,
1971-04-07,5.58,,
1971-04-08,5.62,,
1971-04-09,,,
1971-04-12,5.73,,
1971-04-13,5.72,,
1971-04-14,5.77,,
1971-04-15,5.8,,
1971-04-16,5.82,,
1971-04-19,5.88,,
1971-04-20,5.97,,
1971-04-21,6.04,,
1971-04-22,6.02,,
1971-04-23,6.01,,
1971-04-26,6.0,,
1971-04-27,6.0,,
1971-04-28,5.99,,
1971-04-29,6.07,,
1971-04-30,6.08,,
1971-05-03,6.15,,
1971-05-04,6.25,,
1971-05-05,6.26,,
1971-05-06,6.28,,
1971-05-07,6.25,,
1971-05-10,6.22,,
1971-05-11,6.26,,
1971-05-12,6.35,,
1971-05-13,6.47,,
1971-05-14,6.49,,
1971-05-17,6.57,,
1971-05-18,6.65,,
1971-05-19,6.6,,
1971-05-20,6.49,,
1971-05-21,6.53,,
1971-05-24,6.49,,
1971-05-25,6.44,,
1971-05-26,6.37,,
1971-05-27,6.35,,
1971-05-28,6.38,,
1971-05-31,,,
1971-06-01,6.36,,
1971-06-02,6.24,,
1971-06-03,6.19,,
1971-06-04,6.26,,
1971-06-07,6.34,,
1971-06-08,6.38,,
1971-06-09,6.44,,
1971-06-10,6.48,,
1971-06-11,6.5,,
1971-06-14,6.63,,
1971-06-15,6.73,,
1971-06-16,6.68,,
1971-06-17,6.68,,
1971-06-18,6.58,,
1971-06-21,6.53,,
1971-06-22,6.62,,
1971-06-23,6.61,,
1971-06-24,6.61,,
1971-06-25,6.62,,
1971-06-28,6.64,,
1971-06-29,6.67,,
1971-06-30,6.7,,
1971-07-01,6.69,,
1971-07-02,6.69,,
1971-07-05,,,
1971-07-06,6.68,,
1971-07-07,6.66,,
1971-07-08,6.67,,
1971-07-09,6.68,,
1971-07-12,6.6,,
1971-07-13,6.61,,
1971-07-14,6.6,,
1971-07-15,6.59,,
1971-07-16,6.66,,
1971-07-19,6.71,,
1971-07-20,6.7,,
1971-07-21,6.7,,
1971-07-22,6.79,,
1971-07-23,6.84,,
1971-07-26,6.86,,
1971-07-27,6.91,,
1971-07-28,6.95,,
1971-07-29,6.88,,
1971-07-30,6.85,,
1971-08-02,6.86,,
1971-08-03,6.91,,
1971-08-04,6.89,,
1971-08-05,6.86,,
1971-08-06,6.86,,
1971-08-09,6.88,,
1971-08-10,6.89,,
1971-08-11,6.86,,
1971-08-12,6.8,,
1971-08-13,6.68,,
1971-08-16,6.41,,
1971-08-17,6.3,,
1971-08-18,6.35,,
1971-08-19,6.34,,
1971-08-20,6.37,,
1971-08-23,6.48,,
1971-08-24,6.38,,
1971-08-25,6.4,,
1971-08-26,6.37,,
1971-08-27,6.33,,
1971-08-30,6.32,,
1971-08-31,6.28,,
1971-09-01,6.22,,
1971-09-02,6.17,,
1971-09-03,6.12,,
1971-09-06,,,
1971-09-07,6.07,,
1971-09-08,6.08,,
1971-09-09,6.13,,
1971-09-10,6.12,,
1971-09-13,6.2,,
1971-09-14,6.18,,
1971-09-15,6.17,,
1971-09-16,6.14,,
1971-09-17,6.13,,
1971-09-20,6.15,,
1971-09-21,6.17,,
1971-09-22,6.19,,
1971-09-23,6.2,,
1971-09-24,6.16,,
1971-09-27,6.13,,
1971-09-28,6.12,,
1971-09-29,6.08,,
1971-09-30,6.0,,
1971-10-01,6.0,,
1971-10-04,5.98,,
1971-10-05,6.01,,
1971-10-06,5.98,,
1971-10-07,5.97,,
1971-10-08,5.94,,
1971-10-11,,,
1971-10-12,5.88,,
1971-10-13,5.86,,
1971-10-14,5.88,,
1971-10-15,5.9,,
1971-10-18,5.95,,
1971-10-19,5.96,,
1971-10-20,5.92,,
1971-10-21,5.88,,
1971-10-22,5.9,,
1971-10-25,,,
1971-10-26,5.89,,
1971-10-27,5.92,,
1971-10-28,5.9,,
1971-10-29,5.87,,
1971-11-01,5.8,,
1971-11-02,,,
1971-11-03,5.72,,
1971-11-04,5.72,,
1971-11-05,5.72,,
1971-11-08,5.77,,
1971-11-09,5.77,,
1971-11-10,5.82,,
1971-11-11,5.79,,
1971-11-12,5.77,,
1971-11-15,5.77,,
1971-11-16,5.76,,
1971-11-17,5.75,,
1971-11-18,5.77,,
1971-11-19,5.79,,
1971-11-22,5.82,,
1971-11-23,5.89,,
1971-11-24,5.95,,
1971-11-25,,,
1971-11-26,5.94,,
1971-11-29,5.95,,
1971-11-30,5.93,,
1971-12-01,5.92,,
1971-12-02,5.9,,
1971-12-03,5.88,,
1971-12-06,5.88,,
1971-12-07,5.92,,
1971-12-08,5.92,,
1971-12-09,5.94,,
1971-12-10,5.93,,
1971-12-13,5.9,,
1971-12-14,5.94,,
1971-12-15,5.96,,
1971-12-16,5.95,,
1971-12-17,5.93,,
1971-12-20,5.97,,
1971-12-21,6.0,,
1971-12-22,6.01,,
1971-12-23,5.97,,
1971-12-24,,,
1971-12-27,5.91,,
1971-12-28,5.86,,
1971-12-29,5.9,,
1971-12-30,5.9,,
1971-12-31,5.89,,
1972-01-03,5.94,,
1972-01-04,5.93,,
1972-01-05,5.91,,
1972-01-06,5.9,,
1972-01-07,5.88,,
1972-01-10,5.86,,
1972-01-11,5.88,,
1972-01-12,5.88,,
1972-01-13,5.86,,
1972-01-14,5.85,,
1972-01-17,5.89,,
1972-01-18,5.92,,
1972-01-19,5.96,,
1972-01-20,5.98,,
1972-01-21,5.99,,
1972-01-24,6.02,,
1972-01-25,6.02,,
1972-01-26,6.01,,
1972-01-27,6.05,,
1972-01-28,6.08,,
1972-01-31,6.09,,
1972-02-01,6.09,,
1972-02-02,6.08,,
1972-02-03,6.08,,
1972-02-04,6.08,,
1972-02-07,6.09,,
1972-02-08,6.11,,
1972-02-09,6.12,,
1972-02-10,6.11,,
1972-02-11,6.12,,
1972-02-14,6.1,,
1972-02-15,6.1,,
1972-02-16,6.08,,
1972-02-17,6.06,,
1972-02-18,6.06,,
1972-02-21,,,
1972-02-22,6.06,,
1972-02-23,6.07,,
1972-02-24,6.07,,
1972-02-25,6.06,,
1972-02-28,6.04,,
1972-02-29,6.04,,
1972-03-01,6.04,,
1972-03-02,6.03,,
1972-03-03,6.02,,
1972-03-06,6.01,,
1972-03-07,6.02,,
1972-03-08,6.02,,
1972-03-09,6.02,,
1972-03-10,6.03,,
1972-03-13,6.07,,
1972-03-14,6.06,,
1972-03-15,6.11,,
1972-03-16,6.08,,
1972-03-17,6.08,,
1972-03-20,6.09,,
1972-03-21,6.08,,
1972-03-22,6.08,,
1972-03-23,6.1,,
1972-03-24,6.12,,
1972-03-27,6.1,,
1972-03-28,6.11,,
1972-03-29,6.12,,
1972-03-30,6.12,,
1972-03-31,,,
1972-04-03,6.14,,
1972-04-04,6.18,,
1972-04-05,6.18,,
1972-04-06,6.18,,
1972-04-07,6.18,,
1972-04-10,6.17,,
1972-04-11,6.18,,
1972-04-12,6.21,,
1972-04-13,6.25,,
1972-04-14,6.25,,
1972-04-17,6.24,,
1972-04-18,6.24,,
1972-04-19,6.22,,
1972-04-20,6.21,,
1972-04-21,6.2,,
1972-04-24,6.21,,
1972-04-25,6.21,,
1972-04-26,6.19,,
1972-04-27,6.11,,
1972-04-28,6.14,,
1972-05-01,6.14,,
1972-05-02,6.16,,
1972-05-03,6.17,,
1972-05-04,6.17,,
1972-05-05,6.17,,
1972-05-08,6.17,,
1972-05-09,6.2,,
1972-05-10,6.19,,
1972-05-11,6.19,,
1972-05-12,6.16,,
1972-05-15,6.16,,
1972-05-16,6.16,,
1972-05-17,6.15,,
1972-05-18,6.13,,
1972-05-19,6.1,,
1972-05-22,6.07,,
1972-05-23,6.05,,
1972-05-24,6.06,,
1972-05-25,6.04,,
1972-05-26,6.04,,
1972-05-29,,,
1972-05-30,6.05,,
1972-05-31,6.05,,
1972-06-01,6.07,,
1972-06-02,6.09,,
1972-06-05,6.1,,
1972-06-06,6.13,,
1972-06-07,6.12,,
1972-06-08,6.12,,
1972-06-09,6.11,,
1972-06-12,6.1,,
1972-06-13,6.1,,
1972-06-14,6.1,,
1972-06-15,6.1,,
1972-06-16,6.1,,
1972-06-19,6.08,,
1972-06-20,6.08,,
1972-06-21,6.09,,
1972-06-22,6.11,,
1972-06-23,6.1,,
1972-06-26,6.12,,
1972-06-27,6.12,,
1972-06-28,6.12,,
1972-06-29,6.14,,
1972-06-30,6.15,,
1972-07-03,6.14,,
1972-07-04,,,
1972-07-05,6.13,,
1972-07-06,6.13,,
1972-07-07,6.13,,
1972-07-10,6.13,,
1972-07-11,6.13,,
1972-07-12,6.12,,
1972-07-13,6.11,,
1972-07-14,6.1,,
1972-07-17,6.11,,
1972-07-18,6.11,,
1972-07-19,6.09,,
1972-07-20,6.09,,
1972-07-21,6.1,,
1972-07-24,6.1,,
1972-07-25,6.09,,
1972-07-26,6.08,,
1972-07-27,6.13,,
1972-07-28,6.12,,
1972-07-31,6.12,,
1972-08-01,6.14,,
1972-08-02,6.14,,
1972-08-03,6.15,,
1972-08-04,6.16,,
1972-08-07,6.16,,
1972-08-08,6.15,,
1972-08-09,6.14,,
1972-08-10,6.14,,
1972-08-11,6.14,,
1972-08-14,6.16,,
1972-08-15,6.17,,
1972-08-16,6.18,,
1972-08-17,6.2,,
1972-08-18,6.21,,
1972-08-21,6.21,,
1972-08-22,6.2,,
1972-08-23,6.22,,
1972-08-24,6.23,,
1972-08-25,6.26,,
1972-08-28,6.3,,
1972-08-29,6.34,,
1972-08-30,6.42,,
1972-08-31,6.42,,
1972-09-01,6.43,,
1972-09-04,,,
1972-09-05,6.46,,
1972-09-06,6.49,,
1972-09-07,6.52,,
1972-09-08,6.56,,
1972-09-11,6.54,,
1972-09-12,6.54,,
1972-09-13,6.54,,
1972-09-14,6.57,,
1972-09-15,6.56,,
1972-09-18,6.55,,
1972-09-19,6.55,,
1972-09-20,6.56,,
1972-09-21,6.59,,
1972-09-22,6.62,,
1972-09-25,6.62,,
1972-09-26,6.6,,
1972-09-27,6.59,,
1972-09-28,6.56,,
1972-09-29,6.54,,
1972-10-02,6.54,,
1972-10-03,6.54,,
1972-10-04,6.53,,
1972-10-05,6.53,,
1972-10-06,6.52,,
1972-10-09,,,
1972-10-10,6.48,,
1972-10-11,6.47,,
1972-10-12,6.5,,
1972-10-13,6.5,,
1972-10-16,6.49,,
1972-10-17,6.49,,
1972-10-18,6.49,,
1972-10-19,6.48,,
1972-10-20,6.47,,
1972-10-23,,,
1972-10-24,6.45,,
1972-10-25,6.44,,
1972-10-26,6.42,,
1972-10-27,6.42,,
1972-10-30,6.42,,
1972-10-31,6.41,,
1972-11-01,6.39,,
1972-11-02,6.34,,
1972-11-03,6.3,,
1972-11-06,6.27,,
1972-11-07,,,
1972-11-08,6.3,,
1972-11-09,6.3,,
1972-11-10,6.3,,
1972-11-13,6.27,,
1972-11-14,6.26,,
1972-11-15,6.23,,
1972-11-16,6.24,,
1972-11-17,6.24,,
1972-11-20,6.23,,
1972-11-21,6.26,,
1972-11-22,6.27,,
1972-11-23,,,
1972-11-24,6.27,,
1972-11-27,6.3,,
1972-11-28,6.29,,
1972-11-29,6.27,,
1972-11-30,6.28,,
1972-12-01,6.29,,
1972-12-04,6.3,,
1972-12-05,6.31,,
1972-12-06,6.31,,
1972-12-07,6.31,,
1972-12-08,6.32,,
1972-12-11,6.34,,
1972-12-12,6.35,,
1972-12-13,6.35,,
1972-12-14,6.35,,
1972-12-15,6.35,,
1972-12-18,6.38,,
1972-12-19,6.4,,
1972-12-20,6.4,,
1972-12-21,6.4,,
1972-12-22,6.4,,
1972-12-25,,,
1972-12-26,6.39,,
1972-12-27,6.4,,
1972-12-28,6.41,,
1972-12-29,6.41,,
1973-01-01,,,
1973-01-02,6.43,,
1973-01-03,6.42,,
1973-01-04,6.4,,
1973-01-05,6.42,,
1973-01-08,6.43,,
1973-01-09,6.42,,
1973-01-10,6.43,,
1973-01-11,6.43,,
1973-01-12,6.44,,
1973-01-15,6.44,,
1973-01-16,6.44,,
1973-01-17,6.45,,
1973-01-18,6.46,,
1973-01-19,6.49,,
1973-01-22,6.5,,
1973-01-23,6.48,,
1973-01-24,6.49,,
1973-01-25,6.51,,
1973-01-26,6.53,,
1973-01-29,6.55,,
1973-01-30,6.52,,
1973-01-31,6.54,,
1973-02-01,6.6,,
1973-02-02,6.64,,
1973-02-05,6.64,,
1973-02-06,6.64,,
1973-02-07,6.64,,
1973-02-08,6.66,,
1973-02-09,6.63,,
1973-02-12,,,
1973-02-13,6.61,,
1973-02-14,6.62,,
1973-02-15,6.62,,
1973-02-16,6.63,,
1973-02-19,,,
1973-02-20,6.66,,
1973-02-21,6.66,,
1973-02-22,6.65,,
1973-02-23,6.61,,
1973-02-26,6.65,,
1973-02-27,6.64,,
1973-02-28,6.64,,
1973-03-01,6.65,,
1973-03-02,6.67,,
1973-03-05,6.68,,
1973-03-06,6.68,,
1973-03-07,6.66,,
1973-03-08,6.67,,
1973-03-09,6.68,,
1973-03-12,6.68,,
1973-03-13,6.7,,
1973-03-14,6.71,,
1973-03-15,6.73,,
1973-03-16,6.77,,
1973-03-19,6.75,,
1973-03-20,6.76,,
1973-03-21,6.76,,
1973-03-22,6.76,,
1973-03-23,6.76,,
1973-03-26,6.73,,
1973-03-27,6.72,,
1973-03-28,6.67,,
1973-03-29,6.68,,
1973-03-30,6.73,,
1973-04-02,6.74,,
1973-04-03,6.73,,
1973-04-04,6.7,,
1973-04-05,6.68,,
1973-04-06,6.64,,
1973-04-09,6.62,,
1973-04-10,6.64,,
1973-04-11,6.65,,
1973-04-12,6.66,,
1973-04-13,6.63,,
1973-04-16,6.62,,
1973-04-17,6.64,,
1973-04-18,6.64,,
1973-04-19,6.66,,
1973-04-20,,,
1973-04-23,6.73,,
1973-04-24,6.66,,
1973-04-25,6.66,,
1973-04-26,6.68,,
1973-04-27,6.69,,
1973-04-30,6.7,,
1973-05-01,6.72,,
1973-05-02,6.76,,
1973-05-03,6.77,,
1973-05-04,6.79,,
1973-05-07,6.81,,
1973-05-08,6.8,,
1973-05-09,6.8,,
1973-05-10,6.81,,
1973-05-11,6.82,,
1973-05-14,6.83,,
1973-05-15,6.86,,
1973-05-16,6.84,,
1973-05-17,6.85,,
1973-05-18,6.86,,
1973-05-21,6.89,,
1973-05-22,6.9,,
1973-05-23,6.92,,
1973-05-24,6.91,,
1973-05-25,6.91,,
1973-05-28,,,
1973-05-29,6.93,,
1973-05-30,6.93,,
1973-05-31,6.93,,
1973-06-01,6.96,,
1973-06-04,6.98,,
1973-06-05,6.95,,
1973-06-06,6.89,,
1973-06-07,6.89,,
1973-06-08,6.87,,
1973-06-11,6.87,,
1973-06-12,6.86,,
1973-06-13,6.85,,
1973-06-14,6.85,,
1973-06-15,6.86,,
1973-06-18,6.87,,
1973-06-19,6.87,,
1973-06-20,6.89,,
1973-06-21,6.89,,
1973-06-22,6.91,,
1973-06-25,6.93,,
1973-06-26,6.93,,
1973-06-27,6.92,,
1973-06-28,6.92,,
1973-06-29,6.94,,
1973-07-02,7.01,,
1973-07-03,7.01,,
1973-07-04,,,
1973-07-05,7.01,,
1973-07-06,7.03,,
1973-07-09,7.05,,
1973-07-10,7.05,,
1973-07-11,7.05,,
1973-07-12,7.04,,
1973-07-13,7.05,,
1973-07-16,7.06,,
1973-07-17,7.06,,
1973-07-18,7.07,,
1973-07-19,7.11,,
1973-07-20,7.17,,
1973-07-23,7.17,,
1973-07-24,7.19,,
1973-07-25,7.19,,
1973-07-26,7.28,,
1973-07-27,7.35,,
1973-07-30,7.37,,
1973-07-31,7.43,,
1973-08-01,7.55,,
1973-08-02,7.52,,
1973-08-03,7.53,,
1973-08-06,7.54,,
1973-08-07,7.58,,
1973-08-08,7.52,,
1973-08-09,7.54,,
1973-08-10,7.52,,
1973-08-13,7.47,,
1973-08-14,7.46,,
1973-08-15,7.45,,
1973-08-16,7.37,,
1973-08-17,7.28,,
1973-08-20,7.38,,
1973-08-21,7.36,,
1973-08-22,7.39,,
1973-08-23,7.31,,
1973-08-24,7.23,,
1973-08-27,7.26,,
1973-08-28,7.29,,
1973-08-29,7.26,,
1973-08-30,7.25,,
1973-08-31,7.25,,
1973-09-03,,,
1973-09-04,7.21,,
1973-09-05,7.11,,
1973-09-06,7.1,,
1973-09-07,7.11,,
1973-09-10,7.16,,
1973-09-11,7.19,,
1973-09-12,7.2,,
1973-09-13,7.21,,
1973-09-14,7.21,,
1973-09-17,7.16,,
1973-09-18,7.08,,
1973-09-19,7.1,,
1973-09-20,7.09,,
1973-09-21,7.02,,
1973-09-24,7.0,,
1973-09-25,6.96,,
1973-09-26,6.97,,
1973-09-27,6.94,,
1973-09-28,6.9,,
1973-10-01,6.91,,
1973-10-02,6.89,,
1973-10-03,6.9,,
1973-10-04,6.88,,
1973-10-05,6.86,,
1973-10-08,,,
1973-10-09,6.78,,
1973-10-10,6.77,,
1973-10-11,6.78,,
1973-10-12,6.75,,
1973-10-15,6.77,,
1973-10-16,6.81,,
1973-10-17,6.82,,
1973-10-18,6.81,,
1973-10-19,6.8,,
1973-10-22,,,
1973-10-23,6.8,,
1973-10-24,6.75,,
1973-10-25,6.73,,
1973-10-26,6.72,,
1973-10-29,6.72,,
1973-10-30,6.72,,
1973-10-31,6.71,,
1973-11-01,6.71,,
1973-11-02,6.72,,
1973-11-05,6.74,,
1973-11-06,,,
1973-11-07,6.76,,
1973-11-08,6.77,,
1973-11-09,6.76,,
1973-11-12,6.76,,
1973-11-13,6.76,,
1973-11-14,6.79,,
1973-11-15,6.76,,
1973-11-16,6.72,,
1973-11-19,6.71,,
1973-11-20,6.72,,
1973-11-21,6.71,,
1973-11-22,,,
1973-11-23,6.7,,
1973-11-26,6.69,,
1973-11-27,6.7,,
1973-11-28,6.7,,
1973-11-29,6.7,,
1973-11-30,6.69,,
1973-12-03,6.69,,
1973-12-04,6.69,,
1973-12-05,6.72,,
1973-12-06,6.75,,
1973-12-07,6.74,,
1973-12-10,6.71,,
1973-12-11,6.69,,
1973-12-12,6.69,,
1973-12-13,6.68,,
1973-12-14,6.68,,
1973-12-17,6.67,,
1973-12-18,6.68,,
1973-12-19,6.71,,
1973-12-20,6.73,,
1973-12-21,6.78,,
1973-12-24,,,
1973-12-25,,,
1973-12-26,6.83,,
1973-12-27,6.88,,
1973-12-28,6.91,,
1973-12-31,6.9,,
1974-01-01,,,
1974-01-02,6.94,,
1974-01-03,6.96,,
1974-01-04,6.94,,
1974-01-07,6.96,,
1974-01-08,6.96,,
1974-01-09,6.96,,
1974-01-10,7.0,,
1974-01-11,7.01,,
1974-01-14,7.01,,
1974-01-15,6.99,,
1974-01-16,6.99,,
1974-01-17,6.97,,
1974-01-18,6.98,,
1974-01-21,6.99,,
1974-01-22,7.0,,
1974-01-23,7.01,,
1974-01-24,7.02,,
1974-01-25,7.02,,
1974-01-28,7.01,,
1974-01-29,7.02,,
1974-01-30,7.01,,
1974-01-31,7.0,,
1974-02-01,7.0,,
1974-02-04,6.98,,
1974-02-05,6.95,,
1974-02-06,6.93,,
1974-02-07,6.93,,
1974-02-08,6.93,,
1974-02-11,6.93,,
1974-02-12,,,
1974-02-13,6.93,,
1974-02-14,6.93,,
1974-02-15,6.93,,
1974-02-18,,,
1974-02-19,6.93,,
1974-02-20,6.96,,
1974-02-21,6.98,,
1974-02-22,6.97,,
1974-02-25,6.96,,
1974-02-26,6.98,,
1974-02-27,7.0,,
1974-02-28,7.01,,
1974-03-01,7.08,,
1974-03-04,7.09,,
1974-03-05,7.1,,
1974-03-06,7.09,,
1974-03-07,7.06,,
1974-03-08,7.06,,
1974-03-11,7.08,,
1974-03-12,7.09,,
1974-03-13,7.13,,
1974-03-14,7.13,,
1974-03-15,7.18,,
1974-03-18,7.23,,
1974-03-19,7.24,,
1974-03-20,7.27,,
1974-03-21,7.3,,
1974-03-22,7.35,,
1974-03-25,7.39,,
1974-03-26,7.38,,
1974-03-27,7.35,,
1974-03-28,7.38,,
1974-03-29,7.41,,
1974-04-01,7.42,,
1974-04-02,7.43,,
1974-04-03,7.43,,
1974-04-04,7.51,,
1974-04-05,7.54,,
1974-04-08,7.5,,
1974-04-09,7.49,,
1974-04-10,7.46,,
1974-04-11,7.45,,
1974-04-12,,,
1974-04-15,7.42,,
1974-04-16,7.43,,
1974-04-17,7.45,,
1974-04-18,7.5,,
1974-04-19,7.51,,
1974-04-22,7.52,,
1974-04-23,7.54,,
1974-04-24,7.58,,
1974-04-25,7.63,,
1974-04-26,7.64,,
1974-04-29,7.65,,
1974-04-30,7.66,,
1974-05-01,7.62,,
1974-05-02,7.58,,
1974-05-03,7.65,,
1974-05-06,7.65,,
1974-05-07,7.65,,
1974-05-08,7.65,,
1974-05-09,7.7,,
1974-05-10,7.63,,
1974-05-13,7.54,,
1974-05-14,7.57,,
1974-05-15,7.55,,
1974-05-16,7.54,,
1974-05-17,7.57,,
1974-05-20,7.58,,
1974-05-21,7.57,,
1974-05-22,7.56,,
1974-05-23,7.52,,
1974-05-24,7.49,,
1974-05-27,,,
1974-05-28,7.5,,
1974-05-29,7.52,,
1974-05-30,7.51,,
1974-05-31,7.52,,
1974-06-03,7.53,,
1974-06-04,7.52,,
1974-06-05,7.52,,
1974-06-06,7.5,,
1974-06-07,7.46,,
1974-06-10,7.47,,
1974-06-11,7.48,,
1974-06-12,7.5,,
1974-06-13,7.5,,
1974-06-14,7.5,,
1974-06-17,7.49,,
1974-06-18,7.52,,
1974-06-19,7.52,,
1974-06-20,7.55,,
1974-06-21,7.55,,
1974-06-24,7.58,,
1974-06-25,7.62,,
1974-06-26,7.62,,
1974-06-27,7.64,,
1974-06-28,7.64,,
1974-07-01,7.65,,
1974-07-02,7.65,,
1974-07-03,7.7,,
1974-07-04,,,
1974-07-05,7.71,,
1974-07-08,7.77,,
1974-07-09,7.81,,
1974-07-10,7.82,,
1974-07-11,7.84,,
1974-07-12,7.85,,
1974-07-15,7.86,,
1974-07-16,7.88,,
1974-07-17,7.91,,
1974-07-18,7.9,,
1974-07-19,7.87,,
1974-07-22,7.77,,
1974-07-23,7.79,,
1974-07-24,7.76,,
1974-07-25,7.75,,
1974-07-26,7.79,,
1974-07-29,7.85,,
1974-07-30,7.89,,
1974-07-31,7.89,,
1974-08-01,7.92,,
1974-08-02,7.96,,
1974-08-05,7.99,,
1974-08-06,7.97,,
1974-08-07,7.97,,
1974-08-08,7.97,,
1974-08-09,8.03,,
1974-08-12,8.05,,
1974-08-13,8.06,,
1974-08-14,8.05,,
1974-08-15,8.02,,
1974-08-16,8.0,,
1974-08-19,7.98,,
1974-08-20,7.99,,
1974-08-21,8.05,,
1974-08-22,8.09,,
1974-08-23,8.15,,
1974-08-26,8.16,,
1974-08-27,8.15,,
1974-08-28,8.15,,
1974-08-29,8.15,,
1974-08-30,8.11,,
1974-09-02,,,
1974-09-03,8.11,,
1974-09-04,8.12,,
1974-09-05,8.1,,
1974-09-06,8.09,,
1974-09-09,8.02,,
1974-09-10,8.04,,
1974-09-11,8.05,,
1974-09-12,8.13,,
1974-09-13,8.13,,
1974-09-16,8.1,,
1974-09-17,8.09,,
1974-09-18,8.08,,
1974-09-19,8.04,,
1974-09-20,8.02,,
1974-09-23,7.91,,
1974-09-24,7.94,,
1974-09-25,7.94,,
1974-09-26,7.96,,
1974-09-27,7.94,,
1974-09-30,7.94,,
1974-10-01,7.97,,
1974-10-02,7.98,,
1974-10-03,8.04,,
1974-10-04,8.02,,
1974-10-07,8.01,,
1974-10-08,7.95,,
1974-10-09,7.95,,
1974-10-10,7.93,,
1974-10-11,7.88,,
1974-10-14,,,
1974-10-15,7.87,,
1974-10-16,7.87,,
1974-10-17,7.88,,
1974-10-18,7.86,,
1974-10-21,7.81,,
1974-10-22,7.81,,
1974-10-23,7.85,,
1974-10-24,7.87,,
1974-10-25,7.86,,
1974-10-28,7.88,,
1974-10-29,7.84,,
1974-10-30,7.81,,
1974-10-31,7.79,,
1974-11-01,7.8,,
1974-11-04,7.8,,
1974-11-05,,,
1974-11-06,7.76,,
1974-11-07,7.74,,
1974-11-08,7.72,,
1974-11-11,,,
1974-11-12,7.78,,
1974-11-13,7.75,,
1974-11-14,7.72,,
1974-11-15,7.61,,
1974-11-18,7.63,,
1974-11-19,7.63,,
1974-11-20,7.59,,
1974-11-21,7.6,,
1974-11-22,7.6,,
1974-11-25,7.62,,
1974-11-26,7.63,,
1974-11-27,7.64,,
1974-11-28,,,
1974-11-29,7.64,,
1974-12-02,7.71,,
1974-12-03,7.74,,
1974-12-04,7.68,,
1974-12-05,7.64,,
1974-12-06,7.59,,
1974-12-09,7.4,,
1974-12-10,7.42,,
1974-12-11,7.38,,
1974-12-12,7.39,,
1974-12-13,7.38,,
1974-12-16,7.34,,
1974-12-17,7.28,,
1974-12-18,7.25,,
1974-12-19,7.25,,
1974-12-20,7.27,,
1974-12-23,7.41,,
1974-12-24,7.43,,
1974-12-25,,,
1974-12-26,7.37,,
1974-12-27,7.39,,
1974-12-30,7.39,,
1974-12-31,7.4,,
1975-01-01,,,
1975-01-02,7.42,,
1975-01-03,7.43,,
1975-01-06,7.39,,
1975-01-07,7.38,,
1975-01-08,7.39,,
1975-01-09,7.35,,
1975-01-10,7.37,,
1975-01-13,7.46,,
1975-01-14,7.49,,
1975-01-15,7.54,,
1975-01-16,7.54,,
1975-01-17,7.53,,
1975-01-20,7.59,,
1975-01-21,7.55,,
1975-01-22,7.51,,
1975-01-23,7.57,,
1975-01-24,7.64,,
1975-01-27,7.61,,
1975-01-28,7.61,,
1975-01-29,7.59,,
1975-01-30,7.54,,
1975-01-31,7.53,,
1975-02-03,7.49,,
1975-02-04,7.47,,
1975-02-05,7.35,,
1975-02-06,7.43,,
1975-02-07,7.38,,
1975-02-10,7.45,,
1975-02-11,7.42,,
1975-02-12,,,
1975-02-13,7.44,,
1975-02-14,7.35,,
1975-02-17,,,
1975-02-18,7.28,,
1975-02-19,7.26,,
1975-02-20,7.3,,
1975-02-21,7.22,,
1975-02-24,7.36,,
1975-02-25,7.43,,
1975-02-26,7.5,,
1975-02-27,7.47,,
1975-02-28,7.46,,
1975-03-03,7.5,,
1975-03-04,7.53,,
1975-03-05,7.48,,
1975-03-06,7.49,,
1975-03-07,7.52,,
1975-03-10,7.56,,
1975-03-11,7.58,,
1975-03-12,7.58,,
1975-03-13,7.56,,
1975-03-14,7.58,,
1975-03-17,7.7,,
1975-03-18,7.7,,
1975-03-19,7.8,,
1975-03-20,7.95,,
1975-03-21,7.84,,
1975-03-24,8.05,,
1975-03-25,8.03,,
1975-03-26,8.02,,
1975-03-27,8.08,,
1975-03-28,,,
1975-03-31,8.01,,
1975-04-01,8.08,,
1975-04-02,8.22,,
1975-04-03,8.13,,
1975-04-04,8.15,,
1975-04-07,8.26,,
1975-04-08,8.21,,
1975-04-09,8.17,,
1975-04-10,8.19,,
1975-04-11,8.22,,
1975-04-14,8.16,,
1975-04-15,8.16,,
1975-04-16,8.15,,
1975-04-17,8.21,,
1975-04-18,8.27,,
1975-04-21,8.32,,
1975-04-22,8.32,,
1975-04-23,8.27,,
1975-04-24,8.25,,
1975-04-25,8.25,,
1975-04-28,8.35,,
1975-04-29,8.34,,
1975-04-30,8.31,,
1975-05-01,8.31,,
1975-05-02,8.11,,
1975-05-05,8.08,,
1975-05-06,8.11,,
1975-05-07,8.07,,
1975-05-08,8.09,,
1975-05-09,8.08,,
1975-05-12,8.07,,
1975-05-13,8.06,,
1975-05-14,8.02,,
1975-05-15,8.02,,
1975-05-16,8.01,,
1975-05-19,8.0,,
1975-05-20,7.98,,
1975-05-21,7.98,,
1975-05-22,8.02,,
1975-05-23,8.02,,
1975-05-26,,,
1975-05-27,7.98,,
1975-05-28,8.02,,
1975-05-29,8.18,,
1975-05-30,8.04,,
1975-06-02,8.02,,
1975-06-03,8.0,,
1975-06-04,7.99,,
1975-06-05,7.97,,
1975-06-06,7.88,,
1975-06-09,7.78,,
1975-06-10,7.77,,
1975-06-11,7.65,,
1975-06-12,7.67,,
1975-06-13,7.69,,
1975-06-16,7.66,,
1975-06-17,7.72,,
1975-06-18,7.83,,
1975-06-19,7.8,,
1975-06-20,7.94,,
1975-06-23,7.9,,
1975-06-24,7.9,,
1975-06-25,8.02,,
1975-06-26,7.98,,
1975-06-27,7.95,,
1975-06-30,7.96,,
1975-07-01,7.97,,
1975-07-02,8.05,,
1975-07-03,8.05,,
1975-07-04,,,
1975-07-07,8.06,,
1975-07-08,8.01,,
1975-07-09,8.02,,
1975-07-10,8.02,,
1975-07-11,7.99,,
1975-07-14,7.99,,
1975-07-15,7.98,,
1975-07-16,8.03,,
1975-07-17,8.04,,
1975-07-18,8.06,,
1975-07-21,8.07,,
1975-07-22,8.1,,
1975-07-23,8.09,,
1975-07-24,8.09,,
1975-07-25,8.12,,
1975-07-28,8.12,,
1975-07-29,8.13,,
1975-07-30,8.16,,
1975-07-31,8.2,,
1975-08-01,8.26,,
1975-08-04,8.37,,
1975-08-05,8.37,,
1975-08-06,8.4,,
1975-08-07,8.48,,
1975-08-08,8.4,,
1975-08-11,8.38,,
1975-08-12,8.4,,
1975-08-13,8.39,,
1975-08-14,8.45,,
1975-08-15,8.48,,
1975-08-18,8.46,,
1975-08-19,8.42,,
1975-08-20,8.42,,
1975-08-21,8.48,,
1975-08-22,8.46,,
1975-08-25,8.46,,
1975-08-26,8.4,,
1975-08-27,8.37,,
1975-08-28,8.28,,
1975-08-29,8.22,,
1975-09-01,,,
1975-09-02,8.26,,
1975-09-03,8.29,,
1975-09-04,8.29,,
1975-09-05,8.35,,
1975-09-08,8.36,,
1975-09-09,8.4,,
1975-09-10,8.46,,
1975-09-11,8.55,,
1975-09-12,8.57,,
1975-09-15,8.58,,
1975-09-16,8.59,,
1975-09-17,8.53,,
1975-09-18,8.5,,
1975-09-19,8.42,,
1975-09-22,8.38,,
1975-09-23,8.35,,
1975-09-24,8.31,,
1975-09-25,8.38,,
1975-09-26,8.45,,
1975-09-29,8.46,,
1975-09-30,8.48,,
1975-10-01,8.47,,
1975-10-02,8.44,,
1975-10-03,8.33,,
1975-10-06,8.3,,
1975-10-07,8.33,,
1975-10-08,8.3,,
1975-10-09,8.23,,
1975-10-10,8.15,,
1975-10-13,,,
1975-10-14,8.19,,
1975-10-15,8.19,,
1975-10-16,8.07,,
1975-10-17,8.07,,
1975-10-20,8.07,,
1975-10-21,8.05,,
1975-10-22,8.05,,
1975-10-23,7.99,,
1975-10-24,8.0,,
1975-10-27,8.0,,
1975-10-28,7.99,,
1975-10-29,7.98,,
1975-10-30,7.92,,
1975-10-31,7.91,,
1975-11-03,7.97,,
1975-11-04,,,
1975-11-05,7.91,,
1975-11-06,7.94,,
1975-11-07,7.91,,
1975-11-10,7.9,,
1975-11-11,,,
1975-11-12,7.95,,
1975-11-13,7.97,,
1975-11-14,8.06,,
1975-11-17,8.08,,
1975-11-18,8.13,,
1975-11-19,8.14,,
1975-11-20,8.12,,
1975-11-21,8.21,,
1975-11-24,8.16,,
1975-11-25,8.16,,
1975-11-26,8.15,,
1975-11-27,,,
1975-11-28,8.14,,
1975-12-01,8.12,,
1975-12-02,8.1,,
1975-12-03,8.1,,
1975-12-04,8.15,,
1975-12-05,8.13,,
1975-12-08,8.19,,
1975-12-09,8.23,,
1975-12-10,8.23,,
1975-12-11,8.16,,
1975-12-12,8.12,,
1975-12-15,8.06,,
1975-12-16,8.0,,
1975-12-17,7.95,,
1975-12-18,7.96,,
1975-12-19,7.88,,
1975-12-22,7.87,,
1975-12-23,7.87,,
1975-12-24,7.82,,
1975-12-25,,,
1975-12-26,7.75,,
1975-12-29,7.75,,
1975-12-30,7.73,,
1975-12-31,7.76,,
1976-01-01,,,
1976-01-02,7.77,,
1976-01-05,7.74,,
1976-01-06,7.64,,
1976-01-07,7.69,,
1976-01-08,7.74,,
1976-01-09,7.64,,
1976-01-12,7.63,,
1976-01-13,7.64,,
1976-01-14,7.71,,
1976-01-15,7.73,,
1976-01-16,7.79,,
1976-01-19,7.76,,
1976-01-20,7.71,,
1976-01-21,7.78,,
1976-01-22,7.8,,
1976-01-23,7.78,,
1976-01-26,7.79,,
1976-01-27,7.8,,
1976-01-28,7.83,,
1976-01-29,7.82,,
1976-01-30,7.8,,
1976-02-02,7.8,,
1976-02-03,7.82,,
1976-02-04,7.85,,
1976-02-05,7.83,,
1976-02-06,7.88,,
1976-02-09,7.86,,
1976-02-10,7.88,,
1976-02-11,7.85,,
1976-02-12,,,
1976-02-13,7.82,,
1976-02-16,,,
1976-02-17,7.78,,
1976-02-18,7.79,,
1976-02-19,7.8,,
1976-02-20,7.77,,
1976-02-23,7.72,,
1976-02-24,7.69,,
1976-02-25,7.68,,
1976-02-26,7.68,,
1976-02-27,7.77,,
1976-03-01,7.86,,
1976-03-02,7.82,,
1976-03-03,7.82,,
1976-03-04,7.85,,
1976-03-05,7.8,,
1976-03-08,7.76,,
1976-03-09,7.78,,
1976-03-10,7.76,,
1976-03-11,7.77,,
1976-03-12,7.71,,
1976-03-15,7.74,,
1976-03-16,7.76,,
1976-03-17,7.76,,
1976-03-18,7.73,,
1976-03-19,7.74,,
1976-03-22,7.68,,
1976-03-23,7.67,,
1976-03-24,7.65,,
1976-03-25,7.64,,
1976-03-26,7.64,,
1976-03-29,7.64,,
1976-03-30,7.65,,
1976-03-31,7.66,,
1976-04-01,7.68,,
1976-04-02,7.67,,
1976-04-05,7.62,,
1976-04-06,7.59,,
1976-04-07,7.56,,
1976-04-08,7.55,,
1976-04-09,7.52,,
1976-04-12,7.52,,
1976-04-13,7.5,,
1976-04-14,7.47,,
1976-04-15,7.47,,
1976-04-16,,,
1976-04-19,7.51,,
1976-04-20,7.5,,
1976-04-21,7.47,,
1976-04-22,7.52,,
1976-04-23,7.59,,
1976-04-26,7.61,,
1976-04-27,7.62,,
1976-04-28,7.6,,
1976-04-29,7.61,,
1976-04-30,7.67,,
1976-05-03,7.69,,
1976-05-04,7.66,,
1976-05-05,7.68,,
1976-05-06,7.78,,
1976-05-07,7.87,,
1976-05-10,7.92,,
1976-05-11,7.92,,
1976-05-12,7.94,,
1976-05-13,7.92,,
1976-05-14,7.93,,
1976-05-17,7.94,,
1976-05-18,7.94,,
1976-05-19,7.94,,
1976-05-20,7.95,,
1976-05-21,8.0,,
1976-05-24,7.98,,
1976-05-25,7.94,,
1976-05-26,7.95,,
1976-05-27,7.99,,
1976-05-28,7.96,,
1976-05-31,,,
1976-06-01,7.94,,
1976-06-02,7.94,,
1976-06-03,7.92,,
1976-06-04,7.89,,
1976-06-07,7.88,,
1976-06-08,7.9,,
1976-06-09,7.9,,
1976-06-10,7.86,,
1976-06-11,7.86,,
1976-06-14,7.84,,
1976-06-15,7.85,,
1976-06-16,7.87,,
1976-06-17,7.85,,
1976-06-18,7.81,,
1976-06-21,7.8,,
1976-06-22,7.81,,
1976-06-23,7.81,,
1976-06-24,7.81,,
1976-06-25,7.83,,
1976-06-28,7.86,,
1976-06-29,7.86,,
1976-06-30,7.86,,
1976-07-01,7.88,,
1976-07-02,7.84,,
1976-07-05,,,
1976-07-06,7.82,,
1976-07-07,7.84,,
1976-07-08,7.82,,
1976-07-09,7.78,,
1976-07-12,7.76,,
1976-07-13,7.77,,
1976-07-14,7.79,,
1976-07-15,7.77,,
1976-07-16,7.83,,
1976-07-19,7.86,,
1976-07-20,7.87,,
1976-07-21,7.86,,
1976-07-22,7.86,,
1976-07-23,7.84,,
1976-07-26,7.87,,
1976-07-27,7.85,,
1976-07-28,7.85,,
1976-07-29,7.85,,
1976-07-30,7.86,,
1976-08-02,7.85,,
1976-08-03,7.82,,
1976-08-04,7.81,,
1976-08-05,7.82,,
1976-08-06,7.84,,
1976-08-09,7.84,,
1976-08-10,7.84,,
1976-08-11,7.82,,
1976-08-12,7.81,,
1976-08-13,7.78,,
1976-08-16,7.74,,
1976-08-17,7.75,,
1976-08-18,7.76,,
1976-08-19,7.76,,
1976-08-20,7.76,,
1976-08-23,7.73,,
1976-08-24,7.72,,
1976-08-25,7.69,,
1976-08-26,7.68,,
1976-08-27,7.72,,
1976-08-30,7.71,,
1976-08-31,7.66,,
1976-09-01,7.64,,
1976-09-02,7.67,,
1976-09-03,7.65,,
1976-09-06,,,
1976-09-07,7.64,,
1976-09-08,7.64,,
1976-09-09,7.66,,
1976-09-10,7.64,,
1976-09-13,7.64,,
1976-09-14,7.64,,
1976-09-15,7.62,,
1976-09-16,7.6,,
1976-09-17,7.49,,
1976-09-20,7.52,,
1976-09-21,7.51,,
1976-09-22,7.53,,
1976-09-23,7.54,,
1976-09-24,7.58,,
1976-09-27,7.6,,
1976-09-28,7.56,,
1976-09-29,7.56,,
1976-09-30,7.55,,
1976-10-01,7.49,,
1976-10-04,7.46,,
1976-10-05,7.47,,
1976-10-06,7.44,,
1976-10-07,7.43,,
1976-10-08,7.38,,
1976-10-11,,,
1976-10-12,7.35,,
1976-10-13,7.35,,
1976-10-14,7.34,,
1976-10-15,7.31,,
1976-10-18,7.31,,
1976-10-19,7.35,,
1976-10-20,7.38,,
1976-10-21,7.39,,
1976-10-22,7.48,,
1976-10-25,7.53,,
1976-10-26,7.48,,
1976-10-27,7.45,,
1976-10-28,7.41,,
1976-10-29,7.42,,
1976-11-01,7.38,,
1976-11-02,,,
1976-11-03,7.44,,
1976-11-04,7.38,,
1976-11-05,7.41,,
1976-11-08,7.46,,
1976-11-09,7.46,,
1976-11-10,7.45,,
1976-11-11,,,
1976-11-12,7.43,,
1976-11-15,7.41,,
1976-11-16,7.33,,
1976-11-17,7.32,,
1976-11-18,7.33,,
1976-11-19,7.24,,
1976-11-22,7.17,,
1976-11-23,7.16,,
1976-11-24,7.14,,
1976-11-25,,,
1976-11-26,6.99,,
1976-11-29,7.02,,
1976-11-30,7.01,,
1976-12-01,6.97,,
1976-12-02,6.92,,
1976-12-03,6.86,,
1976-12-06,6.87,,
1976-12-07,6.88,,
1976-12-08,6.91,,
1976-12-09,6.92,,
1976-12-10,6.82,,
1976-12-13,6.9,,
1976-12-14,6.89,,
1976-12-15,6.88,,
1976-12-16,6.88,,
1976-12-17,6.88,,
1976-12-20,6.84,,
1976-12-21,6.85,,
1976-12-22,6.86,,
1976-12-23,6.84,,
1976-12-24,,,
1976-12-27,6.84,,
1976-12-28,6.86,,
1976-12-29,6.84,,
1976-12-30,6.8,,
1976-12-31,6.81,,
1977-01-03,6.84,,
1977-01-04,6.9,,
1977-01-05,6.88,,
1977-01-06,6.93,,
1977-01-07,7.07,,
1977-01-10,7.2,,
1977-01-11,7.28,,
1977-01-12,7.26,,
1977-01-13,7.18,,
1977-01-14,7.28,,
1977-01-17,7.28,,
1977-01-18,7.34,,
1977-01-19,7.28,,
1977-01-20,7.26,,
1977-01-21,7.28,,
1977-01-24,7.34,,
1977-01-25,7.32,,
1977-01-26,7.33,,
1977-01-27,7.43,,
1977-01-28,7.4,,
1977-01-31,7.4,,
1977-02-01,7.41,,
1977-02-02,7.47,,
1977-02-03,7.46,,
1977-02-04,7.28,,
1977-02-07,7.34,,
1977-02-08,7.35,,
1977-02-09,7.34,,
1977-02-10,7.34,,
1977-02-11,7.36,,
1977-02-14,7.38,,
1977-02-15,7.36,,
1977-02-16,7.34,,
1977-02-17,7.26,,
1977-02-18,7.41,,
1977-02-21,,,
1977-02-22,7.42,,
1977-02-23,7.48,,
1977-02-24,7.5,,
1977-02-25,7.48,,
1977-02-28,7.45,,
1977-03-01,7.49,,
1977-03-02,7.45,,
1977-03-03,7.43,,
1977-03-04,7.48,,
1977-03-07,7.5,,
1977-03-08,7.52,,
1977-03-09,7.5,,
1977-03-10,7.49,,
1977-03-11,7.44,,
1977-03-14,7.45,,
1977-03-15,7.44,,
1977-03-16,7.44,,
1977-03-17,7.47,,
1977-03-18,7.44,,
1977-03-21,7.43,,
1977-03-22,7.43,,
1977-03-23,7.44,,
1977-03-24,7.46,,
1977-03-25,7.48,,
1977-03-28,7.47,,
1977-03-29,7.47,,
1977-03-30,7.44,,
1977-03-31,7.42,,
1977-04-01,7.43,,
1977-04-04,7.44,,
1977-04-05,7.47,,
1977-04-06,7.46,,
1977-04-07,7.43,,
1977-04-08,,,
1977-04-11,7.39,,
1977-04-12,7.39,,
1977-04-13,7.36,,
1977-04-14,7.22,,
1977-04-15,7.25,,
1977-04-18,7.25,,
1977-04-19,7.3,,
1977-04-20,7.32,,
1977-04-21,7.33,,
1977-04-22,7.36,,
1977-04-25,7.4,,
1977-04-26,7.38,,
1977-04-27,7.38,,
1977-04-28,7.4,,
1977-04-29,7.45,,
1977-05-02,7.45,,
1977-05-03,7.44,,
1977-05-04,7.45,,
1977-05-05,7.47,,
1977-05-06,7.5,,
1977-05-09,7.5,,
1977-05-10,7.52,,
1977-05-11,7.52,,
1977-05-12,7.5,,
1977-05-13,7.48,,
1977-05-16,7.46,,
1977-05-17,7.45,,
1977-05-18,7.43,,
1977-05-19,7.49,,
1977-05-20,7.49,,
1977-05-23,7.46,,
1977-05-24,7.41,,
1977-05-25,7.39,,
1977-05-26,7.42,,
1977-05-27,7.38,,
1977-05-30,,,
1977-05-31,7.38,,
1977-06-01,7.38,,
1977-06-02,7.39,,
1977-06-03,7.36,,
1977-06-06,7.37,,
1977-06-07,7.36,,
1977-06-08,7.36,,
1977-06-09,7.35,,
1977-06-10,7.3,,
1977-06-13,7.27,,
1977-06-14,7.22,,
1977-06-15,7.23,,
1977-06-16,7.24,,
1977-06-17,7.24,,
1977-06-20,7.27,,
1977-06-21,7.26,,
1977-06-22,7.25,,
1977-06-23,7.26,,
1977-06-24,7.2,,
1977-06-27,7.2,,
1977-06-28,7.16,,
1977-06-29,7.19,,
1977-06-30,7.2,,
1977-07-01,7.34,,
1977-07-04,,,
1977-07-05,7.35,,
1977-07-06,7.37,,
1977-07-07,7.29,,
1977-07-08,7.31,,
1977-07-11,7.33,,
1977-07-12,7.32,,
1977-07-13,7.28,,
1977-07-14,,,
1977-07-15,7.31,,
1977-07-18,7.34,,
1977-07-19,7.33,,
1977-07-20,7.32,,
1977-07-21,7.32,,
1977-07-22,7.31,,
1977-07-25,7.28,,
1977-07-26,7.28,,
1977-07-27,7.36,,
1977-07-28,7.41,,
1977-07-29,7.42,,
1977-08-01,7.43,,
1977-08-02,7.44,,
1977-08-03,7.42,,
1977-08-04,7.43,,
1977-08-05,7.42,,
1977-08-08,7.41,,
1977-08-09,7.45,,
1977-08-10,7.46,,
1977-08-11,7.47,,
1977-08-12,7.48,,
1977-08-15,7.48,,
1977-08-16,7.48,,
1977-08-17,7.44,,
1977-08-18,7.42,,
1977-08-19,7.4,,
1977-08-22,7.39,,
1977-08-23,7.36,,
1977-08-24,7.35,,
1977-08-25,7.32,,
1977-08-26,7.27,,
1977-08-29,7.25,,
1977-08-30,7.27,,
1977-08-31,7.28,,
1977-09-01,7.3,,
1977-09-02,7.24,,
1977-09-05,,,
1977-09-06,7.24,,
1977-09-07,7.26,,
1977-09-08,7.28,,
1977-09-09,7.36,,
1977-09-12,7.38,,
1977-09-13,7.37,,
1977-09-14,7.34,,
1977-09-15,7.33,,
1977-09-16,7.32,,
1977-09-19,7.32,,
1977-09-20,7.36,,
1977-09-21,7.36,,
1977-09-22,7.39,,
1977-09-23,7.39,,
1977-09-26,7.42,,
1977-09-27,7.38,,
1977-09-28,7.38,,
1977-09-29,7.39,,
1977-09-30,7.41,,
1977-10-03,7.41,,
1977-10-04,7.4,,
1977-10-05,7.4,,
1977-10-06,7.44,,
1977-10-07,7.48,,
1977-10-10,,,
1977-10-11,7.54,,
1977-10-12,7.54,,
1977-10-13,7.54,,
1977-10-14,7.54,,
1977-10-17,7.55,,
1977-10-18,7.55,,
1977-10-19,7.54,,
1977-10-20,7.54,,
1977-10-21,7.55,,
1977-10-24,7.56,,
1977-10-25,7.58,,
1977-10-26,7.57,,
1977-10-27,7.56,,
1977-10-28,7.56,,
1977-10-31,7.62,,
1977-11-01,7.63,,
1977-11-02,7.69,,
1977-11-03,7.68,,
1977-11-04,7.64,,
1977-11-07,7.62,,
1977-11-08,,,
1977-11-09,7.6,,
1977-11-10,7.59,,
1977-11-11,,,
1977-11-14,7.56,,
1977-11-15,7.56,,
1977-11-16,7.55,,
1977-11-17,7.54,,
1977-11-18,7.54,,
1977-11-21,7.56,,
1977-11-22,7.54,,
1977-11-23,7.52,,
1977-11-24,,,
1977-11-25,7.52,,
1977-11-28,7.53,,
1977-11-29,7.55,,
1977-11-30,7.55,,
1977-12-01,7.58,,
1977-12-02,7.59,,
1977-12-05,7.6,,
1977-12-06,7.63,,
1977-12-07,7.63,,
1977-12-08,7.64,,
1977-12-09,7.63,,
1977-12-12,7.64,,
1977-12-13,7.65,,
1977-12-14,7.66,,
1977-12-15,7.67,,
1977-12-16,7.67,,
1977-12-19,7.69,,
1977-12-20,7.74,,
1977-12-21,7.72,,
1977-12-22,7.75,,
1977-12-23,7.75,,
1977-12-26,,,
1977-12-27,7.77,,
1977-12-28,7.78,,
1977-12-29,7.82,,
1977-12-30,7.78,,
1978-01-02,,,
1978-01-03,7.83,,
1978-01-04,7.82,,
1978-01-05,7.83,,
1978-01-06,7.85,,
1978-01-09,8.01,,
1978-01-10,8.02,,
1978-01-11,8.03,,
1978-01-12,8.02,,
1978-01-13,7.98,,
1978-01-16,7.98,,
1978-01-17,7.98,,
1978-01-18,7.98,,
1978-01-19,7.97,,
1978-01-20,7.97,,
1978-01-23,7.97,,
1978-01-24,7.99,,
1978-01-25,8.0,,
1978-01-26,7.98,,
1978-01-27,7.97,,
1978-01-30,7.96,,
1978-01-31,7.94,,
1978-02-01,7.96,,
1978-02-02,7.96,,
1978-02-03,7.97,,
1978-02-06,7.99,,
1978-02-07,7.99,,
1978-02-08,8.0,,
1978-02-09,8.01,,
1978-02-10,8.02,,
1978-02-13,,,
1978-02-14,8.05,,
1978-02-15,8.08,,
1978-02-16,8.1,,
1978-02-17,8.09,,
1978-02-20,,,
1978-02-21,8.1,,
1978-02-22,8.1,,
1978-02-23,8.08,,
1978-02-24,8.04,,
1978-02-27,8.02,,
1978-02-28,8.04,,
1978-03-01,8.05,,
1978-03-02,8.04,,
1978-03-03,8.04,,
1978-03-06,8.05,,
1978-03-07,8.03,,
1978-03-08,8.03,,
1978-03-09,8.02,,
1978-03-10,8.0,,
1978-03-13,7.99,,
1978-03-14,7.99,,
1978-03-15,8.0,,
1978-03-16,8.0,,
1978-03-17,8.0,,
1978-03-20,7.97,,
1978-03-21,7.97,,
1978-03-22,7.98,,
1978-03-23,8.01,,
1978-03-24,,,
1978-03-27,8.12,,
1978-03-28,8.12,,
1978-03-29,8.11,,
1978-03-30,8.12,,
1978-03-31,8.15,,
1978-04-03,8.13,,
1978-04-04,8.12,,
1978-04-05,8.14,,
1978-04-06,8.16,,
1978-04-07,8.14,,
1978-04-10,8.15,,
1978-04-11,8.16,,
1978-04-12,8.16,,
1978-04-13,8.15,,
1978-04-14,8.12,,
1978-04-17,8.08,,
1978-04-18,8.08,,
1978-04-19,8.13,,
1978-04-20,8.14,,
1978-04-21,8.16,,
1978-04-24,8.18,,
1978-04-25,8.18,,
1978-04-26,8.22,,
1978-04-27,8.24,,
1978-04-28,8.24,,
1978-05-01,8.24,,
1978-05-02,8.25,,
1978-05-03,8.28,,
1978-05-04,8.27,,
1978-05-05,8.34,,
1978-05-08,8.35,,
1978-05-09,8.34,,
1978-05-10,8.34,,
1978-05-11,8.34,,
1978-05-12,8.36,,
1978-05-15,8.35,,
1978-05-16,8.34,,
1978-05-17,8.33,,
1978-05-18,8.37,,
1978-05-19,8.38,,
1978-05-22,8.38,,
1978-05-23,8.37,,
1978-05-24,8.39,,
1978-05-25,8.4,,
1978-05-26,8.42,,
1978-05-29,,,
1978-05-30,,,
1978-05-31,8.42,,
1978-06-01,8.41,,
1978-06-02,8.39,,
1978-06-05,8.38,,
1978-06-06,8.37,,
1978-06-07,8.37,,
1978-06-08,8.38,,
1978-06-09,8.41,,
1978-06-12,8.4,,
1978-06-13,8.41,,
1978-06-14,8.41,,
1978-06-15,8.41,,
1978-06-16,8.43,,
1978-06-19,8.45,,
1978-06-20,8.47,,
1978-06-21,8.5,,
1978-06-22,8.5,,
1978-06-23,8.55,,
1978-06-26,8.59,,
1978-06-27,8.58,,
1978-06-28,8.57,,
1978-06-29,8.57,,
1978-06-30,8.62,,
1978-07-03,8.59,,
1978-07-04,,,
1978-07-05,8.62,,
1978-07-06,8.62,,
1978-07-07,8.66,,
1978-07-10,8.68,,
1978-07-11,8.68,,
1978-07-12,8.67,,
1978-07-13,8.68,,
1978-07-14,8.68,,
1978-07-17,8.65,,
1978-07-18,8.63,,
1978-07-19,8.62,,
1978-07-20,8.66,,
1978-07-21,8.67,,
1978-07-24,8.67,,
1978-07-25,8.67,,
1978-07-26,8.66,,
1978-07-27,8.58,,
1978-07-28,8.55,,
1978-07-31,8.56,,
1978-08-01,8.54,,
1978-08-02,8.44,,
1978-08-03,8.39,,
1978-08-04,8.38,,
1978-08-07,8.36,,
1978-08-08,8.35,,
1978-08-09,8.34,,
1978-08-10,8.45,,
1978-08-11,8.44,,
1978-08-14,8.45,,
1978-08-15,8.46,,
1978-08-16,8.55,,
1978-08-17,8.48,,
1978-08-18,8.46,,
1978-08-21,8.41,,
1978-08-22,8.41,,
1978-08-23,8.32,,
1978-08-24,8.35,,
1978-08-25,8.34,,
1978-08-28,8.35,,
1978-08-29,8.37,,
1978-08-30,8.42,,
1978-08-31,8.39,,
1978-09-01,8.38,,
1978-09-04,,,
1978-09-05,8.34,,
1978-09-06,8.35,,
1978-09-07,8.34,,
1978-09-08,8.34,,
1978-09-11,8.31,,
1978-09-12,8.29,,
1978-09-13,8.3,,
1978-09-14,8.32,,
1978-09-15,8.35,,
1978-09-18,8.37,,
1978-09-19,8.38,,
1978-09-20,8.46,,
1978-09-21,8.51,,
1978-09-22,8.56,,
1978-09-25,8.56,,
1978-09-26,8.53,,
1978-09-27,8.54,,
1978-09-28,8.54,,
1978-09-29,8.56,,
1978-10-02,8.58,,
1978-10-03,8.57,,
1978-10-04,8.59,,
1978-10-05,8.6,,
1978-10-06,8.58,,
1978-10-09,,,
1978-10-10,8.58,,
1978-10-11,8.56,,
1978-10-12,8.51,,
1978-10-13,8.52,,
1978-10-16,8.59,,
1978-10-17,8.6,,
1978-10-18,8.62,,
1978-10-19,8.64,,
1978-10-20,8.66,,
1978-10-23,8.66,,
1978-10-24,8.64,,
1978-10-25,8.65,,
1978-10-26,8.72,,
1978-10-27,8.78,,
1978-10-30,8.88,,
1978-10-31,8.96,,
1978-11-01,8.66,,
1978-11-02,8.73,,
1978-11-03,8.86,,
1978-11-06,8.85,,
1978-11-07,,,
1978-11-08,8.86,,
1978-11-09,8.87,,
1978-11-10,8.86,,
1978-11-13,8.83,,
1978-11-14,8.82,,
1978-11-15,8.76,,
1978-11-16,8.72,,
1978-11-17,8.72,,
1978-11-20,8.72,,
1978-11-21,8.77,,
1978-11-22,8.77,,
1978-11-23,,,
1978-11-24,8.86,,
1978-11-27,8.86,,
1978-11-28,8.86,,
1978-11-29,8.86,,
1978-11-30,8.86,,
1978-12-01,8.8,,
1978-12-04,8.82,,
1978-12-05,8.85,,
1978-12-06,8.85,,
1978-12-07,8.89,,
1978-12-08,8.9,,
1978-12-11,8.9,,
1978-12-12,8.92,,
1978-12-13,8.98,,
1978-12-14,8.96,,
1978-12-15,9.0,,
1978-12-18,9.13,,
1978-12-19,9.14,,
1978-12-20,9.16,,
1978-12-21,9.16,,
1978-12-22,9.11,,
1978-12-25,,,
1978-12-26,9.13,,
1978-12-27,9.12,,
1978-12-28,9.16,,
1978-12-29,9.15,,
1979-01-01,,,
1979-01-02,9.18,,
1979-01-03,9.16,,
1979-01-04,9.11,,
1979-01-05,9.1,,
1979-01-08,9.14,,
1979-01-09,9.16,,
1979-01-10,9.16,,
1979-01-11,9.15,,
1979-01-12,9.14,,
1979-01-15,9.15,,
1979-01-16,9.16,,
1979-01-17,9.18,,
1979-01-18,9.18,,
1979-01-19,9.15,,
1979-01-22,9.12,,
1979-01-23,9.1,,
1979-01-24,9.08,,
1979-01-25,8.98,,
1979-01-26,8.93,,
1979-01-29,8.96,,
1979-01-30,8.95,,
1979-01-31,8.95,,
1979-02-01,8.94,,
1979-02-02,8.89,,
1979-02-05,8.95,,
1979-02-06,9.0,,
1979-02-07,9.09,,
1979-02-08,9.09,,
1979-02-09,9.11,,
1979-02-12,,,
1979-02-13,9.11,,
1979-02-14,9.12,,
1979-02-15,9.12,,
1979-02-16,9.11,,
1979-02-19,,,
1979-02-20,9.12,,
1979-02-21,9.15,,
1979-02-22,9.2,,
1979-02-23,9.21,,
1979-02-26,9.2,,
1979-02-27,9.19,,
1979-02-28,9.17,,
1979-03-01,9.17,,
1979-03-02,9.16,,
1979-03-05,9.11,,
1979-03-06,9.14,,
1979-03-07,9.1,,
1979-03-08,9.1,,
1979-03-09,9.11,,
1979-03-12,9.11,,
1979-03-13,9.11,,
1979-03-14,9.12,,
1979-03-15,9.14,,
1979-03-16,9.12,,
1979-03-19,9.12,,
1979-03-20,9.13,,
1979-03-21,9.13,,
1979-03-22,9.12,,
1979-03-23,9.12,,
1979-03-26,9.12,,
1979-03-27,9.11,,
1979-03-28,9.07,,
1979-03-29,9.06,,
1979-03-30,9.11,,
1979-04-02,9.11,,
1979-04-03,9.1,,
1979-04-04,9.09,,
1979-04-05,9.07,,
1979-04-06,9.1,,
1979-04-09,9.14,,
1979-04-10,9.17,,
1979-04-11,9.2,,
1979-04-12,9.2,,
1979-04-13,,,
1979-04-16,9.19,,
1979-04-17,9.16,,
1979-04-18,9.15,,
1979-04-19,9.15,,
1979-04-20,9.19,,
1979-04-23,9.21,,
1979-04-24,9.24,,
1979-04-25,9.23,,
1979-04-26,9.27,,
1979-04-27,9.32,,
1979-04-30,9.35,,
1979-05-01,9.36,,
1979-05-02,9.34,,
1979-05-03,9.38,,
1979-05-04,9.39,,
1979-05-07,9.39,,
1979-05-08,9.38,,
1979-05-09,9.36,,
1979-05-10,9.36,,
1979-05-11,9.34,,
1979-05-14,9.3,,
1979-05-15,9.32,,
1979-05-16,9.31,,
1979-05-17,9.24,,
1979-05-18,9.23,,
1979-05-21,9.24,,
1979-05-22,9.15,,
1979-05-23,9.07,,
1979-05-24,9.06,,
1979-05-25,9.01,,
1979-05-28,,,
1979-05-29,9.01,,
1979-05-30,,,
1979-05-31,9.06,,
1979-06-01,9.05,,
1979-06-04,9.06,,
1979-06-05,9.02,,
1979-06-06,8.97,,
1979-06-07,8.89,,
1979-06-08,8.9,,
1979-06-11,8.94,,
1979-06-12,8.79,,
1979-06-13,8.83,,
1979-06-14,8.87,,
1979-06-15,8.96,,
1979-06-18,8.95,,
1979-06-19,8.95,,
1979-06-20,8.94,,
1979-06-21,8.93,,
1979-06-22,8.98,,
1979-06-25,8.93,,
1979-06-26,8.82,,
1979-06-27,8.8,,
1979-06-28,8.8,,
1979-06-29,8.81,,
1979-07-02,8.76,,
1979-07-03,8.77,,
1979-07-04,,,
1979-07-05,8.8,,
1979-07-06,8.82,,
1979-07-09,8.86,,
1979-07-10,8.92,,
1979-07-11,8.97,,
1979-07-12,8.95,,
1979-07-13,8.94,,
1979-07-16,8.99,,
1979-07-17,9.01,,
1979-07-18,9.03,,
1979-07-19,9.04,,
1979-07-20,8.98,,
1979-07-23,9.03,,
1979-07-24,9.06,,
1979-07-25,8.99,,
1979-07-26,8.97,,
1979-07-27,9.02,,
1979-07-30,9.03,,
1979-07-31,9.01,,
1979-08-01,8.99,,
1979-08-02,8.91,,
1979-08-03,8.92,,
1979-08-06,8.91,,
1979-08-07,8.91,,
1979-08-08,8.93,,
1979-08-09,8.97,,
1979-08-10,9.0,,
1979-08-13,9.0,,
1979-08-14,8.98,,
1979-08-15,9.0,,
1979-08-16,9.0,,
1979-08-17,9.01,,
1979-08-20,9.02,,
1979-08-21,9.04,,
1979-08-22,9.04,,
1979-08-23,9.05,,
1979-08-24,9.14,,
1979-08-27,9.12,,
1979-08-28,9.15,,
1979-08-29,9.14,,
1979-08-30,9.21,,
1979-08-31,9.24,,
1979-09-03,,,
1979-09-04,9.32,,
1979-09-05,9.32,,
1979-09-06,9.35,,
1979-09-07,9.34,,
1979-09-10,9.36,,
1979-09-11,9.25,,
1979-09-12,9.3,,
1979-09-13,9.34,,
1979-09-14,9.29,,
1979-09-17,9.37,,
1979-09-18,9.36,,
1979-09-19,9.31,,
1979-09-20,9.29,,
1979-09-21,9.26,,
1979-09-24,9.34,,
1979-09-25,9.32,,
1979-09-26,9.36,,
1979-09-27,9.44,,
1979-09-28,9.44,,
1979-10-01,9.51,,
1979-10-02,9.47,,
1979-10-03,9.5,,
1979-10-04,9.58,,
1979-10-05,9.6,,
1979-10-08,,,
1979-10-09,9.93,,
1979-10-10,10.09,,
1979-10-11,10.17,,
1979-10-12,10.15,,
1979-10-15,10.31,,
1979-10-16,10.27,,
1979-10-17,10.2,,
1979-10-18,10.41,,
1979-10-19,10.68,,
1979-10-22,10.96,,
1979-10-23,11.02,,
1979-10-24,10.83,,
1979-10-25,10.98,,
1979-10-26,10.67,,
1979-10-29,10.78,,
1979-10-30,10.75,,
1979-10-31,10.72,,
1979-11-01,10.79,,
1979-11-02,10.84,,
1979-11-05,10.85,,
1979-11-06,,,
1979-11-07,11.0,,
1979-11-08,10.96,,
1979-11-09,10.68,,
1979-11-12,,,
1979-11-13,10.63,,
1979-11-14,10.75,,
1979-11-15,10.62,,
1979-11-16,10.77,,
1979-11-19,10.8,,
1979-11-20,10.78,,
1979-11-21,10.73,,
1979-11-22,,,
1979-11-23,10.51,,
1979-11-26,10.37,,
1979-11-27,10.24,,
1979-11-28,10.37,,
1979-11-29,10.34,,
1979-11-30,10.38,,
1979-12-03,10.44,,
1979-12-04,10.32,,
1979-12-05,10.27,,
1979-12-06,10.13,,
1979-12-07,10.3,,
1979-12-10,10.27,,
1979-12-11,10.46,,
1979-12-12,10.58,,
1979-12-13,10.51,,
1979-12-14,10.45,,
1979-12-17,10.42,,
1979-12-18,10.34,,
1979-12-19,10.33,,
1979-12-20,10.38,,
1979-12-21,10.39,,
1979-12-24,10.45,,
1979-12-25,,,
1979-12-26,10.48,,
1979-12-27,10.46,,
1979-12-28,10.41,,
1979-12-31,10.33,,
1980-01-01,,,
1980-01-02,10.5,,
1980-01-03,10.6,,
1980-01-04,10.66,,
1980-01-07,10.63,,
1980-01-08,10.57,,
1980-01-09,10.58,,
1980-01-10,10.51,,
1980-01-11,10.68,,
1980-01-14,10.7,,
1980-01-15,10.65,,
1980-01-16,10.65,,
1980-01-17,10.71,,
1980-01-18,10.82,,
1980-01-21,10.96,,
1980-01-22,10.85,,
1980-01-23,10.82,,
1980-01-24,11.01,,
1980-01-25,11.1,,
1980-01-28,11.15,,
1980-01-29,11.21,,
1980-01-30,11.16,,
1980-01-31,11.13,,
1980-02-01,11.29,,
1980-02-04,11.4,,
1980-02-05,11.73,,
1980-02-06,11.92,,
1980-02-07,11.71,,
1980-02-08,11.8,,
1980-02-11,12.01,,
1980-02-12,,,
1980-02-13,11.86,,
1980-02-14,11.97,,
1980-02-15,12.2,,
1980-02-18,,,
1980-02-19,12.85,,
1980-02-20,12.84,,
1980-02-21,13.22,,
1980-02-22,13.06,,
1980-02-25,13.27,,
1980-02-26,13.65,,
1980-02-27,13.46,,
1980-02-28,12.92,,
1980-02-29,12.72,,
1980-03-03,12.79,,
1980-03-04,12.91,,
1980-03-05,13.03,,
1980-03-06,13.13,,
1980-03-07,12.86,,
1980-03-10,12.63,,
1980-03-11,12.41,,
1980-03-12,12.62,,
1980-03-13,12.5,,
1980-03-14,12.52,,
1980-03-17,12.58,,
1980-03-18,12.4,,
1980-03-19,12.35,,
1980-03-20,12.62,,
1980-03-21,12.75,,
1980-03-24,13.17,,
1980-03-25,13.1,,
1980-03-26,13.03,,
1980-03-27,12.97,,
1980-03-28,12.72,,
1980-03-31,12.64,,
1980-04-01,12.69,,
1980-04-02,12.63,,
1980-04-03,12.52,,
1980-04-04,,,
1980-04-07,12.13,,
1980-04-08,12.21,,
1980-04-09,12.06,,
1980-04-10,12.06,,
1980-04-11,11.79,,
1980-04-14,11.62,,
1980-04-15,11.57,,
1980-04-16,10.9,,
1980-04-17,11.13,,
1980-04-18,11.05,,
1980-04-21,10.9,,
1980-04-22,10.82,,
1980-04-23,10.89,,
1980-04-24,10.96,,
1980-04-25,10.95,,
1980-04-28,10.63,,
1980-04-29,10.67,,
1980-04-30,10.76,,
1980-05-01,10.57,,
1980-05-02,10.24,,
1980-05-05,10.18,,
1980-05-06,9.8,,
1980-05-07,9.96,,
1980-05-08,10.18,,
1980-05-09,10.3,,
1980-05-12,10.3,,
1980-05-13,10.13,,
1980-05-14,10.14,,
1980-05-15,10.31,,
1980-05-16,10.37,,
1980-05-19,10.53,,
1980-05-20,10.22,,
1980-05-21,10.08,,
1980-05-22,10.1,,
1980-05-23,9.85,,
1980-05-26,,,
1980-05-27,9.96,,
1980-05-28,10.1,,
1980-05-29,10.24,,
1980-05-30,10.25,,
1980-06-02,10.31,,
1980-06-03,10.16,,
1980-06-04,10.07,,
1980-06-05,10.02,,
1980-06-06,9.81,,
1980-06-09,9.73,,
1980-06-10,9.83,,
1980-06-11,9.7,,
1980-06-12,9.53,,
1980-06-13,9.51,,
1980-06-16,9.47,,
1980-06-17,9.49,,
1980-06-18,9.56,,
1980-06-19,9.56,,
1980-06-20,9.49,,
1980-06-23,9.63,,
1980-06-24,9.68,,
1980-06-25,9.79,,
1980-06-26,9.87,,
1980-06-27,10.04,,
1980-06-30,10.09,,
1980-07-01,10.13,,
1980-07-02,10.19,,
1980-07-03,10.01,,
1980-07-04,,,
1980-07-07,10.2,,
1980-07-08,10.09,,
1980-07-09,10.14,,
1980-07-10,10.21,,
1980-07-11,10.28,,
1980-07-14,10.33,,
1980-07-15,10.17,,
1980-07-16,10.07,,
1980-07-17,10.21,,
1980-07-18,10.2,,
1980-07-21,10.13,,
1980-07-22,10.18,,
1980-07-23,10.12,,
1980-07-24,10.24,,
1980-07-25,10.35,,
1980-07-28,10.46,,
1980-07-29,10.45,,
1980-07-30,10.53,,
1980-07-31,10.76,,
1980-08-01,10.76,,
1980-08-04,10.69,,
1980-08-05,10.7,,
1980-08-06,10.8,,
1980-08-07,10.71,,
1980-08-08,10.87,,
1980-08-11,11.03,,
1980-08-12,10.98,,
1980-08-13,10.89,,
1980-08-14,10.9,,
1980-08-15,10.86,,
1980-08-18,11.13,,
1980-08-19,11.24,,
1980-08-20,11.22,,
1980-08-21,11.3,,
1980-08-22,11.13,,
1980-08-25,11.4,,
1980-08-26,11.42,,
1980-08-27,11.67,,
1980-08-28,11.89,,
1980-08-29,11.55,,
1980-09-01,,,
1980-09-02,11.32,,
1980-09-03,11.08,,
1980-09-04,11.16,,
1980-09-05,11.21,,
1980-09-08,11.29,,
1980-09-09,11.19,,
1980-09-10,11.14,,
1980-09-11,11.32,,
1980-09-12,11.37,,
1980-09-15,11.62,,
1980-09-16,11.52,,
1980-09-17,11.57,,
1980-09-18,11.53,,
1980-09-19,11.33,,
1980-09-22,11.69,,
1980-09-23,11.76,,
1980-09-24,11.75,,
1980-09-25,11.91,,
1980-09-26,11.99,,
1980-09-29,12.07,,
1980-09-30,11.86,,
1980-10-01,11.78,,
1980-10-02,11.83,,
1980-10-03,11.4,,
1980-10-06,11.35,,
1980-10-07,11.43,,
1980-10-08,11.51,,
1980-10-09,11.39,,
1980-10-10,11.44,,
1980-10-13,,,
1980-10-14,11.37,,
1980-10-15,11.29,,
1980-10-16,11.47,,
1980-10-17,11.62,,
1980-10-20,11.64,,
1980-10-21,11.7,,
1980-10-22,11.88,,
1980-10-23,11.82,,
1980-10-24,11.74,,
1980-10-27,12.13,,
1980-10-28,12.32,,
1980-10-29,12.48,,
1980-10-30,12.48,,
1980-10-31,12.46,,
1980-11-03,12.46,,
1980-11-04,,,
1980-11-05,12.61,,
1980-11-06,13.04,,
1980-11-07,12.66,,
1980-11-10,12.78,,
1980-11-11,,,
1980-11-12,12.47,,
1980-11-13,12.49,,
1980-11-14,12.79,,
1980-11-17,12.95,,
1980-11-18,12.62,,
1980-11-19,12.51,,
1980-11-20,12.59,,
1980-11-21,12.8,,
1980-11-24,12.76,,
1980-11-25,12.74,,
1980-11-26,12.65,,
1980-11-27,,,
1980-11-28,12.72,,
1980-12-01,12.92,,
1980-12-02,12.95,,
1980-12-03,12.92,,
1980-12-04,12.91,,
1980-12-05,12.85,,
1980-12-08,12.91,,
1980-12-09,13.1,,
1980-12-10,13.15,,
1980-12-11,13.57,,
1980-12-12,13.21,,
1980-12-15,13.25,,
1980-12-16,13.51,,
1980-12-17,13.28,,
1980-12-18,13.22,,
1980-12-19,12.64,,
1980-12-22,12.14,,
1980-12-23,12.35,,
1980-12-24,12.42,,
1980-12-25,,,
1980-12-26,12.25,,
1980-12-29,12.2,,
1980-12-30,12.39,,
1980-12-31,12.43,,
1981-01-01,,,
1981-01-02,12.42,,
1981-01-05,12.15,,
1981-01-06,12.11,,
1981-01-07,12.38,,
1981-01-08,12.35,,
1981-01-09,12.57,,
1981-01-12,12.45,,
1981-01-13,12.53,,
1981-01-14,12.53,,
1981-01-15,12.62,,
1981-01-16,12.53,,
1981-01-19,12.64,,
1981-01-20,12.5,,
1981-01-21,12.77,,
1981-01-22,12.87,,
1981-01-23,12.84,,
1981-01-26,12.7,,
1981-01-27,12.73,,
1981-01-28,12.77,,
1981-01-29,12.8,,
1981-01-30,12.68,,
1981-02-02,12.86,,
1981-02-03,12.98,,
1981-02-04,12.86,,
1981-02-05,12.95,,
1981-02-06,13.09,,
1981-02-09,13.21,,
1981-02-10,13.27,,
1981-02-11,13.42,,
1981-02-12,,,
1981-02-13,13.65,,
1981-02-16,,,
1981-02-17,13.33,,
1981-02-18,13.3,,
1981-02-19,13.09,,
1981-02-20,12.9,,
1981-02-23,13.19,,
1981-02-24,13.21,,
1981-02-25,13.29,,
1981-02-26,13.47,,
1981-02-27,13.43,,
1981-03-02,13.62,,
1981-03-03,13.43,,
1981-03-04,13.45,,
1981-03-05,13.43,,
1981-03-06,13.2,,
1981-03-09,13.09,,
1981-03-10,13.08,,
1981-03-11,13.12,,
1981-03-12,13.03,,
1981-03-13,12.86,,
1981-03-16,12.85,,
1981-03-17,12.68,,
1981-03-18,12.58,,
1981-03-19,12.67,,
1981-03-20,12.77,,
1981-03-23,13.13,,
1981-03-24,13.3,,
1981-03-25,13.21,,
1981-03-26,13.34,,
1981-03-27,13.36,,
1981-03-30,13.22,,
1981-03-31,13.13,,
1981-04-01,13.14,,
1981-04-02,13.25,,
1981-04-03,13.4,,
1981-04-06,13.74,,
1981-04-07,13.41,,
1981-04-08,13.61,,
1981-04-09,13.45,,
1981-04-10,13.59,,
1981-04-13,13.68,,
1981-04-14,13.58,,
1981-04-15,13.74,,
1981-04-16,13.79,,
1981-04-17,,,
1981-04-20,13.69,,
1981-04-21,13.73,,
1981-04-22,13.78,,
1981-04-23,13.8,,
1981-04-24,13.88,,
1981-04-27,13.92,,
1981-04-28,13.93,,
1981-04-29,14.05,,
1981-04-30,14.11,,
1981-05-01,14.05,,
1981-05-04,14.47,,
1981-05-05,14.69,,
1981-05-06,14.56,,
1981-05-07,14.33,,
1981-05-08,14.23,,
1981-05-11,14.34,,
1981-05-12,14.46,,
1981-05-13,14.49,,
1981-05-14,14.24,,
1981-05-15,14.07,,
1981-05-18,13.8,,
1981-05-19,13.95,,
1981-05-20,14.0,,
1981-05-21,14.05,,
1981-05-22,13.82,,
1981-05-25,,,
1981-05-26,13.67,,
1981-05-27,13.71,,
1981-05-28,13.56,,
1981-05-29,13.5,,
1981-06-01,13.46,,
1981-06-02,13.58,,
1981-06-03,13.55,,
1981-06-04,13.51,,
1981-06-05,13.56,,
1981-06-08,13.36,,
1981-06-09,13.37,,
1981-06-10,13.31,,
1981-06-11,13.32,,
1981-06-12,13.35,,
1981-06-15,13.09,,
1981-06-16,13.08,,
1981-06-17,13.23,,
1981-06-18,13.57,,
1981-06-19,13.46,,
1981-06-22,13.44,,
1981-06-23,13.56,,
1981-06-24,13.66,,
1981-06-25,13.7,,
1981-06-26,13.69,,
1981-06-29,13.68,,
1981-06-30,13.86,,
1981-07-01,14.04,,
1981-07-02,13.95,,
1981-07-03,,,
1981-07-06,13.81,,
1981-07-07,14.04,,
1981-07-08,14.11,,
1981-07-09,14.12,,
1981-07-10,13.94,,
1981-07-13,13.99,,
1981-07-14,14.15,,
1981-07-15,14.07,,
1981-07-16,14.11,,
1981-07-17,14.09,,
1981-07-20,14.59,,
1981-07-21,14.61,,
1981-07-22,14.63,,
1981-07-23,14.57,,
1981-07-24,14.41,,
1981-07-27,14.43,,
1981-07-28,14.53,,
1981-07-29,14.61,,
1981-07-30,14.71,,
1981-07-31,14.67,,
1981-08-03,14.95,,
1981-08-04,14.95,,
1981-08-05,14.91,,
1981-08-06,14.86,,
1981-08-07,14.83,,
1981-08-10,14.65,,
1981-08-11,14.4,,
1981-08-12,14.61,,
1981-08-13,14.65,,
1981-08-14,14.74,,
1981-08-17,14.71,,
1981-08-18,14.79,,
1981-08-19,14.77,,
1981-08-20,14.89,,
1981-08-21,14.97,,
1981-08-24,15.32,,
1981-08-25,15.35,,
1981-08-26,15.31,,
1981-08-27,15.36,,
1981-08-28,15.25,,
1981-08-31,15.41,,
1981-09-01,15.41,,
1981-09-02,15.4,,
1981-09-03,15.48,,
1981-09-04,15.51,,
1981-09-07,,,
1981-09-08,15.59,,
1981-09-09,15.53,,
1981-09-10,15.3,,
1981-09-11,15.05,,
1981-09-14,15.2,,
1981-09-15,15.08,,
1981-09-16,15.11,,
1981-09-17,14.95,,
1981-09-18,14.91,,
1981-09-21,14.78,,
1981-09-22,15.03,,
1981-09-23,15.23,,
1981-09-24,15.31,,
1981-09-25,15.68,,
1981-09-28,15.65,,
1981-09-29,15.76,,
1981-09-30,15.84,,
1981-10-01,15.75,,
1981-10-02,15.41,,
1981-10-05,15.19,,
1981-10-06,15.14,,
1981-10-07,15.04,,
1981-10-08,15.0,,
1981-10-09,14.73,,
1981-10-12,,,
1981-10-13,14.83,,
1981-10-14,14.87,,
1981-10-15,14.88,,
1981-10-16,14.94,,
1981-10-19,14.95,,
1981-10-20,15.09,,
1981-10-21,15.34,,
1981-10-22,15.38,,
1981-10-23,15.3,,
1981-10-26,15.6,,
1981-10-27,15.54,,
1981-10-28,15.44,,
1981-10-29,15.06,,
1981-10-30,14.63,,
1981-11-02,14.57,,
1981-11-03,,,
1981-11-04,14.18,,
1981-11-05,14.19,,
1981-11-06,13.94,,
1981-11-09,13.39,,
1981-11-10,13.4,,
1981-11-11,,,
1981-11-12,13.19,,
1981-11-13,13.18,,
1981-11-16,13.07,,
1981-11-17,13.18,,
1981-11-18,13.0,,
1981-11-19,13.04,,
1981-11-20,13.14,,
1981-11-23,13.44,,
1981-11-24,13.13,,
1981-11-25,12.98,,
1981-11-26,,,
1981-11-27,12.92,,
1981-11-30,13.13,,
1981-12-01,13.37,,
1981-12-02,13.49,,
1981-12-03,13.45,,
1981-12-04,13.15,,
1981-12-07,13.5,,
1981-12-08,13.5,,
1981-12-09,13.64,,
1981-12-10,13.8,,
1981-12-11,13.84,,
1981-12-14,13.62,,
1981-12-15,13.55,,
1981-12-16,13.53,,
1981-12-17,13.71,,
1981-12-18,13.51,,
1981-12-21,13.83,,
1981-12-22,14.02,,
1981-12-23,14.14,,
1981-12-24,14.01,,
1981-12-25,,,
1981-12-28,14.01,,
1981-12-29,14.12,,
1981-12-30,14.17,,
1981-12-31,13.98,,
1982-01-01,,,
1982-01-04,14.19,,
1982-01-05,14.44,,
1982-01-06,14.59,,
1982-01-07,14.63,,
1982-01-08,14.48,,
1982-01-11,14.81,,
1982-01-12,14.62,,
1982-01-13,14.83,,
1982-01-14,14.7,,
1982-01-15,14.82,,
1982-01-18,14.75,,
1982-01-19,14.8,,
1982-01-20,14.81,,
1982-01-21,14.62,,
1982-01-22,14.69,,
1982-01-25,14.62,,
1982-01-26,14.54,,
1982-01-27,14.51,,
1982-01-28,14.29,,
1982-01-29,14.14,,
1982-02-01,14.58,,
1982-02-02,14.47,,
1982-02-03,14.69,,
1982-02-04,14.76,,
1982-02-05,14.65,,
1982-02-08,14.88,,
1982-02-09,14.95,,
1982-02-10,14.81,,
1982-02-11,14.71,,
1982-02-12,,,
1982-02-15,,,
1982-02-16,14.53,,
1982-02-17,14.5,,
1982-02-18,14.28,,
1982-02-19,14.24,,
1982-02-22,13.87,,
1982-02-23,13.93,,
1982-02-24,13.87,,
1982-02-25,13.91,,
1982-02-26,14.03,,
1982-03-01,13.85,,
1982-03-02,13.74,,
1982-03-03,13.69,,
1982-03-04,13.61,,
1982-03-05,13.59,,
1982-03-08,13.67,,
1982-03-09,13.69,,
1982-03-10,13.73,,
1982-03-11,13.95,,
1982-03-12,13.97,,
1982-03-15,13.96,,
1982-03-16,13.91,,
1982-03-17,13.88,,
1982-03-18,13.87,,
1982-03-19,13.89,,
1982-03-22,13.74,,
1982-03-23,13.72,,
1982-03-24,13.91,,
1982-03-25,13.9,,
1982-03-26,14.01,,
1982-03-29,14.16,,
1982-03-30,14.19,,
1982-03-31,14.18,,
1982-04-01,14.1,,
1982-04-02,14.1,,
1982-04-05,14.16,,
1982-04-06,14.18,,
1982-04-07,14.18,,
1982-04-08,13.98,,
1982-04-09,,,
1982-04-12,13.83,,
1982-04-13,13.83,,
1982-04-14,13.95,,
1982-04-15,13.91,,
1982-04-16,13.71,,
1982-04-19,13.66,,
1982-04-20,13.72,,
1982-04-21,13.69,,
1982-04-22,13.71,,
1982-04-23,13.69,,
1982-04-26,13.7,,
1982-04-27,13.7,,
1982-04-28,13.77,,
1982-04-29,13.87,,
1982-04-30,13.87,,
1982-05-03,13.95,,
1982-05-04,13.87,,
1982-05-05,13.8,,
1982-05-06,13.54,,
1982-05-07,13.48,,
1982-05-10,13.49,,
1982-05-11,13.46,,
1982-05-12,13.59,,
1982-05-13,13.62,,
1982-05-14,13.48,,
1982-05-17,13.57,,
1982-05-18,13.6,,
1982-05-19,13.64,,
1982-05-20,13.53,,
1982-05-21,13.52,,
1982-05-24,13.58,,
1982-05-25,13.62,,
1982-05-26,13.68,,
1982-05-27,13.72,,
1982-05-28,13.71,,
1982-05-31,,,
1982-06-01,13.93,,
1982-06-02,13.86,,
1982-06-03,13.9,,
1982-06-04,13.98,,
1982-06-07,13.94,,
1982-06-08,13.98,,
1982-06-09,13.99,,
1982-06-10,14.02,,
1982-06-11,13.93,,
1982-06-14,14.21,,
1982-06-15,14.21,,
1982-06-16,14.26,,
1982-06-17,14.48,,
1982-06-18,14.62,,
1982-06-21,14.63,,
1982-06-22,14.66,,
1982-06-23,14.74,,
1982-06-24,14.71,,
1982-06-25,14.76,,
1982-06-28,14.73,,
1982-06-29,14.61,,
1982-06-30,14.44,,
1982-07-01,14.4,,
1982-07-02,14.5,,
1982-07-05,,,
1982-07-06,14.48,,
1982-07-07,14.49,,
1982-07-08,14.19,,
1982-07-09,14.03,,
1982-07-12,13.87,,
1982-07-13,14.02,,
1982-07-14,14.1,,
1982-07-15,13.96,,
1982-07-16,13.7,,
1982-07-19,13.68,,
1982-07-20,13.53,,
1982-07-21,13.6,,
1982-07-22,13.51,,
1982-07-23,13.56,,
1982-07-26,13.91,,
1982-07-27,13.86,,
1982-07-28,13.97,,
1982-07-29,13.83,,
1982-07-30,13.68,,
1982-08-02,13.41,,
1982-08-03,13.51,,
1982-08-04,13.68,,
1982-08-05,13.7,,
1982-08-06,13.85,,
1982-08-09,13.7,,
1982-08-10,13.69,,
1982-08-11,13.71,,
1982-08-12,13.55,,
1982-08-13,13.2,,
1982-08-16,13.09,,
1982-08-17,12.65,,
1982-08-18,12.57,,
1982-08-19,12.47,,
1982-08-20,12.24,,
1982-08-23,12.47,,
1982-08-24,12.35,,
1982-08-25,12.43,,
1982-08-26,12.55,,
1982-08-27,12.77,,
1982-08-30,12.81,,
1982-08-31,12.81,,
1982-09-01,12.76,,
1982-09-02,12.6,,
1982-09-03,12.47,,
1982-09-06,,,
1982-09-07,12.53,,
1982-09-08,12.51,,
1982-09-09,12.53,,
1982-09-10,12.73,,
1982-09-13,12.63,,
1982-09-14,12.56,,
1982-09-15,12.6,,
1982-09-16,12.6,,
1982-09-17,12.51,,
1982-09-20,12.47,,
1982-09-21,12.18,,
1982-09-22,12.04,,
1982-09-23,11.94,,
1982-09-24,12.09,,
1982-09-27,11.99,,
1982-09-28,11.85,,
1982-09-29,11.8,,
1982-09-30,11.73,,
1982-10-01,11.51,,
1982-10-04,11.72,,
1982-10-05,11.69,,
1982-10-06,11.5,,
1982-10-07,10.91,,
1982-10-08,10.83,,
1982-10-11,,,
1982-10-12,10.53,,
1982-10-13,10.39,,
1982-10-14,10.61,,
1982-10-15,10.75,,
1982-10-18,10.58,,
1982-10-19,10.56,,
1982-10-20,10.69,,
1982-10-21,10.69,,
1982-10-22,10.81,,
1982-10-25,11.11,,
1982-10-26,10.87,,
1982-10-27,10.9,,
1982-10-28,10.77,,
1982-10-29,10.71,,
1982-11-01,10.56,,
1982-11-02,,,
1982-11-03,10.46,,
1982-11-04,10.42,,
1982-11-05,10.48,,
1982-11-08,10.55,,
1982-11-09,10.51,,
1982-11-10,10.48,,
1982-11-11,,,
1982-11-12,10.58,,
1982-11-15,10.65,,
1982-11-16,10.67,,
1982-11-17,10.59,,
1982-11-18,10.46,,
1982-11-19,10.42,,
1982-11-22,10.43,,
1982-11-23,10.53,,
1982-11-24,10.59,,
1982-11-25,,,
1982-11-26,10.51,,
1982-11-29,10.78,,
1982-11-30,10.79,,
1982-12-01,10.74,,
1982-12-02,10.68,,
1982-12-03,10.47,,
1982-12-06,10.46,,
1982-12-07,10.48,,
1982-12-08,10.62,,
1982-12-09,10.58,,
1982-12-10,10.66,,
1982-12-13,10.61,,
1982-12-14,10.46,,
1982-12-15,10.5,,
1982-12-16,10.59,,
1982-12-17,10.64,,
1982-12-20,10.7,,
1982-12-21,10.54,,
1982-12-22,10.53,,
1982-12-23,10.47,,
1982-12-24,,,
1982-12-27,10.44,,
1982-12-28,10.44,,
1982-12-29,10.47,,
1982-12-30,10.44,,
1982-12-31,10.36,,
1983-01-03,10.32,,
1983-01-04,10.37,,
1983-01-05,10.35,,
1983-01-06,10.39,,
1983-01-07,10.36,,
1983-01-10,10.38,,
1983-01-11,10.34,,
1983-01-12,10.32,,
1983-01-13,10.27,,
1983-01-14,10.28,,
1983-01-17,10.28,,
1983-01-18,10.3,,
1983-01-19,10.41,,
1983-01-20,10.43,,
1983-01-21,10.61,,
1983-01-24,10.7,,
1983-01-25,10.62,,
1983-01-26,10.69,,
1983-01-27,10.67,,
1983-01-28,10.71,,
1983-01-31,10.8,,
1983-02-01,10.78,,
1983-02-02,10.88,,
1983-02-03,10.93,,
1983-02-04,10.99,,
1983-02-07,10.96,,
1983-02-08,10.99,,
1983-02-09,11.0,,
1983-02-10,10.83,,
1983-02-11,10.8,,
1983-02-14,10.8,,
1983-02-15,10.84,,
1983-02-16,10.81,,
1983-02-17,10.71,,
1983-02-18,10.6,,
1983-02-21,,,
1983-02-22,10.46,,
1983-02-23,10.44,,
1983-02-24,10.42,,
1983-02-25,10.26,,
1983-02-28,10.27,,
1983-03-01,10.22,,
1983-03-02,10.26,,
1983-03-03,10.23,,
1983-03-04,10.27,,
1983-03-07,10.43,,
1983-03-08,10.52,,
1983-03-09,10.48,,
1983-03-10,10.55,,
1983-03-11,10.59,,
1983-03-14,10.48,,
1983-03-15,10.46,,
1983-03-16,10.53,,
1983-03-17,10.56,,
1983-03-18,10.58,,
1983-03-21,10.6,,
1983-03-22,10.62,,
1983-03-23,10.58,,
1983-03-24,10.58,,
1983-03-25,10.64,,
1983-03-28,10.66,,
1983-03-29,10.6,,
1983-03-30,10.59,,
1983-03-31,10.62,,
1983-04-01,,,
1983-04-04,10.6,,
1983-04-05,10.49,,
1983-04-06,10.49,,
1983-04-07,10.51,,
1983-04-08,10.51,,
1983-04-11,10.41,,
1983-04-12,10.42,,
1983-04-13,10.39,,
1983-04-14,10.29,,
1983-04-15,10.33,,
1983-04-18,10.29,,
1983-04-19,10.39,,
1983-04-20,10.39,,
1983-04-21,10.43,,
1983-04-22,10.42,,
1983-04-25,10.4,,
1983-04-26,10.37,,
1983-04-27,10.29,,
1983-04-28,10.31,,
1983-04-29,10.27,,
1983-05-02,10.26,,
1983-05-03,10.26,,
1983-05-04,10.12,,
1983-05-05,10.16,,
1983-05-06,10.13,,
1983-05-09,10.25,,
1983-05-10,10.16,,
1983-05-11,10.18,,
1983-05-12,10.23,,
1983-05-13,10.22,,
1983-05-16,10.37,,
1983-05-17,10.41,,
1983-05-18,10.43,,
1983-05-19,10.49,,
1983-05-20,10.54,,
1983-05-23,10.57,,
1983-05-24,10.56,,
1983-05-25,10.58,,
1983-05-26,10.63,,
1983-05-27,10.62,,
1983-05-30,,,
1983-05-31,10.81,,
1983-06-01,10.77,,
1983-06-02,10.78,,
1983-06-03,10.79,,
1983-06-06,10.79,,
1983-06-07,10.85,,
1983-06-08,10.92,,
1983-06-09,10.88,,
1983-06-10,10.89,,
1983-06-13,10.75,,
1983-06-14,10.77,,
1983-06-15,10.72,,
1983-06-16,10.64,,
1983-06-17,10.68,,
1983-06-20,10.8,,
1983-06-21,10.79,,
1983-06-22,10.83,,
1983-06-23,10.9,,
1983-06-24,11.02,,
1983-06-27,11.11,,
1983-06-28,11.04,,
1983-06-29,10.99,,
1983-06-30,10.96,,
1983-07-01,10.93,,
1983-07-04,,,
1983-07-05,11.21,,
1983-07-06,11.16,,
1983-07-07,11.29,,
1983-07-08,11.33,,
1983-07-11,11.28,,
1983-07-12,11.42,,
1983-07-13,11.4,,
1983-07-14,11.38,,
1983-07-15,11.51,,
1983-07-18,11.41,,
1983-07-19,11.36,,
1983-07-20,11.28,,
1983-07-21,11.32,,
1983-07-22,11.43,,
1983-07-25,11.41,,
1983-07-26,11.49,,
1983-07-27,11.51,,
1983-07-28,11.66,,
1983-07-29,11.76,,
1983-08-01,11.8,,
1983-08-02,11.82,,
1983-08-03,11.92,,
1983-08-04,12.12,,
1983-08-05,12.1,,
1983-08-08,12.2,,
1983-08-09,12.13,,
1983-08-10,12.17,,
1983-08-11,12.04,,
1983-08-12,11.96,,
1983-08-15,11.76,,
1983-08-16,11.71,,
1983-08-17,11.65,,
1983-08-18,11.7,,
1983-08-19,11.72,,
1983-08-22,11.54,,
1983-08-23,11.57,,
1983-08-24,11.54,,
1983-08-25,11.62,,
1983-08-26,11.65,,
1983-08-29,11.86,,
1983-08-30,11.9,,
1983-08-31,11.98,,
1983-09-01,11.97,,
1983-09-02,12.01,,
1983-09-05,,,
1983-09-06,11.85,,
1983-09-07,11.7,,
1983-09-08,11.77,,
1983-09-09,11.73,,
1983-09-12,11.56,,
1983-09-13,11.63,,
1983-09-14,11.76,,
1983-09-15,11.82,,
1983-09-16,11.68,,
1983-09-19,11.66,,
1983-09-20,11.57,,
1983-09-21,11.64,,
1983-09-22,11.6,,
1983-09-23,11.49,,
1983-09-26,11.41,,
1983-09-27,11.45,,
1983-09-28,11.49,,
1983-09-29,11.5,,
1983-09-30,11.44,,
1983-10-03,11.47,,
1983-10-04,11.46,,
1983-10-05,11.35,,
1983-10-06,11.31,,
1983-10-07,11.33,,
1983-10-10,,,
1983-10-11,11.57,,
1983-10-12,11.59,,
1983-10-13,11.65,,
1983-10-14,11.58,,
1983-10-17,11.47,,
1983-10-18,11.49,,
1983-10-19,11.49,,
1983-10-20,11.47,,
1983-10-21,11.43,,
1983-10-24,11.66,,
1983-10-25,11.7,,
1983-10-26,11.72,,
1983-10-27,11.66,,
1983-10-28,11.68,,
1983-10-31,11.74,,
1983-11-01,11.69,,
1983-11-02,11.7,,
1983-11-03,11.75,,
1983-11-04,11.85,,
1983-11-07,11.85,,
1983-11-08,,,
1983-11-09,11.84,,
1983-11-10,11.71,,
1983-11-11,,,
1983-11-14,11.68,,
1983-11-15,11.7,,
1983-11-16,11.7,,
1983-11-17,11.72,,
1983-11-18,11.72,,
1983-11-21,11.65,,
1983-11-22,11.57,,
1983-11-23,11.59,,
1983-11-24,,,
1983-11-25,11.55,,
1983-11-28,11.63,,
1983-11-29,11.58,,
1983-11-30,11.63,,
1983-12-01,11.63,,
1983-12-02,11.75,,
1983-12-05,11.78,,
1983-12-06,11.76,,
1983-12-07,11.79,,
1983-12-08,11.89,,
1983-12-09,11.9,,
1983-12-12,11.87,,
1983-12-13,11.95,,
1983-12-14,11.97,,
1983-12-15,11.96,,
1983-12-16,11.88,,
1983-12-19,11.87,,
1983-12-20,11.86,,
1983-12-21,11.83,,
1983-12-22,11.77,,
1983-12-23,11.79,,
1983-12-26,,,
1983-12-27,11.75,,
1983-12-28,11.81,,
1983-12-29,11.79,,
1983-12-30,11.82,,
1984-01-02,,,
1984-01-03,11.86,,
1984-01-04,11.78,,
1984-01-05,11.77,,
1984-01-06,11.73,,
1984-01-09,11.75,,
1984-01-10,11.71,,
1984-01-11,11.76,,
1984-01-12,11.76,,
1984-01-13,11.59,,
1984-01-16,11.54,,
1984-01-17,11.57,,
1984-01-18,11.61,,
1984-01-19,11.6,,
1984-01-20,11.64,,
1984-01-23,11.63,,
1984-01-24,11.63,,
1984-01-25,11.64,,
1984-01-26,11.63,,
1984-01-27,11.63,,
1984-01-30,11.66,,
1984-01-31,11.67,,
1984-02-01,11.64,,
1984-02-02,11.6,,
1984-02-03,11.6,,
1984-02-06,11.7,,
1984-02-07,11.71,,
1984-02-08,11.72,,
1984-02-09,11.73,,
1984-02-10,11.83,,
1984-02-13,,,
1984-02-14,11.85,,
1984-02-15,11.81,,
1984-02-16,11.83,,
1984-02-17,11.92,,
1984-02-20,,,
1984-02-21,11.91,,
1984-02-22,11.93,,
1984-02-23,12.05,,
1984-02-24,11.99,,
1984-02-27,12.05,,
1984-02-28,12.09,,
1984-02-29,12.04,,
1984-03-01,12.07,,
1984-03-02,11.99,,
1984-03-05,12.07,,
1984-03-06,12.09,,
1984-03-07,12.22,,
1984-03-08,12.24,,
1984-03-09,12.28,,
1984-03-12,12.24,,
1984-03-13,12.27,,
1984-03-14,12.31,,
1984-03-15,12.31,,
1984-03-16,12.34,,
1984-03-19,12.45,,
1984-03-20,12.44,,
1984-03-21,12.45,,
1984-03-22,12.49,,
1984-03-23,12.48,,
1984-03-26,12.46,,
1984-03-27,12.46,,
1984-03-28,12.42,,
1984-03-29,12.41,,
1984-03-30,12.53,,
1984-04-02,12.56,,
1984-04-03,12.65,,
1984-04-04,12.67,,
1984-04-05,12.65,,
1984-04-06,12.51,,
1984-04-09,12.47,,
1984-04-10,12.52,,
1984-04-11,12.5,,
1984-04-12,12.4,,
1984-04-13,12.57,,
1984-04-16,12.61,,
1984-04-17,12.57,,
1984-04-18,12.7,,
1984-04-19,12.77,,
1984-04-20,,,
1984-04-23,12.8,,
1984-04-24,12.75,,
1984-04-25,12.69,,
1984-04-26,12.67,,
1984-04-27,12.79,,
1984-04-30,12.82,,
1984-05-01,12.82,,
1984-05-02,12.86,,
1984-05-03,12.89,,
1984-05-04,13.07,,
1984-05-07,13.13,,
1984-05-08,13.09,,
1984-05-09,13.21,,
1984-05-10,13.25,,
1984-05-11,13.46,,
1984-05-14,13.58,,
1984-05-15,13.48,,
1984-05-16,13.41,,
1984-05-17,13.54,,
1984-05-18,13.45,,
1984-05-21,13.43,,
1984-05-22,13.52,,
1984-05-23,13.54,,
1984-05-24,13.72,,
1984-05-25,13.75,,
1984-05-28,,,
1984-05-29,13.89,,
1984-05-30,13.99,,
1984-05-31,13.91,,
1984-06-01,13.63,,
1984-06-04,13.42,,
1984-06-05,13.37,,
1984-06-06,13.54,,
1984-06-07,13.54,,
1984-06-08,13.46,,
1984-06-11,13.58,,
1984-06-12,13.54,,
1984-06-13,13.44,,
1984-06-14,13.39,,
1984-06-15,13.21,,
1984-06-18,13.27,,
1984-06-19,13.38,,
1984-06-20,13.65,,
1984-06-21,13.72,,
1984-06-22,13.74,,
1984-06-25,13.75,,
1984-06-26,13.79,,
1984-06-27,13.76,,
1984-06-28,13.8,,
1984-06-29,13.84,,
1984-07-02,13.87,,
1984-07-03,13.8,,
1984-07-04,,,
1984-07-05,13.77,,
1984-07-06,13.75,,
1984-07-09,13.48,,
1984-07-10,13.53,,
1984-07-11,13.55,,
1984-07-12,13.42,,
1984-07-13,13.3,,
1984-07-16,13.32,,
1984-07-17,13.37,,
1984-07-18,13.32,,
1984-07-19,13.25,,
1984-07-20,13.36,,
1984-07-23,13.35,,
1984-07-24,13.31,,
1984-07-25,13.06,,
1984-07-26,12.89,,
1984-07-27,12.95,,
1984-07-30,13.05,,
1984-07-31,12.91,,
1984-08-01,12.81,,
1984-08-02,12.74,,
1984-08-03,12.61,,
1984-08-06,12.73,,
1984-08-07,12.69,,
1984-08-08,12.66,,
1984-08-09,12.61,,
1984-08-10,12.68,,
1984-08-13,12.74,,
1984-08-14,12.67,,
1984-08-15,12.74,,
1984-08-16,12.7,,
1984-08-17,12.7,,
1984-08-20,12.69,,
1984-08-21,12.62,,
1984-08-22,12.65,,
1984-08-23,12.69,,
1984-08-24,12.66,,
1984-08-27,12.81,,
1984-08-28,12.81,,
1984-08-29,12.83,,
1984-08-30,12.84,,
1984-08-31,12.79,,
1984-09-03,,,
1984-09-04,12.88,,
1984-09-05,12.92,,
1984-09-06,12.81,,
1984-09-07,12.7,,
1984-09-10,12.62,,
1984-09-11,12.54,,
1984-09-12,12.55,,
1984-09-13,12.44,,
1984-09-14,12.42,,
1984-09-17,12.4,,
1984-09-18,12.35,,
1984-09-19,12.25,,
1984-09-20,12.28,,
1984-09-21,12.45,,
1984-09-24,12.52,,
1984-09-25,12.56,,
1984-09-26,12.46,,
1984-09-27,12.31,,
1984-09-28,12.47,,
1984-10-01,12.54,,
1984-10-02,12.54,,
1984-10-03,12.54,,
1984-10-04,12.52,,
1984-10-05,12.39,,
1984-10-08,,,
1984-10-09,12.36,,
1984-10-10,12.36,,
1984-10-11,12.31,,
1984-10-12,12.28,,
1984-10-15,12.34,,
1984-10-16,12.32,,
1984-10-17,12.28,,
1984-10-18,12.09,,
1984-10-19,11.93,,
1984-10-22,11.9,,
1984-10-23,11.78,,
1984-10-24,11.74,,
1984-10-25,11.83,,
1984-10-26,11.99,,
1984-10-29,11.95,,
1984-10-30,11.75,,
1984-10-31,11.79,,
1984-11-01,11.66,,
1984-11-02,11.66,,
1984-11-05,11.6,,
1984-11-06,,,
1984-11-07,11.72,,
1984-11-08,11.81,,
1984-11-09,11.71,,
1984-11-12,,,
1984-11-13,11.78,,
1984-11-14,11.81,,
1984-11-15,11.73,,
1984-11-16,11.69,,
1984-11-19,11.61,,
1984-11-20,11.53,,
1984-11-21,11.39,,
1984-11-22,,,
1984-11-23,11.24,,
1984-11-26,11.28,,
1984-11-27,11.28,,
1984-11-28,11.38,,
1984-11-29,11.42,,
1984-11-30,11.58,,
1984-12-03,11.56,,
1984-12-04,11.52,,
1984-12-05,11.52,,
1984-12-06,11.61,,
1984-12-07,11.7,,
1984-12-10,11.66,,
1984-12-11,11.57,,
1984-12-12,11.54,,
1984-12-13,11.7,,
1984-12-14,11.56,,
1984-12-17,11.49,,
1984-12-18,11.29,,
1984-12-19,11.34,,
1984-12-20,11.37,,
1984-12-21,11.34,,
1984-12-24,11.31,,
1984-12-25,,,
1984-12-26,11.45,,
1984-12-27,11.45,,
1984-12-28,11.46,,
1984-12-31,11.55,,
1985-01-01,,,
1985-01-02,11.7,,
1985-01-03,11.62,,
1985-01-04,11.67,,
1985-01-07,11.5,,
1985-01-08,11.45,,
1985-01-09,11.47,,
1985-01-10,11.48,,
1985-01-11,11.59,,
1985-01-14,11.6,,
1985-01-15,11.49,,
1985-01-16,11.51,,
1985-01-17,11.48,,
1985-01-18,11.39,,
1985-01-21,,,
1985-01-22,11.27,,
1985-01-23,11.21,,
1985-01-24,11.06,,
1985-01-25,11.11,,
1985-01-28,11.11,,
1985-01-29,11.11,,
1985-01-30,11.08,,
1985-01-31,11.17,,
1985-02-01,11.29,,
1985-02-04,11.35,,
1985-02-05,11.3,,
1985-02-06,11.4,,
1985-02-07,11.41,,
1985-02-08,11.37,,
1985-02-11,11.42,,
1985-02-12,,,
1985-02-13,11.39,,
1985-02-14,11.29,,
1985-02-15,11.38,,
1985-02-18,,,
1985-02-19,11.37,,
1985-02-20,11.52,,
1985-02-21,11.64,,
1985-02-22,11.76,,
1985-02-25,11.75,,
1985-02-26,11.72,,
1985-02-27,11.89,,
1985-02-28,11.91,,
1985-03-01,11.86,,
1985-03-04,11.93,,
1985-03-05,11.86,,
1985-03-06,11.92,,
1985-03-07,11.94,,
1985-03-08,11.71,,
1985-03-11,11.72,,
1985-03-12,11.78,,
1985-03-13,11.9,,
1985-03-14,11.92,,
1985-03-15,11.93,,
1985-03-18,12.02,,
1985-03-19,11.99,,
1985-03-20,11.91,,
1985-03-21,11.82,,
1985-03-22,11.88,,
1985-03-25,11.86,,
1985-03-26,11.77,,
1985-03-27,11.84,,
1985-03-28,11.75,,
1985-03-29,11.65,,
1985-04-01,11.66,,
1985-04-02,11.7,,
1985-04-03,11.73,,
1985-04-04,11.75,,
1985-04-05,,,
1985-04-08,11.77,,
1985-04-09,11.66,,
1985-04-10,11.58,,
1985-04-11,11.42,,
1985-04-12,11.43,,
1985-04-15,11.37,,
1985-04-16,11.25,,
1985-04-17,11.29,,
1985-04-18,11.13,,
1985-04-19,11.16,,
1985-04-22,11.13,,
1985-04-23,11.25,,
1985-04-24,11.25,,
1985-04-25,11.37,,
1985-04-26,11.35,,
1985-04-29,11.47,,
1985-04-30,11.41,,
1985-05-01,11.27,,
1985-05-02,11.29,,
1985-05-03,11.21,,
1985-05-06,11.19,,
1985-05-07,11.17,,
1985-05-08,11.26,,
1985-05-09,11.2,,
1985-05-10,11.04,,
1985-05-13,11.04,,
1985-05-14,10.87,,
1985-05-15,10.89,,
1985-05-16,10.81,,
1985-05-17,10.84,,
1985-05-20,10.56,,
1985-05-21,10.6,,
1985-05-22,10.62,,
1985-05-23,10.64,,
1985-05-24,10.57,,
1985-05-27,,,
1985-05-28,10.43,,
1985-05-29,10.46,,
1985-05-30,10.39,,
1985-05-31,10.28,,
1985-06-03,10.05,,
1985-06-04,10.05,,
1985-06-05,9.83,,
1985-06-06,9.89,,
1985-06-07,10.19,,
1985-06-10,10.16,,
1985-06-11,10.08,,
1985-06-12,10.16,,
1985-06-13,10.21,,
1985-06-14,9.98,,
1985-06-17,9.97,,
1985-06-18,9.9,,
1985-06-19,10.04,,
1985-06-20,10.14,,
1985-06-21,10.34,,
1985-06-24,10.45,,
1985-06-25,10.5,,
1985-06-26,10.54,,
1985-06-27,10.39,,
1985-06-28,10.25,,
1985-07-01,10.19,,
1985-07-02,10.2,,
1985-07-03,10.23,,
1985-07-04,,,
1985-07-05,9.93,,
1985-07-08,10.05,,
1985-07-09,10.05,,
1985-07-10,10.07,,
1985-07-11,10.22,,
1985-07-12,10.23,,
1985-07-15,10.22,,
1985-07-16,10.15,,
1985-07-17,10.12,,
1985-07-18,10.3,,
1985-07-19,10.34,,
1985-07-22,10.46,,
1985-07-23,10.47,,
1985-07-24,10.51,,
1985-07-25,10.52,,
1985-07-26,10.59,,
1985-07-29,10.67,,
1985-07-30,10.66,,
1985-07-31,10.57,,
1985-08-01,10.51,,
1985-08-02,10.66,,
1985-08-05,10.64,,
1985-08-06,10.65,,
1985-08-07,10.55,,
1985-08-08,10.43,,
1985-08-09,10.37,,
1985-08-12,10.38,,
1985-08-13,10.46,,
1985-08-14,10.38,,
1985-08-15,10.36,,
1985-08-16,10.26,,
1985-08-19,10.23,,
1985-08-20,10.2,,
1985-08-21,10.12,,
1985-08-22,10.1,,
1985-08-23,10.14,,
1985-08-26,10.18,,
1985-08-27,10.12,,
1985-08-28,10.16,,
1985-08-29,10.12,,
1985-08-30,10.28,,
1985-09-02,,,
1985-09-03,10.24,,
1985-09-04,10.16,,
1985-09-05,10.27,,
1985-09-06,10.5,,
1985-09-09,10.49,,
1985-09-10,10.48,,
1985-09-11,10.51,,
1985-09-12,10.52,,
1985-09-13,10.4,,
1985-09-16,10.37,,
1985-09-17,10.41,,
1985-09-18,10.43,,
1985-09-19,10.43,,
1985-09-20,10.36,,
1985-09-23,10.39,,
1985-09-24,10.33,,
1985-09-25,10.27,,
1985-09-26,10.22,,
1985-09-27,,,
1985-09-30,10.31,,
1985-10-01,10.29,,
1985-10-02,10.3,,
1985-10-03,10.32,,
1985-10-04,10.36,,
1985-10-07,10.42,,
1985-10-08,10.36,,
1985-10-09,10.37,,
1985-10-10,10.35,,
1985-10-11,10.34,,
1985-10-14,,,
1985-10-15,10.3,,
1985-10-16,10.25,,
1985-10-17,10.21,,
1985-10-18,10.17,,
1985-10-21,10.18,,
1985-10-22,10.12,,
1985-10-23,10.14,,
1985-10-24,10.15,,
1985-10-25,10.21,,
1985-10-28,10.28,,
1985-10-29,10.11,,
1985-10-30,9.97,,
1985-10-31,10.01,,
1985-11-01,9.98,,
1985-11-04,9.98,,
1985-11-05,9.93,,
1985-11-06,9.93,,
1985-11-07,9.91,,
1985-11-08,9.84,,
1985-11-11,,,
1985-11-12,9.74,,
1985-11-13,9.78,,
1985-11-14,9.84,,
1985-11-15,9.92,,
1985-11-18,9.72,,
1985-11-19,9.73,,
1985-11-20,9.72,,
1985-11-21,9.58,,
1985-11-22,9.66,,
1985-11-25,9.68,,
1985-11-26,9.68,,
1985-11-27,9.64,,
1985-11-28,,,
1985-11-29,9.59,,
1985-12-02,9.69,,
1985-12-03,9.68,,
1985-12-04,9.63,,
1985-12-05,9.62,,
1985-12-06,9.65,,
1985-12-09,9.49,,
1985-12-10,9.36,,
1985-12-11,9.2,,
1985-12-12,9.27,,
1985-12-13,9.21,,
1985-12-16,9.16,,
1985-12-17,9.04,,
1985-12-18,9.11,,
1985-12-19,9.1,,
1985-12-20,9.04,,
1985-12-23,9.08,,
1985-12-24,9.07,,
1985-12-25,,,
1985-12-26,9.04,,
1985-12-27,8.99,,
1985-12-30,9.01,,
1985-12-31,9.0,,
1986-01-01,,,
1986-01-02,9.04,,
1986-01-03,9.05,,
1986-01-06,9.07,,
1986-01-07,8.94,,
1986-01-08,9.13,,
1986-01-09,9.27,,
1986-01-10,9.39,,
1986-01-13,9.49,,
1986-01-14,9.43,,
1986-01-15,9.31,,
1986-01-16,9.3,,
1986-01-17,9.24,,
1986-01-20,,,
1986-01-21,9.22,,
1986-01-22,9.28,,
1986-01-23,9.23,,
1986-01-24,9.23,,
1986-01-27,9.13,,
1986-01-28,9.05,,
1986-01-29,9.09,,
1986-01-30,9.1,,
1986-01-31,9.08,,
1986-02-03,9.02,,
1986-02-04,8.96,,
1986-02-05,8.97,,
1986-02-06,9.03,,
1986-02-07,9.11,,
1986-02-10,9.0,,
1986-02-11,8.93,,
1986-02-12,8.91,,
1986-02-13,8.85,,
1986-02-14,8.68,,
1986-02-17,,,
1986-02-18,8.64,,
1986-02-19,8.7,,
1986-02-20,8.67,,
1986-02-21,8.48,,
1986-02-24,8.39,,
1986-02-25,8.4,,
1986-02-26,8.36,,
1986-02-27,8.15,,
1986-02-28,8.13,,
1986-03-03,7.99,,
1986-03-04,7.93,,
1986-03-05,8.12,,
1986-03-06,8.04,,
1986-03-07,7.96,,
1986-03-10,7.76,,
1986-03-11,7.7,,
1986-03-12,7.68,,
1986-03-13,7.75,,
1986-03-14,7.72,,
1986-03-17,7.77,,
1986-03-18,7.83,,
1986-03-19,7.82,,
1986-03-20,7.78,,
1986-03-21,7.8,,
1986-03-24,7.7,,
1986-03-25,7.7,,
1986-03-26,7.64,,
1986-03-27,7.49,,
1986-03-28,,,
1986-03-31,7.39,,
1986-04-01,7.37,,
1986-04-02,7.33,,
1986-04-03,7.41,,
1986-04-04,7.45,,
1986-04-07,7.43,,
1986-04-08,7.31,,
1986-04-09,7.27,,
1986-04-10,7.23,,
1986-04-11,7.29,,
1986-04-14,7.19,,
1986-04-15,7.22,,
1986-04-16,6.98,,
1986-04-17,7.03,,
1986-04-18,7.09,,
1986-04-21,7.04,,
1986-04-22,7.25,,
1986-04-23,7.36,,
1986-04-24,7.51,,
1986-04-25,7.58,,
1986-04-28,7.48,,
1986-04-29,7.38,,
1986-04-30,7.38,,
1986-05-01,7.45,,
1986-05-02,7.51,,
1986-05-05,7.45,,
1986-05-06,7.46,,
1986-05-07,7.43,,
1986-05-08,7.4,,
1986-05-09,7.48,,
1986-05-12,7.67,,
1986-05-13,7.63,,
1986-05-14,7.66,,
1986-05-15,7.79,,
1986-05-16,7.99,,
1986-05-19,7.98,,
1986-05-20,7.88,,
1986-05-21,7.9,,
1986-05-22,7.88,,
1986-05-23,7.84,,
1986-05-26,,,
1986-05-27,7.73,,
1986-05-28,7.73,,
1986-05-29,7.99,,
1986-05-30,8.05,,
1986-06-02,8.32,,
1986-06-03,8.19,,
1986-06-04,8.39,,
1986-06-05,8.31,,
1986-06-06,7.95,,
1986-06-09,8.13,,
1986-06-10,8.07,,
1986-06-11,8.01,,
1986-06-12,7.98,,
1986-06-13,7.73,,
1986-06-16,7.63,,
1986-06-17,7.63,,
1986-06-18,7.57,,
1986-06-19,7.69,,
1986-06-20,7.6,,
1986-06-23,7.55,,
1986-06-24,7.47,,
1986-06-25,7.42,,
1986-06-26,7.42,,
1986-06-27,7.38,,
1986-06-30,7.35,,
1986-07-01,7.37,,
1986-07-02,7.37,,
1986-07-03,7.31,,
1986-07-04,,,
1986-07-07,7.31,,
1986-07-08,7.44,,
1986-07-09,7.31,,
1986-07-10,7.31,,
1986-07-11,7.3,,
1986-07-14,7.25,,
1986-07-15,7.16,,
1986-07-16,7.2,,
1986-07-17,7.18,,
1986-07-18,7.16,,
1986-07-21,7.14,,
1986-07-22,7.2,,
1986-07-23,7.29,,
1986-07-24,7.35,,
1986-07-25,7.33,,
1986-07-28,7.53,,
1986-07-29,7.41,,
1986-07-30,7.41,,
1986-07-31,7.34,,
1986-08-01,7.34,,
1986-08-04,7.33,,
1986-08-05,7.39,,
1986-08-06,7.47,,
1986-08-07,7.45,,
1986-08-08,7.3,,
1986-08-11,7.25,,
1986-08-12,7.23,,
1986-08-13,7.15,,
1986-08-14,7.16,,
1986-08-15,7.14,,
1986-08-18,7.14,,
1986-08-19,7.02,,
1986-08-20,7.0,,
1986-08-21,6.96,,
1986-08-22,7.07,,
1986-08-25,7.06,,
1986-08-26,6.97,,
1986-08-27,7.06,,
1986-08-28,7.04,,
1986-08-29,6.95,,
1986-09-01,,,
1986-09-02,7.03,,
1986-09-03,7.2,,
1986-09-04,7.15,,
1986-09-05,7.32,,
1986-09-08,7.38,,
1986-09-09,7.35,,
1986-09-10,7.35,,
1986-09-11,7.57,,
1986-09-12,7.63,,
1986-09-15,7.53,,
1986-09-16,7.53,,
1986-09-17,7.46,,
1986-09-18,7.62,,
1986-09-19,7.67,,
1986-09-22,7.62,,
1986-09-23,7.58,,
1986-09-24,7.48,,
1986-09-25,7.47,,
1986-09-26,7.47,,
1986-09-29,7.54,,
1986-09-30,7.45,,
1986-10-01,7.41,,
1986-10-02,7.45,,
1986-10-03,7.31,,
1986-10-06,7.28,,
1986-10-07,7.28,,
1986-10-08,7.31,,
1986-10-09,7.33,,
1986-10-10,7.36,,
1986-10-13,,,
1986-10-14,7.49,,
1986-10-15,7.51,,
1986-10-16,7.53,,
1986-10-17,7.57,,
1986-10-20,7.66,,
1986-10-21,7.57,,
1986-10-22,7.49,,
1986-10-23,7.43,,
1986-10-24,7.47,,
1986-10-27,7.42,,
1986-10-28,7.45,,
1986-10-29,7.41,,
1986-10-30,7.31,,
1986-10-31,7.34,,
1986-11-03,7.29,,
1986-11-04,7.31,,
1986-11-05,7.24,,
1986-11-06,7.32,,
1986-11-07,7.4,,
1986-11-10,7.38,,
1986-11-11,,,
1986-11-12,7.35,,
1986-11-13,7.33,,
1986-11-14,7.29,,
1986-11-17,7.22,,
1986-11-18,7.27,,
1986-11-19,7.19,,
1986-11-20,7.19,,
1986-11-21,7.17,,
1986-11-24,7.11,,
1986-11-25,7.15,,
1986-11-26,7.15,,
1986-11-27,,,
1986-11-28,7.15,,
1986-12-01,7.18,,
1986-12-02,7.08,,
1986-12-03,7.06,,
1986-12-04,7.01,,
1986-12-05,7.12,,
1986-12-08,7.1,,
1986-12-09,7.07,,
1986-12-10,7.05,,
1986-12-11,7.12,,
1986-12-12,7.13,,
1986-12-15,7.15,,
1986-12-16,7.12,,
1986-12-17,7.12,,
1986-12-18,7.11,,
1986-12-19,7.1,,
1986-12-22,7.1,,
1986-12-23,7.08,,
1986-12-24,7.07,,
1986-12-25,,,
1986-12-26,7.08,,
1986-12-29,7.17,,
1986-12-30,7.23,,
1986-12-31,7.23,,
1987-01-01,,,
1987-01-02,7.18,,
1987-01-05,7.08,,
1987-01-06,7.08,,
1987-01-07,7.05,,
1987-01-08,7.04,,
1987-01-09,7.01,,
1987-01-12,7.05,,
1987-01-13,7.1,,
1987-01-14,7.11,,
1987-01-15,7.08,,
1987-01-16,7.03,,
1987-01-19,,,
1987-01-20,7.01,,
1987-01-21,7.01,,
1987-01-22,7.03,,
1987-01-23,7.06,,
1987-01-26,7.17,,
1987-01-27,7.16,,
1987-01-28,7.13,,
1987-01-29,7.13,,
1987-01-30,7.18,,
1987-02-02,7.23,,
1987-02-03,7.25,,
1987-02-04,7.23,,
1987-02-05,7.2,,
1987-02-06,7.19,,
1987-02-09,7.25,,
1987-02-10,7.33,,
1987-02-11,7.37,,
1987-02-12,7.31,,
1987-02-13,7.28,,
1987-02-16,,,
1987-02-17,7.33,,
1987-02-18,7.3,,
1987-02-19,7.23,,
1987-02-20,7.24,,
1987-02-23,7.23,,
1987-02-24,7.18,,
1987-02-25,7.21,,
1987-02-26,7.21,,
1987-02-27,7.19,,
1987-03-02,7.17,,
1987-03-03,7.21,,
1987-03-04,7.14,,
1987-03-05,7.16,,
1987-03-06,7.23,,
1987-03-09,7.23,,
1987-03-10,7.23,,
1987-03-11,7.23,,
1987-03-12,7.22,,
1987-03-13,7.19,,
1987-03-16,7.22,,
1987-03-17,7.2,,
1987-03-18,7.21,,
1987-03-19,7.21,,
1987-03-20,7.22,,
1987-03-23,7.25,,
1987-03-24,7.27,,
1987-03-25,7.26,,
1987-03-26,7.24,,
1987-03-27,7.33,,
1987-03-30,7.54,,
1987-03-31,7.51,,
1987-04-01,7.59,,
1987-04-02,7.59,,
1987-04-03,7.59,,
1987-04-06,7.54,,
1987-04-07,7.62,,
1987-04-08,7.61,,
1987-04-09,7.78,,
1987-04-10,7.98,,
1987-04-13,8.07,,
1987-04-14,8.28,,
1987-04-15,8.1,,
1987-04-16,8.03,,
1987-04-17,,,
1987-04-20,8.2,,
1987-04-21,8.19,,
1987-04-22,8.24,,
1987-04-23,8.39,,
1987-04-24,8.47,,
1987-04-27,8.37,,
1987-04-28,8.28,,
1987-04-29,8.35,,
1987-04-30,8.21,,
1987-05-01,8.39,,
1987-05-04,8.52,,
1987-05-05,8.45,,
1987-05-06,8.54,,
1987-05-07,8.5,,
1987-05-08,8.43,,
1987-05-11,8.57,,
1987-05-12,8.55,,
1987-05-13,8.55,,
1987-05-14,8.57,,
1987-05-15,8.8,,
1987-05-18,8.73,,
1987-05-19,8.89,,
1987-05-20,8.92,,
1987-05-21,8.87,,
1987-05-22,8.78,,
1987-05-25,,,
1987-05-26,8.55,,
1987-05-27,8.6,,
1987-05-28,8.56,,
1987-05-29,8.49,,
1987-06-01,8.45,,
1987-06-02,8.72,,
1987-06-03,8.64,,
1987-06-04,8.58,,
1987-06-05,8.5,,
1987-06-08,8.53,,
1987-06-09,8.56,,
1987-06-10,8.56,,
1987-06-11,8.52,,
1987-06-12,8.32,,
1987-06-15,8.28,,
1987-06-16,8.28,,
1987-06-17,8.23,,
1987-06-18,8.27,,
1987-06-19,8.3,,
1987-06-22,8.23,,
1987-06-23,8.23,,
1987-06-24,8.31,,
1987-06-25,8.25,,
1987-06-26,8.37,,
1987-06-29,8.34,,
1987-06-30,8.38,,
1987-07-01,8.36,,
1987-07-02,8.3,,
1987-07-03,,,
1987-07-06,8.29,,
1987-07-07,8.28,,
1987-07-08,8.32,,
1987-07-09,8.37,,
1987-07-10,8.32,,
1987-07-13,8.38,,
1987-07-14,8.33,,
1987-07-15,8.43,,
1987-07-16,8.41,,
1987-07-17,8.36,,
1987-07-20,8.41,,
1987-07-21,8.49,,
1987-07-22,8.54,,
1987-07-23,8.56,,
1987-07-24,8.58,,
1987-07-27,8.6,,
1987-07-28,8.62,,
1987-07-29,8.61,,
1987-07-30,8.61,,
1987-07-31,8.66,,
1987-08-03,8.81,,
1987-08-04,8.81,,
1987-08-05,8.71,,
1987-08-06,8.73,,
1987-08-07,8.7,,
1987-08-10,8.74,,
1987-08-11,8.73,,
1987-08-12,8.72,,
1987-08-13,8.63,,
1987-08-14,8.58,,
1987-08-17,8.56,,
1987-08-18,8.73,,
1987-08-19,8.77,,
1987-08-20,8.74,,
1987-08-21,8.77,,
1987-08-24,8.78,,
1987-08-25,8.73,,
1987-08-26,8.79,,
1987-08-27,8.92,,
1987-08-28,9.02,,
1987-08-31,9.0,,
1987-09-01,9.05,,
1987-09-02,9.28,,
1987-09-03,9.29,,
1987-09-04,9.3,,
1987-09-07,,,
1987-09-08,9.5,,
1987-09-09,9.48,,
1987-09-10,9.42,,
1987-09-11,9.33,,
1987-09-14,9.34,,
1987-09-15,9.44,,
1987-09-16,9.52,,
1987-09-17,9.48,,
1987-09-18,9.38,,
1987-09-21,9.45,,
1987-09-22,9.37,,
1987-09-23,9.4,,
1987-09-24,9.51,,
1987-09-25,9.53,,
1987-09-28,9.52,,
1987-09-29,9.64,,
1987-09-30,9.63,,
1987-10-01,9.66,,
1987-10-02,9.6,,
1987-10-05,9.69,,
1987-10-06,9.72,,
1987-10-07,9.71,,
1987-10-08,9.86,,
1987-10-09,9.94,,
1987-10-12,,,
1987-10-13,9.9,,
1987-10-14,10.13,,
1987-10-15,10.18,,
1987-10-16,10.23,,
1987-10-19,10.15,,
1987-10-20,9.4,,
1987-10-21,9.3,,
1987-10-22,8.97,,
1987-10-23,8.98,,
1987-10-26,8.8,,
1987-10-27,8.92,,
1987-10-28,9.01,,
1987-10-29,8.89,,
1987-10-30,8.88,,
1987-11-02,8.98,,
1987-11-03,8.91,,
1987-11-04,8.85,,
1987-11-05,8.72,,
1987-11-06,8.76,,
1987-11-09,8.78,,
1987-11-10,8.79,,
1987-11-11,,,
1987-11-12,8.8,,
1987-11-13,8.84,,
1987-11-16,8.82,,
1987-11-17,8.86,,
1987-11-18,8.85,,
1987-11-19,8.83,,
1987-11-20,8.79,,
1987-11-23,8.8,,
1987-11-24,8.89,,
1987-11-25,8.98,,
1987-11-26,,,
1987-11-27,9.11,,
1987-11-30,8.99,,
1987-12-01,9.01,,
1987-12-02,9.01,,
1987-12-03,8.94,,
1987-12-04,8.94,,
1987-12-07,9.07,,
1987-12-08,9.09,,
1987-12-09,9.05,,
1987-12-10,9.23,,
1987-12-11,9.28,,
1987-12-14,9.23,,
1987-12-15,9.09,,
1987-12-16,9.0,,
1987-12-17,9.03,,
1987-12-18,8.89,,
1987-12-21,8.88,,
1987-12-22,8.95,,
1987-12-23,8.83,,
1987-12-24,8.82,,
1987-12-25,,,
1987-12-28,8.93,,
1987-12-29,8.85,,
1987-12-30,8.78,,
1987-12-31,8.83,,
1988-01-01,,,
1988-01-04,8.83,,
1988-01-05,8.76,,
1988-01-06,8.82,,
1988-01-07,8.83,,
1988-01-08,8.97,,
1988-01-11,8.94,,
1988-01-12,8.93,,
1988-01-13,8.87,,
1988-01-14,8.86,,
1988-01-15,8.6,,
1988-01-18,,,
1988-01-19,8.65,,
1988-01-20,8.61,,
1988-01-21,8.53,,
1988-01-22,8.49,,
1988-01-25,8.45,,
1988-01-26,8.54,,
1988-01-27,8.38,,
1988-01-28,8.33,,
1988-01-29,8.26,,
1988-02-01,8.26,,
1988-02-02,8.18,,
1988-02-03,8.21,,
1988-02-04,8.24,,
1988-02-05,8.12,,
1988-02-08,8.19,,
1988-02-09,8.16,,
1988-02-10,8.11,,
1988-02-11,8.16,,
1988-02-12,8.28,,
1988-02-15,,,
1988-02-16,8.31,,
1988-02-17,8.32,,
1988-02-18,8.28,,
1988-02-19,8.26,,
1988-02-22,8.24,,
1988-02-23,8.17,,
1988-02-24,8.18,,
1988-02-25,8.23,,
1988-02-26,8.18,,
1988-02-29,8.16,,
1988-03-01,8.15,,
1988-03-02,8.13,,
1988-03-03,8.12,,
1988-03-04,8.28,,
1988-03-07,8.3,,
1988-03-08,8.33,,
1988-03-09,8.32,,
1988-03-10,8.35,,
1988-03-11,8.29,,
1988-03-14,8.29,,
1988-03-15,8.3,,
1988-03-16,8.36,,
1988-03-17,8.3,,
1988-03-18,8.41,,
1988-03-21,8.47,,
1988-03-22,8.46,,
1988-03-23,8.47,,
1988-03-24,8.51,,
1988-03-25,8.47,,
1988-03-28,8.58,,
1988-03-29,8.56,,
1988-03-30,8.57,,
1988-03-31,8.57,,
1988-04-01,,,
1988-04-04,8.68,,
1988-04-05,8.67,,
1988-04-06,8.61,,
1988-04-07,8.6,,
1988-04-08,8.52,,
1988-04-11,8.59,,
1988-04-12,8.57,,
1988-04-13,8.56,,
1988-04-14,8.67,,
1988-04-15,8.74,,
1988-04-18,8.81,,
1988-04-19,8.81,,
1988-04-20,8.83,,
1988-04-21,8.82,,
1988-04-22,8.78,,
1988-04-25,8.78,,
1988-04-26,8.8,,
1988-04-27,8.8,,
1988-04-28,8.86,,
1988-04-29,8.87,,
1988-05-02,8.94,,
1988-05-03,8.89,,
1988-05-04,8.9,,
1988-05-05,8.92,,
1988-05-06,9.01,,
1988-05-09,9.03,,
1988-05-10,9.07,,
1988-05-11,9.05,,
1988-05-12,9.04,,
1988-05-13,9.0,,
1988-05-16,9.01,,
1988-05-17,9.12,,
1988-05-18,9.19,,
1988-05-19,9.18,,
1988-05-20,9.22,,
1988-05-23,9.23,,
1988-05-24,9.22,,
1988-05-25,9.2,,
1988-05-26,9.21,,
1988-05-27,9.24,,
1988-05-30,,,
1988-05-31,9.2,,
1988-06-01,9.03,,
1988-06-02,9.07,,
1988-06-03,8.97,,
1988-06-06,8.97,,
1988-06-07,9.02,,
1988-06-08,8.92,,
1988-06-09,8.96,,
1988-06-10,8.92,,
1988-06-13,8.91,,
1988-06-14,8.69,,
1988-06-15,8.71,,
1988-06-16,8.89,,
1988-06-17,9.02,,
1988-06-20,9.02,,
1988-06-21,9.03,,
1988-06-22,8.9,,
1988-06-23,8.88,,
1988-06-24,8.85,,
1988-06-27,8.94,,
1988-06-28,8.87,,
1988-06-29,8.88,,
1988-06-30,8.82,,
1988-07-01,8.77,,
1988-07-04,,,
1988-07-05,8.82,,
1988-07-06,8.91,,
1988-07-07,8.95,,
1988-07-08,9.04,,
1988-07-11,9.02,,
1988-07-12,9.08,,
1988-07-13,9.12,,
1988-07-14,9.12,,
1988-07-15,9.08,,
1988-07-18,9.15,,
1988-07-19,9.1,,
1988-07-20,9.11,,
1988-07-21,9.16,,
1988-07-22,9.11,,
1988-07-25,9.07,,
1988-07-26,9.09,,
1988-07-27,9.14,,
1988-07-28,9.16,,
1988-07-29,9.12,,
1988-08-01,9.07,,
1988-08-02,9.0,,
1988-08-03,9.04,,
1988-08-04,8.99,,
1988-08-05,9.12,,
1988-08-08,9.12,,
1988-08-09,9.2,,
1988-08-10,9.3,,
1988-08-11,9.35,,
1988-08-12,9.36,,
1988-08-15,9.37,,
1988-08-16,9.35,,
1988-08-17,9.38,,
1988-08-18,9.35,,
1988-08-19,9.35,,
1988-08-22,9.37,,
1988-08-23,9.32,,
1988-08-24,9.34,,
1988-08-25,9.41,,
1988-08-26,9.38,,
1988-08-29,9.3,,
1988-08-30,9.27,,
1988-08-31,9.25,,
1988-09-01,9.25,,
1988-09-02,9.0,,
1988-09-05,,,
1988-09-06,8.99,,
1988-09-07,8.99,,
1988-09-08,8.99,,
1988-09-09,8.93,,
1988-09-12,8.97,,
1988-09-13,8.94,,
1988-09-14,8.88,,
1988-09-15,8.91,,
1988-09-16,8.93,,
1988-09-19,8.97,,
1988-09-20,8.97,,
1988-09-21,8.93,,
1988-09-22,8.95,,
1988-09-23,8.97,,
1988-09-26,9.0,,
1988-09-27,9.04,,
1988-09-28,9.06,,
1988-09-29,8.98,,
1988-09-30,8.87,,
1988-10-03,8.84,,
1988-10-04,8.87,,
1988-10-05,8.87,,
1988-10-06,8.87,,
1988-10-07,8.7,,
1988-10-10,,,
1988-10-11,8.75,,
1988-10-12,8.84,,
1988-10-13,8.84,,
1988-10-14,8.81,,
1988-10-17,8.79,,
1988-10-18,8.78,,
1988-10-19,8.82,,
1988-10-20,8.79,,
1988-10-21,8.83,,
1988-10-24,8.83,,
1988-10-25,8.83,,
1988-10-26,8.79,,
1988-10-27,8.72,,
1988-10-28,8.69,,
1988-10-31,8.65,,
1988-11-01,8.68,,
1988-11-02,8.73,,
1988-11-03,8.69,,
1988-11-04,8.85,,
1988-11-07,8.91,,
1988-11-08,8.91,,
1988-11-09,8.91,,
1988-11-10,8.9,,
1988-11-11,,,
1988-11-14,8.91,,
1988-11-15,8.92,,
1988-11-16,9.0,,
1988-11-17,9.06,,
1988-11-18,9.05,,
1988-11-21,9.04,,
1988-11-22,9.09,,
1988-11-23,9.08,,
1988-11-24,,,
1988-11-25,9.17,,
1988-11-28,9.16,,
1988-11-29,9.13,,
1988-11-30,9.06,,
1988-12-01,9.01,,
1988-12-02,9.18,,
1988-12-05,9.13,,
1988-12-06,8.95,,
1988-12-07,9.0,,
1988-12-08,9.02,,
1988-12-09,9.07,,
1988-12-12,9.08,,
1988-12-13,9.15,,
1988-12-14,9.19,,
1988-12-15,9.19,,
1988-12-16,9.17,,
1988-12-19,9.15,,
1988-12-20,9.08,,
1988-12-21,9.07,,
1988-12-22,9.07,,
1988-12-23,9.05,,
1988-12-26,,,
1988-12-27,9.13,,
1988-12-28,9.21,,
1988-12-29,9.18,,
1988-12-30,9.14,,
1989-01-02,,,
1989-01-03,9.23,,
1989-01-04,9.22,,
1989-01-05,9.27,,
1989-01-06,9.25,,
1989-01-09,9.23,,
1989-01-10,9.24,,
1989-01-11,9.24,,
1989-01-12,9.14,,
1989-01-13,9.06,,
1989-01-16,,,
1989-01-17,9.06,,
1989-01-18,8.99,,
1989-01-19,9.0,,
1989-01-20,9.03,,
1989-01-23,9.0,,
1989-01-24,8.93,,
1989-01-25,8.99,,
1989-01-26,8.99,,
1989-01-27,8.95,,
1989-01-30,9.0,,
1989-01-31,9.01,,
1989-02-01,8.99,,
1989-02-02,8.98,,
1989-02-03,9.01,,
1989-02-06,9.01,,
1989-02-07,8.96,,
1989-02-08,8.95,,
1989-02-09,9.13,,
1989-02-10,9.19,,
1989-02-13,9.2,,
1989-02-14,9.23,,
1989-02-15,9.22,,
1989-02-16,9.21,,
1989-02-17,9.2,,
1989-02-20,,,
1989-02-21,9.22,,
1989-02-22,9.29,,
1989-02-23,9.36,,
1989-02-24,9.38,,
1989-02-27,9.36,,
1989-02-28,9.32,,
1989-03-01,9.36,,
1989-03-02,9.31,,
1989-03-03,9.31,,
1989-03-06,9.26,,
1989-03-07,9.26,,
1989-03-08,9.23,,
1989-03-09,9.24,,
1989-03-10,9.34,,
1989-03-13,9.35,,
1989-03-14,9.32,,
1989-03-15,9.31,,
1989-03-16,9.3,,
1989-03-17,9.49,,
1989-03-20,9.53,,
1989-03-21,9.53,,
1989-03-22,9.45,,
1989-03-23,9.43,,
1989-03-24,,,
1989-03-27,9.44,,
1989-03-28,9.41,,
1989-03-29,9.36,,
1989-03-30,9.34,,
1989-03-31,9.3,,
1989-04-03,9.21,,
1989-04-04,9.17,,
1989-04-05,9.17,,
1989-04-06,9.2,,
1989-04-07,9.27,,
1989-04-10,9.27,,
1989-04-11,9.27,,
1989-04-12,9.29,,
1989-04-13,9.34,,
1989-04-14,9.18,,
1989-04-17,9.2,,
1989-04-18,9.06,,
1989-04-19,9.08,,
1989-04-20,9.2,,
1989-04-21,9.15,,
1989-04-24,9.15,,
1989-04-25,9.12,,
1989-04-26,9.11,,
1989-04-27,9.05,,
1989-04-28,9.02,,
1989-05-01,9.14,,
1989-05-02,9.08,,
1989-05-03,9.06,,
1989-05-04,9.06,,
1989-05-05,8.99,,
1989-05-08,9.04,,
1989-05-09,9.15,,
1989-05-10,9.16,,
1989-05-11,9.1,,
1989-05-12,8.81,,
1989-05-15,8.82,,
1989-05-16,8.82,,
1989-05-17,8.8,,
1989-05-18,8.78,,
1989-05-19,8.71,,
1989-05-22,8.58,,
1989-05-23,8.6,,
1989-05-24,8.63,,
1989-05-25,8.67,,
1989-05-26,8.66,,
1989-05-29,,,
1989-05-30,8.64,,
1989-05-31,8.6,,
1989-06-01,8.61,,
1989-06-02,8.43,,
1989-06-05,8.36,,
1989-06-06,8.36,,
1989-06-07,8.27,,
1989-06-08,8.27,,
1989-06-09,8.15,,
1989-06-12,8.16,,
1989-06-13,8.25,,
1989-06-14,8.2,,
1989-06-15,8.33,,
1989-06-16,8.35,,
1989-06-19,8.37,,
1989-06-20,8.31,,
1989-06-21,8.37,,
1989-06-22,8.38,,
1989-06-23,8.25,,
1989-06-26,8.18,,
1989-06-27,8.11,,
1989-06-28,8.17,,
1989-06-29,8.12,,
1989-06-30,8.1,,
1989-07-03,8.09,,
1989-07-04,,,
1989-07-05,8.11,,
1989-07-06,8.08,,
1989-07-07,8.02,,
1989-07-10,7.99,,
1989-07-11,8.0,,
1989-07-12,8.0,,
1989-07-13,8.0,,
1989-07-14,8.04,,
1989-07-17,8.05,,
1989-07-18,8.13,,
1989-07-19,8.09,,
1989-07-20,8.01,,
1989-07-21,8.07,,
1989-07-24,8.05,,
1989-07-25,8.01,,
1989-07-26,8.02,,
1989-07-27,7.92,,
1989-07-28,7.87,,
1989-07-31,7.82,,
1989-08-01,7.74,,
1989-08-02,7.76,,
1989-08-03,7.8,,
1989-08-04,8.0,,
1989-08-07,8.03,,
1989-08-08,8.0,,
1989-08-09,8.05,,
1989-08-10,8.02,,
1989-08-11,8.09,,
1989-08-14,8.24,,
1989-08-15,8.21,,
1989-08-16,8.12,,
1989-08-17,8.18,,
1989-08-18,8.15,,
1989-08-21,8.2,,
1989-08-22,8.29,,
1989-08-23,8.25,,
1989-08-24,8.2,,
1989-08-25,8.21,,
1989-08-28,8.27,,
1989-08-29,8.27,,
1989-08-30,8.25,,
1989-08-31,8.26,,
1989-09-01,8.19,,
1989-09-04,,,
1989-09-05,8.19,,
1989-09-06,8.17,,
1989-09-07,8.17,,
1989-09-08,8.14,,
1989-09-11,8.13,,
1989-09-12,8.13,,
1989-09-13,8.18,,
1989-09-14,8.13,,
1989-09-15,8.09,,
1989-09-18,8.1,,
1989-09-19,8.09,,
1989-09-20,8.15,,
1989-09-21,8.2,,
1989-09-22,8.22,,
1989-09-25,8.32,,
1989-09-26,8.3,,
1989-09-27,8.3,,
1989-09-28,8.3,,
1989-09-29,8.31,,
1989-10-02,8.28,,
1989-10-03,8.23,,
1989-10-04,8.22,,
1989-10-05,8.15,,
1989-10-06,8.03,,
1989-10-09,,,
1989-10-10,8.03,,
1989-10-11,8.07,,
1989-10-12,8.04,,
1989-10-13,7.87,,
1989-10-16,7.98,,
1989-10-17,8.0,,
1989-10-18,8.01,,
1989-10-19,7.96,,
1989-10-20,7.98,,
1989-10-23,7.92,,
1989-10-24,7.87,,
1989-10-25,7.86,,
1989-10-26,7.88,,
1989-10-27,7.94,,
1989-10-30,7.92,,
1989-10-31,7.92,,
1989-11-01,7.91,,
1989-11-02,7.87,,
1989-11-03,7.96,,
1989-11-06,8.0,,
1989-11-07,7.9,,
1989-11-08,7.87,,
1989-11-09,7.9,,
1989-11-10,7.92,,
1989-11-13,7.89,,
1989-11-14,7.87,,
1989-11-15,7.82,,
1989-11-16,7.82,,
1989-11-17,7.88,,
1989-11-20,7.86,,
1989-11-21,7.85,,
1989-11-22,7.81,,
1989-11-23,,,
1989-11-24,7.8,,
1989-11-27,7.85,,
1989-11-28,7.86,,
1989-11-29,7.88,,
1989-11-30,7.84,,
1989-12-01,7.81,,
1989-12-04,7.82,,
1989-12-05,7.82,,
1989-12-06,7.85,,
1989-12-07,7.88,,
1989-12-08,7.82,,
1989-12-11,7.83,,
1989-12-12,7.84,,
1989-12-13,7.82,,
1989-12-14,7.79,,
1989-12-15,7.8,,
1989-12-18,7.77,,
1989-12-19,7.78,,
1989-12-20,7.77,,
1989-12-21,7.77,,
1989-12-22,7.82,,
1989-12-25,,,
1989-12-26,7.95,,
1989-12-27,7.94,,
1989-12-28,7.91,,
1989-12-29,7.93,,
1990-01-01,,,
1990-01-02,7.94,17.24,
1990-01-03,7.99,18.19,
1990-01-04,7.98,19.22,
1990-01-05,7.99,20.11,
1990-01-08,8.02,20.26,
1990-01-09,8.02,22.2,
1990-01-10,8.03,22.44,
1990-01-11,8.04,20.05,
1990-01-12,8.1,24.64,
1990-01-15,,26.34,
1990-01-16,8.2,24.18,
1990-01-17,8.19,24.16,
1990-01-18,8.32,24.34,
1990-01-19,8.26,22.5,
1990-01-22,8.27,26.7,
1990-01-23,8.26,24.72,
1990-01-24,8.38,25.39,
1990-01-25,8.42,25.63,
1990-01-26,8.49,26.28,
1990-01-29,8.5,26.44,
1990-01-30,8.51,27.25,
1990-01-31,8.43,25.36,
1990-02-01,8.42,24.87,
1990-02-02,8.5,24.32,
1990-02-05,8.53,24.54,
1990-02-06,8.57,24.69,
1990-02-07,8.52,24.29,
1990-02-08,8.49,23.77,
1990-02-09,8.31,23.69,
1990-02-12,8.4,24.38,
1990-02-13,8.35,23.76,
1990-02-14,8.36,22.05,
1990-02-15,8.43,19.71,
1990-02-16,8.42,20.78,
1990-02-19,,,
1990-02-20,8.62,22.78,
1990-02-21,8.62,23.89,
1990-02-22,8.54,22.54,
1990-02-23,8.53,23.69,
1990-02-26,8.46,23.56,
1990-02-27,8.41,22.69,
1990-02-28,8.51,21.99,
1990-03-01,8.59,21.9,
1990-03-02,8.54,21.34,
1990-03-05,8.65,22.03,
1990-03-06,8.59,20.55,
1990-03-07,8.58,19.1,
1990-03-08,8.57,19.74,
1990-03-09,8.65,20.3,
1990-03-12,8.63,20.07,
1990-03-13,8.73,21.05,
1990-03-14,8.65,19.65,
1990-03-15,8.66,18.81,
1990-03-16,8.59,17.62,
1990-03-19,8.59,18.29,
1990-03-20,8.54,19.06,
1990-03-21,8.55,20.1,
1990-03-22,8.53,22.74,
1990-03-23,8.52,20.46,
1990-03-26,8.51,19.59,
1990-03-27,8.52,21.01,
1990-03-28,8.51,19.77,
1990-03-29,8.6,18.46,
1990-03-30,8.65,19.73,
1990-04-02,8.65,22.84,
1990-04-03,8.63,20.44,
1990-04-04,8.55,22.03,
1990-04-05,8.57,21.21,
1990-04-06,8.56,21.76,
1990-04-09,8.59,22.3,
1990-04-10,8.6,21.69,
1990-04-11,8.63,17.73,
1990-04-12,8.64,19.8,
1990-04-13,,,
1990-04-16,8.68,20.75,
1990-04-17,8.77,20.38,
1990-04-18,8.86,22.67,
1990-04-19,8.87,22.46,
1990-04-20,8.95,23.33,
1990-04-23,8.98,24.16,
1990-04-24,9.0,21.7,
1990-04-25,9.01,20.86,
1990-04-26,9.07,20.25,
1990-04-27,9.06,22.19,
1990-04-30,9.04,19.52,
1990-05-01,9.08,18.43,
1990-05-02,9.09,19.32,
1990-05-03,9.04,17.81,
1990-05-04,8.84,17.28,
1990-05-07,8.87,17.65,
1990-05-08,8.84,18.49,
1990-05-09,8.88,18.64,
1990-05-10,8.82,18.59,
1990-05-11,8.64,19.81,
1990-05-14,8.61,20.14,
1990-05-15,8.65,19.49,
1990-05-16,8.68,17.71,
1990-05-17,8.69,17.27,
1990-05-18,8.75,17.2,
1990-05-21,8.74,16.72,
1990-05-22,8.65,17.84,
1990-05-23,8.61,17.18,
1990-05-24,8.63,17.7,
1990-05-25,8.69,17.32,
1990-05-28,,,
1990-05-29,8.66,18.75,
1990-05-30,8.62,17.44,
1990-05-31,8.6,17.37,
1990-06-01,8.44,17.09,
1990-06-04,8.44,18.39,
1990-06-05,8.47,18.97,
1990-06-06,8.46,17.42,
1990-06-07,8.46,16.88,
1990-06-08,8.46,17.58,
1990-06-11,8.48,16.34,
1990-06-12,8.48,16.6,
1990-06-13,8.4,17.38,
1990-06-14,8.38,17.4,
1990-06-15,8.46,15.9,
1990-06-18,8.5,17.71,
1990-06-19,8.51,15.23,
1990-06-20,8.55,15.27,
1990-06-21,8.52,14.72,
1990-06-22,8.51,19.36,
1990-06-25,8.58,17.06,
1990-06-26,8.56,16.29,
1990-06-27,8.52,16.0,
1990-06-28,8.47,16.18,
1990-06-29,8.43,15.5,
1990-07-02,8.43,16.26,
1990-07-03,8.4,16.11,
1990-07-04,,,
1990-07-05,8.42,17.25,
1990-07-06,8.51,16.41,
1990-07-09,8.57,16.66,
1990-07-10,8.57,16.92,
1990-07-11,8.57,16.68,
1990-07-12,8.5,17.06,
1990-07-13,8.45,17.09,
1990-07-16,8.44,16.75,
1990-07-17,8.44,16.66,
1990-07-18,8.5,18.9,
1990-07-19,8.51,18.56,
1990-07-20,8.48,15.63,
1990-07-23,8.48,23.68,
1990-07-24,8.53,21.79,
1990-07-25,8.49,20.19,
1990-07-26,8.49,20.26,
1990-07-27,8.42,21.12,
1990-07-30,8.34,21.16,
1990-07-31,8.36,21.11,
1990-08-01,8.29,21.64,
1990-08-02,8.41,20.43,
1990-08-03,8.43,28.74,
1990-08-06,8.71,35.91,
1990-08-07,8.78,32.75,
1990-08-08,8.77,28.27,
1990-08-09,8.66,24.39,
1990-08-10,8.68,25.75,
1990-08-13,8.71,25.74,
1990-08-14,8.66,24.18,
1990-08-15,8.64,23.31,
1990-08-16,8.76,27.16,
1990-08-17,8.8,27.53,
1990-08-20,8.81,26.46,
1990-08-21,8.84,28.9,
1990-08-22,8.91,30.55,
1990-08-23,9.0,36.47,
1990-08-24,9.05,33.93,
1990-08-27,8.9,29.63,
1990-08-28,8.94,29.12,
1990-08-29,8.84,27.38,
1990-08-30,8.86,29.89,
1990-08-31,8.86,29.9,
1990-09-03,,,
1990-09-04,8.9,29.58,
1990-09-05,8.86,28.52,
1990-09-06,8.84,30.19,
1990-09-07,8.81,28.73,
1990-09-10,8.85,29.34,
1990-09-11,8.83,28.38,
1990-09-12,8.82,28.12,
1990-09-13,8.82,29.33,
1990-09-14,8.87,30.56,
1990-09-17,8.9,29.55,
1990-09-18,8.9,28.82,
1990-09-19,8.88,27.88,
1990-09-20,8.91,28.66,
1990-09-21,8.99,30.04,
1990-09-24,9.04,30.56,
1990-09-25,9.02,28.81,
1990-09-26,9.0,28.19,
1990-09-27,8.91,28.67,
1990-09-28,8.82,29.11,
1990-10-01,8.71,28.06,
1990-10-02,8.69,27.28,
1990-10-03,8.71,27.9,
1990-10-04,8.67,27.51,
1990-10-05,8.65,27.85,
1990-10-08,,28.04,
1990-10-09,8.83,30.71,
1990-10-10,8.89,31.19,
1990-10-11,8.92,33.98,
1990-10-12,8.84,31.94,
1990-10-15,8.8,31.64,
1990-10-16,8.79,31.45,
1990-10-17,8.76,31.37,
1990-10-18,8.71,29.6,
1990-10-19,8.62,27.86,
1990-10-22,8.63,27.27,
1990-10-23,8.65,27.57,
1990-10-24,8.66,28.28,
1990-10-25,8.62,29.04,
1990-10-26,8.63,30.75,
1990-10-29,8.7,31.54,
1990-10-30,8.7,30.52,
1990-10-31,8.65,30.04,
1990-11-01,8.57,30.25,
1990-11-02,8.57,30.03,
1990-11-05,8.5,29.85,
1990-11-06,8.52,29.11,
1990-11-07,8.57,30.87,
1990-11-08,8.58,30.79,
1990-11-09,8.49,26.96,
1990-11-12,,25.6,
1990-11-13,8.37,24.58,
1990-11-14,8.36,22.89,
1990-11-15,8.37,22.57,
1990-11-16,8.3,21.34,
1990-11-19,8.35,20.95,
1990-11-20,8.31,20.09,
1990-11-21,8.27,21.09,
1990-11-22,,,
1990-11-23,8.28,20.98,
1990-11-26,8.27,22.76,
1990-11-27,8.28,22.86,
1990-11-28,8.3,22.96,
1990-11-29,8.32,23.91,
1990-11-30,8.26,22.16,
1990-12-03,8.22,22.29,
1990-12-04,8.2,22.03,
1990-12-05,8.16,20.94,
1990-12-06,8.18,22.62,
1990-12-07,8.03,22.59,
1990-12-10,7.98,23.58,
1990-12-11,7.94,23.75,
1990-12-12,7.91,21.28,
1990-12-13,7.98,23.05,
1990-12-14,8.05,23.85,
1990-12-17,8.02,24.85,
1990-12-18,7.99,23.11,
1990-12-19,8.0,23.08,
1990-12-20,8.05,23.13,
1990-12-21,8.11,22.66,
1990-12-24,8.2,24.03,
1990-12-25,,,
1990-12-26,8.15,24.18,
1990-12-27,8.11,24.81,
1990-12-28,8.14,25.05,
1990-12-31,8.08,26.38,
1991-01-01,,,
1991-01-02,7.97,26.62,
1991-01-03,7.93,27.93,
1991-01-04,8.02,27.19,
1991-01-07,8.13,28.95,
1991-01-08,8.16,30.38,
1991-01-09,8.25,33.3,
1991-01-10,8.16,31.33,
1991-01-11,8.2,32.63,
1991-01-14,8.23,36.2,
1991-01-15,8.22,36.16,
1991-01-16,8.24,33.2,
1991-01-17,8.05,27.45,
1991-01-18,8.03,25.39,
1991-01-21,,24.33,
1991-01-22,8.07,24.9,
1991-01-23,8.04,23.92,
1991-01-24,8.0,22.86,
1991-01-25,8.06,22.2,
1991-01-28,8.06,23.05,
1991-01-29,8.03,23.17,
1991-01-30,8.05,21.37,
1991-01-31,8.03,20.91,
1991-02-01,7.91,21.04,
1991-02-04,7.88,21.86,
1991-02-05,7.85,21.46,
1991-02-06,7.79,22.68,
1991-02-07,7.82,23.6,
1991-02-08,7.77,23.38,
1991-02-11,7.78,22.56,
1991-02-12,7.78,22.26,
1991-02-13,7.78,20.86,
1991-02-14,7.8,21.48,
1991-02-15,7.78,19.57,
1991-02-18,,,
1991-02-19,7.8,19.84,
1991-02-20,7.84,22.26,
1991-02-21,7.88,20.78,
1991-02-22,7.91,21.01,
1991-02-25,7.91,22.86,
1991-02-26,7.96,20.38,
1991-02-27,7.98,21.26,
1991-02-28,8.02,21.23,
1991-03-01,8.12,,
1991-03-04,8.12,20.86,
1991-03-05,8.08,20.45,
1991-03-06,8.11,20.55,
1991-03-07,8.07,21.05,
1991-03-08,8.13,20.81,
1991-03-11,8.06,20.88,
1991-03-12,8.09,18.82,
1991-03-13,8.02,16.09,
1991-03-14,8.02,14.94,
1991-03-15,8.1,14.9,
1991-03-18,8.15,15.79,
1991-03-19,8.25,16.11,
1991-03-20,8.2,16.04,
1991-03-21,8.16,16.86,
1991-03-22,8.13,16.49,
1991-03-25,8.13,16.76,
1991-03-26,8.13,16.31,
1991-03-27,8.08,16.55,
1991-03-28,8.05,16.88,
1991-03-29,,,
1991-04-01,8.07,17.42,
1991-04-02,8.03,17.4,
1991-04-03,8.05,17.61,
1991-04-04,8.0,18.01,
1991-04-05,7.99,17.63,
1991-04-08,7.98,17.41,
1991-04-09,8.03,20.12,
1991-04-10,8.1,19.73,
1991-04-11,8.09,17.24,
1991-04-12,7.98,18.45,
1991-04-15,7.95,16.5,
1991-04-16,7.97,15.82,
1991-04-17,7.95,15.47,
1991-04-18,8.02,16.26,
1991-04-19,8.1,15.68,
1991-04-22,8.15,16.78,
1991-04-23,8.12,17.02,
1991-04-24,8.06,16.72,
1991-04-25,8.07,17.15,
1991-04-26,8.06,17.27,
1991-04-29,8.07,18.27,
1991-04-30,8.02,18.24,
1991-05-01,8.01,17.77,
1991-05-02,7.97,17.52,
1991-05-03,8.04,17.24,
1991-05-06,8.05,17.92,
1991-05-07,8.06,17.46,
1991-05-08,8.04,17.78,
1991-05-09,8.02,17.17,
1991-05-10,8.12,17.54,
1991-05-13,8.07,17.66,
1991-05-14,8.14,18.0,
1991-05-15,8.13,18.38,
1991-05-16,8.12,17.24,
1991-05-17,8.08,16.64,
1991-05-20,8.1,17.1,
1991-05-21,8.06,16.07,
1991-05-22,8.06,16.16,
1991-05-23,8.1,16.11,
1991-05-24,8.1,15.23,
1991-05-27,,,
1991-05-28,8.07,15.67,
1991-05-29,8.07,15.9,
1991-05-30,8.02,16.02,
1991-05-31,8.06,15.93,
1991-06-03,8.14,16.87,
1991-06-04,8.14,16.17,
1991-06-05,8.19,16.4,
1991-06-06,8.23,16.93,
1991-06-07,8.29,16.98,
1991-06-10,8.29,17.47,
1991-06-11,8.29,17.32,
1991-06-12,8.36,17.72,
1991-06-13,8.34,16.99,
1991-06-14,8.29,15.98,
1991-06-17,8.3,15.5,
1991-06-18,8.32,16.14,
1991-06-19,8.33,17.44,
1991-06-20,8.3,16.75,
1991-06-21,8.32,16.51,
1991-06-24,8.33,18.28,
1991-06-25,8.33,17.85,
1991-06-26,8.33,17.98,
1991-06-27,8.32,17.87,
1991-06-28,8.24,19.55,
1991-07-01,8.26,18.64,
1991-07-02,8.27,17.63,
1991-07-03,8.26,19.47,
1991-07-04,,,
1991-07-05,8.34,18.35,
1991-07-08,8.34,20.29,
1991-07-09,8.36,19.76,
1991-07-10,8.35,19.19,
1991-07-11,8.3,17.39,
1991-07-12,8.26,18.29,
1991-07-15,8.26,17.78,
1991-07-16,8.27,17.49,
1991-07-17,8.3,17.52,
1991-07-18,8.31,15.77,
1991-07-19,8.28,15.5,
1991-07-22,8.28,16.9,
1991-07-23,8.31,16.58,
1991-07-24,8.24,16.41,
1991-07-25,8.2,15.74,
1991-07-26,8.2,15.45,
1991-07-29,8.2,15.67,
1991-07-30,8.21,15.47,
1991-07-31,8.2,15.18,
1991-08-01,8.2,15.47,
1991-08-02,8.06,15.26,
1991-08-05,8.04,15.92,
1991-08-06,7.97,15.54,
1991-08-07,7.93,15.56,
1991-08-08,7.98,15.98,
1991-08-09,7.98,15.45,
1991-08-12,7.95,15.26,
1991-08-13,7.91,14.73,
1991-08-14,7.82,15.09,
1991-08-15,7.84,15.19,
1991-08-16,7.84,16.01,
1991-08-19,7.83,21.19,
1991-08-20,7.81,18.86,
1991-08-21,7.8,15.62,
1991-08-22,7.78,14.59,
1991-08-23,7.88,14.41,
1991-08-26,7.91,14.81,
1991-08-27,7.89,15.46,
1991-08-28,7.82,15.31,
1991-08-29,7.74,14.82,
1991-08-30,7.82,14.46,
1991-09-02,,,
1991-09-03,7.81,16.57,
1991-09-04,7.81,17.18,
1991-09-05,7.83,17.31,
1991-09-06,7.76,16.76,
1991-09-09,7.73,17.73,
1991-09-10,7.73,18.22,
1991-09-11,7.74,17.96,
1991-09-12,7.67,16.21,
1991-09-13,7.66,17.88,
1991-09-16,7.63,17.82,
1991-09-17,7.62,17.68,
1991-09-18,7.62,17.56,
1991-09-19,7.61,17.56,
1991-09-20,7.57,17.08,
1991-09-23,7.55,16.38,
1991-09-24,7.56,16.04,
1991-09-25,7.58,15.68,
1991-09-26,7.56,15.35,
1991-09-27,7.49,16.31,
1991-09-30,7.47,15.85,
1991-10-01,7.45,14.81,
1991-10-02,7.47,15.81,
1991-10-03,7.47,17.04,
1991-10-04,7.39,15.63,
1991-10-07,7.4,18.58,
1991-10-08,7.43,17.81,
1991-10-09,7.51,18.54,
1991-10-10,7.58,17.8,
1991-10-11,7.49,17.6,
1991-10-14,,16.71,
1991-10-15,7.46,16.22,
1991-10-16,7.45,14.85,
1991-10-17,7.55,16.32,
1991-10-18,7.53,15.87,
1991-10-21,7.62,16.66,
1991-10-22,7.67,16.55,
1991-10-23,7.69,16.26,
1991-10-24,7.65,15.62,
1991-10-25,7.68,15.75,
1991-10-28,7.65,15.45,
1991-10-29,7.51,15.55,
1991-10-30,7.48,15.46,
1991-10-31,7.47,15.48,
1991-11-01,7.48,15.6,
1991-11-04,7.5,16.35,
1991-11-05,7.56,16.48,
1991-11-06,7.51,16.47,
1991-11-07,7.43,15.97,
1991-11-08,7.41,15.43,
1991-11-11,,14.89,
1991-11-12,7.37,14.04,
1991-11-13,7.41,13.95,
1991-11-14,7.35,13.96,
1991-11-15,7.33,21.18,
1991-11-18,7.33,18.28,
1991-11-19,7.37,20.34,
1991-11-20,7.38,20.4,
1991-11-21,7.39,19.11,
1991-11-22,7.44,21.2,
1991-11-25,7.45,21.92,
1991-11-26,7.42,19.8,
1991-11-27,7.42,19.84,
1991-11-28,,,
1991-11-29,7.38,20.26,
1991-12-02,7.32,20.18,
1991-12-03,7.28,19.7,
1991-12-04,7.17,19.54,
1991-12-05,7.21,20.19,
1991-12-06,7.26,19.04,
1991-12-09,7.22,19.74,
1991-12-10,7.21,19.89,
1991-12-11,7.22,20.57,
1991-12-12,7.19,19.08,
1991-12-13,7.22,17.88,
1991-12-16,7.21,17.62,
1991-12-17,7.18,18.12,
1991-12-18,7.19,17.78,
1991-12-19,7.11,17.96,
1991-12-20,6.97,17.65,
1991-12-23,6.88,16.61,
1991-12-24,6.88,15.67,
1991-12-25,,,
1991-12-26,6.85,15.44,
1991-12-27,6.82,15.7,
1991-12-30,6.76,17.63,
1991-12-31,6.71,19.31,
1992-01-01,,,
1992-01-02,6.78,18.95,
1992-01-03,6.85,18.75,
1992-01-06,6.82,18.96,
1992-01-07,6.76,19.23,
1992-01-08,6.77,18.72,
1992-01-09,6.79,18.96,
1992-01-10,6.85,18.45,
1992-01-13,6.92,18.01,
1992-01-14,7.03,17.01,
1992-01-15,7.05,17.39,
1992-01-16,7.13,17.64,
1992-01-17,7.09,16.32,
1992-01-20,,16.42,
1992-01-21,7.03,17.92,
1992-01-22,7.09,16.75,
1992-01-23,7.2,16.46,
1992-01-24,7.25,16.24,
1992-01-27,7.24,16.67,
1992-01-28,7.16,17.67,
1992-01-29,7.25,17.62,
1992-01-30,7.31,17.49,
1992-01-31,7.31,17.4,
1992-02-03,7.36,18.2,
1992-02-04,7.29,17.96,
1992-02-05,7.21,18.22,
1992-02-06,7.2,18.79,
1992-02-07,7.2,18.51,
1992-02-10,7.21,18.56,
1992-02-11,7.23,17.7,
1992-02-12,7.3,17.37,
1992-02-13,7.4,17.45,
1992-02-14,7.41,17.03,
1992-02-17,,,
1992-02-18,7.47,18.22,
1992-02-19,7.42,17.16,
1992-02-20,7.41,16.72,
1992-02-21,7.45,16.87,
1992-02-24,7.47,17.13,
1992-02-25,7.44,16.35,
1992-02-26,7.33,16.64,
1992-02-27,7.35,16.51,
1992-02-28,7.27,16.68,
1992-03-02,7.38,16.88,
1992-03-03,7.43,17.26,
1992-03-04,7.43,17.89,
1992-03-05,7.51,18.47,
1992-03-06,7.48,19.75,
1992-03-09,7.42,19.68,
1992-03-10,7.43,18.68,
1992-03-11,7.51,19.79,
1992-03-12,7.62,19.72,
1992-03-13,7.71,18.35,
1992-03-16,7.69,18.46,
1992-03-17,7.62,16.79,
1992-03-18,7.62,16.69,
1992-03-19,7.57,16.52,
1992-03-20,7.64,16.82,
1992-03-23,7.62,16.73,
1992-03-24,7.53,16.32,
1992-03-25,7.53,16.19,
1992-03-26,7.57,16.29,
1992-03-27,7.54,16.02,
1992-03-30,7.54,15.97,
1992-03-31,7.54,16.18,
1992-04-01,7.46,16.48,
1992-04-02,7.47,17.06,
1992-04-03,7.42,16.72,
1992-04-06,7.41,16.72,
1992-04-07,7.41,18.81,
1992-04-08,7.44,20.15,
1992-04-09,7.35,17.89,
1992-04-10,7.37,16.85,
1992-04-13,7.33,16.99,
1992-04-14,7.35,15.98,
1992-04-15,7.37,15.15,
1992-04-16,7.45,14.85,
1992-04-17,,,
1992-04-20,7.59,15.93,
1992-04-21,7.58,16.53,
1992-04-22,7.57,15.96,
1992-04-23,7.59,15.83,
1992-04-24,7.55,15.71,
1992-04-27,7.6,16.49,
1992-04-28,7.57,16.24,
1992-04-29,7.6,15.95,
1992-04-30,7.61,15.53,
1992-05-01,7.56,16.61,
1992-05-04,7.58,16.92,
1992-05-05,7.56,16.66,
1992-05-06,7.46,16.81,
1992-05-07,7.49,16.54,
1992-05-08,7.41,15.65,
1992-05-11,7.4,15.17,
1992-05-12,7.36,15.68,
1992-05-13,7.34,15.19,
1992-05-14,7.34,15.49,
1992-05-15,7.28,14.82,
1992-05-18,7.28,14.62,
1992-05-19,7.2,13.57,
1992-05-20,7.25,13.62,
1992-05-21,7.39,13.92,
1992-05-22,7.35,13.73,
1992-05-25,,,
1992-05-26,7.46,14.92,
1992-05-27,7.44,13.99,
1992-05-28,7.36,13.77,
1992-05-29,7.33,13.86,
1992-06-01,7.39,14.43,
1992-06-02,7.35,14.57,
1992-06-03,7.34,14.35,
1992-06-04,7.34,13.66,
1992-06-05,7.31,14.65,
1992-06-08,7.31,15.19,
1992-06-09,7.33,15.97,
1992-06-10,7.35,16.62,
1992-06-11,7.33,16.29,
1992-06-12,7.29,14.95,
1992-06-15,7.28,14.76,
1992-06-16,7.24,15.22,
1992-06-17,7.23,18.08,
1992-06-18,7.19,18.2,
1992-06-19,7.24,16.31,
1992-06-22,7.24,16.66,
1992-06-23,7.25,14.53,
1992-06-24,7.2,14.4,
1992-06-25,7.14,14.4,
1992-06-26,7.15,14.67,
1992-06-29,7.12,13.21,
1992-06-30,7.14,13.35,
1992-07-01,7.1,13.34,
1992-07-02,6.93,13.88,
1992-07-03,,,
1992-07-06,6.9,14.87,
1992-07-07,6.87,15.83,
1992-07-08,6.91,15.53,
1992-07-09,6.91,14.6,
1992-07-10,6.93,13.7,
1992-07-13,6.97,14.01,
1992-07-14,6.97,13.5,
1992-07-15,6.9,12.52,
1992-07-16,6.87,12.27,
1992-07-17,6.9,12.6,
1992-07-20,6.9,12.66,
1992-07-21,6.89,12.6,
1992-07-22,6.85,13.57,
1992-07-23,6.72,13.33,
1992-07-24,6.73,13.37,
1992-07-27,6.69,13.9,
1992-07-28,6.63,13.05,
1992-07-29,6.6,13.44,
1992-07-30,6.69,13.5,
1992-07-31,6.72,13.17,
1992-08-03,6.72,13.83,
1992-08-04,6.66,13.58,
1992-08-05,6.64,13.82,
1992-08-06,6.65,14.23,
1992-08-07,6.57,13.94,
1992-08-10,6.52,14.51,
1992-08-11,6.5,15.09,
1992-08-12,6.48,14.88,
1992-08-13,6.55,15.34,
1992-08-14,6.53,14.66,
1992-08-17,6.56,14.61,
1992-08-18,6.48,13.84,
1992-08-19,6.47,14.35,
1992-08-20,6.46,14.48,
1992-08-21,6.53,15.01,
1992-08-24,6.68,16.19,
1992-08-25,6.73,15.62,
1992-08-26,6.68,14.5,
1992-08-27,6.64,13.66,
1992-08-28,6.63,13.14,
1992-08-31,6.62,13.58,
1992-09-01,6.56,13.4,
1992-09-02,6.54,12.73,
1992-09-03,6.54,12.88,
1992-09-04,6.4,12.98,
1992-09-07,,,
1992-09-08,6.29,13.65,
1992-09-09,6.31,13.36,
1992-09-10,6.31,12.92,
1992-09-11,6.37,12.47,
1992-09-14,6.32,13.0,
1992-09-15,6.4,13.63,
1992-09-16,6.41,14.72,
1992-09-17,6.4,14.31,
1992-09-18,6.41,13.74,
1992-09-21,6.42,13.45,
1992-09-22,6.5,13.88,
1992-09-23,6.54,13.83,
1992-09-24,6.48,13.44,
1992-09-25,6.41,14.8,
1992-09-28,6.37,15.19,
1992-09-29,6.37,14.97,
1992-09-30,6.37,14.28,
1992-10-01,6.23,16.31,
1992-10-02,6.26,17.79,
1992-10-05,6.24,20.01,
1992-10-06,6.3,19.95,
1992-10-07,6.46,21.02,
1992-10-08,6.41,19.26,
1992-10-09,6.52,20.51,
1992-10-12,,19.49,
1992-10-13,6.51,17.9,
1992-10-14,6.51,18.42,
1992-10-15,6.53,17.11,
1992-10-16,6.6,17.01,
1992-10-19,6.69,17.31,
1992-10-20,6.86,16.87,
1992-10-21,6.8,16.62,
1992-10-22,6.74,15.84,
1992-10-23,6.83,16.46,
1992-10-26,6.83,16.32,
1992-10-27,6.78,16.24,
1992-10-28,6.76,15.95,
1992-10-29,6.71,15.47,
1992-10-30,6.8,16.15,
1992-11-02,6.88,16.67,
1992-11-03,6.87,17.33,
1992-11-04,6.89,16.28,
1992-11-05,6.87,15.38,
1992-11-06,6.97,14.69,
1992-11-09,7.0,14.23,
1992-11-10,6.91,14.37,
1992-11-11,,13.99,
1992-11-12,6.79,14.37,
1992-11-13,6.82,14.61,
1992-11-16,6.9,14.86,
1992-11-17,6.86,15.01,
1992-11-18,6.78,14.55,
1992-11-19,6.81,14.33,
1992-11-20,6.84,13.67,
1992-11-23,6.86,13.4,
1992-11-24,6.82,12.66,
1992-11-25,6.84,12.5,
1992-11-26,,,
1992-11-27,6.93,12.58,
1992-11-30,6.95,13.01,
1992-12-01,6.94,12.8,
1992-12-02,6.93,12.56,
1992-12-03,6.91,12.03,
1992-12-04,6.84,11.81,
1992-12-07,6.78,12.0,
1992-12-08,6.73,11.73,
1992-12-09,6.76,12.58,
1992-12-10,6.77,12.75,
1992-12-11,6.8,12.34,
1992-12-14,6.83,12.66,
1992-12-15,6.83,12.41,
1992-12-16,6.77,12.58,
1992-12-17,6.77,12.14,
1992-12-18,6.76,11.66,
1992-12-21,6.71,11.65,
1992-12-22,6.65,11.75,
1992-12-23,6.68,11.51,
1992-12-24,6.69,11.57,
1992-12-25,,,
1992-12-28,6.72,12.22,
1992-12-29,6.69,12.29,
1992-12-30,6.68,12.6,
1992-12-31,6.7,12.57,
1993-01-01,,,
1993-01-04,6.6,13.36,
1993-01-05,6.61,13.35,
1993-01-06,6.63,13.37,
1993-01-07,6.76,14.72,
1993-01-08,6.75,13.77,
1993-01-11,6.71,12.86,
1993-01-12,6.72,12.78,
1993-01-13,6.71,12.42,
1993-01-14,6.65,11.99,
1993-01-15,6.6,11.57,
1993-01-18,,11.49,
1993-01-19,6.59,12.06,
1993-01-20,6.61,12.15,
1993-01-21,6.6,11.69,
1993-01-22,6.57,11.3,
1993-01-25,6.48,11.38,
1993-01-26,6.5,11.45,
1993-01-27,6.48,12.01,
1993-01-28,6.44,12.04,
1993-01-29,6.39,12.42,
1993-02-01,6.38,12.33,
1993-02-02,6.46,12.25,
1993-02-03,6.45,12.12,
1993-02-04,6.39,12.29,
1993-02-05,6.32,12.9,
1993-02-08,6.37,13.22,
1993-02-09,6.41,13.48,
1993-02-10,6.4,13.43,
1993-02-11,6.37,12.69,
1993-02-12,6.35,12.38,
1993-02-15,,,
1993-02-16,6.34,15.76,
1993-02-17,6.28,15.9,
1993-02-18,6.17,15.56,
1993-02-19,6.15,15.02,
1993-02-22,6.09,14.7,
1993-02-23,5.92,15.04,
1993-02-24,6.01,14.72,
1993-02-25,6.03,13.76,
1993-02-26,6.03,13.16,
1993-03-01,5.94,13.6,
1993-03-02,5.95,12.49,
1993-03-03,5.88,13.13,
1993-03-04,5.83,13.44,
1993-03-05,5.9,14.08,
1993-03-08,5.85,16.22,
1993-03-09,5.91,14.17,
1993-03-10,5.97,13.91,
1993-03-11,5.96,14.26,
1993-03-12,6.11,15.66,
1993-03-15,6.17,14.74,
1993-03-16,6.06,14.51,
1993-03-17,6.02,14.53,
1993-03-18,5.93,14.17,
1993-03-19,5.95,13.23,
1993-03-22,5.96,13.66,
1993-03-23,5.91,13.02,
1993-03-24,5.95,12.44,
1993-03-25,5.98,12.08,
1993-03-26,6.09,12.21,
1993-03-29,6.06,12.63,
1993-03-30,6.02,12.23,
1993-03-31,6.03,12.53,
1993-04-01,6.06,13.02,
1993-04-02,6.16,14.5,
1993-04-05,6.13,14.12,
1993-04-06,6.08,14.24,
1993-04-07,6.07,13.64,
1993-04-08,5.97,12.83,
1993-04-09,,,
1993-04-12,5.92,11.93,
1993-04-13,5.93,11.7,
1993-04-14,5.9,11.76,
1993-04-15,5.88,10.96,
1993-04-16,5.89,11.29,
1993-04-19,5.87,12.06,
1993-04-20,5.87,11.94,
1993-04-21,5.86,12.11,
1993-04-22,5.85,12.68,
1993-04-23,5.89,13.36,
1993-04-26,5.94,15.25,
1993-04-27,6.02,13.93,
1993-04-28,6.03,13.12,
1993-04-29,5.99,12.8,
1993-04-30,6.05,12.42,
1993-05-03,5.96,12.9,
1993-05-04,5.92,12.14,
1993-05-05,5.93,12.38,
1993-05-06,5.89,13.22,
1993-05-07,5.92,13.01,
1993-05-10,5.89,13.72,
1993-05-11,5.89,13.35,
1993-05-12,5.96,13.56,
1993-05-13,6.02,14.76,
1993-05-14,6.03,14.39,
1993-05-17,6.07,14.13,
1993-05-18,6.15,14.19,
1993-05-19,6.11,14.29,
1993-05-20,6.09,13.98,
1993-05-21,6.16,14.51,
1993-05-24,6.16,14.1,
1993-05-25,6.17,14.04,
1993-05-26,6.12,12.88,
1993-05-27,6.11,13.1,
1993-05-28,6.16,13.47,
1993-05-31,,,
1993-06-01,6.07,13.67,
1993-06-02,6.06,13.48,
1993-06-03,6.02,13.54,
1993-06-04,6.11,12.86,
1993-06-07,6.08,14.07,
1993-06-08,6.09,14.74,
1993-06-09,6.07,13.96,
1993-06-10,6.07,13.31,
1993-06-11,5.97,12.71,
1993-06-14,5.97,12.33,
1993-06-15,5.96,11.99,
1993-06-16,5.96,11.87,
1993-06-17,5.93,11.66,
1993-06-18,5.97,12.24,
1993-06-21,5.92,12.25,
1993-06-22,5.91,11.65,
1993-06-23,5.91,12.04,
1993-06-24,5.88,12.25,
1993-06-25,5.84,11.25,
1993-06-28,5.8,11.11,
1993-06-29,5.79,11.29,
1993-06-30,5.8,11.26,
1993-07-01,5.8,11.51,
1993-07-02,5.76,11.33,
1993-07-05,,,
1993-07-06,5.8,13.87,
1993-07-07,5.8,13.05,
1993-07-08,5.78,12.24,
1993-07-09,5.76,10.8,
1993-07-12,5.75,10.85,
1993-07-13,5.78,11.02,
1993-07-14,5.72,10.78,
1993-07-15,5.72,10.6,
1993-07-16,5.71,10.96,
1993-07-19,5.71,11.46,
1993-07-20,5.75,11.05,
1993-07-21,5.83,11.97,
1993-07-22,5.9,11.69,
1993-07-23,5.95,11.32,
1993-07-26,5.93,11.32,
1993-07-27,5.92,11.34,
1993-07-28,5.9,11.37,
1993-07-29,5.81,11.25,
1993-07-30,5.83,11.73,
1993-08-02,5.85,11.47,
1993-08-03,5.83,11.49,
1993-08-04,5.87,11.71,
1993-08-05,5.86,12.03,
1993-08-06,5.86,12.33,
1993-08-09,5.82,12.39,
1993-08-10,5.82,12.31,
1993-08-11,5.75,12.07,
1993-08-12,5.77,12.38,
1993-08-13,5.72,12.19,
1993-08-16,5.68,12.01,
1993-08-17,5.7,11.59,
1993-08-18,5.69,11.52,
1993-08-19,5.64,11.63,
1993-08-20,5.61,11.62,
1993-08-23,5.6,12.15,
1993-08-24,5.54,11.8,
1993-08-25,5.51,12.1,
1993-08-26,5.42,12.14,
1993-08-27,5.48,11.91,
1993-08-30,5.44,11.74,
1993-08-31,5.45,11.85,
1993-09-01,5.46,11.48,
1993-09-02,5.41,11.87,
1993-09-03,5.31,11.16,
1993-09-06,,,
1993-09-07,5.23,12.9,
1993-09-08,5.23,13.24,
1993-09-09,5.35,12.67,
1993-09-10,5.29,11.7,
1993-09-13,5.26,12.16,
1993-09-14,5.37,13.15,
1993-09-15,5.39,12.7,
1993-09-16,5.37,13.36,
1993-09-17,5.38,13.39,
1993-09-20,5.42,14.6,
1993-09-21,5.47,17.3,
1993-09-22,5.45,13.75,
1993-09-23,5.42,13.36,
1993-09-24,5.42,12.47,
1993-09-27,5.3,12.49,
1993-09-28,5.28,12.19,
1993-09-29,5.35,12.63,
1993-09-30,5.4,12.99,
1993-10-01,5.34,11.83,
1993-10-04,5.34,12.85,
1993-10-05,5.35,12.97,
1993-10-06,5.35,12.68,
1993-10-07,5.33,13.14,
1993-10-08,5.26,12.04,
1993-10-11,,12.26,
1993-10-12,5.27,12.41,
1993-10-13,5.27,11.38,
1993-10-14,5.23,11.0,
1993-10-15,5.19,10.87,
1993-10-18,5.27,11.33,
1993-10-19,5.27,11.61,
1993-10-20,5.26,11.32,
1993-10-21,5.35,11.2,
1993-10-22,5.42,11.48,
1993-10-25,5.47,11.83,
1993-10-26,5.43,11.83,
1993-10-27,5.44,12.01,
1993-10-28,5.41,11.88,
1993-10-29,5.43,11.46,
1993-11-01,5.56,11.78,
1993-11-02,5.63,11.74,
1993-11-03,5.67,13.26,
1993-11-04,5.67,14.68,
1993-11-05,5.75,14.97,
1993-11-08,5.7,14.31,
1993-11-09,5.64,13.94,
1993-11-10,5.72,13.72,
1993-11-11,,13.88,
1993-11-12,5.66,13.33,
1993-11-15,5.69,14.46,
1993-11-16,5.66,15.11,
1993-11-17,5.65,15.57,
1993-11-18,5.72,14.65,
1993-11-19,5.84,15.03,
1993-11-22,5.89,15.9,
1993-11-23,5.82,14.27,
1993-11-24,5.84,13.51,
1993-11-25,,,
1993-11-26,5.78,13.77,
1993-11-29,5.76,14.12,
1993-11-30,5.83,13.76,
1993-12-01,5.82,13.83,
1993-12-02,5.81,13.51,
1993-12-03,5.8,12.69,
1993-12-06,5.72,12.84,
1993-12-07,5.71,12.41,
1993-12-08,5.71,12.46,
1993-12-09,5.68,12.43,
1993-12-10,5.73,12.6,
1993-12-13,5.78,10.98,
1993-12-14,5.82,11.13,
1993-12-15,5.83,11.03,
1993-12-16,5.84,10.9,
1993-12-17,5.81,11.08,
1993-12-20,5.83,10.75,
1993-12-21,5.85,10.08,
1993-12-22,5.74,9.31,
1993-12-23,5.72,9.48,
1993-12-24,,,
1993-12-27,5.72,9.7,
1993-12-28,5.72,9.82,
1993-12-29,5.74,10.46,
1993-12-30,5.82,10.69,
1993-12-31,5.83,11.66,
1994-01-03,5.92,12.57,
1994-01-04,5.88,11.91,
1994-01-05,5.9,10.94,
1994-01-06,5.84,11.27,
1994-01-07,5.7,10.96,
1994-01-10,5.67,10.74,
1994-01-11,5.67,11.29,
1994-01-12,5.6,11.65,
1994-01-13,5.71,12.08,
1994-01-14,5.78,11.15,
1994-01-17,,11.88,
1994-01-18,5.74,11.63,
1994-01-19,5.76,11.76,
1994-01-20,5.71,11.16,
1994-01-21,5.73,11.09,
1994-01-24,5.74,11.6,
1994-01-25,5.78,11.38,
1994-01-26,5.77,11.17,
1994-01-27,5.73,10.3,
1994-01-28,5.68,9.94,
1994-01-31,5.7,10.63,
1994-02-01,5.77,10.65,
1994-02-02,5.77,10.61,
1994-02-03,5.81,10.75,
1994-02-04,5.94,15.25,
1994-02-07,5.96,13.96,
1994-02-08,6.01,13.66,
1994-02-09,5.92,13.3,
1994-02-10,5.91,14.24,
1994-02-11,5.88,14.46,
1994-02-14,5.9,14.28,
1994-02-15,5.88,13.4,
1994-02-16,5.89,13.13,
1994-02-17,6.0,13.79,
1994-02-18,6.09,14.7,
1994-02-21,,,
1994-02-22,6.05,13.52,
1994-02-23,6.13,13.91,
1994-02-24,6.22,15.96,
1994-02-25,6.21,14.8,
1994-02-28,6.15,14.87,
1994-03-01,6.28,15.83,
1994-03-02,6.3,16.08,
1994-03-03,6.35,16.36,
1994-03-04,6.38,16.0,
1994-03-07,6.32,14.26,
1994-03-08,6.38,16.23,
1994-03-09,6.38,14.41,
1994-03-10,6.48,16.55,
1994-03-11,6.46,14.87,
1994-03-14,6.5,16.61,
1994-03-15,6.47,14.78,
1994-03-16,6.4,14.51,
1994-03-17,6.4,12.76,
1994-03-18,6.49,13.32,
1994-03-21,6.55,14.34,
1994-03-22,6.44,13.39,
1994-03-23,6.44,12.31,
1994-03-24,6.58,13.43,
1994-03-25,6.61,13.67,
1994-03-28,6.63,14.9,
1994-03-29,6.71,16.49,
1994-03-30,6.78,18.59,
1994-03-31,6.77,20.45,
1994-04-01,,,
1994-04-04,7.16,23.87,
1994-04-05,6.97,18.13,
1994-04-06,6.93,17.38,
1994-04-07,6.86,16.98,
1994-04-08,6.94,16.92,
1994-04-11,6.92,16.61,
1994-04-12,6.87,16.42,
1994-04-13,6.93,17.02,
1994-04-14,6.97,16.27,
1994-04-15,6.97,15.98,
1994-04-18,7.14,17.22,
1994-04-19,7.1,16.93,
1994-04-20,7.05,17.01,
1994-04-21,6.91,14.93,
1994-04-22,6.93,14.94,
1994-04-25,6.86,14.26,
1994-04-26,6.86,13.8,
1994-04-27,,,
1994-04-28,7.04,14.51,
1994-04-29,7.06,13.77,
1994-05-02,7.09,14.11,
1994-05-03,7.13,13.81,
1994-05-04,7.14,14.29,
1994-05-05,7.11,14.56,
1994-05-06,7.35,15.08,
1994-05-09,7.49,16.16,
1994-05-10,7.33,15.19,
1994-05-11,7.4,15.55,
1994-05-12,7.36,15.46,
1994-05-13,7.29,14.54,
1994-05-16,7.24,14.67,
1994-05-17,7.03,14.08,
1994-05-18,7.03,12.55,
1994-05-19,6.96,12.33,
1994-05-20,7.02,12.79,
1994-05-23,7.19,13.49,
1994-05-24,7.17,12.73,
1994-05-25,7.14,12.43,
1994-05-26,7.09,12.5,
1994-05-27,7.12,12.49,
1994-05-30,,,
1994-05-31,7.17,13.03,
1994-06-01,7.12,12.72,
1994-06-02,7.07,12.73,
1994-06-03,6.98,12.19,
1994-06-06,6.91,13.03,
1994-06-07,6.95,13.05,
1994-06-08,6.96,13.32,
1994-06-09,6.98,13.21,
1994-06-10,7.03,12.69,
1994-06-13,7.07,11.92,
1994-06-14,7.0,11.6,
1994-06-15,7.1,11.52,
1994-06-16,7.07,11.22,
1994-06-17,7.14,12.31,
1994-06-20,7.16,13.96,
1994-06-21,7.22,14.7,
1994-06-22,7.13,14.02,
1994-06-23,7.1,14.12,
1994-06-24,7.22,16.72,
1994-06-27,7.18,15.53,
1994-06-28,7.26,15.04,
1994-06-29,7.24,14.42,
1994-06-30,7.34,14.97,
1994-07-01,7.34,14.36,
1994-07-04,,,
1994-07-05,7.31,14.92,
1994-07-06,7.32,14.7,
1994-07-07,7.3,14.01,
1994-07-08,7.42,13.26,
1994-07-11,7.47,13.83,
1994-07-12,7.43,13.4,
1994-07-13,7.41,12.42,
1994-07-14,7.25,11.64,
1994-07-15,7.25,11.28,
1994-07-18,7.2,11.44,
1994-07-19,7.15,11.65,
1994-07-20,7.25,11.7,
1994-07-21,7.27,11.65,
1994-07-22,7.29,11.22,
1994-07-25,7.27,11.46,
1994-07-26,7.28,11.66,
1994-07-27,7.34,11.93,
1994-07-28,7.29,12.03,
1994-07-29,7.12,11.13,
1994-08-01,7.13,11.17,
1994-08-02,7.11,11.27,
1994-08-03,7.09,11.35,
1994-08-04,7.12,12.18,
1994-08-05,7.28,12.34,
1994-08-08,7.28,12.41,
1994-08-09,7.33,12.54,
1994-08-10,7.3,11.91,
1994-08-11,7.36,12.13,
1994-08-12,7.27,11.09,
1994-08-15,7.3,12.06,
1994-08-16,7.19,11.39,
1994-08-17,7.15,11.54,
1994-08-18,7.28,12.07,
1994-08-19,7.27,12.83,
1994-08-22,7.31,12.62,
1994-08-23,7.28,11.75,
1994-08-24,7.22,11.57,
1994-08-25,7.29,12.02,
1994-08-26,7.24,12.19,
1994-08-29,7.24,11.82,
1994-08-30,7.2,11.23,
1994-08-31,7.19,11.97,
1994-09-01,7.19,11.86,
1994-09-02,7.21,11.4,
1994-09-05,,,
1994-09-06,7.27,11.69,
1994-09-07,7.29,11.81,
1994-09-08,7.3,11.86,
1994-09-09,7.44,13.12,
1994-09-12,7.46,14.01,
1994-09-13,7.44,13.77,
1994-09-14,7.41,13.09,
1994-09-15,7.35,11.88,
1994-09-16,7.52,12.8,
1994-09-19,7.49,13.06,
1994-09-20,7.53,14.45,
1994-09-21,7.56,14.49,
1994-09-22,7.56,13.89,
1994-09-23,7.57,14.53,
1994-09-26,7.57,14.56,
1994-09-27,7.61,14.13,
1994-09-28,7.57,13.25,
1994-09-29,7.64,13.97,
1994-09-30,7.62,14.28,
1994-10-03,7.66,15.44,
1994-10-04,7.7,16.66,
1994-10-05,7.77,15.92,
1994-10-06,7.78,16.24,
1994-10-07,7.7,14.92,
1994-10-10,,14.72,
1994-10-11,7.65,13.55,
1994-10-12,7.69,14.51,
1994-10-13,7.64,14.9,
1994-10-14,7.61,13.32,
1994-10-17,7.62,14.76,
1994-10-18,7.64,14.59,
1994-10-19,7.68,15.13,
1994-10-20,7.8,15.99,
1994-10-21,7.81,15.91,
1994-10-24,7.86,16.97,
1994-10-25,7.88,16.13,
1994-10-26,7.88,15.7,
1994-10-27,7.88,15.67,
1994-10-28,7.82,14.56,
1994-10-31,7.81,14.56,
1994-11-01,7.91,14.84,
1994-11-02,7.96,15.34,
1994-11-03,7.96,15.58,
1994-11-04,8.04,16.75,
1994-11-07,8.05,17.37,
1994-11-08,8.01,16.3,
1994-11-09,7.94,16.42,
1994-11-10,7.98,16.0,
1994-11-11,,16.5,
1994-11-14,7.94,16.68,
1994-11-15,7.92,16.66,
1994-11-16,7.97,15.56,
1994-11-17,8.03,15.91,
1994-11-18,8.01,16.0,
1994-11-21,8.03,16.13,
1994-11-22,8.0,17.24,
1994-11-23,7.81,18.41,
1994-11-24,,,
1994-11-25,7.8,17.44,
1994-11-28,7.88,16.83,
1994-11-29,7.95,16.15,
1994-11-30,7.91,15.95,
1994-12-01,7.92,16.69,
1994-12-02,7.81,16.55,
1994-12-05,7.83,16.1,
1994-12-06,7.73,16.05,
1994-12-07,7.81,16.28,
1994-12-08,7.79,18.15,
1994-12-09,7.79,16.04,
1994-12-12,7.85,15.46,
1994-12-13,7.83,14.48,
1994-12-14,7.8,13.03,
1994-12-15,7.79,12.87,
1994-12-16,7.81,12.79,
1994-12-19,7.81,13.02,
1994-12-20,7.81,12.98,
1994-12-21,7.8,12.05,
1994-12-22,7.84,12.42,
1994-12-23,7.85,11.82,
1994-12-26,,,
1994-12-27,7.76,12.07,
1994-12-28,7.8,12.81,
1994-12-29,7.82,12.86,
1994-12-30,7.84,13.2,
1995-01-02,,,
1995-01-03,7.88,14.25,
1995-01-04,7.82,13.53,
1995-01-05,7.88,13.5,
1995-01-06,7.87,13.13,
1995-01-09,7.89,13.33,
1995-01-10,7.84,12.52,
1995-01-11,7.79,12.15,
1995-01-12,7.8,12.83,
1995-01-13,7.69,11.1,
1995-01-16,,11.14,
1995-01-17,7.7,11.79,
1995-01-18,7.71,11.57,
1995-01-19,7.74,11.86,
1995-01-20,7.82,12.15,
1995-01-23,7.83,12.79,
1995-01-24,7.86,11.94,
1995-01-25,7.8,11.46,
1995-01-26,7.76,11.25,
1995-01-27,7.66,11.25,
1995-01-30,7.65,12.26,
1995-01-31,7.6,11.96,
1995-02-01,7.66,11.73,
1995-02-02,7.68,11.13,
1995-02-03,7.49,10.98,
1995-02-06,7.53,11.22,
1995-02-07,7.52,11.17,
1995-02-08,7.53,11.42,
1995-02-09,7.58,11.63,
1995-02-10,7.62,11.28,
1995-02-13,7.61,11.41,
1995-02-14,7.51,11.43,
1995-02-15,7.45,11.52,
1995-02-16,7.4,11.61,
1995-02-17,7.43,11.71,
1995-02-20,,,
1995-02-21,7.44,12.05,
1995-02-22,7.34,11.39,
1995-02-23,7.34,11.15,
1995-02-24,7.33,10.84,
1995-02-27,7.24,12.51,
1995-02-28,7.22,11.75,
1995-03-01,7.23,11.65,
1995-03-02,7.3,12.02,
1995-03-03,7.36,11.45,
1995-03-06,7.41,12.17,
1995-03-07,7.44,14.22,
1995-03-08,7.36,13.72,
1995-03-09,7.3,13.36,
1995-03-10,7.23,12.38,
1995-03-13,7.19,12.15,
1995-03-14,7.09,12.1,
1995-03-15,7.09,12.42,
1995-03-16,7.05,11.95,
1995-03-17,7.12,11.8,
1995-03-20,7.12,11.34,
1995-03-21,7.16,11.53,
1995-03-22,7.21,11.29,
1995-03-23,7.21,11.43,
1995-03-24,7.09,11.19,
1995-03-27,7.05,11.83,
1995-03-28,7.16,11.33,
1995-03-29,7.16,12.51,
1995-03-30,7.18,12.62,
1995-03-31,7.2,13.37,
1995-04-03,7.14,13.5,
1995-04-04,7.12,12.62,
1995-04-05,7.12,12.96,
1995-04-06,7.09,12.81,
1995-04-07,7.11,12.85,
1995-04-10,7.12,12.79,
1995-04-11,7.09,12.73,
1995-04-12,7.06,12.04,
1995-04-13,7.03,11.48,
1995-04-14,,,
1995-04-17,7.04,12.33,
1995-04-18,7.04,12.96,
1995-04-19,7.06,13.09,
1995-04-20,7.02,12.1,
1995-04-21,7.01,11.86,
1995-04-24,7.01,11.92,
1995-04-25,7.01,12.41,
1995-04-26,7.01,12.28,
1995-04-27,7.04,11.93,
1995-04-28,7.07,11.75,
1995-05-01,7.09,12.14,
1995-05-02,7.04,11.88,
1995-05-03,6.96,11.69,
1995-05-04,6.85,12.64,
1995-05-05,6.69,12.06,
1995-05-08,6.7,12.22,
1995-05-09,6.61,12.75,
1995-05-10,6.66,13.08,
1995-05-11,6.68,12.98,
1995-05-12,6.67,11.84,
1995-05-15,6.62,12.38,
1995-05-16,6.57,12.2,
1995-05-17,6.53,12.36,
1995-05-18,6.61,13.13,
1995-05-19,6.61,12.81,
1995-05-22,6.63,11.68,
1995-05-23,6.57,11.55,
1995-05-24,6.44,11.26,
1995-05-25,6.39,11.63,
1995-05-26,6.4,12.2,
1995-05-29,,,
1995-05-30,6.3,12.52,
1995-05-31,6.3,12.85,
1995-06-01,6.2,12.21,
1995-06-02,6.1,12.98,
1995-06-05,6.08,13.45,
1995-06-06,6.08,13.0,
1995-06-07,6.2,12.84,
1995-06-08,6.22,12.89,
1995-06-09,6.4,12.76,
1995-06-12,6.37,11.91,
1995-06-13,6.14,11.29,
1995-06-14,6.15,11.29,
1995-06-15,6.18,11.23,
1995-06-16,6.21,10.75,
1995-06-19,6.13,11.21,
1995-06-20,6.16,11.16,
1995-06-21,6.13,11.32,
1995-06-22,6.04,11.44,
1995-06-23,6.06,11.12,
1995-06-26,6.11,11.8,
1995-06-27,6.15,12.37,
1995-06-28,6.1,11.74,
1995-06-29,6.28,11.59,
1995-06-30,6.21,11.38,
1995-07-03,6.21,11.57,
1995-07-04,,,
1995-07-05,6.19,12.1,
1995-07-06,6.05,11.52,
1995-07-07,6.04,11.77,
1995-07-10,6.04,12.19,
1995-07-11,6.09,12.25,
1995-07-12,6.1,12.31,
1995-07-13,6.09,12.56,
1995-07-14,6.15,12.08,
1995-07-17,6.22,12.26,
1995-07-18,6.25,12.68,
1995-07-19,6.43,13.49,
1995-07-20,6.43,12.78,
1995-07-21,6.53,12.37,
1995-07-24,6.46,12.55,
1995-07-25,6.43,12.77,
1995-07-26,6.48,13.18,
1995-07-27,6.43,13.18,
1995-07-28,6.49,13.18,
1995-07-31,6.45,13.49,
1995-08-01,6.5,13.56,
1995-08-02,6.44,13.66,
1995-08-03,6.53,13.78,
1995-08-04,6.5,13.21,
1995-08-07,6.48,13.1,
1995-08-08,6.47,13.06,
1995-08-09,6.47,12.75,
1995-08-10,6.51,13.0,
1995-08-11,6.59,12.9,
1995-08-14,6.59,13.24,
1995-08-15,6.57,12.35,
1995-08-16,6.54,12.45,
1995-08-17,6.57,12.13,
1995-08-18,6.57,12.03,
1995-08-21,6.54,13.42,
1995-08-22,6.57,12.6,
1995-08-23,6.6,13.17,
1995-08-24,6.5,12.94,
1995-08-25,6.38,12.33,
1995-08-28,6.34,12.48,
1995-08-29,6.36,12.65,
1995-08-30,6.33,12.03,
1995-08-31,6.28,11.52,
1995-09-01,6.22,11.29,
1995-09-04,,,
1995-09-05,6.18,11.65,
1995-09-06,6.17,11.65,
1995-09-07,6.21,11.85,
1995-09-08,6.24,11.16,
1995-09-11,6.24,11.51,
1995-09-12,6.16,11.46,
1995-09-13,6.18,11.35,
1995-09-14,6.08,11.1,
1995-09-15,6.11,11.58,
1995-09-18,6.17,12.34,
1995-09-19,6.14,12.67,
1995-09-20,6.1,12.35,
1995-09-21,6.21,12.5,
1995-09-22,6.25,12.46,
1995-09-25,6.26,13.22,
1995-09-26,6.28,12.9,
1995-09-27,6.3,12.9,
1995-09-28,6.28,12.46,
1995-09-29,6.17,12.74,
1995-10-02,6.15,13.95,
1995-10-03,6.13,14.5,
1995-10-04,6.12,14.86,
1995-10-05,6.06,15.74,
1995-10-06,6.06,13.98,
1995-10-09,,14.85,
1995-10-10,6.07,14.97,
1995-10-11,6.09,14.57,
1995-10-12,6.07,14.24,
1995-10-13,5.97,13.67,
1995-10-16,5.97,14.62,
1995-10-17,5.97,14.03,
1995-10-18,5.99,14.05,
1995-10-19,5.98,13.55,
1995-10-20,6.04,13.46,
1995-10-23,6.07,14.17,
1995-10-24,6.02,13.85,
1995-10-25,6.0,14.49,
1995-10-26,6.06,15.59,
1995-10-27,6.05,14.63,
1995-10-30,6.04,14.26,
1995-10-31,6.03,13.83,
1995-11-01,5.98,13.41,
1995-11-02,5.92,13.19,
1995-11-03,5.94,12.26,
1995-11-06,5.96,12.74,
1995-11-07,5.99,13.05,
1995-11-08,5.92,12.16,
1995-11-09,5.97,12.46,
1995-11-10,6.0,12.97,
1995-11-13,5.98,13.2,
1995-11-14,5.97,13.38,
1995-11-15,6.0,12.95,
1995-11-16,5.93,12.57,
1995-11-17,5.92,12.49,
1995-11-20,5.93,12.37,
1995-11-21,5.92,11.74,
1995-11-22,5.93,11.81,
1995-11-23,,,
1995-11-24,5.91,11.87,
1995-11-27,5.88,12.43,
1995-11-28,5.88,11.57,
1995-11-29,5.85,11.65,
1995-11-30,5.76,11.58,
1995-12-01,5.71,11.11,
1995-12-04,5.63,10.66,
1995-12-05,5.65,11.65,
1995-12-06,5.67,12.7,
1995-12-07,5.72,12.74,
1995-12-08,5.73,11.12,
1995-12-11,5.71,11.06,
1995-12-12,5.72,10.63,
1995-12-13,5.74,10.36,
1995-12-14,5.74,11.07,
1995-12-15,5.75,11.44,
1995-12-18,5.85,14.55,
1995-12-19,5.81,13.16,
1995-12-20,5.76,12.2,
1995-12-21,5.77,10.77,
1995-12-22,5.71,11.51,
1995-12-25,,,
1995-12-26,5.69,11.49,
1995-12-27,5.66,11.98,
1995-12-28,5.63,12.25,
1995-12-29,5.58,12.52,
1996-01-01,,,
1996-01-02,5.6,12.19,
1996-01-03,5.58,12.1,
1996-01-04,5.65,13.78,
1996-01-05,5.69,13.58,
1996-01-08,5.68,13.11,
1996-01-09,5.7,15.21,
1996-01-10,5.8,16.4,
1996-01-11,5.78,14.69,
1996-01-12,5.75,14.23,
1996-01-15,,14.99,
1996-01-16,5.66,14.09,
1996-01-17,5.58,14.25,
1996-01-18,5.53,13.58,
1996-01-19,5.54,12.7,
1996-01-22,5.61,13.34,
1996-01-23,5.66,13.56,
1996-01-24,5.62,12.54,
1996-01-25,5.7,12.94,
1996-01-26,5.65,12.0,
1996-01-29,5.69,12.19,
1996-01-30,5.63,12.42,
1996-01-31,5.6,12.53,
1996-02-01,5.63,12.65,
1996-02-02,5.66,13.23,
1996-02-05,5.7,13.46,
1996-02-06,5.68,14.59,
1996-02-07,5.66,14.11,
1996-02-08,5.66,13.89,
1996-02-09,5.66,14.63,
1996-02-12,5.61,14.69,
1996-02-13,5.58,14.94,
1996-02-14,5.62,15.59,
1996-02-15,5.7,16.13,
1996-02-16,5.76,15.37,
1996-02-19,,,
1996-02-20,6.01,16.8,
1996-02-21,5.98,14.47,
1996-02-22,5.92,14.56,
1996-02-23,5.97,14.78,
1996-02-26,6.01,16.38,
1996-02-27,6.06,16.63,
1996-02-28,6.11,16.72,
1996-02-29,6.13,17.04,
1996-03-01,5.99,16.72,
1996-03-04,5.92,16.67,
1996-03-05,5.96,16.1,
1996-03-06,6.05,16.56,
1996-03-07,6.07,16.49,
1996-03-08,6.41,20.7,
1996-03-11,6.33,19.4,
1996-03-12,6.36,19.09,
1996-03-13,6.35,18.13,
1996-03-14,6.36,16.93,
1996-03-15,6.46,16.54,
1996-03-18,6.43,17.31,
1996-03-19,6.41,18.35,
1996-03-20,6.34,18.66,
1996-03-21,6.28,17.74,
1996-03-22,6.32,17.05,
1996-03-25,6.26,17.84,
1996-03-26,6.25,17.8,
1996-03-27,6.34,17.89,
1996-03-28,6.41,18.16,
1996-03-29,6.34,18.88,
1996-04-01,6.31,17.9,
1996-04-02,6.25,16.45,
1996-04-03,6.27,16.33,
1996-04-04,6.33,16.18,
1996-04-05,6.57,,
1996-04-08,6.63,18.72,
1996-04-09,6.56,17.32,
1996-04-10,6.63,20.22,
1996-04-11,6.68,19.65,
1996-04-12,6.52,17.38,
1996-04-15,6.47,16.83,
1996-04-16,6.48,16.45,
1996-04-17,6.52,17.07,
1996-04-18,6.58,16.41,
1996-04-19,6.53,15.12,
1996-04-22,6.48,15.38,
1996-04-23,6.52,15.01,
1996-04-24,6.57,14.91,
1996-04-25,6.56,14.72,
1996-04-26,6.54,14.75,
1996-04-29,6.59,15.45,
1996-04-30,6.66,15.83,
1996-05-01,6.68,16.07,
1996-05-02,6.85,18.62,
1996-05-03,6.9,16.7,
1996-05-06,6.86,16.92,
1996-05-07,6.87,16.87,
1996-05-08,6.78,15.78,
1996-05-09,6.84,16.99,
1996-05-10,6.75,15.61,
1996-05-13,6.72,15.16,
1996-05-14,6.66,14.9,
1996-05-15,6.65,15.59,
1996-05-16,6.7,15.71,
1996-05-17,6.65,15.13,
1996-05-20,6.62,15.8,
1996-05-21,6.65,16.0,
1996-05-22,6.63,15.5,
1996-05-23,6.68,16.17,
1996-05-24,6.65,15.54,
1996-05-27,,,
1996-05-28,6.67,16.92,
1996-05-29,6.77,17.15,
1996-05-30,6.78,16.02,
1996-05-31,6.85,16.07,
1996-06-03,6.87,16.86,
1996-06-04,6.86,16.18,
1996-06-05,6.82,16.04,
1996-06-06,6.76,16.84,
1996-06-07,6.93,16.1,
1996-06-10,6.97,16.78,
1996-06-11,6.99,16.68,
1996-06-12,7.03,17.0,
1996-06-13,7.01,17.12,
1996-06-14,6.95,18.64,
1996-06-17,6.9,17.46,
1996-06-18,6.93,17.45,
1996-06-19,6.96,17.54,
1996-06-20,6.98,16.97,
1996-06-21,6.96,15.8,
1996-06-24,6.94,15.91,
1996-06-25,6.91,15.43,
1996-06-26,6.91,15.23,
1996-06-27,6.83,14.19,
1996-06-28,6.73,13.68,
1996-07-01,6.74,13.78,
1996-07-02,6.8,14.19,
1996-07-03,6.78,14.21,
1996-07-04,,,
1996-07-05,7.06,16.09,
1996-07-08,7.05,16.42,
1996-07-09,7.0,15.49,
1996-07-10,6.95,15.51,
1996-07-11,6.9,17.81,
1996-07-12,6.85,17.09,
1996-07-15,6.89,20.11,
1996-07-16,6.84,20.1,
1996-07-17,6.83,19.22,
1996-07-18,6.72,17.93,
1996-07-19,6.78,17.26,
1996-07-22,6.84,20.41,
1996-07-23,6.8,21.55,
1996-07-24,6.87,21.44,
1996-07-25,6.87,19.39,
1996-07-26,6.85,17.45,
1996-07-29,6.93,20.09,
1996-07-30,6.89,20.53,
1996-07-31,6.8,19.46,
1996-08-01,6.65,18.76,
1996-08-02,6.51,16.19,
1996-08-05,6.53,17.36,
1996-08-06,6.54,16.93,
1996-08-07,6.55,16.24,
1996-08-08,6.56,16.04,
1996-08-09,6.5,15.77,
1996-08-12,6.49,15.57,
1996-08-13,6.57,16.41,
1996-08-14,6.58,15.96,
1996-08-15,6.62,15.46,
1996-08-16,6.56,14.81,
1996-08-19,6.59,15.27,
1996-08-20,6.59,14.73,
1996-08-21,6.61,14.52,
1996-08-22,6.62,13.71,
1996-08-23,6.72,14.18,
1996-08-26,6.8,15.38,
1996-08-27,6.78,15.11,
1996-08-28,6.79,15.1,
1996-08-29,6.86,16.22,
1996-08-30,6.96,17.01,
1996-09-02,,,
1996-09-03,6.92,18.47,
1996-09-04,6.94,18.64,
1996-09-05,6.98,20.51,
1996-09-06,6.94,17.1,
1996-09-09,6.9,16.36,
1996-09-10,6.94,16.25,
1996-09-11,6.94,16.06,
1996-09-12,6.88,15.97,
1996-09-13,6.74,15.2,
1996-09-16,6.73,15.43,
1996-09-17,6.81,15.74,
1996-09-18,6.83,15.86,
1996-09-19,6.87,16.03,
1996-09-20,6.85,15.65,
1996-09-23,6.83,16.46,
1996-09-24,6.77,16.45,
1996-09-25,6.71,16.22,
1996-09-26,6.66,16.11,
1996-09-27,6.68,16.1,
1996-09-30,6.72,16.95,
1996-10-01,6.65,17.05,
1996-10-02,6.61,16.78,
1996-10-03,6.61,16.77,
1996-10-04,6.48,14.8,
1996-10-07,6.53,15.11,
1996-10-08,6.53,15.58,
1996-10-09,6.55,16.09,
1996-10-10,6.61,16.26,
1996-10-11,6.55,15.07,
1996-10-14,,15.13,
1996-10-15,6.56,15.83,
1996-10-16,6.57,15.6,
1996-10-17,6.51,15.41,
1996-10-18,6.5,15.08,
1996-10-21,6.52,15.98,
1996-10-22,6.56,16.4,
1996-10-23,6.56,16.45,
1996-10-24,6.57,16.89,
1996-10-25,6.54,17.29,
1996-10-28,6.56,18.34,
1996-10-29,6.4,18.28,
1996-10-30,6.4,18.48,
1996-10-31,6.37,18.11,
1996-11-01,6.38,17.89,
1996-11-04,6.36,18.04,
1996-11-05,6.28,17.65,
1996-11-06,6.3,16.97,
1996-11-07,6.26,17.21,
1996-11-08,6.29,15.78,
1996-11-11,,14.04,
1996-11-12,6.19,15.36,
1996-11-13,6.2,14.89,
1996-11-14,6.15,13.79,
1996-11-15,6.19,14.36,
1996-11-18,6.2,15.12,
1996-11-19,6.17,15.23,
1996-11-20,6.14,15.94,
1996-11-21,6.15,15.77,
1996-11-22,6.15,14.92,
1996-11-25,6.13,15.91,
1996-11-26,6.13,16.97,
1996-11-27,6.14,16.96,
1996-11-28,,,
1996-11-29,6.06,17.14,
1996-12-02,6.08,17.93,
1996-12-03,6.06,18.68,
1996-12-04,6.11,17.93,
1996-12-05,6.22,18.14,
1996-12-06,6.26,18.82,
1996-12-09,6.21,17.75,
1996-12-10,6.23,17.88,
1996-12-11,6.38,19.68,
1996-12-12,6.4,20.45,
1996-12-13,6.33,21.09,
1996-12-16,6.39,21.99,
1996-12-17,6.42,20.77,
1996-12-18,6.46,19.42,
1996-12-19,6.36,18.77,
1996-12-20,6.35,18.85,
1996-12-23,6.34,19.5,
1996-12-24,6.36,18.68,
1996-12-25,,,
1996-12-26,6.35,18.59,
1996-12-27,6.3,19.13,
1996-12-30,6.31,19.51,
1996-12-31,6.43,20.92,
1997-01-01,,,
1997-01-02,6.54,21.14,
1997-01-03,6.52,19.13,
1997-01-06,6.54,19.89,
1997-01-07,6.57,19.35,
1997-01-08,6.6,20.24,
1997-01-09,6.52,20.91,
1997-01-10,6.63,19.63,
1997-01-13,6.63,19.84,
1997-01-14,6.53,19.27,
1997-01-15,6.53,19.4,
1997-01-16,6.57,19.61,
1997-01-17,6.56,18.63,
1997-01-20,,18.6,
1997-01-21,6.52,17.81,
1997-01-22,6.56,17.09,
1997-01-23,6.6,18.47,
1997-01-24,6.64,19.33,
1997-01-27,6.69,20.16,
1997-01-28,6.64,20.74,
1997-01-29,6.63,20.23,
1997-01-30,6.61,19.47,
1997-01-31,6.53,,
1997-02-03,6.47,19.58,
1997-02-04,6.45,19.43,
1997-02-05,6.47,21.06,
1997-02-06,6.49,20.16,
1997-02-07,6.43,18.9,
1997-02-10,6.43,20.65,
1997-02-11,6.43,19.97,
1997-02-12,6.39,19.48,
1997-02-13,6.32,19.23,
1997-02-14,6.28,19.18,
1997-02-17,,,
1997-02-18,6.28,19.7,
1997-02-19,6.3,20.61,
1997-02-20,6.38,21.41,
1997-02-21,6.36,20.55,
1997-02-24,6.39,19.84,
1997-02-25,6.4,19.98,
1997-02-26,6.56,20.74,
1997-02-27,6.58,21.08,
1997-02-28,6.56,21.1,
1997-03-03,6.58,20.89,
1997-03-04,6.6,20.62,
1997-03-05,6.6,19.49,
1997-03-06,6.62,20.48,
1997-03-07,6.57,19.32,
1997-03-10,6.56,19.0,
1997-03-11,6.57,19.25,
1997-03-12,6.6,19.61,
1997-03-13,6.72,19.79,
1997-03-14,6.71,19.81,
1997-03-17,6.72,20.95,
1997-03-18,6.72,21.26,
1997-03-19,6.74,21.74,
1997-03-20,6.75,21.22,
1997-03-21,6.74,19.69,
1997-03-24,6.72,20.06,
1997-03-25,6.75,19.26,
1997-03-26,6.8,18.32,
1997-03-27,6.9,20.5,
1997-03-28,,,
1997-03-31,6.92,22.14,
1997-04-01,6.9,20.84,
1997-04-02,6.88,21.3,
1997-04-03,6.86,21.19,
1997-04-04,6.92,19.23,
1997-04-07,6.87,18.51,
1997-04-08,6.91,18.44,
1997-04-09,6.91,18.56,
1997-04-10,6.91,19.01,
1997-04-11,6.98,19.76,
1997-04-14,6.98,19.09,
1997-04-15,6.88,18.25,
1997-04-16,6.9,17.64,
1997-04-17,6.86,18.71,
1997-04-18,6.84,18.75,
1997-04-21,6.87,20.1,
1997-04-22,6.84,19.52,
1997-04-23,6.89,20.48,
1997-04-24,6.93,20.83,
1997-04-25,6.94,21.15,
1997-04-28,6.92,21.34,
1997-04-29,6.77,19.81,
1997-04-30,6.72,20.06,
1997-05-01,6.69,19.87,
1997-05-02,6.68,17.51,
1997-05-05,6.67,20.13,
1997-05-06,6.67,20.85,
1997-05-07,6.76,21.34,
1997-05-08,6.72,21.26,
1997-05-09,6.67,20.11,
1997-05-12,6.65,20.25,
1997-05-13,6.71,20.81,
1997-05-14,6.68,21.09,
1997-05-15,6.67,19.91,
1997-05-16,6.7,21.57,
1997-05-19,6.71,21.48,
1997-05-20,6.7,19.26,
1997-05-21,6.74,19.28,
1997-05-22,6.76,18.77,
1997-05-23,6.74,18.08,
1997-05-26,,,
1997-05-27,6.79,19.36,
1997-05-28,6.8,19.28,
1997-05-29,6.75,19.02,
1997-05-30,6.67,19.19,
1997-06-02,6.66,20.85,
1997-06-03,6.63,20.01,
1997-06-04,6.62,20.1,
1997-06-05,6.62,20.36,
1997-06-06,6.51,18.94,
1997-06-09,6.55,19.46,
1997-06-10,6.57,19.04,
1997-06-11,6.56,18.85,
1997-06-12,6.48,18.51,
1997-06-13,6.43,19.27,
1997-06-16,6.4,19.77,
1997-06-17,6.43,20.17,
1997-06-18,6.4,20.45,
1997-06-19,6.4,20.1,
1997-06-20,6.37,20.2,
1997-06-23,6.4,21.19,
1997-06-24,6.42,20.74,
1997-06-25,6.45,21.5,
1997-06-26,6.5,21.82,
1997-06-27,6.46,21.22,
1997-06-30,6.51,21.53,
1997-07-01,6.45,21.0,
1997-07-02,6.42,19.7,
1997-07-03,6.31,17.82,
1997-07-04,,,
1997-07-07,6.27,19.13,
1997-07-08,6.27,18.76,
1997-07-09,6.25,20.4,
1997-07-10,6.26,19.92,
1997-07-11,6.23,19.06,
1997-07-14,6.26,19.58,
1997-07-15,6.26,19.0,
1997-07-16,6.2,19.36,
1997-07-17,6.19,20.54,
1997-07-18,6.24,22.28,
1997-07-21,6.27,23.51,
1997-07-22,6.15,21.77,
1997-07-23,6.14,21.3,
1997-07-24,6.16,20.96,
1997-07-25,6.18,20.82,
1997-07-28,6.16,21.84,
1997-07-29,6.11,22.02,
1997-07-30,6.05,21.39,
1997-07-31,6.02,21.48,
1997-08-01,6.2,22.29,
1997-08-04,6.23,21.94,
1997-08-05,6.23,20.64,
1997-08-06,6.21,20.05,
1997-08-07,6.24,19.77,
1997-08-08,6.38,22.46,
1997-08-11,6.36,22.77,
1997-08-12,6.39,23.75,
1997-08-13,6.36,24.52,
1997-08-14,6.27,23.11,
1997-08-15,6.27,24.45,
1997-08-18,6.21,24.37,
1997-08-19,6.21,22.64,
1997-08-20,6.24,21.09,
1997-08-21,6.3,23.83,
1997-08-22,6.38,24.74,
1997-08-25,6.39,24.1,
1997-08-26,6.38,24.73,
1997-08-27,6.38,24.26,
1997-08-28,6.3,24.51,
1997-08-29,6.34,24.76,
1997-09-01,,,
1997-09-02,6.31,24.53,
1997-09-03,6.33,24.95,
1997-09-04,6.33,25.27,
1997-09-05,6.37,24.31,
1997-09-08,6.33,24.4,
1997-09-09,6.34,23.89,
1997-09-10,6.37,24.64,
1997-09-11,6.39,25.99,
1997-09-12,6.29,25.17,
1997-09-15,6.28,25.74,
1997-09-16,6.11,23.77,
1997-09-17,6.1,24.1,
1997-09-18,6.11,23.48,
1997-09-19,6.09,22.74,
1997-09-22,6.06,22.08,
1997-09-23,6.1,22.0,
1997-09-24,6.04,22.64,
1997-09-25,6.13,22.96,
1997-09-26,6.08,22.26,
1997-09-29,6.1,22.23,
1997-09-30,6.12,22.91,
1997-10-01,6.04,22.32,
1997-10-02,6.01,22.27,
1997-10-03,6.01,21.54,
1997-10-06,5.96,21.61,
1997-10-07,5.94,20.29,
1997-10-08,6.08,20.77,
1997-10-09,6.09,22.31,
1997-10-10,6.15,19.75,
1997-10-13,,20.26,
1997-10-14,6.07,19.99,
1997-10-15,6.1,20.05,
1997-10-16,6.09,20.53,
1997-10-17,6.17,21.69,
1997-10-20,6.15,20.72,
1997-10-21,6.14,19.53,
1997-10-22,6.12,19.86,
1997-10-23,6.04,22.99,
1997-10-24,6.01,23.17,
1997-10-27,5.91,31.12,
1997-10-28,5.98,31.22,
1997-10-29,5.91,33.75,
1997-10-30,5.84,38.2,
1997-10-31,5.84,35.09,
1997-11-03,5.91,32.09,
1997-11-04,5.95,32.24,
1997-11-05,5.95,32.18,
1997-11-06,5.9,32.57,
1997-11-07,5.9,36.27,
1997-11-10,5.91,36.63,
1997-11-11,,36.38,
1997-11-12,5.89,37.84,
1997-11-13,5.87,36.64,
1997-11-14,5.86,33.66,
1997-11-17,5.85,31.58,
1997-11-18,5.85,31.55,
1997-11-19,5.82,29.93,
1997-11-20,5.84,27.32,
1997-11-21,5.82,26.65,
1997-11-24,5.86,29.8,
1997-11-25,5.85,28.95,
1997-11-26,5.86,,
1997-11-27,,,
1997-11-28,5.86,27.43,
1997-12-01,5.86,26.01,
1997-12-02,5.86,25.66,
1997-12-03,5.83,23.92,
1997-12-04,5.84,23.84,
1997-12-05,5.92,22.65,
1997-12-08,5.96,23.22,
1997-12-09,5.95,23.36,
1997-12-10,5.9,24.55,
1997-12-11,5.82,27.63,
1997-12-12,5.74,27.92,
1997-12-15,5.78,27.37,
1997-12-16,5.77,26.11,
1997-12-17,5.81,26.33,
1997-12-18,5.76,27.19,
1997-12-19,5.72,29.18,
1997-12-22,5.72,28.56,
1997-12-23,5.73,29.86,
1997-12-24,5.76,30.27,
1997-12-25,,,
1997-12-26,5.75,29.27,
1997-12-29,5.76,26.79,
1997-12-30,5.8,24.38,
1997-12-31,5.75,24.01,
1998-01-01,,,
1998-01-02,5.67,23.42,
1998-01-05,5.52,24.36,
1998-01-06,5.49,25.66,
1998-01-07,5.55,25.07,
1998-01-08,5.49,26.01,
1998-01-09,5.4,28.69,
1998-01-12,5.39,28.02,
1998-01-13,5.41,25.17,
1998-01-14,5.45,23.75,
1998-01-15,5.48,23.45,
1998-01-16,5.54,21.65,
1998-01-19,,,
1998-01-20,5.57,21.65,
1998-01-21,5.54,22.53,
1998-01-22,5.56,23.16,
1998-01-23,5.7,23.32,
1998-01-26,5.63,23.97,
1998-01-27,5.7,22.27,
1998-01-28,5.69,22.06,
1998-01-29,5.58,21.65,
1998-01-30,5.53,21.47,
1998-02-02,5.57,21.36,
1998-02-03,5.56,20.67,
1998-02-04,5.57,20.55,
1998-02-05,5.62,21.29,
1998-02-06,5.62,20.51,
1998-02-09,5.65,21.55,
1998-02-10,5.64,20.66,
1998-02-11,5.53,20.38,
1998-02-12,5.52,19.73,
1998-02-13,5.49,19.84,
1998-02-16,,,
1998-02-17,5.44,20.76,
1998-02-18,5.49,19.66,
1998-02-19,5.51,19.88,
1998-02-20,5.54,19.0,
1998-02-23,5.58,18.99,
1998-02-24,5.69,19.35,
1998-02-25,5.63,18.62,
1998-02-26,5.65,18.63,
1998-02-27,5.62,18.55,
1998-03-02,5.72,19.19,
1998-03-03,5.77,19.04,
1998-03-04,5.76,19.58,
1998-03-05,5.78,20.93,
1998-03-06,5.73,19.14,
1998-03-09,5.67,20.23,
1998-03-10,5.67,19.43,
1998-03-11,5.63,18.89,
1998-03-12,5.56,18.25,
1998-03-13,5.58,18.71,
1998-03-16,5.54,18.51,
1998-03-17,5.56,18.66,
1998-03-18,5.58,18.29,
1998-03-19,5.58,17.76,
1998-03-20,5.57,18.69,
1998-03-23,5.57,19.98,
1998-03-24,5.58,20.51,
1998-03-25,5.64,22.54,
1998-03-26,5.68,22.81,
1998-03-27,5.68,23.47,
1998-03-30,5.72,24.66,
1998-03-31,5.67,24.22,
1998-04-01,5.62,23.37,
1998-04-02,5.56,21.98,
1998-04-03,5.47,21.82,
1998-04-06,5.51,22.47,
1998-04-07,5.53,23.66,
1998-04-08,5.58,23.17,
1998-04-09,5.59,21.51,
1998-04-10,,,
1998-04-13,5.66,22.77,
1998-04-14,5.63,21.61,
1998-04-15,5.6,20.89,
1998-04-16,5.59,22.06,
1998-04-17,5.59,20.76,
1998-04-20,5.65,20.39,
1998-04-21,5.68,19.91,
1998-04-22,5.68,19.44,
1998-04-23,5.69,20.6,
1998-04-24,5.67,21.97,
1998-04-27,5.8,26.09,
1998-04-28,5.8,24.17,
1998-04-29,5.81,22.78,
1998-04-30,5.68,21.18,
1998-05-01,5.67,19.34,
1998-05-04,5.67,20.32,
1998-05-05,5.7,21.46,
1998-05-06,5.67,22.79,
1998-05-07,5.67,23.39,
1998-05-08,5.71,20.57,
1998-05-11,5.79,21.05,
1998-05-12,5.7,20.98,
1998-05-13,5.64,20.44,
1998-05-14,5.67,19.64,
1998-05-15,5.68,20.44,
1998-05-18,5.64,21.69,
1998-05-19,5.65,20.39,
1998-05-20,5.61,19.89,
1998-05-21,5.65,19.38,
1998-05-22,5.64,18.99,
1998-05-25,,,
1998-05-26,5.59,22.07,
1998-05-27,5.56,22.59,
1998-05-28,5.58,20.74,
1998-05-29,5.56,21.32,
1998-06-01,5.53,22.83,
1998-06-02,5.56,22.0,
1998-06-03,5.57,22.85,
1998-06-04,5.59,21.22,
1998-06-05,5.58,19.78,
1998-06-08,5.58,20.58,
1998-06-09,5.59,20.52,
1998-06-10,5.51,21.48,
1998-06-11,5.44,23.57,
1998-06-12,5.43,22.78,
1998-06-15,5.38,25.94,
1998-06-16,5.45,24.8,
1998-06-17,5.54,22.89,
1998-06-18,5.5,22.4,
1998-06-19,5.47,21.92,
1998-06-22,5.46,21.94,
1998-06-23,5.45,20.17,
1998-06-24,5.46,20.02,
1998-06-25,5.46,20.25,
1998-06-26,5.46,19.36,
1998-06-29,5.47,19.57,
1998-06-30,5.44,19.71,
1998-07-01,5.44,18.0,
1998-07-02,5.42,17.67,
1998-07-03,,,
1998-07-06,5.39,18.63,
1998-07-07,5.42,18.62,
1998-07-08,5.43,17.82,
1998-07-09,5.41,18.16,
1998-07-10,5.42,17.92,
1998-07-13,5.46,18.26,
1998-07-14,5.49,17.88,
1998-07-15,5.48,17.89,
1998-07-16,5.5,16.97,
1998-07-17,5.51,16.23,
1998-07-20,5.48,17.34,
1998-07-21,5.45,20.1,
1998-07-22,5.46,20.32,
1998-07-23,5.45,23.01,
1998-07-24,5.45,23.01,
1998-07-27,5.47,23.13,
1998-07-28,5.5,25.25,
1998-07-29,5.52,24.79,
1998-07-30,5.5,22.66,
1998-07-31,5.5,24.8,
1998-08-03,5.46,25.98,
1998-08-04,5.43,31.06,
1998-08-05,5.43,29.83,
1998-08-06,5.44,28.2,
1998-08-07,5.4,27.02,
1998-08-10,5.41,28.75,
1998-08-11,5.37,31.91,
1998-08-12,5.4,28.55,
1998-08-13,5.44,29.92,
1998-08-14,5.4,34.34,
1998-08-17,5.4,31.86,
1998-08-18,5.41,28.4,
1998-08-19,5.42,28.69,
1998-08-20,5.38,30.0,
1998-08-21,5.32,33.14,
1998-08-24,5.3,31.8,
1998-08-25,5.25,30.33,
1998-08-26,5.26,31.14,
1998-08-27,5.12,38.55,
1998-08-28,5.09,39.6,
1998-08-31,5.05,44.28,
1998-09-01,5.05,36.48,
1998-09-02,5.1,36.76,
1998-09-03,5.03,41.43,
1998-09-04,5.02,43.31,
1998-09-07,,,
1998-09-08,5.04,37.9,
1998-09-09,4.95,39.66,
1998-09-10,4.76,45.29,
1998-09-11,4.85,43.74,
1998-09-14,4.87,38.57,
1998-09-15,4.9,36.58,
1998-09-16,4.88,35.94,
1998-09-17,4.8,39.23,
1998-09-18,4.7,38.63,
1998-09-21,4.69,38.58,
1998-09-22,4.73,36.62,
1998-09-23,4.69,32.47,
1998-09-24,4.64,34.66,
1998-09-25,4.6,34.55,
1998-09-28,4.61,34.87,
1998-09-29,4.59,36.08,
1998-09-30,4.44,40.95,
1998-10-01,4.33,43.48,
1998-10-02,4.31,40.47,
1998-10-05,4.16,42.81,
1998-10-06,4.24,41.2,
1998-10-07,4.34,43.51,
1998-10-08,4.56,45.74,
1998-10-09,4.77,42.2,
1998-10-12,,40.07,
1998-10-13,4.73,40.23,
1998-10-14,4.58,38.96,
1998-10-15,4.58,33.34,
1998-10-16,4.44,34.82,
1998-10-19,4.47,33.13,
1998-10-20,4.57,33.11,
1998-10-21,4.59,33.21,
1998-10-22,4.62,31.53,
1998-10-23,4.7,32.27,
1998-10-26,4.73,32.38,
1998-10-27,4.63,32.95,
1998-10-28,4.6,32.42,
1998-10-29,4.54,29.5,
1998-10-30,4.64,28.05,
1998-11-02,4.77,27.26,
1998-11-03,4.78,27.76,
1998-11-04,4.83,27.37,
1998-11-05,4.82,26.01,
1998-11-06,4.93,25.7,
1998-11-09,4.88,28.09,
1998-11-10,4.81,28.17,
1998-11-11,,28.47,
1998-11-12,4.77,29.28,
1998-11-13,4.82,29.03,
1998-11-16,4.85,28.9,
1998-11-17,4.87,27.95,
1998-11-18,4.85,27.13,
1998-11-19,4.85,25.5,
1998-11-20,4.82,22.47,
1998-11-23,4.84,21.84,
1998-11-24,4.85,23.28,
1998-11-25,4.83,22.15,
1998-11-26,,,
1998-11-27,4.81,22.09,
1998-11-30,4.74,26.01,
1998-12-01,4.67,24.97,
1998-12-02,4.59,25.43,
1998-12-03,4.58,28.7,
1998-12-04,4.62,25.31,
1998-12-07,4.69,24.9,
1998-12-08,4.6,25.58,
1998-12-09,4.56,25.66,
1998-12-10,4.53,26.81,
1998-12-11,4.61,27.72,
1998-12-14,4.58,31.31,
1998-12-15,4.62,29.42,
1998-12-16,4.58,29.96,
1998-12-17,4.58,27.96,
1998-12-18,4.58,25.04,
1998-12-21,4.64,23.86,
1998-12-22,4.7,22.78,
1998-12-23,4.81,20.21,
1998-12-24,4.86,21.48,
1998-12-25,,,
1998-12-28,4.78,23.5,
1998-12-29,4.71,22.18,
1998-12-30,4.65,23.34,
1998-12-31,4.65,24.42,
1999-01-01,,,
1999-01-04,4.69,26.17,
1999-01-05,4.74,24.46,
1999-01-06,4.73,23.34,
1999-01-07,4.77,24.37,
1999-01-08,4.86,23.28,
1999-01-11,4.9,25.46,
1999-01-12,4.82,28.1,
1999-01-13,4.74,30.11,
1999-01-14,4.63,32.98,
1999-01-15,4.66,29.24,
1999-01-18,,,
1999-01-19,4.71,29.24,
1999-01-20,4.76,28.6,
1999-01-21,4.7,30.92,
1999-01-22,4.64,31.95,
1999-01-25,4.67,31.13,
1999-01-26,4.69,29.23,
1999-01-27,4.68,29.73,
1999-01-28,4.67,28.11,
1999-01-29,4.66,26.25,
1999-02-01,4.75,27.67,
1999-02-02,4.79,28.16,
1999-02-03,4.83,27.88,
1999-02-04,4.89,29.48,
1999-02-05,4.94,29.67,
1999-02-08,4.94,30.27,
1999-02-09,4.91,31.36,
1999-02-10,4.9,30.45,
1999-02-11,4.93,27.42,
1999-02-12,5.06,29.76,
1999-02-15,,,
1999-02-16,5.03,29.65,
1999-02-17,4.98,30.65,
1999-02-18,5.04,30.45,
1999-02-19,5.07,29.3,
1999-02-22,5.03,25.87,
1999-02-23,5.1,26.49,
1999-02-24,5.18,27.21,
1999-02-25,5.32,28.01,
1999-02-26,5.29,27.88,
1999-03-01,5.4,28.37,
1999-03-02,5.35,29.22,
1999-03-03,5.39,29.04,
1999-03-04,5.41,26.67,
1999-03-05,5.34,24.08,
1999-03-08,5.29,24.54,
1999-03-09,5.18,25.02,
1999-03-10,5.2,24.79,
1999-03-11,5.21,24.37,
1999-03-12,5.16,24.84,
1999-03-15,5.15,25.24,
1999-03-16,5.11,25.15,
1999-03-17,5.14,25.57,
1999-03-18,5.11,24.13,
1999-03-19,5.17,24.32,
1999-03-22,5.21,25.0,
1999-03-23,5.2,27.27,
1999-03-24,5.17,26.6,
1999-03-25,5.21,24.33,
1999-03-26,5.21,24.04,
1999-03-29,5.28,23.54,
1999-03-30,5.21,22.73,
1999-03-31,5.25,23.26,
1999-04-01,5.27,22.06,
1999-04-02,5.2,,
1999-04-05,5.2,22.19,
1999-04-06,5.13,22.65,
1999-04-07,5.14,22.81,
1999-04-08,5.03,22.59,
1999-04-09,5.05,21.77,
1999-04-12,5.06,21.93,
1999-04-13,5.12,22.73,
1999-04-14,5.13,24.94,
1999-04-15,5.18,23.93,
1999-04-16,5.23,23.9,
1999-04-19,5.18,26.42,
1999-04-20,5.16,25.02,
1999-04-21,5.17,23.31,
1999-04-22,5.25,22.62,
1999-04-23,5.26,22.76,
1999-04-26,5.23,23.53,
1999-04-27,5.22,23.36,
1999-04-28,5.27,24.4,
1999-04-29,5.22,25.06,
1999-04-30,5.36,25.07,
1999-05-03,5.38,24.15,
1999-05-04,5.42,25.62,
1999-05-05,5.4,25.19,
1999-05-06,5.52,27.44,
1999-05-07,5.54,25.36,
1999-05-10,5.54,26.62,
1999-05-11,5.59,25.62,
1999-05-12,5.51,26.13,
1999-05-13,5.41,25.02,
1999-05-14,5.62,26.86,
1999-05-17,5.66,27.28,
1999-05-18,5.68,27.26,
1999-05-19,5.6,25.08,
1999-05-20,5.6,24.46,
1999-05-21,5.52,24.4,
1999-05-24,5.5,27.62,
1999-05-25,5.49,28.9,
1999-05-26,5.55,27.57,
1999-05-27,5.62,28.12,
1999-05-28,5.64,25.39,
1999-05-31,,,
1999-06-01,5.78,26.62,
1999-06-02,5.8,26.21,
1999-06-03,5.8,26.2,
1999-06-04,5.82,23.43,
1999-06-07,5.81,23.78,
1999-06-08,5.83,24.02,
1999-06-09,5.87,23.9,
1999-06-10,5.92,25.32,
1999-06-11,6.02,25.9,
1999-06-14,5.98,26.51,
1999-06-15,5.98,25.91,
1999-06-16,5.94,22.4,
1999-06-17,5.79,21.95,
1999-06-18,5.84,21.75,
1999-06-21,5.9,21.81,
1999-06-22,5.94,21.7,
1999-06-23,6.0,21.32,
1999-06-24,6.05,23.06,
1999-06-25,6.02,21.76,
1999-06-28,5.96,22.63,
1999-06-29,5.93,22.51,
1999-06-30,5.81,21.09,
1999-07-01,5.85,19.69,
1999-07-02,5.82,18.66,
1999-07-05,,,
1999-07-06,5.88,20.73,
1999-07-07,5.92,20.35,
1999-07-08,5.85,20.24,
1999-07-09,5.84,17.96,
1999-07-12,5.74,19.73,
1999-07-13,5.71,19.95,
1999-07-14,5.74,19.71,
1999-07-15,5.72,18.68,
1999-07-16,5.68,17.42,
1999-07-19,5.66,19.07,
1999-07-20,5.65,21.79,
1999-07-21,5.66,21.46,
1999-07-22,5.78,23.05,
1999-07-23,5.84,23.32,
1999-07-26,5.86,24.98,
1999-07-27,5.82,23.23,
1999-07-28,5.81,22.85,
1999-07-29,5.88,24.52,
1999-07-30,5.92,24.64,
1999-08-02,5.92,25.59,
1999-08-03,5.95,26.27,
1999-08-04,5.96,27.4,
1999-08-05,5.88,27.01,
1999-08-06,6.02,26.6,
1999-08-09,6.13,27.66,
1999-08-10,6.16,28.45,
1999-08-11,6.05,25.39,
1999-08-12,6.08,25.03,
1999-08-13,5.98,22.31,
1999-08-16,5.98,23.07,
1999-08-17,5.89,21.67,
1999-08-18,5.88,23.3,
1999-08-19,5.9,24.39,
1999-08-20,5.88,22.95,
1999-08-23,5.89,22.55,
1999-08-24,5.85,22.4,
1999-08-25,5.73,20.96,
1999-08-26,5.75,21.21,
1999-08-27,5.85,21.83,
1999-08-30,5.95,24.63,
1999-08-31,5.98,24.45,
1999-09-01,5.99,22.93,
1999-09-02,6.03,24.53,
1999-09-03,5.89,20.98,
1999-09-06,,,
1999-09-07,5.95,23.44,
1999-09-08,5.93,23.82,
1999-09-09,5.97,23.01,
1999-09-10,5.89,22.03,
1999-09-13,5.92,22.89,
1999-09-14,5.96,23.77,
1999-09-15,5.94,24.56,
1999-09-16,5.9,25.25,
1999-09-17,5.87,23.3,
1999-09-20,5.91,24.03,
1999-09-21,5.94,25.65,
1999-09-22,5.92,25.19,
1999-09-23,5.87,27.84,
1999-09-24,5.75,27.79,
1999-09-27,5.83,26.4,
1999-09-28,5.89,26.06,
1999-09-29,5.97,26.49,
1999-09-30,5.9,25.41,
1999-10-01,6.0,24.93,
1999-10-04,5.95,24.46,
1999-10-05,6.02,24.79,
1999-10-06,6.04,22.06,
1999-10-07,6.05,23.58,
1999-10-08,6.04,20.49,
1999-10-11,,20.63,
1999-10-12,6.07,22.84,
1999-10-13,6.12,25.96,
1999-10-14,6.17,26.05,
1999-10-15,6.09,28.75,
1999-10-18,6.12,28.19,
1999-10-19,6.18,26.56,
1999-10-20,6.19,23.9,
1999-10-21,6.2,24.02,
1999-10-22,6.21,21.64,
1999-10-25,6.22,23.6,
1999-10-26,6.24,24.26,
1999-10-27,6.19,24.2,
1999-10-28,6.12,21.34,
1999-10-29,6.02,22.2,
1999-11-01,6.06,22.09,
1999-11-02,6.04,23.1,
1999-11-03,6.01,23.16,
1999-11-04,5.95,23.0,
1999-11-05,5.92,21.66,
1999-11-08,5.95,21.87,
1999-11-09,5.97,22.7,
1999-11-10,6.0,22.26,
1999-11-11,,22.07,
1999-11-12,5.93,21.65,
1999-11-15,5.94,22.74,
1999-11-16,5.97,20.73,
1999-11-17,6.04,20.96,
1999-11-18,6.06,19.76,
1999-11-19,6.07,19.11,
1999-11-22,6.09,19.98,
1999-11-23,6.08,21.0,
1999-11-24,6.09,20.26,
1999-11-25,,,
1999-11-26,6.12,22.33,
1999-11-29,6.21,23.57,
1999-11-30,6.18,24.18,
1999-12-01,6.21,22.23,
1999-12-02,6.24,21.77,
1999-12-03,6.17,19.32,
1999-12-06,6.16,20.58,
1999-12-07,6.11,21.09,
1999-12-08,6.15,21.25,
1999-12-09,6.14,21.19,
1999-12-10,6.08,21.48,
1999-12-13,6.11,21.72,
1999-12-14,6.22,23.06,
1999-12-15,6.25,22.03,
1999-12-16,6.31,21.91,
1999-12-17,6.3,21.35,
1999-12-20,6.36,23.78,
1999-12-21,6.38,22.66,
1999-12-22,6.39,22.43,
1999-12-23,6.41,21.12,
1999-12-24,,,
1999-12-27,6.4,23.07,
1999-12-28,6.43,22.97,
1999-12-29,6.4,23.09,
1999-12-30,6.39,24.76,
1999-12-31,6.45,24.64,
2000-01-03,6.58,24.21,
2000-01-04,6.49,27.01,
2000-01-05,6.62,26.41,
2000-01-06,6.57,25.73,
2000-01-07,6.52,21.72,
2000-01-10,6.57,21.71,
2000-01-11,6.67,22.5,
2000-01-12,6.72,22.84,
2000-01-13,6.63,21.71,
2000-01-14,6.69,19.66,
2000-01-17,,,
2000-01-18,6.75,21.5,
2000-01-19,6.73,21.72,
2000-01-20,6.79,21.75,
2000-01-21,6.79,20.82,
2000-01-24,6.69,24.07,
2000-01-25,6.7,23.02,
2000-01-26,6.69,23.03,
2000-01-27,6.68,23.54,
2000-01-28,6.66,26.14,
2000-01-31,6.68,24.95,
2000-02-01,6.62,23.45,
2000-02-02,6.6,23.12,
2000-02-03,6.49,22.01,
2000-02-04,6.53,21.54,
2000-02-07,6.64,22.79,
2000-02-08,6.59,21.25,
2000-02-09,6.56,22.9,
2000-02-10,6.67,23.07,
2000-02-11,6.63,24.42,
2000-02-14,6.56,24.38,
2000-02-15,6.56,22.92,
2000-02-16,6.56,23.51,
2000-02-17,6.58,23.17,
2000-02-18,6.49,26.0,
2000-02-21,,,
2000-02-22,6.36,25.86,
2000-02-23,6.44,23.89,
2000-02-24,6.36,24.38,
2000-02-25,6.36,25.2,
2000-02-28,6.37,24.68,
2000-02-29,6.42,23.37,
2000-03-01,6.39,21.64,
2000-03-02,6.4,21.06,
2000-03-03,6.39,19.21,
2000-03-06,6.42,21.5,
2000-03-07,6.39,24.31,
2000-03-08,6.38,23.82,
2000-03-09,6.35,22.21,
2000-03-10,6.39,21.24,
2000-03-13,6.36,22.85,
2000-03-14,6.31,24.41,
2000-03-15,6.29,22.34,
2000-03-16,6.26,20.77,
2000-03-17,6.2,22.37,
2000-03-20,6.18,22.96,
2000-03-21,6.13,21.7,
2000-03-22,6.13,21.49,
2000-03-23,6.08,22.26,
2000-03-24,6.2,23.31,
2000-03-27,6.21,24.53,
2000-03-28,6.17,24.86,
2000-03-29,6.18,24.1,
2000-03-30,6.06,25.47,
2000-03-31,6.03,24.11,
2000-04-03,6.0,24.03,
2000-04-04,5.9,27.12,
2000-04-05,5.9,28.41,
2000-04-06,5.93,27.15,
2000-04-07,5.86,24.39,
2000-04-10,5.8,25.99,
2000-04-11,5.89,27.25,
2000-04-12,5.97,28.98,
2000-04-13,5.94,29.4,
2000-04-14,5.85,33.49,
2000-04-17,6.01,28.95,
2000-04-18,6.05,26.12,
2000-04-19,5.99,27.02,
2000-04-20,5.99,25.85,
2000-04-21,,,
2000-04-24,6.0,27.37,
2000-04-25,6.14,25.24,
2000-04-26,6.14,26.97,
2000-04-27,6.23,26.19,
2000-04-28,6.23,26.2,
2000-05-01,6.29,25.88,
2000-05-02,6.32,28.5,
2000-05-03,6.4,31.63,
2000-05-04,6.46,30.77,
2000-05-05,6.51,27.53,
2000-05-08,6.57,28.2,
2000-05-09,6.53,28.93,
2000-05-10,6.47,29.87,
2000-05-11,6.43,27.76,
2000-05-12,6.51,26.05,
2000-05-15,6.47,24.86,
2000-05-16,6.43,24.34,
2000-05-17,6.48,23.98,
2000-05-18,6.56,23.96,
2000-05-19,6.51,25.44,
2000-05-22,6.44,26.0,
2000-05-23,6.45,25.87,
2000-05-24,6.47,24.32,
2000-05-25,6.39,24.58,
2000-05-26,6.33,24.47,
2000-05-29,,,
2000-05-30,6.38,23.62,
2000-05-31,6.29,23.65,
2000-06-01,6.2,22.36,
2000-06-02,6.15,21.48,
2000-06-05,6.12,22.71,
2000-06-06,6.14,23.05,
2000-06-07,6.13,22.48,
2000-06-08,6.13,22.77,
2000-06-09,6.13,22.14,
2000-06-12,6.09,22.32,
2000-06-13,6.11,21.67,
2000-06-14,6.06,21.48,
2000-06-15,6.05,20.68,
2000-06-16,5.99,20.5,
2000-06-19,6.0,20.63,
2000-06-20,6.03,20.88,
2000-06-21,6.11,20.61,
2000-06-22,6.12,22.0,
2000-06-23,6.19,22.34,
2000-06-26,6.11,22.45,
2000-06-27,6.1,21.8,
2000-06-28,6.11,20.29,
2000-06-29,6.04,19.7,
2000-06-30,6.03,19.54,
2000-07-03,6.0,19.83,
2000-07-04,,,
2000-07-05,5.99,21.16,
2000-07-06,6.05,20.94,
2000-07-07,6.01,19.22,
2000-07-10,6.04,20.33,
2000-07-11,6.06,20.11,
2000-07-12,6.09,20.03,
2000-07-13,6.01,20.03,
2000-07-14,6.1,19.32,
2000-07-17,6.17,19.45,
2000-07-18,6.16,19.75,
2000-07-19,6.16,19.65,
2000-07-20,6.01,18.94,
2000-07-21,6.01,18.94,
2000-07-24,6.04,19.92,
2000-07-25,6.04,19.39,
2000-07-26,6.04,19.67,
2000-07-27,6.02,19.6,
2000-07-28,6.04,20.84,
2000-07-31,6.04,20.74,
2000-08-01,6.0,20.55,
2000-08-02,5.98,20.0,
2000-08-03,5.95,19.99,
2000-08-04,5.91,18.62,
2000-08-07,5.97,19.03,
2000-08-08,5.93,18.79,
2000-08-09,5.81,19.18,
2000-08-10,5.76,19.19,
2000-08-11,5.79,18.55,
2000-08-14,5.78,17.88,
2000-08-15,5.81,17.98,
2000-08-16,5.83,18.02,
2000-08-17,5.81,17.48,
2000-08-18,5.78,17.05,
2000-08-21,5.79,17.35,
2000-08-22,5.78,17.47,
2000-08-23,5.73,17.38,
2000-08-24,5.73,17.04,
2000-08-25,5.73,16.53,
2000-08-28,5.78,16.54,
2000-08-29,5.81,16.89,
2000-08-30,5.81,17.69,
2000-08-31,5.73,16.84,
2000-09-01,5.68,17.53,
2000-09-04,,,
2000-09-05,5.69,19.82,
2000-09-06,5.72,20.79,
2000-09-07,5.76,19.42,
2000-09-08,5.73,18.46,
2000-09-11,5.77,18.4,
2000-09-12,5.78,18.59,
2000-09-13,5.74,18.32,
2000-09-14,5.79,18.26,
2000-09-15,5.84,18.52,
2000-09-18,5.88,20.25,
2000-09-19,5.86,19.54,
2000-09-20,5.91,19.93,
2000-09-21,5.88,20.18,
2000-09-22,5.85,20.74,
2000-09-25,5.84,21.41,
2000-09-26,5.81,21.88,
2000-09-27,5.83,21.67,
2000-09-28,5.82,19.47,
2000-09-29,5.8,20.57,
2000-10-02,5.83,21.23,
2000-10-03,5.87,21.85,
2000-10-04,5.9,21.54,
2000-10-05,5.87,21.03,
2000-10-06,5.82,22.71,
2000-10-09,,24.02,
2000-10-10,5.8,24.86,
2000-10-11,5.77,26.57,
2000-10-12,5.73,30.51,
2000-10-13,5.73,27.6,
2000-10-16,5.74,26.79,
2000-10-17,5.68,27.84,
2000-10-18,5.66,28.72,
2000-10-19,5.66,25.09,
2000-10-20,5.64,24.24,
2000-10-23,5.59,24.69,
2000-10-24,5.63,24.28,
2000-10-25,5.67,26.65,
2000-10-26,5.69,28.62,
2000-10-27,5.72,26.47,
2000-10-30,5.74,25.46,
2000-10-31,5.77,23.63,
2000-11-01,5.74,24.28,
2000-11-02,5.74,23.92,
2000-11-03,5.83,23.67,
2000-11-06,5.87,24.52,
2000-11-07,5.87,24.91,
2000-11-08,5.87,25.66,
2000-11-09,5.82,27.2,
2000-11-10,5.82,28.53,
2000-11-13,5.77,29.06,
2000-11-14,5.76,26.81,
2000-11-15,5.72,26.15,
2000-11-16,5.68,25.05,
2000-11-17,5.71,24.81,
2000-11-20,5.68,27.43,
2000-11-21,5.67,26.62,
2000-11-22,5.62,27.71,
2000-11-23,,,
2000-11-24,5.63,26.0,
2000-11-27,5.64,26.93,
2000-11-28,5.59,27.64,
2000-11-29,5.55,27.49,
2000-11-30,5.48,29.65,
2000-12-01,5.52,27.48,
2000-12-04,5.53,27.78,
2000-12-05,5.43,24.99,
2000-12-06,5.32,25.07,
2000-12-07,5.32,25.34,
2000-12-08,5.35,22.41,
2000-12-11,5.37,23.51,
2000-12-12,5.36,24.88,
2000-12-13,5.29,23.63,
2000-12-14,5.23,24.86,
2000-12-15,5.2,26.55,
2000-12-18,5.17,27.7,
2000-12-19,5.19,27.17,
2000-12-20,5.08,31.74,
2000-12-21,5.03,29.66,
2000-12-22,5.02,27.55,
2000-12-25,,,
2000-12-26,5.04,28.73,
2000-12-27,5.11,28.14,
2000-12-28,5.13,26.57,
2000-12-29,5.12,26.85,
2001-01-01,,,
2001-01-02,4.92,29.99,
2001-01-03,5.14,26.6,
2001-01-04,5.03,26.97,
2001-01-05,4.93,28.67,
2001-01-08,4.94,29.84,
2001-01-09,4.98,27.99,
2001-01-10,5.1,26.8,
2001-01-11,5.14,25.79,
2001-01-12,5.25,24.56,
2001-01-15,,,
2001-01-16,5.24,25.28,
2001-01-17,5.19,24.93,
2001-01-18,5.12,23.37,
2001-01-19,5.19,23.24,
2001-01-22,5.25,23.25,
2001-01-23,5.3,21.57,
2001-01-24,5.33,22.03,
2001-01-25,5.29,22.64,
2001-01-26,5.29,22.57,
2001-01-29,5.32,22.61,
2001-01-30,5.24,22.57,
2001-01-31,5.19,22.02,
2001-02-01,5.1,21.66,
2001-02-02,5.17,21.95,
2001-02-05,5.18,22.19,
2001-02-06,5.22,21.98,
2001-02-07,5.1,21.67,
2001-02-08,5.1,21.46,
2001-02-09,5.03,22.03,
2001-02-12,5.05,21.92,
2001-02-13,5.07,21.37,
2001-02-14,5.13,21.52,
2001-02-15,5.19,20.27,
2001-02-16,5.11,22.12,
2001-02-19,,,
2001-02-20,5.11,24.69,
2001-02-21,5.14,25.75,
2001-02-22,5.15,26.76,
2001-02-23,5.1,27.21,
2001-02-26,5.05,25.43,
2001-02-27,4.96,26.49,
2001-02-28,4.92,28.35,
2001-03-01,4.87,28.08,
2001-03-02,4.95,27.43,
2001-03-05,4.98,27.12,
2001-03-06,4.99,25.89,
2001-03-07,4.92,24.12,
2001-03-08,4.89,24.29,
2001-03-09,4.95,25.62,
2001-03-12,4.92,30.32,
2001-03-13,4.95,27.55,
2001-03-14,4.84,29.61,
2001-03-15,4.81,28.56,
2001-03-16,4.78,29.91,
2001-03-19,4.82,29.78,
2001-03-20,4.78,30.96,
2001-03-21,4.77,31.93,
2001-03-22,4.73,32.84,
2001-03-23,4.8,30.45,
2001-03-26,4.85,29.04,
2001-03-27,5.0,27.04,
2001-03-28,4.97,28.58,
2001-03-29,4.98,29.17,
2001-03-30,4.93,28.64,
2001-04-02,4.98,31.21,
2001-04-03,4.94,34.72,
2001-04-04,4.94,34.07,
2001-04-05,4.98,29.94,
2001-04-06,4.89,31.69,
2001-04-09,4.93,31.91,
2001-04-10,5.09,29.44,
2001-04-11,5.12,28.46,
2001-04-12,5.17,26.12,
2001-04-13,,,
2001-04-16,5.28,26.33,
2001-04-17,5.21,25.61,
2001-04-18,5.14,24.13,
2001-04-19,5.27,24.16,
2001-04-20,5.29,25.38,
2001-04-23,5.2,28.16,
2001-04-24,5.22,28.49,
2001-04-25,5.28,27.4,
2001-04-26,5.2,25.96,
2001-04-27,5.34,24.02,
2001-04-30,5.35,25.48,
2001-05-01,5.3,24.2,
2001-05-02,5.31,24.23,
2001-05-03,5.22,25.78,
2001-05-04,5.21,23.91,
2001-05-07,5.21,24.86,
2001-05-08,5.24,24.44,
2001-05-09,5.2,24.35,
2001-05-10,5.31,24.0,
2001-05-11,5.51,23.54,
2001-05-14,5.46,24.26,
2001-05-15,5.5,23.71,
2001-05-16,5.48,21.89,
2001-05-17,5.46,21.47,
2001-05-18,5.41,21.23,
2001-05-21,5.41,20.76,
2001-05-22,5.42,21.35,
2001-05-23,5.41,22.08,
2001-05-24,5.52,20.57,
2001-05-25,5.52,20.6,
2001-05-28,,,
2001-05-29,5.54,22.14,
2001-05-30,5.54,22.76,
2001-05-31,5.43,22.64,
2001-06-01,5.39,21.59,
2001-06-04,5.35,21.38,
2001-06-05,5.29,19.58,
2001-06-06,5.27,20.39,
2001-06-07,5.33,19.67,
2001-06-08,5.38,19.92,
2001-06-11,5.32,20.7,
2001-06-12,5.27,20.7,
2001-06-13,5.28,21.45,
2001-06-14,5.26,23.12,
2001-06-15,5.27,22.81,
2001-06-18,5.27,23.17,
2001-06-19,5.26,22.34,
2001-06-20,5.24,21.71,
2001-06-21,5.22,19.38,
2001-06-22,5.14,20.02,
2001-06-25,5.16,20.67,
2001-06-26,5.24,21.2,
2001-06-27,5.26,20.88,
2001-06-28,5.35,20.01,
2001-06-29,5.42,19.06,
2001-07-02,5.37,18.76,
2001-07-03,5.41,18.92,
2001-07-04,,,
2001-07-05,5.44,20.09,
2001-07-06,5.41,21.63,
2001-07-09,5.37,22.48,
2001-07-10,5.32,23.25,
2001-07-11,5.31,24.01,
2001-07-12,5.27,22.09,
2001-07-13,5.27,21.14,
2001-07-16,5.21,22.91,
2001-07-17,5.22,22.61,
2001-07-18,5.12,23.6,
2001-07-19,5.13,22.51,
2001-07-20,5.15,22.34,
2001-07-23,5.13,23.74,
2001-07-24,5.13,25.24,
2001-07-25,5.2,24.0,
2001-07-26,5.19,23.01,
2001-07-27,5.13,22.0,
2001-07-30,5.11,22.69,
2001-07-31,5.07,21.62,
2001-08-01,5.11,20.56,
2001-08-02,5.17,20.09,
2001-08-03,5.2,19.89,
2001-08-06,5.19,21.89,
2001-08-07,5.2,21.01,
2001-08-08,4.99,22.32,
2001-08-09,5.04,21.75,
2001-08-10,4.99,20.55,
2001-08-13,4.97,20.42,
2001-08-14,4.97,20.48,
2001-08-15,5.0,20.91,
2001-08-16,4.95,21.54,
2001-08-17,4.84,23.84,
2001-08-20,4.91,22.87,
2001-08-21,4.87,24.4,
2001-08-22,4.91,22.44,
2001-08-23,4.89,22.23,
2001-08-24,4.93,19.71,
2001-08-27,4.94,20.56,
2001-08-28,4.85,22.0,
2001-08-29,4.78,23.03,
2001-08-30,4.79,25.41,
2001-08-31,4.85,24.92,
2001-09-03,,,
2001-09-04,4.99,25.85,
2001-09-05,4.97,26.35,
2001-09-06,4.86,28.61,
2001-09-07,4.8,30.99,
2001-09-10,4.84,31.84,
2001-09-11,,,
2001-09-12,,,
2001-09-13,4.64,,
2001-09-14,4.57,,
2001-09-17,4.63,41.76,
2001-09-18,4.72,38.87,
2001-09-19,4.69,40.56,
2001-09-20,4.75,43.74,
2001-09-21,4.7,42.66,
2001-09-24,4.73,37.75,
2001-09-25,4.72,35.81,
2001-09-26,4.65,35.26,
2001-09-27,4.58,34.0,
2001-09-28,4.6,31.93,
2001-10-01,4.55,32.32,
2001-10-02,4.53,31.18,
2001-10-03,4.5,31.34,
2001-10-04,4.53,31.97,
2001-10-05,4.52,33.39,
2001-10-08,,35.12,
2001-10-09,4.62,34.83,
2001-10-10,4.61,31.6,
2001-10-11,4.69,31.5,
2001-10-12,4.68,35.27,
2001-10-15,4.62,35.31,
2001-10-16,4.59,32.88,
2001-10-17,4.59,35.08,
2001-10-18,4.58,34.95,
2001-10-19,4.63,34.11,
2001-10-22,4.63,32.25,
2001-10-23,4.66,32.0,
2001-10-24,4.61,30.95,
2001-10-25,4.56,29.46,
2001-10-26,4.53,28.42,
2001-10-29,4.5,31.64,
2001-10-30,4.44,33.46,
2001-10-31,4.3,33.56,
2001-11-01,4.24,32.31,
2001-11-02,4.37,30.71,
2001-11-05,4.31,30.5,
2001-11-06,4.3,28.8,
2001-11-07,4.22,29.13,
2001-11-08,4.32,28.62,
2001-11-09,4.34,27.44,
2001-11-12,,29.35,
2001-11-13,4.41,26.47,
2001-11-14,4.54,26.56,
2001-11-15,4.79,25.56,
2001-11-16,4.91,25.07,
2001-11-19,4.8,24.46,
2001-11-20,4.88,24.12,
2001-11-21,4.98,24.19,
2001-11-22,,,
2001-11-23,5.04,23.25,
2001-11-26,5.05,23.79,
2001-11-27,4.98,24.0,
2001-11-28,4.98,25.9,
2001-11-29,4.79,25.18,
2001-11-30,4.78,23.84,
2001-12-03,4.75,25.77,
2001-12-04,4.7,24.08,
2001-12-05,4.92,23.02,
2001-12-06,5.04,23.71,
2001-12-07,5.2,23.49,
2001-12-10,5.17,25.62,
2001-12-11,5.13,25.3,
2001-12-12,5.02,24.87,
2001-12-13,5.13,25.91,
2001-12-14,5.24,24.63,
2001-12-17,5.26,24.26,
2001-12-18,5.16,23.29,
2001-12-19,5.08,22.58,
2001-12-20,5.08,23.67,
2001-12-21,5.12,22.5,
2001-12-24,5.18,22.62,
2001-12-25,,,
2001-12-26,5.22,22.29,
2001-12-27,5.13,21.59,
2001-12-28,5.15,21.4,
2001-12-31,5.07,23.8,
2002-01-01,,,
2002-01-02,5.2,22.71,
2002-01-03,5.16,21.34,
2002-01-04,5.18,20.45,
2002-01-07,5.09,21.94,
2002-01-08,5.1,21.83,
2002-01-09,5.1,22.13,
2002-01-10,5.0,22.36,
2002-01-11,4.92,22.6,
2002-01-14,4.91,23.58,
2002-01-15,4.88,22.7,
2002-01-16,4.88,23.45,
2002-01-17,4.98,22.25,
2002-01-18,4.94,22.52,
2002-01-21,,,
2002-01-22,4.96,23.61,
2002-01-23,5.05,21.88,
2002-01-24,5.07,21.15,
2002-01-25,5.1,21.01,
2002-01-28,5.12,21.14,
2002-01-29,5.02,24.35,
2002-01-30,5.02,23.22,
2002-01-31,5.07,21.09,
2002-02-01,5.02,21.12,
2002-02-04,4.94,24.87,
2002-02-05,4.92,25.45,
2002-02-06,4.92,26.09,
2002-02-07,4.93,25.11,
2002-02-08,4.9,23.26,
2002-02-11,4.91,21.78,
2002-02-12,4.97,21.62,
2002-02-13,5.01,20.85,
2002-02-14,4.95,21.77,
2002-02-15,4.86,22.37,
2002-02-18,,,
2002-02-19,4.88,24.43,
2002-02-20,4.88,22.66,
2002-02-21,4.88,23.8,
2002-02-22,4.84,22.86,
2002-02-25,4.86,21.84,
2002-02-26,4.93,21.68,
2002-02-27,4.84,21.49,
2002-02-28,4.88,21.59,
2002-03-01,4.98,19.96,
2002-03-04,5.02,20.5,
2002-03-05,5.02,20.3,
2002-03-06,5.06,19.94,
2002-03-07,5.22,20.04,
2002-03-08,5.33,19.27,
2002-03-11,5.33,19.84,
2002-03-12,5.32,19.59,
2002-03-13,5.28,19.46,
2002-03-14,5.4,19.2,
2002-03-15,5.35,18.42,
2002-03-18,5.32,18.93,
2002-03-19,5.33,18.16,
2002-03-20,5.4,18.46,
2002-03-21,5.39,18.15,
2002-03-22,5.4,17.77,
2002-03-25,5.41,18.48,
2002-03-26,5.35,18.13,
2002-03-27,5.35,17.7,
2002-03-28,5.42,17.4,
2002-03-29,,,
2002-04-01,5.44,18.73,
2002-04-02,5.36,19.16,
2002-04-03,5.3,20.2,
2002-04-04,5.28,19.78,
2002-04-05,5.22,19.13,
2002-04-08,5.25,19.61,
2002-04-09,5.22,19.47,
2002-04-10,5.24,18.19,
2002-04-11,5.22,20.3,
2002-04-12,5.18,19.42,
2002-04-15,5.15,19.82,
2002-04-16,5.2,18.11,
2002-04-17,5.24,18.43,
2002-04-18,5.23,19.29,
2002-04-19,5.21,18.3,
2002-04-22,5.19,19.77,
2002-04-23,5.18,20.28,
2002-04-24,5.11,20.77,
2002-04-25,5.1,20.95,
2002-04-26,5.08,22.14,
2002-04-29,5.13,24.05,
2002-04-30,5.11,21.91,
2002-05-01,5.08,20.06,
2002-05-02,5.13,20.07,
2002-05-03,5.08,20.19,
2002-05-06,5.1,22.56,
2002-05-07,5.09,21.94,
2002-05-08,5.24,20.39,
2002-05-09,5.2,21.56,
2002-05-10,5.15,22.41,
2002-05-13,5.23,20.72,
2002-05-14,5.32,19.35,
2002-05-15,5.28,19.19,
2002-05-16,5.2,18.5,
2002-05-17,5.27,17.7,
2002-05-20,5.21,19.24,
2002-05-21,5.18,20.05,
2002-05-22,5.13,19.58,
2002-05-23,5.16,18.23,
2002-05-24,5.16,18.9,
2002-05-27,,,
2002-05-28,5.16,20.31,
2002-05-29,5.11,20.39,
2002-05-30,5.06,20.61,
2002-05-31,5.08,19.98,
2002-06-03,5.06,23.37,
2002-06-04,5.04,23.89,
2002-06-05,5.08,22.61,
2002-06-06,5.04,24.16,
2002-06-07,5.1,23.51,
2002-06-10,5.07,23.72,
2002-06-11,5.02,24.45,
2002-06-12,4.98,24.15,
2002-06-13,4.94,25.02,
2002-06-14,4.83,25.96,
2002-06-17,4.89,24.64,
2002-06-18,4.88,24.24,
2002-06-19,4.76,26.06,
2002-06-20,4.85,27.48,
2002-06-21,4.79,27.23,
2002-06-24,4.87,26.98,
2002-06-25,4.88,27.84,
2002-06-26,4.75,28.42,
2002-06-27,4.84,26.29,
2002-06-28,4.86,25.4,
2002-07-01,4.85,27.11,
2002-07-02,4.77,28.96,
2002-07-03,4.78,29.42,
2002-07-04,,,
2002-07-05,4.9,27.11,
2002-07-08,4.84,28.25,
2002-07-09,4.78,30.22,
2002-07-10,4.66,34.1,
2002-07-11,4.66,33.85,
2002-07-12,4.63,32.94,
2002-07-15,4.66,35.03,
2002-07-16,4.75,36.65,
2002-07-17,4.71,35.45,
2002-07-18,4.66,35.12,
2002-07-19,4.61,38.17,
2002-07-22,4.51,41.87,
2002-07-23,4.47,44.92,
2002-07-24,4.49,39.86,
2002-07-25,4.43,39.27,
2002-07-26,4.43,35.51,
2002-07-29,4.62,31.33,
2002-07-30,4.65,31.92,
2002-07-31,4.51,32.03,
2002-08-01,4.47,36.95,
2002-08-02,4.33,41.29,
2002-08-05,4.29,45.08,
2002-08-06,4.42,42.03,
2002-08-07,4.35,38.73,
2002-08-08,4.4,36.33,
2002-08-09,4.27,35.33,
2002-08-12,4.22,37.05,
2002-08-13,4.12,35.82,
2002-08-14,4.06,32.36,
2002-08-15,4.17,29.43,
2002-08-16,4.32,28.81,
2002-08-19,4.29,28.61,
2002-08-20,4.17,29.59,
2002-08-21,4.2,28.23,
2002-08-22,4.3,27.75,
2002-08-23,4.25,29.32,
2002-08-26,4.22,29.89,
2002-08-27,4.29,30.11,
2002-08-28,4.22,33.32,
2002-08-29,4.16,33.67,
2002-08-30,4.14,32.64,
2002-09-02,,,
2002-09-03,3.98,39.97,
2002-09-04,3.96,37.44,
2002-09-05,3.91,38.86,
2002-09-06,4.05,36.33,
2002-09-09,4.05,36.45,
2002-09-10,4.0,35.08,
2002-09-11,4.07,34.81,
2002-09-12,3.98,37.5,
2002-09-13,3.92,35.82,
2002-09-16,3.9,36.74,
2002-09-17,3.87,38.01,
2002-09-18,3.86,37.52,
2002-09-19,3.79,40.65,
2002-09-20,3.79,38.98,
2002-09-23,3.7,39.68,
2002-09-24,3.69,40.52,
2002-09-25,3.77,37.33,
2002-09-26,3.79,34.6,
2002-09-27,3.69,36.97,
2002-09-30,3.63,39.69,
2002-10-01,3.72,34.12,
2002-10-02,3.71,36.83,
2002-10-03,3.7,37.31,
2002-10-04,3.69,39.46,
2002-10-07,3.64,42.64,
2002-10-08,3.65,41.02,
2002-10-09,3.61,42.13,
2002-10-10,3.68,37.55,
2002-10-11,3.83,35.7,
2002-10-14,,36.04,
2002-10-15,4.07,34.02,
2002-10-16,4.06,36.0,
2002-10-17,4.16,34.1,
2002-10-18,4.14,33.53,
2002-10-21,4.24,33.11,
2002-10-22,4.27,34.09,
2002-10-23,4.26,33.2,
2002-10-24,4.16,34.03,
2002-10-25,4.12,30.0,
2002-10-28,4.1,31.07,
2002-10-29,3.97,32.27,
2002-10-30,3.99,31.23,
2002-10-31,3.93,31.14,
2002-11-01,4.01,29.3,
2002-11-04,4.07,30.82,
2002-11-05,4.1,31.23,
2002-11-06,4.09,30.73,
2002-11-07,3.88,31.42,
2002-11-08,3.85,29.41,
2002-11-11,,31.3,
2002-11-12,3.84,30.58,
2002-11-13,3.84,31.24,
2002-11-14,4.03,28.67,
2002-11-15,4.05,26.65,
2002-11-18,4.02,27.66,
2002-11-19,3.99,27.41,
2002-11-20,4.08,25.32,
2002-11-21,4.14,23.81,
2002-11-22,4.18,23.16,
2002-11-25,4.19,24.07,
2002-11-26,4.08,25.97,
2002-11-27,4.26,27.25,
2002-11-28,,,
2002-11-29,4.22,27.5,
2002-12-02,4.22,27.46,
2002-12-03,4.24,28.33,
2002-12-04,4.18,28.92,
2002-12-05,4.13,30.1,
2002-12-06,4.09,28.88,
2002-12-09,4.06,30.78,
2002-12-10,4.06,28.76,
2002-12-11,4.01,27.76,
2002-12-12,4.01,27.29,
2002-12-13,4.07,28.18,
2002-12-16,4.15,26.24,
2002-12-17,4.13,26.66,
2002-12-18,4.06,28.29,
2002-12-19,3.96,30.21,
2002-12-20,3.97,26.71,
2002-12-23,3.98,26.2,
2002-12-24,3.95,26.49,
2002-12-25,,,
2002-12-26,3.93,27.37,
2002-12-27,3.83,29.55,
2002-12-30,3.82,29.62,
2002-12-31,3.83,28.62,
2003-01-01,,,
2003-01-02,4.07,25.39,
2003-01-03,4.05,24.68,
2003-01-06,4.09,24.91,
2003-01-07,4.04,25.13,
2003-01-08,4.0,25.53,
2003-01-09,4.19,24.25,
2003-01-10,4.16,24.32,
2003-01-13,4.15,24.9,
2003-01-14,4.1,24.57,
2003-01-15,4.1,25.51,
2003-01-16,4.1,25.01,
2003-01-17,4.05,25.7,
2003-01-20,,,
2003-01-21,4.01,27.59,
2003-01-22,3.95,29.01,
2003-01-23,3.98,27.53,
2003-01-24,3.94,31.51,
2003-01-27,3.98,34.69,
2003-01-28,4.0,31.93,
2003-01-29,4.06,31.26,
2003-01-30,4.0,31.32,
2003-01-31,4.0,31.17,
2003-02-03,4.01,31.02,
2003-02-04,3.96,32.76,
2003-02-05,4.02,33.04,
2003-02-06,3.97,33.35,
2003-02-07,3.96,34.01,
2003-02-10,3.99,33.99,
2003-02-11,3.98,33.68,
2003-02-12,3.93,34.33,
2003-02-13,3.89,33.7,
2003-02-14,3.95,32.62,
2003-02-17,,,
2003-02-18,3.94,31.11,
2003-02-19,3.88,31.31,
2003-02-20,3.85,31.16,
2003-02-21,3.9,30.25,
2003-02-24,3.86,31.98,
2003-02-25,3.81,31.74,
2003-02-26,3.78,31.94,
2003-02-27,3.76,30.53,
2003-02-28,3.71,29.63,
2003-03-03,3.68,30.43,
2003-03-04,3.65,31.83,
2003-03-05,3.63,30.38,
2003-03-06,3.67,31.37,
2003-03-07,3.63,31.08,
2003-03-10,3.59,33.31,
2003-03-11,3.6,33.61,
2003-03-12,3.6,33.51,
2003-03-13,3.74,31.76,
2003-03-14,3.72,30.98,
2003-03-17,3.82,31.75,
2003-03-18,3.91,30.43,
2003-03-19,3.98,31.54,
2003-03-20,4.01,30.44,
2003-03-21,4.11,28.67,
2003-03-24,3.98,30.39,
2003-03-25,3.97,28.75,
2003-03-26,3.96,28.23,
2003-03-27,3.95,27.96,
2003-03-28,3.92,27.75,
2003-03-31,3.83,29.15,
2003-04-01,3.84,28.36,
2003-04-02,3.94,28.02,
2003-04-03,3.93,28.21,
2003-04-04,3.96,29.13,
2003-04-07,4.03,28.45,
2003-04-08,3.95,27.13,
2003-04-09,3.93,27.11,
2003-04-10,3.95,25.6,
2003-04-11,4.0,24.44,
2003-04-14,4.04,23.41,
2003-04-15,3.98,22.56,
2003-04-16,3.96,22.52,
2003-04-17,3.98,21.5,
2003-04-18,,,
2003-04-21,4.0,21.95,
2003-04-22,4.01,20.7,
2003-04-23,4.02,20.8,
2003-04-24,3.93,20.33,
2003-04-25,3.91,20.8,
2003-04-28,3.92,20.84,
2003-04-29,3.96,20.76,
2003-04-30,3.89,21.21,
2003-05-01,3.88,21.59,
2003-05-02,3.94,20.63,
2003-05-05,3.92,21.13,
2003-05-06,3.84,20.8,
2003-05-07,3.72,21.0,
2003-05-08,3.7,21.24,
2003-05-09,3.69,19.69,
2003-05-12,3.64,19.52,
2003-05-13,3.63,19.91,
2003-05-14,3.53,20.0,
2003-05-15,3.53,19.24,
2003-05-16,3.46,18.4,
2003-05-19,3.46,20.51,
2003-05-20,3.38,21.29,
2003-05-21,3.39,21.21,
2003-05-22,3.34,19.78,
2003-05-23,3.34,19.17,
2003-05-26,,,
2003-05-27,3.41,19.99,
2003-05-28,3.44,20.03,
2003-05-29,3.34,20.43,
2003-05-30,3.37,19.47,
2003-06-02,3.43,20.85,
2003-06-03,3.34,20.84,
2003-06-04,3.3,20.62,
2003-06-05,3.34,20.83,
2003-06-06,3.37,21.25,
2003-06-09,3.29,22.15,
2003-06-10,3.2,20.64,
2003-06-11,3.21,20.21,
2003-06-12,3.18,20.41,
2003-06-13,3.13,20.66,
2003-06-16,3.18,20.22,
2003-06-17,3.27,20.01,
2003-06-18,3.37,19.76,
2003-06-19,3.35,19.8,
2003-06-20,3.4,19.14,
2003-06-23,3.32,20.58,
2003-06-24,3.29,20.75,
2003-06-25,3.38,20.81,
2003-06-26,3.55,19.4,
2003-06-27,3.58,19.16,
2003-06-30,3.54,19.52,
2003-07-01,3.56,19.46,
2003-07-02,3.56,19.03,
2003-07-03,3.67,19.39,
2003-07-04,,,
2003-07-07,3.74,20.06,
2003-07-08,3.75,19.48,
2003-07-09,3.73,18.93,
2003-07-10,3.7,19.19,
2003-07-11,3.66,18.47,
2003-07-14,3.74,19.59,
2003-07-15,3.94,19.55,
2003-07-16,3.97,19.76,
2003-07-17,3.98,20.22,
2003-07-18,4.0,19.11,
2003-07-21,4.19,19.78,
2003-07-22,4.17,19.17,
2003-07-23,4.12,18.64,
2003-07-24,4.2,18.6,
2003-07-25,4.22,17.75,
2003-07-28,4.31,18.36,
2003-07-29,4.42,18.67,
2003-07-30,4.34,18.85,
2003-07-31,4.49,19.49,
2003-08-01,4.44,20.75,
2003-08-04,4.35,21.27,
2003-08-05,4.47,22.68,
2003-08-06,4.32,21.5,
2003-08-07,4.3,20.26,
2003-08-08,4.27,19.59,
2003-08-11,4.38,19.75,
2003-08-12,4.37,17.94,
2003-08-13,4.58,18.77,
2003-08-14,4.55,18.47,
2003-08-15,4.55,18.27,
2003-08-18,4.49,18.18,
2003-08-19,4.38,17.86,
2003-08-20,4.45,17.82,
2003-08-21,4.53,17.84,
2003-08-22,4.48,18.55,
2003-08-25,4.53,19.53,
2003-08-26,4.5,19.49,
2003-08-27,4.54,19.13,
2003-08-28,4.42,18.48,
2003-08-29,4.45,18.63,
2003-09-01,,,
2003-09-02,4.61,19.02,
2003-09-03,4.6,19.44,
2003-09-04,4.52,18.71,
2003-09-05,4.35,18.17,
2003-09-08,4.41,18.26,
2003-09-09,4.37,18.85,
2003-09-10,4.28,20.01,
2003-09-11,4.35,19.25,
2003-09-12,4.27,18.68,
2003-09-15,4.28,19.28,
2003-09-16,4.29,18.03,
2003-09-17,4.2,18.15,
2003-09-18,4.19,17.57,
2003-09-19,4.17,17.54,
2003-09-22,4.26,19.65,
2003-09-23,4.24,19.47,
2003-09-24,4.16,21.22,
2003-09-25,4.12,22.26,
2003-09-26,4.04,22.23,
2003-09-29,4.09,21.67,
2003-09-30,3.96,22.72,
2003-10-01,3.96,21.07,
2003-10-02,4.03,20.8,
2003-10-03,4.21,19.5,
2003-10-06,4.17,19.51,
2003-10-07,4.27,19.41,
2003-10-08,4.27,19.18,
2003-10-09,4.32,18.82,
2003-10-10,4.29,18.45,
2003-10-13,,17.55,
2003-10-14,4.37,17.37,
2003-10-15,4.43,17.69,
2003-10-16,4.47,17.19,
2003-10-17,4.41,17.62,
2003-10-20,4.41,17.04,
2003-10-21,4.38,16.55,
2003-10-22,4.29,17.67,
2003-10-23,4.34,17.68,
2003-10-24,4.24,17.71,
2003-10-27,4.3,18.05,
2003-10-28,4.23,16.82,
2003-10-29,4.31,16.43,
2003-10-30,4.36,16.33,
2003-10-31,4.33,16.1,
2003-11-03,4.4,16.55,
2003-11-04,4.33,16.55,
2003-11-05,4.38,16.86,
2003-11-06,4.45,16.74,
2003-11-07,4.48,16.93,
2003-11-10,4.49,17.62,
2003-11-11,,17.54,
2003-11-12,4.44,16.75,
2003-11-13,4.3,16.47,
2003-11-14,4.22,16.94,
2003-11-17,4.18,18.6,
2003-11-18,4.17,19.11,
2003-11-19,4.24,18.8,
2003-11-20,4.16,19.48,
2003-11-21,4.15,18.98,
2003-11-24,4.23,17.44,
2003-11-25,4.19,16.71,
2003-11-26,4.25,16.23,
2003-11-27,,,
2003-11-28,4.34,16.32,
2003-12-01,4.4,16.77,
2003-12-02,4.38,16.27,
2003-12-03,4.41,16.63,
2003-12-04,4.38,16.3,
2003-12-05,4.23,17.09,
2003-12-08,4.29,16.54,
2003-12-09,4.32,17.63,
2003-12-10,4.3,17.87,
2003-12-11,4.27,16.73,
2003-12-12,4.26,16.41,
2003-12-15,4.28,17.23,
2003-12-16,4.24,15.93,
2003-12-17,4.19,15.58,
2003-12-18,4.16,16.16,
2003-12-19,4.15,16.42,
2003-12-22,4.18,16.94,
2003-12-23,4.28,16.49,
2003-12-24,4.2,16.66,
2003-12-25,,,
2003-12-26,4.17,17.45,
2003-12-29,4.24,17.09,
2003-12-30,4.29,17.68,
2003-12-31,4.27,18.31,
2004-01-01,,,
2004-01-02,4.38,18.22,
2004-01-05,4.41,17.49,
2004-01-06,4.29,16.73,
2004-01-07,4.27,15.5,
2004-01-08,4.27,15.61,
2004-01-09,4.11,16.75,
2004-01-12,4.11,16.82,
2004-01-13,4.05,18.04,
2004-01-14,4.01,16.75,
2004-01-15,3.99,15.56,
2004-01-16,4.04,15.0,
2004-01-19,,,
2004-01-20,4.08,15.21,
2004-01-21,4.05,14.34,
2004-01-22,3.99,14.71,
2004-01-23,4.09,14.84,
2004-01-26,4.16,14.55,
2004-01-27,4.11,15.35,
2004-01-28,4.22,16.78,
2004-01-29,4.22,17.14,
2004-01-30,4.16,16.63,
2004-02-02,4.18,17.11,
2004-02-03,4.13,17.34,
2004-02-04,4.15,17.87,
2004-02-05,4.2,17.71,
2004-02-06,4.12,16.0,
2004-02-09,4.09,16.39,
2004-02-10,4.13,15.94,
2004-02-11,4.05,15.39,
2004-02-12,4.1,15.31,
2004-02-13,4.05,15.58,
2004-02-16,,,
2004-02-17,4.05,15.4,
2004-02-18,4.05,15.59,
2004-02-19,4.05,15.8,
2004-02-20,4.1,16.04,
2004-02-23,4.05,16.29,
2004-02-24,4.04,15.9,
2004-02-25,4.02,14.93,
2004-02-26,4.05,14.83,
2004-02-27,3.99,14.55,
2004-03-01,4.0,14.44,
2004-03-02,4.05,14.86,
2004-03-03,4.07,14.55,
2004-03-04,4.04,14.4,
2004-03-05,3.85,14.48,
2004-03-08,3.78,15.79,
2004-03-09,3.73,16.6,
2004-03-10,3.74,18.67,
2004-03-11,3.74,20.67,
2004-03-12,3.78,18.3,
2004-03-15,3.78,21.13,
2004-03-16,3.7,20.34,
2004-03-17,3.71,18.11,
2004-03-18,3.76,18.53,
2004-03-19,3.8,19.15,
2004-03-22,3.74,21.58,
2004-03-23,3.73,20.67,
2004-03-24,3.73,19.81,
2004-03-25,3.75,17.88,
2004-03-26,3.85,17.33,
2004-03-29,3.91,16.5,
2004-03-30,3.91,16.28,
2004-03-31,3.86,16.74,
2004-04-01,3.91,16.65,
2004-04-02,4.15,15.64,
2004-04-05,4.24,14.97,
2004-04-06,4.19,15.32,
2004-04-07,4.19,15.76,
2004-04-08,4.21,16.26,
2004-04-09,,,
2004-04-12,4.25,15.28,
2004-04-13,4.35,17.26,
2004-04-14,4.4,15.62,
2004-04-15,4.42,15.74,
2004-04-16,4.37,14.94,
2004-04-19,4.39,15.42,
2004-04-20,4.43,16.67,
2004-04-21,4.45,15.6,
2004-04-22,4.4,14.61,
2004-04-23,4.48,14.01,
2004-04-26,4.46,14.77,
2004-04-27,4.43,15.07,
2004-04-28,4.5,16.29,
2004-04-29,4.55,16.6,
2004-04-30,4.53,17.19,
2004-05-03,4.53,16.62,
2004-05-04,4.56,16.55,
2004-05-05,4.61,15.77,
2004-05-06,4.63,17.05,
2004-05-07,4.79,18.13,
2004-05-10,4.81,19.77,
2004-05-11,4.79,18.57,
2004-05-12,4.83,18.14,
2004-05-13,4.85,18.86,
2004-05-14,4.79,18.47,
2004-05-17,4.7,19.96,
2004-05-18,4.74,19.33,
2004-05-19,4.79,18.93,
2004-05-20,4.72,18.67,
2004-05-21,4.76,18.49,
2004-05-24,4.75,18.08,
2004-05-25,4.73,15.96,
2004-05-26,4.67,15.97,
2004-05-27,4.6,15.28,
2004-05-28,4.66,15.5,
2004-05-31,,,
2004-06-01,4.71,16.3,
2004-06-02,4.74,16.08,
2004-06-03,4.71,17.03,
2004-06-04,4.78,16.78,
2004-06-07,4.78,15.39,
2004-06-08,4.78,15.01,
2004-06-09,4.82,15.39,
2004-06-10,4.81,15.04,
2004-06-11,,15.04,
2004-06-14,4.89,16.07,
2004-06-15,4.69,15.05,
2004-06-16,4.74,14.79,
2004-06-17,4.71,15.15,
2004-06-18,4.72,14.99,
2004-06-21,4.7,15.26,
2004-06-22,4.72,14.31,
2004-06-23,4.71,13.98,
2004-06-24,4.66,14.81,
2004-06-25,4.66,15.19,
2004-06-28,4.76,16.07,
2004-06-29,4.7,15.47,
2004-06-30,4.62,14.34,
2004-07-01,4.57,15.2,
2004-07-02,4.48,15.08,
2004-07-05,,,
2004-07-06,4.49,16.25,
2004-07-07,4.5,15.81,
2004-07-08,4.49,16.2,
2004-07-09,4.49,15.78,
2004-07-12,4.46,14.96,
2004-07-13,4.5,14.46,
2004-07-14,4.5,13.76,
2004-07-15,4.5,14.71,
2004-07-16,4.38,14.34,
2004-07-19,4.38,15.17,
2004-07-20,4.47,14.17,
2004-07-21,4.5,16.41,
2004-07-22,4.48,15.75,
2004-07-23,4.45,16.5,
2004-07-26,4.49,17.3,
2004-07-27,4.62,16.55,
2004-07-28,4.61,16.15,
2004-07-29,4.6,15.68,
2004-07-30,4.5,15.32,
2004-08-02,4.48,15.37,
2004-08-03,4.45,16.03,
2004-08-04,4.45,16.21,
2004-08-05,4.43,18.32,
2004-08-06,4.24,19.34,
2004-08-09,4.28,18.89,
2004-08-10,4.32,17.47,
2004-08-11,4.3,18.04,
2004-08-12,4.27,19.08,
2004-08-13,4.22,17.98,
2004-08-16,4.26,17.57,
2004-08-17,4.21,17.02,
2004-08-18,4.23,16.23,
2004-08-19,4.22,16.96,
2004-08-20,4.24,16.0,
2004-08-23,4.28,15.88,
2004-08-24,4.28,15.33,
2004-08-25,4.26,14.98,
2004-08-26,4.22,14.91,
2004-08-27,4.23,14.71,
2004-08-30,4.19,15.44,
2004-08-31,4.13,15.29,
2004-09-01,4.13,14.91,
2004-09-02,4.2,14.28,
2004-09-03,4.3,13.91,
2004-09-06,,,
2004-09-07,4.26,14.07,
2004-09-08,4.18,14.06,
2004-09-09,4.22,14.01,
2004-09-10,4.19,13.76,
2004-09-13,4.16,13.17,
2004-09-14,4.15,13.56,
2004-09-15,4.18,14.64,
2004-09-16,4.08,14.39,
2004-09-17,4.14,14.03,
2004-09-20,4.07,14.43,
2004-09-21,4.05,13.66,
2004-09-22,4.0,14.74,
2004-09-23,4.02,14.8,
2004-09-24,4.04,14.28,
2004-09-27,4.01,14.62,
2004-09-28,4.02,13.83,
2004-09-29,4.1,13.21,
2004-09-30,4.14,13.34,
2004-10-01,4.21,12.75,
2004-10-04,4.19,13.41,
2004-10-05,4.18,13.95,
2004-10-06,4.23,13.28,
2004-10-07,4.26,14.5,
2004-10-08,4.15,15.05,
2004-10-11,,14.71,
2004-10-12,4.12,15.05,
2004-10-13,4.09,15.42,
2004-10-14,4.03,16.43,
2004-10-15,4.07,15.04,
2004-10-18,4.07,14.71,
2004-10-19,4.07,15.13,
2004-10-20,4.01,14.85,
2004-10-21,4.01,14.54,
2004-10-22,4.0,15.28,
2004-10-25,3.99,16.58,
2004-10-26,4.01,16.39,
2004-10-27,4.11,15.72,
2004-10-28,4.09,15.39,
2004-10-29,4.05,16.27,
2004-11-01,4.11,16.27,
2004-11-02,4.1,16.18,
2004-11-03,4.09,14.04,
2004-11-04,4.1,13.97,
2004-11-05,4.21,13.84,
2004-11-08,4.22,13.8,
2004-11-09,4.22,13.61,
2004-11-10,4.25,13.08,
2004-11-11,,13.04,
2004-11-12,4.2,13.33,
2004-11-15,4.2,13.38,
2004-11-16,4.21,13.21,
2004-11-17,4.14,13.21,
2004-11-18,4.12,12.98,
2004-11-19,4.2,13.5,
2004-11-22,4.18,12.97,
2004-11-23,4.19,12.67,
2004-11-24,4.2,12.72,
2004-11-25,,,
2004-11-26,4.24,12.79,
2004-11-29,4.34,13.3,
2004-11-30,4.36,13.24,
2004-12-01,4.38,12.97,
2004-12-02,4.4,12.98,
2004-12-03,4.27,12.96,
2004-12-06,4.24,13.19,
2004-12-07,4.23,13.67,
2004-12-08,4.14,13.19,
2004-12-09,4.19,12.88,
2004-12-10,4.16,12.76,
2004-12-13,4.16,12.54,
2004-12-14,4.14,12.73,
2004-12-15,4.09,12.35,
2004-12-16,4.19,12.27,
2004-12-17,4.21,11.95,
2004-12-20,4.21,11.83,
2004-12-21,4.18,11.55,
2004-12-22,4.21,11.45,
2004-12-23,4.23,11.23,
2004-12-24,,,
2004-12-27,4.3,12.14,
2004-12-28,4.31,12.0,
2004-12-29,4.33,11.62,
2004-12-30,4.27,12.56,
2004-12-31,4.24,13.29,
2005-01-03,4.23,14.08,
2005-01-04,4.29,13.98,
2005-01-05,4.29,14.09,
2005-01-06,4.29,13.58,
2005-01-07,4.29,13.49,
2005-01-10,4.29,13.23,
2005-01-11,4.26,13.19,
2005-01-12,4.25,12.56,
2005-01-13,4.2,12.84,
2005-01-14,4.23,12.43,
2005-01-17,,,
2005-01-18,4.21,12.47,
2005-01-19,4.2,13.18,
2005-01-20,4.17,13.83,
2005-01-21,4.16,14.36,
2005-01-24,4.14,14.65,
2005-01-25,4.2,14.06,
2005-01-26,4.21,13.44,
2005-01-27,4.22,13.24,
2005-01-28,4.16,13.24,
2005-01-31,4.14,12.82,
2005-02-01,4.15,12.03,
2005-02-02,4.15,11.66,
2005-02-03,4.18,11.79,
2005-02-04,4.09,11.21,
2005-02-07,4.07,11.73,
2005-02-08,4.05,11.6,
2005-02-09,4.0,12.0,
2005-02-10,4.07,11.51,
2005-02-11,4.1,11.43,
2005-02-14,4.08,11.52,
2005-02-15,4.1,11.27,
2005-02-16,4.16,11.1,
2005-02-17,4.19,11.77,
2005-02-18,4.27,11.18,
2005-02-21,,,
2005-02-22,4.29,13.14,
2005-02-23,4.27,12.39,
2005-02-24,4.29,11.57,
2005-02-25,4.27,11.49,
2005-02-28,4.36,12.08,
2005-03-01,4.38,12.04,
2005-03-02,4.38,12.5,
2005-03-03,4.39,12.93,
2005-03-04,4.32,11.94,
2005-03-07,4.31,12.26,
2005-03-08,4.38,12.4,
2005-03-09,4.52,12.7,
2005-03-10,4.48,12.49,
2005-03-11,4.56,12.8,
2005-03-14,4.52,12.39,
2005-03-15,4.54,13.15,
2005-03-16,4.52,13.49,
2005-03-17,4.47,13.29,
2005-03-18,4.51,13.14,
2005-03-21,4.53,13.61,
2005-03-22,4.63,14.27,
2005-03-23,4.61,14.06,
2005-03-24,4.6,13.42,
2005-03-25,,,
2005-03-28,4.64,13.75,
2005-03-29,4.6,14.49,
2005-03-30,4.56,13.64,
2005-03-31,4.5,14.02,
2005-04-01,4.46,14.09,
2005-04-04,4.47,14.11,
2005-04-05,4.48,13.68,
2005-04-06,4.44,13.15,
2005-04-07,4.49,12.33,
2005-04-08,4.5,12.62,
2005-04-11,4.45,11.98,
2005-04-12,4.38,11.3,
2005-04-13,4.38,13.31,
2005-04-14,4.37,14.53,
2005-04-15,4.27,17.74,
2005-04-18,4.27,16.56,
2005-04-19,4.21,14.96,
2005-04-20,4.22,16.92,
2005-04-21,4.32,14.41,
2005-04-22,4.26,15.38,
2005-04-25,4.26,14.62,
2005-04-26,4.28,14.91,
2005-04-27,4.25,14.87,
2005-04-28,4.19,16.86,
2005-04-29,4.21,15.31,
2005-05-02,4.21,15.12,
2005-05-03,4.21,14.53,
2005-05-04,4.2,13.85,
2005-05-05,4.19,13.98,
2005-05-06,4.28,14.05,
2005-05-09,4.29,13.75,
2005-05-10,4.23,14.91,
2005-05-11,4.21,14.45,
2005-05-12,4.18,16.12,
2005-05-13,4.12,16.32,
2005-05-16,4.13,15.68,
2005-05-17,4.12,14.57,
2005-05-18,4.07,13.63,
2005-05-19,4.11,13.32,
2005-05-20,4.13,13.14,
2005-05-23,4.07,12.95,
2005-05-24,4.04,12.69,
2005-05-25,4.08,12.58,
2005-05-26,4.08,12.24,
2005-05-27,4.08,12.15,
2005-05-30,,,
2005-05-31,4.0,13.29,
2005-06-01,3.91,12.36,
2005-06-02,3.89,11.84,
2005-06-03,3.98,12.15,
2005-06-06,3.96,12.28,
2005-06-07,3.92,12.39,
2005-06-08,3.95,12.7,
2005-06-09,3.98,12.08,
2005-06-10,4.05,11.96,
2005-06-13,4.09,11.65,
2005-06-14,4.13,11.79,
2005-06-15,4.12,11.46,
2005-06-16,4.09,11.15,
2005-06-17,4.09,11.48,
2005-06-20,4.11,11.47,
2005-06-21,4.06,11.08,
2005-06-22,3.95,11.05,
2005-06-23,3.96,12.13,
2005-06-24,3.92,12.18,
2005-06-27,3.9,12.52,
2005-06-28,3.97,11.58,
2005-06-29,3.99,11.77,
2005-06-30,3.94,12.04,
2005-07-01,4.06,11.4,
2005-07-04,,,
2005-07-05,4.11,11.68,
2005-07-06,4.08,12.27,
2005-07-07,4.05,12.49,
2005-07-08,4.11,11.45,
2005-07-11,4.11,11.28,
2005-07-12,4.15,10.95,
2005-07-13,4.17,10.84,
2005-07-14,4.19,10.81,
2005-07-15,4.18,10.33,
2005-07-18,4.22,10.77,
2005-07-19,4.2,10.45,
2005-07-20,4.17,10.23,
2005-07-21,4.28,10.97,
2005-07-22,4.23,10.52,
2005-07-25,4.25,11.1,
2005-07-26,4.24,10.99,
2005-07-27,4.27,10.36,
2005-07-28,4.2,10.52,
2005-07-29,4.28,11.57,
2005-08-01,4.32,12.08,
2005-08-02,4.34,11.75,
2005-08-03,4.3,11.83,
2005-08-04,4.32,12.52,
2005-08-05,4.4,12.48,
2005-08-08,4.42,13.21,
2005-08-09,4.41,12.4,
2005-08-10,4.4,12.38,
2005-08-11,4.32,12.42,
2005-08-12,4.24,12.74,
2005-08-15,4.27,12.26,
2005-08-16,4.23,13.52,
2005-08-17,4.28,13.3,
2005-08-18,4.21,13.42,
2005-08-19,4.21,13.42,
2005-08-22,4.22,13.42,
2005-08-23,4.2,13.34,
2005-08-24,4.19,14.17,
2005-08-25,4.18,13.73,
2005-08-26,4.2,13.72,
2005-08-29,4.2,13.52,
2005-08-30,4.16,13.65,
2005-08-31,4.02,12.6,
2005-09-01,4.02,13.15,
2005-09-02,4.03,13.57,
2005-09-05,,,
2005-09-06,4.09,12.93,
2005-09-07,4.15,12.52,
2005-09-08,4.15,12.93,
2005-09-09,4.14,11.98,
2005-09-12,4.18,11.65,
2005-09-13,4.14,12.39,
2005-09-14,4.17,12.91,
2005-09-15,4.22,12.49,
2005-09-16,4.26,11.22,
2005-09-19,4.25,12.14,
2005-09-20,4.26,12.64,
2005-09-21,4.19,13.79,
2005-09-22,4.19,13.33,
2005-09-23,4.25,12.96,
2005-09-26,4.3,13.04,
2005-09-27,4.3,12.76,
2005-09-28,4.26,12.63,
2005-09-29,4.29,12.24,
2005-09-30,4.34,11.92,
2005-10-03,4.39,12.46,
2005-10-04,4.38,13.2,
2005-10-05,4.36,14.55,
2005-10-06,4.37,14.96,
2005-10-07,4.35,14.59,
2005-10-10,,15.55,
2005-10-11,4.39,15.63,
2005-10-12,4.45,16.22,
2005-10-13,4.48,16.47,
2005-10-14,4.48,14.87,
2005-10-17,4.5,14.67,
2005-10-18,4.49,15.33,
2005-10-19,4.47,13.5,
2005-10-20,4.46,16.11,
2005-10-21,4.39,16.13,
2005-10-24,4.45,14.74,
2005-10-25,4.54,14.53,
2005-10-26,4.6,14.59,
2005-10-27,4.57,16.02,
2005-10-28,4.58,14.25,
2005-10-31,4.57,15.32,
2005-11-01,4.58,14.85,
2005-11-02,4.61,13.48,
2005-11-03,4.65,13.0,
2005-11-04,4.66,13.17,
2005-11-07,4.65,13.1,
2005-11-08,4.57,13.08,
2005-11-09,4.64,12.8,
2005-11-10,4.55,11.9,
2005-11-11,,11.63,
2005-11-14,4.61,12.18,
2005-11-15,4.56,12.23,
2005-11-16,4.49,12.26,
2005-11-17,4.46,11.25,
2005-11-18,4.5,11.12,
2005-11-21,4.46,10.82,
2005-11-22,4.43,10.6,
2005-11-23,4.47,10.96,
2005-11-24,,,
2005-11-25,4.43,10.88,
2005-11-28,4.41,11.84,
2005-11-29,4.48,11.89,
2005-11-30,4.49,12.06,
2005-12-01,4.52,11.24,
2005-12-02,4.52,11.01,
2005-12-05,4.57,11.6,
2005-12-06,4.49,11.52,
2005-12-07,4.52,12.18,
2005-12-08,4.47,12.21,
2005-12-09,4.54,11.69,
2005-12-12,4.56,11.47,
2005-12-13,4.54,11.11,
2005-12-14,4.45,10.48,
2005-12-15,4.47,10.73,
2005-12-16,4.45,10.68,
2005-12-19,4.45,11.38,
2005-12-20,4.47,11.19,
2005-12-21,4.49,10.81,
2005-12-22,4.44,10.29,
2005-12-23,4.38,10.27,
2005-12-26,,,
2005-12-27,4.34,11.57,
2005-12-28,4.38,11.35,
2005-12-29,4.37,11.61,
2005-12-30,4.39,12.07,
2006-01-02,,,101.4155
2006-01-03,4.37,11.14,100.7558
2006-01-04,4.36,11.37,100.2288
2006-01-05,4.36,11.31,100.2992
2006-01-06,4.38,11.0,100.0241
2006-01-09,4.38,11.13,100.1794
2006-01-10,4.43,10.86,100.1436
2006-01-11,4.46,10.94,99.871
2006-01-12,4.42,11.2,100.0643
2006-01-13,4.36,11.23,99.9675
2006-01-16,,,99.9715
2006-01-17,4.34,11.91,100.2447
2006-01-18,4.34,12.25,100.4085
2006-01-19,4.38,11.98,100.1862
2006-01-20,4.37,14.56,99.9017
2006-01-23,4.36,13.93,99.3783
2006-01-24,4.4,13.31,99.3434
2006-01-25,4.49,12.87,99.348
2006-01-26,4.53,12.42,99.4798
2006-01-27,4.52,11.97,99.6433
2006-01-30,4.54,12.39,99.7144
2006-01-31,4.53,12.95,99.4311
2006-02-01,4.57,12.36,99.6132
2006-02-02,4.57,13.23,99.7916
2006-02-03,4.54,12.96,100.118
2006-02-06,4.55,13.04,100.1372
2006-02-07,4.57,13.59,100.1759
2006-02-08,4.56,12.83,100.4879
2006-02-09,4.54,13.12,100.2117
2006-02-10,4.59,12.87,100.322
2006-02-13,4.58,13.35,100.3955
2006-02-14,4.62,12.25,100.3987
2006-02-15,4.61,12.31,100.4489
2006-02-16,4.59,11.48,100.5183
2006-02-17,4.54,12.01,100.3404
2006-02-20,,,100.3447
2006-02-21,4.57,12.41,100.2346
2006-02-22,4.53,11.88,100.3879
2006-02-23,4.56,11.87,100.1956
2006-02-24,4.58,11.46,100.2594
2006-02-27,4.59,11.59,100.0724
2006-02-28,4.55,12.34,99.7695
2006-03-01,4.59,11.54,99.8355
2006-03-02,4.64,11.72,99.5969
2006-03-03,4.68,11.96,99.7024
2006-03-06,4.74,12.74,99.9834
2006-03-07,4.74,12.66,100.564
2006-03-08,4.73,12.32,100.8565
2006-03-09,4.74,12.68,100.7718
2006-03-10,4.76,11.85,100.9566
2006-03-13,4.77,11.37,100.8563
2006-03-14,4.71,10.74,100.312
2006-03-15,4.73,11.35,100.2121
2006-03-16,4.65,11.98,99.9049
2006-03-17,4.68,12.12,99.8614
2006-03-20,4.66,11.79,100.0491
2006-03-21,4.71,11.62,100.4716
2006-03-22,4.7,11.21,100.496
2006-03-23,4.73,11.17,100.8256
2006-03-24,4.67,11.19,100.7773
2006-03-27,4.7,11.46,100.8359
2006-03-28,4.79,11.58,100.7995
2006-03-29,4.81,10.95,101.0474
2006-03-30,4.86,11.57,100.5698
2006-03-31,4.86,11.39,100.56
2006-04-03,4.88,11.57,100.6204
2006-04-04,4.87,11.14,100.1319
2006-04-05,4.84,11.13,100.0792
2006-04-06,4.9,11.45,100.1578
2006-04-07,4.97,12.26,100.4187
2006-04-10,4.97,12.19,100.4091
2006-04-11,4.93,13.0,100.2903
2006-04-12,4.98,12.76,100.3589
2006-04-13,5.05,12.38,100.4759
2006-04-14,,,100.4697
2006-04-17,5.01,12.58,99.8719
2006-04-18,4.99,11.4,99.6747
2006-04-19,5.04,11.32,99.3467
2006-04-20,5.04,11.64,99.4974
2006-04-21,5.01,11.59,99.4345
2006-04-24,4.99,11.75,99.117
2006-04-25,5.07,11.75,98.9687
2006-04-26,5.12,11.76,98.8907
2006-04-27,5.09,11.84,98.5149
2006-04-28,5.07,11.59,98.1412
2006-05-01,5.14,12.54,97.9085
2006-05-02,5.12,11.99,97.6571
2006-05-03,5.15,11.99,97.5572
2006-05-04,5.16,11.86,97.4878
2006-05-05,5.12,11.62,97.2585
2006-05-08,5.12,12.0,97.1945
2006-05-09,5.13,11.99,96.9578
2006-05-10,5.13,11.78,96.6391
2006-05-11,5.14,12.49,96.5383
2006-05-12,5.19,14.19,96.8788
2006-05-15,5.15,13.57,97.3588
2006-05-16,5.1,13.35,97.1959
2006-05-17,5.16,16.26,97.4725
2006-05-18,5.08,16.99,97.7033
2006-05-19,5.05,17.18,97.933
2006-05-22,5.04,17.72,97.9377
2006-05-23,5.07,18.26,97.7045
2006-05-24,5.03,17.36,98.3936
2006-05-25,5.07,15.5,97.8423
2006-05-26,5.06,14.26,97.8995
2006-05-29,,,97.8936
2006-05-30,5.09,18.66,97.588
2006-05-31,5.12,16.44,97.7705
2006-06-01,5.11,14.52,97.7726
2006-06-02,5.0,14.32,97.5544
2006-06-05,5.02,16.65,97.3681
2006-06-06,5.01,17.34,98.1449
2006-06-07,5.02,17.8,98.1641
2006-06-08,5.0,18.35,98.9313
2006-06-09,4.98,18.12,98.5471
2006-06-12,4.99,20.96,98.5494
2006-06-13,4.97,23.81,98.9201
2006-06-14,5.05,21.46,98.8338
2006-06-15,5.1,15.9,98.8846
2006-06-16,5.13,17.25,98.9127
2006-06-19,5.14,17.83,99.145
2006-06-20,5.15,16.69,99.0117
2006-06-21,5.16,15.52,98.5544
2006-06-22,5.2,15.88,99.0856
2006-06-23,5.23,15.89,99.4216
2006-06-26,5.25,15.62,99.3634
2006-06-27,5.21,16.4,99.219
2006-06-28,5.25,15.79,99.392
2006-06-29,5.22,13.03,99.2158
2006-06-30,5.15,13.08,98.2483
2006-07-03,5.15,13.05,98.0371
2006-07-04,,,98.0221
2006-07-05,5.23,14.15,98.308
2006-07-06,5.19,13.65,98.138
2006-07-07,5.14,13.97,97.7508
2006-07-10,5.13,14.02,97.9813
2006-07-11,5.1,13.14,98.2132
2006-07-12,5.1,14.49,98.5202
2006-07-13,5.08,17.79,98.5583
2006-07-14,5.07,18.05,98.6814
2006-07-17,5.07,18.64,99.0767
2006-07-18,5.13,17.74,99.1341
2006-07-19,5.06,15.55,98.9262
2006-07-20,5.03,16.21,98.6014
2006-07-21,5.05,17.4,98.5221
2006-07-24,5.05,14.98,98.7795
2006-07-25,5.07,14.85,98.9388
2006-07-26,5.04,14.62,98.742
2006-07-27,5.07,14.94,98.2283
2006-07-28,5.0,14.33,98.0539
2006-07-31,4.99,14.95,97.9996
2006-08-01,4.99,15.05,98.1715
2006-08-02,4.96,14.34,97.9432
2006-08-03,4.96,14.46,98.0694
2006-08-04,4.91,14.34,97.6005
2006-08-07,4.93,15.23,97.5088
2006-08-08,4.93,15.23,97.6524
2006-08-09,4.92,15.2,97.4402
2006-08-10,4.93,14.46,97.8887
2006-08-11,4.97,14.3,97.7863
2006-08-14,5.0,14.26,97.9677
2006-08-15,4.93,13.42,97.8043
2006-08-16,4.87,12.41,97.3894
2006-08-17,4.87,12.24,97.3486
2006-08-18,4.84,11.64,97.7577
2006-08-21,4.82,12.22,97.3856
2006-08-22,4.82,12.19,97.6079
2006-08-23,4.82,12.4,97.5731
2006-08-24,4.81,12.4,97.7939
2006-08-25,4.79,12.31,97.8827
2006-08-28,4.8,12.18,97.8467
2006-08-29,4.79,12.28,97.7748
2006-08-30,4.76,12.22,97.5792
2006-08-31,4.74,12.31,97.644
2006-09-01,4.73,11.96,97.5084
2006-09-04,,,97.4981
2006-09-05,4.78,12.63,97.4392
2006-09-06,4.8,13.74,97.6087
2006-09-07,4.8,13.88,97.8108
2006-09-08,4.78,13.16,98.2119
2006-09-11,4.8,12.99,98.3845
2006-09-12,4.78,11.92,98.2781
2006-09-13,4.77,11.18,98.1775
2006-09-14,4.79,11.55,98.0088
2006-09-15,4.8,11.76,98.2104
2006-09-18,4.81,11.78,98.1332
2006-09-19,4.74,11.98,98.1703
2006-09-20,4.73,11.39,98.1556
2006-09-21,4.65,12.25,97.9458
2006-09-22,4.6,12.59,97.8667
2006-09-25,4.56,12.12,97.9909
2006-09-26,4.59,11.53,98.0555
2006-09-27,4.6,11.58,98.0107
2006-09-28,4.63,11.72,98.0381
2006-09-29,4.64,11.98,98.1054
2006-10-02,4.62,12.57,97.9247
2006-10-03,4.62,12.24,98.1267
2006-10-04,4.57,11.86,98.3682
2006-10-05,4.61,11.98,98.2776
2006-10-06,4.7,11.56,98.5619
2006-10-09,,11.68,98.5702
2006-10-10,4.75,11.52,98.9125
2006-10-11,4.78,11.62,98.9146
2006-10-12,4.79,11.09,98.831
2006-10-13,4.81,10.75,98.8002
2006-10-16,4.79,11.09,98.71
2006-10-17,4.78,11.73,98.5354
2006-10-18,4.77,11.34,98.6164
2006-10-19,4.79,10.9,98.2897
2006-10-20,4.79,10.63,98.1629
2006-10-23,4.83,11.08,98.4483
2006-10-24,4.83,10.78,98.349
2006-10-25,4.78,10.66,98.2057
2006-10-26,4.73,10.56,97.8907
2006-10-27,4.68,10.8,97.4914
2006-10-30,4.68,11.2,97.5672
2006-10-31,4.61,11.1,97.3901
2006-11-01,4.57,11.51,97.4949
2006-11-02,4.6,11.42,97.6556
2006-11-03,4.72,11.16,97.7209
2006-11-06,4.71,11.16,97.806
2006-11-07,4.66,11.09,97.4453
2006-11-08,4.64,10.75,97.58
2006-11-09,4.62,11.01,97.5041
2006-11-10,4.59,10.79,97.4638
2006-11-13,4.61,10.86,97.7904
2006-11-14,4.57,10.5,97.7475
2006-11-15,4.61,10.31,97.8359
2006-11-16,4.66,10.16,97.8098
2006-11-17,4.61,10.05,97.9855
2006-11-20,4.6,9.97,98.0254
2006-11-21,4.58,9.9,98.0215
2006-11-22,4.57,10.14,97.5315
2006-11-23,,,97.5314
2006-11-24,4.55,10.73,97.0657
2006-11-27,4.54,12.3,96.9986
2006-11-28,4.51,11.62,96.8428
2006-11-29,4.52,10.83,96.8577
2006-11-30,4.46,10.91,96.5779
2006-12-01,4.43,11.66,96.4585
2006-12-04,4.43,11.23,96.4319
2006-12-05,4.45,11.27,96.2082
2006-12-06,4.48,11.33,96.2839
2006-12-07,4.49,12.67,96.3207
2006-12-08,4.56,12.07,96.6123
2006-12-11,4.52,10.71,96.6646
2006-12-12,4.49,10.65,96.7119
2006-12-13,4.58,10.18,96.7296
2006-12-14,4.6,9.97,96.7946
2006-12-15,4.6,10.05,96.9857
2006-12-18,4.6,10.6,97.1559
2006-12-19,4.6,10.3,96.9313
2006-12-20,4.6,10.26,96.7762
2006-12-21,4.55,10.53,96.9148
2006-12-22,4.63,11.36,97.1113
2006-12-25,,,97.1221
2006-12-26,4.61,11.26,97.1786
2006-12-27,4.66,10.64,97.2076
2006-12-28,4.7,10.99,97.0656
2006-12-29,4.71,11.56,97.0312
2007-01-01,,,97.0323
2007-01-02,4.68,,
2007-01-03,4.67,12.04,97.1281
2007-01-04,4.62,11.51,97.5251
2007-01-05,4.65,12.14,97.7801
2007-01-08,4.66,12.0,97.788
2007-01-09,4.66,11.91,97.9642
2007-01-10,4.69,11.47,98.0943
2007-01-11,4.74,10.87,98.0845
2007-01-12,4.77,10.15,97.921
2007-01-15,,,97.9201
2007-01-16,4.75,10.74,97.9816
2007-01-17,4.79,10.59,97.7509
2007-01-18,4.75,10.85,97.8286
2007-01-19,4.78,10.4,97.6868
2007-01-22,4.76,10.77,97.827
2007-01-23,4.81,10.34,97.8117
2007-01-24,4.81,9.89,97.908
2007-01-25,4.87,11.22,97.8396
2007-01-26,4.88,11.13,98.1491
2007-01-29,4.9,11.45,98.2066
2007-01-30,4.88,10.96,98.1515
2007-01-31,4.83,10.42,97.964
2007-02-01,4.84,10.31,97.7101
2007-02-02,4.83,10.08,97.9743
2007-02-05,4.81,10.55,97.87
2007-02-06,4.77,10.65,97.7357
2007-02-07,4.74,10.32,97.7239
2007-02-08,4.73,10.44,97.8169
2007-02-09,4.79,11.1,97.7076
2007-02-12,4.8,11.61,97.9409
2007-02-13,4.82,10.34,97.7063
2007-02-14,4.74,10.23,97.2779
2007-02-15,4.7,10.22,97.1588
2007-02-16,4.69,10.02,97.164
2007-02-19,,,97.1545
2007-02-20,4.68,10.24,97.321
2007-02-21,4.69,10.2,97.27
2007-02-22,4.73,10.18,97.266
2007-02-23,4.68,10.58,97.1756
2007-02-26,4.63,11.15,97.2281
2007-02-27,4.5,18.31,97.0883
2007-02-28,4.56,15.42,97.2386
2007-03-01,4.56,15.82,97.3358
2007-03-02,4.52,18.61,97.3691
2007-03-05,4.51,19.63,97.6716
2007-03-06,4.53,15.96,97.5123
2007-03-07,4.5,15.24,97.4558
2007-03-08,4.51,14.29,97.5731
2007-03-09,4.59,14.09,97.4559
2007-03-12,4.56,13.99,97.3013
2007-03-13,4.5,18.13,97.2203
2007-03-14,4.53,17.27,97.2759
2007-03-15,4.54,16.43,97.2476
2007-03-16,4.55,16.79,97.0407
2007-03-19,4.58,14.59,97.1062
2007-03-20,4.56,13.27,96.7985
2007-03-21,4.53,12.19,96.6195
2007-03-22,4.6,12.93,96.3893
2007-03-23,4.62,12.95,96.5662
2007-03-26,4.6,13.16,96.5493
2007-03-27,4.62,13.48,96.4558
2007-03-28,4.62,14.98,96.4894
2007-03-29,4.64,15.14,96.5067
2007-03-30,4.65,14.64,96.3183
2007-04-02,4.65,14.53,96.3175
2007-04-03,4.67,13.46,96.3774
2007-04-04,4.66,13.24,96.3646
2007-04-05,4.68,13.23,96.1188
2007-04-06,4.76,,96.2526
2007-04-09,4.75,13.14,96.293
2007-04-10,4.73,12.68,96.1179
2007-04-11,4.74,13.49,96.0293
2007-04-12,4.74,12.71,95.7999
2007-04-13,4.76,12.2,95.711
2007-04-16,4.74,11.98,95.5538
2007-04-17,4.69,12.14,95.3832
2007-04-18,4.66,12.42,95.3109
2007-04-19,4.68,12.54,95.2712
2007-04-20,4.68,12.07,95.1692
2007-04-23,4.66,13.04,95.1833
2007-04-24,4.63,13.12,95.1608
2007-04-25,4.66,13.21,94.8497
2007-04-26,4.69,12.79,95.1653
2007-04-27,4.71,12.45,95.0103
2007-04-30,4.63,14.22,94.8365
2007-05-01,4.64,13.51,95.0037
2007-05-02,4.65,13.08,95.0352
2007-05-03,4.68,13.09,95.0167
2007-05-04,4.65,12.91,94.9118
2007-05-07,4.64,13.15,94.6914
2007-05-08,4.63,13.21,94.8648
2007-05-09,4.67,12.88,94.7933
2007-05-10,4.65,13.6,94.9506
2007-05-11,4.67,12.95,95.0035
2007-05-14,4.69,13.96,94.8267
2007-05-15,4.71,14.01,94.5574
2007-05-16,4.71,13.5,94.8143
2007-05-17,4.76,13.51,94.8339
2007-05-18,4.81,12.76,94.6573
2007-05-21,4.79,13.3,94.7026
2007-05-22,4.83,13.06,94.5753
2007-05-23,4.86,13.24,94.4557
2007-05-24,4.86,14.08,94.7025
2007-05-25,4.86,13.34,94.5022
2007-05-28,,,94.4959
2007-05-29,4.88,13.53,94.3533
2007-05-30,4.88,12.83,94.549
2007-05-31,4.9,13.05,94.3215
2007-06-01,4.95,12.78,94.132
2007-06-04,4.93,13.29,93.9969
2007-06-05,4.98,13.63,93.9986
2007-06-06,4.97,14.87,94.1217
2007-06-07,5.11,17.06,94.3537
2007-06-08,5.12,14.84,94.7599
2007-06-11,5.14,14.71,94.6576
2007-06-12,5.26,16.67,94.6991
2007-06-13,5.2,14.73,94.9011
2007-06-14,5.23,13.64,94.9029
2007-06-15,5.16,13.94,94.6228
2007-06-18,5.15,13.42,94.5475
2007-06-19,5.09,12.85,94.3227
2007-06-20,5.14,14.67,94.3618
2007-06-21,5.16,14.21,94.6073
2007-06-22,5.14,15.75,94.4371
2007-06-25,5.09,16.65,94.5105
2007-06-26,5.1,18.89,94.4678
2007-06-27,5.09,15.53,94.5633
2007-06-28,5.12,15.54,94.2395
2007-06-29,5.03,16.23,94.1393
2007-07-02,5.0,15.4,93.634
2007-07-03,5.05,14.92,93.697
2007-07-04,,,93.6965
2007-07-05,5.16,15.48,93.7653
2007-07-06,5.19,14.72,93.5759
2007-07-09,5.16,15.16,93.5519
2007-07-10,5.03,17.57,93.3339
2007-07-11,5.09,16.64,93.3089
2007-07-12,5.13,15.54,93.1198
2007-07-13,5.11,15.15,93.0133
2007-07-16,5.05,15.59,92.9094
2007-07-17,5.08,15.63,92.9095
2007-07-18,5.02,16.0,92.7959
2007-07-19,5.04,15.23,92.7332
2007-07-20,4.96,16.95,92.7179
2007-07-23,4.97,16.81,92.6585
2007-07-24,4.94,18.55,92.505
2007-07-25,4.92,18.1,92.9189
2007-07-26,4.79,20.74,93.1186
2007-07-27,4.8,24.17,93.5485
2007-07-30,4.82,20.87,93.5918
2007-07-31,4.78,23.52,93.4264
2007-08-01,4.76,23.67,93.4011
2007-08-02,4.77,21.22,93.3038
2007-08-03,4.71,25.16,93.1039
2007-08-06,4.72,22.94,93.1112
2007-08-07,4.77,21.56,93.3171
2007-08-08,4.84,21.45,93.0989
2007-08-09,4.79,26.48,93.441
2007-08-10,4.81,28.3,93.5214
2007-08-13,4.78,26.57,93.6032
2007-08-14,4.73,27.68,94.0416
2007-08-15,4.69,30.67,94.5014
2007-08-16,4.6,30.83,94.9055
2007-08-17,4.68,29.99,94.319
2007-08-20,4.64,26.33,94.2138
2007-08-21,4.6,25.25,94.2676
2007-08-22,4.63,22.89,94.0998
2007-08-23,4.62,22.62,93.9827
2007-08-24,4.63,20.72,93.6863
2007-08-27,4.6,22.72,93.6109
2007-08-28,4.53,26.3,93.8394
2007-08-29,4.57,23.81,93.7174
2007-08-30,4.51,25.06,93.7324
2007-08-31,4.54,23.38,93.6674
2007-09-03,,,93.6691
2007-09-04,4.56,22.78,93.6433
2007-09-05,4.48,24.58,93.5453
2007-09-06,4.51,23.99,93.4468
2007-09-07,4.38,26.23,93.2939
2007-09-10,4.34,27.38,93.2349
2007-09-11,4.37,25.27,92.9244
2007-09-12,4.41,24.96,92.6386
2007-09-13,4.49,24.76,92.6172
2007-09-14,4.47,24.92,92.7083
2007-09-17,4.48,26.48,92.823
2007-09-18,4.5,20.35,92.6584
2007-09-19,4.53,20.03,92.1534
2007-09-20,4.69,20.45,91.4212
2007-09-21,4.64,19.0,91.4854
2007-09-24,4.63,19.37,91.4017
2007-09-25,4.63,18.6,91.3392
2007-09-26,4.63,17.63,91.4335
2007-09-27,4.58,17.0,91.3497
2007-09-28,4.59,18.0,90.9446
2007-10-01,4.56,17.84,90.8801
2007-10-02,4.54,18.49,91.12
2007-10-03,4.55,18.8,91.1038
2007-10-04,4.54,18.44,91.1632
2007-10-05,4.65,16.91,90.7393
2007-10-08,,17.46,90.748
2007-10-09,4.67,16.12,90.8609
2007-10-10,4.65,16.67,90.7154
2007-10-11,4.66,18.88,90.4901
2007-10-12,4.7,17.73,90.5945
2007-10-15,4.69,19.25,90.5387
2007-10-16,4.66,20.02,90.7123
2007-10-17,4.57,18.54,90.515
2007-10-18,4.52,18.5,90.3084
2007-10-19,4.41,22.96,90.1014
2007-10-22,4.42,21.64,90.6777
2007-10-23,4.41,20.41,90.1899
2007-10-24,4.36,20.8,90.2262
2007-10-25,4.37,21.17,89.9925
2007-10-26,4.41,19.56,89.6508
2007-10-29,4.39,19.87,89.4118
2007-10-30,4.4,21.07,89.3252
2007-10-31,4.48,18.53,89.1389
2007-11-01,4.36,23.21,89.1628
2007-11-02,4.31,23.01,88.8924
2007-11-05,4.35,24.31,88.8851
2007-11-06,4.38,21.39,88.4938
2007-11-07,4.34,26.49,88.0631
2007-11-08,4.28,26.16,88.2631
2007-11-09,4.23,28.5,88.4615
2007-11-12,,31.09,88.465
2007-11-13,4.26,24.1,89.1016
2007-11-14,4.28,25.94,88.9671
2007-11-15,4.17,28.06,89.4413
2007-11-16,4.15,25.49,89.3182
2007-11-19,4.07,26.01,89.5262
2007-11-20,4.06,24.88,89.2622
2007-11-21,4.0,26.84,89.3352
2007-11-22,,,89.3269
2007-11-23,4.01,25.61,89.2384
2007-11-26,3.83,28.91,89.145
2007-11-27,3.95,26.28,89.4082
2007-11-28,4.03,24.11,89.4195
2007-11-29,3.94,23.97,89.3681
2007-11-30,3.97,22.87,89.6212
2007-12-03,3.89,23.61,89.6403
2007-12-04,3.89,23.79,89.6672
2007-12-05,3.92,22.53,89.8751
2007-12-06,4.02,20.96,89.9268
2007-12-07,4.12,20.85,89.74
2007-12-10,4.15,20.74,89.6811
2007-12-11,3.98,23.59,89.7176
2007-12-12,4.05,22.47,89.7349
2007-12-13,4.18,22.56,90.1374
2007-12-14,4.24,23.27,90.4345
2007-12-17,4.2,24.52,90.5363
2007-12-18,4.14,22.64,90.5602
2007-12-19,4.06,21.68,90.6147
2007-12-20,4.04,20.58,90.4695
2007-12-21,4.18,18.47,90.3672
2007-12-24,4.23,18.6,90.1788
2007-12-25,,,90.1786
2007-12-26,4.3,18.66,89.9226
2007-12-27,4.21,20.26,89.684
2007-12-28,4.11,20.74,89.4069
2007-12-31,4.04,22.5,89.6304
2008-01-01,,,89.6297
2008-01-02,3.91,23.17,89.3514
2008-01-03,3.91,22.49,89.231
2008-01-04,3.88,23.94,89.2467
2008-01-07,3.86,23.79,89.5718
2008-01-08,3.86,25.43,89.3398
2008-01-09,3.82,24.12,89.6807
2008-01-10,3.91,23.45,89.6226
2008-01-11,3.82,23.68,89.5215
2008-01-14,3.81,22.9,89.2749
2008-01-15,3.72,23.34,89.1555
2008-01-16,3.74,24.38,89.6701
2008-01-17,3.66,28.46,89.6484
2008-01-18,3.66,27.18,89.8993
2008-01-21,,,89.9265
2008-01-22,3.52,31.01,89.84
2008-01-23,3.51,29.02,89.9138
2008-01-24,3.68,27.78,89.203
2008-01-25,3.61,29.08,89.2184
2008-01-28,3.61,27.78,88.9555
2008-01-29,3.69,27.32,88.8342
2008-01-30,3.78,27.62,88.7442
2008-01-31,3.67,26.2,88.6547
2008-02-01,3.62,24.02,88.4824
2008-02-04,3.68,25.99,88.4788
2008-02-05,3.61,28.24,89.076
2008-02-06,3.61,28.97,88.9987
2008-02-07,3.74,27.66,89.4221
2008-02-08,3.64,28.01,89.2226
2008-02-11,3.62,27.6,89.2149
2008-02-12,3.66,26.33,88.9539
2008-02-13,3.7,24.88,89.1382
2008-02-14,3.85,25.54,88.9055
2008-02-15,3.76,25.02,88.9006
2008-02-18,,,88.9004
2008-02-19,3.89,25.59,88.9626
2008-02-20,3.93,24.4,89.2572
2008-02-21,3.77,25.12,88.716
2008-02-22,3.79,24.06,88.7082
2008-02-25,3.91,23.03,88.5373
2008-02-26,3.88,21.9,88.0998
2008-02-27,3.85,22.69,87.3353
2008-02-28,3.71,23.53,87.0363
2008-02-29,3.53,26.54,87.1654
2008-03-03,3.54,26.28,87.2381
2008-03-04,3.63,25.52,87.3039
2008-03-05,3.7,24.6,87.1347
2008-03-06,3.62,27.55,86.9105
2008-03-07,3.56,27.49,87.1258
2008-03-10,3.46,29.38,87.1452
2008-03-11,3.6,26.36,87.1763
2008-03-12,3.49,27.22,86.728
2008-03-13,3.56,27.29,86.3891
2008-03-14,3.44,31.16,86.4301
2008-03-17,3.34,32.24,86.3417
2008-03-18,3.48,25.79,86.1191
2008-03-19,3.38,29.84,86.5755
2008-03-20,3.34,26.62,87.3293
2008-03-21,,,87.2111
2008-03-24,3.56,25.73,87.3103
2008-03-25,3.51,25.72,86.8339
2008-03-26,3.51,26.08,86.5513
2008-03-27,3.56,25.88,86.4583
2008-03-28,3.47,25.71,86.6369
2008-03-31,3.45,25.61,86.6881
2008-04-01,3.57,22.68,87.0276
2008-04-02,3.6,23.43,86.8886
2008-04-03,3.61,23.21,86.6424
2008-04-04,3.5,22.45,86.5108
2008-04-07,3.57,22.42,86.603
2008-04-08,3.58,22.36,86.7369
2008-04-09,3.49,22.81,86.5764
2008-04-10,3.55,21.98,86.5131
2008-04-11,3.49,23.46,86.5029
2008-04-14,3.53,23.82,86.3492
2008-04-15,3.6,22.78,86.4705
2008-04-16,3.72,20.53,85.9037
2008-04-17,3.75,20.37,86.1077
2008-04-18,3.77,20.13,86.5277
2008-04-21,3.75,20.5,86.2979
2008-04-22,3.74,20.87,85.927
2008-04-23,3.77,20.26,86.3841
2008-04-24,3.87,20.06,86.7154
2008-04-25,3.91,19.59,86.8337
2008-04-28,3.86,19.64,86.7635
2008-04-29,3.85,20.24,86.873
2008-04-30,3.77,20.79,86.8907
2008-05-01,3.78,18.88,87.1347
2008-05-02,3.89,18.18,87.2311
2008-05-05,3.88,18.9,87.0636
2008-05-06,3.93,18.21,86.847
2008-05-07,3.87,19.73,87.3421
2008-05-08,3.79,19.4,87.4575
2008-05-09,3.77,19.41,87.2528
2008-05-12,3.78,17.79,87.0403
2008-05-13,3.9,17.98,87.1332
2008-05-14,3.92,17.66,87.3659
2008-05-15,3.83,16.3,87.1823
2008-05-16,3.85,16.47,86.7855
2008-05-19,3.83,17.01,86.8225
2008-05-20,3.78,17.58,86.5627
2008-05-21,3.81,18.59,86.1595
2008-05-22,3.92,18.05,86.3223
2008-05-23,3.85,19.55,86.1922
2008-05-26,,,86.19
2008-05-27,3.93,19.64,86.4459
2008-05-28,4.03,19.07,86.4951
2008-05-29,4.08,18.14,86.5616
2008-05-30,4.06,17.83,86.5504
2008-06-02,3.98,19.83,86.6321
2008-06-03,3.92,20.24,86.8359
2008-06-04,3.98,20.8,87.0999
2008-06-05,4.06,18.63,87.0968
2008-06-06,3.94,23.56,86.8028
2008-06-09,4.02,23.12,86.9096
2008-06-10,4.11,23.18,87.4705
2008-06-11,4.1,24.12,87.2059
2008-06-12,4.23,23.33,87.6187
2008-06-13,4.27,21.22,87.7622
2008-06-16,4.25,20.95,87.3911
2008-06-17,4.23,21.13,87.2103
2008-06-18,4.16,22.24,87.1872
2008-06-19,4.22,21.58,87.0815
2008-06-20,4.16,22.87,86.9036
2008-06-23,4.19,22.64,87.2163
2008-06-24,4.1,22.42,86.9666
2008-06-25,4.12,21.14,87.0535
2008-06-26,4.07,23.93,86.6793
2008-06-27,3.99,23.44,86.643
2008-06-30,3.99,23.95,86.7621
2008-07-01,4.01,23.65,86.8447
2008-07-02,3.99,25.92,86.4782
2008-07-03,3.99,24.79,86.8843
2008-07-04,,,86.8781
2008-07-07,3.95,25.78,86.9617
2008-07-08,3.91,23.15,86.9778
2008-07-09,3.85,25.23,86.5335
2008-07-10,3.83,25.59,86.5122
2008-07-11,3.96,27.49,86.221
2008-07-14,3.9,28.48,86.1079
2008-07-15,3.87,28.54,85.8731
2008-07-16,3.97,25.1,85.9285
2008-07-17,4.07,25.01,85.9387
2008-07-18,4.11,24.05,86.0735
2008-07-21,4.09,23.05,86.0151
2008-07-22,4.14,21.18,86.1909
2008-07-23,4.16,21.31,86.2664
2008-07-24,4.03,23.44,86.4017
2008-07-25,4.13,22.91,86.3916
2008-07-28,4.06,24.23,86.4666
2008-07-29,4.09,22.03,86.8175
2008-07-30,4.07,21.21,86.8167
2008-07-31,3.99,22.94,86.8567
2008-08-01,3.97,22.57,86.8257
2008-08-04,3.98,23.49,87.0611
2008-08-05,4.04,21.14,87.3281
2008-08-06,4.06,20.23,87.6004
2008-08-07,3.92,21.15,87.8732
2008-08-08,3.94,20.66,88.8939
2008-08-11,3.99,20.12,89.035
2008-08-12,3.91,21.17,89.1916
2008-08-13,3.94,21.55,89.3211
2008-08-14,3.89,20.34,89.3675
2008-08-15,3.84,19.58,89.7244
2008-08-18,3.82,20.98,89.5966
2008-08-19,3.83,21.28,89.6465
2008-08-20,3.79,20.42,89.6977
2008-08-21,3.84,19.82,88.9128
2008-08-22,3.87,18.81,89.2381
2008-08-25,3.79,20.97,89.3094
2008-08-26,3.79,20.49,89.7007
2008-08-27,3.77,19.76,89.6419
2008-08-28,3.79,19.43,89.8225
2008-08-29,3.83,20.65,90.0567
2008-09-01,,,90.08
2008-09-02,3.74,21.99,90.8438
2008-09-03,3.71,21.43,90.8286
2008-09-04,3.64,24.03,91.1621
2008-09-05,3.66,23.06,91.341
2008-09-08,3.66,22.64,91.663
2008-09-09,3.62,25.47,91.5779
2008-09-10,3.65,24.52,92.1283
2008-09-11,3.64,24.39,92.4901
2008-09-12,3.74,25.66,91.4706
2008-09-15,3.47,31.7,91.757
2008-09-16,3.48,30.3,92.0594
2008-09-17,3.41,36.22,92.0982
2008-09-18,3.54,33.1,91.7111
2008-09-19,3.78,32.07,91.0014
2008-09-22,3.83,33.85,90.1119
2008-09-23,3.85,35.72,90.1221
2008-09-24,3.8,35.19,90.4602
2008-09-25,3.88,32.82,90.4651
2008-09-26,3.85,34.74,90.6872
2008-09-29,3.61,46.72,91.3961
2008-09-30,3.85,39.39,92.3773
2008-10-01,3.77,39.81,92.511
2008-10-02,3.66,45.26,93.3792
2008-10-03,3.63,45.14,93.5414
2008-10-06,3.48,52.05,95.1629
2008-10-07,3.5,53.68,95.4889
2008-10-08,3.72,57.53,96.9684
2008-10-09,3.84,63.92,96.5143
2008-10-10,3.89,69.95,97.999
2008-10-13,,54.99,97.9686
2008-10-14,4.08,55.13,96.2544
2008-10-15,4.04,69.25,97.2045
2008-10-16,3.99,67.61,98.368
2008-10-17,3.98,70.33,97.7255
2008-10-20,3.91,52.97,98.1605
2008-10-21,3.76,53.11,99.4242
2008-10-22,3.65,69.65,101.2131
2008-10-23,3.63,67.8,101.1071
2008-10-24,3.76,79.13,101.8442
2008-10-27,3.79,80.06,102.3415
2008-10-28,3.89,66.96,102.4236
2008-10-29,3.93,69.96,100.0967
2008-10-30,4.0,62.9,99.4568
2008-10-31,4.01,59.89,99.7662
2008-11-03,3.96,53.68,99.4345
2008-11-04,3.81,47.73,97.9957
2008-11-05,3.73,54.56,98.0953
2008-11-06,3.75,63.68,99.5364
2008-11-07,3.83,56.1,99.3944
2008-11-10,3.82,59.98,99.5897
2008-11-11,,61.44,99.6041
2008-11-12,3.75,66.46,101.1947
2008-11-13,3.84,59.83,101.774
2008-11-14,3.72,66.31,100.9705
2008-11-17,3.68,69.15,101.1029
2008-11-18,3.53,67.64,101.3965
2008-11-19,3.38,74.26,101.8804
2008-11-20,3.1,80.86,103.2737
2008-11-21,3.2,72.67,103.6289
2008-11-24,3.35,64.7,101.502
2008-11-25,3.11,60.9,100.7997
2008-11-26,2.99,54.92,101.2566
2008-11-27,,,101.2564
2008-11-28,2.93,55.84,101.6468
2008-12-01,2.72,68.51,102.1744
2008-12-02,2.68,62.98,101.9891
2008-12-03,2.67,60.72,102.4251
2008-12-04,2.55,63.64,102.0715
2008-12-05,2.67,59.93,103.4902
2008-12-08,2.77,58.49,101.7227
2008-12-09,2.67,58.91,101.7346
2008-12-10,2.69,55.73,101.2913
2008-12-11,2.64,55.78,99.5101
2008-12-12,2.6,54.28,100.319
2008-12-15,2.53,56.76,99.1001
2008-12-16,2.37,52.37,98.4771
2008-12-17,2.2,49.84,96.8227
2008-12-18,2.08,47.34,96.8447
2008-12-19,2.13,44.93,98.1278
2008-12-22,2.16,44.56,98.1643
2008-12-23,2.18,45.02,98.2698
2008-12-24,2.2,44.21,98.2249
2008-12-25,,,98.2419
2008-12-26,2.16,43.38,98.2594
2008-12-29,2.13,43.9,97.9359
2008-12-30,2.11,41.63,98.3833
2008-12-31,2.25,40.0,98.6518
2009-01-01,,,
2009-01-02,2.46,39.19,98.6008
2009-01-05,2.49,39.08,98.9195
2009-01-06,2.51,38.56,98.7871
2009-01-07,2.52,43.39,98.089
2009-01-08,2.47,42.56,98.3223
2009-01-09,2.43,42.82,98.8752
2009-01-12,2.34,45.84,99.6022
2009-01-13,2.33,43.27,100.3597
2009-01-14,2.24,49.14,100.7546
2009-01-15,2.23,51.0,101.4653
2009-01-16,2.36,46.11,100.711
2009-01-19,,,
2009-01-20,2.4,56.65,
2009-01-21,2.56,46.42,102.1007
2009-01-22,2.62,47.29,101.8432
2009-01-23,2.65,47.27,102.1096
2009-01-26,2.7,45.69,100.9764
2009-01-27,2.59,42.25,101.1702
2009-01-28,2.71,39.66,100.5461
2009-01-29,2.87,42.63,101.3398
2009-01-30,2.87,44.84,102.1169
2009-02-02,2.76,45.52,102.5067
2009-02-03,2.89,43.06,101.8506
2009-02-04,2.95,43.85,101.9056
2009-02-05,2.95,43.73,101.9517
2009-02-06,3.05,43.37,101.7455
2009-02-09,3.07,43.64,100.9637
2009-02-10,2.9,46.67,101.7094
2009-02-11,2.78,44.53,102.24
2009-02-12,2.75,41.25,102.598
2009-02-13,2.89,42.93,102.2958
2009-02-16,,,
2009-02-17,2.64,48.66,103.7625
2009-02-18,2.74,48.46,104.0385
2009-02-19,2.85,47.08,103.7656
2009-02-20,2.78,49.3,104.0244
2009-02-23,2.78,52.62,103.7416
2009-02-24,2.8,45.49,103.9829
2009-02-25,2.95,44.67,104.3086
2009-02-26,2.98,44.66,104.1813
2009-02-27,3.02,46.35,104.9284
2009-03-02,2.91,52.65,105.9617
2009-03-03,2.93,50.93,106.0249
2009-03-04,3.01,47.56,105.4558
2009-03-05,2.83,50.17,105.8064
2009-03-06,2.83,49.33,105.3937
2009-03-09,2.89,49.68,106.0182
2009-03-10,2.99,44.37,105.1153
2009-03-11,2.95,43.61,104.8499
2009-03-12,2.89,41.18,104.89
2009-03-13,2.89,42.36,104.1106
2009-03-16,2.97,43.74,103.2005
2009-03-17,3.02,40.8,103.2305
2009-03-18,2.51,40.06,103.0005
2009-03-19,2.61,43.68,100.3951
2009-03-20,2.65,45.89,101.0581
2009-03-23,2.68,43.23,101.103
2009-03-24,2.68,42.93,101.0319
2009-03-25,2.81,42.25,100.9674
2009-03-26,2.76,40.36,101.097
2009-03-27,2.78,41.04,101.8388
2009-03-30,2.73,45.54,102.749
2009-03-31,2.71,44.14,102.3761
2009-04-01,2.68,42.28,102.1252
2009-04-02,2.77,42.04,100.8733
2009-04-03,2.91,39.7,100.6429
2009-04-06,2.95,40.93,100.9428
2009-04-07,2.93,40.39,100.9808
2009-04-08,2.86,38.85,100.8948
2009-04-09,2.96,36.53,100.7988
2009-04-10,,,100.7597
2009-04-13,2.88,37.81,100.1369
2009-04-14,2.8,37.67,99.9097
2009-04-15,2.82,36.17,100.1497
2009-04-16,2.86,35.79,100.0517
2009-04-17,2.98,33.94,100.5719
2009-04-20,2.88,39.18,101.448
2009-04-21,2.94,37.14,101.1794
2009-04-22,2.98,38.1,101.1142
2009-04-23,2.96,37.15,101.0065
2009-04-24,3.03,36.82,100.0244
2009-04-27,2.95,38.32,100.7258
2009-04-28,3.05,37.95,101.3145
2009-04-29,3.12,36.08,100.0009
2009-04-30,3.16,36.5,100.1042
2009-05-01,3.21,35.3,100.0057
2009-05-04,3.19,34.53,99.134
2009-05-05,3.2,33.36,98.8529
2009-05-06,3.18,32.45,98.9044
2009-05-07,3.29,33.44,98.552
2009-05-08,3.29,32.05,98.1269
2009-05-11,3.17,32.87,97.747
2009-05-12,3.17,31.8,97.8269
2009-05-13,3.11,33.65,98.0276
2009-05-14,3.1,31.37,98.1271
2009-05-15,3.14,33.12,98.1063
2009-05-18,3.22,30.24,97.9412
2009-05-19,3.25,28.8,97.2827
2009-05-20,3.19,29.03,96.5707
2009-05-21,3.35,31.35,96.6039
2009-05-22,3.45,32.63,95.8788
2009-05-25,,,
2009-05-26,3.5,30.62,95.988
2009-05-27,3.71,32.36,95.9622
2009-05-28,3.67,31.67,96.1313
2009-05-29,3.47,28.92,95.268
2009-06-01,3.71,30.04,94.8107
2009-06-02,3.65,29.63,94.6556
2009-06-03,3.56,31.02,95.0751
2009-06-04,3.72,30.18,95.2922
2009-06-05,3.84,29.62,96.0412
2009-06-08,3.91,29.77,96.6548
2009-06-09,3.86,28.27,95.9537
2009-06-10,3.98,28.46,96.1277
2009-06-11,3.88,28.11,95.4993
2009-06-12,3.81,28.15,95.836
2009-06-15,3.76,30.81,96.7519
2009-06-16,3.67,32.68,96.2616
2009-06-17,3.68,31.54,96.64
2009-06-18,3.86,30.03,96.1482
2009-06-19,3.79,27.99,96.0325
2009-06-22,3.72,31.17,96.8818
2009-06-23,3.65,30.58,96.5196
2009-06-24,3.72,29.05,96.2369
2009-06-25,3.55,26.36,96.7072
2009-06-26,3.52,25.93,96.1935
2009-06-29,3.51,25.35,96.242
2009-06-30,3.53,26.35,96.3761
2009-07-01,3.55,26.22,95.6581
2009-07-02,3.51,27.95,96.3216
2009-07-03,,,
2009-07-06,3.52,29.0,96.6174
2009-07-07,3.47,30.85,96.6321
2009-07-08,3.33,31.3,97.0204
2009-07-09,3.44,29.78,96.6219
2009-07-10,3.32,29.02,97.0819
2009-07-13,3.38,26.31,96.9995
2009-07-14,3.5,25.02,96.6599
2009-07-15,3.63,25.89,95.8004
2009-07-16,3.59,25.42,95.7241
2009-07-17,3.67,24.34,95.6036
2009-07-20,3.61,24.4,95.0903
2009-07-21,3.5,23.87,95.0564
2009-07-22,3.58,23.47,94.8659
2009-07-23,3.72,23.43,94.532
2009-07-24,3.7,23.09,94.7046
2009-07-27,3.75,24.28,94.6659
2009-07-28,3.72,25.01,94.5592
2009-07-29,3.69,25.61,95.1678
2009-07-30,3.67,25.4,94.8967
2009-07-31,3.52,25.92,94.2526
2009-08-03,3.66,25.56,93.6331
2009-08-04,3.7,24.89,93.7281
2009-08-05,3.8,24.9,93.7848
2009-08-06,3.79,25.67,93.9358
2009-08-07,3.89,24.76,94.4692
2009-08-10,3.8,24.99,94.6087
2009-08-11,3.71,25.99,94.8678
2009-08-12,3.72,25.45,94.5394
2009-08-13,3.59,24.71,94.2392
2009-08-14,3.55,24.27,94.475
2009-08-17,3.48,27.89,95.1024
2009-08-18,3.51,26.18,95.1118
2009-08-19,3.45,26.26,94.4084
2009-08-20,3.42,25.09,94.3492
2009-08-21,3.56,25.01,94.0103
2009-08-24,3.48,25.14,93.9345
2009-08-25,3.45,24.92,93.9066
2009-08-26,3.44,24.95,94.8662
2009-08-27,3.47,24.68,94.7943
2009-08-28,3.46,24.76,94.4489
2009-08-31,3.4,26.01,94.6202
2009-09-01,3.38,29.15,95.2201
2009-09-02,3.29,28.9,95.1575
2009-09-03,3.33,27.1,94.959
2009-09-04,3.45,25.26,94.5811
2009-09-07,,,
2009-09-08,3.47,25.62,93.7323
2009-09-09,3.48,24.32,93.6915
2009-09-10,3.36,23.55,93.6947
2009-09-11,3.34,24.15,93.3225
2009-09-14,3.42,23.86,93.6196
2009-09-15,3.47,23.42,93.4427
2009-09-16,3.48,23.69,92.9072
2009-09-17,3.42,23.65,92.8287
2009-09-18,3.49,23.92,93.1233
2009-09-21,3.49,24.06,93.3547
2009-09-22,3.46,23.08,92.8664
2009-09-23,3.44,23.49,92.979
2009-09-24,3.4,24.95,93.4708
2009-09-25,3.34,25.61,93.5535
2009-09-28,3.31,24.88,93.4669
2009-09-29,3.31,25.19,93.7776
2009-09-30,3.31,25.61,93.1907
2009-10-01,3.21,28.27,93.5995
2009-10-02,3.24,28.68,93.6756
2009-10-05,3.24,26.84,93.3356
2009-10-06,3.27,25.7,92.619
2009-10-07,3.21,24.68,92.794
2009-10-08,3.27,24.18,92.2074
2009-10-09,3.4,23.12,92.2984
2009-10-12,,23.01,
2009-10-13,3.34,22.99,91.8273
2009-10-14,3.45,22.86,91.5047
2009-10-15,3.49,21.72,91.4367
2009-10-16,3.43,21.43,91.6541
2009-10-19,3.41,21.49,91.4406
2009-10-20,3.35,20.9,91.801
2009-10-21,3.42,22.22,91.3805
2009-10-22,3.44,20.69,91.6075
2009-10-23,3.51,22.27,91.7331
2009-10-26,3.59,24.31,92.0998
2009-10-27,3.49,24.83,92.5335
2009-10-28,3.44,27.91,92.8152
2009-10-29,3.53,24.76,92.4708
2009-10-30,3.41,30.69,92.6207
2009-11-02,3.45,29.78,92.4501
2009-11-03,3.5,28.81,92.9037
2009-11-04,3.57,27.72,92.3725
2009-11-05,3.57,25.43,92.3437
2009-11-06,3.54,24.19,92.3848
2009-11-09,3.52,23.15,91.6861
2009-11-10,3.5,22.84,91.6659
2009-11-11,,23.04,
2009-11-12,3.45,24.24,91.9461
2009-11-13,3.43,23.36,91.5754
2009-11-16,3.33,22.89,91.194
2009-11-17,3.33,22.41,91.7419
2009-11-18,3.36,21.63,91.249
2009-11-19,3.35,22.63,91.7827
2009-11-20,3.36,22.19,91.9906
2009-11-23,3.37,21.16,91.4864
2009-11-24,3.32,20.47,91.5539
2009-11-25,3.28,20.48,90.9669
2009-11-26,,,
2009-11-27,3.21,24.85,91.5272
2009-11-30,3.21,24.51,91.3717
2009-12-01,3.28,21.92,90.8323
2009-12-02,3.32,21.12,90.8906
2009-12-03,3.39,22.46,90.9152
2009-12-04,3.48,21.25,91.3806
2009-12-07,3.44,22.1,91.5414
2009-12-08,3.4,23.69,91.9513
2009-12-09,3.45,22.66,92.014
2009-12-10,3.49,22.32,92.0073
2009-12-11,3.55,21.59,92.2946
2009-12-14,3.56,21.15,92.0305
2009-12-15,3.6,21.49,92.3635
2009-12-16,3.61,20.54,92.1496
2009-12-17,3.5,22.51,93.225
2009-12-18,3.55,21.68,93.1632
2009-12-21,3.69,20.49,
2009-12-22,3.76,19.54,93.2903
2009-12-23,3.77,19.71,92.9295
2009-12-24,3.82,19.47,92.8694
2009-12-25,,,
2009-12-28,3.85,19.93,92.6993
2009-12-29,3.82,20.01,92.8838
2009-12-30,3.8,19.96,93.0872
2009-12-31,3.85,21.68,92.9124
2010-01-01,,,
2010-01-04,3.85,20.04,92.3566
2010-01-05,3.77,19.35,92.2236
2010-01-06,3.85,19.16,92.0941
2010-01-07,3.85,19.06,92.3684
2010-01-08,3.83,18.13,92.1485
2010-01-11,3.85,17.55,91.5997
2010-01-12,3.74,18.25,91.7005
2010-01-13,3.8,17.85,91.7272
2010-01-14,3.76,17.63,91.5864
2010-01-15,3.7,17.91,91.7668
2010-01-18,,,
2010-01-19,3.73,17.58,91.9611
2010-01-20,3.68,18.68,92.6766
2010-01-21,3.62,22.27,92.6627
2010-01-22,3.62,27.31,92.943
2010-01-25,3.66,25.41,92.9099
2010-01-26,3.65,24.55,93.3298
2010-01-27,3.66,23.14,93.2835
2010-01-28,3.68,23.73,93.2635
2010-01-29,3.63,24.62,93.7638
2010-02-01,3.68,22.59,93.7321
2010-02-02,3.67,21.48,93.4136
2010-02-03,3.73,21.6,93.6268
2010-02-04,3.62,26.08,94.1401
2010-02-05,3.59,26.11,94.6218
2010-02-08,3.62,26.51,
2010-02-09,3.67,26.0,
2010-02-10,3.72,25.4,
2010-02-11,3.73,23.96,
2010-02-12,3.69,22.73,93.9976
2010-02-15,,,
2010-02-16,3.66,22.25,93.482
2010-02-17,3.74,21.72,93.7171
2010-02-18,3.79,20.63,93.8752
2010-02-19,3.78,20.02,93.9569
2010-02-22,3.8,19.94,93.7402
2010-02-23,3.69,21.37,93.9794
2010-02-24,3.7,20.27,93.9775
2010-02-25,3.64,20.1,94.3797
2010-02-26,3.61,19.5,93.6602
2010-03-01,3.61,19.26,93.7979
2010-03-02,3.62,19.06,93.488
2010-03-03,3.63,18.83,92.9861
2010-03-04,3.61,18.72,93.4079
2010-03-05,3.69,17.42,93.2623
2010-03-08,3.72,17.79,93.2446
2010-03-09,3.71,17.92,93.1941
2010-03-10,3.73,18.57,93.0426
2010-03-11,3.73,18.06,93.0533
2010-03-12,3.71,17.58,92.6616
2010-03-15,3.71,18.0,92.9642
2010-03-16,3.66,17.69,92.595
2010-03-17,3.65,16.91,92.4446
2010-03-18,3.68,16.62,92.7451
2010-03-19,3.7,16.97,93.0407
2010-03-22,3.67,16.87,93.1333
2010-03-23,3.69,16.35,93.006
2010-03-24,3.84,17.55,93.6468
2010-03-25,3.91,18.4,93.5885
2010-03-26,3.86,17.77,93.6873
2010-03-29,3.88,17.59,93.2959
2010-03-30,3.88,17.13,93.2627
2010-03-31,3.84,17.59,92.8987
2010-04-01,3.89,17.47,92.6661
2010-04-02,3.96,,92.9057
2010-04-05,4.01,17.02,92.6644
2010-04-06,3.98,16.23,92.7373
2010-04-07,3.89,16.62,92.7452
2010-04-08,3.91,16.48,92.7211
2010-04-09,3.9,16.14,92.4772
2010-04-12,3.87,15.58,92.243
2010-04-13,3.84,16.2,92.2689
2010-04-14,3.88,15.59,91.9297
2010-04-15,3.86,15.89,92.2029
2010-04-16,3.79,18.36,92.5253
2010-04-19,3.83,17.34,92.8577
2010-04-20,3.82,15.73,92.4338
2010-04-21,3.77,16.32,92.4482
2010-04-22,3.8,16.47,92.7277
2010-04-23,3.84,16.62,92.6622
2010-04-26,3.83,17.47,92.5187
2010-04-27,3.71,22.81,93.0956
2010-04-28,3.8,21.08,93.4856
2010-04-29,3.76,18.44,92.9013
2010-04-30,3.69,22.05,92.8423
2010-05-03,3.72,20.19,93.235
2010-05-04,3.63,23.84,93.8137
2010-05-05,3.58,24.91,94.3968
2010-05-06,3.41,32.8,95.3032
2010-05-07,3.45,40.95,95.2952
2010-05-10,3.57,28.84,94.3096
2010-05-11,3.56,28.32,94.4305
2010-05-12,3.56,25.52,94.5515
2010-05-13,3.55,26.68,94.5071
2010-05-14,3.44,31.24,95.3746
2010-05-17,3.47,30.84,95.9795
2010-05-18,3.38,33.55,95.6212
2010-05-19,3.36,35.32,96.5083
2010-05-20,3.25,45.79,96.9483
2010-05-21,3.2,40.1,96.2911
2010-05-24,3.23,38.32,96.6433
2010-05-25,3.18,34.61,97.5487
2010-05-26,3.21,35.02,97.1879
2010-05-27,3.34,29.68,96.3611
2010-05-28,3.31,32.07,96.3062
2010-05-31,,,
2010-06-01,3.29,35.54,96.6123
2010-06-02,3.35,30.17,96.615
2010-06-03,3.39,29.46,96.461
2010-06-04,3.2,35.48,97.1688
2010-06-07,3.17,36.57,97.503
2010-06-08,3.18,33.7,97.3425
2010-06-09,3.2,33.73,96.8938
2010-06-10,3.33,30.57,96.4877
2010-06-11,3.24,28.79,96.5616
2010-06-14,3.28,28.58,95.8082
2010-06-15,3.32,25.87,95.7049
2010-06-16,3.27,25.92,95.5668
2010-06-17,3.21,25.05,95.4973
2010-06-18,3.24,23.95,95.2981
2010-06-21,3.26,24.88,94.8505
2010-06-22,3.18,27.05,95.1165
2010-06-23,3.13,26.91,95.4853
2010-06-24,3.14,29.74,95.6194
2010-06-25,3.12,28.53,95.4582
2010-06-28,3.05,29.0,95.2696
2010-06-29,2.97,34.13,96.0199
2010-06-30,2.97,34.54,95.9934
2010-07-01,2.96,32.86,95.8018
2010-07-02,3.0,30.12,95.6345
2010-07-05,,,
2010-07-06,2.95,29.65,95.1069
2010-07-07,3.0,26.84,95.1795
2010-07-08,3.04,25.71,94.7734
2010-07-09,3.07,24.98,94.683
2010-07-12,3.08,24.43,94.9598
2010-07-13,3.15,24.56,94.3856
2010-07-14,3.07,24.89,94.3247
2010-07-15,3.0,25.14,94.1988
2010-07-16,2.96,26.25,94.5061
2010-07-19,2.99,25.97,94.602
2010-07-20,2.98,23.93,94.542
2010-07-21,2.9,25.64,94.4496
2010-07-22,2.96,24.63,94.1135
2010-07-23,3.02,23.47,94.1431
2010-07-26,3.03,22.73,93.7556
2010-07-27,3.08,23.19,93.7583
2010-07-28,3.03,24.25,93.7506
2010-07-29,3.03,24.13,93.6004
2010-07-30,2.94,23.5,93.2793
2010-08-02,2.99,22.01,92.7916
2010-08-03,2.94,22.63,92.6258
2010-08-04,2.98,22.21,92.731
2010-08-05,2.94,22.1,92.6401
2010-08-06,2.86,21.74,92.5915
2010-08-09,2.86,22.14,92.6726
2010-08-10,2.79,22.37,93.2197
2010-08-11,2.72,25.39,93.7778
2010-08-12,2.74,25.73,93.8905
2010-08-13,2.68,26.24,94.0457
2010-08-16,2.58,26.1,93.7902
2010-08-17,2.64,24.33,93.4239
2010-08-18,2.64,24.59,93.3719
2010-08-19,2.58,26.44,93.7141
2010-08-20,2.62,25.49,94.2087
2010-08-23,2.6,25.66,94.3295
2010-08-24,2.5,27.46,94.4362
2010-08-25,2.54,26.7,94.7372
2010-08-26,2.5,27.37,94.3523
2010-08-27,2.66,24.45,94.3462
2010-08-30,2.54,27.21,94.5922
2010-08-31,2.47,26.05,94.7204
2010-09-01,2.58,23.89,94.1148
2010-09-02,2.63,23.19,94.0852
2010-09-03,2.72,21.31,93.6952
2010-09-06,,,
2010-09-07,2.61,23.8,94.042
2010-09-08,2.66,23.25,93.7785
2010-09-09,2.77,22.81,93.7033
2010-09-10,2.81,21.99,93.6768
2010-09-13,2.74,21.21,93.0767
2010-09-14,2.68,21.56,92.6182
2010-09-15,2.74,22.1,92.9313
2010-09-16,2.77,21.72,92.9108
2010-09-17,2.75,22.01,92.9418
2010-09-20,2.72,21.5,92.7496
2010-09-21,2.61,22.35,92.6684
2010-09-22,2.56,22.51,92.0647
2010-09-23,2.56,23.87,92.0233
2010-09-24,2.62,21.71,91.5996
2010-09-27,2.54,22.54,91.4803
2010-09-28,2.48,22.6,91.3493
2010-09-29,2.52,23.25,91.1632
2010-09-30,2.53,23.7,91.3415
2010-10-01,2.54,22.5,90.836
2010-10-04,2.5,23.53,91.0015
2010-10-05,2.5,21.76,90.5622
2010-10-06,2.41,21.49,90.1411
2010-10-07,2.41,21.56,90.286
2010-10-08,2.41,20.71,90.1133
2010-10-11,,18.96,
2010-10-12,2.44,18.93,90.2203
2010-10-13,2.46,19.07,89.7779
2010-10-14,2.52,19.88,89.5228
2010-10-15,2.59,19.03,89.6815
2010-10-18,2.52,19.09,89.8484
2010-10-19,2.5,20.63,90.5499
2010-10-20,2.51,19.79,90.1446
2010-10-21,2.57,19.27,90.138
2010-10-22,2.59,18.78,90.4063
2010-10-25,2.59,19.85,89.9328
2010-10-26,2.67,20.22,90.2818
2010-10-27,2.75,20.71,90.8038
2010-10-28,2.69,20.88,90.2407
2010-10-29,2.63,21.2,90.0935
2010-11-01,2.66,21.83,90.0307
2010-11-02,2.63,21.57,89.6847
2010-11-03,2.67,19.56,89.7079
2010-11-04,2.53,18.52,88.9831
2010-11-05,2.58,18.26,89.2441
2010-11-08,2.6,18.29,89.5711
2010-11-09,2.72,19.08,89.558
2010-11-10,2.65,18.47,89.9056
2010-11-11,,18.64,
2010-11-12,2.76,20.61,90.1701
2010-11-15,2.92,20.2,90.4331
2010-11-16,2.85,22.58,91.1102
2010-11-17,2.89,21.76,90.9282
2010-11-18,2.9,18.75,90.649
2010-11-19,2.88,18.04,90.6986
2010-11-22,2.8,18.37,90.7023
2010-11-23,2.77,20.63,91.4318
2010-11-24,2.93,19.56,91.2179
2010-11-25,,,
2010-11-26,2.87,22.22,91.8152
2010-11-29,2.84,21.53,92.1997
2010-11-30,2.81,23.54,92.1494
2010-12-01,2.97,21.36,91.6799
2010-12-02,3.01,19.39,91.2651
2010-12-03,3.03,18.01,90.8788
2010-12-06,2.95,18.02,91.0167
2010-12-07,3.15,17.99,90.9732
2010-12-08,3.26,17.74,91.3376
2010-12-09,3.23,17.25,91.3923
2010-12-10,3.32,17.61,91.2831
2010-12-13,3.29,17.55,90.8837
2010-12-14,3.49,17.61,90.764
2010-12-15,3.53,17.94,91.094
2010-12-16,3.47,17.39,91.3773
2010-12-17,3.33,16.11,91.5555
2010-12-20,3.36,16.41,91.6398
2010-12-21,3.35,16.49,91.519
2010-12-22,3.36,15.45,91.429
2010-12-23,3.41,16.47,91.3013
2010-12-24,,,
2010-12-27,3.36,17.67,91.1963
2010-12-28,3.5,17.52,90.9848
2010-12-29,3.35,17.28,90.7669
2010-12-30,3.38,17.52,90.5146
2010-12-31,3.3,17.75,
2011-01-03,3.36,17.61,89.9524
2011-01-04,3.36,17.38,90.3277
2011-01-05,3.5,17.02,90.5715
2011-01-06,3.44,17.4,90.9125
2011-01-07,3.34,17.14,91.0001
2011-01-10,3.32,17.54,91.03
2011-01-11,3.37,16.89,90.8431
2011-01-12,3.4,16.24,90.4111
2011-01-13,3.34,16.39,89.9019
2011-01-14,3.35,15.46,90.0461
2011-01-17,,,
2011-01-18,3.39,15.87,89.821
2011-01-19,3.37,17.31,89.6948
2011-01-20,3.47,17.99,90.1316
2011-01-21,3.44,18.47,89.7204
2011-01-24,3.43,17.65,89.5375
2011-01-25,3.35,17.59,89.7279
2011-01-26,3.45,16.64,89.5091
2011-01-27,3.42,16.15,89.5728
2011-01-28,3.36,20.04,89.8189
2011-01-31,3.42,19.53,89.694
2011-02-01,3.48,17.63,89.1436
2011-02-02,3.52,17.3,89.0737
2011-02-03,3.58,16.69,89.2522
2011-02-04,3.68,15.93,89.391
2011-02-07,3.68,16.28,89.3556
2011-02-08,3.75,15.81,89.1241
2011-02-09,3.65,15.87,89.4166
2011-02-10,3.7,16.09,89.6266
2011-02-11,3.64,15.69,89.8784
2011-02-14,3.62,15.95,89.8543
2011-02-15,3.61,16.37,89.8871
2011-02-16,3.62,16.72,89.7059
2011-02-17,3.58,16.59,89.4102
2011-02-18,3.59,16.43,89.1974
2011-02-21,,,
2011-02-22,3.46,20.8,89.4617
2011-02-23,3.49,22.13,89.4186
2011-02-24,3.46,21.32,89.2346
2011-02-25,3.42,19.22,89.1664
2011-02-28,3.42,18.35,88.9391
2011-03-01,3.41,21.01,88.831
2011-03-02,3.46,20.7,88.7317
2011-03-03,3.58,18.6,88.637
2011-03-04,3.49,19.06,88.4898
2011-03-07,3.51,20.66,88.5207
2011-03-08,3.56,19.82,88.6454
2011-03-09,3.48,20.22,88.5328
2011-03-10,3.37,21.88,88.8698
2011-03-11,3.4,20.08,88.691
2011-03-14,3.36,21.13,88.5191
2011-03-15,3.33,24.32,88.7845
2011-03-16,3.22,29.4,88.9785
2011-03-17,3.25,26.37,88.6549
2011-03-18,3.28,24.44,88.5221
2011-03-21,3.34,20.61,88.2032
2011-03-22,3.34,20.21,88.0665
2011-03-23,3.36,19.17,88.3328
2011-03-24,3.42,18.0,88.0592
2011-03-25,3.46,17.91,88.1716
2011-03-28,3.47,19.44,88.3058
2011-03-29,3.5,18.16,88.3991
2011-03-30,3.47,17.71,88.2298
2011-03-31,3.47,17.74,88.0299
2011-04-01,3.46,17.4,87.7993
2011-04-04,3.45,17.5,87.8406
2011-04-05,3.5,17.25,87.7483
2011-04-06,3.56,16.9,87.4913
2011-04-07,3.58,17.11,87.532
2011-04-08,3.59,17.87,87.1493
2011-04-11,3.59,16.59,87.094
2011-04-12,3.52,17.09,87.2943
2011-04-13,3.49,16.92,87.2093
2011-04-14,3.51,16.27,87.0802
2011-04-15,3.43,15.32,87.005
2011-04-18,3.4,16.96,87.5081
2011-04-19,3.39,15.83,87.0791
2011-04-20,3.43,15.07,86.5642
2011-04-21,3.42,14.69,86.2256
2011-04-22,,,86.3742
2011-04-25,3.39,15.77,86.4026
2011-04-26,3.34,15.62,86.2576
2011-04-27,3.39,15.35,86.2519
2011-04-28,3.34,14.62,85.8419
2011-04-29,3.32,14.75,85.5999
2011-05-02,3.31,15.99,85.5199
2011-05-03,3.28,16.7,85.6352
2011-05-04,3.25,17.08,85.8917
2011-05-05,3.18,18.2,86.508
2011-05-06,3.19,18.4,86.4575
2011-05-09,3.17,17.16,86.8346
2011-05-10,3.23,15.91,86.6518
2011-05-11,3.19,16.95,86.7195
2011-05-12,3.22,16.03,87.0767
2011-05-13,3.18,17.07,87.4176
2011-05-16,3.15,18.24,87.3311
2011-05-17,3.12,17.55,87.6307
2011-05-18,3.18,16.23,87.295
2011-05-19,3.17,15.52,87.2638
2011-05-20,3.15,17.43,87.3044
2011-05-23,3.13,18.27,87.8941
2011-05-24,3.12,17.82,87.662
2011-05-25,3.13,17.07,87.6136
2011-05-26,3.07,16.09,87.5588
2011-05-27,3.07,15.98,86.9525
2011-05-30,,,
2011-05-31,3.05,15.45,86.656
2011-06-01,2.96,18.3,86.5964
2011-06-02,3.04,18.09,86.8435
2011-06-03,2.99,17.95,86.4234
2011-06-06,3.01,18.49,86.4669
2011-06-07,3.01,18.07,86.3627
2011-06-08,2.98,18.79,86.5714
2011-06-09,3.01,17.77,86.5913
2011-06-10,2.99,18.86,87.042
2011-06-13,3.0,19.61,87.0579
2011-06-14,3.11,18.26,86.6771
2011-06-15,2.98,21.32,87.3342
2011-06-16,2.93,22.73,87.6917
2011-06-17,2.94,21.85,87.2179
2011-06-20,2.97,19.99,87.1908
2011-06-21,2.99,18.86,86.857
2011-06-22,3.01,18.52,86.8067
2011-06-23,2.93,19.29,87.455
2011-06-24,2.88,21.1,87.5014
2011-06-27,2.95,20.56,87.5225
2011-06-28,3.05,19.17,87.2178
2011-06-29,3.14,17.27,86.8014
2011-06-30,3.18,16.52,86.4786
2011-07-01,3.22,15.87,86.3613
2011-07-04,,,
2011-07-05,3.16,16.06,86.4253
2011-07-06,3.12,16.34,86.6825
2011-07-07,3.17,15.95,86.4825
2011-07-08,3.03,15.95,86.615
2011-07-11,2.94,18.39,87.1013
2011-07-12,2.92,19.87,87.1701
2011-07-13,2.92,19.91,86.5697
2011-07-14,2.98,20.8,86.5234
2011-07-15,2.94,19.53,86.5169
2011-07-18,2.94,20.95,86.9549
2011-07-19,2.91,19.21,86.4386
2011-07-20,2.96,19.09,86.2794
2011-07-21,3.03,17.56,85.8378
2011-07-22,2.99,17.52,85.8623
2011-07-25,3.03,19.35,85.8006
2011-07-26,2.99,20.23,85.4692
2011-07-27,3.01,22.98,85.7126
2011-07-28,2.98,23.74,85.8245
2011-07-29,2.82,25.25,85.7282
2011-08-01,2.77,23.66,86.0391
2011-08-02,2.66,24.79,86.0533
2011-08-03,2.64,23.38,86.0706
2011-08-04,2.47,31.66,86.9299
2011-08-05,2.58,32.0,87.1084
2011-08-08,2.4,48.0,87.1873
2011-08-09,2.2,35.06,87.3919
2011-08-10,2.17,42.99,87.3792
2011-08-11,2.34,39.0,87.3215
2011-08-12,2.24,36.36,87.177
2011-08-15,2.29,31.87,86.7515
2011-08-16,2.23,32.85,86.7115
2011-08-17,2.17,31.58,86.5518
2011-08-18,2.08,42.67,87.1271
2011-08-19,2.07,43.05,86.8286
2011-08-22,2.1,42.44,87.0753
2011-08-23,2.15,36.27,86.9001
2011-08-24,2.29,35.9,87.1316
2011-08-25,2.23,39.76,87.2306
2011-08-26,2.19,35.59,87.0751
2011-08-29,2.28,32.28,86.8433
2011-08-30,2.19,32.89,87.001
2011-08-31,2.23,31.62,86.7739
2011-09-01,2.15,31.82,86.8512
2011-09-02,2.02,33.92,87.1797
2011-09-05,,,
2011-09-06,1.98,37.0,88.1645
2011-09-07,2.05,33.38,87.9699
2011-09-08,2.0,34.32,88.1162
2011-09-09,1.93,38.52,88.9514
2011-09-12,1.94,38.59,89.2192
2011-09-13,2.0,36.91,89.2653
2011-09-14,2.03,34.6,89.419
2011-09-15,2.09,31.97,89.0647
2011-09-16,2.08,30.98,89.1108
2011-09-19,1.97,32.73,89.9336
2011-09-20,1.95,32.86,89.8777
2011-09-21,1.88,37.32,90.3453
2011-09-22,1.72,41.35,92.075
2011-09-23,1.84,41.25,91.6904
2011-09-26,1.91,39.02,91.7724
2011-09-27,2.0,37.71,90.8985
2011-09-28,2.03,41.08,91.0227
2011-09-29,1.99,38.84,91.3033
2011-09-30,1.92,42.96,91.9998
2011-10-03,1.8,45.45,92.5128
2011-10-04,1.81,40.82,92.9508
2011-10-05,1.92,37.81,92.3008
2011-10-06,2.01,36.27,91.9661
2011-10-07,2.1,36.2,91.2469
2011-10-10,,33.02,
2011-10-11,2.18,32.86,90.9162
2011-10-12,2.24,31.26,90.3378
2011-10-13,2.19,30.7,90.6603
2011-10-14,2.26,28.24,90.2116
2011-10-17,2.18,33.39,90.266
2011-10-18,2.19,31.56,90.5907
2011-10-19,2.18,34.44,90.3317
2011-10-20,2.2,34.78,91.1026
2011-10-21,2.23,31.32,90.279
2011-10-24,2.25,29.26,89.8558
2011-10-25,2.14,32.22,89.9525
2011-10-26,2.23,29.86,90.0836
2011-10-27,2.42,25.46,88.7882
2011-10-28,2.34,24.53,88.6382
2011-10-31,2.17,29.96,89.2053
2011-11-01,2.01,34.77,90.7296
2011-11-02,2.03,32.74,90.244
2011-11-03,2.09,30.5,90.2961
2011-11-04,2.06,30.16,90.3154
2011-11-07,2.04,29.85,90.3832
2011-11-08,2.1,27.48,90.172
2011-11-09,2.0,36.16,90.6991
2011-11-10,2.04,32.81,90.8588
2011-11-11,,30.04,
2011-11-14,2.04,31.13,90.7215
2011-11-15,2.06,31.22,91.1081
2011-11-16,2.01,33.51,91.1237
2011-11-17,1.96,34.51,91.1822
2011-11-18,2.01,32.0,91.3676
2011-11-21,1.97,32.91,91.9978
2011-11-22,1.94,31.97,92.0193
2011-11-23,1.89,33.98,92.7463
2011-11-24,,,
2011-11-25,1.97,34.47,93.1455
2011-11-28,1.97,32.13,92.4983
2011-11-29,2.0,30.64,92.2163
2011-11-30,2.08,27.8,91.4728
2011-12-01,2.11,27.41,91.227
2011-12-02,2.05,27.52,91.3532
2011-12-05,2.04,27.84,91.1087
2011-12-06,2.08,28.13,91.2817
2011-12-07,2.02,28.67,91.2331
2011-12-08,1.99,30.59,91.668
2011-12-09,2.07,26.38,91.6122
2011-12-12,2.03,25.67,92.3375
2011-12-13,1.96,25.41,92.5456
2011-12-14,1.92,26.04,93.2176
2011-12-15,1.92,25.11,92.8858
2011-12-16,1.86,24.29,92.8252
2011-12-19,1.82,24.92,92.8685
2011-12-20,1.94,23.22,92.432
2011-12-21,1.98,21.43,92.5262
2011-12-22,1.97,21.16,92.3883
2011-12-23,2.03,20.73,92.3897
2011-12-26,,,
2011-12-27,2.02,21.91,92.4137
2011-12-28,1.93,23.52,92.8374
2011-12-29,1.91,22.65,92.7398
2011-12-30,1.89,23.4,92.4262
2012-01-02,,,
2012-01-03,1.97,22.97,91.7551
2012-01-04,2.0,22.22,92.0345
2012-01-05,2.02,21.48,92.5773
2012-01-06,1.98,20.63,92.7183
2012-01-09,1.98,21.07,92.7418
2012-01-10,2.0,20.69,92.2461
2012-01-11,1.93,21.05,92.554
2012-01-12,1.94,20.47,92.2274
2012-01-13,1.89,20.91,92.5385
2012-01-16,,,
2012-01-17,1.87,22.2,92.0142
2012-01-18,1.92,20.89,91.6943
2012-01-19,2.01,19.87,91.3316
2012-01-20,2.05,18.28,91.3661
2012-01-23,2.09,18.67,90.986
2012-01-24,2.08,18.91,91.181
2012-01-25,2.01,18.31,91.277
2012-01-26,1.96,18.57,90.3962
2012-01-27,1.93,18.53,90.2559
2012-01-30,1.87,19.4,90.4762
2012-01-31,1.83,19.44,90.5538
2012-02-01,1.87,18.55,90.0963
2012-02-02,1.86,17.98,89.8765
2012-02-03,1.97,17.1,89.8491
2012-02-06,1.93,17.76,89.7907
2012-02-07,2.0,17.65,89.5968
2012-02-08,2.01,18.16,89.6555
2012-02-09,2.04,18.63,89.6246
2012-02-10,1.96,20.79,90.1024
2012-02-13,1.99,19.04,89.8895
2012-02-14,1.92,19.54,90.1919
2012-02-15,1.93,21.14,90.1932
2012-02-16,1.99,19.22,90.3109
2012-02-17,2.01,17.78,90.23
2012-02-20,,,
2012-02-21,2.05,18.19,90.0117
2012-02-22,2.01,18.19,90.2472
2012-02-23,1.99,16.8,90.1108
2012-02-24,1.98,17.31,89.9104
2012-02-27,1.92,18.19,89.9635
2012-02-28,1.94,17.96,89.8103
2012-02-29,1.98,18.43,89.7487
2012-03-01,2.03,17.26,89.7817
2012-03-02,1.99,17.29,90.135
2012-03-05,2.0,18.05,90.2748
2012-03-06,1.96,20.87,90.8237
2012-03-07,1.98,19.07,90.6837
2012-03-08,2.03,17.95,90.2598
2012-03-09,2.04,17.11,90.4341
2012-03-12,2.04,15.64,90.6643
2012-03-13,2.14,14.8,90.5363
2012-03-14,2.29,15.31,90.9325
2012-03-15,2.29,15.42,90.7866
2012-03-16,2.31,14.47,90.5245
2012-03-19,2.39,15.04,90.292
2012-03-20,2.38,15.58,90.6065
2012-03-21,2.31,15.13,90.6761
2012-03-22,2.29,15.57,90.8225
2012-03-23,2.25,14.82,90.6156
2012-03-26,2.26,14.26,90.3266
2012-03-27,2.2,15.59,90.2796
2012-03-28,2.21,15.47,90.603
2012-03-29,2.18,15.48,90.7285
2012-03-30,2.23,15.5,90.4593
2012-04-02,2.22,15.64,90.247
2012-04-03,2.3,15.66,90.1921
2012-04-04,2.25,16.44,90.8284
2012-04-05,2.19,16.7,90.8781
2012-04-06,2.07,,90.9375
2012-04-09,2.06,18.81,90.9624
2012-04-10,2.01,20.39,91.2728
2012-04-11,2.05,20.02,91.1768
2012-04-12,2.08,17.2,90.7694
2012-04-13,2.02,19.55,91.0558
2012-04-16,2.0,19.55,91.2355
2012-04-17,2.03,18.46,90.7661
2012-04-18,2.0,18.64,90.9326
2012-04-19,1.98,18.36,91.0833
2012-04-20,1.99,17.44,90.8066
2012-04-23,1.96,18.97,91.079
2012-04-24,2.0,18.1,90.8153
2012-04-25,2.01,16.82,90.756
2012-04-26,1.98,16.24,90.6428
2012-04-27,1.96,16.32,90.3269
2012-04-30,1.95,17.15,90.3634
2012-05-01,1.98,16.6,90.3227
2012-05-02,1.96,16.88,90.6144
2012-05-03,1.96,17.56,90.6839
2012-05-04,1.91,19.16,91.0497
2012-05-07,1.92,18.94,91.0747
2012-05-08,1.88,19.05,91.4107
2012-05-09,1.87,20.08,91.7632
2012-05-10,1.89,18.83,91.7077
2012-05-11,1.84,19.89,91.7306
2012-05-14,1.78,21.87,92.2491
2012-05-15,1.76,21.97,92.5235
2012-05-16,1.76,22.27,92.903
2012-05-17,1.7,24.49,92.9632
2012-05-18,1.71,25.1,93.1395
2012-05-21,1.75,22.01,93.0945
2012-05-22,1.79,22.48,93.1113
2012-05-23,1.73,22.33,93.8855
2012-05-24,1.77,21.54,93.8027
2012-05-25,1.75,21.76,93.9488
2012-05-28,,,
2012-05-29,1.74,21.03,93.875
2012-05-30,1.63,24.14,94.302
2012-05-31,1.59,24.06,94.6856
2012-06-01,1.47,26.66,94.6979
2012-06-04,1.53,26.12,94.5184
2012-06-05,1.57,24.68,94.6184
2012-06-06,1.66,22.16,94.0362
2012-06-07,1.66,21.72,93.774
2012-06-08,1.65,21.23,94.2024
2012-06-11,1.6,23.56,94.0369
2012-06-12,1.67,22.09,94.0693
2012-06-13,1.61,24.27,93.8309
2012-06-14,1.64,21.68,93.8152
2012-06-15,1.6,21.11,93.5203
2012-06-18,1.59,18.32,93.6431
2012-06-19,1.64,18.38,93.0524
2012-06-20,1.65,17.24,93.1602
2012-06-21,1.63,20.08,93.6378
2012-06-22,1.69,18.11,93.9205
2012-06-25,1.63,20.38,94.1757
2012-06-26,1.66,19.72,93.9859
2012-06-27,1.65,19.45,93.8728
2012-06-28,1.6,19.71,94.0203
2012-06-29,1.67,17.08,92.9096
2012-07-02,1.61,16.8,92.951
2012-07-03,1.65,16.66,92.6508
2012-07-04,,,
2012-07-05,1.62,17.5,93.2211
2012-07-06,1.57,17.1,93.7087
2012-07-09,1.53,17.98,93.6974
2012-07-10,1.53,18.72,93.5552
2012-07-11,1.54,17.95,93.5981
2012-07-12,1.5,18.33,93.9298
2012-07-13,1.52,16.74,93.5515
2012-07-16,1.5,17.11,93.3746
2012-07-17,1.53,16.48,93.3479
2012-07-18,1.52,16.16,93.0973
2012-07-19,1.54,15.45,93.0438
2012-07-20,1.49,16.27,93.3653
2012-07-23,1.47,18.62,93.9297
2012-07-24,1.44,20.47,94.2635
2012-07-25,1.43,19.34,94.0564
2012-07-26,1.45,17.53,93.3595
2012-07-27,1.58,16.7,92.9333
2012-07-30,1.53,18.03,93.0524
2012-07-31,1.51,18.93,92.8422
2012-08-01,1.56,18.96,92.8905
2012-08-02,1.51,17.57,93.4269
2012-08-03,1.6,15.64,92.6048
2012-08-06,1.59,15.95,92.4339
2012-08-07,1.66,15.99,92.5128
2012-08-08,1.68,15.32,92.5407
2012-08-09,1.69,15.28,92.6057
2012-08-10,1.65,14.74,92.5129
2012-08-13,1.65,13.7,92.5955
2012-08-14,1.73,14.85,92.6152
2012-08-15,1.8,14.63,92.6838
2012-08-16,1.83,14.29,92.5737
2012-08-17,1.81,13.45,92.711
2012-08-20,1.82,14.02,92.6263
2012-08-21,1.8,15.02,92.3053
2012-08-22,1.71,15.11,92.4362
2012-08-23,1.68,15.96,92.1057
2012-08-24,1.68,15.18,92.2785
2012-08-27,1.65,16.35,92.3135
2012-08-28,1.64,16.49,92.2033
2012-08-29,1.66,17.06,92.3823
2012-08-30,1.63,17.83,92.6239
2012-08-31,1.57,17.47,92.1677
2012-09-03,,,
2012-09-04,1.59,17.98,92.1582
2012-09-05,1.6,17.74,92.1262
2012-09-06,1.68,15.6,91.8973
2012-09-07,1.67,14.38,91.3469
2012-09-10,1.68,16.28,91.3102
2012-09-11,1.7,16.41,91.0575
2012-09-12,1.77,15.8,91.0477
2012-09-13,1.75,14.05,90.9632
2012-09-14,1.88,14.51,90.1436
2012-09-17,1.85,14.59,90.2837
2012-09-18,1.82,14.18,90.5029
2012-09-19,1.79,13.88,90.4646
2012-09-20,1.8,14.07,90.7631
2012-09-21,1.77,13.98,90.5342
2012-09-24,1.74,14.15,90.8263
2012-09-25,1.7,15.43,90.6074
2012-09-26,1.64,16.81,91.0028
2012-09-27,1.66,14.84,90.7538
2012-09-28,1.65,15.73,90.8342
2012-10-01,1.64,16.32,90.7011
2012-10-02,1.64,15.71,90.644
2012-10-03,1.64,15.43,90.8726
2012-10-04,1.7,14.55,90.4932
2012-10-05,1.75,14.33,90.2851
2012-10-08,,15.11,
2012-10-09,1.74,16.37,90.8703
2012-10-10,1.72,16.29,90.883
2012-10-11,1.7,15.59,90.7437
2012-10-12,1.69,16.14,90.6833
2012-10-15,1.7,15.27,90.6409
2012-10-16,1.75,15.22,90.5583
2012-10-17,1.83,15.07,90.2309
2012-10-18,1.86,15.03,90.3804
2012-10-19,1.79,17.06,90.8107
2012-10-22,1.83,16.62,90.7911
2012-10-23,1.79,18.83,91.0945
2012-10-24,1.8,18.33,91.1275
2012-10-25,1.86,18.12,91.02
2012-10-26,1.78,17.81,91.1411
2012-10-29,1.74,,
2012-10-30,,,
2012-10-31,1.72,18.6,91.1609
2012-11-01,1.75,16.69,91.1217
2012-11-02,1.75,17.59,91.281
2012-11-05,1.72,18.42,91.4778
2012-11-06,1.78,17.58,91.2908
2012-11-07,1.68,19.08,91.4514
2012-11-08,1.62,18.49,91.5375
2012-11-09,1.61,18.61,91.6871
2012-11-12,,16.68,
2012-11-13,1.59,16.65,91.7356
2012-11-14,1.59,17.92,91.7942
2012-11-15,1.58,17.99,91.8837
2012-11-16,1.58,16.41,92.0095
2012-11-19,1.61,15.24,91.5653
2012-11-20,1.66,15.08,91.556
2012-11-21,1.69,15.31,91.6645
2012-11-22,,,
2012-11-23,1.7,15.14,91.2616
2012-11-26,1.66,15.5,91.2789
2012-11-27,1.64,15.92,91.2608
2012-11-28,1.63,15.51,91.33
2012-11-29,1.62,15.06,91.2104
2012-11-30,1.62,15.87,91.1038
2012-12-03,1.63,16.64,91.0084
2012-12-04,1.62,17.12,90.9748
2012-12-05,1.6,16.46,90.9423
2012-12-06,1.59,16.58,91.0629
2012-12-07,1.64,15.9,91.0437
2012-12-10,1.63,16.05,90.9631
2012-12-11,1.66,15.57,90.8403
2012-12-12,1.72,15.95,90.7708
2012-12-13,1.74,16.56,90.776
2012-12-14,1.72,17.0,90.7156
2012-12-17,1.78,16.34,90.6193
2012-12-18,1.84,15.57,90.5161
2012-12-19,1.82,17.36,90.4896
2012-12-20,1.81,17.67,90.6002
2012-12-21,1.77,17.84,90.9597
2012-12-24,1.79,17.84,91.0354
2012-12-25,,,
2012-12-26,1.77,19.48,91.0606
2012-12-27,1.74,19.47,91.1037
2012-12-28,1.73,22.72,91.0419
2012-12-31,1.78,18.02,91.0834
2013-01-01,,,
2013-01-02,1.86,14.68,90.6941
2013-01-03,1.92,14.56,90.8097
2013-01-04,1.93,13.83,91.1025
2013-01-07,1.92,13.79,90.9852
2013-01-08,1.89,13.62,91.057
2013-01-09,1.88,13.81,91.0088
2013-01-10,1.91,13.49,90.6425
2013-01-11,1.89,13.36,90.5352
2013-01-14,1.89,13.52,90.4935
2013-01-15,1.86,13.55,90.5191
2013-01-16,1.84,13.42,90.596
2013-01-17,1.89,13.57,90.5401
2013-01-18,1.87,12.46,90.8697
2013-01-21,,,
2013-01-22,1.86,12.43,90.7892
2013-01-23,1.86,12.46,90.8376
2013-01-24,1.88,12.69,90.9112
2013-01-25,1.98,12.89,91.0868
2013-01-28,2.0,13.57,91.2354
2013-01-29,2.03,13.31,90.9406
2013-01-30,2.03,14.32,90.8836
2013-01-31,2.02,14.28,90.798
2013-02-01,2.04,12.9,90.6923
2013-02-04,2.0,14.67,90.9774
2013-02-05,2.04,13.72,90.881
2013-02-06,2.0,13.41,91.0176
2013-02-07,1.99,13.5,91.2912
2013-02-08,1.99,13.02,91.3056
2013-02-11,1.99,12.94,91.4451
2013-02-12,2.02,12.64,91.2779
2013-02-13,2.05,12.98,91.2709
2013-02-14,2.0,12.66,91.366
2013-02-15,2.01,12.46,91.4551
2013-02-18,,,
2013-02-19,2.03,12.31,91.5073
2013-02-20,2.02,14.68,91.6689
2013-02-21,1.99,15.22,92.0394
2013-02-22,1.97,14.17,92.1197
2013-02-25,1.88,18.99,92.1975
2013-02-26,1.88,16.87,92.4247
2013-02-27,1.91,14.73,92.234
2013-02-28,1.89,15.51,92.295
2013-03-01,1.86,15.36,92.6177
2013-03-04,1.88,14.01,92.6316
2013-03-05,1.9,13.48,92.4965
2013-03-06,1.95,13.53,
2013-03-07,2.0,13.06,92.5462
2013-03-08,2.06,12.59,92.6252
2013-03-11,2.07,11.56,92.5351
2013-03-12,2.03,12.27,92.3853
2013-03-13,2.04,11.83,92.4709
2013-03-14,2.04,11.3,92.4695
2013-03-15,2.01,11.3,92.128
2013-03-18,1.96,13.36,92.3377
2013-03-19,1.92,14.39,92.526
2013-03-20,1.96,12.67,92.4141
2013-03-21,1.95,13.99,92.3322
2013-03-22,1.93,13.57,92.2051
2013-03-25,1.93,13.74,92.3081
2013-03-26,1.92,12.77,92.232
2013-03-27,1.87,13.15,92.446
2013-03-28,1.87,12.7,92.2544
2013-03-29,,,92.302
2013-04-01,1.86,13.58,92.1687
2013-04-02,1.88,12.78,92.1432
2013-04-03,1.83,14.21,92.104
2013-04-04,1.78,13.89,92.3896
2013-04-05,1.72,13.92,92.1043
2013-04-08,1.76,13.19,92.2317
2013-04-09,1.78,12.84,91.9669
2013-04-10,1.84,12.36,91.9598
2013-04-11,1.82,12.24,91.6972
2013-04-12,1.75,12.06,91.7967
2013-04-15,1.72,17.27,91.9457
2013-04-16,1.75,13.96,91.8451
2013-04-17,1.73,16.51,92.1372
2013-04-18,1.72,17.56,92.176
2013-04-19,1.73,14.97,92.2166
2013-04-22,1.72,14.39,92.3591
2013-04-23,1.74,13.48,92.3836
2013-04-24,1.73,13.61,92.4581
2013-04-25,1.74,13.62,92.0394
2013-04-26,1.7,13.61,91.9012
2013-04-29,1.7,13.71,91.6539
2013-04-30,1.7,13.52,91.3741
2013-05-01,1.66,14.49,91.4331
2013-05-02,1.66,13.59,91.6174
2013-05-03,1.78,12.85,91.5087
2013-05-06,1.8,12.66,91.6387
2013-05-07,1.82,12.83,91.5201
2013-05-08,1.81,12.66,91.1848
2013-05-09,1.81,13.13,91.3036
2013-05-10,1.9,12.59,92.2527
2013-05-13,1.92,12.55,92.2711
2013-05-14,1.96,12.77,92.3697
2013-05-15,1.94,12.81,92.7691
2013-05-16,1.87,13.07,92.6602
2013-05-17,1.95,12.45,93.1617
2013-05-20,1.97,13.02,93.0359
2013-05-21,1.94,13.37,92.9662
2013-05-22,2.03,13.82,93.3104
2013-05-23,2.02,14.07,93.2113
2013-05-24,2.01,13.99,93.2768
2013-05-27,,,
2013-05-28,2.15,14.48,93.5853
2013-05-29,2.13,14.83,93.531
2013-05-30,2.13,14.53,93.4219
2013-05-31,2.16,16.3,93.6076
2013-06-03,2.13,16.28,93.163
2013-06-04,2.14,16.27,93.3067
2013-06-05,2.1,17.5,93.275
2013-06-06,2.08,16.63,92.809
2013-06-07,2.17,15.14,92.6056
2013-06-10,2.22,15.44,92.973
2013-06-11,2.2,17.07,92.7996
2013-06-12,2.25,18.59,92.4775
2013-06-13,2.19,16.41,92.3449
2013-06-14,2.14,17.15,92.1886
2013-06-17,2.19,16.8,92.3332
2013-06-18,2.2,16.61,92.5432
2013-06-19,2.33,16.64,92.4755
2013-06-20,2.41,20.49,94.125
2013-06-21,2.52,18.9,94.4243
2013-06-24,2.57,20.11,94.5714
2013-06-25,2.6,18.47,94.3285
2013-06-26,2.55,17.21,94.3807
2013-06-27,2.49,16.86,94.2429
2013-06-28,2.52,16.86,94.3047
2013-07-01,2.5,16.37,94.0998
2013-07-02,2.48,16.44,94.4051
2013-07-03,2.52,16.2,94.4767
2013-07-04,,,
2013-07-05,2.73,14.89,95.0639
2013-07-08,2.65,14.78,94.9954
2013-07-09,2.65,14.35,94.9467
2013-07-10,2.7,14.21,94.7595
2013-07-11,2.6,14.01,93.949
2013-07-12,2.61,13.84,94.0029
2013-07-15,2.57,13.79,93.9729
2013-07-16,2.55,14.42,93.5232
2013-07-17,2.52,13.78,93.5498
2013-07-18,2.56,13.77,93.681
2013-07-19,2.5,12.54,93.4759
2013-07-22,2.5,12.29,93.2253
2013-07-23,2.53,12.66,93.1631
2013-07-24,2.61,13.18,93.3124
2013-07-25,2.61,12.97,93.2862
2013-07-26,2.58,12.72,93.1695
2013-07-29,2.61,13.39,93.1663
2013-07-30,2.63,13.39,93.3976
2013-07-31,2.6,13.45,93.5703
2013-08-01,2.74,12.94,93.7972
2013-08-02,2.63,11.98,93.5789
2013-08-05,2.67,11.84,93.507
2013-08-06,2.67,12.72,93.3199
2013-08-07,2.61,12.98,93.2652
2013-08-08,2.58,12.73,92.8483
2013-08-09,2.57,13.41,92.8394
2013-08-12,2.61,12.81,92.9178
2013-08-13,2.71,12.31,93.476
2013-08-14,2.71,13.04,93.382
2013-08-15,2.77,14.73,93.5059
2013-08-16,2.84,14.37,93.4255
2013-08-19,2.88,15.1,93.6623
2013-08-20,2.82,14.91,93.5536
2013-08-21,2.87,15.94,94.0362
2013-08-22,2.9,14.76,94.2804
2013-08-23,2.82,13.98,93.9466
2013-08-26,2.79,14.99,94.1853
2013-08-27,2.72,16.77,94.3934
2013-08-28,2.78,16.49,94.4127
2013-08-29,2.75,16.81,94.6398
2013-08-30,2.78,17.01,94.7541
2013-09-02,,,
2013-09-03,2.86,16.61,94.9574
2013-09-04,2.9,15.88,94.5739
2013-09-05,2.98,15.77,94.8891
2013-09-06,2.94,15.85,94.2487
2013-09-09,2.9,15.63,94.0009
2013-09-10,2.96,14.53,93.938
2013-09-11,2.93,13.82,93.7112
2013-09-12,2.92,14.29,93.5903
2013-09-13,2.9,14.16,93.6666
2013-09-16,2.88,14.38,93.2875
2013-09-17,2.86,14.53,93.2231
2013-09-18,2.69,13.59,93.2569
2013-09-19,2.76,13.16,92.4082
2013-09-20,2.75,13.12,92.6049
2013-09-23,2.72,14.31,92.613
2013-09-24,2.67,14.08,92.7691
2013-09-25,2.63,14.01,92.7675
2013-09-26,2.66,14.06,93.0096
2013-09-27,2.64,15.46,92.9747
2013-09-30,2.64,16.6,92.9207
2013-10-01,2.66,15.54,92.9515
2013-10-02,2.63,16.6,92.772
2013-10-03,2.62,17.67,92.7461
2013-10-04,2.66,16.74,92.6469
2013-10-07,2.65,19.41,92.6725
2013-10-08,2.66,20.34,92.7558
2013-10-09,2.68,19.6,93.0829
2013-10-10,2.71,16.48,92.8579
2013-10-11,2.7,15.72,92.854
2013-10-14,,16.07,
2013-10-15,2.75,18.66,92.7642
2013-10-16,2.69,14.71,92.6819
2013-10-17,2.61,13.48,92.0246
2013-10-18,2.6,13.04,91.9989
2013-10-21,2.63,13.16,92.2498
2013-10-22,2.54,13.33,91.9563
2013-10-23,2.51,13.42,92.0947
2013-10-24,2.53,13.2,92.1867
2013-10-25,2.53,13.09,92.1623
2013-10-28,2.54,13.31,92.1872
2013-10-29,2.53,13.41,92.301
2013-10-30,2.55,13.65,92.3057
2013-10-31,2.57,13.75,92.731
2013-11-01,2.65,13.28,93.155
2013-11-04,2.63,12.93,92.9359
2013-11-05,2.69,13.27,93.2112
2013-11-06,2.67,12.67,93.0943
2013-11-07,2.63,13.91,93.4003
2013-11-08,2.77,12.9,93.6619
2013-11-11,,12.53,
2013-11-12,2.8,12.82,93.7651
2013-11-13,2.75,12.52,93.4848
2013-11-14,2.69,12.37,93.4328
2013-11-15,2.71,12.19,93.2854
2013-11-18,2.67,13.1,92.9824
2013-11-19,2.71,13.39,93.0649
2013-11-20,2.8,13.4,93.2501
2013-11-21,2.79,12.66,93.5638
2013-11-22,2.75,12.26,93.4198
2013-11-25,2.74,12.79,93.5539
2013-11-26,2.71,12.81,93.5226
2013-11-27,2.74,12.98,93.6864
2013-11-28,,,
2013-11-29,2.75,13.7,93.6291
2013-12-02,2.81,14.23,93.8856
2013-12-03,2.79,14.55,93.8251
2013-12-04,2.84,14.7,93.8997
2013-12-05,2.88,15.08,93.4954
2013-12-06,2.88,13.79,93.4045
2013-12-09,2.86,13.49,93.1444
2013-12-10,2.81,13.91,
2013-12-11,2.86,15.42,93.0842
2013-12-12,2.89,15.54,93.4292
2013-12-13,2.88,15.76,93.3568
2013-12-16,2.89,16.03,93.2175
2013-12-17,2.85,16.21,93.302
2013-12-18,2.89,13.8,93.4207
2013-12-19,2.94,14.15,93.7368
2013-12-20,2.89,13.79,93.7211
2013-12-23,2.94,13.04,93.572
2013-12-24,2.99,12.48,93.6734
2013-12-25,,,
2013-12-26,3.0,12.33,93.766
2013-12-27,3.02,12.46,93.7018
2013-12-30,2.99,13.56,93.4866
2013-12-31,3.04,13.72,93.5576
2014-01-01,,,
2014-01-02,3.0,14.23,93.8192
2014-01-03,3.01,13.76,93.853
2014-01-06,2.98,13.55,93.9109
2014-01-07,2.96,12.92,94.0398
2014-01-08,3.01,12.87,94.2181
2014-01-09,2.97,12.89,94.3299
2014-01-10,2.88,12.14,94.0045
2014-01-13,2.84,13.28,93.899
2014-01-14,2.88,12.28,94.0303
2014-01-15,2.9,12.28,94.341
2014-01-16,2.86,12.53,94.5507
2014-01-17,2.84,12.44,94.5846
2014-01-20,,,
2014-01-21,2.85,12.87,94.679
2014-01-22,2.87,12.84,94.8479
2014-01-23,2.79,13.77,94.8415
2014-01-24,2.75,18.14,94.8555
2014-01-27,2.78,17.42,94.9059
2014-01-28,2.77,15.8,94.88
2014-01-29,2.69,17.35,94.8621
2014-01-30,2.72,17.29,95.1294
2014-01-31,2.67,18.41,95.1774
2014-02-03,2.61,21.44,95.2469
2014-02-04,2.64,19.11,95.0438
2014-02-05,2.7,19.95,95.0285
2014-02-06,2.73,17.23,94.7177
2014-02-07,2.71,15.29,94.7457
2014-02-10,2.7,15.26,94.7189
2014-02-11,2.75,14.51,94.6377
2014-02-12,2.8,14.3,94.6209
2014-02-13,2.73,14.14,
2014-02-14,2.75,13.57,94.2711
2014-02-17,,,
2014-02-18,2.71,13.87,94.1934
2014-02-19,2.73,15.5,94.38
2014-02-20,2.76,14.79,94.6571
2014-02-21,2.73,14.68,
2014-02-24,2.75,14.23,94.4042
2014-02-25,2.7,13.67,94.4735
2014-02-26,2.67,14.35,94.7754
2014-02-27,2.65,14.04,94.6722
2014-02-28,2.66,14.0,94.3879
2014-03-03,2.6,16.0,
2014-03-04,2.7,14.1,94.6568
2014-03-05,2.7,13.89,94.4679
2014-03-06,2.74,14.21,93.9858
2014-03-07,2.8,14.11,94.2532
2014-03-10,2.79,14.2,94.3731
2014-03-11,2.77,14.8,94.387
2014-03-12,2.73,14.47,94.462
2014-03-13,2.66,16.22,94.1872
2014-03-14,2.65,17.82,94.243
2014-03-17,2.7,15.64,
2014-03-18,2.68,14.52,94.2631
2014-03-19,2.78,15.12,94.3752
2014-03-20,2.79,14.52,94.9986
2014-03-21,2.75,15.0,94.8547
2014-03-24,2.74,15.09,94.759
2014-03-25,2.75,14.02,94.6379
2014-03-26,2.71,14.93,94.5281
2014-03-27,2.69,14.62,94.3315
2014-03-28,2.73,14.41,94.3683
2014-03-31,2.73,13.88,94.2432
2014-04-01,2.77,13.1,94.1244
2014-04-02,2.82,13.09,94.3103
2014-04-03,2.8,13.37,94.512
2014-04-04,2.74,13.96,94.2191
2014-04-07,2.71,15.57,94.0881
2014-04-08,2.69,14.89,93.6579
2014-04-09,2.71,13.82,93.6716
2014-04-10,2.65,15.89,93.5123
2014-04-11,2.63,17.03,93.6395
2014-04-14,2.65,16.11,93.8046
2014-04-15,2.64,15.61,93.9486
2014-04-16,2.65,14.18,93.9461
2014-04-17,2.73,13.36,93.8936
2014-04-18,,,93.9629
2014-04-21,2.73,13.25,94.0337
2014-04-22,2.73,13.19,94.0802
2014-04-23,2.7,13.27,94.149
2014-04-24,2.7,13.32,94.1294
2014-04-25,2.68,14.06,94.1623
2014-04-28,2.7,13.97,94.1374
2014-04-29,2.71,13.71,94.0295
2014-04-30,2.67,13.41,93.8896
2014-05-01,2.63,13.25,93.8707
2014-05-02,2.6,12.91,93.8182
2014-05-05,2.63,13.29,93.7334
2014-05-06,2.61,13.8,93.4324
2014-05-07,2.62,13.4,93.4337
2014-05-08,2.61,13.43,93.3686
2014-05-09,2.62,12.92,93.6614
2014-05-12,2.66,12.23,93.6537
2014-05-13,2.61,12.13,93.6755
2014-05-14,2.54,12.17,93.5968
2014-05-15,2.5,13.17,93.7065
2014-05-16,2.52,12.44,93.6073
2014-05-19,2.54,12.42,93.502
2014-05-20,2.52,12.96,93.6699
2014-05-21,2.54,11.91,93.7629
2014-05-22,2.56,12.03,93.6944
2014-05-23,2.54,11.36,93.7042
2014-05-26,,,
2014-05-27,2.52,11.51,93.8418
2014-05-28,2.44,11.68,93.8793
2014-05-29,2.45,11.57,93.6973
2014-05-30,2.48,11.4,93.7606
2014-06-02,2.54,11.58,94.0006
2014-06-03,2.6,11.87,94.0536
2014-06-04,2.61,12.08,94.1239
2014-06-05,2.59,11.68,93.9732
2014-06-06,2.6,10.73,93.9069
2014-06-09,2.62,11.15,93.9628
2014-06-10,2.64,10.99,94.0638
2014-06-11,2.65,11.6,93.9744
2014-06-12,2.58,12.56,93.8155
2014-06-13,2.6,12.18,93.9168
2014-06-16,2.61,12.65,93.8639
2014-06-17,2.66,12.06,94.0829
2014-06-18,2.61,10.61,94.0525
2014-06-19,2.64,10.62,93.752
2014-06-20,2.63,10.85,93.7591
2014-06-23,2.63,10.98,93.628
2014-06-24,2.59,12.13,93.7093
2014-06-25,2.57,11.59,93.5851
2014-06-26,2.53,11.63,93.5471
2014-06-27,2.54,11.26,93.3983
2014-06-30,2.53,11.57,93.2058
2014-07-01,2.58,11.15,93.1365
2014-07-02,2.64,10.82,93.2478
2014-07-03,2.65,10.32,93.3149
2014-07-04,,,
2014-07-07,2.63,11.33,93.3803
2014-07-08,2.58,11.98,93.323
2014-07-09,2.57,11.65,93.228
2014-07-10,2.55,12.59,93.3152
2014-07-11,2.53,12.08,93.4171
2014-07-14,2.55,11.82,93.4101
2014-07-15,2.56,11.96,93.5796
2014-07-16,2.55,11.0,93.5991
2014-07-17,2.47,14.54,93.6586
2014-07-18,2.5,12.06,93.6608
2014-07-21,2.49,12.81,93.6069
2014-07-22,2.48,12.24,93.6306
2014-07-23,2.48,11.52,93.5951
2014-07-24,2.52,11.84,93.6836
2014-07-25,2.48,12.69,93.8294
2014-07-28,2.5,12.56,93.83
2014-07-29,2.47,13.28,94.0443
2014-07-30,2.57,13.33,94.3473
2014-07-31,2.58,16.95,94.4467
2014-08-01,2.52,17.03,94.4754
2014-08-04,2.51,15.12,94.448
2014-08-05,2.49,16.87,94.6754
2014-08-06,2.49,16.37,94.6092
2014-08-07,2.43,16.66,94.6364
2014-08-08,2.44,15.77,94.6027
2014-08-11,2.44,14.23,94.4767
2014-08-12,2.46,14.13,94.5211
2014-08-13,2.43,12.9,94.4681
2014-08-14,2.4,12.42,94.3508
2014-08-15,2.34,13.15,94.2941
2014-08-18,2.39,12.32,94.2519
2014-08-19,2.4,12.21,94.4356
2014-08-20,2.43,11.78,94.5937
2014-08-21,2.41,11.76,94.673
2014-08-22,2.4,11.47,94.8012
2014-08-25,2.39,11.7,94.9159
2014-08-26,2.39,11.63,94.8617
2014-08-27,2.37,11.78,94.6863
2014-08-28,2.34,12.05,94.6947
2014-08-29,2.35,11.98,94.7251
2014-09-01,,,
2014-09-02,2.42,12.25,95.063
2014-09-03,2.41,12.36,94.8709
2014-09-04,2.45,12.64,95.2641
2014-09-05,2.46,12.09,95.2203
2014-09-08,2.48,12.66,95.4167
2014-09-09,2.5,13.5,95.8811
2014-09-10,2.54,12.88,95.8641
2014-09-11,2.54,12.8,95.9184
2014-09-12,2.62,13.31,96.0748
2014-09-15,2.6,14.12,96.1195
2014-09-16,2.6,12.73,95.8483
2014-09-17,2.62,12.65,95.9106
2014-09-18,2.63,12.03,96.1284
2014-09-19,2.59,12.11,96.3417
2014-09-22,2.57,13.69,96.4625
2014-09-23,2.54,14.93,96.5112
2014-09-24,2.57,13.27,96.6574
2014-09-25,2.52,15.64,96.8988
2014-09-26,2.54,14.85,97.208
2014-09-29,2.5,15.98,97.3523
2014-09-30,2.52,16.31,97.5261
2014-10-01,2.42,16.71,97.5387
2014-10-02,2.44,16.16,97.3062
2014-10-03,2.45,14.55,97.9846
2014-10-06,2.43,15.46,97.5513
2014-10-07,2.36,17.2,97.4459
2014-10-08,2.35,15.11,97.4945
2014-10-09,2.34,18.76,97.1711
2014-10-10,2.31,21.24,97.4144
2014-10-13,,24.64,
2014-10-14,2.21,22.79,97.3943
2014-10-15,2.15,26.25,97.3532
2014-10-16,2.17,25.2,97.2869
2014-10-17,2.22,21.99,97.3067
2014-10-20,2.2,18.57,97.2874
2014-10-21,2.23,16.08,97.2488
2014-10-22,2.25,17.87,97.459
2014-10-23,2.29,16.53,97.6047
2014-10-24,2.29,16.11,97.4772
2014-10-27,2.27,16.04,97.5423
2014-10-28,2.3,14.39,97.2173
2014-10-29,2.34,15.15,97.0145
2014-10-30,2.32,14.52,97.456
2014-10-31,2.35,14.03,98.1163
2014-11-03,2.36,14.73,98.5336
2014-11-04,2.35,14.89,98.5576
2014-11-05,2.36,14.17,98.8086
2014-11-06,2.39,13.67,99.1325
2014-11-07,2.32,13.12,99.0236
2014-11-10,2.38,12.67,98.9305
2014-11-11,,12.92,
2014-11-12,2.37,13.02,98.8897
2014-11-13,2.35,13.79,99.1045
2014-11-14,2.32,13.31,99.0917
2014-11-17,2.34,13.99,99.2188
2014-11-18,2.32,13.86,99.0185
2014-11-19,2.36,13.96,99.2424
2014-11-20,2.34,13.58,99.2554
2014-11-21,2.31,12.9,99.2894
2014-11-24,2.3,12.62,99.4227
2014-11-25,2.27,12.25,99.2837
2014-11-26,2.24,12.07,99.1893
2014-11-27,,,
2014-11-28,2.18,13.33,100.0719
2014-12-01,2.22,14.29,99.8964
2014-12-02,2.28,12.85,100.4478
2014-12-03,2.29,12.47,100.5696
2014-12-04,2.25,12.38,100.3931
2014-12-05,2.31,11.82,101.0989
2014-12-08,2.26,14.21,101.31
2014-12-09,2.22,14.89,100.8095
2014-12-10,2.18,18.53,101.0212
2014-12-11,2.19,20.08,101.4448
2014-12-12,2.1,21.08,101.3735
2014-12-15,2.12,20.42,101.674
2014-12-16,2.07,23.57,101.526
2014-12-17,2.14,19.44,101.5527
2014-12-18,2.22,16.81,101.7531
2014-12-19,2.17,16.49,102.0483
2014-12-22,2.17,15.25,101.9942
2014-12-23,2.26,14.8,102.348
2014-12-24,2.27,14.37,102.3028
2014-12-25,,,
2014-12-26,2.25,14.5,
2014-12-29,2.22,15.06,102.3767
2014-12-30,2.2,15.92,102.1019
2014-12-31,2.17,19.2,102.2843
2015-01-01,,,
2015-01-02,2.12,17.79,102.9027
2015-01-05,2.04,19.92,103.4976
2015-01-06,1.97,21.12,103.2938
2015-01-07,1.96,19.31,103.6316
2015-01-08,2.03,17.01,103.2799
2015-01-09,1.98,17.55,103.1213
2015-01-12,1.92,19.6,103.2372
2015-01-13,1.91,20.56,103.27
2015-01-14,1.86,21.48,103.0903
2015-01-15,1.77,22.39,103.0829
2015-01-16,1.83,20.95,103.2189
2015-01-19,,,
2015-01-20,1.82,19.89,103.5233
2015-01-21,1.87,18.85,103.7858
2015-01-22,1.9,16.4,103.9271
2015-01-23,1.81,16.66,104.3676
2015-01-26,1.83,15.52,104.4818
2015-01-27,1.83,17.22,104.1646
2015-01-28,1.73,20.44,104.4737
2015-01-29,1.77,18.76,105.2763
2015-01-30,1.68,20.97,105.5884
2015-02-02,1.68,19.43,105.2058
2015-02-03,1.79,17.33,104.6063
2015-02-04,1.81,18.33,104.785
2015-02-05,1.83,16.85,104.4915
2015-02-06,1.95,17.29,105.1283
2015-02-09,1.96,18.55,104.9889
2015-02-10,2.01,17.23,105.2897
2015-02-11,2.0,16.96,105.7901
2015-02-12,1.99,15.34,104.9385
2015-02-13,2.02,14.69,104.8452
2015-02-16,,,
2015-02-17,2.14,15.8,
2015-02-18,2.07,15.45,105.2514
2015-02-19,2.11,15.29,105.1407
2015-02-20,2.13,14.3,105.3387
2015-02-23,2.06,14.56,105.5359
2015-02-24,1.99,13.69,105.5472
2015-02-25,1.96,13.84,105.0503
2015-02-26,2.03,13.91,105.5021
2015-02-27,2.0,13.34,105.5981
2015-03-02,2.08,13.04,105.8151
2015-03-03,2.12,13.86,105.5562
2015-03-04,2.12,14.23,106.1333
2015-03-05,2.11,14.04,
2015-03-06,2.24,15.2,107.4337
2015-03-09,2.2,15.06,107.5199
2015-03-10,2.14,16.69,108.1165
2015-03-11,2.11,16.87,108.5235
2015-03-12,2.1,15.42,108.1741
2015-03-13,2.13,16.0,108.9174
2015-03-16,2.1,15.61,108.6422
2015-03-17,2.06,15.66,108.5805
2015-03-18,1.93,13.97,108.408
2015-03-19,1.98,14.07,108.1826
2015-03-20,1.93,13.02,107.1671
2015-03-23,1.92,13.41,106.5022
2015-03-24,1.88,13.62,106.4401
2015-03-25,1.93,15.44,106.2636
2015-03-26,2.01,15.8,106.5582
2015-03-27,1.95,15.07,106.8916
2015-03-30,1.96,14.51,107.3941
2015-03-31,1.94,15.29,107.4396
2015-04-01,1.87,15.11,107.06
2015-04-02,1.92,14.67,106.6738
2015-04-03,1.85,,105.8861
2015-04-06,1.92,14.74,105.7876
2015-04-07,1.89,14.78,106.4488
2015-04-08,1.92,13.98,106.4231
2015-04-09,1.97,13.09,107.0335
2015-04-10,1.96,12.58,107.4526
2015-04-13,1.94,13.94,107.7508
2015-04-14,1.9,13.67,107.0547
2015-04-15,1.91,12.84,107.1855
2015-04-16,1.9,12.6,106.2761
2015-04-17,1.87,13.89,106.329
2015-04-20,1.9,13.3,106.4902
2015-04-21,1.92,13.25,106.5582
2015-04-22,1.99,12.71,106.5815
2015-04-23,1.96,12.48,106.1658
2015-04-24,1.93,12.29,105.905
2015-04-27,1.94,13.12,105.6891
2015-04-28,2.0,12.41,105.1234
2015-04-29,2.06,13.39,104.5634
2015-04-30,2.05,14.55,105.312
2015-05-01,2.12,12.7,105.6382
2015-05-04,2.16,12.85,105.6679
2015-05-05,2.19,14.31,105.2396
2015-05-06,2.25,15.15,104.6935
2015-05-07,2.18,15.13,105.1941
2015-05-08,2.16,12.86,104.8424
2015-05-11,2.28,13.85,105.3075
2015-05-12,2.28,13.86,104.8924
2015-05-13,2.27,13.76,104.3608
2015-05-14,2.23,12.74,104.2359
2015-05-15,2.14,12.38,104.0202
2015-05-18,2.23,12.73,104.6068
2015-05-19,2.27,12.85,105.3448
2015-05-20,2.26,12.88,105.5605
2015-05-21,2.19,12.11,105.3808
2015-05-22,2.21,12.13,105.8487
2015-05-25,,,
2015-05-26,2.14,14.06,106.7294
2015-05-27,2.14,13.27,106.908
2015-05-28,2.13,13.31,106.92
2015-05-29,2.12,13.84,106.7388
2015-06-01,2.19,13.97,107.2238
2015-06-02,2.27,14.24,106.4507
2015-06-03,2.38,13.66,106.1443
2015-06-04,2.31,14.71,106.4725
2015-06-05,2.41,14.21,107.1336
2015-06-08,2.39,15.29,106.7693
2015-06-09,2.42,14.47,106.2238
2015-06-10,2.5,13.22,105.8037
2015-06-11,2.39,12.85,106.0934
2015-06-12,2.39,13.78,105.9015
2015-06-15,2.36,15.39,105.9989
2015-06-16,2.32,14.81,106.0473
2015-06-17,2.32,14.5,106.058
2015-06-18,2.35,13.19,105.102
2015-06-19,2.26,13.96,105.4496
2015-06-22,2.37,12.74,105.3846
2015-06-23,2.42,12.11,105.9678
2015-06-24,2.38,13.26,106.2522
2015-06-25,2.4,14.01,106.1515
2015-06-26,2.49,14.02,106.4116
2015-06-29,2.33,18.85,106.3785
2015-06-30,2.35,18.23,106.5191
2015-07-01,2.43,16.09,107.0101
2015-07-02,2.4,16.79,106.9106
2015-07-03,,,
2015-07-06,2.3,17.01,107.1343
2015-07-07,2.27,16.09,107.785
2015-07-08,2.22,19.66,107.4734
2015-07-09,2.32,19.97,107.5595
2015-07-10,2.42,16.83,107.213
2015-07-13,2.44,13.9,107.5849
2015-07-14,2.41,13.37,107.4843
2015-07-15,2.36,13.23,108.0149
2015-07-16,2.36,12.11,108.1726
2015-07-17,2.34,11.95,108.5374
2015-07-20,2.38,12.25,108.6944
2015-07-21,2.35,12.22,108.3893
2015-07-22,2.33,12.12,108.7817
2015-07-23,2.28,12.64,108.7565
2015-07-24,2.27,13.74,109.0174
2015-07-27,2.23,15.6,108.6924
2015-07-28,2.26,13.44,108.6881
2015-07-29,2.29,12.5,108.604
2015-07-30,2.28,12.13,109.4328
2015-07-31,2.2,12.12,108.7819
2015-08-03,2.16,12.56,109.214
2015-08-04,2.23,13.0,109.2244
2015-08-05,2.28,12.51,109.842
2015-08-06,2.23,13.77,109.722
2015-08-07,2.18,13.39,109.4376
2015-08-10,2.24,12.23,109.1931
2015-08-11,2.15,13.71,109.9464
2015-08-12,2.14,13.61,109.4655
2015-08-13,2.19,13.49,109.9025
2015-08-14,2.2,12.83,109.9174
2015-08-17,2.16,13.02,110.1435
2015-08-18,2.2,13.79,110.2504
2015-08-19,2.12,15.25,110.4333
2015-08-20,2.09,19.14,110.1077
2015-08-21,2.05,28.03,110.1443
2015-08-24,2.01,40.74,109.9306
2015-08-25,2.12,36.02,110.3394
2015-08-26,2.18,30.32,110.5807
2015-08-27,2.18,26.1,110.4834
2015-08-28,2.19,26.05,110.6714
2015-08-31,2.21,28.43,110.5621
2015-09-01,2.17,31.4,110.4506
2015-09-02,2.2,26.09,110.7979
2015-09-03,2.18,25.61,110.8566
2015-09-04,2.13,27.8,111.1018
2015-09-07,,,
2015-09-08,2.2,24.9,110.7942
2015-09-09,2.21,26.23,110.9225
2015-09-10,2.23,24.37,110.6331
2015-09-11,2.2,23.2,110.6109
2015-09-14,2.18,24.25,110.5005
2015-09-15,2.28,22.54,110.6394
2015-09-16,2.3,21.35,110.1021
2015-09-17,2.21,21.14,110.1212
2015-09-18,2.13,22.28,109.8165
2015-09-21,2.2,20.14,110.6414
2015-09-22,2.14,22.44,111.1967
2015-09-23,2.16,22.13,111.6287
2015-09-24,2.13,23.47,111.4454
2015-09-25,2.17,23.62,111.3725
2015-09-28,2.1,27.63,111.3914
2015-09-29,2.05,26.83,111.5219
2015-09-30,2.06,24.5,111.3311
2015-10-01,2.05,22.55,111.0439
2015-10-02,1.99,20.94,110.7006
2015-10-05,2.07,19.54,110.4445
2015-10-06,2.05,19.4,110.1371
2015-10-07,2.08,18.4,109.8162
2015-10-08,2.12,17.42,109.6452
2015-10-09,2.12,17.08,109.0782
2015-10-12,,16.17,
2015-10-13,2.06,17.67,109.4119
2015-10-14,1.99,18.03,109.1244
2015-10-15,2.04,16.05,108.6671
2015-10-16,2.04,15.05,108.9956
2015-10-19,2.04,14.98,109.3858
2015-10-20,2.08,15.75,109.3368
2015-10-21,2.04,16.7,109.7746
2015-10-22,2.04,14.45,110.0342
2015-10-23,2.09,14.46,110.4329
2015-10-26,2.07,15.29,110.2089
2015-10-27,2.05,15.43,110.4875
2015-10-28,2.1,14.33,110.2334
2015-10-29,2.19,14.61,110.8083
2015-10-30,2.16,15.07,110.2079
2015-11-02,2.2,14.15,110.2188
2015-11-03,2.23,14.54,110.244
2015-11-04,2.25,15.51,110.7139
2015-11-05,2.26,15.05,110.8302
2015-11-06,2.34,14.33,111.7603
2015-11-09,2.36,16.52,111.9112
2015-11-10,2.32,15.29,111.9919
2015-11-11,,16.06,
2015-11-12,2.32,18.37,111.7965
2015-11-13,2.28,20.08,112.0264
2015-11-16,2.27,18.16,112.2199
2015-11-17,2.25,18.84,112.3141
2015-11-18,2.27,16.85,112.3663
2015-11-19,2.24,16.99,111.5749
2015-11-20,2.26,15.47,111.7799
2015-11-23,2.25,15.62,112.1125
2015-11-24,2.24,15.93,111.7638
2015-11-25,2.23,15.19,111.8936
2015-11-26,,,
2015-11-27,2.22,15.12,112.2824
2015-11-30,2.21,16.13,112.34
2015-12-01,2.15,14.67,112.1134
2015-12-02,2.18,15.91,112.3715
2015-12-03,2.33,18.11,111.6407
2015-12-04,2.28,14.81,111.5463
2015-12-07,2.23,15.84,112.3056
2015-12-08,2.24,17.6,112.5485
2015-12-09,2.22,19.61,112.1918
2015-12-10,2.24,19.34,112.2672
2015-12-11,2.13,24.39,112.7147
2015-12-14,2.23,22.73,112.7521
2015-12-15,2.28,20.95,112.8609
2015-12-16,2.3,17.86,112.9864
2015-12-17,2.24,18.94,113.8177
2015-12-18,2.19,20.7,113.2837
2015-12-21,2.2,18.7,113.4144
2015-12-22,2.24,16.6,113.211
2015-12-23,2.27,15.57,113.1847
2015-12-24,2.25,15.74,113.0496
2015-12-25,,,
2015-12-28,2.24,16.91,113.0461
2015-12-29,2.32,16.08,113.1664
2015-12-30,2.31,17.29,113.4707
2015-12-31,2.27,18.21,113.3429
2016-01-01,,,
2016-01-04,2.24,20.7,114.1595
2016-01-05,2.25,19.34,114.2649
2016-01-06,2.18,20.59,114.6177
2016-01-07,2.16,24.99,114.6516
2016-01-08,2.13,27.01,115.0095
2016-01-11,2.17,24.3,115.0139
2016-01-12,2.12,22.47,115.3128
2016-01-13,2.08,25.22,115.1425
2016-01-14,2.1,23.95,115.3846
2016-01-15,2.03,27.02,115.7404
2016-01-18,,,
2016-01-19,2.06,26.05,115.8155
2016-01-20,2.01,27.59,116.3498
2016-01-21,2.02,26.69,115.9833
2016-01-22,2.07,22.34,
2016-01-25,2.03,24.15,
2016-01-26,2.01,22.5,
2016-01-27,2.02,23.11,115.5087
2016-01-28,2.0,22.42,115.2224
2016-01-29,1.94,20.2,115.5731
2016-02-01,1.97,19.98,115.3331
2016-02-02,1.87,21.98,115.553
2016-02-03,1.88,21.65,114.6144
2016-02-04,1.87,21.84,113.6012
2016-02-05,1.86,23.38,114.2935
2016-02-08,1.75,26.0,114.4351
2016-02-09,1.74,26.54,114.127
2016-02-10,1.71,26.29,114.2877
2016-02-11,1.63,28.14,114.1845
2016-02-12,1.74,25.4,114.2992
2016-02-15,,,
2016-02-16,1.78,24.11,114.4905
2016-02-17,1.81,22.31,113.8634
2016-02-18,1.75,21.64,113.8897
2016-02-19,1.76,20.53,113.9558
2016-02-22,1.77,19.38,113.8232
2016-02-23,1.74,20.98,114.177
2016-02-24,1.75,20.72,114.1716
2016-02-25,1.71,19.11,113.9222
2016-02-26,1.76,19.81,114.3708
2016-02-29,1.74,20.55,114.2418
2016-03-01,1.83,17.7,113.9265
2016-03-02,1.84,17.09,113.7965
2016-03-03,1.83,16.7,113.2482
2016-03-04,1.88,16.86,112.6387
2016-03-07,1.91,17.35,112.6219
2016-03-08,1.83,18.67,112.8465
2016-03-09,1.9,18.34,112.4268
2016-03-10,1.93,18.05,112.4191
2016-03-11,1.98,16.5,111.741
2016-03-14,1.97,16.92,112.1688
2016-03-15,1.97,16.84,112.5545
2016-03-16,1.94,14.99,112.7759
2016-03-17,1.91,14.44,110.445
2016-03-18,1.88,14.02,110.4002
2016-03-21,1.92,13.79,110.737
2016-03-22,1.94,14.17,110.7877
2016-03-23,1.88,14.94,111.5473
2016-03-24,1.91,14.74,111.816
2016-03-25,,,111.7698
2016-03-28,1.89,15.24,111.3578
2016-03-29,1.81,13.82,111.3736
2016-03-30,1.83,13.56,110.2301
2016-03-31,1.78,13.95,109.9191
2016-04-01,1.79,13.1,110.2977
2016-04-04,1.78,14.12,110.3987
2016-04-05,1.73,15.42,110.9478
2016-04-06,1.76,14.09,110.5347
2016-04-07,1.7,16.16,110.8876
2016-04-08,1.72,15.36,110.4213
2016-04-11,1.73,16.26,109.9758
2016-04-12,1.79,14.85,109.816
2016-04-13,1.77,13.84,110.1436
2016-04-14,1.8,13.72,110.1691
2016-04-15,1.76,13.62,110.1933
2016-04-18,1.78,13.35,109.9892
2016-04-19,1.79,13.24,109.2782
2016-04-20,1.85,13.28,109.3926
2016-04-21,1.88,13.95,109.8533
2016-04-22,1.89,13.22,110.2331
2016-04-25,1.91,14.08,110.1865
2016-04-26,1.94,13.96,109.7496
2016-04-27,1.87,13.77,109.8483
2016-04-28,1.84,15.22,109.2148
2016-04-29,1.83,15.7,108.8274
2016-05-02,1.88,14.68,108.671
2016-05-03,1.81,15.6,109.3613
2016-05-04,1.79,16.05,109.9952
2016-05-05,1.76,15.91,110.2417
2016-05-06,1.79,14.72,110.3801
2016-05-09,1.77,14.57,110.9466
2016-05-10,1.77,13.63,110.8225
2016-05-11,1.73,14.69,110.2806
2016-05-12,1.75,14.41,110.6935
2016-05-13,1.71,15.04,111.2521
2016-05-16,1.75,14.68,111.1217
2016-05-17,1.76,15.57,111.0867
2016-05-18,1.87,15.95,111.4995
2016-05-19,1.85,16.33,112.2331
2016-05-20,1.85,15.2,112.1822
2016-05-23,1.84,15.82,112.284
2016-05-24,1.86,14.42,112.2912
2016-05-25,1.87,13.9,112.2001
2016-05-26,1.83,13.43,111.8979
2016-05-27,1.85,13.12,112.0822
2016-05-30,,,
2016-05-31,1.84,14.19,112.4276
2016-06-01,1.85,14.2,112.462
2016-06-02,1.81,13.63,112.4564
2016-06-03,1.71,13.47,111.4451
2016-06-06,1.73,13.65,111.2295
2016-06-07,1.72,14.05,110.8378
2016-06-08,1.71,14.08,110.1916
2016-06-09,1.68,14.64,110.6168
2016-06-10,1.64,17.03,111.1027
2016-06-13,1.62,20.97,111.5036
2016-06-14,1.62,20.5,111.9826
2016-06-15,1.6,20.14,111.7671
2016-06-16,1.57,19.37,112.2347
2016-06-17,1.62,19.41,111.5332
2016-06-20,1.67,18.37,110.8693
2016-06-21,1.71,18.48,111.0077
2016-06-22,1.69,21.17,110.7681
2016-06-23,1.74,17.25,110.262
2016-06-24,1.57,25.76,112.1355
2016-06-27,1.46,23.85,113.1301
2016-06-28,1.46,18.75,112.7545
2016-06-29,1.5,16.64,111.8597
2016-06-30,1.49,15.63,112.1618
2016-07-01,1.46,14.77,111.6509
2016-07-04,,,
2016-07-05,1.37,15.58,112.4231
2016-07-06,1.38,14.96,112.5438
2016-07-07,1.4,14.76,112.5775
2016-07-08,1.37,13.2,112.3963
2016-07-11,1.43,13.54,112.5254
2016-07-12,1.53,13.55,112.1102
2016-07-13,1.48,13.04,112.0266
2016-07-14,1.53,12.82,111.7692
2016-07-15,1.6,12.67,112.2833
2016-07-18,1.59,12.44,112.2463
2016-07-19,1.56,11.97,112.638
2016-07-20,1.59,11.77,112.6743
2016-07-21,1.57,12.74,112.6239
2016-07-22,1.57,12.02,112.989
2016-07-25,1.58,12.87,113.1784
2016-07-26,1.57,13.05,113.0593
2016-07-27,1.52,12.83,113.217
2016-07-28,1.52,12.72,112.7393
2016-07-29,1.46,11.87,111.874
2016-08-01,1.51,12.44,111.9757
2016-08-02,1.55,13.37,111.7124
2016-08-03,1.55,12.86,111.9419
2016-08-04,1.51,12.42,111.9149
2016-08-05,1.59,11.39,112.3589
2016-08-08,1.59,11.5,112.1456
2016-08-09,1.55,11.66,111.722
2016-08-10,1.5,12.05,111.3238
2016-08-11,1.57,11.68,111.1954
2016-08-12,1.51,11.55,111.1787
2016-08-15,1.55,11.81,110.9212
2016-08-16,1.57,12.64,110.4295
2016-08-17,1.56,12.19,110.9459
2016-08-18,1.53,11.43,110.3134
2016-08-19,1.58,11.34,110.8163
2016-08-22,1.55,12.27,110.9997
2016-08-23,1.55,12.38,110.9414
2016-08-24,1.56,13.45,111.2958
2016-08-25,1.58,13.63,111.1726
2016-08-26,1.62,13.65,111.2035
2016-08-29,1.57,12.94,111.8775
2016-08-30,1.57,13.12,112.2928
2016-08-31,1.58,13.42,112.4036
2016-09-01,1.57,13.48,112.1733
2016-09-02,1.6,11.98,112.0009
2016-09-05,,,
2016-09-06,1.55,12.02,110.9613
2016-09-07,1.54,11.94,110.9717
2016-09-08,1.61,12.51,111.2609
2016-09-09,1.67,17.5,111.9879
2016-09-12,1.68,15.16,112.1516
2016-09-13,1.73,17.85,112.5207
2016-09-14,1.7,18.14,112.4678
2016-09-15,1.71,16.3,112.4753
2016-09-16,1.7,15.37,113.1765
2016-09-19,1.7,15.53,112.903
2016-09-20,1.69,15.92,113.1848
2016-09-21,1.66,13.3,112.9842
2016-09-22,1.63,12.02,112.2592
2016-09-23,1.62,12.29,112.7166
2016-09-26,1.59,14.5,112.7112
2016-09-27,1.56,13.1,112.5515
2016-09-28,1.57,12.39,112.6283
2016-09-29,1.56,14.02,112.2879
2016-09-30,1.6,13.29,112.2795
2016-10-03,1.63,13.57,112.5077
2016-10-04,1.69,13.63,112.6579
2016-10-05,1.72,12.99,112.7946
2016-10-06,1.75,12.84,113.0066
2016-10-07,1.73,13.48,113.2915
2016-10-10,,13.38,
2016-10-11,1.77,15.36,113.4461
2016-10-12,1.79,15.91,113.7442
2016-10-13,1.75,16.69,113.6238
2016-10-14,1.8,16.12,113.7119
2016-10-17,1.77,16.21,113.5488
2016-10-18,1.75,15.28,113.1393
2016-10-19,1.76,14.41,113.0547
2016-10-20,1.76,13.75,113.4033
2016-10-21,1.74,13.34,113.9015
2016-10-24,1.77,13.02,113.8571
2016-10-25,1.77,13.46,113.6801
2016-10-26,1.79,14.24,113.8131
2016-10-27,1.85,15.36,114.1998
2016-10-28,1.86,16.19,114.0931
2016-10-31,1.84,17.06,114.0188
2016-11-01,1.83,18.56,113.9915
2016-11-02,1.81,19.32,113.9206
2016-11-03,1.82,22.08,113.7664
2016-11-04,1.79,22.51,113.5828
2016-11-07,1.83,18.71,113.5443
2016-11-08,1.88,18.74,113.3017
2016-11-09,2.07,14.38,114.6956
2016-11-10,2.15,14.74,115.9375
2016-11-11,,14.17,
2016-11-14,2.23,14.48,117.2245
2016-11-15,2.23,13.37,116.7724
2016-11-16,2.22,13.72,116.8062
2016-11-17,2.29,13.35,116.8952
2016-11-18,2.34,12.85,117.5936
2016-11-21,2.33,12.42,117.4762
2016-11-22,2.31,12.41,117.4508
2016-11-23,2.36,12.43,118.0356
2016-11-24,,,
2016-11-25,2.36,12.34,118.02
2016-11-28,2.32,13.15,117.7278
2016-11-29,2.3,12.9,117.644
2016-11-30,2.37,13.33,117.7636
2016-12-01,2.45,14.07,117.6642
2016-12-02,2.4,14.12,117.3116
2016-12-05,2.39,12.14,117.1008
2016-12-06,2.39,11.79,116.9225
2016-12-07,2.34,12.22,116.672
2016-12-08,2.4,12.64,117.0327
2016-12-09,2.47,11.75,117.2834
2016-12-12,2.49,12.64,116.9161
2016-12-13,2.48,12.72,116.8029
2016-12-14,2.54,13.19,116.7332
2016-12-15,2.6,12.79,118.8072
2016-12-16,2.6,12.2,118.3584
2016-12-19,2.54,11.71,118.3875
2016-12-20,2.57,11.45,118.63
2016-12-21,2.55,11.27,118.581
2016-12-22,2.55,11.43,118.8209
2016-12-23,2.55,11.44,118.7856
2016-12-26,,,
2016-12-27,2.57,11.99,118.9506
2016-12-28,2.51,12.95,119.2305
2016-12-29,2.49,13.37,118.6637
2016-12-30,2.45,14.04,118.3466
2017-01-02,,,
2017-01-03,2.45,12.85,119.0903
2017-01-04,2.46,11.85,118.8803
2017-01-05,2.37,11.67,117.9999
2017-01-06,2.42,11.32,118.3495
2017-01-09,2.38,11.56,118.4111
2017-01-10,2.38,11.49,118.5386
2017-01-11,2.38,11.26,119.0219
2017-01-12,2.36,11.54,117.8001
2017-01-13,2.4,11.23,117.9884
2017-01-16,,,
2017-01-17,2.33,11.87,117.2656
2017-01-18,2.42,12.48,117.7242
2017-01-19,2.47,12.78,118.3182
2017-01-20,2.48,11.54,
2017-01-23,2.41,11.77,117.2479
2017-01-24,2.47,11.07,117.0516
2017-01-25,2.53,10.81,116.9355
2017-01-26,2.51,10.63,117.2766
2017-01-27,2.49,10.58,117.0735
2017-01-30,2.49,11.88,116.7325
2017-01-31,2.45,11.99,116.2241
2017-02-01,2.48,11.81,116.3914
2017-02-02,2.48,11.93,115.903
2017-02-03,2.49,10.97,115.6259
2017-02-06,2.42,11.37,116.0504
2017-02-07,2.4,11.29,116.4082
2017-02-08,2.34,11.45,116.1382
2017-02-09,2.4,10.88,116.306
2017-02-10,2.41,10.85,116.148
2017-02-13,2.43,11.07,116.3427
2017-02-14,2.47,10.74,116.3949
2017-02-15,2.51,11.97,116.2162
2017-02-16,2.45,11.76,116.0067
2017-02-17,2.42,11.49,116.4035
2017-02-20,,,
2017-02-21,2.43,11.57,116.5921
2017-02-22,2.42,11.74,116.2136
2017-02-23,2.38,11.71,115.6527
2017-02-24,2.31,11.47,115.8143
2017-02-27,2.36,12.09,115.6764
2017-02-28,2.36,12.92,116.0032
2017-03-01,2.46,12.54,116.438
2017-03-02,2.49,11.81,116.8429
2017-03-03,2.49,10.96,116.6438
2017-03-06,2.49,11.24,116.4313
2017-03-07,2.52,11.45,116.4303
2017-03-08,2.57,11.86,116.875
2017-03-09,2.6,12.3,116.9959
2017-03-10,2.58,11.66,116.616
2017-03-13,2.62,11.35,116.4004
2017-03-14,2.6,12.3,116.5646
2017-03-15,2.51,11.63,116.3584
2017-03-16,2.53,11.21,115.4456
2017-03-17,2.5,11.28,115.2783
2017-03-20,2.47,11.34,115.0426
2017-03-21,2.43,12.47,114.8119
2017-03-22,2.4,12.81,114.7937
2017-03-23,2.41,13.12,114.7899
2017-03-24,2.4,12.96,114.6372
2017-03-27,2.38,12.5,114.2347
2017-03-28,2.42,11.53,114.419
2017-03-29,2.39,11.42,114.7167
2017-03-30,2.42,11.54,114.5245
2017-03-31,2.4,12.37,114.7938
2017-04-03,2.35,12.38,114.8734
2017-04-04,2.36,11.79,115.0038
2017-04-05,2.34,12.89,114.9494
2017-04-06,2.34,12.39,115.0181
2017-04-07,2.38,12.87,115.0547
2017-04-10,2.37,14.05,115.11
2017-04-11,2.32,15.07,115.009
2017-04-12,2.28,15.77,114.9162
2017-04-13,2.24,15.96,114.5059
2017-04-14,,,114.5368
2017-04-17,2.26,14.66,114.3283
2017-04-18,2.18,14.42,114.2575
2017-04-19,2.21,14.93,114.7923
2017-04-20,2.24,14.15,114.6205
2017-04-21,2.24,14.63,114.8128
2017-04-24,2.28,10.84,114.3659
2017-04-25,2.35,10.76,114.5111
2017-04-26,2.32,10.85,114.9479
2017-04-27,2.3,10.36,114.9946
2017-04-28,2.29,10.82,114.7877
2017-05-01,2.33,10.11,114.5921
2017-05-02,2.29,10.59,114.6792
2017-05-03,2.33,10.68,114.6637
2017-05-04,2.36,10.46,114.9076
2017-05-05,2.36,10.57,114.7725
2017-05-08,2.39,9.77,115.0895
2017-05-09,2.42,9.96,115.3933
2017-05-10,2.41,10.21,115.1145
2017-05-11,2.39,10.6,115.0669
2017-05-12,2.33,10.4,114.7479
2017-05-15,2.34,10.42,114.3504
2017-05-16,2.33,10.65,113.9923
2017-05-17,2.22,15.59,113.7506
2017-05-18,2.23,14.66,114.2683
2017-05-19,2.23,12.04,113.7001
2017-05-22,2.25,10.93,113.5442
2017-05-23,2.29,10.72,113.6862
2017-05-24,2.26,10.02,113.675
2017-05-25,2.25,9.99,113.3719
2017-05-26,2.25,9.81,113.4839
2017-05-29,,,
2017-05-30,2.21,10.38,113.5552
2017-05-31,2.21,10.41,113.2956
2017-06-01,2.21,9.89,113.3017
2017-06-02,2.15,9.75,113.1908
2017-06-05,2.18,10.07,112.9755
2017-06-06,2.14,10.45,112.7095
2017-06-07,2.18,10.39,112.8191
2017-06-08,2.19,10.16,112.8351
2017-06-09,2.21,10.7,112.9562
2017-06-12,2.21,11.46,112.9837
2017-06-13,2.21,10.42,112.6271
2017-06-14,2.15,10.64,112.0734
2017-06-15,2.16,10.9,112.8708
2017-06-16,2.16,10.38,112.6155
2017-06-19,2.19,10.37,112.7576
2017-06-20,2.16,10.86,113.2698
2017-06-21,2.16,10.75,113.3327
2017-06-22,2.15,10.48,113.1654
2017-06-23,2.15,10.02,112.8665
2017-06-26,2.14,9.9,112.7633
2017-06-27,2.21,11.06,112.55
2017-06-28,2.22,10.03,112.0747
2017-06-29,2.27,11.44,111.998
2017-06-30,2.31,11.18,111.9896
2017-07-03,2.35,11.22,112.4268
2017-07-04,,,
2017-07-05,2.33,11.07,112.6534
2017-07-06,2.37,12.54,112.4199
2017-07-07,2.39,11.19,112.3137
2017-07-10,2.38,11.11,112.1587
2017-07-11,2.37,10.89,112.1434
2017-07-12,2.33,10.3,111.5904
2017-07-13,2.35,9.9,111.5365
2017-07-14,2.33,9.51,110.9075
2017-07-17,2.31,9.82,110.9304
2017-07-18,2.27,9.89,110.4356
2017-07-19,2.27,9.79,110.4339
2017-07-20,2.27,9.58,110.2512
2017-07-21,2.24,9.36,110.191
2017-07-24,2.26,9.43,110.2004
2017-07-25,2.33,9.43,110.2835
2017-07-26,2.29,9.6,110.3811
2017-07-27,2.32,10.11,110.216
2017-07-28,2.3,10.29,109.92
2017-07-31,2.3,10.26,109.8177
2017-08-01,2.26,10.09,109.8495
2017-08-02,2.27,10.28,109.7503
2017-08-03,2.24,10.44,109.8332
2017-08-04,2.27,10.03,110.2808
2017-08-07,2.26,9.93,110.373
2017-08-08,2.29,10.96,110.396
2017-08-09,2.24,11.11,110.3671
2017-08-10,2.2,16.04,110.1886
2017-08-11,2.19,15.51,110.0422
2017-08-14,2.22,12.33,110.095
2017-08-15,2.27,12.04,110.4846
2017-08-16,2.23,11.74,110.4394
2017-08-17,2.19,15.55,110.1673
2017-08-18,2.19,14.26,110.041
2017-08-21,2.18,13.19,109.7349
2017-08-22,2.22,11.35,109.8386
2017-08-23,2.17,12.25,109.8095
2017-08-24,2.19,12.23,109.7524
2017-08-25,2.17,11.28,109.3415
2017-08-28,2.16,11.32,109.1815
2017-08-29,2.13,11.7,109.0946
2017-08-30,2.15,11.22,109.4052
2017-08-31,2.12,10.59,109.3686
2017-09-01,2.16,10.13,109.0504
2017-09-04,,,
2017-09-05,2.07,12.23,108.8664
2017-09-06,2.1,11.63,108.4897
2017-09-07,2.05,11.55,107.9224
2017-09-08,2.06,12.12,107.808
2017-09-11,2.14,10.73,108.153
2017-09-12,2.17,10.58,108.3239
2017-09-13,2.2,10.5,108.6628
2017-09-14,2.2,10.44,108.618
2017-09-15,2.2,10.17,108.3147
2017-09-18,2.23,10.15,108.6401
2017-09-19,2.24,10.18,108.6142
2017-09-20,2.28,9.78,108.4329
2017-09-21,2.27,9.67,108.9267
2017-09-22,2.26,9.59,108.7542
2017-09-25,2.22,10.21,109.3302
2017-09-26,2.24,10.17,109.7769
2017-09-27,2.31,9.87,110.0722
2017-09-28,2.31,9.55,110.2415
2017-09-29,2.33,9.51,110.0867
2017-10-02,2.34,9.45,110.3686
2017-10-03,2.33,9.51,110.3281
2017-10-04,2.33,9.63,110.2425
2017-10-05,2.35,9.19,110.5823
2017-10-06,2.37,9.65,110.7841
2017-10-09,,10.33,
2017-10-10,2.35,10.08,110.3034
2017-10-11,2.35,9.85,110.3037
2017-10-12,2.33,9.91,110.3152
2017-10-13,2.28,9.61,110.2669
2017-10-16,2.3,9.91,110.5432
2017-10-17,2.3,10.31,110.9141
2017-10-18,2.34,10.07,110.7214
2017-10-19,2.33,10.05,110.4577
2017-10-20,2.39,9.97,111.0375
2017-10-23,2.38,11.07,111.2134
2017-10-24,2.42,11.16,111.4027
2017-10-25,2.44,11.23,111.3904
2017-10-26,2.46,11.3,111.6418
2017-10-27,2.42,9.8,112.1495
2017-10-30,2.37,10.5,111.901
2017-10-31,2.38,10.18,111.8052
2017-11-01,2.37,10.2,111.7942
2017-11-02,2.35,9.93,111.5474
2017-11-03,2.34,9.14,111.9383
2017-11-06,2.32,9.4,111.7197
2017-11-07,2.32,9.89,111.9446
2017-11-08,2.32,9.78,111.6935
2017-11-09,2.33,10.5,111.5626
2017-11-10,2.4,11.29,
2017-11-13,2.4,11.5,111.7833
2017-11-14,2.38,11.59,111.5097
2017-11-15,2.33,13.13,111.4809
2017-11-16,2.37,11.76,111.2568
2017-11-17,2.35,11.43,111.0016
2017-11-20,2.37,10.65,111.2599
2017-11-21,2.36,9.73,110.9828
2017-11-22,2.32,9.88,110.5632
2017-11-23,,,
2017-11-24,2.34,9.67,110.0253
2017-11-27,2.32,9.87,110.1136
2017-11-28,2.34,10.03,110.3018
2017-11-29,2.37,10.7,110.3265
2017-11-30,2.42,11.28,110.4648
2017-12-01,2.37,11.43,110.1413
2017-12-04,2.37,11.68,110.397
2017-12-05,2.36,11.33,110.4905
2017-12-06,2.33,11.02,110.8711
2017-12-07,2.37,10.16,111.0178
2017-12-08,2.38,9.58,111.2273
2017-12-11,2.39,9.34,111.0827
2017-12-12,2.4,9.92,111.5214
2017-12-13,2.36,10.18,111.2759
2017-12-14,2.35,10.49,111.0893
2017-12-15,2.35,9.42,111.1286
2017-12-18,2.39,9.53,110.9086
2017-12-19,2.46,10.03,111.1255
2017-12-20,2.49,9.72,110.8361
2017-12-21,2.48,9.62,110.8786
2017-12-22,2.48,9.9,111.0997
2017-12-25,,,
2017-12-26,2.47,10.25,110.9758
2017-12-27,2.42,10.47,110.8553
2017-12-28,2.43,10.18,110.5154
2017-12-29,2.4,11.04,110.0783
2018-01-01,,,
2018-01-02,2.46,9.77,109.6445
2018-01-03,2.44,9.15,109.6751
2018-01-04,2.46,9.22,109.4777
2018-01-05,2.47,9.22,109.3496
2018-01-08,2.49,9.52,109.5681
2018-01-09,2.55,10.08,109.9025
2018-01-10,2.55,9.82,109.628
2018-01-11,2.54,9.88,109.4888
2018-01-12,2.55,10.16,108.901
2018-01-15,,,
2018-01-16,2.54,11.66,108.3218
2018-01-17,2.57,11.91,108.1526
2018-01-18,2.62,12.22,108.0655
2018-01-19,2.64,11.27,107.9455
2018-01-22,2.66,11.03,108.107
2018-01-23,2.63,11.1,107.9979
2018-01-24,2.65,11.47,107.0802
2018-01-25,2.63,11.58,106.5052
2018-01-26,2.66,11.08,106.6911
2018-01-29,2.7,13.84,107.1142
2018-01-30,2.73,14.79,107.1064
2018-01-31,2.72,13.54,106.7696
2018-02-01,2.78,13.47,106.4877
2018-02-02,2.84,17.31,107.1151
2018-02-05,2.77,37.32,107.33
2018-02-06,2.79,29.98,107.5204
2018-02-07,2.84,27.73,107.7175
2018-02-08,2.85,33.46,108.3025
2018-02-09,2.83,29.06,108.2582
2018-02-12,2.86,25.61,108.0332
2018-02-13,2.83,24.97,107.7574
2018-02-14,2.91,19.26,107.4691
2018-02-15,2.9,19.13,106.9867
2018-02-16,2.87,19.46,107.0359
2018-02-19,,,
2018-02-20,2.88,20.6,107.6249
2018-02-21,2.94,20.02,107.8679
2018-02-22,2.92,18.72,107.8668
2018-02-23,2.88,16.49,107.6804
2018-02-26,2.86,15.8,107.7347
2018-02-27,2.9,18.59,108.1731
2018-02-28,2.87,19.85,108.3903
2018-03-01,2.81,22.47,108.5358
2018-03-02,2.86,19.59,
2018-03-05,2.88,18.73,108.3614
2018-03-06,2.88,18.36,107.7969
2018-03-07,2.89,17.76,108.0911
2018-03-08,2.86,16.54,108.2671
2018-03-09,2.9,14.64,107.923
2018-03-12,2.87,15.78,107.9438
2018-03-13,2.84,16.35,107.7384
2018-03-14,2.81,17.23,107.8623
2018-03-15,2.82,16.59,108.2032
2018-03-16,2.85,15.8,108.4332
2018-03-19,2.85,19.02,108.3145
2018-03-20,2.89,18.2,108.4953
2018-03-21,2.89,17.86,
2018-03-22,2.83,23.34,107.9935
2018-03-23,2.82,24.87,107.7495
2018-03-26,2.85,21.03,107.1819
2018-03-27,2.78,22.5,107.3359
2018-03-28,2.77,22.87,107.5733
2018-03-29,2.74,19.97,107.665
2018-03-30,,,107.4784
2018-04-02,2.73,23.62,107.7033
2018-04-03,2.79,21.1,107.5624
2018-04-04,2.79,20.06,107.6361
2018-04-05,2.83,18.94,107.7281
2018-04-06,2.77,21.49,107.7886
2018-04-09,2.78,21.77,107.5316
2018-04-10,2.8,20.47,107.3659
2018-04-11,2.79,20.24,107.1224
2018-04-12,2.83,18.49,107.2905
2018-04-13,2.82,17.41,107.2368
2018-04-16,2.83,16.56,107.0595
2018-04-17,2.82,15.25,107.0344
2018-04-18,2.87,15.6,107.1096
2018-04-19,2.92,15.96,107.5197
2018-04-20,2.96,16.88,108.1787
2018-04-23,2.98,16.34,108.9332
2018-04-24,3.0,18.02,108.7906
2018-04-25,3.03,17.84,109.3447
2018-04-26,3.0,16.24,109.3646
2018-04-27,2.96,15.41,109.1735
2018-04-30,2.95,15.93,109.3363
2018-05-01,2.97,15.49,109.7445
2018-05-02,2.97,15.97,110.1625
2018-05-03,2.94,15.9,110.1803
2018-05-04,2.95,14.77,110.25
2018-05-07,2.95,14.75,110.5721
2018-05-08,2.97,14.71,111.063
2018-05-09,3.0,13.42,110.8818
2018-05-10,2.97,13.23,110.405
2018-05-11,2.97,12.65,110.2847
2018-05-14,3.0,12.93,110.408
2018-05-15,3.08,14.63,111.2292
2018-05-16,3.09,13.42,111.3068
2018-05-17,3.11,13.43,111.3547
2018-05-18,3.06,13.42,111.7171
2018-05-21,3.06,13.08,111.6394
2018-05-22,3.06,13.22,111.1945
2018-05-23,3.01,12.58,111.6933
2018-05-24,2.98,12.53,111.4885
2018-05-25,2.93,13.22,111.5843
2018-05-28,,,
2018-05-29,2.77,17.02,112.2127
2018-05-30,2.84,14.94,111.6731
2018-05-31,2.83,15.43,111.9894
2018-06-01,2.89,13.46,111.8265
2018-06-04,2.94,12.74,111.8247
2018-06-05,2.92,12.4,112.264
2018-06-06,2.97,11.64,111.7525
2018-06-07,2.93,12.13,112.0725
2018-06-08,2.93,12.18,112.1066
2018-06-11,2.96,12.35,112.1106
2018-06-12,2.96,12.34,112.2138
2018-06-13,2.98,12.94,112.2577
2018-06-14,2.94,12.12,112.8593
2018-06-15,2.93,11.98,113.3379
2018-06-18,2.92,12.31,113.4899
2018-06-19,2.89,13.35,113.639
2018-06-20,2.93,12.79,113.4784
2018-06-21,2.9,14.64,113.6109
2018-06-22,2.9,13.77,113.3047
2018-06-25,2.87,17.33,113.286
2018-06-26,2.88,15.92,113.3016
2018-06-27,2.83,17.91,113.8971
2018-06-28,2.84,16.85,113.8405
2018-06-29,2.85,16.09,113.2586
2018-07-02,2.87,15.6,114.1673
2018-07-03,2.83,16.14,113.3222
2018-07-04,,,
2018-07-05,2.84,14.97,112.9759
2018-07-06,2.82,13.37,112.6428
2018-07-09,2.86,12.69,112.6425
2018-07-10,2.87,12.64,112.5794
2018-07-11,2.85,13.63,112.8582
2018-07-12,2.85,12.58,112.779
2018-07-13,2.83,12.18,113.0705
2018-07-16,2.85,12.83,112.8437
2018-07-17,2.86,12.06,113.1504
2018-07-18,2.88,12.1,113.3348
2018-07-19,2.84,12.87,113.9463
2018-07-20,2.89,12.86,113.3213
2018-07-23,2.96,12.62,113.4246
2018-07-24,2.95,12.41,113.2045
2018-07-25,2.94,12.29,112.9221
2018-07-26,2.98,12.14,112.9179
2018-07-27,2.96,13.03,112.8125
2018-07-30,2.98,14.26,112.6044
2018-07-31,2.96,12.83,112.7299
2018-08-01,3.0,13.15,112.8899
2018-08-02,2.98,12.19,113.1679
2018-08-03,2.95,11.64,113.012
2018-08-06,2.94,11.27,113.229
2018-08-07,2.98,10.93,112.9759
2018-08-08,2.96,10.85,113.1411
2018-08-09,2.93,11.27,113.3806
2018-08-10,2.87,13.16,114.3005
2018-08-13,2.88,14.78,114.851
2018-08-14,2.89,13.31,114.658
2018-08-15,2.86,14.64,115.1526
2018-08-16,2.87,13.45,114.6416
2018-08-17,2.87,12.64,114.5339
2018-08-20,2.82,12.49,114.3504
2018-08-21,2.85,12.86,113.8604
2018-08-22,2.82,12.25,113.663
2018-08-23,2.82,12.41,114.0932
2018-08-24,2.82,11.99,113.5985
2018-08-27,2.85,12.16,113.2721
2018-08-28,2.88,12.5,113.3444
2018-08-29,2.89,12.25,113.6461
2018-08-30,2.86,13.53,114.0899
2018-08-31,2.86,12.86,114.2755
2018-09-03,,,
2018-09-04,2.9,13.16,114.8584
2018-09-05,2.9,13.91,114.7477
2018-09-06,2.88,14.65,114.6479
2018-09-07,2.94,14.88,114.5816
2018-09-10,2.94,14.16,114.6802
2018-09-11,2.98,13.22,114.7051
2018-09-12,2.97,13.14,114.2192
2018-09-13,2.97,12.37,113.9268
2018-09-14,2.99,12.07,114.0657
2018-09-17,2.99,13.68,113.9158
2018-09-18,3.05,12.79,113.7739
2018-09-19,3.08,11.75,113.6532
2018-09-20,3.07,11.8,113.4989
2018-09-21,3.07,11.68,113.5099
2018-09-24,3.08,12.2,113.5301
2018-09-25,3.1,12.42,113.7202
2018-09-26,3.06,12.89,113.6739
2018-09-27,3.06,12.41,113.9784
2018-09-28,3.05,12.12,113.8077
2018-10-01,3.09,12.0,113.8235
2018-10-02,3.05,12.05,113.8954
2018-10-03,3.15,11.61,114.1569
2018-10-04,3.19,14.22,114.6867
2018-10-05,3.23,14.82,114.561
2018-10-08,,15.69,
2018-10-09,3.21,15.95,114.6583
2018-10-10,3.22,22.96,114.6072
2018-10-11,3.14,24.98,114.4074
2018-10-12,3.15,21.31,114.3691
2018-10-15,3.16,21.3,114.045
2018-10-16,3.16,17.62,113.8963
2018-10-17,3.19,17.4,114.1755
2018-10-18,3.17,20.06,114.8164
2018-10-19,3.2,19.89,114.8567
2018-10-22,3.2,19.64,115.1782
2018-10-23,3.17,20.71,115.1651
2018-10-24,3.1,25.23,115.3755
2018-10-25,3.14,24.22,115.4831
2018-10-26,3.08,24.16,115.473
2018-10-29,3.08,24.7,115.8936
2018-10-30,3.12,23.35,116.2357
2018-10-31,3.15,21.23,116.5281
2018-11-01,3.14,19.34,115.8657
2018-11-02,3.22,19.51,115.643
2018-11-05,3.2,19.96,115.703
2018-11-06,3.22,19.91,115.5622
2018-11-07,3.22,16.36,115.2519
2018-11-08,3.24,16.72,115.6478
2018-11-09,3.19,17.36,116.4778
2018-11-12,,20.45,
2018-11-13,3.14,20.02,116.6694
2018-11-14,3.12,21.25,116.498
2018-11-15,3.11,19.98,116.3861
2018-11-16,3.08,18.14,115.9258
2018-11-19,3.06,20.1,115.9859
2018-11-20,3.06,22.48,116.2367
2018-11-21,3.06,20.8,116.092
2018-11-22,,,
2018-11-23,3.05,21.52,116.4713
2018-11-26,3.07,18.9,116.6208
2018-11-27,3.06,19.02,116.9001
2018-11-28,3.06,18.49,116.8343
2018-11-29,3.03,18.79,116.1961
2018-11-30,3.01,18.07,116.413
2018-12-03,2.98,16.44,115.9057
2018-12-04,2.91,20.74,116.0028
2018-12-05,,,
2018-12-06,2.87,21.19,116.3991
2018-12-07,2.85,23.23,116.0847
2018-12-10,2.85,22.64,116.6746
2018-12-11,2.89,21.76,116.7564
2018-12-12,2.91,21.46,116.2214
2018-12-13,2.91,20.65,116.3974
2018-12-14,2.89,21.63,116.79
2018-12-17,2.86,24.52,116.4532
2018-12-18,2.82,25.58,116.4127
2018-12-19,2.77,25.58,116.0676
2018-12-20,2.79,28.38,116.0183
2018-12-21,2.79,30.11,116.2227
2018-12-24,2.74,36.07,116.2182
2018-12-25,,,
2018-12-26,2.81,30.41,116.1162
2018-12-27,2.77,29.96,115.9927
2018-12-28,2.72,28.34,115.7232
2018-12-31,2.69,25.42,115.5674
2019-01-01,,,
2019-01-02,2.66,23.22,115.7689
2019-01-03,2.56,25.45,115.4622
2019-01-04,2.67,21.38,114.9821
2019-01-07,2.7,21.4,114.5628
2019-01-08,2.73,20.47,114.7281
2019-01-09,2.74,19.98,114.1406
2019-01-10,2.74,19.5,114.0496
2019-01-11,2.71,18.19,114.0404
2019-01-14,2.71,19.07,
2019-01-15,2.72,18.6,114.3402
2019-01-16,2.73,19.04,114.137
2019-01-17,2.75,18.06,114.4115
2019-01-18,2.79,17.8,114.558
2019-01-21,,,
2019-01-22,2.74,20.8,114.7541
2019-01-23,2.76,19.52,114.5759
2019-01-24,2.72,18.89,114.617
2019-01-25,2.76,17.42,114.0197
2019-01-28,2.75,18.87,114.0522
2019-01-29,2.72,19.13,114.026
2019-01-30,2.7,17.66,114.0731
2019-01-31,2.63,16.57,113.5504
2019-02-01,2.7,16.14,113.7548
2019-02-04,2.73,15.73,113.8766
2019-02-05,2.71,15.57,114.0431
2019-02-06,2.7,15.38,114.2305
2019-02-07,2.65,16.37,114.4339
2019-02-08,2.63,15.72,114.5003
2019-02-11,2.65,15.97,115.031
2019-02-12,2.68,15.43,114.7297
2019-02-13,2.71,15.65,114.9407
2019-02-14,2.66,16.22,115.1007
2019-02-15,2.66,14.91,114.9923
2019-02-18,,,
2019-02-19,2.65,14.88,114.57
2019-02-20,2.65,14.02,
2019-02-21,2.69,14.46,114.5091
2019-02-22,2.65,13.51,114.2716
2019-02-25,2.67,14.85,114.1457
2019-02-26,2.64,15.17,114.0687
2019-02-27,2.69,14.7,114.0363
2019-02-28,2.73,14.78,114.1991
2019-03-01,2.76,13.57,114.537
2019-03-04,2.72,14.63,114.6925
2019-03-05,2.72,14.74,114.804
2019-03-06,2.69,15.74,114.9714
2019-03-07,2.64,16.59,115.4919
2019-03-08,2.62,16.05,115.3599
2019-03-11,2.64,14.33,115.2967
2019-03-12,2.61,13.77,114.939
2019-03-13,2.61,13.41,114.7372
2019-03-14,2.63,13.5,114.79
2019-03-15,2.59,12.88,114.5815
2019-03-18,2.6,13.1,114.4375
2019-03-19,2.61,13.56,114.2324
2019-03-20,2.54,13.91,114.1509
2019-03-21,2.54,13.63,114.1684
2019-03-22,2.44,16.48,114.6856
2019-03-25,2.43,16.33,114.4171
2019-03-26,2.41,14.68,114.6414
2019-03-27,2.39,15.15,115.1243
2019-03-28,2.39,14.43,115.2581
2019-03-29,2.41,13.71,115.1371
2019-04-01,2.49,13.4,114.9362
2019-04-02,2.48,13.36,115.1173
2019-04-03,2.52,13.74,114.7211
2019-04-04,2.51,13.58,114.9697
2019-04-05,2.5,12.82,114.9726
2019-04-08,2.52,13.18,114.6893
2019-04-09,2.51,14.28,114.5321
2019-04-10,2.48,13.3,114.4269
2019-04-11,2.51,13.02,114.6303
2019-04-12,2.56,12.01,114.3531
2019-04-15,2.55,12.32,114.495
2019-04-16,2.6,12.18,114.6756
2019-04-17,2.59,12.6,114.5141
2019-04-18,2.57,12.09,114.7073
2019-04-19,,,114.6977
2019-04-22,2.59,12.42,114.7694
2019-04-23,2.57,12.28,115.1578
2019-04-24,2.53,13.14,115.4187
2019-04-25,2.54,13.25,115.7709
2019-04-26,2.51,12.73,115.4767
2019-04-29,2.54,13.11,115.5227
2019-04-30,2.51,13.12,115.3281
2019-05-01,2.52,14.8,115.0022
2019-05-02,2.55,14.42,115.5617
2019-05-03,2.54,12.87,115.2646
2019-05-06,2.51,15.44,115.3811
2019-05-07,2.45,19.32,115.6116
2019-05-08,2.49,19.4,115.5171
2019-05-09,2.45,19.1,115.8421
2019-05-10,2.47,16.04,115.5334
2019-05-13,2.4,20.55,115.915
2019-05-14,2.42,18.06,115.9425
2019-05-15,2.37,16.44,115.8565
2019-05-16,2.4,15.29,116.0346
2019-05-17,2.39,15.96,116.448
2019-05-20,2.41,16.31,116.3119
2019-05-21,2.43,14.95,116.2844
2019-05-22,2.39,14.75,116.2412
2019-05-23,2.31,16.92,116.2368
2019-05-24,2.32,15.85,116.0806
2019-05-27,,,
2019-05-28,2.26,17.5,116.3174
2019-05-29,2.25,17.9,116.5535
2019-05-30,2.22,17.3,116.3989
2019-05-31,2.14,18.71,116.7273
2019-06-03,2.07,18.86,116.4764
2019-06-04,2.12,16.97,116.091
2019-06-05,2.12,16.09,116.03
2019-06-06,2.12,15.93,115.9771
2019-06-07,2.09,16.3,115.7368
2019-06-10,2.15,15.94,115.5001
2019-06-11,2.15,15.99,115.3794
2019-06-12,2.13,15.91,115.438
2019-06-13,2.1,15.82,115.6275
2019-06-14,2.09,15.28,115.9057
2019-06-17,2.09,15.35,115.9684
2019-06-18,2.06,15.15,115.8797
2019-06-19,2.03,14.33,115.7889
2019-06-20,2.01,14.75,114.8046
2019-06-21,2.07,15.4,114.8377
2019-06-24,2.02,15.26,114.6559
2019-06-25,2.0,16.28,114.6363
2019-06-26,2.05,16.21,114.5608
2019-06-27,2.01,15.82,114.665
2019-06-28,2.0,15.08,114.5821
2019-07-01,2.03,14.06,114.7239
2019-07-02,1.98,12.93,114.8258
2019-07-03,1.96,12.57,114.8135
2019-07-04,,,
2019-07-05,2.04,13.28,115.1132
2019-07-08,2.05,13.96,115.0254
2019-07-09,2.07,14.09,115.1017
2019-07-10,2.07,13.03,115.0879
2019-07-11,2.13,12.93,114.8361
2019-07-12,2.12,12.39,114.7685
2019-07-15,2.09,12.68,114.6819
2019-07-16,2.13,12.86,115.0111
2019-07-17,2.06,13.97,114.8819
2019-07-18,2.04,13.53,114.8744
2019-07-19,2.05,14.45,114.8695
2019-07-22,2.05,13.53,115.0018
2019-07-23,2.08,12.61,115.2995
2019-07-24,2.05,12.07,115.2436
2019-07-25,2.08,12.74,115.2982
2019-07-26,2.08,12.16,115.5449
2019-07-29,2.06,12.83,115.5885
2019-07-30,2.06,13.94,115.6211
2019-07-31,2.02,16.12,115.4946
2019-08-01,1.9,17.87,116.0499
2019-08-02,1.86,17.61,116.1864
2019-08-05,1.75,24.59,116.5851
2019-08-06,1.73,20.17,116.6904
2019-08-07,1.71,19.49,116.7987
2019-08-08,1.72,16.91,116.474
2019-08-09,1.74,17.97,116.4419
2019-08-12,1.65,21.09,116.7548
2019-08-13,1.68,17.52,116.7267
2019-08-14,1.59,22.1,117.0913
2019-08-15,1.52,21.18,117.2239
2019-08-16,1.55,18.47,117.0786
2019-08-19,1.6,16.88,117.3886
2019-08-20,1.55,17.5,117.3726
2019-08-21,1.59,15.8,117.1764
2019-08-22,1.62,16.68,117.3558
2019-08-23,1.52,19.87,117.3009
2019-08-26,1.54,19.32,117.6658
2019-08-27,1.49,20.31,117.75
2019-08-28,1.47,19.35,117.8767
2019-08-29,1.5,17.88,118.0625
2019-08-30,1.5,18.98,118.1575
2019-09-02,,,
2019-09-03,1.47,19.66,118.3113
2019-09-04,1.47,17.33,117.6729
2019-09-05,1.57,16.27,117.4776
2019-09-06,1.55,15.0,117.1292
2019-09-09,1.63,15.27,117.0601
2019-09-10,1.72,15.2,117.0887
2019-09-11,1.75,14.61,117.3125
2019-09-12,1.79,14.22,116.8375
2019-09-13,1.9,13.74,116.7677
2019-09-16,1.84,14.67,117.0251
2019-09-17,1.81,14.44,116.9826
2019-09-18,1.8,13.95,116.9766
2019-09-19,1.79,14.05,117.0861
2019-09-20,1.74,15.32,117.1819
2019-09-23,1.72,14.91,117.2986
2019-09-24,1.64,17.05,117.2227
2019-09-25,1.73,15.96,117.6527
2019-09-26,1.7,16.07,117.7267
2019-09-27,1.69,17.22,117.7218
2019-09-30,1.68,16.24,117.9461
2019-10-01,1.65,18.56,117.9595
2019-10-02,1.6,20.56,117.9671
2019-10-03,1.54,19.12,117.6608
2019-10-04,1.52,17.04,117.5288
2019-10-07,1.56,17.86,117.5533
2019-10-08,1.54,20.28,117.7407
2019-10-09,1.59,18.64,117.6835
2019-10-10,1.67,17.57,117.2801
2019-10-11,1.76,15.58,116.8239
2019-10-14,,14.57,
2019-10-15,1.77,13.54,116.8111
2019-10-16,1.75,13.68,116.6425
2019-10-17,1.76,13.79,116.2615
2019-10-18,1.76,14.25,116.1344
2019-10-21,1.8,14.0,116.0436
2019-10-22,1.78,14.46,115.9851
2019-10-23,1.77,14.01,116.0586
2019-10-24,1.77,13.71,116.1278
2019-10-25,1.8,12.65,116.0774
2019-10-28,1.85,13.11,116.0222
2019-10-29,1.84,13.2,115.9797
2019-10-30,1.78,12.33,116.1636
2019-10-31,1.69,13.22,115.9125
2019-11-01,1.73,12.3,115.7312
2019-11-04,1.79,12.83,115.8624
2019-11-05,1.86,13.1,116.1138
2019-11-06,1.81,12.62,116.1004
2019-11-07,1.92,12.73,116.1172
2019-11-08,1.94,12.07,116.3436
2019-11-11,,12.69,
2019-11-12,1.92,12.68,116.5837
2019-11-13,1.88,13.0,116.8397
2019-11-14,1.82,13.05,116.8022
2019-11-15,1.84,12.05,116.4401
2019-11-18,1.81,12.46,116.3625
2019-11-19,1.79,12.86,116.5391
2019-11-20,1.73,12.78,116.828
2019-11-21,1.77,13.13,116.7435
2019-11-22,1.77,12.34,116.9137
2019-11-25,1.76,11.87,117.0098
2019-11-26,1.74,11.54,117.0513
2019-11-27,1.77,11.75,117.1273
2019-11-28,,,
2019-11-29,1.78,12.62,117.1204
2019-12-02,1.83,14.91,116.9647
2019-12-03,1.72,15.96,116.8898
2019-12-04,1.77,14.8,116.692
2019-12-05,1.8,14.52,116.3838
2019-12-06,1.84,13.62,116.5381
2019-12-09,1.83,15.86,116.3283
2019-12-10,1.85,15.68,116.2542
2019-12-11,1.79,14.99,116.1478
2019-12-12,1.9,13.94,115.8741
2019-12-13,1.82,12.63,115.6967
2019-12-16,1.89,12.14,115.555
2019-12-17,1.89,12.29,115.5553
2019-12-18,1.92,12.58,115.6618
2019-12-19,1.92,12.5,115.5988
2019-12-20,1.92,12.51,115.7598
2019-12-23,1.93,12.61,115.8059
2019-12-24,1.9,12.67,
2019-12-25,,,
2019-12-26,1.9,12.65,115.634
2019-12-27,1.88,13.43,115.22
2019-12-30,1.9,14.82,114.9631
2019-12-31,1.92,13.78,114.669
2020-01-01,,,
2020-01-02,1.88,12.47,114.9745
2020-01-03,1.8,14.02,114.9867
2020-01-06,1.81,13.85,114.9557
2020-01-07,1.83,13.79,115.1477
2020-01-08,1.87,13.45,115.1328
2020-01-09,1.85,12.54,115.2331
2020-01-10,1.83,12.56,115.0677
2020-01-13,1.85,12.32,115.0342
2020-01-14,1.82,12.39,115.0239
2020-01-15,1.79,12.42,114.9528
2020-01-16,1.81,12.32,115.0006
2020-01-17,1.84,12.1,115.0656
2020-01-20,,,
2020-01-21,1.78,12.85,115.1876
2020-01-22,1.77,12.91,115.2273
2020-01-23,1.74,12.98,115.5545
2020-01-24,1.7,14.56,115.5556
2020-01-27,1.61,18.23,115.8004
2020-01-28,1.65,16.28,115.7239
2020-01-29,1.6,16.39,115.7003
2020-01-30,1.57,15.49,115.8077
2020-01-31,1.51,18.84,115.7345
2020-02-03,1.54,17.97,116.1172
2020-02-04,1.61,16.05,115.9291
2020-02-05,1.66,15.15,116.009
2020-02-06,1.65,14.96,116.1518
2020-02-07,1.59,15.47,116.5086
2020-02-10,1.56,15.04,116.5711
2020-02-11,1.59,15.18,116.3585
2020-02-12,1.62,13.74,116.2794
2020-02-13,1.61,14.15,116.3999
2020-02-14,1.59,13.68,116.4223
2020-02-17,,,
2020-02-18,1.55,14.83,116.6039
2020-02-19,1.56,14.38,116.7829
2020-02-20,1.52,15.56,117.2454
2020-02-21,1.46,17.08,117.0473
2020-02-24,1.38,25.03,117.4018
2020-02-25,1.33,27.85,117.2425
2020-02-26,1.33,27.56,117.405
2020-02-27,1.3,39.16,117.3678
2020-02-28,1.13,40.11,117.6568
2020-03-02,1.1,33.42,116.8144
2020-03-03,1.02,36.82,116.4958
2020-03-04,1.02,31.99,116.7802
2020-03-05,0.92,39.62,116.7901
2020-03-06,0.74,41.94,116.7106
2020-03-09,0.54,54.46,117.1871
2020-03-10,0.76,47.3,117.9027
2020-03-11,0.82,53.9,118.2505
2020-03-12,0.88,75.47,120.4883
2020-03-13,0.94,57.83,120.4388
2020-03-16,0.73,82.69,120.9352
2020-03-17,1.02,75.91,122.4816
2020-03-18,1.18,76.45,124.1623
2020-03-19,1.12,72.0,125.0587
2020-03-20,0.92,66.04,124.9362
2020-03-23,0.76,61.59,126.1262
2020-03-24,0.84,61.67,125.5001
2020-03-25,0.88,63.95,124.7916
2020-03-26,0.83,61.0,122.4308
2020-03-27,0.72,65.54,122.4007
2020-03-30,0.7,57.08,123.2883
2020-03-31,0.7,53.54,122.5301
2020-04-01,0.62,57.06,123.7933
2020-04-02,0.63,50.91,123.5916
2020-04-03,0.62,46.8,124.4152
2020-04-06,0.67,45.24,124.16
2020-04-07,0.75,46.7,123.0956
2020-04-08,0.77,43.35,123.2216
2020-04-09,0.73,41.67,122.476
2020-04-10,,,122.1592
2020-04-13,0.76,41.17,122.5203
2020-04-14,0.76,37.76,122.1121
2020-04-15,0.63,40.84,123.0752
2020-04-16,0.61,40.11,123.4615
2020-04-17,0.65,38.15,122.871
2020-04-20,0.63,43.83,123.1033
2020-04-21,0.58,45.41,123.9116
2020-04-22,0.63,41.98,123.9256
2020-04-23,0.61,41.38,123.7542
2020-04-24,0.6,35.93,124.1615
2020-04-27,0.67,33.29,123.8843
2020-04-28,0.62,33.57,123.3693
2020-04-29,0.63,31.23,122.7782
2020-04-30,0.64,34.15,122.327
2020-05-01,0.64,37.19,123.1492
2020-05-04,0.64,35.97,123.2117
2020-05-05,0.66,33.61,122.803
2020-05-06,0.72,34.12,123.609
2020-05-07,0.63,31.44,123.1249
2020-05-08,0.69,27.98,122.5379
2020-05-11,0.73,27.57,123.2333
2020-05-12,0.69,33.04,123.0592
2020-05-13,0.64,35.28,123.5408
2020-05-14,0.63,32.61,123.6429
2020-05-15,0.64,31.89,123.5991
2020-05-18,0.73,29.3,122.7968
2020-05-19,0.7,30.53,122.5655
2020-05-20,0.68,27.99,122.1007
2020-05-21,0.68,29.53,122.0914
2020-05-22,0.66,28.16,122.3211
2020-05-25,,,
2020-05-26,0.69,28.01,121.3864
2020-05-27,0.68,27.62,121.5677
2020-05-28,0.7,28.59,121.0138
2020-05-29,0.65,27.51,120.9458
2020-06-01,0.66,28.23,120.2686
2020-06-02,0.68,26.84,119.6854
2020-06-03,0.77,25.66,119.2556
2020-06-04,0.82,25.81,119.3014
2020-06-05,0.91,24.52,118.8138
2020-06-08,0.88,25.81,118.6621
2020-06-09,0.84,27.57,118.5893
2020-06-10,0.75,27.57,118.5231
2020-06-11,0.66,40.79,119.2347
2020-06-12,0.71,36.09,119.6645
2020-06-15,0.71,34.4,119.9539
2020-06-16,0.75,33.67,119.567
2020-06-17,0.74,33.47,119.9105
2020-06-18,0.71,32.94,120.2173
2020-06-19,0.7,35.12,120.2186
2020-06-22,0.71,31.77,119.7532
2020-06-23,0.72,31.37,119.3285
2020-06-24,0.69,33.84,119.9744
2020-06-25,0.68,32.22,120.2997
2020-06-26,0.64,34.73,120.533
2020-06-29,0.64,31.78,120.6658
2020-06-30,0.66,30.43,120.4649
2020-07-01,0.69,28.62,120.0808
2020-07-02,0.68,27.68,119.8555
2020-07-03,,,
2020-07-06,0.69,27.94,119.2852
2020-07-07,0.65,29.43,119.5717
2020-07-08,0.67,28.08,119.5525
2020-07-09,0.62,29.26,119.5129
2020-07-10,0.65,27.29,119.3509
2020-07-13,0.64,32.19,119.1891
2020-07-14,0.63,29.52,119.3901
2020-07-15,0.64,27.76,119.0331
2020-07-16,0.62,28.0,118.9275
2020-07-17,0.64,25.68,119.124
2020-07-20,0.62,24.46,119.0483
2020-07-21,0.61,24.84,118.4042
2020-07-22,0.6,24.32,118.1337
2020-07-23,0.59,26.08,118.0613
2020-07-24,0.59,25.84,118.1329
2020-07-27,0.62,24.74,117.3869
2020-07-28,0.59,25.44,117.3189
2020-07-29,0.58,24.1,117.2126
2020-07-30,0.55,24.76,117.4008
2020-07-31,0.55,24.46,117.2082
2020-08-03,0.56,24.28,117.8074
2020-08-04,0.52,23.76,117.7833
2020-08-05,0.55,22.99,116.8736
2020-08-06,0.55,22.65,117.0422
2020-08-07,0.57,22.21,117.6239
2020-08-10,0.59,22.13,117.5821
2020-08-11,0.64,24.03,117.3781
2020-08-12,0.69,22.28,117.2559
2020-08-13,0.71,22.13,117.1193
2020-08-14,0.71,22.05,116.9395
2020-08-17,0.69,21.35,116.749
2020-08-18,0.67,21.51,116.5593
2020-08-19,0.68,22.54,116.567
2020-08-20,0.65,22.72,116.8126
2020-08-21,0.64,22.54,117.0572
2020-08-24,0.65,22.37,116.912
2020-08-25,0.69,22.03,116.8206
2020-08-26,0.69,23.27,116.6243
2020-08-27,0.74,24.47,116.649
2020-08-28,0.74,22.96,115.9374
2020-08-31,0.72,26.41,115.7586
2020-09-01,0.68,26.12,115.5687
2020-09-02,0.66,26.57,116.0304
2020-09-03,0.63,33.6,116.0685
2020-09-04,0.72,30.75,116.0347
2020-09-07,,,
2020-09-08,0.69,31.46,116.4618
2020-09-09,0.71,28.81,116.1291
2020-09-10,0.68,29.71,115.8806
2020-09-11,0.67,26.87,116.0866
2020-09-14,0.68,25.85,115.6428
2020-09-15,0.68,25.59,115.5908
2020-09-16,0.69,26.04,115.3537
2020-09-17,0.69,26.46,115.4392
2020-09-18,0.7,25.83,115.2395
2020-09-21,0.68,27.78,116.378
2020-09-22,0.68,26.86,116.5438
2020-09-23,0.68,28.58,117.2526
2020-09-24,0.67,28.51,117.5473
2020-09-25,0.66,26.38,117.8679
2020-09-28,0.67,26.19,117.6178
2020-09-29,0.66,26.27,117.526
2020-09-30,0.69,26.37,116.946
2020-10-01,0.68,26.7,116.7227
2020-10-02,0.7,27.63,116.7321
2020-10-05,0.78,27.96,116.1767
2020-10-06,0.76,29.48,116.2681
2020-10-07,0.81,28.06,116.3447
2020-10-08,0.78,26.36,116.1657
2020-10-09,0.79,25.0,115.2757
2020-10-12,,25.07,
2020-10-13,0.74,26.07,115.9107
2020-10-14,0.73,26.4,115.6872
2020-10-15,0.74,26.97,116.0964
2020-10-16,0.76,27.41,115.7679
2020-10-19,0.78,29.18,115.4031
2020-10-20,0.81,29.35,115.2485
2020-10-21,0.83,28.65,114.9108
2020-10-22,0.87,28.11,115.1158
2020-10-23,0.85,27.55,115.0126
2020-10-26,0.81,32.46,115.2797
2020-10-27,0.79,33.35,115.0131
2020-10-28,0.79,40.28,115.8023
2020-10-29,0.85,37.59,116.3069
2020-10-30,0.88,38.02,116.1354
2020-11-02,0.87,37.13,116.2361
2020-11-03,0.9,35.55,115.4802
2020-11-04,0.78,29.57,115.1677
2020-11-05,0.79,27.58,114.4556
2020-11-06,0.83,24.86,113.9919
2020-11-09,0.96,25.75,114.0895
2020-11-10,0.98,24.8,114.0757
2020-11-11,,23.45,
2020-11-12,0.88,25.35,114.2843
2020-11-13,0.89,23.1,114.2397
2020-11-16,0.91,22.45,113.8312
2020-11-17,0.87,22.71,113.682
2020-11-18,0.88,23.84,113.46
2020-11-19,0.86,23.11,113.694
2020-11-20,0.83,23.7,113.489
2020-11-23,0.86,22.66,113.7548
2020-11-24,0.88,21.64,113.4316
2020-11-25,0.88,21.25,113.1823
2020-11-26,,,
2020-11-27,0.84,20.84,
2020-11-30,0.84,20.57,113.2256
2020-12-01,0.92,20.77,112.8063
2020-12-02,0.95,21.17,112.6115
2020-12-03,0.92,21.28,112.0236
2020-12-04,0.97,20.79,111.7778
2020-12-07,0.94,21.3,111.8385
2020-12-08,0.92,20.68,111.8639
2020-12-09,0.95,22.27,112.0305
2020-12-10,0.92,22.52,111.9788
2020-12-11,0.9,23.31,112.1417
2020-12-14,0.9,24.72,112.1708
2020-12-15,0.92,22.89,111.8601
2020-12-16,0.92,22.5,111.7157
2020-12-17,0.94,21.93,111.2226
2020-12-18,0.95,21.57,111.6071
2020-12-21,0.95,25.16,111.9415
2020-12-22,0.93,24.23,112.1947
2020-12-23,0.96,23.31,111.9807
2020-12-24,0.94,21.53,
2020-12-25,,,
2020-12-28,0.94,21.7,111.9752
2020-12-29,0.94,23.08,111.5172
2020-12-30,0.93,22.77,111.3084
2020-12-31,0.93,22.75,111.3169
2021-01-01,,,
2021-01-04,0.93,26.97,111.2075
2021-01-05,0.96,25.34,110.9574
2021-01-06,1.04,25.07,110.8502
2021-01-07,1.08,22.37,111.3042
2021-01-08,1.13,21.56,111.2847
2021-01-11,1.15,24.08,111.8257
2021-01-12,1.15,23.33,111.5501
2021-01-13,1.1,22.21,111.3622
2021-01-14,1.15,23.25,111.1567
2021-01-15,1.11,24.34,111.5106
2021-01-18,,,
2021-01-19,1.1,23.24,111.4527
2021-01-20,1.1,21.58,
2021-01-21,1.12,21.32,111.1973
2021-01-22,1.1,21.91,111.5516
2021-01-25,1.05,23.19,111.8676
2021-01-26,1.05,23.02,111.6572
2021-01-27,1.04,37.21,112.0782
2021-01-28,1.07,30.21,112.0059
2021-01-29,1.11,33.09,111.9511
2021-02-01,1.09,30.24,112.4189
2021-02-02,1.12,25.56,112.2862
2021-02-03,1.15,22.91,112.2567
2021-02-04,1.15,21.77,112.7469
2021-02-05,1.19,20.87,112.2379
2021-02-08,1.19,21.24,112.0428
2021-02-09,1.18,21.63,111.7675
2021-02-10,1.15,21.99,111.5834
2021-02-11,1.16,21.25,111.5272
2021-02-12,1.2,19.97,111.4889
2021-02-15,,,
2021-02-16,1.3,21.46,111.7879
2021-02-17,1.29,21.5,112.0204
2021-02-18,1.29,22.49,112.1603
2021-02-19,1.34,22.05,111.7058
2021-02-22,1.37,23.45,111.918
2021-02-23,1.37,23.11,111.8981
2021-02-24,1.38,21.34,111.7212
2021-02-25,1.54,28.89,111.9253
2021-02-26,1.44,27.95,112.8306
2021-03-01,1.45,23.35,112.5263
2021-03-02,1.42,24.1,112.5342
2021-03-03,1.47,26.67,112.7617
2021-03-04,1.54,28.57,112.7037
2021-03-05,1.56,24.66,113.7487
2021-03-08,1.59,25.47,114.2678
2021-03-09,1.55,24.03,113.928
2021-03-10,1.53,22.56,113.5881
2021-03-11,1.54,21.91,112.9214
2021-03-12,1.64,20.69,113.0269
2021-03-15,1.62,20.03,113.1928
2021-03-16,1.62,19.79,112.9839
2021-03-17,1.63,19.23,113.1589
2021-03-18,1.71,21.58,112.7744
2021-03-19,1.74,20.95,112.9756
2021-03-22,1.69,18.88,113.0023
2021-03-23,1.63,20.3,113.2916
2021-03-24,1.62,21.2,113.6565
2021-03-25,1.63,19.81,114.0016
2021-03-26,1.67,18.86,113.7406
2021-03-29,1.73,20.74,113.9314
2021-03-30,1.73,19.61,114.203
2021-03-31,1.74,19.4,113.8234
2021-04-01,1.69,17.33,113.7389
2021-04-02,1.72,,113.7315
2021-04-05,1.73,17.91,113.394
2021-04-06,1.67,18.12,113.1464
2021-04-07,1.68,17.16,113.2436
2021-04-08,1.64,16.95,113.0917
2021-04-09,1.67,16.69,113.2028
2021-04-12,1.69,16.91,113.1815
2021-04-13,1.64,16.65,113.0391
2021-04-14,1.64,16.99,112.7849
2021-04-15,1.56,16.57,112.6181
2021-04-16,1.59,16.25,112.4814
2021-04-19,1.61,17.29,112.1835
2021-04-20,1.58,18.68,112.2354
2021-04-21,1.57,17.5,112.1771
2021-04-22,1.57,18.71,112.2297
2021-04-23,1.58,17.33,112.0889
2021-04-26,1.58,17.64,111.8109
2021-04-27,1.63,17.56,111.9097
2021-04-28,1.63,17.28,111.7909
2021-04-29,1.65,17.61,111.7464
2021-04-30,1.65,18.61,112.0839
2021-05-03,1.63,18.31,112.005
2021-05-04,1.61,19.48,112.2896
2021-05-05,1.59,19.15,112.1514
2021-05-06,1.58,18.39,111.8401
2021-05-07,1.6,16.69,111.0249
2021-05-10,1.63,19.66,110.7905
2021-05-11,1.64,21.84,110.8921
2021-05-12,1.69,27.59,111.5636
2021-05-13,1.66,23.13,111.5955
2021-05-14,1.63,18.81,111.1353
2021-05-17,1.64,19.72,111.079
2021-05-18,1.64,21.34,110.8317
2021-05-19,1.68,22.18,110.8807
2021-05-20,1.63,20.67,110.8605
2021-05-21,1.63,20.15,111.0576
2021-05-24,1.61,18.4,110.9118
2021-05-25,1.56,18.84,110.842
2021-05-26,1.58,17.36,110.8677
2021-05-27,1.61,16.74,110.8688
2021-05-28,1.58,16.76,110.7576
2021-05-31,,,
2021-06-01,1.62,17.9,110.5046
2021-06-02,1.59,17.48,110.5799
2021-06-03,1.63,18.04,111.1782
2021-06-04,1.56,16.42,110.7521
2021-06-07,1.57,16.42,110.5155
2021-06-08,1.53,17.07,110.649
2021-06-09,1.5,17.89,110.5707
2021-06-10,1.45,16.1,110.5456
2021-06-11,1.47,15.65,111.0933
2021-06-14,1.51,16.39,110.9659
2021-06-15,1.51,17.02,111.3507
2021-06-16,1.57,18.15,111.1165
2021-06-17,1.52,17.75,112.5772
2021-06-18,1.45,20.7,113.0408
2021-06-21,1.5,17.89,112.8391
2021-06-22,1.48,16.66,112.9174
2021-06-23,1.5,16.32,112.3819
2021-06-24,1.49,15.97,112.326
2021-06-25,1.54,15.62,111.9655
2021-06-28,1.49,15.76,112.0248
2021-06-29,1.49,16.02,112.2613
2021-06-30,1.45,15.83,112.5533
2021-07-01,1.48,15.48,112.74
2021-07-02,1.44,15.07,112.5425
2021-07-05,,,
2021-07-06,1.37,16.44,112.9516
2021-07-07,1.33,16.2,113.1048
2021-07-08,1.3,19.0,113.0776
2021-07-09,1.37,16.18,112.8375
2021-07-12,1.38,16.17,112.7611
2021-07-13,1.42,17.12,113.0063
2021-07-14,1.37,16.33,112.8801
2021-07-15,1.31,17.01,113.0041
2021-07-16,1.31,18.45,113.0428
2021-07-19,1.19,22.5,113.5472
2021-07-20,1.23,19.73,113.7502
2021-07-21,1.3,17.91,113.3926
2021-07-22,1.27,17.69,113.4695
2021-07-23,1.3,17.2,113.4398
2021-07-26,1.29,17.58,113.2238
2021-07-27,1.25,19.36,113.2227
2021-07-28,1.26,18.31,113.1807
2021-07-29,1.28,17.7,112.4834
2021-07-30,1.24,18.24,112.6714
2021-08-02,1.2,19.46,112.6691
2021-08-03,1.19,18.04,112.8228
2021-08-04,1.19,17.97,112.8953
2021-08-05,1.23,17.28,112.7674
2021-08-06,1.31,16.15,113.3088
2021-08-09,1.33,16.72,113.4521
2021-08-10,1.36,16.79,113.4973
2021-08-11,1.35,16.06,113.282
2021-08-12,1.36,15.59,113.2691
2021-08-13,1.29,15.45,113.0615
2021-08-16,1.26,16.12,113.1698
2021-08-17,1.26,17.91,113.6174
2021-08-18,1.27,21.57,113.6959
2021-08-19,1.24,21.67,114.1106
2021-08-20,1.26,18.56,114.5009
2021-08-23,1.25,17.15,113.9418
2021-08-24,1.29,17.22,113.6795
2021-08-25,1.35,16.79,113.6322
2021-08-26,1.34,18.84,113.7883
2021-08-27,1.31,16.39,113.3404
2021-08-30,1.29,16.19,113.246
2021-08-31,1.3,16.48,113.1076
2021-09-01,1.31,16.11,112.8732
2021-09-02,1.29,16.41,112.7863
2021-09-03,1.33,16.41,112.5476
2021-09-06,,,
2021-09-07,1.38,18.14,112.9795
2021-09-08,1.35,17.96,113.2319
2021-09-09,1.3,18.8,113.043
2021-09-10,1.35,20.95,112.9425
2021-09-13,1.33,19.37,113.0341
2021-09-14,1.28,19.46,113.0061
2021-09-15,1.31,18.18,112.9773
2021-09-16,1.34,18.69,113.3036
2021-09-17,1.37,20.81,113.5989
2021-09-20,1.31,25.71,113.9422
2021-09-21,1.33,24.36,113.8179
2021-09-22,1.32,20.87,113.6223
2021-09-23,1.41,18.63,113.513
2021-09-24,1.47,17.75,113.7597
2021-09-27,1.48,18.76,113.7432
2021-09-28,1.54,23.25,114.2469
2021-09-29,1.55,22.56,114.7092
2021-09-30,1.52,23.14,114.6403
2021-10-01,1.48,21.15,114.3798
2021-10-04,1.49,22.96,114.2739
2021-10-05,1.54,21.3,114.3654
2021-10-06,1.53,21.0,114.7185
2021-10-07,1.58,19.54,114.5044
2021-10-08,1.61,18.77,114.5986
2021-10-11,,20.0,
2021-10-12,1.59,19.85,114.7542
2021-10-13,1.56,18.64,114.4705
2021-10-14,1.52,16.86,114.2053
2021-10-15,1.59,16.3,114.0905
2021-10-18,1.59,16.31,113.9899
2021-10-19,1.65,15.7,113.647
2021-10-20,1.65,15.49,113.5083
2021-10-21,1.68,15.01,113.6188
2021-10-22,1.66,15.43,113.67
2021-10-25,1.64,15.24,113.605
2021-10-26,1.63,15.98,113.674
2021-10-27,1.54,16.98,113.6218
2021-10-28,1.57,16.53,113.4389
2021-10-29,1.55,16.26,114.1349
2021-11-01,1.58,16.41,114.2067
2021-11-02,1.56,16.03,114.2847
2021-11-03,1.6,15.1,114.3593
2021-11-04,1.53,15.44,114.3558
2021-11-05,1.45,16.48,114.0732
2021-11-08,1.51,17.22,113.8256
2021-11-09,1.46,17.78,113.762
2021-11-10,1.56,18.73,114.1484
2021-11-11,,17.66,
2021-11-12,1.58,16.29,114.5144
2021-11-15,1.63,16.49,114.5876
2021-11-16,1.63,16.37,115.136
2021-11-17,1.6,17.11,115.0263
2021-11-18,1.59,17.59,115.0678
2021-11-19,1.54,17.91,115.2187
2021-11-22,1.63,19.17,115.6481
2021-11-23,1.67,19.38,116.0118
2021-11-24,1.64,18.58,116.2711
2021-11-25,,,
2021-11-26,1.48,28.62,116.5103
2021-11-29,1.52,22.96,116.581
2021-11-30,1.43,27.19,116.2071
2021-12-01,1.43,31.12,115.889
2021-12-02,1.44,27.95,116.018
2021-12-03,1.35,30.67,116.2377
2021-12-06,1.43,27.18,116.1538
2021-12-07,1.48,21.89,115.8555
2021-12-08,1.52,19.9,115.4418
2021-12-09,1.49,21.58,115.7784
2021-12-10,1.48,18.69,115.5732
2021-12-13,1.42,20.31,115.842
2021-12-14,1.44,21.89,116.2397
2021-12-15,1.47,19.29,116.4219
2021-12-16,1.44,20.57,115.7146
2021-12-17,1.41,21.57,115.791
2021-12-20,1.43,22.87,116.0092
2021-12-21,1.48,21.01,116.1089
2021-12-22,1.46,18.63,115.7485
2021-12-23,1.5,17.96,115.5337
2021-12-24,,,
2021-12-27,1.48,17.68,115.4684
2021-12-28,1.49,17.54,115.4192
2021-12-29,1.55,16.95,115.3678
2021-12-30,1.52,17.33,115.283
2021-12-31,1.52,17.22,
2022-01-03,1.63,16.6,115.4101
2022-01-04,1.66,16.91,115.3103
2022-01-05,1.71,19.73,115.137
2022-01-06,1.73,19.61,115.4046
2022-01-07,1.76,18.76,115.0451
2022-01-10,1.78,19.4,115.2216
2022-01-11,1.75,18.41,114.8332
2022-01-12,1.74,17.62,114.355
2022-01-13,1.7,20.31,114.177
2022-01-14,1.78,19.19,114.3825
2022-01-17,,,
2022-01-18,1.87,22.79,114.7373
2022-01-19,1.83,23.85,114.6109
2022-01-20,1.83,25.59,114.4642
2022-01-21,1.75,28.85,114.6125
2022-01-24,1.75,29.9,115.2034
2022-01-25,1.78,31.16,115.1654
2022-01-26,1.85,31.96,115.0922
2022-01-27,1.81,30.49,115.978
2022-01-28,1.78,27.66,116.0393
2022-01-31,1.79,24.83,115.566
2022-02-01,1.81,21.96,115.3685
2022-02-02,1.78,22.09,115.1538
2022-02-03,1.82,24.35,114.9065
2022-02-04,1.93,23.22,115.1362
2022-02-07,1.92,22.86,115.0098
2022-02-08,1.96,21.44,115.0892
2022-02-09,1.94,19.96,114.8232
2022-02-10,2.03,23.91,114.5527
2022-02-11,1.92,27.36,114.8413
2022-02-14,1.98,28.33,115.1946
2022-02-15,2.05,25.7,114.93
2022-02-16,2.03,24.29,114.6886
2022-02-17,1.97,28.11,114.6755
2022-02-18,1.92,27.75,114.7982
2022-02-21,,,
2022-02-22,1.94,28.81,114.7002
2022-02-23,1.99,31.02,114.6668
2022-02-24,1.96,30.32,115.9419
2022-02-25,1.97,27.59,115.2577
2022-02-28,1.83,30.15,115.2224
2022-03-01,1.72,33.32,115.7962
2022-03-02,1.86,30.74,115.7623
2022-03-03,1.86,30.48,115.9495
2022-03-04,1.74,31.98,116.6503
2022-03-07,1.78,36.45,117.3278
2022-03-08,1.86,35.13,117.6176
2022-03-09,1.94,32.45,116.5961
2022-03-10,1.98,30.23,116.7401
2022-03-11,2.0,30.75,117.0192
2022-03-14,2.14,31.77,117.1506
2022-03-15,2.15,29.83,117.246
2022-03-16,2.19,26.67,116.8073
2022-03-17,2.2,25.67,116.0467
2022-03-18,2.14,23.87,116.1378
2022-03-21,2.32,23.53,115.9398
2022-03-22,2.38,22.94,116.0824
2022-03-23,2.32,23.57,116.005
2022-03-24,2.34,21.67,115.9599
2022-03-25,2.48,20.81,115.7921
2022-03-28,2.46,19.63,116.1911
2022-03-29,2.41,18.9,115.5679
2022-03-30,2.35,19.33,115.0818
2022-03-31,2.32,20.56,115.2218
2022-04-01,2.39,19.63,115.4814
2022-04-04,2.42,18.57,115.4112
2022-04-05,2.54,21.03,115.73
2022-04-06,2.61,22.1,115.9995
2022-04-07,2.66,21.55,116.3512
2022-04-08,2.72,21.16,116.4176
2022-04-11,2.79,24.37,116.5401
2022-04-12,2.72,24.26,116.3866
2022-04-13,2.7,21.82,116.2796
2022-04-14,2.83,22.7,116.7558
2022-04-15,,,116.7017
2022-04-18,2.85,22.17,116.8441
2022-04-19,2.93,21.37,117.1324
2022-04-20,2.85,20.32,116.7306
2022-04-21,2.9,22.68,117.1432
2022-04-22,2.9,28.21,118.0186
2022-04-25,2.81,27.02,118.6271
2022-04-26,2.77,33.52,118.9624
2022-04-27,2.82,31.6,119.4708
2022-04-28,2.85,29.99,120.0675
2022-04-29,2.89,33.4,119.4933
2022-05-02,2.99,32.34,119.8825
2022-05-03,2.97,29.25,119.7043
2022-05-04,2.93,25.42,119.5592
2022-05-05,3.05,31.2,120.0068
2022-05-06,3.12,30.19,119.8577
2022-05-09,3.05,34.75,120.4972
2022-05-10,2.99,32.99,120.7742
2022-05-11,2.91,32.56,120.3925
2022-05-12,2.84,31.77,121.2796
2022-05-13,2.93,28.87,120.8442
2022-05-16,2.88,27.47,120.6881
2022-05-17,2.98,26.1,119.8871
2022-05-18,2.89,30.96,120.0274
2022-05-19,2.84,29.35,119.4278
2022-05-20,2.78,29.43,119.3677
2022-05-23,2.86,28.48,118.7169
2022-05-24,2.76,29.45,118.6245
2022-05-25,2.75,28.37,118.9598
2022-05-26,2.75,27.5,118.7687
2022-05-27,2.74,25.72,118.2834
2022-05-30,,26.54,
2022-05-31,2.85,26.19,118.0704
2022-06-01,2.94,25.69,118.6954
2022-06-02,2.92,24.72,118.0658
2022-06-03,2.96,24.79,118.2153
2022-06-06,3.04,25.07,118.3081
2022-06-07,2.98,24.02,118.4414
2022-06-08,3.03,23.96,118.3951
2022-06-09,3.04,26.09,118.9226
2022-06-10,3.15,27.75,119.9981
2022-06-13,3.43,34.02,121.1523
2022-06-14,3.49,32.69,121.6669
2022-06-15,3.33,29.62,121.6403
2022-06-16,3.28,32.95,120.6714
2022-06-17,3.25,31.13,121.2369
2022-06-20,,31.03,
2022-06-21,3.31,30.19,120.6427
2022-06-22,3.16,28.95,120.5197
2022-06-23,3.09,29.05,120.7622
2022-06-24,3.13,27.23,120.4853
2022-06-27,3.2,26.95,120.1736
2022-06-28,3.2,28.36,120.62
2022-06-29,3.1,28.16,120.9616
2022-06-30,2.98,28.71,120.9652
2022-07-01,2.88,26.7,121.5058
2022-07-04,,27.53,
2022-07-05,2.82,27.54,122.6203
2022-07-06,2.93,26.73,123.0073
2022-07-07,3.01,26.08,122.7257
2022-07-08,3.09,24.64,122.4662
2022-07-11,2.99,26.17,123.2974
2022-07-12,2.96,27.29,123.4524
2022-07-13,2.91,26.82,123.2834
2022-07-14,2.96,26.4,124.0622
2022-07-15,2.93,24.23,123.4765
2022-07-18,2.96,25.3,122.7727
2022-07-19,3.01,24.5,122.4819
2022-07-20,3.04,23.88,122.5997
2022-07-21,2.91,23.11,122.9032
2022-07-22,2.77,23.03,122.451
2022-07-25,2.81,23.36,122.4594
2022-07-26,2.81,24.69,122.7581
2022-07-27,2.78,23.24,122.8169
2022-07-28,2.68,22.33,122.1161
2022-07-29,2.67,21.33,121.7678
2022-08-01,2.6,22.84,121.4109
2022-08-02,2.75,23.93,121.9486
2022-08-03,2.73,21.95,122.3888
2022-08-04,2.68,21.44,121.8333
2022-08-05,2.83,21.15,122.321
2022-08-08,2.77,21.29,121.8783
2022-08-09,2.8,21.77,121.8614
2022-08-10,2.78,19.74,120.7543
2022-08-11,2.87,20.2,120.7163
2022-08-12,2.84,19.53,121.018
2022-08-15,2.79,19.95,121.4315
2022-08-16,2.82,19.69,121.6807
2022-08-17,2.89,19.9,122.0711
2022-08-18,2.88,19.56,122.3627
2022-08-19,2.98,20.6,123.0501
2022-08-22,3.03,23.8,123.605
2022-08-23,3.05,24.11,123.0547
2022-08-24,3.11,22.82,123.109
2022-08-25,3.03,21.78,123.0586
2022-08-26,3.04,25.56,123.0656
2022-08-29,3.12,26.21,123.4686
2022-08-30,3.11,26.21,123.6848
2022-08-31,3.15,25.87,123.535
2022-09-01,3.26,25.56,124.4006
2022-09-02,3.2,25.47,123.7743
2022-09-05,,25.99,
2022-09-06,3.33,26.91,124.767
2022-09-07,3.27,24.64,124.8408
2022-09-08,3.29,23.61,124.578
2022-09-09,3.33,22.79,123.7874
2022-09-12,3.37,23.87,123.3332
2022-09-13,3.42,27.27,124.4242
2022-09-14,3.41,26.16,124.4509
2022-09-15,3.45,26.27,124.8843
2022-09-16,3.45,26.3,124.8794
2022-09-19,3.49,25.76,125.0104
2022-09-20,3.57,27.16,125.1248
2022-09-21,3.51,27.99,125.7399
2022-09-22,3.7,27.35,126.1667
2022-09-23,3.69,29.92,127.2853
2022-09-26,3.88,32.26,128.4539
2022-09-27,3.97,32.6,128.4386
2022-09-28,3.72,30.18,128.0884
2022-09-29,3.76,31.84,127.5437
2022-09-30,3.83,31.62,127.5148
2022-10-03,3.67,30.1,127.0813
2022-10-04,3.62,29.07,126.1819
2022-10-05,3.76,28.55,126.8616
2022-10-06,3.83,30.52,127.2493
2022-10-07,3.89,31.36,127.3111
2022-10-10,,32.45,
2022-10-11,3.93,33.63,127.6641
2022-10-12,3.91,33.57,128.1481
2022-10-13,3.97,31.94,127.7286
2022-10-14,4.0,32.02,128.3325
2022-10-17,4.02,31.37,127.6448
2022-10-18,4.01,30.5,127.9153
2022-10-19,4.14,30.76,128.3968
2022-10-20,4.24,29.98,128.0052
2022-10-21,4.21,29.69,127.6735
2022-10-24,4.25,29.85,128.0304
2022-10-25,4.1,28.46,127.3771
2022-10-26,4.04,27.28,126.4723
2022-10-27,3.96,27.39,126.7028
2022-10-28,4.02,25.75,127.2135
2022-10-31,4.1,25.88,127.6219
2022-11-01,4.07,25.81,127.3987
2022-11-02,4.1,25.86,127.3115
2022-11-03,4.14,25.3,128.1743
2022-11-04,4.17,24.55,127.1468
2022-11-07,4.22,24.35,126.3062
2022-11-08,4.14,25.54,125.633
2022-11-09,4.12,26.09,125.9861
2022-11-10,3.82,23.53,124.7044
2022-11-11,,22.52,
2022-11-14,3.88,23.73,123.4277
2022-11-15,3.8,24.54,123.039
2022-11-16,3.67,24.11,123.2817
2022-11-17,3.77,23.93,123.977
2022-11-18,3.82,23.12,123.8524
2022-11-21,3.83,22.36,124.7009
2022-11-22,3.76,21.29,124.2365
2022-11-23,3.71,20.35,123.7574
2022-11-24,,20.42,
2022-11-25,3.68,20.5,123.3386
2022-11-28,3.69,22.21,123.6032
2022-11-29,3.75,21.89,123.6615
2022-11-30,3.68,20.58,123.5175
2022-12-01,3.53,19.84,122.0045
2022-12-02,3.51,19.06,122.0102
2022-12-05,3.6,20.75,122.6384
2022-12-06,3.51,22.17,123.0191
2022-12-07,3.42,22.68,122.7608
2022-12-08,3.48,22.29,122.4152
2022-12-09,3.57,22.83,122.4201
2022-12-12,3.61,25.0,122.7714
2022-12-13,3.51,22.55,121.8493
2022-12-14,3.49,21.14,121.8226
2022-12-15,3.44,22.83,122.5519
2022-12-16,3.48,22.62,122.6505
2022-12-19,3.57,22.42,122.5275
2022-12-20,3.69,21.48,122.1357
2022-12-21,3.68,20.07,122.2828
2022-12-22,3.67,21.97,122.2419
2022-12-23,3.75,20.87,121.9743
2022-12-26,,,
2022-12-27,3.84,21.65,121.7539
2022-12-28,3.88,22.14,122.0075
2022-12-29,3.83,21.44,121.6577
2022-12-30,3.88,21.67,121.4256
2023-01-02,,,
2023-01-03,3.79,22.9,122.0905
2023-01-04,3.69,22.01,121.5008
2023-01-05,3.71,22.46,122.1017
2023-01-06,3.55,21.13,121.0852
2023-01-09,3.53,21.97,120.1508
2023-01-10,3.61,20.58,120.2483
2023-01-11,3.54,21.09,120.1614
2023-01-12,3.43,18.83,119.4218
2023-01-13,3.49,18.35,119.1673
2023-01-16,,19.49,
2023-01-17,3.53,19.36,119.2121
2023-01-18,3.37,20.34,119.0755
2023-01-19,3.39,20.52,119.6107
2023-01-20,3.48,19.85,119.3486
2023-01-23,3.52,19.81,119.1434
2023-01-24,3.46,19.2,119.0958
2023-01-25,3.46,19.08,118.9686
2023-01-26,3.49,18.73,119.021
2023-01-27,3.52,18.51,118.9223
2023-01-30,3.55,19.94,118.8953
2023-01-31,3.52,19.4,118.9802
2023-02-01,3.39,17.87,118.6259
2023-02-02,3.4,18.73,118.3421
2023-02-03,3.53,18.33,119.5095
2023-02-06,3.63,19.43,120.541
2023-02-07,3.67,18.66,120.3475
2023-02-08,3.63,19.63,120.1436
2023-02-09,3.67,20.71,119.9781
2023-02-10,3.74,20.53,120.1419
2023-02-13,3.72,20.34,119.9828
2023-02-14,3.77,18.91,119.9229
2023-02-15,3.81,18.23,120.4557
2023-02-16,3.86,20.17,120.4651
2023-02-17,3.82,20.02,120.5526
2023-02-20,,21.23,
2023-02-21,3.95,22.87,120.6256
2023-02-22,3.93,22.29,120.8389
2023-02-23,3.88,21.14,121.0896
2023-02-24,3.95,21.67,121.5681
2023-02-27,3.92,20.95,121.3941
2023-02-28,3.92,20.7,121.3341
2023-03-01,4.01,20.58,120.6347
2023-03-02,4.08,19.59,121.1302
2023-03-03,3.97,18.49,120.7742
2023-03-06,3.98,18.61,120.485
2023-03-07,3.97,19.59,121.4623
2023-03-08,3.98,19.11,121.4511
2023-03-09,3.93,22.61,121.4458
2023-03-10,3.7,24.8,121.2421
2023-03-13,3.55,26.52,120.8897
2023-03-14,3.64,23.73,121.0141
2023-03-15,3.51,26.14,122.1079
2023-03-16,3.56,22.99,121.7221
2023-03-17,3.39,25.51,121.5643
2023-03-20,3.47,24.15,121.0141
2023-03-21,3.59,21.38,120.8958
2023-03-22,3.48,22.26,120.6217
2023-03-23,3.38,22.61,119.7587
2023-03-24,3.38,21.74,120.4598
2023-03-27,3.53,20.6,120.2541
2023-03-28,3.55,19.97,119.7138
2023-03-29,3.57,19.12,119.7258
2023-03-30,3.55,19.02,119.4078
2023-03-31,3.48,18.7,119.3602
2023-04-03,3.43,18.55,119.3204
2023-04-04,3.35,19.0,119.142
2023-04-05,3.3,19.08,119.2953
2023-04-06,3.3,18.4,119.3072
2023-04-07,3.39,,119.3547
2023-04-10,3.41,18.97,119.7948
2023-04-11,3.43,19.1,119.5248
2023-04-12,3.41,19.09,119.003
2023-04-13,3.45,17.8,118.3915
2023-04-14,3.52,17.07,118.8567
2023-04-17,3.6,16.95,119.2787
2023-04-18,3.58,16.83,119.1049
2023-04-19,3.6,16.46,119.303
2023-04-20,3.54,17.17,119.1199
2023-04-21,3.57,16.77,119.3117
2023-04-24,3.52,16.89,119.2039
2023-04-25,3.4,18.76,119.613
2023-04-26,3.43,18.84,119.3228
2023-04-27,3.53,17.03,119.4298
2023-04-28,3.44,15.78,119.2248
2023-05-01,3.59,16.08,119.4435
2023-05-02,3.44,17.78,119.6105
2023-05-03,3.38,18.34,119.1233
2023-05-04,3.37,20.09,119.0465
2023-05-05,3.44,17.19,118.5548
2023-05-08,3.52,16.98,118.5759
2023-05-09,3.53,17.71,118.8239
2023-05-10,3.43,16.94,118.5864
2023-05-11,3.39,16.93,119.0303
2023-05-12,3.46,17.03,119.3671
2023-05-15,3.5,17.12,119.1608
2023-05-16,3.54,17.99,119.1743
2023-05-17,3.57,16.87,119.607
2023-05-18,3.65,16.05,120.0886
2023-05-19,3.7,16.81,119.7751
2023-05-22,3.72,17.21,120.0875
2023-05-23,3.7,18.53,120.3204
2023-05-24,3.73,20.03,120.4752
2023-05-25,3.83,19.14,120.8413
2023-05-26,3.8,17.95,120.6304
2023-05-29,,17.46,
2023-05-30,3.69,17.46,120.5546
2023-05-31,3.64,17.94,120.9662
2023-06-01,3.61,15.65,120.0491
2023-06-02,3.69,14.6,120.0049
2023-06-05,3.69,14.73,120.0048
2023-06-06,3.7,13.96,119.9718
2023-06-07,3.79,13.94,119.859
2023-06-08,3.73,13.65,119.5712
2023-06-09,3.75,13.83,119.4322
2023-06-12,3.73,15.01,119.6376
2023-06-13,3.84,14.61,119.1899
2023-06-14,3.83,13.88,118.776
2023-06-15,3.72,14.5,118.5521
2023-06-16,3.77,13.54,118.4184
2023-06-19,,14.19,
2023-06-20,3.74,13.88,118.938
2023-06-21,3.72,13.2,118.727
2023-06-22,3.8,12.91,118.7552
2023-06-23,3.74,13.44,119.152
2023-06-26,3.72,14.25,119.0761
2023-06-27,3.77,13.74,118.8949
2023-06-28,3.71,13.43,119.3382
2023-06-29,3.85,13.54,119.527
2023-06-30,3.81,13.59,119.3606
2023-07-03,3.86,13.57,119.2119
2023-07-04,,13.7,
2023-07-05,3.95,14.18,119.3483
2023-07-06,4.05,15.44,119.8193
2023-07-07,4.06,14.83,119.0761
2023-07-10,4.01,15.07,118.9548
2023-07-11,3.99,14.84,118.7344
2023-07-12,3.86,13.54,117.6385
2023-07-13,3.76,13.61,117.1831
2023-07-14,3.83,13.34,117.0463
2023-07-17,3.81,13.48,117.1267
2023-07-18,3.8,13.3,117.0264
2023-07-19,3.75,13.76,117.3462
2023-07-20,3.85,13.99,117.5947
2023-07-21,3.84,13.6,117.9418
2023-07-24,3.86,13.91,117.8124
2023-07-25,3.91,13.86,117.8565
2023-07-26,3.86,13.19,117.76
2023-07-27,4.01,14.41,117.8938
2023-07-28,3.96,13.33,117.788
2023-07-31,3.97,13.63,117.8241
2023-08-01,4.05,13.93,118.5738
2023-08-02,4.08,16.09,119.1268
2023-08-03,4.2,15.92,119.3963
2023-08-04,4.05,17.1,118.821
2023-08-07,4.09,15.77,119.0809
2023-08-08,4.02,15.99,119.6407
2023-08-09,4.0,15.96,119.476
2023-08-10,4.09,15.85,119.1581
2023-08-11,4.16,14.84,119.6268
2023-08-14,4.19,14.82,120.0725
2023-08-15,4.21,16.46,120.2127
2023-08-16,4.28,16.78,120.3551
2023-08-17,4.3,17.89,120.5242
2023-08-18,4.26,17.3,120.4321
2023-08-21,4.34,17.13,120.4627
2023-08-22,4.34,16.97,120.3554
2023-08-23,4.19,15.98,120.0307
2023-08-24,4.23,17.2,120.2354
2023-08-25,4.25,15.68,120.5137
2023-08-28,4.2,15.08,120.3155
2023-08-29,4.12,14.45,120.2669
2023-08-30,4.12,13.88,119.7937
2023-08-31,4.09,13.57,120.225
2023-09-01,4.18,13.09,120.759
2023-09-04,,13.82,
2023-09-05,4.27,14.01,121.4345
2023-09-06,4.3,14.45,121.8671
2023-09-07,4.27,14.4,121.9528
2023-09-08,4.26,13.84,121.9475
2023-09-11,4.29,13.8,121.3386
2023-09-12,4.27,14.23,121.2913
2023-09-13,4.25,13.48,121.0549
2023-09-14,4.29,12.82,121.2395
2023-09-15,4.33,13.79,121.199
2023-09-18,4.32,14.0,121.1938
2023-09-19,4.37,14.11,121.1645
2023-09-20,4.35,15.14,120.9648
2023-09-21,4.49,17.54,121.5528
2023-09-22,4.44,17.2,121.5306
2023-09-25,4.55,16.9,122.1143
2023-09-26,4.56,18.94,122.4742
2023-09-27,4.61,18.22,122.9895
2023-09-28,4.59,17.34,122.5342
2023-09-29,4.59,17.52,122.3077
2023-10-02,4.69,17.61,123.0545
2023-10-03,4.81,19.78,123.7848
2023-10-04,4.73,18.58,123.5946
2023-10-05,4.72,18.49,123.8993
2023-10-06,4.78,17.45,123.3563
2023-10-09,,17.7,
2023-10-10,4.66,17.03,122.9282
2023-10-11,4.58,16.09,122.7697
2023-10-12,4.7,16.69,123.2101
2023-10-13,4.63,19.32,123.5954
2023-10-16,4.71,17.21,123.3185
2023-10-17,4.83,17.88,123.1202
2023-10-18,4.91,19.22,123.8148
2023-10-19,4.98,21.4,123.798
2023-10-20,4.93,21.71,123.612
2023-10-23,4.86,20.37,123.2846
2023-10-24,4.83,18.97,123.6416
2023-10-25,4.95,20.19,123.7871
2023-10-26,4.86,20.68,124.0064
2023-10-27,4.84,21.27,123.62
2023-10-30,4.88,19.75,123.4076
2023-10-31,4.88,18.14,123.8364
2023-11-01,4.77,16.87,123.7922
2023-11-02,4.67,15.66,122.8818
2023-11-03,4.57,14.91,121.7564
2023-11-06,4.67,14.89,121.6484
2023-11-07,4.58,14.81,122.0777
2023-11-08,4.49,14.45,122.0926
2023-11-09,4.62,15.29,122.1281
2023-11-10,4.61,14.17,
2023-11-13,4.63,14.76,122.4264
2023-11-14,4.44,14.16,121.35
2023-11-15,4.53,14.18,121.0749
2023-11-16,4.45,14.32,121.1754
2023-11-17,4.44,13.8,120.8477
2023-11-20,4.42,13.41,120.2533
2023-11-21,4.41,13.35,120.2241
2023-11-22,4.42,12.85,120.6802
2023-11-23,,12.8,
2023-11-24,4.47,12.46,120.2105
2023-11-27,4.39,12.69,120.173
2023-11-28,4.34,12.69,119.5904
2023-11-29,4.27,12.98,119.8159
2023-11-30,4.37,12.92,120.2434
2023-12-01,4.22,12.63,119.9424
2023-12-04,4.28,13.08,120.4727
2023-12-05,4.18,12.85,120.7913
2023-12-06,4.12,12.97,120.5334
2023-12-07,4.14,13.06,120.6013
2023-12-08,4.23,12.35,120.7607
2023-12-11,4.23,12.63,120.9279
2023-12-12,4.2,12.07,120.6817
2023-12-13,4.04,12.19,121.1571
2023-12-14,3.92,12.48,119.5683
2023-12-15,3.91,12.28,119.7382
2023-12-18,3.95,12.56,119.9102
2023-12-19,3.93,12.53,119.4632
2023-12-20,3.86,13.67,119.5435
2023-12-21,3.89,13.65,119.3168
2023-12-22,3.9,13.03,119.0625
2023-12-25,,,
2023-12-26,3.89,12.99,118.8875
2023-12-27,3.79,12.43,118.4729
2023-12-28,3.84,12.47,118.4104
2023-12-29,3.88,12.45,118.4208
2024-01-01,,,
2024-01-02,3.95,13.2,119.2686
2024-01-03,3.91,14.04,119.6958
2024-01-04,3.99,14.13,119.6208
2024-01-05,4.05,13.35,119.388
2024-01-08,4.01,13.08,119.2506
2024-01-09,4.02,12.76,119.6666
2024-01-10,4.04,12.69,119.7614
2024-01-11,3.98,12.44,119.8916
2024-01-12,3.96,12.7,119.534
2024-01-15,,13.25,
2024-01-16,4.07,13.84,120.5759
2024-01-17,4.1,14.79,121.0402
2024-01-18,4.14,14.13,120.8895
2024-01-19,4.15,13.3,120.6442
2024-01-22,4.11,13.19,120.6178
2024-01-23,4.14,12.55,121.1001
2024-01-24,4.18,13.14,120.4916
2024-01-25,4.14,13.45,120.8311
2024-01-26,4.15,13.26,120.6173
2024-01-29,4.08,13.6,120.8538
2024-01-30,4.06,13.31,120.6025
2024-01-31,3.99,14.35,120.4331
2024-02-01,3.87,13.88,120.3335
2024-02-02,4.03,13.85,120.902
2024-02-05,4.17,13.67,121.349
2024-02-06,4.09,13.06,120.9588
2024-02-07,4.09,12.83,120.9049
2024-02-08,4.15,12.79,121.0798
2024-02-09,4.17,12.93,121.039
2024-02-12,4.17,13.93,120.9378
2024-02-13,4.31,15.85,121.5202
2024-02-14,4.27,14.38,121.4002
2024-02-15,4.24,14.01,121.2121
2024-02-16,4.3,14.24,121.1505
2024-02-19,,14.71,
2024-02-20,4.27,15.42,121.0199
2024-02-21,4.32,15.34,121.0379
2024-02-22,4.33,14.54,121.102
2024-02-23,4.26,13.75,121.0369
2024-02-26,4.28,13.74,121.0592
2024-02-27,4.31,13.43,120.9647
2024-02-28,4.27,13.84,121.128
2024-02-29,4.25,13.4,121.1824
2024-03-01,4.19,13.11,121.0111
2024-03-04,4.22,13.49,120.872
2024-03-05,4.13,14.46,120.8846
2024-03-06,4.11,14.5,120.4649
2024-03-07,4.09,14.44,120.1909
2024-03-08,4.09,14.74,119.975
2024-03-11,4.1,15.22,120.0394
2024-03-12,4.16,13.84,120.1668
2024-03-13,4.19,13.75,119.9642
2024-03-14,4.29,14.4,120.241
2024-03-15,4.31,14.41,120.4003
2024-03-18,4.34,14.33,120.5752
2024-03-19,4.3,13.82,120.9332
2024-03-20,4.27,13.04,120.9289
2024-03-21,4.27,12.92,120.8086
2024-03-22,4.22,13.06,121.1842
2024-03-25,4.25,13.19,121.0295
2024-03-26,4.24,13.24,121.0742
2024-03-27,4.2,12.78,121.0089
2024-03-28,4.2,13.01,121.0635
2024-03-29,,,121.0191
2024-04-01,4.33,13.65,121.5151
2024-04-02,4.36,14.61,121.3035
2024-04-03,4.36,14.33,121.0198
2024-04-04,4.31,16.35,120.7613
2024-04-05,4.39,16.03,120.9646
2024-04-08,4.42,15.19,120.7359
2024-04-09,4.36,14.98,120.7048
2024-04-10,4.55,15.8,121.5727
2024-04-11,4.56,14.91,121.6081
2024-04-12,4.5,17.31,122.2885
2024-04-15,4.63,19.23,122.425
2024-04-16,4.67,18.4,123.1234
2024-04-17,4.59,18.21,123.0207
2024-04-18,4.64,18.0,123.0017
2024-04-19,4.62,18.71,123.1075
2024-04-22,4.62,16.94,123.0609
2024-04-23,4.61,15.69,122.7227
2024-04-24,4.65,15.97,122.89
2024-04-25,4.7,15.37,122.8384
2024-04-26,4.67,15.03,122.9471
2024-04-29,4.63,14.67,122.5449
2024-04-30,4.69,15.65,122.9853
2024-05-01,4.63,15.39,123.0168
2024-05-02,4.58,14.68,122.4384
2024-05-03,4.5,13.49,122.1375
2024-05-06,4.49,13.49,121.8913
2024-05-07,4.47,13.23,122.093
2024-05-08,4.48,13.0,122.1926
2024-05-09,4.45,12.69,122.1634
2024-05-10,4.5,12.55,122.014
2024-05-13,4.48,13.6,122.0261
2024-05-14,4.45,13.42,121.9256
2024-05-15,4.36,12.45,121.3543
2024-05-16,4.38,12.42,121.2236
2024-05-17,4.42,11.99,121.2354
2024-05-20,4.44,12.15,121.2289
2024-05-21,4.41,11.86,121.3793
2024-05-22,4.43,12.29,121.5462
2024-05-23,4.47,12.77,121.7477
2024-05-24,4.46,11.93,121.6172
2024-05-27,,12.36,
2024-05-28,4.54,12.92,121.43
2024-05-29,4.61,14.28,122.1641
2024-05-30,4.55,14.47,121.9601
2024-05-31,4.51,12.92,122.098
2024-06-03,4.41,13.11,122.3509
2024-06-04,4.33,13.16,122.7256
2024-06-05,4.29,12.63,122.5339
2024-06-06,4.28,12.58,122.3713
2024-06-07,4.43,12.22,123.549
2024-06-10,4.47,12.74,123.9125
2024-06-11,4.39,12.85,124.0349
2024-06-12,4.31,12.04,123.8295
2024-06-13,4.24,11.94,124.0235
2024-06-14,4.2,12.66,124.1694
2024-06-17,4.28,12.75,124.239
2024-06-18,4.22,12.3,123.9776
2024-06-19,,12.48,
2024-06-20,4.25,13.28,124.192
2024-06-21,4.25,13.2,124.1086
2024-06-24,4.25,13.33,123.7125
2024-06-25,4.23,12.84,123.9417
2024-06-26,4.32,12.55,124.26
2024-06-27,4.29,12.24,124.3379
2024-06-28,4.36,12.44,124.2103
2024-07-01,4.48,12.22,124.4667
2024-07-02,4.43,12.03,124.2917
2024-07-03,4.36,12.09,123.7768
2024-07-04,,12.26,
2024-07-05,4.28,12.48,123.4762
2024-07-08,4.28,12.37,123.3576
2024-07-09,4.3,12.51,123.4071
2024-07-10,4.28,12.85,123.1895
2024-07-11,4.2,12.92,122.769
2024-07-12,4.18,12.46,122.4404
2024-07-15,4.23,13.12,122.6347
2024-07-16,4.17,13.19,122.7264
2024-07-17,4.16,14.48,122.518
2024-07-18,4.2,15.93,122.7909
2024-07-19,4.25,16.52,123.147
2024-07-22,4.26,14.91,123.2172
2024-07-23,4.25,14.72,123.3843
2024-07-24,4.28,18.04,123.5575
2024-07-25,4.27,18.46,123.5286
2024-07-26,4.2,16.39,123.672
2024-07-29,4.17,16.6,124.1392
2024-07-30,4.15,17.69,124.2855
2024-07-31,4.09,16.36,123.6373
2024-08-01,3.99,18.59,123.8693
2024-08-02,3.8,23.39,123.4681
2024-08-05,3.78,38.57,123.5787
2024-08-06,3.9,27.71,123.6532
2024-08-07,3.96,27.85,123.5698
2024-08-08,3.99,23.79,123.4466
2024-08-09,3.94,20.37,122.9276
2024-08-12,3.9,20.71,123.2204
2024-08-13,3.85,18.12,123.0146
2024-08-14,3.83,16.19,122.4297
2024-08-15,3.92,15.23,122.5844
2024-08-16,3.89,14.8,122.3972
2024-08-19,3.86,14.65,121.8788
2024-08-20,3.82,15.88,121.7728
2024-08-21,3.79,16.27,121.8535
2024-08-22,3.86,17.55,122.3626
2024-08-23,3.81,15.86,121.4597
2024-08-26,3.82,16.15,121.6943
2024-08-27,3.83,15.43,121.8672
2024-08-28,3.84,17.11,121.8943
2024-08-29,3.87,15.65,122.2333
2024-08-30,3.91,15.0,122.3262
2024-09-02,,15.55,
2024-09-03,3.84,20.72,122.7811
2024-09-04,3.77,21.32,122.5144
2024-09-05,3.73,19.9,122.4533
2024-09-06,3.72,22.38,122.4991
2024-09-09,3.7,19.45,122.7156
2024-09-10,3.65,19.08,123.0071
2024-09-11,3.65,17.69,122.7754
2024-09-12,3.68,17.07,122.4423
2024-09-13,3.66,16.56,121.6551
2024-09-16,3.63,17.14,121.4976
2024-09-17,3.65,17.61,121.6031
2024-09-18,3.7,18.23,121.5618
2024-09-19,3.73,16.33,121.3059
2024-09-20,3.73,16.15,121.4052
2024-09-23,3.75,15.89,121.4303
2024-09-24,3.74,15.39,121.1291
2024-09-25,3.79,15.41,121.4447
2024-09-26,3.79,15.37,121.0785
2024-09-27,3.75,16.96,121.1111
2024-09-30,3.81,16.73,121.2864
2024-10-01,3.74,19.26,121.6881
2024-10-02,3.79,18.9,121.5724
2024-10-03,3.85,20.49,122.1197
2024-10-04,3.98,19.21,122.2197
2024-10-07,4.03,22.64,122.4241
2024-10-08,4.04,21.42,122.6625
2024-10-09,4.06,20.86,122.8821
2024-10-10,4.09,20.93,123.0951
2024-10-11,4.08,20.46,122.9805
2024-10-14,,19.7,
2024-10-15,4.03,20.64,123.5124
2024-10-16,4.02,19.58,123.9235
2024-10-17,4.09,19.11,124.1122
2024-10-18,4.08,18.03,123.9185
2024-10-21,4.19,18.37,124.4757
2024-10-22,4.2,18.2,124.4107
2024-10-23,4.24,19.24,124.6931
2024-10-24,4.21,19.08,124.5127
2024-10-25,4.25,20.33,124.6105
2024-10-28,4.28,19.8,124.8076
2024-10-29,4.28,19.34,124.8612
2024-10-30,4.29,20.35,124.8153
2024-10-31,4.28,23.16,124.7988
2024-11-01,4.37,21.88,124.8076
2024-11-04,4.31,21.98,124.5903
2024-11-05,4.26,20.49,124.5532
2024-11-06,4.42,16.27,125.7035
2024-11-07,4.31,15.2,124.775
2024-11-08,4.3,14.94,125.5811
2024-11-11,,14.97,
2024-11-12,4.43,14.71,126.7762
2024-11-13,4.44,14.02,126.9572
2024-11-14,4.43,14.31,127.0015
2024-11-15,4.43,16.14,126.8848
2024-11-18,4.42,15.58,126.6045
2024-11-19,4.39,16.35,126.3994
2024-11-20,4.41,17.16,126.88
2024-11-21,4.43,16.87,127.1047
2024-11-22,4.41,15.24,127.4712
2024-11-25,4.27,14.6,126.9948
2024-11-26,4.3,14.1,127.4301
2024-11-27,4.25,14.1,126.8205
2024-11-28,,13.9,
2024-11-29,4.18,13.51,126.5798
2024-12-02,4.19,13.34,127.1272
2024-12-03,4.23,13.3,126.9565
2024-12-04,4.19,13.45,126.7574
2024-12-05,4.17,13.54,126.4286
2024-12-06,4.15,12.77,126.688
2024-12-09,4.2,14.19,126.5981
2024-12-10,4.22,14.18,126.957
2024-12-11,4.26,13.58,126.8483
2024-12-12,4.32,13.92,126.9556
2024-12-13,4.4,13.81,127.3096
2024-12-16,4.39,14.69,127.2687
2024-12-17,4.4,15.87,127.5043
2024-12-18,4.5,27.62,127.6418
2024-12-19,4.57,24.09,128.6366
2024-12-20,4.52,18.36,127.893
2024-12-23,4.59,16.78,128.3021
2024-12-24,4.59,14.27,128.3377
2024-12-25,,,
2024-12-26,4.58,14.73,128.3329
2024-12-27,4.62,15.95,128.45
2024-12-30,4.55,17.4,128.8205
2024-12-31,4.58,17.35,129.2775
2025-01-01,,,
2025-01-02,4.57,17.93,129.4598
2025-01-03,4.6,16.13,129.4535
2025-01-06,4.62,16.04,128.538
2025-01-07,4.67,17.82,128.613
2025-01-08,4.67,17.7,129.0785
2025-01-09,4.68,18.07,129.2827
2025-01-10,4.77,19.54,129.8664
2025-01-13,4.79,19.19,130.0413
2025-01-14,4.78,18.71,129.3812
2025-01-15,4.66,16.12,129.2092
2025-01-16,4.61,16.6,129.436
2025-01-17,4.61,15.97,129.4859
2025-01-20,,15.81,
2025-01-21,4.57,15.06,128.4151
2025-01-22,4.6,15.1,128.3402
2025-01-23,4.65,15.02,128.2162
2025-01-24,4.63,14.85,127.4611
2025-01-27,4.53,17.9,128.0912
2025-01-28,4.55,16.41,128.2817
2025-01-29,4.55,16.56,128.3418
2025-01-30,4.52,15.84,128.1004
2025-01-31,4.58,16.43,128.4828
2025-02-03,4.54,18.62,129.109
2025-02-04,4.52,17.21,128.1083
2025-02-05,4.43,15.77,127.9751
2025-02-06,4.45,15.5,128.2017
2025-02-07,4.49,16.54,128.4292
2025-02-10,4.51,15.81,128.6382
2025-02-11,4.54,16.02,128.4322
2025-02-12,4.62,15.89,128.3288
2025-02-13,4.52,15.1,127.8931
2025-02-14,4.47,14.77,127.1491
2025-02-17,,15.37,
2025-02-18,4.55,15.35,127.2906
2025-02-19,4.53,15.27,127.7317
2025-02-20,4.5,15.66,127.1126
2025-02-21,4.42,18.21,127.1408
2025-02-24,4.4,18.98,127.1921
2025-02-25,4.3,19.43,127.3752
2025-02-26,4.25,19.1,127.2822
2025-02-27,4.29,21.13,127.9704
2025-02-28,4.24,19.63,128.2805
2025-03-03,4.16,22.78,127.75
2025-03-04,4.22,23.51,127.9966
2025-03-05,4.28,21.93,126.504
2025-03-06,4.29,24.87,126.1099
2025-03-07,4.32,23.37,125.9814
2025-03-10,4.22,27.86,126.268
2025-03-11,4.28,26.92,126.0457
2025-03-12,4.32,24.23,125.8664
2025-03-13,4.27,24.66,126.0031
2025-03-14,4.31,21.77,125.6942
2025-03-17,4.31,20.51,125.3688
2025-03-18,4.29,21.7,125.488
2025-03-19,4.25,19.9,125.8006
2025-03-20,4.24,19.8,125.985
2025-03-21,4.25,19.28,126.2679
2025-03-24,4.34,17.48,126.1956
2025-03-25,4.31,17.15,126.0535
2025-03-26,4.35,18.33,126.2364
2025-03-27,4.38,18.69,126.3626
2025-03-28,4.27,21.65,126.4187
2025-03-31,4.23,22.28,126.7075
2025-04-01,4.17,21.77,126.4338
2025-04-02,4.2,21.51,126.3811
2025-04-03,4.06,30.02,124.7316
2025-04-04,4.01,45.31,125.8129
2025-04-07,4.15,46.98,126.8282
2025-04-08,4.26,52.33,126.8668
2025-04-09,4.34,33.62,126.628
2025-04-10,4.4,40.72,125.089
2025-04-11,4.48,37.56,124.0163
2025-04-14,4.38,30.89,123.6598
2025-04-15,4.35,30.12,123.776
2025-04-16,4.29,32.64,123.2724
2025-04-17,4.34,29.65,123.1298
2025-04-18,,,122.9865
2025-04-21,4.42,33.82,122.3145
2025-04-22,4.41,30.57,122.4175
2025-04-23,4.4,28.45,123.0252
2025-04-24,4.32,26.47,122.9251
2025-04-25,4.29,24.84,122.8858
2025-04-28,4.23,25.15,122.7176
2025-04-29,4.19,24.17,122.5944
2025-04-30,4.17,24.7,122.5921
2025-05-01,4.25,24.6,123.1405
2025-05-02,4.33,22.68,122.4962
2025-05-05,4.36,23.64,122.2613
2025-05-06,4.3,24.76,122.0417
2025-05-07,4.26,23.55,122.117
2025-05-08,4.37,22.48,122.7568
2025-05-09,4.37,21.9,122.5191
2025-05-12,4.45,18.39,123.4863
2025-05-13,4.49,18.22,122.9583
2025-05-14,4.53,18.62,122.6746
2025-05-15,4.45,17.83,122.8174
2025-05-16,4.43,17.24,123.0737
2025-05-19,4.46,18.14,122.4186
2025-05-20,4.48,18.09,122.3199
2025-05-21,4.58,20.87,121.7496
2025-05-22,4.54,20.28,122.0429
2025-05-23,4.51,22.29,121.3837
2025-05-26,,20.57,
2025-05-27,4.43,18.96,121.6099
2025-05-28,4.47,19.31,121.9888
2025-05-29,4.43,19.18,121.5617
2025-05-30,4.41,18.57,121.7674
2025-06-02,4.46,18.36,121.1881
2025-06-03,4.46,17.69,121.4592
2025-06-04,4.37,17.61,121.0539
2025-06-05,4.4,18.48,120.9596
2025-06-06,4.51,16.77,121.161
2025-06-09,4.49,17.16,120.9103
2025-06-10,4.47,16.95,121.0485
2025-06-11,4.41,17.26,120.587
2025-06-12,4.36,18.02,120.1723
2025-06-13,4.41,20.82,120.3245
2025-06-16,4.46,19.11,120.1565
2025-06-17,4.39,21.6,120.5048
2025-06-18,4.38,20.14,120.7305
2025-06-19,,22.17,
2025-06-20,4.38,20.62,121.0408
2025-06-23,4.34,19.83,121.1694
2025-06-24,4.3,17.48,120.3645
2025-06-25,4.29,16.76,120.3336
2025-06-26,4.26,16.59,119.6451
2025-06-27,4.29,16.32,119.659
2025-06-30,4.24,16.73,119.4088
2025-07-01,4.26,16.83,119.3436
2025-07-02,4.3,16.64,119.3037
2025-07-03,4.35,16.38,119.2382
2025-07-04,,17.48,
2025-07-07,4.4,17.79,119.6201
2025-07-08,4.42,16.81,119.8371
2025-07-09,4.34,15.94,119.7311
2025-07-10,4.35,15.78,119.8343
2025-07-11,4.43,16.4,119.9214
2025-07-14,4.43,17.2,120.2209
2025-07-15,4.5,17.38,120.5105
2025-07-16,4.46,17.16,120.4175
2025-07-17,4.47,16.52,120.6384
2025-07-18,4.44,16.41,120.356
2025-07-21,4.38,16.65,119.9961
2025-07-22,4.35,16.5,119.681
2025-07-23,4.4,15.37,119.5697
2025-07-24,4.43,15.39,119.5664
2025-07-25,4.4,14.93,119.9857
2025-07-28,4.42,15.03,120.6149
2025-07-29,4.34,15.98,120.9674
2025-07-30,4.38,15.48,121.4042
2025-07-31,4.37,16.72,121.721
2025-08-01,4.23,20.38,121.2122
2025-08-04,4.22,17.52,120.9859
2025-08-05,4.22,17.85,120.9082
2025-08-06,4.22,16.77,120.5082
2025-08-07,4.23,16.57,120.5043
2025-08-08,4.27,15.15,120.3329
2025-08-11,4.27,16.25,120.6892
2025-08-12,4.29,14.73,120.2736
2025-08-13,4.24,14.49,120.13
2025-08-14,4.29,14.83,120.6446
2025-08-15,4.33,15.09,120.3377
2025-08-18,4.34,14.99,120.5622
2025-08-19,4.3,15.57,120.7224
2025-08-20,4.29,15.69,120.7757
2025-08-21,4.33,16.6,121.0843
2025-08-22,4.26,14.22,120.2774
2025-08-25,4.28,14.79,120.4214
2025-08-26,4.26,14.62,120.5274
2025-08-27,4.24,14.85,120.7274
2025-08-28,4.22,14.43,120.2595
2025-08-29,4.23,15.36,120.2082
2025-09-01,,16.12,
2025-09-02,4.28,17.17,120.6837
2025-09-03,4.22,16.35,120.5052
2025-09-04,4.17,15.3,120.7629
2025-09-05,4.1,15.18,120.1282
2025-09-08,4.05,15.11,120.0971
2025-09-09,4.08,15.04,120.1569
2025-09-10,4.04,15.35,120.1223
2025-09-11,4.01,14.71,119.9534
2025-09-12,4.06,14.76,120.0611
2025-09-15,4.05,15.69,119.5644
2025-09-16,4.04,16.36,119.1348
2025-09-17,4.06,15.72,119.1582
2025-09-18,4.11,15.7,119.6616
2025-09-19,4.14,15.45,119.7858
2025-09-22,4.15,16.1,119.8152
2025-09-23,4.12,16.64,119.6202
2025-09-24,4.16,16.18,120.1707
2025-09-25,4.18,16.74,120.5419
2025-09-26,4.2,15.29,120.4349
2025-09-29,4.15,16.12,120.115
2025-09-30,4.16,16.28,120.1368
2025-10-01,4.12,16.29,120.1502
2025-10-02,4.1,16.63,120.4296
2025-10-03,4.13,16.65,120.0881
2025-10-06,4.18,16.37,120.2722
2025-10-07,4.14,17.24,120.4884
2025-10-08,4.13,16.3,120.7766
2025-10-09,4.14,16.43,121.0902
2025-10-10,4.05,21.66,121.1163
2025-10-13,,19.03,
2025-10-14,4.03,20.81,121.1822
2025-10-15,4.05,20.64,120.8642
2025-10-16,3.99,25.31,120.6698
2025-10-17,4.02,20.78,120.7028
2025-10-20,4.0,18.23,120.6209
2025-10-21,3.98,17.87,120.8895
2025-10-22,3.97,18.6,120.8958
2025-10-23,4.01,17.3,120.9531
2025-10-24,4.02,16.37,120.9345
2025-10-27,4.01,15.79,120.7988
2025-10-28,3.99,16.42,120.6361
2025-10-29,4.08,16.92,120.5312
2025-10-30,4.11,16.91,121.2832
2025-10-31,4.11,17.44,121.3859
2025-11-03,4.13,17.17,121.4512
2025-11-04,4.1,19.0,121.8271
2025-11-05,4.17,18.01,121.8482
2025-11-06,4.11,19.5,121.6948
2025-11-07,4.11,19.08,121.388
2025-11-10,4.13,17.6,121.2984
2025-11-11,,17.28,
2025-11-12,4.08,17.51,121.0458
2025-11-13,4.11,20.0,120.7725
2025-11-14,4.14,19.83,120.9666
2025-11-17,4.13,22.38,121.1146
2025-11-18,4.12,24.69,121.2127
2025-11-19,4.13,23.66,121.4978
2025-11-20,4.1,26.42,121.6889
2025-11-21,4.06,23.43,121.8653
2025-11-24,4.04,20.52,121.9171
2025-11-25,4.01,18.56,121.6335
2025-11-26,4.0,17.19,121.2437
2025-11-27,,17.21,
2025-11-28,4.02,16.35,121.0527
2025-12-01,4.09,17.24,120.9862
2025-12-02,4.09,16.59,121.1467
2025-12-03,4.06,16.08,120.7336
2025-12-04,4.11,15.78,120.6766
2025-12-05,4.14,15.41,120.6863
2025-12-08,4.17,16.66,120.776
2025-12-09,4.18,16.93,120.6832
2025-12-10,4.13,15.77,120.6752
2025-12-11,4.14,14.85,119.98
2025-12-12,4.19,15.74,120.1442
2025-12-15,4.18,16.5,119.9561
2025-12-16,4.15,16.48,119.8902
2025-12-17,4.16,17.62,120.155
2025-12-18,4.12,16.87,120.0528
2025-12-19,4.16,14.91,120.1652
2025-12-22,4.17,14.08,119.9912
2025-12-23,4.18,14.0,119.7057
2025-12-24,4.15,13.47,119.4372
2025-12-25,,,
2025-12-26,4.14,13.6,119.4723
2025-12-29,4.12,14.2,119.5899
2025-12-30,4.14,14.33,119.4939
2025-12-31,4.18,14.95,119.7456
2026-01-01,,,
2026-01-02,4.19,14.51,119.6059
2026-01-05,4.17,14.9,119.6192
2026-01-06,4.18,14.75,119.7807
2026-01-07,4.15,15.38,119.8719
2026-01-08,4.19,15.45,120.0904
2026-01-09,4.18,14.49,120.2215
2026-01-12,4.19,15.12,119.9958
2026-01-13,4.18,15.98,120.1401
2026-01-14,4.15,16.75,119.9537
2026-01-15,4.17,15.84,119.9951
2026-01-16,4.24,15.86,120.0838
2026-01-19,,18.84,
2026-01-20,4.3,20.09,119.4455
2026-01-21,4.26,16.9,119.3431
2026-01-22,4.26,15.64,119.1962
2026-01-23,4.24,16.09,118.8976
2026-01-26,4.22,16.15,118.0525
2026-01-27,4.24,16.35,117.4523
2026-01-28,4.26,16.35,117.5117
2026-01-29,4.24,16.88,117.4396
2026-01-30,4.26,17.44,117.8996
2026-02-02,4.29,16.34,118.3609
2026-02-03,4.28,18.0,117.9764
2026-02-04,4.29,18.64,118.2602
2026-02-05,4.21,21.77,118.5034
2026-02-06,4.22,17.76,118.2407
2026-02-09,4.22,17.36,117.6392
2026-02-10,4.16,17.79,117.5216
2026-02-11,4.18,17.65,117.4601
2026-02-12,4.09,20.82,117.5376
2026-02-13,4.04,20.6,117.5258
2026-02-16,,21.2,
2026-02-17,4.05,20.29,117.7375
2026-02-18,4.09,19.62,117.8426
2026-02-19,4.08,20.23,118.2354
2026-02-20,4.08,19.09,117.9917
2026-02-23,4.03,21.01,117.9395
2026-02-24,4.04,19.55,117.9463
2026-02-25,4.05,17.93,117.769
2026-02-26,4.02,18.63,117.9042
2026-02-27,3.97,19.86,117.8223
2026-03-02,4.05,21.44,118.667
2026-03-03,4.06,23.57,119.4341
2026-03-04,4.09,21.15,119.0705
2026-03-05,4.13,23.75,119.5683
2026-03-06,4.15,29.49,119.491
2026-03-09,4.12,25.5,119.5151
2026-03-10,4.15,24.93,118.7255
2026-03-11,4.21,24.23,119.2885
2026-03-12,4.27,27.29,119.8227
2026-03-13,4.28,27.19,120.5518
2026-03-16,4.23,23.51,120.097
2026-03-17,4.2,22.37,119.8328
2026-03-18,4.26,25.09,119.9276
2026-03-19,4.25,24.06,120.1802
2026-03-20,4.39,26.78,120.2757
2026-03-23,4.34,26.15,119.9371
2026-03-24,4.39,26.95,120.1295
2026-03-25,4.33,25.33,120.1282
2026-03-26,4.42,27.44,120.389
2026-03-27,4.44,31.05,120.8851
2026-03-30,4.35,30.61,121.2851
2026-03-31,4.3,25.25,121.035
2026-04-01,4.33,24.54,120.1198
2026-04-02,4.31,23.87,120.503
2026-04-03,4.35,,120.6565
2026-04-06,4.34,24.17,120.4302
2026-04-07,4.33,25.78,120.32
2026-04-08,4.29,21.04,119.0596
2026-04-09,4.29,19.49,118.8998
2026-04-10,4.31,19.23,118.8552
2026-04-13,4.3,19.12,118.9916
2026-04-14,4.26,18.36,118.3581
2026-04-15,4.29,18.17,118.3623
2026-04-16,4.32,17.94,118.3616
2026-04-17,4.26,17.48,118.0795
2026-04-20,4.26,18.87,118.2374
2026-04-21,4.3,19.5,118.4331
2026-04-22,4.3,18.92,118.6004
2026-04-23,4.34,19.31,118.7155
2026-04-24,4.31,18.71,118.7294
2026-04-27,4.35,18.02,118.5458
2026-04-28,4.36,17.83,118.7717
2026-04-29,4.42,18.81,119.0975
2026-04-30,4.4,16.89,118.671
2026-05-01,4.39,16.99,118.3926
2026-05-04,4.45,18.29,118.8264
2026-05-05,4.43,17.38,118.6207
2026-05-06,4.36,17.39,118.0982
2026-05-07,4.41,17.08,118.0116
2026-05-08,4.38,17.19,118.0392
2026-05-11,4.42,18.38,118.0562
2026-05-12,4.46,17.99,118.5238
2026-05-13,4.46,17.87,118.4737
2026-05-14,4.47,17.26,118.6696
2026-05-15,4.59,18.43,119.2825
2026-05-18,4.61,17.82,119.0574
2026-05-19,4.67,18.06,119.451
2026-05-20,4.57,17.44,119.1624
2026-05-21,4.57,16.76,119.369
2026-05-22,4.56,16.7,119.2868
2026-05-25,,16.59,
2026-05-26,4.5,17.01,119.1696
2026-05-27,4.48,16.29,119.1829
2026-05-28,4.45,15.74,119.0318
2026-05-29,4.45,15.32,118.8783
2026-06-01,4.47,16.05,119.1653
2026-06-02,4.46,15.77,119.0359
2026-06-03,4.49,16.06,119.3848
2026-06-04,4.47,15.4,119.3615
2026-06-05,4.55,21.51,120.0831
2026-06-08,4.56,18.92,120.034
2026-06-09,4.53,19.87,119.9617
2026-06-10,4.55,22.22,119.9134
2026-06-11,4.45,19.44,120.1174
2026-06-12,4.48,17.68,119.5073
2026-06-15,4.47,16.2,119.3158
2026-06-16,4.43,16.41,119.256
2026-06-17,4.49,18.44,119.3871
2026-06-18,4.46,16.4,120.3958
2026-06-19,,16.78,
2026-06-22,4.51,17.28,120.5463
2026-06-23,4.5,19.49,121.0552
2026-06-24,4.41,18.63,121.412
2026-06-25,4.4,18.89,121.0559
2026-06-26,4.38,18.41,120.8866
2026-06-29,4.38,17.65,120.9525
2026-06-30,4.44,16.45,120.9248
2026-07-01,4.48,16.59,121.1455
2026-07-02,4.49,16.15,120.6902
2026-07-03,,15.81,
2026-07-06,4.48,15.57,120.835
2026-07-07,4.55,16.13,120.8145
2026-07-08,4.56,16.9,121.1307
2026-07-09,4.54,15.84,120.753
2026-07-10,4.56,15.03,120.5046
2026-07-13,4.62,17.16,120.7413
2026-07-14,4.58,16.5,120.4728
2026-07-15,4.55,15.67,120.3088
2026-07-16,4.57,16.73,120.331
2026-07-17,4.55,18.77,120.5315
2026-07-20,4.6,18.65,120.5401
2026-07-21,4.63,17.05,120.5779
2026-07-22,4.67,16.64,120.5736
2026-07-23,4.71,18.7,120.9075
2026-07-24,4.69,18.58,120.7105
2026-07-27,4.65,18.67,120.7739
2026-07-28,4.61,18.21,120.6247
2026-07-29,4.67,20.66,120.7892
2026-07-30,4.68,17.09,119.6753
2026-07-31,4.75,15.99,119.7034
2026-08-03,4.7,15.86,119.6951
2026-08-04,4.63,16.5,119.5977
2026-08-05,4.63,15.81,119.3881
2026-08-06,4.69,15.15,119.5113
2026-08-07,4.65,14.9,119.0649
2026-08-10,4.72,15.46,119.1187
2026-08-11,4.7,15.28,119.179
2026-08-12,4.68,14.55,119.1179
2026-08-13,4.63,14.63,119.1848
2026-08-14,4.68,14.25,118.9028
2026-08-17,4.72,15.19,118.814
2026-08-18,4.71,15.84,118.9831
2026-08-19,4.65,14.89,118.3328
2026-08-20,4.69,16.01,118.2548
2026-08-21,4.74,15.13,118.0628
2026-08-24,4.7,15.85,118.3195
2026-08-25,4.64,15.45,118.2283
2026-08-26,4.66,15.21,118.4461
2026-08-27,4.67,14.51,118.3583
2026-08-28,4.73,14.43,118.7479
2026-08-31,4.75,14.92,118.5679
2026-09-01,4.79,16.34,118.6568
2026-09-02,4.79,15.2,118.5296
2026-09-03,4.77,14.32,118.127
2026-09-04,4.78,14.53,118.0732
2026-09-07,,15.3,
2026-09-08,4.8,15.72,117.9127
2026-09-09,4.83,16.46,117.8834
2026-09-10,4.95,17.84,118.0787
2026-09-11,4.96,15.84,118.2126
2026-09-14,4.97,17.1,
2026-09-15,5.0,17.2,
2026-09-16,5.01,17.71,
2026-09-17,4.94,15.44,
2026-09-18,,14.81,
