date,AAPL,MSFT,NVDA,GOOGL,AMZN,META,TSLA,AMD,NFLX,CRM,ORCL,ADBE,AVGO,QCOM,INTC,BTC-USD,ETH-USD,SOL-USD
2021-09-09,,,,,,,,,,,,,,,,46391.421875,3427.340087890625,188.19580078125
2021-09-10,145.30104064941406,283.8009948730469,22.404468536376953,139.54811096191406,173.45750427246094,375.3934326171875,245.42333984375,105.19999694824219,59.87200164794922,252.82601928710938,83.83445739746094,658.9400024414062,45.3507194519043,127.98079681396484,49.589927673339844,44883.91015625,3211.505859375,179.865234375
2021-09-11,,,,,,,,,,,,,,,,45201.45703125,3270.278076171875,178.8678741455078
2021-09-12,,,,,,,,,,,,,,,,46063.26953125,3410.134521484375,174.53762817382812
2021-09-13,145.8667755126953,285.0294189453125,22.07953643798828,140.99085998535156,172.85850524902344,373.232421875,247.6666717529297,104.80000305175781,58.92900085449219,249.78851318359375,83.09596252441406,645.1500244140625,45.42445755004883,128.6355743408203,50.6491584777832,44963.07421875,3285.51171875,169.26954650878906
2021-09-14,144.47198486328125,287.7165832519531,22.169240951538086,141.20086669921875,172.5,373.2522888183594,248.163330078125,105.7300033569336,57.7760009765625,250.04409790039062,80.75892639160156,645.010009765625,45.68937683105469,126.59942626953125,50.216251373291016,47092.4921875,3429.169677734375,158.09481811523438
2021-09-15,145.35952758789062,292.5441589355469,22.267915725708008,143.06813049316406,173.7895050048828,370.6650085449219,251.94332885742188,105.5999984741211,58.2869987487793,251.80364990234375,82.0115966796875,661.0800170898438,46.405845642089844,123.9981689453125,50.768890380859375,48176.34765625,3615.28271484375,159.1173858642578
2021-09-16,145.12545776367188,292.9278564453125,22.169240951538086,142.25633239746094,174.41200256347656,369.81243896484375,252.3300018310547,106.22000122070312,58.650001525878906,255.93226623535156,81.5628662109375,665.1099853515625,46.18826675415039,124.14169311523438,50.50178146362305,47783.359375,3571.294921875,152.47406005859375
2021-09-17,142.4627227783203,287.79351806640625,21.828359603881836,139.4728240966797,173.12600708007812,361.5450439453125,253.163330078125,103.87999725341797,58.935001373291016,256.09930419921875,80.75892639160156,654.47998046875,46.065364837646484,119.83621215820312,49.976783752441406,47267.51953125,3398.538818359375,147.5930633544922
2021-09-18,,,,,,,,,,,,,,,,48278.36328125,3432.018310546875,169.18421936035156
2021-09-19,,,,,,,,,,,,,,,,47260.21875,3329.447998046875,152.51669311523438
2021-09-20,139.4195556640625,282.44769287109375,21.043935775756836,137.4119415283203,167.7864990234375,352.6036071777344,243.38999938964844,101.55000305175781,57.542999267578125,253.82862854003906,80.55327606201172,641.2899780273438,45.04756546020508,119.0827407836914,48.797821044921875,42843.80078125,2958.993408203125,132.13446044921875
2021-09-21,139.8974609375,282.9276428222656,21.17650604248047,137.72247314453125,167.18150329589844,354.36810302734375,246.4600067138672,102.81999969482422,57.31399917602539,253.5828857421875,81.25435638427734,645.8900146484375,45.02647399902344,118.17683410644531,48.696502685546875,40693.67578125,2764.43115234375,123.95039367675781
2021-09-22,142.2578887939453,286.5553894042969,21.869224548339844,138.961181640625,169.00250244140625,340.2223205566406,250.64666748046875,104.37999725341797,59.064998626708984,254.76254272460938,82.67530059814453,626.0800170898438,45.906837463378906,119.3070068359375,49.27676773071289,43574.5078125,3077.867919921875,147.92425537109375
2021-09-23,143.21376037597656,287.49591064453125,22.40845489501953,139.88491821289062,170.8000030517578,342.9483642578125,251.2133331298828,106.1500015258789,59.32600021362305,273.1346130371094,83.59142303466797,630.8400268554688,46.2470703125,120.11428833007812,49.76493453979492,44895.09765625,3155.523681640625,149.75357055664062
2021-09-24,143.30152893066406,287.29437255859375,22.00876808166504,140.87449645996094,171.2760009765625,349.8874206542969,258.1300048828125,105.80000305175781,59.23899841308594,280.77252197265625,84.07754516601562,622.7100219726562,46.303932189941406,120.0873794555664,49.939937591552734,42839.75,2931.669189453125,139.39564514160156
2021-09-25,,,,,,,,,,,,,,,,42716.59375,2925.565673828125,136.17892456054688
2021-09-26,,,,,,,,,,,,,,,,43208.5390625,3062.265380859375,135.69937133789062
2021-09-27,141.78968811035156,282.32305908203125,21.589147567749023,139.74227905273438,170.2899932861328,350.5021057128906,263.78668212890625,108.16000366210938,59.263999938964844,274.9237060546875,85.1058349609375,603.6500244140625,46.29751205444336,119.72856140136719,50.3452033996582,42235.73046875,2934.138916015625,136.72842407226562
2021-09-28,138.4149169921875,272.1018371582031,20.63128662109375,134.54969787597656,165.79800415039062,337.6845703125,259.1866760253906,101.5199966430664,58.3849983215332,267.6495056152344,84.5916748046875,578.77001953125,45.02922439575195,116.51738739013672,49.73729705810547,41034.54296875,2807.296630859375,131.53721618652344
2021-09-29,139.312255859375,272.5625,20.449880599975586,133.0870819091797,165.05599975585938,336.65362548828125,260.4366760253906,100.3499984741211,59.90599822998047,265.8998107910156,85.3021240234375,577.7000122070312,44.88800811767578,115.9612808227539,49.26756286621094,41564.36328125,2853.143310546875,135.35145568847656
2021-09-30,138.0150146484375,270.5663757324219,20.648231506347656,132.41600036621094,164.2519989013672,336.43560791015625,258.49334716796875,102.9000015258789,61.034000396728516,266.6075439453125,81.45068359375,575.719970703125,44.47073745727539,115.69218444824219,49.07413864135742,43790.89453125,3001.678955078125,141.0690460205078
2021-10-01,139.13665771484375,277.4571533203125,20.674148559570312,135.25595092773438,164.16299438476562,340.0240783691406,258.40667724609375,102.44999694824219,61.314998626708984,270.57891845703125,83.89056396484375,577.469970703125,44.692657470703125,115.44999694824219,49.608360290527344,48116.94140625,3307.51611328125,161.682373046875
2021-10-02,,,,,,,,,,,,,,,,47711.48828125,3391.6943359375,169.093017578125
2021-10-03,,,,,,,,,,,,,,,,48199.953125,3418.358642578125,172.5891571044922
2021-10-04,135.71316528320312,271.7083740234375,19.667451858520508,132.39962768554688,159.48899841308594,323.3901672363281,260.510009765625,100.33999633789062,60.334999084472656,266.253662109375,83.44184875488281,558.489990234375,43.6472282409668,113.62913513183594,49.2491455078125,49112.90234375,3380.089111328125,166.73191833496094
2021-10-05,137.63461303710938,277.1308898925781,20.38409996032715,134.74081420898438,161.0500030517578,330.0615539550781,260.1966552734375,101.80999755859375,63.48099899291992,267.1481628417969,85.52648162841797,566.7000122070312,44.51566696166992,114.39156341552734,49.691246032714844,51514.8125,3518.5185546875,164.11582946777344
2021-10-06,138.50270080566406,281.3056335449219,20.632287979125977,136.268310546875,163.10049438476562,330.735595703125,260.9166564941406,103.63999938964844,63.90999984741211,270.5886535644531,85.3862533569336,570.3099975585938,44.823795318603516,114.866943359375,49.718875885009766,55361.44921875,3580.56201171875,154.1077423095703
2021-10-07,139.76092529296875,282.97564697265625,21.006059646606445,137.91270446777344,165.1215057373047,326.3540954589844,264.53668212890625,106.44999694824219,63.185001373291016,269.910400390625,86.29305267333984,578.9600219726562,45.295162200927734,114.66963195800781,49.90309143066406,53805.984375,3587.974853515625,154.28118896484375
2021-10-08,139.3805389404297,282.97564697265625,20.76285743713379,138.46788024902344,164.43099975585938,327.1768493652344,261.8299865722656,105.05999755859375,63.26599884033203,267.8461608886719,88.54440307617188,576.8599853515625,45.1970329284668,113.51252746582031,49.56229782104492,53967.84765625,3563.75927734375,158.94920349121094
2021-10-09,,,,,,,,,,,,,,,,54968.22265625,3575.716796875,156.82583618164062
2021-10-10,,,,,,,,,,,,,,,,54771.578125,3425.852783203125,148.0487060546875
2021-10-11,139.29278564453125,282.3805847167969,20.627300262451172,137.6046142578125,162.31500244140625,322.6169128417969,263.9800109863281,104.68000030517578,62.70399856567383,269.0945129394531,89.38867950439453,573.0700073242188,45.150264739990234,112.06838989257812,49.22151184082031,57484.7890625,3545.35400390625,144.85813903808594
2021-10-12,138.02476501464844,281.0848693847656,20.60338020324707,135.16282653808594,162.3665008544922,320.9515686035156,268.5733337402344,105.04000091552734,62.49399948120117,274.2552490234375,89.6513442993164,580.6900024414062,44.50283432006836,110.28340148925781,48.051761627197266,56041.05859375,3492.5732421875,152.73712158203125
2021-10-13,137.43951416015625,284.37677001953125,20.870500564575195,136.28517150878906,164.21400451660156,321.71484375,270.3599853515625,109.16000366210938,62.97600173950195,279.5732421875,90.429931640625,591.1199951171875,44.47806930541992,112.15808868408203,48.13465118408203,57401.09765625,3606.20166015625,148.17604064941406
2021-10-14,140.2193603515625,290.5574035644531,21.67486572265625,139.82052612304688,164.9929962158203,325.6700744628906,272.7733459472656,111.98999786376953,63.380001068115234,285.08782958984375,89.37928009033203,607.510009765625,45.63264465332031,115.40514373779297,49.645198822021484,57321.5234375,3786.01416015625,149.75680541992188
2021-10-15,141.2727508544922,291.9586486816406,21.790483474731445,140.03546142578125,170.4510040283203,321.9329528808594,281.010009765625,112.12000274658203,62.82899856567383,286.6999816894531,89.42620849609375,610.0900268554688,46.15078353881836,116.7864761352539,50.160987854003906,61593.94921875,3862.634765625,162.59620666503906
2021-10-16,,,,,,,,,,,,,,,,60892.1796875,3830.382080078125,157.538818359375
2021-10-17,,,,,,,,,,,,,,,,61553.6171875,3847.1044921875,159.74380493164062
2021-10-18,142.940673828125,294.9146728515625,22.149307250976562,141.4321746826172,172.33700561523438,332.4208068847656,290.03668212890625,116.43000030517578,63.797000885009766,286.7392578125,90.53313446044922,622.8300170898438,46.160865783691406,116.71475219726562,50.17020034790039,62026.078125,3748.76025390625,157.2312774658203
2021-10-19,145.09619140625,295.8168029785156,22.217086791992188,141.8868865966797,172.20750427246094,337.0303649902344,288.0899963378906,116.33000183105469,63.900001525878906,287.3683776855469,91.0490493774414,636.0700073242188,46.80556106567383,118.84953308105469,50.85178756713867,64261.9921875,3877.65087890625,156.01702880859375
2021-10-20,145.58389282226562,295.0298156738281,22.030696868896484,140.4326629638672,170.7530059814453,337.8134460449219,288.6000061035156,116.38999938964844,62.513999938964844,285.15667724609375,90.65505981445312,632.3699951171875,46.7138557434082,118.54459381103516,50.99915313720703,65992.8359375,4155.9921875,175.94686889648438
2021-10-21,145.79847717285156,298.24481201171875,22.617767333984375,140.548583984375,171.75050354003906,338.90386962890625,298.0,119.33000183105469,65.31600189208984,284.8813781738281,90.33612823486328,638.6599731445312,47.15037155151367,119.34288787841797,51.57942581176758,62210.171875,4054.32275390625,190.3184356689453
2021-10-22,145.02792358398438,296.7092590332031,22.65165901184082,136.26980590820312,166.77749633789062,321.7841796875,303.2266540527344,119.81999969482422,66.47799682617188,287.58465576171875,92.16536712646484,643.5800170898438,47.265926361083984,118.06021881103516,45.55567932128906,60692.265625,3970.181884765625,196.43153381347656
2021-10-23,,,,,,,,,,,,,,,,61393.6171875,4171.66357421875,197.703857421875
2021-10-24,,,,,,,,,,,,,,,,60930.8359375,4087.903076171875,202.3619842529297
2021-10-25,144.97915649414062,295.72076416015625,23.09022331237793,136.15142822265625,166.01849365234375,325.8287048339844,341.6199951171875,122.36000061035156,67.16600036621094,288.9215393066406,91.82765197753906,646.969970703125,47.87668228149414,118.33824920654297,45.5096321105957,63039.82421875,4217.876953125,210.1042938232422
2021-10-26,145.64242553710938,297.6210632324219,24.636140823364258,137.99537658691406,168.80349731445312,313.06085205078125,339.4766540527344,122.93000030517578,66.85199737548828,290.09124755859375,90.97401428222656,642.5,48.958797454833984,118.34725952148438,44.46883010864258,60363.79296875,4131.10205078125,199.8072509765625
2021-10-27,145.18399047851562,310.15509033203125,24.371013641357422,144.83924865722656,169.62449645996094,309.5020446777344,345.9533386230469,122.27999877929688,66.29199981689453,290.13055419921875,90.08284759521484,640.0800170898438,47.97205352783203,117.6834716796875,44.109615325927734,58482.38671875,3930.25732421875,183.77459716796875
2021-10-28,148.8123779296875,311.2874755859375,24.859411239624023,144.47421264648438,172.32850646972656,314.1611633300781,359.0133361816406,121.16000366210938,67.40499877929688,293.3056945800781,90.27046203613281,639.280029296875,48.56446838378906,119.91692352294922,44.28462600708008,60622.13671875,4287.31884765625,194.86398315429688
2021-10-29,146.110595703125,318.26470947265625,25.483360290527344,146.65052795410156,168.6215057373047,320.7532653808594,371.3333435058594,120.2300033569336,69.03099822998047,294.5933532714844,89.99842071533203,650.3599853515625,48.757041931152344,119.33392333984375,45.131996154785156,62227.96484375,4414.74658203125,200.18275451660156
2021-10-30,,,,,,,,,,,,,,,,61888.83203125,4325.650390625,195.4160614013672
2021-10-31,,,,,,,,,,,,,,,,61318.95703125,4288.07421875,202.4210205078125
2021-11-01,145.29129028320312,316.1053771972656,25.742515563964844,142.14439392089844,165.90550231933594,327.1075134277344,402.86334228515625,125.2300033569336,68.11699676513672,297.6112060546875,88.53502655029297,640.2000122070312,48.425086975097656,120.92155456542969,45.638580322265625,61004.40625,4324.626953125,203.5450897216797
2021-11-02,146.32516479492188,319.7139892578125,26.314634323120117,144.06166076660156,165.6374969482422,325.2239990234375,390.6666564941406,127.62999725341797,67.77200317382812,297.7979431152344,89.9327621459961,640.4000244140625,49.25225067138672,121.29829406738281,45.92410659790039,63226.40234375,4584.798828125,220.23959350585938
2021-11-03,147.7589874267578,320.5488586425781,26.510988235473633,145.2161407470703,169.1999969482422,328.73321533203125,404.6199951171875,130.52999877929688,68.8290023803711,297.73895263671875,90.19541931152344,655.1799926757812,49.73830032348633,124.21349334716797,46.41227340698242,62970.046875,4607.19384765625,242.89881896972656
2021-11-04,147.24200439453125,322.89056396484375,29.703516006469727,146.8699188232422,173.85000610351562,332.9263916015625,409.9700012207031,137.5,66.83999633789062,302.8013916015625,89.70761108398438,674.0800170898438,50.31145095825195,140.02720642089844,46.66084289550781,61452.23046875,4537.32421875,247.3877716064453
2021-11-05,147.7694854736328,322.5259704589844,29.654674530029297,147.4489288330078,175.94949340820312,338.1604309082031,407.36334228515625,136.33999633789062,64.5719985961914,302.0247497558594,89.06973266601562,662.719970703125,51.256019592285156,146.2342529296875,47.226585388183594,61125.67578125,4486.2431640625,236.47433471679688
2021-11-06,,,,,,,,,,,,,,,,61527.48046875,4521.5810546875,258.934326171875
2021-11-07,,,,,,,,,,,,,,,,63326.98828125,4620.5546875,249.823486328125
2021-11-08,146.94895935058594,323.41845703125,30.703235626220703,147.62625122070312,174.44900512695312,335.6722717285156,387.64666748046875,150.16000366210938,65.1449966430664,304.6886901855469,89.24796295166016,666.02001953125,51.25876998901367,148.76376342773438,47.81088638305664,67566.828125,4812.08740234375,248.46717834472656
2021-11-09,147.3103485107422,322.4203186035156,30.556713104248047,147.51480102539062,178.81149291992188,332.4505310058594,341.1666564941406,148.9199981689453,65.5989990234375,304.4429931640625,88.73200988769531,667.9199829101562,51.15330505371094,149.5620880126953,47.48628234863281,66971.828125,4735.06884765625,239.213134765625
2021-11-10,144.48748779296875,317.4777526855469,29.36263084411621,144.51829528808594,174.1024932861328,324.7878723144531,355.98333740234375,139.8699951171875,64.69100189208984,294.5737609863281,88.01909637451172,647.5,50.3252067565918,143.33705139160156,47.078189849853516,64995.23046875,4636.17431640625,233.77952575683594
2021-11-11,144.43862915039062,319.0422058105469,30.29058265686035,144.39251708984375,173.625,324.886962890625,354.5033264160156,146.00999450683594,65.75800323486328,297.82745361328125,88.21609497070312,643.1699829101562,50.933223724365234,147.48110961914062,46.864871978759766,64949.9609375,4730.38427734375,234.24075317382812
2021-11-12,146.5093994140625,323.1593933105469,30.29058265686035,147.2765350341797,176.25750732421875,337.9224853515625,344.47332763671875,147.88999938964844,68.26100158691406,301.4350280761719,87.74703979492188,657.5999755859375,51.65035629272461,147.94749450683594,46.66084289550781,64155.94140625,4667.115234375,228.50209045410156
2021-11-13,,,,,,,,,,,,,,,,64469.52734375,4651.46044921875,241.8250274658203
2021-11-14,,,,,,,,,,,,,,,,65466.83984375,4626.35888671875,238.42552185058594
2021-11-15,146.51918029785156,322.5355529785156,29.926782608032227,147.0526885986328,177.28399658203125,344.5344543457031,337.7966613769531,146.49000549316406,67.93299865722656,300.2947692871094,88.19731903076172,659.72998046875,51.884212493896484,151.14971923828125,46.670108795166016,63557.87109375,4557.50390625,237.55360412597656
2021-11-16,147.49598693847656,325.8370056152344,30.10419464111328,146.48214721679688,177.03500366210938,339.9744567871094,351.57666015625,152.4499969482422,68.73999786376953,301.8675537109375,89.68885803222656,671.030029296875,52.15932846069336,163.0795135498047,46.93907165527344,60161.24609375,4216.365234375,219.23902893066406
2021-11-17,149.92819213867188,326.05816650390625,29.165281295776367,146.65150451660156,177.4499969482422,337.8035583496094,363.0033264160156,151.33999633789062,69.16899871826172,302.78167724609375,89.42620849609375,670.6699829101562,52.23910903930664,164.63128662109375,46.586639404296875,60368.01171875,4287.59375,218.71524047851562
2021-11-18,154.20655822753906,328.12530517578125,31.571380615234375,148.42611694335938,184.80299377441406,335.74169921875,365.4599914550781,155.02000427246094,68.2020034790039,297.8372802734375,88.7977066040039,670.9600219726562,52.71322250366211,167.1248779296875,46.0765266418457,56942.13671875,4000.65087890625,195.48741149902344
2021-11-19,156.82437133789062,329.89447021484375,32.87709426879883,147.52272033691406,183.82850646972656,342.2941589355469,379.0199890136719,155.41000366210938,67.87999725341797,296.0482177734375,88.15042877197266,688.3699951171875,52.15473937988281,165.94090270996094,45.928131103515625,58119.578125,4298.306640625,215.28001403808594
2021-11-20,,,,,,,,,,,,,,,,59697.1953125,4409.93115234375,218.01527404785156
2021-11-21,,,,,,,,,,,,,,,,58730.4765625,4269.73291015625,231.28262329101562
2021-11-22,157.28346252441406,326.7408142089844,31.851459503173828,144.9229736328125,178.6284942626953,338.0414733886719,385.6233215332031,152.52000427246094,65.91999816894531,291.79180908203125,88.75077819824219,673.5700073242188,50.738800048828125,162.7117462158203,46.21565246582031,56289.2890625,4088.457763671875,215.73727416992188
2021-11-23,157.66444396972656,324.6735534667969,31.64215087890625,144.40782165527344,179.0019989013672,334.3141784667969,369.6766662597656,149.9199981689453,65.40599822998047,286.46405029296875,87.18421173095703,665.1599731445312,50.90754318237305,162.2991485595703,45.538597106933594,57569.07421875,4340.763671875,221.83689880371094
2021-11-24,158.18215942382812,324.8947448730469,32.56711196899414,144.74266052246094,179.02049255371094,338.0910339355469,372.0,157.8000030517578,65.8290023803711,284.2523193359375,87.78458404541016,668.3200073242188,51.23860168457031,162.0928497314453,46.15071105957031,56280.42578125,4239.9814453125,214.92153930664062
2021-11-25,,,,,,,,,,,,,,,,57274.6796875,4274.7431640625,206.25299072265625
2021-11-26,153.17117309570312,316.9818115234375,31.39994239807129,140.84278869628906,175.22799682617188,330.22015380859375,360.6400146484375,154.80999755859375,66.56400299072266,279.3766174316406,86.61197662353516,662.0999755859375,50.12529754638672,157.63485717773438,45.24180603027344,53569.765625,4030.908935546875,191.51174926757812
2021-11-27,,,,,,,,,,,,,,,,54815.078125,4096.912109375,193.10215759277344
2021-11-28,,,,,,,,,,,,,,,,57248.45703125,4294.45361328125,200.67665100097656
2021-11-29,156.5216064453125,323.66400146484375,33.26681900024414,144.15872192382812,178.07850646972656,335.08740234375,378.9966735839844,161.91000366210938,66.38400268554688,291.6935119628906,87.18421173095703,687.489990234375,51.7530632019043,164.8106689453125,46.373321533203125,57806.56640625,4445.10498046875,204.31936645507812
2021-11-30,161.464111328125,317.8567199707031,32.56911087036133,140.55999755859375,175.35350036621094,321.63555908203125,381.586669921875,158.3699951171875,64.19000244140625,280.1138916015625,85.1204605102539,669.8499755859375,50.775489807128906,161.95828247070312,45.631343841552734,57005.42578125,4631.47900390625,208.67098999023438
2021-12-01,160.94647216796875,317.3663330078125,31.336002349853516,139.72193908691406,172.18600463867188,307.8962097167969,365.0,149.11000061035156,61.777000427246094,247.22293090820312,84.19176483154297,657.4099731445312,50.87453079223633,158.13172912597656,45.074867248535156,57229.828125,4586.990234375,229.7992401123047
2021-12-02,159.9598846435547,316.799072265625,32.02482604980469,141.61839294433594,171.8679962158203,307.6880187988281,361.5333251953125,150.67999267578125,61.64699935913086,256.7579650878906,84.4168930053711,671.8800048828125,50.662689208984375,159.3922882080078,45.90959167480469,56477.81640625,4511.30224609375,233.9930419921875
2021-12-03,158.08444213867188,310.5686340332031,30.596343994140625,140.6629638671875,169.489501953125,304.16888427734375,338.3233337402344,144.00999450683594,60.2130012512207,253.92698669433594,82.77528381347656,616.530029296875,51.18265914916992,158.9240264892578,45.6777229309082,53598.24609375,4220.7060546875,211.22439575195312
2021-12-04,,,,,,,,,,,,,,,,49200.703125,4119.58740234375,201.1248321533203
2021-12-05,,,,,,,,,,,,,,,,49368.84765625,4198.32275390625,196.1682586669922
2021-12-06,161.48370361328125,313.6260986328125,29.94240951538086,141.8056182861328,171.36849975585938,315.1028747558594,336.336669921875,139.05999755859375,61.26900100708008,254.34963989257812,83.43193817138672,622.0399780273438,51.811763763427734,157.96963500976562,47.2915153503418,50582.625,4358.7373046875,194.19921875
2021-12-07,167.20765686035156,322.0198974609375,32.32487869262695,145.88131713867188,176.1645050048828,319.9999084472656,350.5833435058594,144.85000610351562,62.55799865722656,262.4494934082031,84.47321319580078,649.9600219726562,54.14291000366211,165.4156951904297,48.75690460205078,50700.0859375,4315.0615234375,190.59690856933594
2021-12-08,171.01722717285156,322.0679626464844,31.725772857666016,146.78970336914062,176.1580047607422,327.6824035644531,356.32000732421875,145.24000549316406,62.80799865722656,261.7810363769531,83.43193817138672,653.0999755859375,53.97418212890625,164.4342803955078,47.99638748168945,50504.796875,4439.35791015625,194.6217041015625
2021-12-09,170.50924682617188,320.2699890136719,30.393980026245117,146.2468719482422,174.17100524902344,326.94891357421875,334.6000061035156,138.10000610351562,61.099998474121094,259.82489013671875,83.2724380493164,632.5700073242188,53.502811431884766,164.10116577148438,46.818504333496094,47672.12109375,4119.81591796875,181.17808532714844
2021-12-10,175.28579711914062,329.346435546875,30.102895736694336,146.6064453125,172.21200561523438,326.87945556640625,339.010009765625,138.5500030517578,61.16600036621094,261.5057678222656,96.27411651611328,654.4500122070312,57.92851257324219,165.55975341796875,46.9205207824707,47243.3046875,3908.49609375,167.954833984375
2021-12-11,,,,,,,,,,,,,,,,49362.5078125,4084.452392578125,171.94949340820312
2021-12-12,,,,,,,,,,,,,,,,50098.3359375,4134.453125,173.43167114257812
2021-12-13,171.661865234375,326.3272705078125,28.072317123413086,144.45193481445312,169.5675048828125,331.5782165527344,322.13665771484375,133.8000030517578,60.45600128173828,261.2404479980469,94.6418685913086,658.2999877929688,57.00962448120117,165.05557250976562,46.373321533203125,46737.48046875,3784.226806640625,155.2130584716797
2021-12-14,170.28460693359375,315.6933288574219,28.24776268005371,142.55055236816406,169.0915069580078,330.83477783203125,319.5033264160156,135.60000610351562,59.79899978637695,251.2433624267578,93.70379638671875,614.8599853515625,56.3906135559082,163.84906005859375,46.0950813293457,46612.6328125,3745.4404296875,153.34144592285156
2021-12-15,175.13929748535156,321.76025390625,30.36307716369629,145.0606231689453,173.31500244140625,338.6858215332031,325.3299865722656,146.5,60.50400161743164,255.61767578125,97.23094177246094,630.3300170898438,58.678672790527344,170.42176818847656,46.99471664428711,48896.72265625,4018.388671875,178.34078979492188
2021-12-16,168.2626190185547,312.38580322265625,28.2976016998291,143.0834503173828,168.87100219726562,331.9846496582031,308.97332763671875,138.63999938964844,59.10599899291992,248.8153839111328,96.82756042480469,566.0900268554688,56.91975402832031,160.40065002441406,47.14311218261719,47665.42578125,3962.4697265625,176.9546661376953
2021-12-17,167.16860961914062,311.3281555175781,27.713449478149414,140.3891143798828,170.0175018310547,330.88433837890625,310.8566589355469,137.75,58.67300033569336,248.62860107421875,90.63630676269531,556.6400146484375,58.229305267333984,159.18516540527344,46.94834518432617,46202.14453125,3879.486572265625,175.5032958984375
2021-12-18,,,,,,,,,,,,,,,,46848.77734375,3960.860107421875,182.8351287841797
2021-12-19,,,,,,,,,,,,,,,,46707.015625,3922.592529296875,180.09805297851562
2021-12-20,165.8108673095703,307.588134765625,27.6317081451416,140.272216796875,167.07899475097656,322.6169128417969,299.9800109863281,135.8000030517578,59.374000549316406,243.00588989257812,85.9647216796875,549.77001953125,59.15278244018555,159.06809997558594,46.0023307800293,46880.27734375,3933.844482421875,173.67178344726562
2021-12-21,168.97569274902344,314.683837890625,28.983436584472656,142.12014770507812,170.41700744628906,331.290771484375,312.84332275390625,144.25,60.492000579833984,248.25506591796875,85.8427734375,557.52001953125,59.642852783203125,161.68820190429688,47.08747100830078,48936.61328125,4020.260009765625,180.09254455566406
2021-12-22,171.564208984375,320.36614990234375,29.307415008544922,145.03488159179688,171.03700256347656,327.5733947753906,336.2900085449219,143.8800048828125,61.42399978637695,248.50082397460938,84.29495239257812,563.97998046875,60.469791412353516,163.30885314941406,47.27296829223633,48628.51171875,3982.099609375,178.5971221923828
2021-12-23,172.18939208984375,321.798828125,29.54665756225586,145.53167724609375,171.06849670410156,332.3216552734375,355.6666564941406,146.13999938964844,61.409000396728516,248.83502197265625,84.16362762451172,569.6199951171875,61.35579299926758,164.53335571289062,47.58830261230469,50784.5390625,4108.015625,190.03631591796875
2021-12-24,,,,,,,,,,,,,,,,50822.1953125,4047.98291015625,190.273193359375
2021-12-25,,,,,,,,,,,,,,,,50429.859375,4093.281005859375,193.1209259033203
2021-12-26,,,,,,,,,,,,,,,,50809.515625,4067.328125,198.000732421875
2021-12-27,176.14537048339844,329.2598876953125,30.847551345825195,146.51234436035156,169.66949462890625,343.1664733886719,364.64666748046875,154.36000061035156,61.3120002746582,253.90725708007812,83.99478149414062,577.6799926757812,62.230716705322266,167.76565551757812,48.172603607177734,50640.41796875,4037.547607421875,195.42950439453125
2021-12-28,175.12945556640625,328.1061706542969,30.226511001586914,145.30435180664062,170.66099548339844,343.20611572265625,362.8233337402344,153.14999389648438,61.07099914550781,251.10574340820312,83.15989685058594,569.3599853515625,61.7434196472168,166.40609741210938,48.00565719604492,47588.85546875,3800.89306640625,177.42562866210938
2021-12-29,175.2174530029297,328.77911376953125,29.906522750854492,145.2726287841797,169.2010040283203,339.9547119140625,362.0633239746094,148.25999450683594,61.05400085449219,250.21121215820312,82.74715423583984,569.2899780273438,62.07660675048828,167.64862060546875,48.07058334350586,46444.7109375,3628.53173828125,170.65756225585938
2021-12-30,174.0648193359375,326.2504577636719,29.492826461791992,144.82240295410156,168.64450073242188,341.3622131347656,356.7799987792969,145.14999389648438,61.20899963378906,250.98777770996094,82.55950927734375,570.530029296875,61.38164138793945,164.5243377685547,47.98711013793945,47178.125,3713.85205078125,172.75119018554688
2021-12-31,173.4494171142578,323.365966796875,29.318376541137695,143.48663330078125,166.7169952392578,333.4220275878906,352.260009765625,143.89999389648438,60.24399948120117,249.80819702148438,81.80907440185547,567.0599975585938,61.4120979309082,164.650390625,47.7645149230957,46306.4453125,3682.6328125,170.299072265625
2022-01-01,,,,,,,,,,,,,,,,47686.8125,3769.697021484375,178.5179443359375
2022-01-02,,,,,,,,,,,,,,,,47345.21875,3829.56494140625,176.38284301757812
2022-01-03,177.786376953125,321.8564758300781,30.026142120361328,143.6248321533203,170.4044952392578,335.593017578125,399.9266662597656,150.24000549316406,59.73699951171875,251.11557006835938,82.45632934570312,564.3699951171875,61.219207763671875,167.65762329101562,49.350486755371094,46458.1171875,3761.38037109375,170.29774475097656
2022-01-04,175.53001403808594,316.3376159667969,29.19776153564453,143.03839111328125,167.52200317382812,333.6004638671875,383.1966552734375,144.4199981689453,59.1150016784668,244.00851440429688,83.33812713623047,554.0,61.92061996459961,168.57603454589844,49.28555679321289,45897.57421875,3794.056640625,167.93890380859375
2022-01-05,170.86090087890625,304.1940612792969,27.51706886291504,136.47628784179688,164.35699462890625,321.34808349609375,362.7066650390625,136.14999389648438,56.75199890136719,223.7981719970703,81.10552978515625,514.4299926757812,59.34383010864258,167.918701171875,49.962608337402344,43569.00390625,3550.386962890625,155.0997314453125
2022-01-06,168.0086669921875,301.7902526855469,28.08925437927246,136.44906616210938,163.25399780273438,329.5658874511719,354.8999938964844,136.22999572753906,55.32899856567383,225.2530059814453,81.29383850097656,514.1199951171875,58.7928352355957,167.42352294921875,50.092464447021484,43160.9296875,3418.408203125,150.4313507080078
2022-01-07,168.1747589111328,301.94415283203125,27.161190032958984,135.72547912597656,162.5540008544922,328.9017333984375,342.32000732421875,132.0,54.10599899291992,224.4272918701172,82.39544677734375,510.70001220703125,57.14265823364258,162.4355010986328,49.563804626464844,41557.90234375,3193.21044921875,136.40281677246094
2022-01-08,,,,,,,,,,,,,,,,41733.94140625,3091.97265625,142.51345825195312
2022-01-09,,,,,,,,,,,,,,,,41911.6015625,3157.75146484375,140.83900451660156
2022-01-10,168.19427490234375,302.165283203125,27.3137149810791,137.36239624023438,161.48599243164062,325.214111328125,352.7066650390625,132.0,53.98500061035156,225.724853515625,84.06200408935547,525.8300170898438,57.32816696166992,161.77821350097656,51.205421447753906,41821.26171875,3083.097900390625,135.95494079589844
2022-01-11,171.01722717285156,302.8480224609375,27.729400634765625,138.4188232421875,165.36199951171875,331.4592590332031,354.79998779296875,137.30999755859375,54.08399963378906,230.8462371826172,83.30876159667969,529.8900146484375,57.41030502319336,166.92831420898438,51.854644775390625,42735.85546875,3238.111572265625,140.18385314941406
2022-01-12,171.45677185058594,306.0111999511719,27.91082191467285,140.09739685058594,165.20700073242188,330.3589172363281,368.739990234375,137.47000122070312,53.72200012207031,233.78538513183594,83.14871215820312,532.3699951171875,57.40569305419922,167.8466796875,51.69697570800781,43949.1015625,3372.25830078125,151.70310974121094
2022-01-13,168.19427490234375,293.05999755859375,26.491313934326172,137.2806854248047,161.21400451660156,323.637939453125,343.85333251953125,132.74000549316406,51.91999816894531,224.7418670654297,82.6590805053711,516.9000244140625,55.115928649902344,165.5687713623047,50.95500183105469,42591.5703125,3248.28857421875,146.01004028320312
2022-01-14,169.0538330078125,298.2520751953125,26.857154846191406,138.16578674316406,162.13800048828125,329.0107421875,349.8699951171875,136.8800048828125,52.569000244140625,227.29763793945312,82.56493377685547,520.5999755859375,55.04024887084961,169.8905487060547,51.65987777709961,43099.69921875,3310.00146484375,146.15902709960938
2022-01-15,,,,,,,,,,,,,,,,43177.3984375,3330.53076171875,147.80117797851562
2022-01-16,,,,,,,,,,,,,,,,43113.87890625,3350.921875,147.8565216064453
2022-01-17,,,,,,,,,,,,,,,,42250.55078125,3212.304931640625,139.92601013183594
2022-01-18,165.85972595214844,290.99285888671875,25.821428298950195,134.71607971191406,158.91749572753906,315.3804626464844,343.5033264160156,131.92999267578125,51.08000183105469,222.215576171875,80.54999542236328,513.3400268554688,53.32545471191406,161.0399169921875,50.788063049316406,42375.6328125,3164.025146484375,141.58718872070312
2022-01-19,162.37255859375,291.6466369628906,24.988059997558594,133.8428955078125,156.2989959716797,316.8078918457031,331.8833312988281,128.27000427246094,51.58599853515625,222.42198181152344,78.5068359375,516.5800170898438,52.04998779296875,155.2865753173828,49.730743408203125,41744.328125,3095.825927734375,135.79238891601562
2022-01-20,160.6925048828125,289.9832458496094,24.073944091796875,132.0509490966797,151.66749572753906,313.8043212890625,332.0899963378906,121.88999938964844,50.82500076293945,219.1486053466797,77.8853988647461,510.8500061035156,50.55023956298828,149.91139221191406,48.26535415649414,40680.41796875,3001.1201171875,127.20528411865234
2022-01-21,158.6412353515625,284.6278381347656,23.300384521484375,129.12283325195312,142.64300537109375,300.5308532714844,314.6333312988281,118.80999755859375,39.75,214.91192626953125,77.41463470458984,499.9100036621094,49.212921142578125,148.497802734375,48.26535415649414,36457.31640625,2557.931640625,111.96605682373047
2022-01-22,,,,,,,,,,,,,,,,35030.25,2405.18115234375,94.1783676147461
2022-01-23,,,,,,,,,,,,,,,,36276.8046875,2535.0390625,99.5782241821289
2022-01-24,157.8695526123047,284.9548034667969,23.298397064208984,129.57102966308594,144.54400634765625,306.02264404296875,310.0,116.52999877929688,38.71500015258789,219.23709106445312,77.60292053222656,519.6599731445312,49.983558654785156,153.12570190429688,48.172603607177734,36654.328125,2440.352294921875,91.65016174316406
2022-01-25,156.072265625,277.37823486328125,22.253694534301758,125.7385025024414,139.98599243164062,297.53717041015625,306.1333312988281,111.12999725341797,36.641998291015625,211.72703552246094,76.33184814453125,502.7200012207031,49.29690933227539,148.9659881591797,47.300785064697266,36954.00390625,2455.93505859375,94.72035217285156
2022-01-26,155.98435974121094,285.2816162109375,22.700284957885742,128.01483154296875,138.87249755859375,292.0652160644531,312.4700012207031,110.70999908447266,35.970001220703125,207.4116668701172,74.9383316040039,500.80999755859375,51.417789459228516,150.36154174804688,47.940738677978516,36852.12109375,2468.0302734375,92.23804473876953
2022-01-27,155.5252227783203,288.2911071777344,21.874893188476562,127.78900146484375,139.6374969482422,292.0751037597656,276.3666687011719,102.5999984741211,38.66999816894531,209.1221160888672,75.11724090576172,493.04998779296875,50.05093002319336,145.13937377929688,44.564762115478516,37138.234375,2423.001220703125,89.63249206542969
2022-01-28,166.37745666503906,296.3867492675781,22.76807403564453,132.09402465820312,143.97799682617188,299.08355712890625,282.1166687011719,105.23999786376953,38.43600082397461,218.3524169921875,75.77632904052734,518.1599731445312,51.692806243896484,150.19049072265625,44.267974853515625,37784.33203125,2547.092041015625,91.31289672851562
2022-01-29,,,,,,,,,,,,,,,,38138.1796875,2597.084716796875,96.2234878540039
2022-01-30,,,,,,,,,,,,,,,,37917.6015625,2603.466552734375,93.29767608642578
2022-01-31,170.7241668701172,299.00201416015625,24.408891677856445,134.02813720703125,149.57350158691406,310.5331115722656,312.239990234375,114.25,42.7140007019043,228.67384338378906,76.41659545898438,534.2999877929688,54.072105407714844,158.248779296875,45.27891159057617,38483.125,2688.27880859375,99.73883819580078
2022-02-01,170.55810546875,296.8675231933594,24.56041145324707,136.34657287597656,151.19349670410156,316.2230224609375,310.4166564941406,116.77999877929688,45.7130012512207,228.17250061035156,76.30360412597656,535.97998046875,54.703372955322266,159.48231506347656,45.39948272705078,38743.2734375,2792.1171875,109.9789810180664
2022-02-02,171.75955200195312,301.3865661621094,25.16250991821289,146.60496520996094,150.6125030517578,320.188232421875,301.88665771484375,122.76000213623047,42.948001861572266,221.18338012695312,77.67826843261719,533.0900268554688,55.691829681396484,169.44935607910156,45.918861389160156,36952.984375,2682.85400390625,101.83760070800781
2022-02-03,168.88778686523438,289.64678955078125,23.872581481933594,141.74124145507812,138.8455047607422,235.69024658203125,297.0466613769531,120.08000183105469,40.560001373291016,209.1515655517578,77.15098571777344,510.8299865722656,53.60786819458008,161.2560272216797,44.778076171875,37154.6015625,2679.16259765625,101.45903778076172
2022-02-04,168.60415649414062,294.1560974121094,24.242416381835938,141.9423065185547,157.63949584960938,235.02610778808594,307.7733459472656,123.5999984741211,41.016998291015625,215.50167846679688,77.3110580444336,513.5399780273438,54.467105865478516,161.58914184570312,44.86686325073242,41500.875,2983.5869140625,112.17424774169922
2022-02-05,,,,,,,,,,,,,,,,41441.1640625,3014.648193359375,113.89430236816406
2022-02-06,,,,,,,,,,,,,,,,42412.43359375,3057.47607421875,115.29975891113281
2022-02-07,167.89022827148438,289.3583679199219,24.65012550354004,137.88888549804688,157.9355010986328,222.95216369628906,302.4466552734375,123.66999816894531,40.209999084472656,213.28016662597656,76.02113342285156,507.1000061035156,54.233612060546875,157.64553833007812,45.025726318359375,43840.28515625,3142.470703125,117.35514831542969
2022-02-08,170.99063110351562,292.8292541503906,25.0289306640625,138.0850372314453,161.4134979248047,218.26327514648438,307.3333435058594,128.22999572753906,40.35300064086914,213.73233032226562,76.0682144165039,511.30999755859375,55.395572662353516,160.7968292236328,45.61448287963867,44118.4453125,3122.608642578125,113.5954818725586
2022-02-09,172.4087371826172,299.22314453125,26.620901107788086,140.2573699951172,161.1894989013672,229.98040771484375,310.6666564941406,132.85000610351562,41.28900146484375,218.26393127441406,78.57273864746094,521.75,56.421852111816406,165.62281799316406,46.64246368408203,44338.796875,3239.45703125,114.01937866210938
2022-02-10,168.340087890625,290.7332763671875,25.74267578125,137.31333923339844,159.0034942626953,226.0846405029297,301.51666259765625,125.7699966430664,40.62699890136719,213.96826171875,77.06623840332031,495.0199890136719,54.57786560058594,156.72715759277344,45.66120910644531,43565.11328125,3077.482177734375,106.20280456542969
2022-02-11,164.9365234375,283.67596435546875,23.873579025268555,133.01673889160156,153.2935028076172,217.6387939453125,286.6666564941406,113.18000030517578,39.13100051879883,204.36439514160156,75.08897399902344,473.9700012207031,52.92214584350586,148.23670959472656,44.51173400878906,42407.9375,2927.383544921875,96.38188171386719
2022-02-12,,,,,,,,,,,,,,,,42244.46875,2917.36279296875,95.91820526123047
2022-02-13,,,,,,,,,,,,,,,,42197.515625,2883.46337890625,93.24410247802734
2022-02-14,165.1712646484375,283.6375427246094,24.190576553344727,134.24853515625,155.16700744628906,215.80487060546875,291.9200134277344,114.2699966430664,39.65700149536133,202.88990783691406,74.33574676513672,474.010009765625,53.398372650146484,148.6778564453125,44.46500778198242,42586.91796875,2933.47900390625,96.43327331542969
2022-02-15,168.99539184570312,288.89678955078125,26.411561965942383,135.3208465576172,156.510498046875,219.076171875,307.4766540527344,121.47000122070312,40.74599838256836,210.60641479492188,75.1078109741211,479.5,55.63091278076172,155.76373291015625,45.26870346069336,44575.203125,3179.877197265625,104.87330627441406
2022-02-16,168.7606658935547,288.5596008300781,26.427515029907227,136.439697265625,158.10049438476562,214.65499877929688,307.7966613769531,117.69000244140625,39.80799865722656,208.1390838623047,74.56169891357422,477.70001220703125,55.11777877807617,155.40362548828125,45.07245635986328,43961.859375,3127.830078125,101.93289947509766
2022-02-17,165.1712646484375,280.1099853515625,24.429824829101562,131.28968811035156,154.65249633789062,205.90184020996094,292.1166687011719,112.37000274658203,38.66699981689453,196.6282501220703,71.11563110351562,457.7099914550781,53.437129974365234,150.18148803710938,44.455665588378906,40538.01171875,2881.48193359375,93.4104232788086
2022-02-18,163.62591552734375,277.4122009277344,23.567543029785156,129.17379760742188,152.60150146484375,204.36537170410156,285.6600036621094,113.83000183105469,39.12900161743164,193.49246215820312,70.21173095703125,442.55999755859375,53.528499603271484,150.9377899169922,42.09130096435547,40030.9765625,2785.7275390625,90.06546020507812
2022-02-19,,,,,,,,,,,,,,,,40122.15625,2763.701171875,91.49665069580078
2022-02-20,,,,,,,,,,,,,,,,38431.37890625,2628.6484375,90.90141296386719
2022-02-21,,,,,,,,,,,,,,,,37075.28125,2573.816162109375,83.12316131591797
2022-02-22,160.7113800048828,277.2099609375,23.316347122192383,128.58987426757812,150.19749450683594,200.3208770751953,273.84332275390625,115.6500015258789,37.737998962402344,191.8115692138672,69.78802490234375,438.3999938964844,53.295005798339844,149.36215209960938,41.76421356201172,38286.02734375,2639.29931640625,86.46538543701172
2022-02-23,156.5547332763672,270.0320739746094,22.316497802734375,126.38536071777344,144.82699584960938,196.72247314453125,254.67999267578125,109.76000213623047,36.74599838256836,187.29962158203125,68.2344741821289,429.45001220703125,52.16259002685547,145.517578125,41.726837158203125,37296.5703125,2590.359619140625,84.90278625488281
2022-02-24,159.1660919189453,283.8289794921875,23.673213958740234,131.44024658203125,151.35800170898438,205.79283142089844,266.92333984375,116.61000061035156,39.00299835205078,200.81578063964844,70.43771362304688,463.82000732421875,53.52943420410156,151.24391174316406,43.661312103271484,38332.609375,2598.067138671875,89.19474792480469
2022-02-25,161.22975158691406,286.44964599609375,24.080921173095703,133.1920928955078,153.7884979248047,208.6477508544922,269.9566650390625,121.05999755859375,39.08000183105469,204.55116271972656,71.88770294189453,465.5400085449219,54.2686767578125,153.90000915527344,44.58649826049805,39214.21875,2764.53564453125,92.59882354736328
2022-02-26,,,,,,,,,,,,,,,,39105.1484375,2781.11181640625,90.14156341552734
2022-02-27,,,,,,,,,,,,,,,,37709.78515625,2621.8017578125,85.51905059814453
2022-02-28,161.4938507080078,287.8755798339844,24.308208465576172,133.78395080566406,153.56300354003906,209.19296264648438,290.1433410644531,123.33999633789062,39.45199966430664,206.94964599609375,71.52992248535156,467.67999267578125,54.2160758972168,154.85435485839844,44.5771598815918,43193.234375,2919.201171875,99.52034759521484
2022-03-01,159.61598205566406,284.17584228515625,23.40306282043457,132.79783630371094,151.14199829101562,201.71861267089844,288.1233215332031,113.83000183105469,38.624000549316406,205.3375701904297,71.56756591796875,466.67999267578125,52.61758041381836,147.38131713867188,43.7547607421875,44354.63671875,2972.485107421875,98.65355682373047
2022-03-02,162.9021759033203,289.22442626953125,24.147838592529297,133.30303955078125,152.05250549316406,206.2983856201172,293.2966613769531,118.27999877929688,38.00299835205078,206.81207275390625,73.70487976074219,471.17999267578125,54.062870025634766,153.02305603027344,45.67055130004883,43924.1171875,2950.118408203125,100.6496353149414
2022-03-03,162.57945251464844,285.11041259765625,23.64335060119629,132.63735961914062,147.89849853515625,201.20310974121094,279.7633361816406,111.9800033569336,36.80699920654297,201.26797485351562,73.6766586303711,459.0799865722656,53.40021896362305,149.49700927734375,44.79209518432617,42451.7890625,2834.468994140625,95.53919982910156
2022-03-04,159.58663940429688,279.2717590332031,22.86766815185547,130.66311645507812,145.64100646972656,198.3184356689453,279.42999267578125,108.41000366210938,36.17300033569336,199.5575408935547,72.0195083618164,452.1300048828125,55.00517272949219,146.70323181152344,44.92292404174805,39137.60546875,2617.156005859375,88.24597930908203
2022-03-05,,,,,,,,,,,,,,,,39400.5859375,2664.8310546875,89.64784240722656
2022-03-06,,,,,,,,,,,,,,,,38419.984375,2555.037353515625,84.54218292236328
2022-03-07,155.80165100097656,268.72174072265625,21.28838348388672,125.18726348876953,137.4530029296875,185.83804321289062,268.1933288574219,102.94999694824219,35.0260009765625,192.8928680419922,69.9763412475586,437.9700012207031,52.67110824584961,135.7090606689453,44.5584602355957,38062.0390625,2497.771240234375,82.13006591796875
2022-03-08,153.9824981689453,265.77362060546875,21.44990348815918,125.90641784667969,136.01449584960938,188.6334991455078,274.79998779296875,105.52999877929688,34.17599868774414,188.81346130371094,69.04420471191406,431.5299987792969,53.1556396484375,136.3057861328125,44.3902473449707,38737.26953125,2576.74755859375,82.2547607421875
2022-03-09,159.3714599609375,277.96148681640625,22.945430755615234,132.1623992919922,139.2790069580078,196.7720489501953,286.3233337402344,111.05000305175781,35.87900161743164,199.70501708984375,71.65229797363281,450.8699951171875,55.10022735595703,142.04702758789062,44.51173400878906,41982.92578125,2729.783447265625,88.20206451416016
2022-03-10,155.0387725830078,275.15777587890625,22.590496063232422,131.1812286376953,146.8175048828125,193.5106658935547,279.4333190917969,106.45999908447266,35.676998138427734,196.74618530273438,72.17015838623047,438.95001220703125,54.24284362792969,139.87709045410156,43.60524368286133,39437.4609375,2608.048583984375,82.9390869140625
2022-03-11,151.3319549560547,269.83941650390625,22.03415298461914,128.6463623046875,145.52450561523438,185.97683715820312,265.1166687011719,104.29000091552734,34.03200149536133,194.53443908691406,73.27179718017578,416.3800048828125,53.330997467041016,137.7343292236328,42.8295783996582,38794.97265625,2559.56298828125,80.7449951171875
2022-03-12,,,,,,,,,,,,,,,,38904.01171875,2574.754150390625,81.55381774902344
2022-03-13,,,,,,,,,,,,,,,,37849.6640625,2518.944580078125,78.93607330322266
2022-03-14,147.312255859375,266.34197998046875,21.26645278930664,124.76378631591797,141.85299682617188,185.00537109375,255.4566650390625,102.25,33.10100173950195,189.8357391357422,72.56562042236328,411.5,52.403465270996094,127.7437515258789,41.49319839477539,39666.75390625,2590.696044921875,81.17333984375
2022-03-15,151.68408203125,276.66064453125,22.90455436706543,127.98018646240234,147.3665008544922,190.35836791992188,267.2966613769531,109.33000183105469,34.375,192.80438232421875,75.88929748535156,421.6600036621094,54.70707321166992,130.38380432128906,41.87635040283203,39338.78515625,2620.149658203125,82.95508575439453
2022-03-16,156.0852508544922,283.6363220214844,24.423019409179688,132.0242156982422,153.10400390625,201.8573760986328,280.07666015625,115.37000274658203,35.75299835205078,202.07403564453125,75.28669738769531,442.3599853515625,56.032379150390625,136.0255126953125,43.577205657958984,41143.9296875,2772.0556640625,87.90362548828125
2022-03-17,157.09266662597656,284.43597412109375,24.692214965820312,132.57742309570312,157.23899841308594,206.0307159423828,290.5333251953125,111.69000244140625,37.13999938964844,206.8317108154297,75.88929748535156,444.3599853515625,55.62168502807617,138.17733764648438,44.05381393432617,40951.37890625,2814.8544921875,87.87684631347656
2022-03-18,160.37884521484375,289.4556579589844,26.37418556213379,134.8423614501953,161.25050354003906,214.60545349121094,301.7966613769531,113.45999908447266,38.060001373291016,215.0790557861328,76.90618133544922,453.3299865722656,56.33602523803711,139.22618103027344,44.34352111816406,41801.15625,2945.343017578125,89.82203674316406
2022-03-19,,,,,,,,,,,,,,,,42190.65234375,2946.257080078125,92.41815185546875
2022-03-20,,,,,,,,,,,,,,,,41247.82421875,2860.459228515625,88.61486053466797
2022-03-21,161.7481231689453,288.23199462890625,26.65435218811035,134.81861877441406,161.4915008544922,209.64894104003906,307.0533447265625,115.91999816894531,37.45899963378906,210.0854034423828,76.228271484375,453.5899963378906,55.86958694458008,140.6726837158203,44.28744888305664,41077.99609375,2897.9765625,88.7572021484375
2022-03-22,165.11257934570312,292.9530334472656,26.444978713989258,138.5496368408203,164.88900756835938,214.76402282714844,331.32666015625,114.77999877929688,38.29199981689453,214.4990692138672,77.01917266845703,466.45001220703125,56.80339050292969,142.4990692138672,45.22197723388672,42358.80859375,2973.131103515625,90.51296997070312
2022-03-23,166.47207641601562,288.5499572753906,25.557628631591797,136.9721221923828,163.4080047607422,211.60182189941406,333.03668212890625,113.91999816894531,37.44900131225586,207.5198211669922,75.69158172607422,422.8999938964844,55.69211196899414,138.21348571777344,45.109840393066406,42892.95703125,3031.067138671875,95.1026840209961
2022-03-24,170.2472686767578,292.9916076660156,28.066129684448242,140.237548828125,163.64950561523438,217.6586151123047,337.97332763671875,120.52999877929688,37.57099914550781,210.34097290039062,77.43344116210938,432.1400146484375,58.20550537109375,143.26756286621094,48.240516662597656,43960.93359375,3108.06201171875,102.22369384765625
2022-03-25,170.8830108642578,292.58697509765625,27.6094970703125,140.33763122558594,164.77349853515625,219.88902282714844,336.8800048828125,119.66999816894531,37.3849983215332,207.44114685058594,76.95325469970703,431.6199951171875,58.43221664428711,142.82456970214844,48.436767578125,44348.73046875,3106.67138671875,98.6581039428711
2022-03-26,,,,,,,,,,,,,,,,44500.828125,3143.178955078125,101.7641830444336
2022-03-27,,,,,,,,,,,,,,,,46820.4921875,3291.57763671875,107.08422088623047
2022-03-28,171.74371337890625,299.3505554199219,28.134920120239258,140.12213134765625,168.99049377441406,221.6436309814453,363.9466552734375,120.23999786376953,37.85100173950195,211.61888122558594,78.71399688720703,450.010009765625,58.8048095703125,143.2584991455078,48.13771057128906,47128.00390625,3336.634521484375,106.46525573730469
2022-03-29,175.02989196777344,303.8884582519531,28.57062530517578,141.16221618652344,169.31500244140625,227.85903930664062,366.5233459472656,123.2300033569336,39.18199920654297,217.52667236328125,79.36363983154297,466.3299865722656,59.602970123291016,145.6273193359375,48.82926940917969,47465.73046875,3401.98779296875,111.71031188964844
2022-03-30,173.86602783203125,302.3949890136719,27.60750389099121,140.6005859375,166.30099487304688,225.86656188964844,364.663330078125,119.22000122070312,38.14699935913086,211.28466796875,78.4880142211914,460.05999755859375,58.63849639892578,138.0869140625,48.06295394897461,47062.6640625,3385.157958984375,120.6994857788086
2022-03-31,170.775390625,297.04779052734375,27.204708099365234,137.7566375732422,162.99749755859375,220.42431640625,359.20001220703125,109.33999633789062,37.45899963378906,208.70921325683594,77.89482116699219,455.6199951171875,58.507476806640625,138.1683349609375,46.31538772583008,45538.67578125,3281.642822265625,122.66146087646484
2022-04-01,170.48199462890625,298.1173095703125,26.632417678833008,138.82945251464844,163.55999755859375,222.8926544189453,361.5299987792969,108.19000244140625,37.34700012207031,208.64041137695312,77.21691131591797,458.19000244140625,58.256614685058594,132.8972625732422,44.96031951904297,46281.64453125,3449.55224609375,134.43093872070312
2022-04-02,,,,,,,,,,,,,,,,45868.94921875,3445.059326171875,132.19886779785156
2022-04-03,,,,,,,,,,,,,,,,46453.56640625,3522.83349609375,136.77532958984375
2022-04-04,174.52133178710938,303.46453857421875,27.278484344482422,141.6238555908203,168.34649658203125,231.85397338867188,381.8166809082031,110.52999877929688,39.150001525878906,215.12820434570312,79.15648651123047,468.80999755859375,58.98786163330078,139.06336975097656,45.978946685791016,46622.67578125,3521.2412109375,132.41262817382812
2022-04-05,171.21551513671875,299.5239562988281,25.853740692138672,139.26577758789062,164.05499267578125,229.8218231201172,363.7533264160156,106.81999969482422,38.01499938964844,206.56629943847656,78.09254455566406,458.5799865722656,57.06170654296875,131.51397705078125,44.97900390625,45555.9921875,3411.79248046875,126.86223602294922
2022-04-06,168.0564422607422,288.5596008300781,24.33428192138672,135.2609405517578,158.75599670410156,221.3561248779297,348.586669921875,103.66999816894531,36.834999084472656,197.40480041503906,77.32048034667969,444.3299865722656,55.93556594848633,125.92645263671875,44.42761993408203,43206.73828125,3171.69189453125,112.88338470458984
2022-04-07,168.3596649169922,290.3612976074219,24.13587760925293,134.60763549804688,157.7845001220703,221.00918579101562,352.4200134277344,103.72000122070312,36.21500015258789,196.75601196289062,77.07472229003906,452.7200012207031,56.03312301635742,125.8721923828125,44.44631576538086,43503.84765625,3233.274658203125,118.79651641845703
2022-04-08,166.3546905517578,286.1220397949219,23.050121307373047,132.03114318847656,154.4604949951172,220.3945770263672,341.8299865722656,101.0,35.5880012512207,193.81687927246094,76.50755310058594,445.3399963378906,54.54180908203125,123.58474731445312,43.94166946411133,42287.6640625,3192.073974609375,109.8008804321289
2022-04-09,,,,,,,,,,,,,,,,42782.13671875,3261.916259765625,112.97279357910156
2022-04-10,,,,,,,,,,,,,,,,42207.671875,3211.866943359375,111.74243927001953
2022-04-11,162.1099853515625,274.8398132324219,21.851703643798828,127.60920715332031,151.1219940185547,214.57569885253906,325.30999755859375,97.37000274658203,34.79999923706055,192.12612915039062,75.3921890258789,434.44000244140625,53.948089599609375,122.38228607177734,43.52113342285156,39521.90234375,2981.05224609375,99.33910369873047
2022-04-12,163.97804260253906,271.75665283203125,21.439929962158203,126.51067352294922,150.78750610351562,212.27587890625,328.98333740234375,95.0999984741211,34.40999984741211,191.49700927734375,74.98572540283203,426.7699890136719,54.362483978271484,123.04228973388672,43.455718994140625,40127.18359375,3030.37646484375,103.30638885498047
2022-04-13,166.65786743164062,277.1136169433594,22.136844635009766,128.66961669921875,155.54100036621094,213.11849975585938,340.7900085449219,97.73999786376953,35.042999267578125,192.39154052734375,75.38272857666016,431.6700134277344,55.056575775146484,127.02949523925781,43.93232345581055,41166.73046875,3118.34423828125,105.00194549560547
2022-04-14,161.6600799560547,269.6080322265625,21.19466209411621,125.53545379638672,151.7064971923828,208.35037231445312,328.3333435058594,93.05999755859375,34.112998962402344,186.18882751464844,75.09915924072266,420.44000244140625,53.31996536254883,123.78369903564453,42.6800537109375,39935.515625,3019.909423828125,100.70780181884766
2022-04-15,,,,,,,,,,,,,,,,40553.46484375,3040.91650390625,101.30977630615234
2022-04-16,,,,,,,,,,,,,,,,40424.484375,3062.310302734375,102.25731658935547
2022-04-17,,,,,,,,,,,,,,,,39716.953125,2993.4033203125,100.40969848632812
2022-04-18,161.4449462890625,270.2729187011719,21.718101501464844,126.47303009033203,152.78500366210938,208.9352264404297,334.7633361816406,93.88999938964844,33.7859992980957,183.82965087890625,73.93650817871094,425.4700012207031,54.49535369873047,125.96260070800781,43.586551666259766,40826.21484375,3057.606689453125,102.15853118896484
2022-04-19,163.72373962402344,274.8782958984375,22.131866455078125,128.78355407714844,158.11549377441406,215.41827392578125,342.7166748046875,96.93000030517578,34.861000061035156,188.1351776123047,75.2031478881836,436.3999938964844,55.528587341308594,127.52674865722656,44.79209518432617,41502.75,3104.1064453125,108.58203125
2022-04-20,163.55746459960938,275.89959716796875,21.417997360229492,126.83309936523438,153.9980010986328,198.67532348632812,325.73333740234375,94.0199966430664,22.618999481201172,183.06292724609375,75.89317321777344,428.1099853515625,55.537872314453125,126.88481140136719,44.96031951904297,41374.37890625,3077.745849609375,105.49700164794922
2022-04-21,162.76527404785156,270.5523986816406,20.12286949157715,123.63800048828125,148.29600524902344,186.43284606933594,336.260009765625,89.8499984741211,21.82200050354004,174.21597290039062,75.12751770019531,417.4800109863281,55.07422637939453,123.06037902832031,44.3902473449707,40527.36328125,2987.480712890625,101.77613830566406
2022-04-22,158.2369384765625,264.0199890136719,19.45686149597168,118.5078125,144.35000610351562,182.50729370117188,335.01666259765625,88.13999938964844,21.552000045776367,168.5146026611328,72.03659057617188,408.6700134277344,54.537174224853516,120.07676696777344,43.49308776855469,39740.3203125,2964.835693359375,100.61205291748047
2022-04-23,,,,,,,,,,,,,,,,39486.73046875,2938.114013671875,100.74443817138672
2022-04-24,,,,,,,,,,,,,,,,39469.29296875,2922.732666015625,99.23579406738281
2022-04-25,159.30299377441406,270.46563720703125,19.84270668029785,121.91390228271484,146.07400512695312,185.36224365234375,332.67333984375,90.69000244140625,20.990999221801758,171.60121154785156,72.7644271850586,413.95001220703125,54.62358474731445,123.46723937988281,43.97905349731445,40458.30859375,3009.3935546875,101.24763488769531
2022-04-26,153.35653686523438,260.3492126464844,18.73202133178711,117.53160858154297,139.39100646972656,179.37481689453125,292.1400146484375,85.16000366210938,19.84000015258789,167.1875762939453,70.42967987060547,399.1199951171875,52.03957748413086,120.70063781738281,42.53987121582031,38117.4609375,2808.29833984375,95.78215026855469
2022-04-27,153.131591796875,272.87432861328125,18.360137939453125,113.21715545654297,138.16700744628906,173.42703247070312,293.836669921875,84.91000366210938,18.854000091552734,171.7093505859375,70.6659927368164,397.8999938964844,51.99033737182617,122.14722442626953,42.259517669677734,39241.12109375,2888.9296875,98.37886810302734
2022-04-28,160.0463104248047,279.0501403808594,19.723064422607422,117.40531158447266,144.59649658203125,203.93911743164062,292.5033264160156,89.63999938964844,19.95199966430664,182.58126831054688,71.97042083740234,410.5299987792969,53.792903900146484,133.98220825195312,43.773460388183594,39773.828125,2936.94091796875,98.18572998046875
2022-04-29,154.18788146972656,267.38250732421875,18.491743087768555,113.03389739990234,124.28150177001953,198.72488403320312,290.2533264160156,85.5199966430664,19.035999298095703,172.94793701171875,69.38048553466797,395.95001220703125,51.511817932128906,126.29713439941406,40.73622512817383,38609.82421875,2815.601806640625,94.01134490966797
2022-04-30,,,,,,,,,,,,,,,,37714.875,2730.186767578125,85.09593200683594
2022-05-01,,,,,,,,,,,,,,,,38469.09375,2827.756103515625,89.6715087890625
2022-05-02,154.49105834960938,274.0785827636719,19.47480583190918,115.48409271240234,124.5,209.29209899902344,300.9800109863281,89.83999633789062,19.945999145507812,174.55020141601562,69.94761657714844,407.2900085449219,53.55225372314453,131.34219360351562,42.016544342041016,38529.328125,2857.410400390625,87.58101654052734
2022-05-03,155.97767639160156,271.4869079589844,19.54360008239746,116.22801208496094,124.25350189208984,210.18423461914062,303.0833435058594,91.12999725341797,19.98699951171875,175.3267822265625,69.27649688720703,407.5799865722656,54.00010681152344,130.4290008544922,42.109989166259766,37750.453125,2783.476318359375,85.84237670898438
2022-05-04,162.37408447265625,279.3873596191406,20.273418426513672,121.10857391357422,125.92849731445312,221.46522521972656,317.5400085449219,99.41999816894531,20.400999069213867,182.32566833496094,71.09135437011719,423.3500061035156,56.08980178833008,134.75973510742188,43.49308776855469,39698.37109375,2940.644775390625,92.7708511352539
2022-05-05,153.32723999023438,267.21868896484375,18.78785514831543,115.4073257446289,116.40699768066406,206.46690368652344,291.09332275390625,93.87000274658203,18.832000732421875,169.36981201171875,68.81334686279297,400.510009765625,53.89047622680664,128.0601806640625,42.00957489013672,36575.140625,2749.213134765625,84.59602355957031
2022-05-06,154.05198669433594,264.6944274902344,18.619356155395508,114.65547943115234,114.77249908447266,201.99615478515625,288.54998779296875,95.33999633789062,18.097000122070312,166.8140411376953,68.52030944824219,391.010009765625,53.90068817138672,127.10182189941406,41.72699737548828,36040.921875,2694.979736328125,81.76410675048828
2022-05-07,,,,,,,,,,,,,,,,35501.953125,2636.093017578125,78.9834213256836
2022-05-08,,,,,,,,,,,,,,,,34059.265625,2517.4599609375,75.22018432617188
2022-05-09,148.9391326904297,254.9151611328125,16.899499893188477,111.45047760009766,108.78900146484375,194.50198364257812,262.3699951171875,86.36000061035156,17.309999465942383,160.81777954101562,67.62232971191406,376.9100036621094,52.30439376831055,121.98445892333984,40.56843566894531,30296.953125,2245.430419921875,63.2696533203125
2022-05-10,151.33888244628906,259.65557861328125,17.54257583618164,113.31671142578125,108.85900115966797,195.929443359375,266.67999267578125,88.7300033569336,17.766000747680664,164.30738830566406,68.55811309814453,393.0299987792969,54.02055740356445,123.69325256347656,41.453834533691406,31022.90625,2343.510986328125,66.76615142822266
2022-05-11,143.4932403564453,251.03240966796875,16.580453872680664,112.53168487548828,105.37200164794922,187.0970001220703,244.6666717529297,87.91999816894531,16.636999130249023,158.5273895263672,67.14025115966797,379.3299865722656,52.693702697753906,119.61567687988281,40.34238052368164,28936.35546875,2072.108642578125,50.21084976196289
2022-05-12,139.63414001464844,246.0223846435547,16.126806259155273,111.78032684326172,106.93049621582031,189.57525634765625,242.6666717529297,87.05999755859375,17.430999755859375,157.69186401367188,66.85668182373047,388.489990234375,53.108116149902344,119.136474609375,40.3517951965332,29047.751953125,1961.7015380859375,44.683589935302734
2022-05-13,144.09072875976562,251.58160400390625,17.653249740600586,114.95661163330078,113.05500030517578,196.89100646972656,256.5299987792969,95.12000274658203,18.763999938964844,164.07147216796875,67.2725830078125,405.45001220703125,54.657039642333984,121.99349212646484,41.06765365600586,29283.103515625,2014.418212890625,48.59355163574219
2022-05-14,,,,,,,,,,,,,,,,30101.265625,2056.27392578125,52.4172248840332
2022-05-15,,,,,,,,,,,,,,,,31305.11328125,2145.706787109375,58.81126022338867
2022-05-16,142.5529327392578,251.9477081298828,17.212562561035156,113.3662338256836,110.81050109863281,198.2986297607422,241.4566650390625,94.23999786376953,18.650999069213867,161.3289337158203,65.8925552368164,402.8599853515625,54.139488220214844,121.07134246826172,40.577857971191406,29862.91796875,2022.7259521484375,53.646461486816406
2022-05-17,146.1770477294922,257.0733947753906,18.12284278869629,115.37513732910156,115.36849975585938,200.85617065429688,253.8699951171875,102.47000122070312,19.055999755859375,160.9456024169922,67.94371795654297,409.6499938964844,56.50699996948242,126.29713439941406,41.821189880371094,30425.857421875,2090.4091796875,57.12562561035156
2022-05-18,137.92984008789062,245.36891174316406,16.887535095214844,110.84473419189453,107.11250305175781,190.5665283203125,236.60333251953125,96.27999877929688,17.7189998626709,154.65438842773438,64.55976867675781,397.8800048828125,53.01519775390625,117.94303894042969,39.8902587890625,28720.271484375,1916.6561279296875,49.75621032714844
2022-05-19,134.5310516357422,244.4611358642578,17.07298469543457,109.34353637695312,107.31900024414062,189.62478637695312,236.47332763671875,96.66999816894531,18.347999572753906,152.95384216308594,63.368751525878906,394.3800048828125,50.75175857543945,118.0515365600586,39.56999588012695,30314.333984375,2018.336181640625,52.2139778137207
2022-05-20,134.76611328125,243.90103149414062,16.644262313842773,107.88142395019531,107.59100341796875,191.8551788330078,221.3000030517578,93.5,18.635000228881836,156.9349365234375,64.8716812133789,399.0899963378906,50.47114562988281,118.9827880859375,39.230918884277344,29200.740234375,1961.315673828125,49.538509368896484
2022-05-21,,,,,,,,,,,,,,,,29432.2265625,1974.518310546875,50.3179817199707
2022-05-22,,,,,,,,,,,,,,,,30323.72265625,2043.170166015625,52.75518035888672
2022-05-23,140.17283630371094,251.713623046875,16.84765625,110.43711853027344,107.55699920654297,194.52175903320312,224.96665954589844,95.06999969482422,18.743999481201172,157.5935821533203,66.2044677734375,406.760009765625,48.90737533569336,119.45291137695312,39.560585021972656,29098.91015625,1972.181884765625,49.05685043334961
2022-05-24,137.47926330566406,250.71897888183594,16.105871200561523,104.97113037109375,104.0999984741211,179.70191955566406,209.3866729736328,91.16000366210938,18.034000396728516,154.26119995117188,65.24978637695312,398.4100036621094,48.7066764831543,116.20710754394531,39.249752044677734,29655.5859375,1978.9827880859375,49.65333557128906
2022-05-25,137.635986328125,253.5195770263672,16.924423217773438,104.80769348144531,106.7750015258789,182.22975158691406,219.60000610351562,92.6500015258789,18.783000946044922,156.9349365234375,66.00597381591797,402.5,49.397037506103516,118.64826202392578,39.748966217041016,29562.361328125,1944.827880859375,47.982425689697266
2022-05-26,140.82908630371094,256.78369140625,17.79781723022461,106.77645111083984,111.07749938964844,189.96182250976562,235.91000366210938,98.75,19.139999389648438,159.6971893310547,67.73577117919922,408.6000061035156,51.16524124145508,121.91216278076172,40.95463180541992,29267.224609375,1803.913330078125,43.4912109375
2022-05-27,146.56881713867188,263.87200927734375,18.75494956970215,111.25779724121094,115.14649963378906,193.431396484375,253.2100067138672,102.26000213623047,19.518999099731445,162.2922821044922,68.79441833496094,428.2200012207031,54.19615936279297,126.36043548583984,41.96247482299805,28627.57421875,1724.9228515625,40.981346130371094
2022-05-28,,,,,,,,,,,,,,,,28814.900390625,1757.9417724609375,44.343162536621094
2022-05-29,,,,,,,,,,,,,,,,29445.95703125,1812.031005859375,44.90961456298828
2022-05-30,,,,,,,,,,,,,,,,31726.390625,1996.4412841796875,47.179443359375
2022-05-31,145.78521728515625,262.5489501953125,18.616369247436523,112.68968963623047,120.20950317382812,191.95433044433594,252.75332641601562,101.86000061035156,19.743999481201172,157.51492309570312,67.98152923583984,416.4800109863281,53.903472900390625,129.48870849609375,41.840030670166016,31792.310546875,1942.3280029296875,45.76784133911133
2022-06-01,145.65789794921875,263.0801696777344,18.265419006347656,112.8184585571289,121.68399810791016,186.99786376953125,246.7899932861328,101.22000122070312,19.291000366210938,173.07569885253906,67.67903900146484,418.1600036621094,53.2985954284668,127.26192474365234,41.54803466796875,29799.080078125,1823.5693359375,40.26966857910156
2022-06-02,148.10658264160156,265.16607666015625,19.533626556396484,116.51380157470703,125.51100158691406,197.12889099121094,258.3333435058594,108.58999633789062,20.509000778198242,185.1959991455078,69.13471984863281,441.2799987792969,53.5884895324707,132.8788299560547,42.23563766479492,30467.48828125,1834.1505126953125,40.8913459777832
2022-06-03,142.39622497558594,260.76239013671875,18.66422462463379,113.46133422851562,122.3499984741211,189.11924743652344,234.51666259765625,106.30000305175781,19.898000717163086,181.765380859375,67.858642578125,429.760009765625,52.34156036376953,128.35260009765625,40.86985397338867,29704.390625,1775.07861328125,38.259220123291016
2022-06-04,,,,,,,,,,,,,,,,29832.9140625,1801.6094970703125,38.93144607543945
2022-06-05,,,,,,,,,,,,,,,,29906.662109375,1805.2049560546875,38.480533599853516
2022-06-06,143.14064025878906,259.5359802246094,18.730026245117188,115.71936798095703,124.79000091552734,192.5590362548828,238.27999877929688,105.6500015258789,19.714000701904297,179.76004028320312,68.97401428222656,429.4599914550781,52.14736557006836,127.64366149902344,40.822757720947266,31370.671875,1859.2896728515625,42.43313217163086
2022-06-07,145.65789794921875,263.1573486328125,18.869611740112305,116.04524230957031,123.0,193.94686889648438,238.8866729736328,105.27999877929688,19.861000061035156,183.96728515625,68.70936584472656,433.4200134277344,53.24006271362305,128.96156311035156,41.0017204284668,31155.478515625,1814.04833984375,39.43757247924805
2022-06-08,144.92330932617188,261.13897705078125,18.596372604370117,116.0893325805664,121.18000030517578,194.92823791503906,241.86666870117188,101.9000015258789,20.283000946044922,185.97259521484375,67.47108459472656,428.8399963378906,52.531105041503906,126.29851531982422,38.83530807495117,30214.35546875,1793.572265625,38.84336853027344
2022-06-09,139.7124786376953,255.71168518066406,17.99803352355957,113.75305938720703,116.1500015258789,182.3982391357422,239.7066650390625,98.80000305175781,19.277000427246094,183.92796325683594,65.42938232421875,426.4200134277344,51.68185043334961,124.25354766845703,37.68617248535156,30111.998046875,1789.8260498046875,39.97260665893555
2022-06-10,134.31556701660156,244.3162841796875,16.927003860473633,110.11370086669922,109.6500015258789,174.0416717529297,232.22999572753906,94.81999969482422,18.29400062561035,175.4152069091797,63.46327590942383,393.8399963378906,50.29275131225586,121.06332397460938,36.90437316894531,29083.8046875,1665.042236328125,37.08976745605469
2022-06-11,,,,,,,,,,,,,,,,28360.810546875,1529.6634521484375,33.82111740112305
2022-06-12,,,,,,,,,,,,,,,,26762.6484375,1445.216552734375,30.743270874023438
2022-06-13,129.17330932617188,233.9541473388672,15.603680610656738,105.3896484375,103.66999816894531,162.83009338378906,215.73666381835938,86.98999786376953,16.9689998626709,163.2064208984375,60.5424919128418,371.6499938964844,48.09528732299805,116.93701171875,35.576271057128906,22487.388671875,1204.582763671875,28.19236183166504
2022-06-14,130.0352325439453,236.10772705078125,15.792157173156738,105.70958709716797,102.30999755859375,162.3046875,220.88999938964844,86.98999786376953,16.753999710083008,161.65330505371094,66.84722900390625,370.82000732421875,48.332218170166016,118.3912124633789,35.72697448730469,22206.79296875,1211.662841796875,29.714618682861328
2022-06-15,132.65042114257812,243.12844848632812,16.481246948242188,108.72986602783203,107.66999816894531,167.87579345703125,233.0,89.30000305175781,18.01099967956543,165.68357849121094,65.88308715820312,376.9200134277344,48.93989944458008,119.09107208251953,36.4051628112793,22572.83984375,1233.2064208984375,34.48794174194336
2022-06-16,127.39068603515625,236.5712127685547,15.557807922363281,105.03402709960938,103.66000366210938,159.4696044921875,213.10000610351562,82.05000305175781,17.334999084472656,157.1315460205078,64.94731140136719,365.0799865722656,46.19607925415039,109.81137084960938,35.17124557495117,20381.650390625,1067.730712890625,29.989742279052734
2022-06-17,128.85989379882812,239.1593475341797,15.836036682128906,106.1335678100586,106.22000122070312,162.3146209716797,216.75999450683594,81.56999969482422,17.551000595092773,160.4835662841797,64.01152801513672,360.7900085449219,46.332672119140625,109.96588134765625,34.82273864746094,20471.482421875,1086.519287109375,30.742919921875
2022-06-18,,,,,,,,,,,,,,,,19017.642578125,993.6367797851562,31.80793571472168
2022-06-19,,,,,,,,,,,,,,,,20553.271484375,1127.656494140625,34.24374771118164
2022-06-20,,,,,,,,,,,,,,,,20599.537109375,1127.6424560546875,35.4171142578125
2022-06-21,133.08145141601562,245.04058837890625,16.52013397216797,110.49258422851562,108.68000030517578,155.68289184570312,237.0366668701172,83.79000091552734,17.090999603271484,163.9928436279297,63.97370910644531,362.989990234375,47.19646453857422,113.05608367919922,35.53859329223633,20710.59765625,1124.8245849609375,36.121158599853516
2022-06-22,132.57211303710938,244.4514923095703,16.314712524414062,110.4366226196289,108.94999694824219,154.49330139160156,236.086669921875,83.75,17.888999938964844,164.602294921875,62.886688232421875,365.3299865722656,46.47788619995117,111.0292739868164,35.208919525146484,19987.029296875,1051.421875,34.12163543701172
2022-06-23,135.43218994140625,249.9850311279297,16.180082321166992,111.18399810791016,112.44000244140625,157.36805725097656,235.07000732421875,82.43000030517578,18.17099952697754,170.10707092285156,63.926456451416016,376.6400146484375,46.52285385131836,109.14788818359375,35.23717498779297,21085.876953125,1143.38671875,38.17523193359375
2022-06-24,138.75257873535156,258.5219421386719,17.078582763671875,116.86295318603516,116.45999908447266,168.67874145507812,245.7066650390625,87.08000183105469,19.084999084472656,182.7581787109375,66.82831573486328,387.7200012207031,47.69487762451172,113.70138549804688,36.36747741699219,21231.65625,1226.8447265625,42.2120475769043
2022-06-25,,,,,,,,,,,,,,,,21502.337890625,1243.4468994140625,42.33281326293945
2022-06-26,,,,,,,,,,,,,,,,21027.294921875,1199.8316650390625,39.40808868408203
2022-06-27,138.75257873535156,255.80831909179688,16.822294235229492,114.74165344238281,113.22000122070312,168.01455688476562,244.9199981689453,86.16000366210938,18.913999557495117,178.2266082763672,66.55421447753906,381.07000732421875,47.378211975097656,115.59185791015625,36.38632583618164,20735.478515625,1193.6806640625,38.45125198364258
2022-06-28,134.6191864013672,247.68661499023438,15.937752723693848,110.95171356201172,107.4000015258789,159.28125,232.663330078125,80.77999877929688,17.959999084472656,168.54412841796875,64.82442474365234,365.6300048828125,46.69804763793945,119.6091537475586,35.58568572998047,20280.634765625,1144.5792236328125,35.326438903808594
2022-06-29,136.37246704101562,251.33702087402344,15.498970985412598,110.64859771728516,108.91999816894531,162.51287841796875,228.49000549316406,77.98999786376953,17.836000442504883,167.7085723876953,65.419921875,368.5,45.94480895996094,118.36396026611328,35.1241455078125,20104.0234375,1098.94384765625,33.8739013671875
2022-06-30,133.9139862060547,248.02459716796875,15.117032051086426,107.9359130859375,106.20999908447266,159.84632873535156,224.47332763671875,76.47000122070312,17.48699951171875,162.2332763671875,66.04376983642578,366.05999755859375,45.51384735107422,116.10082244873047,35.23717498779297,19784.7265625,1067.298828125,33.588417053222656
2022-07-01,136.07859802246094,250.68035888671875,14.482792854309082,107.7125473022461,109.55999755859375,158.63693237304688,227.26333618164062,73.66999816894531,17.9950008392334,165.3395538330078,66.98902130126953,368.4800109863281,44.76716995239258,112.27444458007812,34.22932815551758,19269.3671875,1059.767333984375,32.803070068359375
2022-07-02,,,,,,,,,,,,,,,,19242.255859375,1066.5128173828125,33.35940933227539
2022-07-03,,,,,,,,,,,,,,,,19297.076171875,1073.7669677734375,33.38593292236328
2022-07-04,,,,,,,,,,,,,,,,20231.26171875,1151.05908203125,36.785030364990234
2022-07-05,138.65463256835938,253.83822631835938,14.922572135925293,112.19538116455078,113.5,166.7258758544922,233.06666564941406,75.19999694824219,18.58799934387207,169.2715301513672,68.04768371582031,376.489990234375,44.622894287109375,114.3648681640625,34.55900192260742,20190.115234375,1134.541015625,35.39555358886719
2022-07-06,139.9867401123047,257.0830383300781,15.08811092376709,113.4920425415039,114.33000183105469,168.29212951660156,231.73333740234375,75.3499984741211,18.4060001373291,169.79248046875,67.73577117919922,382.8299865722656,45.21406173706055,115.48279571533203,34.841575622558594,20548.24609375,1186.9739990234375,37.07356262207031
2022-07-07,143.34632873535156,259.197998046875,15.814095497131348,117.66334533691406,116.33000183105469,170.6910858154297,244.5433349609375,79.30000305175781,18.927000045776367,173.63600158691406,67.89645385742188,390.8900146484375,46.70648193359375,122.15401458740234,35.924774169921875,21637.587890625,1237.5933837890625,38.518306732177734
2022-07-08,144.02215576171875,258.4833679199219,15.794153213500977,118.22846984863281,115.54000091552734,169.39247131347656,250.76333618164062,79.3499984741211,18.697999954223633,172.51539611816406,67.93426513671875,389.44000244140625,46.72053527832031,123.61732482910156,35.78349304199219,21731.1171875,1222.5062255859375,38.286720275878906
2022-07-09,,,,,,,,,,,,,,,,21592.20703125,1216.978271484375,38.07196044921875
2022-07-10,,,,,,,,,,,,,,,,20860.44921875,1168.401611328125,36.697608947753906
2022-07-11,141.89671325683594,255.4413604736328,15.110050201416016,114.58613586425781,111.75,161.46209716796875,234.3433380126953,76.94999694824219,17.733999252319336,171.394775390625,67.9532470703125,384.1600036621094,45.23747634887695,120.19083404541016,35.03937911987305,19970.556640625,1097.236572265625,33.463600158691406
2022-07-12,142.86634826660156,244.97299194335938,15.040241241455078,112.94574737548828,109.22000122070312,161.84872436523438,233.07000732421875,76.36000061035156,17.44499969482422,163.50132751464844,66.85186767578125,375.5400085449219,45.09788513183594,120.83612823486328,35.048789978027344,19323.9140625,1038.191650390625,32.75759506225586
2022-07-13,142.5039825439453,244.0555419921875,15.122016906738281,110.30387115478516,110.4000015258789,162.06680297851562,237.0399932861328,77.5199966430664,17.6560001373291,160.70965576171875,66.49107360839844,371.94000244140625,45.131614685058594,123.281005859375,35.048789978027344,20212.07421875,1113.587158203125,34.91093826293945
2022-07-14,145.42282104492188,245.36891174316406,15.329440116882324,109.3271713256836,110.62999725341797,156.67416381835938,238.31333923339844,78.5999984741211,17.47800064086914,158.30130004882812,65.94038391113281,372.9599914550781,45.404239654541016,128.9706268310547,35.51975631713867,20569.919921875,1191.5262451171875,37.10782241821289
2022-07-15,147.0879364013672,247.91844177246094,15.718360900878906,110.723876953125,113.55000305175781,163.26626586914062,240.06666564941406,81.11000061035156,18.910999298095703,164.5334930419922,67.1651840209961,379.8599853515625,46.324241638183594,131.215576171875,36.37689971923828,20836.328125,1233.129150390625,37.41592788696289
2022-07-16,,,,,,,,,,,,,,,,21190.31640625,1352.62646484375,39.57412338256836
2022-07-17,,,,,,,,,,,,,,,,20779.34375,1338.6357421875,38.64472198486328
2022-07-18,144.05152893066406,245.5330810546875,16.056425094604492,108.00227355957031,113.76000213623047,165.77426147460938,240.54666137695312,81.43000030517578,19.091999053955078,165.03480529785156,66.66195678710938,375.2300109863281,46.00570297241211,128.77980041503906,36.461666107177734,22485.689453125,1578.7178955078125,43.746158599853516
2022-07-19,147.90089416503906,250.63206481933594,16.944957733154297,112.73723602294922,118.20999908447266,174.2498016357422,245.52999877929688,85.87999725341797,20.163000106811523,170.85414123535156,68.58939361572266,387.8299865722656,47.686439514160156,133.9422607421875,37.883975982666016,23389.43359375,1542.9752197265625,44.89987564086914
2022-07-20,149.89901733398438,253.27809143066406,17.757699966430664,112.82638549804688,122.7699966430664,181.49618530273438,247.5,89.43000030517578,21.643999099731445,179.3472137451172,68.92169189453125,401.489990234375,47.945953369140625,137.88681030273438,38.204227447509766,23231.732421875,1520.20068359375,42.09366989135742
2022-07-21,152.1616668701172,255.7599639892578,18.00002670288086,113.2622299194336,124.62999725341797,181.5754852294922,271.7066650390625,91.08999633789062,22.38800048828125,182.19789123535156,70.77315521240234,408.9100036621094,48.499637603759766,141.6586456298828,38.251319885253906,23164.62890625,1576.74951171875,43.19059371948242
2022-07-22,150.9274444580078,251.43356323242188,17.271053314208984,106.8829345703125,122.41999816894531,167.7965087890625,272.24334716796875,88.0999984741211,22.04400062561035,179.36685180664062,71.1149673461914,401.8999938964844,48.01622009277344,139.6954803466797,36.9232177734375,22714.978515625,1537.4051513671875,40.61850357055664
2022-07-23,,,,,,,,,,,,,,,,22465.478515625,1549.2974853515625,40.040977478027344
2022-07-24,,,,,,,,,,,,,,,,22609.1640625,1599.4766845703125,41.00658416748047
2022-07-25,149.81088256835938,249.9560546875,16.976865768432617,106.4966049194336,121.13999938964844,165.1992950439453,268.4333190917969,87.54000091552734,21.85099983215332,174.27496337890625,71.07699584960938,391.9599914550781,48.071495056152344,139.28648376464844,36.885536193847656,21361.701171875,1445.3834228515625,36.711997985839844
2022-07-26,148.4886016845703,243.2636260986328,16.487224578857422,104.03009033203125,114.80999755859375,157.7646026611328,258.8599853515625,85.25,21.391000747680664,167.56112670898438,70.28890991210938,379.260009765625,47.88224411010742,136.30532836914062,36.6971549987793,21239.75390625,1441.8067626953125,36.190853118896484
2022-07-27,153.5720672607422,259.5262451171875,17.740741729736328,111.99429321289062,120.97000122070312,168.1038055419922,274.82000732421875,89.81999969482422,22.674999237060547,177.23374938964844,72.03594970703125,392.7799987792969,49.44680404663086,139.4409637451172,37.846290588378906,22930.548828125,1636.232666015625,40.3078498840332
2022-07-28,154.1205596923828,266.9333190917969,17.934207916259766,113.14335632324219,122.27999877929688,159.32089233398438,280.8999938964844,91.66999816894531,22.601999282836914,178.20693969726562,73.14682006835938,403.5,49.99205780029297,133.10606384277344,37.40359115600586,23843.88671875,1725.4681396484375,42.84526824951172
2022-07-29,159.17466735839844,271.1148376464844,18.112714767456055,115.22356414794922,134.9499969482422,157.71499633789062,297.1499938964844,94.47000122070312,22.489999771118164,180.8905029296875,73.9063949584961,410.1199951171875,50.167266845703125,131.84271240234375,34.201072692871094,23804.6328125,1727.406982421875,41.926998138427734
2022-07-30,,,,,,,,,,,,,,,,23656.20703125,1695.969482421875,43.755889892578125
2022-07-31,,,,,,,,,,,,,,,,23336.896484375,1681.517333984375,42.400203704833984
2022-08-01,158.1951904296875,268.4785461425781,18.389944076538086,113.77732849121094,135.38999938964844,158.5377960205078,297.27667236328125,96.77999877929688,22.621000289916992,179.86819458007812,73.52661895751953,411.0899963378906,50.250640869140625,133.99676513671875,34.813316345214844,23314.19921875,1635.19580078125,41.78648376464844
2022-08-02,156.7259521484375,265.3978271484375,18.47471046447754,114.04478454589844,134.16000366210938,158.79551696777344,300.586669921875,99.29000091552734,22.142000198364258,180.66441345214844,72.49169158935547,409.9599914550781,49.7672119140625,133.63320922851562,33.91849136352539,22978.1171875,1632.9454345703125,39.7545051574707
2022-08-03,162.7204132080078,272.7855529785156,18.840688705444336,116.96697235107422,139.52000427246094,167.33058166503906,307.39666748046875,98.08999633789062,22.67300033569336,186.4247589111328,73.46013641357422,424.5400085449219,51.22217559814453,135.56912231445312,34.39887237548828,22846.5078125,1618.87451171875,38.54441833496094
2022-08-04,162.4069366455078,273.925048828125,19.161800384521484,117.07594299316406,142.57000732421875,169.08517456054688,308.6333312988281,103.91000366210938,22.990999221801758,188.0172119140625,73.4886245727539,430.5899963378906,51.7899055480957,137.25057983398438,33.927913665771484,22630.95703125,1608.205810546875,38.83067321777344
2022-08-05,162.18133544921875,273.2104797363281,18.936426162719727,116.36272430419922,140.8000030517578,165.6552734375,288.1700134277344,102.30999755859375,22.67799949645996,186.9359130859375,73.441162109375,433.42999267578125,51.66249465942383,136.52346801757812,33.67102813720703,23289.314453125,1732.254638671875,40.561031341552734
2022-08-06,,,,,,,,,,,,,,,,22961.279296875,1691.6580810546875,40.0570068359375
2022-08-07,,,,,,,,,,,,,,,,23175.890625,1699.350830078125,40.6055908203125
2022-08-08,161.71051025390625,270.709228515625,17.743736267089844,116.1943359375,139.41000366210938,168.76795959472656,290.42333984375,100.06999969482422,23.349000930786133,186.5230712890625,72.6056137084961,434.3399963378906,51.10881423950195,134.34213256835938,33.66151809692383,23809.486328125,1775.51611328125,42.17055130004883
2022-08-09,161.7595672607422,272.6213684082031,17.0386962890625,115.53064727783203,137.8300018310547,167.06292724609375,283.3333435058594,95.54000091552734,22.993999481201172,179.1407928466797,72.89046478271484,426.57000732421875,49.91618347167969,129.52505493164062,32.843284606933594,23164.318359375,1703.0250244140625,40.372623443603516
2022-08-10,165.996826171875,279.2461853027344,18.046897888183594,118.57170104980469,142.69000244140625,176.78750610351562,294.3566589355469,99.05000305175781,24.410999298095703,185.40243530273438,73.6215591430664,438.3999938964844,51.56599807739258,133.5968475341797,33.65199661254883,23947.642578125,1851.74267578125,42.365867614746094
2022-08-11,165.26121520996094,277.1795654296875,17.8923282623291,117.71981811523438,140.63999938964844,175.9449462890625,286.6300048828125,98.12000274658203,24.270000457763672,183.55441284179688,73.26074981689453,434.8900146484375,51.09943389892578,134.3603057861328,33.86131286621094,23957.529296875,1881.22412109375,42.8217887878418
2022-08-12,168.80198669433594,281.90191650390625,18.65719985961914,120.53304290771484,143.5500030517578,178.92872619628906,300.0299987792969,100.83000183105469,24.93000030517578,186.66067504882812,75.15019226074219,445.6700134277344,52.29863357543945,137.50506591796875,34.356056213378906,24402.818359375,1957.2464599609375,45.33475875854492
2022-08-13,,,,,,,,,,,,,,,,24424.068359375,1981.3365478515625,46.485347747802734
2022-08-14,,,,,,,,,,,,,,,,24319.333984375,1936.802001953125,44.916568756103516
2022-08-15,169.87112426757812,283.408447265625,18.97930908203125,120.92927551269531,143.17999267578125,179.31533813476562,309.32000732421875,101.01000213623047,24.910999298095703,187.810791015625,75.1122055053711,451.0199890136719,52.36701583862305,138.2685089111328,34.574886322021484,24136.97265625,1904.2281494140625,43.82322311401367
2022-08-16,169.7141876220703,282.6744689941406,18.826732635498047,120.55284881591797,144.77999877929688,177.90768432617188,306.5633239746094,100.19999694824219,24.569000244140625,186.3657989501953,75.5014877319336,447.55999755859375,51.68217468261719,136.35987854003906,34.432167053222656,23883.291015625,1878.139404296875,43.15880584716797
2022-08-17,171.2050323486328,281.9293212890625,18.284236907958984,118.42311096191406,142.10000610351562,173.32791137695312,303.9966735839844,98.2699966430664,24.114999771118164,184.76348876953125,75.24514770507812,437.82000732421875,50.45862579345703,134.99655151367188,34.042083740234375,23335.998046875,1832.9996337890625,40.403053283691406
2022-08-18,170.81268310546875,280.81640625,18.721025466918945,119.03728485107422,142.3000030517578,173.13955688476562,302.8699951171875,100.44000244140625,24.517000198364258,184.73399353027344,75.31159973144531,439.0299987792969,52.31924057006836,137.58685302734375,34.44168472290039,23212.73828125,1847.0078125,39.545230865478516
2022-08-19,168.233154296875,276.9259033203125,17.799583435058594,116.10517120361328,138.22999572753906,166.49789428710938,296.6666564941406,95.94999694824219,24.115999221801758,180.644775390625,74.6849594116211,425.05999755859375,51.380496978759766,134.15127563476562,33.66151809692383,20877.552734375,1612.9873046875,35.8902587890625
2022-08-20,,,,,,,,,,,,,,,,21166.060546875,1577.0037841796875,35.26973342895508
2022-08-21,,,,,,,,,,,,,,,,21534.12109375,1619.3189697265625,36.533199310302734
2022-08-22,164.35879516601562,268.79681396484375,16.986839294433594,113.16317749023438,133.22000122070312,161.63064575195312,289.913330078125,92.83999633789062,22.65399932861328,173.97023010253906,72.59613800048828,411.3500061035156,49.5367431640625,128.7070770263672,32.19630813598633,21398.908203125,1622.505859375,35.47438049316406
2022-08-23,164.02532958984375,267.52899169921875,17.133434295654297,112.78675079345703,133.6199951171875,159.70751953125,296.4533386230469,92.48999786376953,22.454999923706055,173.0069122314453,72.54865264892578,410.4100036621094,49.63323974609375,127.89814758300781,32.30097579956055,21528.087890625,1662.7698974609375,35.6462516784668
2022-08-24,164.31956481933594,266.89990234375,17.174318313598633,112.61837005615234,133.8000030517578,161.83880615234375,297.0966796875,92.7300033569336,22.961000442504883,176.9486846923828,72.32078552246094,405.6499938964844,49.7325439453125,128.43438720703125,32.2153434753418,21395.01953125,1657.0592041015625,34.957916259765625
2022-08-25,166.7716522216797,269.86126708984375,17.863407135009766,115.55046081542969,137.27999877929688,167.3107452392578,296.07000732421875,97.18000030517578,23.398000717163086,170.9524383544922,73.00440979003906,403.92999267578125,51.539772033691406,132.9242706298828,33.195308685302734,21600.904296875,1696.45703125,35.316463470458984
2022-08-26,160.48448181152344,259.44818115234375,16.214981079101562,109.29993438720703,130.75,160.3717041015625,288.0899963378906,91.18000030517578,22.327999114990234,162.42005920410156,70.87759399414062,381.0199890136719,48.79756546020508,125.77137756347656,31.73963165283203,20260.01953125,1507.7828369140625,31.726362228393555
2022-08-27,,,,,,,,,,,,,,,,20041.73828125,1491.39501953125,31.54243278503418
2022-08-28,,,,,,,,,,,,,,,,19616.814453125,1430.54736328125,30.39228630065918
2022-08-29,158.28744506835938,256.6802673339844,15.75725269317627,108.38861846923828,129.7899932861328,157.78440856933594,284.82000732421875,88.48999786376953,22.457000732421875,157.48544311523438,70.44084167480469,375.260009765625,48.17173385620117,124.5898208618164,31.340030670166016,20297.994140625,1553.037353515625,32.46529769897461
2022-08-30,155.86477661132812,254.4931640625,15.425176620483398,107.91315460205078,128.72999572753906,155.79190063476562,277.70001220703125,86.94000244140625,22.065000534057617,156.95460510253906,70.39337158203125,375.07000732421875,47.44190979003906,122.16311645507812,30.693058013916016,19796.80859375,1523.8388671875,31.41205596923828
2022-08-31,154.20713806152344,253.04150390625,15.052207946777344,107.1999282836914,126.7699966430664,161.5116729736328,275.6099853515625,84.87000274658203,22.356000900268555,153.46498107910156,70.40286254882812,373.44000244140625,46.7598762512207,120.89266204833984,30.36957359313965,20049.763671875,1553.6849365234375,31.47295570373535
2022-09-01,154.93295288085938,252.0060272216797,13.89841365814209,108.7055892944336,127.81999969482422,163.9205322265625,277.1600036621094,82.33000183105469,23.003999710083008,150.9190216064453,71.49475860595703,370.5299987792969,46.09471130371094,118.74480438232422,30.217344284057617,20127.140625,1586.1767578125,31.585678100585938
2022-09-02,152.82415771484375,247.80592346191406,13.609217643737793,106.83341217041016,127.51000213623047,158.9243927001953,270.2099914550781,80.23999786376953,22.611000061035156,151.07632446289062,70.90608978271484,368.1400146484375,46.863868713378906,117.42865753173828,29.703575134277344,19969.771484375,1577.220458984375,31.227930068969727
2022-09-03,,,,,,,,,,,,,,,,19832.087890625,1556.8726806640625,31.10948371887207
2022-09-04,,,,,,,,,,,,,,,,19986.712890625,1577.6416015625,32.106956481933594
2022-09-05,,,,,,,,,,,,,,,,19812.37109375,1617.1832275390625,32.19464874267578
2022-09-06,151.56869506835938,245.08648681640625,13.42772102355957,105.80319213867188,126.11000061035156,157.15988159179688,274.4200134277344,78.72000122070312,21.839000701904297,149.13980102539062,70.09904479980469,368.29998779296875,46.674617767333984,115.77434539794922,28.885347366333008,18837.66796875,1561.74853515625,30.891742706298828
2022-09-07,152.9713134765625,249.77047729492188,13.680096626281738,108.41831970214844,129.47999572753906,158.99378967285156,283.70001220703125,79.61000061035156,22.895999908447266,150.6732940673828,70.72570037841797,379.7200012207031,47.32387161254883,117.53836059570312,29.16126251220703,19290.32421875,1629.9063720703125,32.71091842651367
2022-09-08,151.50003051757812,250.1865997314453,13.955414772033691,107.35840606689453,129.82000732421875,160.6492462158203,289.260009765625,82.77999877929688,22.743999481201172,154.23170471191406,70.87759399414062,383.6300048828125,47.9609375,117.76683807373047,29.256404876708984,19329.833984375,1635.34765625,33.608646392822266
2022-09-09,154.3542938232422,255.93515014648438,14.351432800292969,109.60701751708984,133.27000427246094,167.67750549316406,299.67999267578125,85.44999694824219,23.35700035095215,159.82493591308594,72.07392883300781,394.7799987792969,48.94184112548828,120.69160461425781,29.931917190551758,21381.15234375,1719.08544921875,34.73976516723633
2022-09-10,,,,,,,,,,,,,,,,21680.5390625,1776.2037353515625,35.12672805786133
2022-09-11,,,,,,,,,,,,,,,,21769.255859375,1761.800048828125,34.96596145629883
2022-09-12,160.29815673828125,258.0545654296875,14.46914005279541,109.8150405883789,136.4499969482422,167.4892120361328,304.4200134277344,84.63999938964844,23.652999877929688,162.81326293945312,73.18480682373047,396.3599853515625,49.56578063964844,121.55987548828125,30.027061462402344,22370.44921875,1713.7652587890625,37.4241828918457
2022-09-13,150.89187622070312,243.8671112060547,13.098535537719727,103.33668518066406,126.81999969482422,151.79698181152344,292.1300048828125,77.02999877929688,21.812999725341797,155.41131591796875,72.19734954833984,368.3900146484375,47.18521499633789,114.18402099609375,27.867319107055664,20296.70703125,1580.7879638671875,33.430816650390625
2022-09-14,152.33375549316406,244.08970642089844,13.095542907714844,104.01026153564453,128.5500030517578,150.1514434814453,302.6099853515625,77.44999694824219,22.41200065612793,157.5542449951172,68.4754409790039,371.5199890136719,47.85039138793945,116.56037902832031,27.762662887573242,20241.08984375,1634.7550048828125,34.09157180786133
2022-09-15,149.45008850097656,237.4701690673828,12.8970365524292,101.93997955322266,126.27999877929688,148.2481689453125,303.75,76.66000366210938,23.538000106811523,152.14776611328125,66.6904525756836,309.1300048828125,46.85637664794922,114.22972869873047,27.439176559448242,19701.2109375,1471.6934814453125,33.04768371582031
2022-09-16,147.81207275390625,236.850830078125,13.16537094116211,101.83100891113281,123.52999877929688,145.0165252685547,303.3500061035156,76.51000213623047,24.01300048828125,148.93338012695312,65.35169982910156,299.5,47.07747268676758,114.2022933959961,27.819746017456055,19772.583984375,1432.44775390625,32.208858489990234
2022-09-17,,,,,,,,,,,,,,,,20127.576171875,1469.74169921875,33.75077819824219
2022-09-18,,,,,,,,,,,,,,,,19419.505859375,1335.3291015625,31.05985450744629
2022-09-19,151.5196533203125,236.63790893554688,13.348916053771973,102.09846496582031,124.66000366210938,146.73146057128906,309.07000732421875,76.7699966430664,24.363000869750977,150.23094177246094,65.57958221435547,296.05999755859375,47.0156364440918,115.75607299804688,28.010032653808594,19544.12890625,1377.5413818359375,32.685302734375
2022-09-20,153.89328002929688,234.63462829589844,13.143424987792969,100.1866455078125,122.19000244140625,144.81826782226562,308.7300109863281,75.25,24.28499984741211,147.25247192382812,64.66808319091797,291.05999755859375,46.19307327270508,114.03777313232422,27.553346633911133,18890.7890625,1324.38818359375,31.433040618896484
2022-09-21,150.77420043945312,231.2474365234375,13.228216171264648,98.34419250488281,118.54000091552734,140.88282775878906,300.79998779296875,74.4800033569336,23.687000274658203,145.11936950683594,63.37681579589844,286.29998779296875,45.548770904541016,113.90069580078125,27.087146759033203,18547.400390625,1252.6077880859375,30.826377868652344
2022-09-22,149.8130340576172,233.21197509765625,12.529948234558105,99.19607543945312,117.30999755859375,141.5767364501953,288.5899963378906,69.5,23.704999923706055,147.5965118408203,62.69320297241211,287.05999755859375,45.120819091796875,113.04154205322266,26.706579208374023,19413.55078125,1327.68017578125,32.408905029296875
2022-09-23,147.54725646972656,230.25067138671875,12.48505973815918,97.80927276611328,113.77999877929688,139.18768310546875,275.3299865722656,67.95999908447266,22.641000747680664,144.50990295410156,61.287994384765625,284.55999755859375,44.277191162109375,110.76571655273438,26.18329429626465,19297.638671875,1328.259521484375,33.6766357421875
2022-09-24,,,,,,,,,,,,,,,,18937.01171875,1317.9932861328125,33.462650299072266
2022-09-25,,,,,,,,,,,,,,,,18802.09765625,1294.216796875,32.33536148071289
2022-09-26,147.88076782226562,229.79579162597656,12.197769165039062,97.24464416503906,115.1500015258789,135.182861328125,276.010009765625,66.30000305175781,22.406999588012695,143.83163452148438,60.24358367919922,276.9599914550781,43.67067337036133,109.4404525756836,25.66000747680664,19222.671875,1335.3201904296875,33.88055419921875
2022-09-27,148.8517608642578,228.78932189941406,12.382312774658203,96.58096313476562,114.41000366210938,133.23004150390625,282.94000244140625,67.16999816894531,22.43600082397461,146.35792541503906,59.265628814697266,277.57000732421875,43.90591049194336,109.98883056640625,25.583890914916992,19110.546875,1330.127685546875,32.75012969970703
2022-09-28,146.96856689453125,233.29917907714844,12.70451545715332,99.10691833496094,118.01000213623047,140.37728881835938,287.80999755859375,68.36000061035156,24.520000457763672,147.6161651611328,59.882781982421875,281.3999938964844,44.02022933959961,108.70012664794922,25.81223487854004,19426.720703125,1337.410888671875,33.23543930053711
2022-09-29,139.74960327148438,229.84417724609375,12.189788818359375,96.50171661376953,114.80000305175781,135.22256469726562,268.2099914550781,64.13999938964844,23.97100067138672,144.31329345703125,58.297183990478516,278.25,42.52471923828125,104.9619140625,25.098663330078125,19573.05078125,1335.65234375,33.952449798583984
2022-09-30,135.55160522460938,225.39247131347656,12.108988761901855,94.74839782714844,113.0,134.49888610839844,265.25,63.36000061035156,23.54400062561035,141.39378356933594,57.98385238647461,275.20001220703125,41.94655227661133,103.26192474365234,24.518293380737305,19431.7890625,1327.9786376953125,33.21244430541992
2022-10-01,,,,,,,,,,,,,,,,19312.095703125,1311.6444091796875,32.46939468383789
2022-10-02,,,,,,,,,,,,,,,,19044.107421875,1276.093505859375,32.05569839477539
2022-10-03,139.7201690673828,232.97976684570312,12.481066703796387,97.710205078125,115.87999725341797,137.40338134765625,242.39999389648438,66.11000061035156,23.90399932861328,145.384765625,59.89228439331055,285.239990234375,43.15297317504883,107.13720703125,25.66000747680664,19623.580078125,1323.439208984375,32.967620849609375
2022-10-04,143.3002471923828,240.85736083984375,13.134448051452637,100.68195343017578,121.08999633789062,139.058837890625,249.44000244140625,67.9000015258789,24.073999404907227,153.0816192626953,62.370384216308594,294.9700012207031,45.333377838134766,111.84423828125,26.354551315307617,20336.84375,1362.1265869140625,34.12247085571289
2022-10-05,143.594482421875,241.16702270507812,13.17634391784668,100.47392272949219,120.94999694824219,137.77015686035156,240.80999755859375,67.94000244140625,23.67300033569336,153.57308959960938,63.27238082885742,297.3800048828125,45.80007553100586,114.14745330810547,26.297460556030273,20160.716796875,1352.837158203125,34.073883056640625
2022-10-06,142.64305114746094,238.834716796875,13.097537994384766,100.4640121459961,120.30000305175781,137.859375,238.1300048828125,67.8499984741211,24.00200080871582,152.8162078857422,62.00008773803711,298.4100036621094,45.29936981201172,114.50391387939453,25.859806060791016,19955.443359375,1351.70947265625,33.34281921386719
2022-10-07,137.40542602539062,226.6892852783203,12.046146392822266,97.74984741210938,114.55999755859375,132.28829956054688,223.07000732421875,58.439998626708984,22.475000381469727,147.734130859375,60.091670989990234,288.7699890136719,43.50250244140625,110.50981140136719,24.470722198486328,19546.849609375,1332.5169677734375,33.00146484375
2022-10-08,,,,,,,,,,,,,,,,19416.568359375,1315.50048828125,32.57793426513672
2022-10-09,,,,,,,,,,,,,,,,19446.42578125,1322.604248046875,32.913883209228516
2022-10-10,137.72909545898438,221.86012268066406,11.64114761352539,96.93757629394531,113.66999816894531,132.6253204345703,222.9600067138672,57.810001373291016,22.99799919128418,143.1632080078125,59.408058166503906,285.7200012207031,41.35043716430664,104.7425537109375,23.975982666015625,19141.484375,1291.337646484375,31.970834732055664
2022-10-11,136.31668090820312,218.14390563964844,11.557356834411621,96.26398468017578,112.20999908447266,127.42103576660156,216.5,57.630001068115234,21.429000854492188,140.14541625976562,59.56074523925781,284.8299865722656,40.69479751586914,100.56565856933594,23.82375144958496,19051.41796875,1279.57568359375,30.77686882019043
2022-10-12,135.68894958496094,218.47296142578125,11.471570014953613,96.6404037475586,112.9000015258789,126.39008331298828,217.24000549316406,57.849998474121094,22.086999893188477,139.87017822265625,60.86819839477539,286.1499938964844,40.67685317993164,99.29521179199219,24.099666595458984,19157.4453125,1294.9063720703125,31.165485382080078
2022-10-13,140.24984741210938,226.6892852783203,11.930431365966797,98.12625122070312,112.52999877929688,129.15579223632812,221.72000122070312,58.939998626708984,23.250999450683594,142.96656799316406,62.223365783691406,294.739990234375,41.375946044921875,103.15223693847656,25.136720657348633,19382.904296875,1288.1239013671875,30.544519424438477
2022-10-14,135.7281951904297,221.19236755371094,11.19924545288086,95.64982604980469,106.9000015258789,125.65653228759766,204.99000549316406,55.939998626708984,23.0,139.80137634277344,61.374000549316406,287.94000244140625,40.349029541015625,100.49254608154297,24.651493072509766,19185.65625,1297.422119140625,30.007417678833008
2022-10-15,,,,,,,,,,,,,,,,19067.634765625,1274.8717041015625,29.575347900390625
2022-10-16,,,,,,,,,,,,,,,,19268.09375,1306.296630859375,30.168840408325195
2022-10-17,139.68093872070312,229.8732452392578,11.858610153198242,99.02767944335938,113.79000091552734,132.87318420410156,219.35000610351562,57.959999084472656,24.510000228881836,144.67703247070312,63.96027374267578,293.5,41.130313873291016,101.99147033691406,25.136720657348633,19550.7578125,1331.713623046875,31.224876403808594
2022-10-18,140.9952850341797,230.8119659423828,11.93741512298584,99.82015228271484,116.36000061035156,131.6439666748047,220.19000244140625,57.91999816894531,24.086000442504883,150.9190216064453,63.9698371887207,292.9800109863281,41.07929992675781,101.64415740966797,24.613435745239258,19334.416015625,1310.447021484375,30.164331436157227
2022-10-19,141.10316467285156,228.8571014404297,12.02120590209961,98.69087982177734,115.06999969482422,132.0701904296875,222.0399932861328,57.22999954223633,27.238000869750977,151.05665588378906,63.27315902709961,299.8299865722656,41.123695373535156,103.14309692382812,24.737119674682617,19139.53515625,1285.7442626953125,28.900798797607422
2022-10-20,140.64215087890625,228.53768920898438,12.16385269165039,99.02767944335938,115.25,130.385009765625,207.27999877929688,57.77000045776367,26.81599998474121,154.82151794433594,66.0884780883789,302.3800048828125,40.65134048461914,102.34793090820312,24.813234329223633,19053.740234375,1283.200927734375,28.08509635925293
2022-10-21,144.44786071777344,234.3152313232422,12.4351806640625,100.17675018310547,119.31999969482422,128.87823486328125,214.44000244140625,58.81999969482422,28.957000732421875,157.44610595703125,69.38097381591797,306.3699951171875,42.48693084716797,105.78451538085938,25.66000747680664,19172.46875,1299.9464111328125,28.10867691040039
2022-10-22,,,,,,,,,,,,,,,,19208.189453125,1314.2991943359375,28.01386260986328
2022-10-23,,,,,,,,,,,,,,,,19567.0078125,1363.447021484375,29.270071029663086
2022-10-24,146.5860137939453,239.2799072265625,12.567852973937988,101.55364990234375,119.81999969482422,128.59078979492188,211.25,58.70000076293945,28.2450008392334,157.91793823242188,69.5909194946289,316.2200012207031,43.128395080566406,106.36943817138672,25.859806060791016,19345.572265625,1344.99853515625,28.3100643157959
2022-10-25,149.4207000732422,242.57997131347656,13.228216171264648,103.49518585205078,120.5999984741211,136.3129425048828,222.4199981689453,61.470001220703125,29.101999282836914,162.45938110351562,69.80089569091797,323.7900085449219,43.463775634765625,108.91947937011719,26.078636169433594,20095.857421875,1461.6654052734375,30.93997573852539
2022-10-26,146.4879608154297,223.86341857910156,12.864117622375488,94.03518676757812,115.66000366210938,128.68991088867188,224.63999938964844,59.72999954223633,29.86199951171875,157.19053649902344,71.4041976928711,320.4800109863281,43.568634033203125,107.95063781738281,25.888351440429688,20770.44140625,1566.566650390625,31.28472137451172
2022-10-27,142.02516174316406,219.4407196044922,13.143424987792969,91.3507308959961,110.95999908447266,97.0874252319336,225.08999633789062,58.599998474121094,29.694000244140625,157.0332489013672,71.71910858154297,318.6499938964844,43.02259826660156,104.83395385742188,24.994009017944336,20285.8359375,1514.3748779296875,30.630624771118164
2022-10-28,152.75546264648438,228.2667236328125,13.799798965454102,95.38237762451172,103.41000366210938,98.3364486694336,228.52000427246094,62.0099983215332,29.57200050354004,160.24761962890625,73.82823944091797,325.67999267578125,44.67584991455078,108.9560317993164,27.658002853393555,20595.3515625,1555.4779052734375,32.111263275146484
2022-10-29,,,,,,,,,,,,,,,,20818.4765625,1619.698486328125,32.85712814331055
2022-10-30,,,,,,,,,,,,,,,,20635.603515625,1590.7833251953125,32.9659309387207
2022-10-31,150.4014892578125,224.6472930908203,13.463631629943848,93.619140625,102.44000244140625,92.34904479980469,227.5399932861328,60.060001373291016,29.187999725341797,159.82493591308594,74.50581359863281,318.5,44.41322326660156,107.53936004638672,27.04909324645996,20495.7734375,1572.7144775390625,32.61103820800781
2022-11-01,147.76304626464844,220.81491088867188,13.509517669677734,89.61722564697266,96.79000091552734,94.37127685546875,227.82000732421875,59.65999984741211,28.674999237060547,157.10206604003906,73.58963012695312,316.0199890136719,44.203487396240234,107.23773193359375,26.92540740966797,20485.2734375,1579.70458984375,32.2484245300293
2022-11-02,142.250732421875,213.00509643554688,13.186319351196289,86.15023040771484,92.12000274658203,89.7518310546875,214.97999572753906,58.630001068115234,27.299999237060547,147.45889282226562,71.69049835205078,301.2200012207031,43.08211135864258,102.82321166992188,26.088151931762695,20159.50390625,1519.7117919921875,30.788076400756836
2022-11-03,136.21859741210938,207.34364318847656,13.38782024383545,82.64360046386719,89.30000305175781,88.13603210449219,215.30999755859375,60.11000061035156,26.9060001373291,143.8414764404297,71.6045913696289,285.92999267578125,41.95695114135742,94.94464111328125,26.059606552124023,20209.98828125,1531.541748046875,30.84387969970703
2022-11-04,135.95333862304688,214.2534637451172,14.121003150939941,85.76390838623047,90.9800033569336,89.99964904785156,207.47000122070312,62.189998626708984,26.07900047302246,137.39303588867188,72.53031158447266,285.75,43.95786666870117,97.51294708251953,27.1926326751709,21147.23046875,1645.0933837890625,33.780853271484375
2022-11-05,,,,,,,,,,,,,,,,21282.69140625,1627.968017578125,36.76576232910156
2022-11-06,,,,,,,,,,,,,,,,20926.486328125,1572.2347412109375,32.6835823059082
2022-11-07,136.48387145996094,220.52462768554688,14.265645027160645,87.65589141845703,90.52999877929688,95.87803649902344,197.0800018310547,63.08000183105469,25.860000610351562,142.1310577392578,73.23651885986328,299.5400085449219,44.89502716064453,100.62049102783203,27.395132064819336,20602.81640625,1568.59130859375,29.60134506225586
2022-11-08,137.05368041992188,221.49240112304688,14.565899848937988,88.06204223632812,89.9800033569336,95.6302261352539,191.3000030517578,63.849998474121094,26.34600067138672,144.598388671875,72.1867446899414,302.1700134277344,45.54594039916992,102.85974884033203,27.46263313293457,18541.271484375,1332.8355712890625,24.152936935424805
2022-11-09,132.50486755371094,217.2729034423828,13.741941452026367,86.4969253540039,86.13999938964844,100.58668518066406,177.58999633789062,59.91999816894531,25.465999603271484,139.64410400390625,72.2058334350586,298.8699951171875,44.35182189941406,100.93126678466797,26.536924362182617,15880.7802734375,1100.1697998046875,13.94085693359375
2022-11-10,144.29443359375,235.14752197265625,15.711063385009766,93.05452728271484,96.62999725341797,110.89615631103516,190.72000122070312,68.47000122070312,27.496999740600586,153.64193725585938,73.64690399169922,329.95001220703125,47.85673141479492,110.29959106445312,28.696908950805664,17586.771484375,1299.464599609375,17.681407928466797
2022-11-11,147.07484436035156,239.14442443847656,16.286636352539062,95.50125122070312,100.79000091552734,112.03614807128906,195.97000122070312,72.37000274658203,29.01300048828125,155.04759216308594,74.19087982177734,341.1499938964844,48.945045471191406,110.98506927490234,29.342971801757812,17034.29296875,1287.2210693359375,16.326745986938477
2022-11-12,,,,,,,,,,,,,,,,16799.185546875,1255.268310546875,14.53900146484375
2022-11-13,,,,,,,,,,,,,,,,16353.365234375,1221.8192138671875,13.164528846740723
2022-11-14,145.67971801757812,233.7636260986328,16.254714965820312,94.79792785644531,98.48999786376953,113.22570037841797,190.9499969482422,73.52999877929688,29.927000045776367,155.9617919921875,74.9448013305664,340.3699951171875,48.48496627807617,110.40927124023438,29.265830993652344,16618.19921875,1241.604248046875,14.00135612487793
2022-11-15,147.4088592529297,234.1701202392578,16.62479591369629,97.51210021972656,98.94000244140625,116.060791015625,194.4199981689453,76.37000274658203,31.020000457763672,159.31381225585938,75.56513214111328,345.9599914550781,49.543067932128906,115.18024444580078,29.61296844482422,16884.61328125,1251.7362060546875,14.301294326782227
2022-11-16,146.18077087402344,234.5971221923828,15.87066650390625,97.91824340820312,97.12000274658203,112.24432373046875,186.9199981689453,72.69999694824219,30.601999282836914,152.4819793701172,76.24272155761719,338.4100036621094,48.344215393066406,110.34529113769531,28.475122451782227,16669.439453125,1215.6025390625,14.285508155822754
2022-11-17,148.07691955566406,234.54856872558594,15.638243675231934,97.432861328125,94.8499984741211,110.47980499267578,183.1699981689453,73.9000015258789,29.527999877929688,147.14431762695312,75.58421325683594,337.8299865722656,48.38010787963867,112.29208374023438,28.822263717651367,16687.517578125,1200.80859375,13.638734817504883
2022-11-18,148.63694763183594,234.1021728515625,15.370905876159668,96.5116195678711,94.13999938964844,111.07461547851562,180.19000244140625,73.56999969482422,28.79800033569336,145.5224151611328,76.09002685546875,330.8599853515625,48.668243408203125,113.19691467285156,28.802978515625,16697.77734375,1212.30029296875,13.247496604919434
2022-11-19,,,,,,,,,,,,,,,,16711.546875,1218.4267578125,12.851014137268066
2022-11-20,,,,,,,,,,,,,,,,16291.83203125,1142.4666748046875,12.252833366394043
2022-11-21,145.41445922851562,234.9076690673828,15.279133796691895,94.69886779785156,92.45999908447266,108.90364837646484,167.8699951171875,72.45999908447266,28.5049991607666,142.38665771484375,76.17591094970703,321.489990234375,48.88364028930664,109.86087799072266,27.906198501586914,15787.2841796875,1108.35302734375,11.846208572387695
2022-11-22,147.54640197753906,237.7997283935547,15.998347282409668,96.13520812988281,93.19999694824219,110.46990203857422,169.91000366210938,75.25,28.66900062561035,146.7117919921875,78.37091827392578,330.8800048828125,50.07494354248047,113.01412200927734,28.754762649536133,16189.76953125,1135.1734619140625,12.435625076293945
2022-11-23,148.42080688476562,240.27450561523438,16.47816276550293,97.53192138671875,94.12999725341797,111.26294708251953,183.1999969482422,76.4000015258789,29.149999618530273,149.65098571777344,78.79082489013672,335.7799987792969,50.414093017578125,114.38509368896484,28.61012077331543,16610.70703125,1183.1995849609375,14.35151195526123
2022-11-24,,,,,,,,,,,,,,,,16604.46484375,1203.983154296875,14.582350730895996
2022-11-25,145.51271057128906,240.1871337890625,16.229774475097656,96.54135131835938,93.41000366210938,110.4401626586914,182.86000061035156,75.13999938964844,28.554000854492188,150.7421112060547,78.94352722167969,334.29998779296875,50.061710357666016,112.8313217163086,28.291912078857422,16521.841796875,1198.9259033203125,14.063138008117676
2022-11-26,,,,,,,,,,,,,,,,16464.28125,1205.89794921875,14.159193992614746
2022-11-27,,,,,,,,,,,,,,,,16444.626953125,1195.126953125,14.115766525268555
2022-11-28,141.69094848632812,234.62619018554688,15.787869453430176,95.14463806152344,93.94999694824219,107.83305358886719,182.9199981689453,73.19000244140625,28.117000579833984,151.07632446289062,77.67424011230469,328.9700012207031,49.33427810668945,109.25764465332031,27.70370101928711,16217.322265625,1170.086181640625,13.404518127441406
2022-11-29,138.69439697265625,233.23841857910156,15.600335121154785,94.2927474975586,92.41999816894531,108.50713348388672,180.8300018310547,73.38999938964844,28.09600067138672,149.10047912597656,77.15888214111328,326.7799987792969,49.256813049316406,108.1974105834961,27.86762809753418,16444.982421875,1216.9012451171875,13.369733810424805
2022-11-30,145.43408203125,247.61143493652344,16.885478973388672,100.03807830810547,96.54000091552734,117.0719223022461,194.6999969482422,77.62999725341797,30.55299949645996,157.52474975585938,79.23934936523438,344.92999267578125,52.05696105957031,116.34695434570312,28.995830535888672,17168.56640625,1295.6885986328125,14.115445137023926
2022-12-01,145.70921325683594,247.17471313476562,17.097009658813477,100.03807830810547,95.5,119.39154815673828,194.6999969482422,77.4800033569336,31.69499969482422,144.5000762939453,80.27006530761719,344.1099853515625,52.03050231933594,116.64131164550781,28.764406204223633,16967.1328125,1276.27392578125,13.480968475341797
2022-12-02,145.2179718017578,247.49496459960938,16.838586807250977,99.49325561523438,94.12999725341797,122.41500091552734,194.86000061035156,74.9800033569336,32.04100036621094,142.10157775878906,79.54474639892578,341.5299987792969,51.09050750732422,115.58350372314453,28.35940933227539,17088.66015625,1294.3033447265625,13.7156400680542
2022-12-03,,,,,,,,,,,,,,,,16908.236328125,1243.3348388671875,13.302457809448242
2022-12-04,,,,,,,,,,,,,,,,17130.486328125,1280.256591796875,13.718218803405762
2022-12-05,144.05868530273438,242.8171844482422,16.57317543029785,98.54232025146484,91.01000213623047,121.36422729492188,182.4499969482422,73.62000274658203,31.259000778198242,131.65235900878906,75.80371856689453,334.0899963378906,50.13066864013672,113.41276550292969,28.12798309326172,16974.826171875,1259.6767578125,13.8311128616333
2022-12-06,140.40390014648438,237.88706970214844,15.951556205749512,96.06587219238281,88.25,113.12657165527344,179.82000732421875,70.2699966430664,30.555999755859375,131.0035858154297,75.30746459960938,331.1499938964844,49.67531967163086,110.17501068115234,27.57834243774414,17089.50390625,1271.65380859375,14.288854598999023
2022-12-07,138.46847534179688,237.1592254638672,16.084259033203125,94.04508972167969,88.45999908447266,112.93822479248047,174.0399932861328,70.13999938964844,30.841999053955078,128.26101684570312,75.18339538574219,326.67999267578125,48.98378372192383,108.73091888427734,27.317989349365234,16848.126953125,1232.4375,13.5196533203125
2022-12-08,140.1484375,240.0997772216797,17.13093376159668,92.82667541503906,90.3499984741211,114.32603454589844,173.44000244140625,70.47000122070312,31.025999069213867,127.91699981689453,76.41450500488281,332.5799865722656,50.1722412109375,111.98705291748047,27.424060821533203,17233.474609375,1281.1163330078125,13.68922233581543
2022-12-09,139.6670379638672,238.17820739746094,16.96330451965332,91.95499420166016,89.08999633789062,114.89107513427734,179.0500030517578,68.58999633789062,32.000999450683594,128.88031005859375,76.2140884399414,330.6400146484375,51.46083450317383,109.50357818603516,27.231204986572266,17133.15234375,1264.2847900390625,13.580187797546387
2022-12-10,,,,,,,,,,,,,,,,17128.724609375,1266.3841552734375,13.576995849609375
2022-12-11,,,,,,,,,,,,,,,,17104.193359375,1263.8685302734375,13.427809715270996
2022-12-12,141.95619201660156,245.0590057373047,17.496122360229492,92.43045043945312,90.55000305175781,113.71144104003906,167.82000732421875,70.66999816894531,31.51799964904785,130.8463134765625,77.56925964355469,338.1700134277344,52.585994720458984,111.49034881591797,27.665130615234375,17206.4375,1274.6190185546875,13.318544387817383
2022-12-13,142.9190216064453,249.33892822265625,18.031932830810547,94.72858428955078,92.48999786376953,119.10408020019531,160.9499969482422,71.6500015258789,32.034000396728516,133.31358337402344,76.88214111328125,342.4599914550781,53.94734573364258,113.5875244140625,27.70370101928711,17781.318359375,1320.5491943359375,13.833986282348633
2022-12-14,140.6986541748047,249.6300506591797,17.634817123413086,94.17385864257812,91.58000183105469,120.53153991699219,156.8000030517578,68.93000030517578,31.783000946044922,132.45840454101562,78.0846176147461,339.9200134277344,54.2685432434082,111.95025634765625,27.250492095947266,17815.650390625,1309.3287353515625,14.140525817871094
2022-12-15,134.10633850097656,241.66232299804688,16.91441535949707,90.0035629272461,88.44999694824219,115.13888549804688,157.6699981689453,66.52999877929688,29.041000366210938,128.22171020507812,76.41450500488281,328.7099914550781,52.715431213378906,107.28681182861328,26.18014144897461,17364.865234375,1266.3538818359375,14.02151107788086
2022-12-16,132.1511993408203,237.4697723388672,16.534263610839844,89.40921020507812,87.86000061035156,118.39035034179688,150.22999572753906,65.41000366210938,29.070999145507812,126.08861541748047,75.9468765258789,338.5400085449219,52.517982482910156,105.34600067138672,25.958358764648438,16647.484375,1168.2593994140625,12.266606330871582
2022-12-17,,,,,,,,,,,,,,,,16795.091796875,1188.1495361328125,12.504404067993164
2022-12-18,,,,,,,,,,,,,,,,16757.9765625,1184.7152099609375,12.41312026977539
2022-12-19,130.0487060546875,233.35487365722656,16.21796226501465,87.60636138916016,84.91999816894531,113.48343658447266,149.8699951171875,64.58999633789062,28.829999923706055,126.81600189208984,76.82486724853516,328.760009765625,52.35795211791992,103.5799789428711,25.83300018310547,16439.6796875,1167.60986328125,11.932655334472656
2022-12-20,129.97996520996094,234.6650848388672,16.049335479736328,88.180908203125,85.19000244140625,116.07070922851562,137.8000030517578,65.05000305175781,28.819000244140625,126.26553344726562,77.2447738647461,338.2200012207031,51.82353973388672,103.11087036132812,25.49550437927246,16906.3046875,1217.70361328125,12.28051471710205
2022-12-21,133.07469177246094,237.21743774414062,16.46441650390625,88.7356185913086,86.7699966430664,118.71747589111328,137.57000732421875,67.68000030517578,29.79599952697754,128.0840606689453,77.77922821044922,341.3800048828125,53.46297073364258,105.40119934082031,25.871572494506836,16817.53515625,1213.5999755859375,12.128985404968262
2022-12-22,129.9111785888672,231.16159057617188,15.304993629455566,86.93276977539062,83.79000091552734,116.1004638671875,125.3499984741211,63.86000061035156,29.774999618530273,126.99296569824219,76.81532287597656,336.5199890136719,52.68754196166992,101.80474090576172,25.042295455932617,16830.341796875,1218.18212890625,11.794829368591309
2022-12-23,129.54766845703125,231.68560791015625,15.172287940979004,88.38892364501953,85.25,117.01244354248047,123.1500015258789,64.5199966430664,29.496000289916992,127.23871612548828,77.15888214111328,338.45001220703125,52.62467575073242,101.95189666748047,25.15800666809082,16796.953125,1220.159423828125,11.786166191101074
2022-12-24,,,,,,,,,,,,,,,,16847.755859375,1221.1485595703125,11.444275856018066
2022-12-25,,,,,,,,,,,,,,,,16841.986328125,1218.9620361328125,11.387903213500977
2022-12-26,,,,,,,,,,,,,,,,16919.8046875,1226.974365234375,11.306611061096191
2022-12-27,127.74978637695312,229.9678955078125,14.089695930480957,86.5662612915039,83.04000091552734,115.86254119873047,109.0999984741211,63.27000045776367,28.41699981689453,128.43795776367188,77.28297424316406,335.0899963378906,52.730411529541016,100.68255615234375,25.013362884521484,16717.173828125,1212.7916259765625,11.085430145263672
2022-12-28,123.82972717285156,227.6095733642578,14.0048828125,85.20915222167969,81.81999969482422,114.61351776123047,112.70999908447266,62.56999969482422,27.687999725341797,126.28520965576172,76.66264343261719,328.3299865722656,51.90641403198242,98.39222717285156,24.627656936645508,16552.572265625,1189.986083984375,9.755906105041504
2022-12-29,127.3371353149414,233.8983612060547,14.570623397827148,87.61625671386719,84.18000030517578,119.21311950683594,121.81999969482422,64.81999969482422,29.11199951171875,130.28599548339844,77.68378448486328,337.5799865722656,53.137176513671875,101.03208923339844,25.273717880249023,16642.341796875,1201.5953369140625,9.651782989501953
2022-12-30,127.65149688720703,232.74346923828125,14.581599235534668,87.39835357666016,84.0,119.29241180419922,123.18000030517578,64.7699966430664,29.488000869750977,130.33514404296875,78.00825500488281,336.5299987792969,53.26292037963867,101.12407684326172,25.48586082458496,16602.5859375,1199.2327880859375,9.880176544189453
2022-12-31,,,,,,,,,,,,,,,,16547.49609375,1196.771240234375,9.961038589477539
2023-01-01,,,,,,,,,,,,,,,,16625.080078125,1200.96484375,9.982172966003418
2023-01-02,,,,,,,,,,,,,,,,16688.470703125,1214.6566162109375,11.272967338562012
2023-01-03,122.87673950195312,232.5105743408203,14.283262252807617,88.27996063232422,85.81999969482422,123.65412139892578,108.0999984741211,64.0199966430664,29.4950008392334,132.48793029785156,79.89787292480469,336.9200134277344,52.72469711303711,98.60379028320312,25.775144577026367,16679.857421875,1214.77880859375,13.344045639038086
2023-01-04,124.14413452148438,222.33978271484375,14.716300964355469,87.24976348876953,85.13999938964844,126.26122283935547,113.63999938964844,64.66000366210938,30.94099998474121,137.21607971191406,80.6231689453125,341.4100036621094,53.36865234375,102.58657836914062,26.691207885742188,16863.23828125,1256.526611328125,13.435112953186035
2023-01-05,122.8276138305664,215.7501678466797,14.233373641967773,85.3874740600586,83.12000274658203,125.83496856689453,110.33999633789062,62.33000183105469,30.969999313354492,134.0213623046875,80.4609375,328.44000244140625,52.87139892578125,100.62738800048828,26.575496673583984,16836.736328125,1250.4385986328125,13.419329643249512
2023-01-06,127.34696197509766,218.2928466796875,14.826057434082031,86.5167236328125,86.08000183105469,128.88816833496094,113.05999755859375,63.959999084472656,31.55500030517578,138.1204376220703,81.74931335449219,332.75,56.054046630859375,106.091064453125,27.70370101928711,16951.96875,1269.3790283203125,13.52584171295166
2023-01-07,,,,,,,,,,,,,,,,16955.078125,1264.2703857421875,13.092267990112305
2023-01-08,,,,,,,,,,,,,,,,17091.14453125,1287.3594970703125,14.31993293762207
2023-01-09,127.86764526367188,220.418212890625,15.593351364135742,87.19032287597656,87.36000061035156,128.3429412841797,119.7699966430664,67.23999786376953,31.517000198364258,144.598388671875,82.78385925292969,341.9800109863281,54.95473861694336,105.41959381103516,28.262983322143555,17196.5546875,1321.5389404296875,16.30246353149414
2023-01-10,128.43746948242188,222.09718322753906,15.873729705810547,87.58654022216797,89.87000274658203,131.8323211669922,118.8499984741211,68.05000305175781,32.75400161743164,144.93258666992188,82.86050415039062,338.70001220703125,54.768028259277344,107.5351791381836,28.388336181640625,17446.29296875,1336.5860595703125,16.19672393798828
2023-01-11,131.14910888671875,228.81297302246094,15.965523719787598,90.65734100341797,95.08999633789062,131.73316955566406,123.22000122070312,69.05999755859375,32.72600173950195,142.435791015625,84.87213134765625,342.92999267578125,55.07381820678711,108.89649200439453,28.783693313598633,17934.896484375,1387.9327392578125,16.35941505432129
2023-01-12,131.0705108642578,231.47213745117188,16.474393844604492,90.27099609375,95.2699966430664,135.51992797851562,123.55999755859375,70.80000305175781,33.01300048828125,147.0558624267578,85.0445556640625,344.5400085449219,55.43581008911133,111.83988189697266,29.207975387573242,18869.587890625,1417.9384765625,16.619043350219727
2023-01-13,132.3968048095703,232.17088317871094,16.86153221130371,91.25167846679688,98.12000274658203,135.78758239746094,122.4000015258789,71.0,33.28200149536133,146.96739196777344,85.44689178466797,344.3800048828125,55.15574264526367,110.59814453125,29.03440284729004,19909.57421875,1451.6148681640625,18.28844451904297
2023-01-14,,,,,,,,,,,,,,,,20976.298828125,1550.7069091796875,24.24945831298828
2023-01-15,,,,,,,,,,,,,,,,20880.798828125,1552.4794921875,22.873306274414062
2023-01-16,,,,,,,,,,,,,,,,21169.6328125,1576.83349609375,23.577564239501953
2023-01-17,133.5561065673828,233.25784301757812,17.662755966186523,90.42950439453125,96.05000305175781,134.18165588378906,131.49000549316406,71.58999633789062,32.62200164794922,145.945068359375,84.87213134765625,344.3800048828125,55.17860412597656,110.63492584228516,28.54262351989746,21161.51953125,1567.8460693359375,22.884063720703125
2023-01-18,132.83892822265625,228.85177612304688,17.338478088378906,90.26111602783203,95.45999908447266,131.862060546875,128.77999877929688,70.52999877929688,32.632999420166016,142.9763946533203,83.0616455078125,341.30999755859375,54.707069396972656,112.25379943847656,27.78084373474121,20688.78125,1515.5069580078125,20.85063362121582
2023-01-19,132.89785766601562,225.0862579345703,16.727827072143555,92.17291259765625,93.68000030517578,134.9647674560547,127.16999816894531,67.70999908447266,31.577999114990234,143.92013549804688,82.32406616210938,342.5299987792969,53.65253829956055,108.15143585205078,27.404773712158203,21086.79296875,1552.5565185546875,21.42676544189453
2023-01-20,135.4522705078125,233.1316680908203,17.79945182800293,97.09605407714844,97.25,138.15673828125,133.4199981689453,70.06999969482422,34.25,148.6778106689453,83.57891845703125,356.3800048828125,54.372703552246094,113.04483032226562,28.17619514465332,22676.552734375,1659.754150390625,25.54827117919922
2023-01-21,,,,,,,,,,,,,,,,22777.625,1627.1181640625,24.627838134765625
2023-01-22,,,,,,,,,,,,,,,,22720.416015625,1628.382080078125,24.232789993286133
2023-01-23,138.63546752929688,235.42201232910156,19.150449752807617,98.84937286376953,97.5199966430664,142.02279663085938,143.75,76.52999877929688,35.742000579833984,153.21922302246094,85.22657775878906,364.9800109863281,55.40627670288086,120.52289581298828,29.18868637084961,22934.431640625,1628.2510986328125,24.357807159423828
2023-01-24,140.03054809570312,234.89796447753906,19.2222900390625,96.77908325195312,96.31999969482422,141.89395141601562,143.88999938964844,74.69999694824219,36.382999420166016,152.22640991210938,85.92585754394531,361.32000732421875,55.73016357421875,120.21934509277344,28.851192474365234,22636.46875,1556.604248046875,22.795673370361328
2023-01-25,139.37232971191406,233.5101776123047,19.280162811279297,94.32246398925781,97.18000030517578,140.26821899414062,144.42999267578125,74.91000366210938,36.79600143432617,153.51414489746094,85.8683853149414,358.1700134277344,55.792083740234375,120.65167999267578,28.63905143737793,23117.859375,1611.7110595703125,24.57144546508789
2023-01-26,141.43548583984375,240.68214416503906,19.758098602294922,96.60078430175781,99.22000122070312,146.0177459716797,160.27000427246094,75.16000366210938,36.48699951171875,162.2824249267578,86.05039978027344,365.82000732421875,57.02094268798828,123.21794891357422,29.015119552612305,23032.77734375,1603.10595703125,24.350696563720703
2023-01-27,143.37094116210938,240.83740234375,20.319849014282227,98.43333435058594,102.23999786376953,150.41908264160156,177.89999389648438,75.4000015258789,36.07699966430664,161.7221221923828,85.24571990966797,370.7099914550781,56.297908782958984,122.70285034179688,27.154064178466797,23078.728515625,1598.156494140625,24.40785789489746
2023-01-28,,,,,,,,,,,,,,,,23031.08984375,1572.43505859375,23.981801986694336
2023-01-29,,,,,,,,,,,,,,,,23774.56640625,1646.1556396484375,26.132387161254883
2023-01-30,140.49234008789062,235.54820251464844,19.119516372680664,96.02625274658203,100.55000305175781,145.77981567382812,166.66000366210938,72.44999694824219,35.31100082397461,161.94821166992188,83.67472076416016,363.4200134277344,55.389129638671875,121.07479858398438,26.951562881469727,22840.138671875,1567.3265380859375,23.946321487426758
2023-01-31,141.7597198486328,240.4977264404297,19.49368667602539,97.9083251953125,103.12999725341797,147.67320251464844,173.22000122070312,75.1500015258789,35.38600158691406,165.11346435546875,84.7380142211914,370.3399963378906,55.72825622558594,122.52810668945312,27.250492095947266,23139.283203125,1586.535400390625,23.952547073364258
2023-02-01,142.87969970703125,245.29193115234375,20.896570205688477,99.48335266113281,105.1500015258789,151.78707885742188,181.41000366210938,84.63999938964844,36.19900131225586,168.89796447753906,86.2611312866211,383.9200134277344,57.41817855834961,127.35710906982422,28.03155517578125,23723.76953125,1641.792724609375,24.993358612060547
2023-02-02,148.17518615722656,256.79229736328125,21.66086769104004,106.72443389892578,112.91000366210938,187.12672424316406,188.27000427246094,88.30999755859375,36.68899917602539,171.67001342773438,85.61931610107422,392.2300109863281,57.70586395263672,124.9563980102539,29.111549377441406,23471.87109375,1643.2415771484375,24.265058517456055
2023-02-03,151.79063415527344,250.7266845703125,21.0532169342041,103.79234313964844,103.38999938964844,184.90621948242188,189.97999572753906,86.08999633789062,36.59000015258789,168.1312255859375,85.84922790527344,379.3299865722656,56.92948913574219,124.19298553466797,29.236900329589844,23449.322265625,1664.74560546875,24.680896759033203
2023-02-04,,,,,,,,,,,,,,,,23331.84765625,1667.0592041015625,24.317745208740234
2023-02-05,,,,,,,,,,,,,,,,22955.666015625,1631.6458740234375,23.493438720703125
2023-02-06,149.06922912597656,249.1933135986328,21.04224395751953,101.93006896972656,102.18000030517578,184.44033813476562,194.75999450683594,83.68000030517578,36.14799880981445,166.17507934570312,84.80509185791016,375.2300109863281,57.280052185058594,122.27054595947266,28.002227783203125,22760.109375,1616.2470703125,22.706388473510742
2023-02-07,151.93800354003906,259.6649475097656,22.123844146728516,106.62537384033203,102.11000061035156,189.95193481445312,196.80999755859375,85.91000366210938,36.29499816894531,168.3671417236328,84.04832458496094,383.82000732421875,58.5327262878418,125.67386627197266,28.353593826293945,23264.291015625,1672.0035400390625,23.861356735229492
2023-02-08,149.25588989257812,258.85943603515625,22.155771255493164,98.43333435058594,100.05000305175781,181.8332061767578,201.2899932861328,84.69000244140625,36.68299865722656,166.74525451660156,83.0425033569336,378.3599853515625,57.31911087036133,121.57150268554688,27.56301498413086,22939.3984375,1650.716796875,23.192670822143555
2023-02-09,148.22430419921875,255.84120178222656,22.2874755859375,94.11442565917969,98.23999786376953,176.37120056152344,207.32000732421875,83.20999908447266,36.25,170.70669555664062,83.00418090820312,375.80999755859375,57.100013732910156,120.06298828125,27.06524085998535,21819.0390625,1546.438232421875,20.45212745666504
2023-02-10,148.58837890625,255.3365020751953,21.217857360839844,93.67857360839844,97.61000061035156,172.6339874267578,196.88999938964844,81.4800033569336,34.736000061035156,164.18943786621094,83.47356414794922,370.989990234375,56.513206481933594,118.64649200439453,27.133563995361328,21651.18359375,1514.869140625,20.130109786987305
2023-02-11,,,,,,,,,,,,,,,,21870.875,1539.9267578125,20.830095291137695
2023-02-12,,,,,,,,,,,,,,,,21788.203125,1515.03369140625,21.489978790283203
2023-02-13,151.38284301757812,263.31396484375,21.739696502685547,93.71820831298828,99.54000091552734,177.86802673339844,194.63999938964844,83.12999725341797,35.856998443603516,168.1705780029297,85.65763092041016,375.0,57.26289749145508,120.34814453125,27.865581512451172,21808.1015625,1507.1658935546875,20.79010009765625
2023-02-14,150.7432403564453,264.138916015625,22.920072555541992,93.78755950927734,99.69999694824219,177.91761779785156,209.25,85.94999694824219,35.99599838256836,167.06959533691406,85.34150695800781,377.8999938964844,57.376258850097656,121.7278823852539,27.95342445373535,22220.8046875,1556.8751220703125,21.824953079223633
2023-02-15,152.83909606933594,262.02764892578125,22.71352767944336,96.02625274658203,101.16000366210938,175.61778259277344,214.24000549316406,85.18000030517578,36.141998291015625,168.19021606445312,84.6230697631836,375.94000244140625,57.88876724243164,122.39930725097656,28.15839195251465,24307.841796875,1673.7459716796875,23.883901596069336
2023-02-16,151.2450714111328,255.05184936523438,21.953222274780273,94.6097183227539,98.1500015258789,170.93887329101562,202.0399932861328,80.08000183105469,35.07099914550781,165.25106811523438,84.0291519165039,365.1600036621094,57.2076530456543,119.7226791381836,27.52397346496582,23623.474609375,1640.067626953125,22.285951614379883
2023-02-17,150.1036834716797,251.07254028320312,21.3405818939209,93.46065521240234,97.19999694824219,171.3750762939453,208.30999755859375,78.5,34.79600143432617,162.36106872558594,83.607666015625,356.8500061035156,56.73611068725586,117.47834014892578,26.948118209838867,24565.6015625,1694.7833251953125,23.166757583618164
2023-02-18,,,,,,,,,,,,,,,,24641.27734375,1691.8194580078125,23.478591918945312
2023-02-19,,,,,,,,,,,,,,,,24327.642578125,1681.4361572265625,24.84075164794922
2023-02-20,,,,,,,,,,,,,,,,24829.1484375,1702.6751708984375,26.181386947631836
2023-02-21,146.0989532470703,245.8284912109375,20.60920524597168,90.92478942871094,94.58000183105469,170.58203125,197.3699951171875,76.7699966430664,33.75,158.87142944335938,82.5731201171875,346.70001220703125,55.397705078125,113.78068542480469,25.43527603149414,24436.353515625,1658.036376953125,24.948558807373047
2023-02-22,146.5220947265625,244.6998748779297,20.70798683166504,90.7861099243164,95.79000091552734,169.63038635253906,200.86000061035156,76.61000061035156,33.487998962402344,160.5818328857422,82.68807220458984,348.7200012207031,54.88615798950195,114.01063537597656,24.859418869018555,24188.84375,1643.231689453125,24.18134880065918
2023-02-23,147.00418090820312,247.87164306640625,23.61153793334961,90.03326416015625,95.81999969482422,170.54238891601562,202.07000732421875,79.75,32.3650016784668,161.3289337158203,84.85298156738281,347.0199890136719,55.61299514770508,116.08021545410156,24.996065139770508,23947.4921875,1651.0738525390625,23.900800704956055
2023-02-24,144.35736083984375,242.47190856933594,23.234376907348633,88.28984832763672,93.5,168.90672302246094,196.8800048828125,78.08999633789062,31.71500015258789,159.4415740966797,84.92961883544922,320.5400085449219,55.036678314208984,114.3693618774414,24.537328720092773,23198.126953125,1608.3731689453125,23.053035736083984
2023-02-25,,,,,,,,,,,,,,,,23175.375,1594.9149169921875,22.523399353027344
2023-02-26,,,,,,,,,,,,,,,,23561.212890625,1640.817138671875,23.256088256835938
2023-02-27,145.5479278564453,243.38645935058594,23.448898315429688,89.02289581298828,93.76000213623047,168.06411743164062,207.6300048828125,78.7699966430664,32.303001403808594,160.36561584472656,84.2590560913086,322.32000732421875,55.770172119140625,113.52315521240234,24.303081512451172,23522.87109375,1634.326416015625,22.692588806152344
2023-02-28,145.04611206054688,242.66650390625,23.164531707763672,89.21109008789062,94.2300033569336,173.4171142578125,205.7100067138672,78.58000183105469,32.2130012512207,160.82762145996094,83.72262573242188,323.95001220703125,56.612281799316406,113.62432098388672,24.33236312866211,23147.353515625,1605.8951416015625,21.9163875579834
2023-03-01,142.97975158691406,239.60179138183594,22.647680282592773,89.5082778930664,92.16999816894531,171.91033935546875,202.77000427246094,78.29000091552734,31.347999572753906,164.5039825439453,82.70722198486328,323.3800048828125,56.543678283691406,114.45720672607422,24.722774505615234,23646.55078125,1663.4337158203125,22.506431579589844
2023-03-02,143.57015991210938,244.31072998046875,23.262311935424805,91.13280487060547,92.12999725341797,173.01071166992188,190.89999389648438,80.44000244140625,31.187999725341797,183.41680908203125,83.31072998046875,333.5,57.02761459350586,114.54974365234375,25.571918487548828,23475.466796875,1647.3193359375,21.984878540039062
2023-03-03,148.60806274414062,248.3775177001953,23.8370304107666,92.76725769042969,94.9000015258789,183.63739013671875,197.7899932861328,81.5199966430664,31.51799964904785,183.25950622558594,85.49478912353516,344.0400085449219,60.276939392089844,114.38317108154297,25.76712417602539,22362.6796875,1569.1676025390625,21.39935302734375
2023-03-04,,,,,,,,,,,,,,,,22353.349609375,1566.9239501953125,20.966838836669922
2023-03-05,,,,,,,,,,,,,,,,22435.513671875,1564.46875,20.97858428955078
2023-03-06,151.3631591796875,249.9147491455078,23.50178337097168,94.2332992553711,93.75,183.2904052734375,193.80999755859375,81.16000366210938,31.202999114990234,180.6742706298828,85.96417236328125,347.0199890136719,60.29218292236328,113.28189849853516,25.36695098876953,22429.7578125,1567.398681640625,20.635011672973633
2023-03-07,149.16893005371094,247.2683868408203,23.240314483642578,92.97527313232422,93.55000305175781,182.90380859375,187.7100067138672,82.11000061035156,30.847000122070312,180.20240783691406,84.64224243164062,344.79998779296875,59.55200958251953,110.30203247070312,24.917980194091797,22219.76953125,1561.93310546875,20.244731903076172
2023-03-08,150.4185333251953,246.8306121826172,24.13148307800293,93.36160278320312,93.91999816894531,183.3598175048828,182.0,85.37000274658203,31.179000854492188,179.83871459960938,84.76675415039062,345.8399963378906,60.22931671142578,112.16212463378906,25.35719108581543,21718.080078125,1534.0882568359375,18.421194076538086
2023-03-09,148.17510986328125,245.4879913330078,23.38801383972168,91.44979095458984,92.25,180.1083526611328,172.9199981689453,84.02999877929688,29.777999877929688,175.68064880371094,83.21493530273438,338.3699951171875,59.301475524902344,108.47892761230469,25.80616569519043,20363.021484375,1438.6607666015625,17.308147430419922
2023-03-10,146.11863708496094,241.85897827148438,22.9179744720459,89.77572631835938,90.7300033569336,177.94735717773438,173.44000244140625,82.66999816894531,29.275999069213867,170.23486328125,80.53272247314453,329.29998779296875,58.56892395019531,106.60028839111328,26.56746482849121,20187.244140625,1429.1580810546875,18.243642807006836
2023-03-11,,,,,,,,,,,,,,,,20632.41015625,1482.61669921875,18.22584342956543
2023-03-12,,,,,,,,,,,,,,,,22163.94921875,1590.29296875,20.310531616210938
2023-03-13,148.05703735351562,247.04464721679688,22.918973922729492,90.2511978149414,92.43000030517578,179.32522583007812,174.47999572753906,82.01000213623047,29.35099983215332,172.5252227783203,81.3565444946289,324.2699890136719,58.72515106201172,105.89695739746094,26.30394172668457,24197.533203125,1680.3089599609375,20.433712005615234
2023-03-14,150.14303588867188,253.72866821289062,24.013729095458984,93.08423614501953,94.87999725341797,192.33103942871094,183.25999450683594,87.44999694824219,29.493999481201172,179.77972412109375,81.00211334228516,333.3299865722656,60.24835968017578,107.85889434814453,27.33852767944336,24746.07421875,1703.507080078125,20.92803382873535
2023-03-15,150.53665161132812,258.2528076171875,24.17839241027832,95.20407104492188,96.19999694824219,196.02854919433594,180.4499969482422,89.68000030517578,30.378999710083008,179.79937744140625,79.48859405517578,333.6099853515625,59.63679504394531,106.8779296875,27.728939056396484,24375.9609375,1656.1805419921875,19.29098129272461
2023-03-16,153.35073852539062,268.7214050292969,25.48870277404785,99.37438201904297,100.04000091552734,203.14602661132812,184.1300048828125,96.5999984741211,31.006000518798828,184.11471557617188,81.25119018554688,353.2900085449219,60.63321304321289,111.52359008789062,29.45650863647461,25052.7890625,1677.2154541015625,19.73054313659668
2023-03-17,152.51437377929688,271.8639221191406,25.672325134277344,100.66214752197266,98.94999694824219,193.90719604492188,180.1300048828125,97.83999633789062,30.350000381469727,181.70639038085938,81.67266082763672,358.1400146484375,60.10642623901367,111.7271957397461,29.09537696838379,27423.9296875,1792.485107421875,21.62910270690918
2023-03-18,,,,,,,,,,,,,,,,26965.87890625,1761.65966796875,21.19590187072754
2023-03-19,,,,,,,,,,,,,,,,28038.67578125,1785.5765380859375,21.90340232849121
2023-03-20,154.8759002685547,264.8588562011719,25.84696388244629,100.26587677001953,97.70999908447266,196.08804321289062,183.25,96.80999755859375,30.51300048828125,182.09959411621094,83.3011474609375,362.8800048828125,61.320045471191406,112.73590087890625,28.46095848083496,27767.236328125,1735.3212890625,22.176464080810547
2023-03-21,156.7257537841797,266.366943359375,26.145355224609375,103.93102264404297,100.61000061035156,200.40017700195312,197.5800018310547,95.93000030517578,30.57900047302246,185.4712371826172,83.89505767822266,374.2200012207031,61.09360885620117,114.56824493408203,27.777738571166992,28175.81640625,1806.7607421875,22.618267059326172
2023-03-22,155.29901123046875,264.9172058105469,26.41380500793457,102.3956298828125,98.69999694824219,198.07064819335938,191.14999389648438,97.58000183105469,29.389999389648438,183.33815002441406,84.20159149169922,361.7099914550781,60.534236907958984,112.87472534179688,27.455650329589844,27307.4375,1737.717041015625,21.480485916137695
2023-03-23,156.38136291503906,270.1418762207031,27.135324478149414,104.60460662841797,98.70999908447266,202.50172424316406,192.22000122070312,100.27999877929688,32.0369987487793,184.25233459472656,84.08663177490234,369.0,61.3315544128418,114.89216613769531,28.334075927734375,28333.97265625,1816.4051513671875,22.216777801513672
2023-03-24,157.68019104003906,272.9730529785156,26.724164962768555,104.44612121582031,98.12999725341797,204.2166290283203,190.41000366210938,97.94999694824219,32.8390007019043,186.82778930664062,84.30696868896484,374.9599914550781,61.0379638671875,115.4566650390625,28.656166076660156,27493.28515625,1752.0447998046875,20.678855895996094
2023-03-25,,,,,,,,,,,,,,,,27494.70703125,1743.7647705078125,20.446645736694336
2023-03-26,,,,,,,,,,,,,,,,27994.330078125,1775.6767578125,20.97551918029785
2023-03-27,155.74179077148438,268.896484375,26.47667121887207,101.49421691894531,98.04000091552734,201.07423400878906,191.80999755859375,96.61000061035156,32.76599884033203,188.0073699951172,86.34735107421875,373.1499938964844,60.14278030395508,114.38317108154297,28.480478286743164,27139.888671875,1715.4608154296875,19.921674728393555
2023-03-28,155.1219024658203,267.77764892578125,26.35592269897461,100.07769012451172,97.23999786376953,198.9330291748047,189.19000244140625,94.55999755859375,32.35200119018555,189.0297088623047,86.06954193115234,373.3999938964844,59.93745803833008,112.29168701171875,28.587844848632812,27268.130859375,1772.78564453125,20.4706974029541
2023-03-29,158.19187927246094,272.9146728515625,26.92875099182129,100.4343032836914,100.25,203.5624237060547,193.8800048828125,96.08999633789062,33.202999114990234,193.29588317871094,86.80713653564453,379.1600036621094,60.014217376708984,115.7620620727539,30.76438331604004,28348.44140625,1793.0018310546875,21.111467361450195
2023-03-30,159.75637817382812,276.3588562011719,27.326929092407227,99.93901824951172,102.0,206.0307159423828,195.27999877929688,97.87999725341797,33.84299850463867,193.256591796875,86.70176696777344,381.8999938964844,60.80577850341797,117.8998031616211,31.320720672607422,28033.5625,1792.7371826171875,20.55104637145996
2023-03-31,162.25563049316406,280.4937438964844,27.720121383666992,102.75223541259766,103.29000091552734,210.0950469970703,207.4600067138672,98.01000213623047,34.54800033569336,196.3824920654297,89.01036834716797,385.3699951171875,61.55318832397461,118.06637573242188,31.886812210083008,28478.484375,1822.0220947265625,21.170495986938477
2023-04-01,,,,,,,,,,,,,,,,28411.03515625,1813.860595703125,20.97564125061035
2023-04-02,,,,,,,,,,,,,,,,28199.30859375,1795.7081298828125,20.536975860595703
2023-04-03,163.5052490234375,279.4527282714844,27.907737731933594,103.37631225585938,102.41000366210938,211.21519470214844,194.77000427246094,96.55999755859375,34.827999114990234,193.14845275878906,89.96829223632812,380.0799865722656,61.64242172241211,115.43816375732422,32.10154342651367,27790.220703125,1810.297119140625,20.443050384521484
2023-04-04,162.97393798828125,279.40399169921875,27.396787643432617,103.73291015625,103.94999694824219,212.850830078125,192.5800018310547,95.87000274658203,34.67499923706055,193.84634399414062,90.044921875,385.1499938964844,60.86909484863281,113.18011474609375,32.30650329589844,28168.08984375,1871.005126953125,20.924619674682617
2023-04-05,161.1339111328125,276.6410217285156,26.825958251953125,103.4852523803711,101.0999984741211,209.6390380859375,185.52000427246094,92.55999755859375,34.23500061035156,191.98851013183594,90.8974838256836,382.0199890136719,60.35098648071289,113.86493682861328,32.04298400878906,28177.984375,1909.114013671875,20.966007232666016
2023-04-06,162.0194854736328,283.704345703125,26.981639862060547,107.39802551269531,102.05999755859375,214.2188262939453,185.05999755859375,92.47000122070312,33.93299865722656,189.27545166015625,91.88414001464844,380.6000061035156,59.73980712890625,113.82789611816406,32.02346420288086,28044.140625,1872.922607421875,20.61012840270996
2023-04-07,,,,,,,,,,,,,,,,27925.859375,1865.6361083984375,20.469940185546875
2023-04-08,,,,,,,,,,,,,,,,27947.794921875,1849.4981689453125,20.036449432373047
2023-04-09,,,,,,,,,,,,,,,,28333.05078125,1859.3878173828125,20.29946517944336
2023-04-10,159.43167114257812,281.55426025390625,27.522531509399414,105.43670654296875,102.16999816894531,212.8805694580078,184.50999450683594,95.4800033569336,33.89899826049805,188.23348999023438,90.19113159179688,376.25,60.195552825927734,115.021728515625,31.74040985107422,29652.98046875,1911.20751953125,20.882356643676758
2023-04-11,158.2213897705078,275.1718444824219,27.11336898803711,104.35697174072266,99.91999816894531,211.9884033203125,186.7899932861328,94.02999877929688,33.82099914550781,185.6776580810547,90.39315032958984,371.1099853515625,59.63715362548828,114.35540771484375,31.57448387145996,30235.05859375,1892.189697265625,23.018827438354492
2023-04-12,157.5326385498047,275.8139953613281,26.440750122070312,103.6536636352539,97.83000183105469,212.1370849609375,180.5399932861328,92.33000183105469,33.10300064086914,187.08338928222656,90.32581329345703,369.8900146484375,59.16988754272461,111.30147552490234,31.252397537231445,30139.052734375,1920.68212890625,23.985305786132812
2023-04-13,162.90505981445312,281.9920654296875,26.4088134765625,106.41736602783203,102.4000015258789,218.4318084716797,185.89999389648438,92.08999633789062,34.61899948120117,190.72044372558594,91.91300964355469,378.79998779296875,59.89331817626953,112.09733581542969,31.35976219177246,30399.06640625,2012.6346435546875,24.432308197021484
2023-04-14,162.56069946289062,278.39227294921875,26.703208923339844,107.84379577636719,102.51000213623047,219.56190490722656,185.0,91.75,33.862998962402344,191.3397216796875,92.06692504882812,379.3800048828125,59.4423713684082,111.19970703125,31.12551498413086,30485.69921875,2101.635498046875,24.772722244262695
2023-04-15,,,,,,,,,,,,,,,,30318.49609375,2092.466796875,24.079378128051758
2023-04-16,,,,,,,,,,,,,,,,30315.35546875,2120.005859375,25.361927032470703
2023-04-17,162.580322265625,280.9801940917969,26.946714401245117,104.97113037109375,102.73999786376953,216.9547882080078,187.0399932861328,89.87000274658203,33.27199935913086,193.72842407226562,91.95148468017578,377.9200134277344,60.19267272949219,110.47785186767578,31.369518280029297,29445.044921875,2076.242919921875,24.55884552001953
2023-04-18,163.80047607421875,280.56182861328125,27.6103515625,103.51498413085938,102.30000305175781,215.9932098388672,184.30999755859375,89.77999877929688,33.369998931884766,195.124267578125,92.79798889160156,377.54998779296875,60.6685676574707,109.5339126586914,31.066951751708984,30397.552734375,2104.537353515625,24.852689743041992
2023-04-19,164.94186401367188,280.63970947265625,27.873809814453125,103.19800567626953,104.30000305175781,213.8223114013672,180.58999633789062,89.94000244140625,32.3120002746582,195.53709411621094,92.16310119628906,380.1099853515625,60.87773132324219,109.70049285888672,30.40325355529785,28822.6796875,1936.4034423828125,22.71283531188965
2023-04-20,163.97755432128906,278.3630676269531,27.048500061035156,104.29755401611328,103.80999755859375,211.21519470214844,162.99000549316406,90.11000061035156,32.53499984741211,194.15106201171875,91.22039794921875,380.260009765625,60.735721588134766,109.79303741455078,30.12020492553711,28245.98828125,1943.09765625,22.181440353393555
2023-04-21,162.3737030029297,278.0224609375,27.063474655151367,104.41641235351562,106.95999908447266,211.0367431640625,165.0800018310547,88.43000030517578,32.79800033569336,195.64524841308594,91.52821350097656,377.6700134277344,60.72420883178711,108.97865295410156,29.57362937927246,27276.91015625,1849.9998779296875,21.278135299682617
2023-04-22,,,,,,,,,,,,,,,,27817.5,1874.2286376953125,21.816287994384766
2023-04-23,,,,,,,,,,,,,,,,27591.384765625,1862.06201171875,21.480138778686523
2023-04-24,162.67872619628906,274.1405334472656,26.986631393432617,104.97113037109375,106.20999908447266,210.93763732910156,162.5500030517578,87.56999969482422,32.902000427246094,191.6051483154297,91.80720520019531,377.3399963378906,60.88156509399414,108.5992431640625,28.948972702026367,27525.33984375,1842.7574462890625,21.391069412231445
2023-04-25,161.14378356933594,267.9625244140625,26.187273025512695,102.87110137939453,102.56999969482422,205.7432403564453,160.6699981689453,83.80000305175781,32.255001068115234,187.42739868164062,90.47972106933594,369.5899963378906,59.680320739746094,105.5453109741211,28.187673568725586,28307.59765625,1866.753662109375,21.92725372314453
2023-04-26,161.1339111328125,287.37225341796875,26.900806427001953,102.73242950439453,104.9800033569336,207.5771484375,153.75,85.94000244140625,32.1150016784668,188.26296997070312,90.14303588867188,363.05999755859375,59.12095642089844,105.6471176147461,28.353593826293945,28422.701171875,1866.564208984375,21.28301239013672
2023-04-27,165.70938110351562,296.5761413574219,27.170249938964844,106.57586669921875,109.81999969482422,236.48329162597656,160.19000244140625,87.44000244140625,32.584999084472656,192.6077880859375,91.42240905761719,371.4200134277344,59.333953857421875,105.42499542236328,29.144180297851562,29473.787109375,1908.786376953125,22.34011459350586
2023-04-28,166.95896911621094,298.9403991699219,27.692182540893555,106.32820892333984,105.44999694824219,238.22799682617188,164.30999755859375,89.37000274658203,32.99300003051758,194.99649047851562,91.11459350585938,377.55999755859375,60.11016082763672,108.09024810791016,30.315410614013672,29340.26171875,1892.5128173828125,23.366287231445312
2023-04-29,,,,,,,,,,,,,,,,29248.48828125,1908.9169921875,23.18299674987793
2023-04-30,,,,,,,,,,,,,,,,29268.806640625,1876.92431640625,22.832014083862305
2023-05-01,166.87039184570312,297.2864074707031,28.850807189941406,106.18952178955078,102.05000305175781,241.06307983398438,161.8300018310547,89.69000244140625,32.4119987487793,194.4263153076172,91.25889587402344,374.1499938964844,61.208736419677734,107.20183563232422,29.57362937927246,28091.568359375,1831.954833984375,21.98663330078125
2023-05-02,165.8372802734375,297.1405029296875,28.152236938476562,104.32723999023438,103.62999725341797,237.15740966796875,160.30999755859375,89.91000366210938,31.7549991607666,190.5435333251953,91.1915512084961,368.6600036621094,58.75156784057617,107.45169067382812,29.05633544921875,28680.537109375,1870.789306640625,22.264978408813477
2023-05-03,164.76470947265625,296.1577453613281,27.745073318481445,104.41641235351562,103.6500015258789,234.96664428710938,160.61000061035156,81.62000274658203,31.93000030517578,189.33441162109375,91.17229461669922,345.25,58.83409118652344,104.41629028320312,29.915239334106445,29006.30859375,1904.65185546875,22.218002319335938
2023-05-04,163.13134765625,297.1405029296875,27.50556755065918,103.70318603515625,104.0,231.48716735839844,161.1999969482422,86.61000061035156,32.077999114990234,189.1083221435547,91.35507202148438,335.8299865722656,58.54240417480469,98.63235473632812,30.615957260131836,28847.7109375,1877.7041015625,21.730348587036133
2023-05-05,170.78659057617188,302.2386169433594,28.62127685546875,104.57491302490234,105.66000366210938,230.75360107421875,170.05999755859375,89.83999633789062,32.2760009765625,194.229736328125,93.2789535522461,348.3999938964844,60.457489013671875,100.66827392578125,30.370952606201172,29534.384765625,1995.0609130859375,22.82611083984375
2023-05-06,,,,,,,,,,,,,,,,28904.623046875,1900.2218017578125,21.974262237548828
2023-05-07,,,,,,,,,,,,,,,,28454.978515625,1873.076416015625,21.844228744506836
2023-05-08,170.71771240234375,300.2927551269531,29.091310501098633,106.75416564941406,105.83000183105469,231.23939514160156,171.7899932861328,95.04000091552734,33.12099838256836,194.53443908691406,93.10580444335938,344.05999755859375,60.355777740478516,100.23333740234375,30.15534782409668,27694.2734375,1849.042724609375,20.65746307373047
2023-05-09,169.01544189453125,298.68743896484375,28.512496948242188,106.33811950683594,106.62000274658203,231.33847045898438,169.14999389648438,95.05999755859375,33.2140007019043,197.75863647460938,92.48054504394531,342.6499938964844,59.34355926513672,97.88274383544922,29.49873161315918,27658.775390625,1848.6031494140625,20.683645248413086
2023-05-10,170.77676391601562,303.8536376953125,28.82585906982422,110.69664001464844,110.19000244140625,231.051025390625,168.5399932861328,97.0199966430664,33.54199981689453,201.3662567138672,93.80801391601562,344.0199890136719,60.08808898925781,98.52130126953125,29.37132453918457,27621.755859375,1842.4014892578125,20.953710556030273
2023-05-11,170.96372985839844,301.7132568359375,28.51948356628418,115.4712142944336,112.18000030517578,233.73741149902344,172.0800018310547,97.0999984741211,34.47600173950195,200.00970458984375,93.73106384277344,341.5799865722656,60.2224235534668,96.30025482177734,28.28350067138672,27000.7890625,1796.4906005859375,20.234880447387695
2023-05-12,170.0375213623047,300.6040344238281,28.28196907043457,116.40233612060547,110.26000213623047,231.774658203125,167.97999572753906,95.26000213623047,33.98899841308594,198.37796020507812,94.12545776367188,335.45001220703125,60.556312561035156,95.89306640625,28.3717041015625,26804.990234375,1808.019775390625,20.911794662475586
2023-05-13,,,,,,,,,,,,,,,,26784.078125,1796.1148681640625,20.86876106262207
2023-05-14,,,,,,,,,,,,,,,,26930.638671875,1800.5009765625,20.953397750854492
2023-05-15,169.5448760986328,301.08074951171875,28.893718719482422,115.41178131103516,111.19999694824219,236.78070068359375,166.35000610351562,97.4000015258789,33.5890007019043,199.8721160888672,93.55792236328125,345.6700134277344,61.38623809814453,98.3547134399414,29.204723358154297,27192.693359375,1817.5499267578125,21.00718879699707
2023-05-16,169.5448760986328,303.2990417480469,29.15318489074707,118.38349914550781,113.4000015258789,236.74102783203125,166.52000427246094,101.4800033569336,33.375,201.08119201660156,94.5102310180664,345.1099853515625,61.54359436035156,96.05039978027344,28.636308670043945,27036.650390625,1824.1214599609375,20.679420471191406
2023-05-17,170.15574645996094,306.1656799316406,30.116207122802734,119.70097351074219,115.5,240.3791046142578,173.86000061035156,103.75,33.99599838256836,205.8192596435547,95.97236633300781,356.6300048828125,63.081600189208984,96.99434661865234,28.293302536010742,27398.802734375,1821.859619140625,21.06839942932129
2023-05-18,172.4811248779297,310.5729675292969,31.613140106201172,121.67220306396484,118.1500015258789,244.70115661621094,176.88999938964844,107.93000030517578,37.12900161743164,209.69219970703125,98.44452667236328,360.42999267578125,65.04178619384766,98.98401641845703,29.087120056152344,26832.208984375,1801.728515625,20.348695755004883
2023-05-19,172.5895233154297,310.3974609375,31.19998550415039,121.60285949707031,116.25,243.5016632080078,180.13999938964844,105.81999969482422,36.5359992980957,206.78257751464844,98.9255142211914,371.25,65.45915222167969,97.96602630615234,29.33212661743164,26890.12890625,1812.5894775390625,20.349870681762695
2023-05-20,,,,,,,,,,,,,,,,27129.5859375,1820.47802734375,20.285446166992188
2023-05-21,,,,,,,,,,,,,,,,26753.826171875,1804.5313720703125,19.609437942504883
2023-05-22,171.64358520507812,313.16650390625,31.112165451049805,123.87128448486328,115.01000213623047,246.15834045410156,188.8699951171875,108.0,36.30099868774414,206.68426513671875,97.896240234375,372.04998779296875,65.08687591552734,97.42926788330078,29.67513656616211,26851.27734375,1817.5347900390625,19.54204559326172
2023-05-23,169.0423126220703,307.394287109375,30.62516212463379,121.40474700927734,114.98999786376953,244.59210205078125,185.77000427246094,108.12000274658203,35.5989990234375,203.1258087158203,94.78919982910156,370.4200134277344,65.8669204711914,95.83753204345703,28.920516967773438,27225.7265625,1854.380615234375,20.043182373046875
2023-05-24,169.31822204589844,306.01947021484375,30.47547149658203,119.76039123535156,116.75,247.04061889648438,182.89999389648438,108.2699966430664,36.48500061035156,205.50462341308594,94.57756042480469,365.760009765625,65.19818115234375,95.33780670166016,28.42070198059082,26334.818359375,1800.0999755859375,19.223663330078125
2023-05-25,170.4513397216797,317.788330078125,37.9022331237793,122.31607818603516,115.0,250.4903106689453,184.47000122070312,120.3499984741211,35.900001525878906,206.34022521972656,100.32032012939453,392.05999755859375,69.9254379272461,96.26323699951172,26.852664947509766,26476.20703125,1805.9537353515625,19.260662078857422
2023-05-26,172.8555145263672,324.5844421386719,38.86625289916992,123.43540954589844,120.11000061035156,259.7589111328125,193.1699981689453,127.02999877929688,37.88800048828125,211.7761993408203,100.11832427978516,415.3900146484375,77.9781723022461,102.1212158203125,28.42070198059082,26719.291015625,1828.689697265625,19.36695671081543
2023-05-27,,,,,,,,,,,,,,,,26868.353515625,1831.1182861328125,20.425233840942383
2023-05-28,,,,,,,,,,,,,,,,28085.646484375,1910.9141845703125,20.7985782623291
2023-05-29,,,,,,,,,,,,,,,,27745.884765625,1893.078125,20.586509704589844
2023-05-30,174.6981201171875,322.9462585449219,40.028873443603516,122.5042724609375,121.66000366210938,260.2347106933594,201.16000366210938,125.2699966430664,39.29800033569336,215.1478271484375,101.14759826660156,417.2099914550781,77.07725524902344,107.34990692138672,29.390928268432617,27702.349609375,1901.026611328125,21.25408363342285
2023-05-31,174.6488494873047,320.19671630859375,37.756534576416016,121.71183776855469,120.58000183105469,262.41558837890625,203.92999267578125,118.20999908447266,39.52299880981445,219.5811309814453,101.90751647949219,417.7900085449219,77.52052307128906,105.68187713623047,30.81196403503418,27219.658203125,1874.1304931640625,20.82450294494629
2023-06-01,177.4471435546875,324.2821350097656,39.68857192993164,122.5538101196289,122.7699966430664,270.23687744140625,207.52000427246094,119.47000122070312,40.3129997253418,209.2793731689453,101.95561981201172,426.75,75.79252624511719,107.93695831298828,30.508153915405273,26819.97265625,1862.201416015625,20.50221824645996
2023-06-02,178.2945098876953,327.0317687988281,39.24647521972656,123.49485778808594,124.25,270.23687744140625,213.97000122070312,117.86000061035156,40.047000885009766,209.40716552734375,101.85941314697266,436.3699951171875,77.90814208984375,107.74127960205078,30.684558868408203,27249.58984375,1907.256591796875,21.25759506225586
2023-06-03,,,,,,,,,,,,,,,,27075.12890625,1892.4124755859375,21.15556526184082
2023-06-04,,,,,,,,,,,,,,,,27119.06640625,1890.5135498046875,21.8189754486084
2023-06-05,176.9446258544922,327.55828857421875,39.09079360961914,124.82222747802734,125.30000305175781,269.02752685546875,217.61000061035156,117.93000030517578,40.354000091552734,206.29107666015625,102.85984802246094,434.17999267578125,76.97747039794922,105.0482177734375,29.263526916503906,25760.09765625,1811.828369140625,20.07505989074707
2023-06-06,176.58006286621094,325.354736328125,38.57484817504883,126.1099624633789,126.61000061035156,268.7598876953125,221.30999755859375,124.2300033569336,39.92900085449219,209.23020935058594,103.02336883544922,432.8900146484375,75.79731750488281,108.43084716796875,30.341550827026367,27238.783203125,1884.494873046875,20.398483276367188
2023-06-07,175.21047973632812,315.3116760253906,37.40213394165039,121.3453140258789,121.2300033569336,261.3053894042969,224.57000732421875,117.83000183105469,39.97700119018555,202.23129272460938,101.24378204345703,418.32000732421875,76.0496597290039,107.33126068115234,30.655160903930664,26345.998046875,1832.39599609375,18.6342830657959
2023-06-08,177.9201202392578,317.1448059082031,38.435123443603516,120.98870849609375,124.25,262.2767333984375,234.86000061035156,121.05000305175781,40.9370002746582,205.9666748046875,103.38890838623047,439.0299987792969,77.1597671508789,108.4215316772461,31.18437385559082,26508.216796875,1846.3018798828125,18.909475326538086
2023-06-09,178.30441284179688,318.6365966796875,38.694618225097656,121.0778579711914,123.43000030517578,262.6435852050781,244.39999389648438,124.91999816894531,42.00199890136719,211.64837646484375,105.66869354248047,454.0,77.20005798339844,110.99345397949219,30.713960647583008,26480.375,1840.2252197265625,17.37969970703125
2023-06-10,,,,,,,,,,,,,,,,25851.240234375,1752.384765625,15.65610122680664
2023-06-11,,,,,,,,,,,,,,,,25940.16796875,1753.415283203125,15.558775901794434
2023-06-12,181.09288024902344,323.57037353515625,39.40523147583008,122.47456359863281,126.56999969482422,268.69049072265625,249.8300018310547,129.19000244140625,42.39699935913086,210.05593872070312,111.99822235107422,474.6300048828125,82.06837463378906,113.8169937133789,32.40940475463867,25902.5,1742.5286865234375,15.196707725524902
2023-06-13,180.619873046875,325.949462890625,40.942237854003906,122.66278076171875,126.66000366210938,268.9581298828125,258.7099914550781,124.52999877929688,43.573001861572266,205.42601013183594,112.23871612548828,478.989990234375,81.66155242919922,115.95093536376953,33.23262405395508,25918.728515625,1739.03759765625,15.018193244934082
2023-06-14,181.25050354003906,328.92333984375,42.91339874267578,122.5042724609375,126.41999816894531,270.9704284667969,256.7900085449219,127.33000183105469,44.08599853515625,205.83889770507812,117.61593627929688,479.5299987792969,85.02539825439453,114.99112701416016,34.869266510009766,25124.67578125,1650.519287109375,14.486572265625
2023-06-15,183.2802734375,339.4148864746094,42.57007598876953,123.91088104248047,127.11000061035156,279.3766174316406,255.89999389648438,124.23999786376953,44.527000427246094,208.31602478027344,121.73301696777344,490.9100036621094,84.76155853271484,115.18680572509766,35.10446548461914,25576.39453125,1665.519775390625,14.759472846984863
2023-06-16,182.2062530517578,333.78887939453125,42.60899353027344,122.3656005859375,125.48999786376953,278.5538330078125,260.5400085449219,120.08000183105469,43.19599914550781,208.1587371826172,120.68452453613281,495.17999267578125,83.29167938232422,114.32018280029297,35.64347839355469,26327.462890625,1716.6688232421875,15.30825424194336
2023-06-17,,,,,,,,,,,,,,,,26510.67578125,1727.2041015625,15.650521278381348
2023-06-18,,,,,,,,,,,,,,,,26336.212890625,1720.5775146484375,15.43823528289795
2023-06-19,,,,,,,,,,,,,,,,26851.029296875,1737.659423828125,16.073041915893555
2023-06-20,182.29493713378906,329.6156311035156,43.72282409667969,121.9396743774414,125.77999877929688,281.8548583984375,274.45001220703125,118.93000030517578,43.470001220703125,213.28016662597656,117.3946762084961,485.8599853515625,83.28399658203125,111.65507507324219,34.30085372924805,28327.48828125,1792.1199951171875,16.635231018066406
2023-06-21,181.26039123535156,325.2376403808594,42.9613037109375,119.4136962890625,124.83000183105469,279.18829345703125,259.4599914550781,112.11000061035156,42.44499969482422,206.02565002441406,117.45240783691406,477.4800109863281,81.76286315917969,107.87174224853516,32.2427978515625,30027.296875,1891.0072021484375,17.25704574584961
2023-06-22,184.25575256347656,331.2342529296875,42.94135284423828,121.98918914794922,130.14999389648438,282.4000549316406,264.6099853515625,110.69999694824219,42.24800109863281,209.6627197265625,115.9902572631836,477.5799865722656,81.25838470458984,108.4681396484375,32.05659484863281,29912.28125,1872.9429931640625,16.642620086669922
2023-06-23,183.9404296875,326.66119384765625,42.12693405151367,121.18682861328125,129.3300018310547,286.2166442871094,256.6000061035156,110.01000213623047,42.402000427246094,206.51715087890625,114.12409973144531,484.7200012207031,79.30223083496094,105.70052337646484,32.34080123901367,30695.46875,1892.862060546875,17.149534225463867
2023-06-24,,,,,,,,,,,,,,,,30548.6953125,1876.0596923828125,16.652862548828125
2023-06-25,,,,,,,,,,,,,,,,30480.26171875,1900.506103515625,16.97138023376465
2023-06-26,182.5511474609375,320.4014587402344,40.5529899597168,117.22452545166016,127.33000183105469,276.0458679199219,241.0500030517578,107.51000213623047,41.59400177001953,203.83358764648438,112.33490753173828,479.510009765625,79.25209045410156,108.68245697021484,32.67401123046875,30271.130859375,1859.432861328125,16.27002716064453
2023-06-27,185.30018615722656,326.2224426269531,41.79458236694336,117.21463012695312,129.17999267578125,284.5511779785156,250.2100067138672,110.38999938964844,41.70800018310547,205.2687530517578,113.35455322265625,489.2699890136719,81.83423614501953,111.62710571289062,33.418827056884766,30688.1640625,1889.703369140625,16.61964988708496
2023-06-28,186.47271728515625,327.4705505371094,41.03705978393555,119.04718017578125,129.0399932861328,282.8065490722656,256.239990234375,110.16999816894531,42.98400115966797,208.56179809570312,112.09442138671875,482.42999267578125,81.78987884521484,109.53044128417969,32.899417877197266,30086.24609375,1827.97119140625,15.98684310913086
2023-06-29,186.80770874023438,326.69049072265625,40.74263000488281,117.97737121582031,127.9000015258789,279.0793151855469,257.5,111.23999786376953,42.82400131225586,206.85133361816406,113.29684448242188,483.7699890136719,83.2010498046875,110.0150146484375,32.252601623535156,30445.3515625,1852.227294921875,17.970457077026367
2023-06-30,191.1234588623047,332.0435791015625,42.21975326538086,118.57170104980469,130.36000061035156,284.4817810058594,261.7699890136719,113.91000366210938,44.04899978637695,207.667236328125,114.5569839477539,488.989990234375,83.66981506347656,110.92822265625,32.77201461791992,30477.251953125,1933.18896484375,18.897321701049805
2023-07-01,,,,,,,,,,,,,,,,30590.078125,1924.56591796875,18.683902740478516
2023-07-02,,,,,,,,,,,,,,,,30620.76953125,1937.4383544921875,19.453594207763672
2023-07-03,189.6356201171875,329.55712890625,42.33052444458008,118.76983642578125,130.22000122070312,283.5301208496094,279.82000732421875,115.81999969482422,44.14400100708008,208.0506134033203,112.69082641601562,485.2099914550781,84.53889465332031,111.90668487548828,32.94841384887695,31156.439453125,1955.38916015625,19.240537643432617
2023-07-04,,,,,,,,,,,,,,,,30777.58203125,1936.633544921875,19.14322853088379
2023-07-05,188.52220153808594,329.71319580078125,42.2347297668457,120.6023941040039,130.3800048828125,291.8074951171875,282.4800109863281,113.94999694824219,44.59000015258789,210.18373107910156,111.5461196899414,487.260009765625,83.1325454711914,109.14837646484375,31.8605899810791,30514.166015625,1910.5880126953125,18.99286460876465
2023-07-06,188.99514770507812,332.7553405761719,42.02114486694336,118.97784423828125,128.36000061035156,289.4482116699219,276.5400085449219,113.4800033569336,43.88399887084961,206.56629943847656,111.0555191040039,481.2900085449219,81.79566192626953,107.36854553222656,31.331375122070312,29909.337890625,1848.636474609375,19.729385375976562
2023-07-07,187.88172912597656,328.80633544921875,42.42035675048828,118.35377502441406,129.77999877929688,288.00091552734375,274.42999267578125,113.16999816894531,43.810001373291016,206.02565002441406,110.24750518798828,485.2699890136719,81.67508697509766,108.03948211669922,31.213775634765625,30342.265625,1870.6025390625,21.484664916992188
2023-07-08,,,,,,,,,,,,,,,,30292.541015625,1865.53955078125,21.859268188476562
2023-07-09,,,,,,,,,,,,,,,,30171.234375,1863.009765625,21.3490047454834
2023-07-10,185.8421173095703,323.55084228515625,42.09799575805664,115.35234832763672,127.12999725341797,291.5398254394531,269.6099853515625,113.58000183105469,44.17100143432617,209.19088745117188,110.02625274658203,496.3500061035156,84.663330078125,109.13906860351562,32.08599853515625,30414.470703125,1880.556396484375,21.31377601623535
2023-07-11,185.3199005126953,324.1748962402344,42.32254409790039,116.03582763671875,128.77999877929688,295.6933288574219,269.7900085449219,111.31999969482422,44.020999908447266,217.40872192382812,110.89503479003906,504.739990234375,85.08003997802734,108.90611267089844,32.63480758666992,30620.951171875,1878.3360595703125,22.092933654785156
2023-07-12,186.985107421875,328.78692626953125,43.8166389465332,117.8089599609375,130.8000030517578,306.6471862792969,271.989990234375,114.58000183105469,44.404998779296875,223.41481018066406,111.99549102783203,507.3599853515625,85.84203338623047,110.5927505493164,33.30122375488281,30391.646484375,1872.11376953125,21.977602005004883
2023-07-13,187.74378967285156,334.110595703125,45.88760757446289,123.36608123779297,134.3000030517578,310.6817626953125,277.8999938964844,115.91999816894531,45.03799819946289,226.45223999023438,113.37589263916016,517.280029296875,85.88158416748047,114.73021697998047,33.193424224853516,31476.048828125,2006.511474609375,26.02569580078125
2023-07-14,187.8916015625,336.626220703125,45.38059616088867,124.23779296875,134.67999267578125,306.1812744140625,281.3800048828125,115.94000244140625,44.191001892089844,225.42994689941406,115.13276672363281,514.8300170898438,85.70988464355469,114.20836639404297,32.48780822753906,30334.068359375,1939.3470458984375,26.7357177734375
2023-07-15,,,,,,,,,,,,,,,,30295.806640625,1931.466552734375,27.391355514526367
2023-07-16,,,,,,,,,,,,,,,,30249.1328125,1923.681884765625,27.384082794189453
2023-07-17,191.1431884765625,337.1040344238281,46.370662689208984,123.47504425048828,133.55999755859375,307.9160461425781,290.3800048828125,118.31999969482422,45.005001068115234,224.12255859375,114.76594543457031,522.0,87.80976104736328,114.99112701416016,33.683433532714844,30145.888671875,1911.6461181640625,26.872766494750977
2023-07-18,190.886962890625,350.5207214355469,47.40165710449219,122.59343719482422,132.8300018310547,309.3335876464844,293.3399963378906,117.93000030517578,47.47999954223633,223.75888061523438,116.58072662353516,532.22998046875,87.14228820800781,114.4879150390625,33.81084060668945,29856.5625,1897.5992431640625,25.544504165649414
2023-07-19,192.23687744140625,346.2207946777344,46.9854621887207,120.8797378540039,135.36000061035156,313.2591247558594,291.260009765625,116.43000030517578,47.75899887084961,230.3842315673828,114.5728759765625,527.1699829101562,86.94357299804688,115.94160461425781,33.77163314819336,29913.923828125,1889.0079345703125,26.372352600097656
2023-07-20,190.29580688476562,338.215576171875,45.43149185180664,118.07642364501953,129.9600067138672,299.886474609375,262.8999938964844,110.25,43.742000579833984,224.2798614501953,111.8603515625,516.8800048828125,85.6867446899414,112.49375915527344,32.70341110229492,29792.015625,1890.9691162109375,25.375167846679688
2023-07-21,189.12326049804688,335.19293212890625,44.22284698486328,118.88868713378906,130.0,291.69842529296875,260.0199890136719,110.94999694824219,42.75,224.18153381347656,113.56895446777344,520.22998046875,86.49793243408203,116.2211685180664,33.340431213378906,29908.744140625,1892.080078125,25.544267654418945
2023-07-22,,,,,,,,,,,,,,,,29771.802734375,1864.912353515625,24.535053253173828
2023-07-23,,,,,,,,,,,,,,,,30084.5390625,1889.191650390625,24.766815185546875
2023-07-24,189.92135620117188,336.4994812011719,44.52526092529297,120.38445281982422,128.8000030517578,289.0715026855469,269.05999755859375,110.61000061035156,42.83700180053711,221.82237243652344,113.97439575195312,523.8599853515625,86.96479034423828,115.64341735839844,32.95821762084961,29176.916015625,1850.0020751953125,23.38149070739746
2023-07-25,190.77859497070312,342.22314453125,45.590187072753906,121.05804443359375,129.1300048828125,291.9066467285156,265.2799987792969,113.0,42.77000045776367,222.1860809326172,113.85853576660156,525.3400268554688,88.54669952392578,116.54730987548828,33.418827056884766,29227.390625,1857.741943359375,23.279321670532227
2023-07-26,191.6456756591797,329.3426513671875,45.363624572753906,128.05152893066406,128.14999389648438,295.9709777832031,264.3500061035156,110.08999633789062,42.266998291015625,221.7436981201172,111.49354553222656,514.5499877929688,86.14491271972656,115.5688705444336,33.67363357543945,29354.97265625,1872.159912109375,25.177053451538086
2023-07-27,190.3844451904297,322.468505859375,45.81075668334961,128.1802520751953,128.25,308.9964904785156,255.7100067138672,111.0999984741211,41.31700134277344,221.32102966308594,112.36231231689453,513.969970703125,86.18733978271484,117.27417755126953,33.859840393066406,29210.689453125,1860.357177734375,25.099336624145508
2023-07-28,192.9561767578125,329.9275817871094,46.65909957885742,131.33030700683594,132.2100067138672,322.6466369628906,266.44000244140625,112.95999908447266,42.577999114990234,221.76336669921875,111.9665298461914,528.8699951171875,86.79116821289062,120.65681457519531,36.09429931640625,29319.24609375,1874.744873046875,24.84685707092285
2023-07-29,,,,,,,,,,,,,,,,29356.91796875,1881.06884765625,25.168973922729492
2023-07-30,,,,,,,,,,,,,,,,29275.30859375,1861.643798828125,24.261018753051758
2023-07-31,193.56704711914062,327.53875732421875,46.63813781738281,131.46900939941406,133.67999267578125,315.8265686035156,267.42999267578125,114.4000015258789,43.89699935913086,221.18338012695312,113.16354370117188,546.1699829101562,86.68120574951172,123.16351318359375,35.05546951293945,29230.111328125,1856.162353515625,23.720956802368164
2023-08-01,192.73939514160156,327.9483337402344,46.41657257080078,130.31002807617188,131.69000244140625,319.90069580078125,261.07000732421875,117.5999984741211,43.86199951171875,220.4560089111328,113.81995391845703,549.0999755859375,88.74057006835938,123.07962036132812,35.08486557006836,29675.732421875,1871.7921142578125,23.99875259399414
2023-08-02,189.75384521484375,319.3288879394531,44.182926177978516,127.1698989868164,128.2100067138672,311.5738830566406,254.11000061035156,109.3499984741211,42.970001220703125,216.75010681152344,111.69625091552734,530.2999877929688,86.06871032714844,120.46114349365234,33.70303726196289,29151.958984375,1839.0897216796875,23.145721435546875
2023-08-03,188.36453247070312,318.5098876953125,44.428443908691406,127.23922729492188,128.91000366210938,310.46368408203125,259.32000732421875,113.1500015258789,43.099998474121094,211.89410400390625,110.57649230957031,523.760009765625,85.36263275146484,110.61139678955078,34.17344665527344,29178.6796875,1835.136474609375,22.636049270629883
2023-08-04,179.31927490234375,319.6018981933594,44.5931282043457,126.90243530273438,139.57000732421875,308.0250549316406,253.86000061035156,115.81999969482422,43.15999984741211,210.94061279296875,110.47029876708984,526.8800048828125,85.04144287109375,113.22059631347656,34.561946868896484,29074.091796875,1827.712890625,22.79361915588379
2023-08-05,,,,,,,,,,,,,,,,29042.126953125,1834.9879150390625,22.632204055786133
2023-08-06,,,,,,,,,,,,,,,,29041.85546875,1827.4620361328125,23.18569564819336
2023-08-07,176.22535705566406,321.8737487792969,45.32868957519531,130.29019165039062,142.22000122070312,313.8043212890625,251.4499969482422,116.80999755859375,44.07600021362305,212.3856201171875,112.07270812988281,529.72998046875,86.52784729003906,111.20777893066406,34.65046691894531,29180.578125,1826.9388427734375,23.068756103515625
2023-08-08,177.1614227294922,317.9150695800781,44.57716369628906,130.16143798828125,139.94000244140625,309.9184265136719,249.6999969482422,113.2300033569336,43.83000183105469,207.98184204101562,111.23291778564453,520.5999755859375,85.18710327148438,109.64226531982422,34.44392395019531,29765.4921875,1855.807373046875,24.211763381958008
2023-08-09,175.57504272460938,314.19036865234375,42.471256256103516,128.43783569335938,137.85000610351562,302.5530700683594,242.19000244140625,110.47000122070312,42.88999938964844,202.3590850830078,109.1767807006836,513.780029296875,82.05899047851562,108.62654876708984,33.716094970703125,29561.494140625,1854.297607421875,24.37852668762207
2023-08-10,175.3582305908203,314.87286376953125,42.30558776855469,128.46754455566406,138.55999755859375,303.0784912109375,245.33999633789062,110.2300033569336,42.99800109863281,204.70843505859375,109.07059478759766,515.8300170898438,81.30371856689453,107.7319564819336,34.10951614379883,29429.591796875,1850.75341796875,24.613052368164062
2023-08-11,175.41746520996094,313.00079345703125,40.77556228637695,128.33876037597656,138.41000366210938,299.0142822265625,242.64999389648438,107.56999969482422,42.16600036621094,205.15078735351562,109.13818359375,508.45001220703125,80.0362777709961,106.80009460449219,34.31605911254883,29397.71484375,1847.1243896484375,24.582860946655273
2023-08-12,,,,,,,,,,,,,,,,29415.96484375,1848.889892578125,24.90673065185547
2023-08-13,,,,,,,,,,,,,,,,29282.9140625,1839.2801513671875,24.24288558959961
2023-08-14,177.065185546875,315.95526123046875,43.66792678833008,130.0920867919922,140.57000732421875,303.52459716796875,239.75999450683594,111.9800033569336,42.77799987792969,208.45364379882812,111.56111145019531,522.25,82.3840560913086,106.25032043457031,35.09306335449219,29408.443359375,1844.185791015625,25.142822265625
2023-08-15,175.08197021484375,313.82952880859375,43.85456848144531,128.5566864013672,137.6699981689453,299.3215026855469,232.9600067138672,111.3499984741211,42.369998931884766,205.2294158935547,113.221435546875,518.7000122070312,81.26708221435547,104.06977081298828,34.198036193847656,29170.34765625,1826.9327392578125,23.89658546447754
2023-08-16,174.2137451171875,313.0674743652344,43.40144348144531,127.48687744140625,135.07000732421875,291.7281799316406,225.60000610351562,107.19000244140625,41.54499816894531,203.46987915039062,111.33907318115234,514.489990234375,80.34783935546875,102.6440200805664,32.978431701660156,28701.779296875,1805.6590576171875,22.811975479125977
2023-08-17,171.67800903320312,309.6280212402344,43.259727478027344,128.69537353515625,133.97999572753906,282.6082458496094,219.22000122070312,104.44000244140625,40.29999923706055,200.37342834472656,110.89503479003906,511.6700134277344,79.77970123291016,102.57878875732422,32.044063568115234,26664.55078125,1684.9334716796875,21.70997428894043
2023-08-18,172.16151428222656,309.23712158203125,43.214813232421875,126.25857543945312,133.22000122070312,280.7843017578125,215.49000549316406,105.44999694824219,40.452999114990234,201.3466033935547,112.42022705078125,508.1300048828125,79.65817260742188,102.59742736816406,32.21126174926758,26049.556640625,1660.945068359375,21.335493087768555
2023-08-19,,,,,,,,,,,,,,,,26096.205078125,1669.471923828125,21.879037857055664
2023-08-20,,,,,,,,,,,,,,,,26189.583984375,1684.85205078125,21.77327537536621
2023-08-21,173.4934539794922,314.5135803222656,46.87567901611328,127.15998840332031,134.67999267578125,287.3763427734375,231.27999877929688,108.22000122070312,40.82899856567383,205.47515869140625,112.54573059082031,520.469970703125,83.44894409179688,103.1379165649414,32.594852447509766,26124.140625,1667.26904296875,21.20825958251953
2023-08-22,174.86492919921875,315.0802917480469,45.57920837402344,127.86328125,134.25,285.0964050292969,233.19000244140625,105.66000366210938,41.31700134277344,203.2437744140625,112.49747467041016,519.47998046875,82.54705810546875,102.01036071777344,32.348960876464844,26031.65625,1633.892578125,20.546541213989258
2023-08-23,178.7030029296875,319.5164489746094,47.02439498901367,131.1222686767578,135.52000427246094,291.6786193847656,236.86000061035156,109.43000030517578,42.755001068115234,205.573486328125,113.75235748291016,530.7100219726562,84.55240631103516,103.59451293945312,33.4210319519043,26431.640625,1679.2744140625,21.703624725341797
2023-08-24,174.0262908935547,312.6473083496094,47.07130432128906,128.5566864013672,131.83999633789062,284.2538146972656,230.0399932861328,101.80000305175781,40.69300079345703,202.0150146484375,108.99337005615234,512.4299926757812,82.41877746582031,101.11578369140625,32.05389404296875,26162.373046875,1659.944580078125,21.033031463623047
2023-08-25,176.2265167236328,315.5884094238281,45.928531646728516,128.65574645996094,133.25999450683594,283.0146789550781,238.58999633789062,102.25,41.60300064086914,205.90768432617188,112.03411865234375,525.0599975585938,82.16411590576172,102.80243682861328,32.703041076660156,26047.66796875,1652.93505859375,20.392719268798828
2023-08-26,,,,,,,,,,,,,,,,26008.462890625,1646.3067626953125,20.280424118041992
2023-08-27,,,,,,,,,,,,,,,,26089.693359375,1657.5130615234375,20.78683853149414
2023-08-28,177.78543090820312,316.29193115234375,46.74394226074219,129.77508544921875,133.13999938964844,287.7332458496094,238.82000732421875,102.61000061035156,41.805999755859375,208.11941528320312,112.78704833984375,529.9199829101562,83.05731964111328,104.06977081298828,33.06695556640625,26106.150390625,1652.4573974609375,20.557100296020508
2023-08-29,181.66299438476562,320.8941345214844,48.689151763916016,133.3015594482422,134.91000366210938,295.3959655761719,257.17999267578125,105.91999816894531,42.999000549316406,208.35533142089844,116.46488952636719,540.5700073242188,85.84010314941406,106.02665710449219,33.74560546875,27727.392578125,1729.7257080078125,21.780763626098633
2023-08-30,185.14585876464844,321.2654724121094,49.168212890625,134.5991973876953,135.07000732421875,292.5310974121094,256.8999938964844,106.58999633789062,43.46699905395508,211.38296508789062,116.91858673095703,545.3599853515625,86.06678771972656,106.29881286621094,33.96198272705078,27297.265625,1705.1121826171875,20.834903717041016
2023-08-31,185.36293029785156,320.2590026855469,49.259037017822266,134.886474609375,138.00999450683594,293.31427001953125,258.0799865722656,105.72000122070312,43.36800003051758,217.6938018798828,116.21392059326172,559.3400268554688,89.01934051513672,107.48126220703125,34.561946868896484,25931.47265625,1645.63916015625,19.735092163085938
2023-09-01,186.93173217773438,321.138427734375,48.41468048095703,134.3812713623047,138.1199951171875,293.7999572753906,245.00999450683594,109.44999694824219,43.987998962402344,217.7626190185547,116.73519134521484,563.2100219726562,84.16078186035156,108.28833770751953,36.00777053833008,25800.724609375,1628.4912109375,19.327844619750977
2023-09-02,,,,,,,,,,,,,,,,25868.798828125,1637.025390625,19.493743896484375
2023-09-03,,,,,,,,,,,,,,,,25969.56640625,1636.11767578125,19.578746795654297
2023-09-04,,,,,,,,,,,,,,,,25812.416015625,1629.6552734375,19.499408721923828
2023-09-05,187.16851806640625,325.9164733886719,48.45361328125,134.49021911621094,137.27000427246094,297.53717041015625,256.489990234375,110.77999877929688,44.86800003051758,214.9709014892578,119.67937469482422,564.8800048828125,84.12702941894531,109.37694549560547,36.10612487792969,25779.982421875,1633.62939453125,20.272384643554688
2023-09-06,180.46913146972656,325.26190185546875,46.973358154296875,133.19259643554688,135.36000061035156,296.5657043457031,251.9199981689453,109.27999877929688,44.57600021362305,217.85107421875,120.01725006103516,561.9400024414062,84.13668060302734,107.6220474243164,36.37167739868164,25753.236328125,1632.2523193359375,19.62002944946289
2023-09-07,175.19053649902344,322.35986328125,46.1548957824707,133.98501586914062,137.85000610351562,296.0700378417969,251.49000549316406,106.58999633789062,44.31399917602539,218.74560546875,120.75086975097656,560.4600219726562,82.66667938232422,99.85163116455078,37.55194091796875,26240.1953125,1647.5982666015625,19.890499114990234
2023-09-08,175.80223083496094,326.6200256347656,45.48712921142578,135.094482421875,138.22999572753906,295.296875,248.5,106.08999633789062,44.279998779296875,220.93763732910156,121.93820190429688,560.3599853515625,82.7168197631836,99.60763549804688,37.384735107421875,25905.654296875,1636.1378173828125,19.599044799804688
2023-09-09,,,,,,,,,,,,,,,,25895.677734375,1635.162353515625,19.44607162475586
2023-09-10,,,,,,,,,,,,,,,,25832.2265625,1616.828857421875,18.248830795288086
2023-09-11,176.96652221679688,330.2060546875,45.093875885009766,135.62939453125,143.10000610351562,304.88262939453125,273.5799865722656,105.31999969482422,44.5359992980957,221.4783172607422,122.3146743774414,564.5,82.87020111083984,103.49282836914062,37.955196380615234,25162.654296875,1551.6376953125,17.739166259765625
2023-09-12,173.94735717773438,324.1772766113281,44.78644561767578,134.0642852783203,141.22999572753906,299.03399658203125,267.4800109863281,105.30999755859375,43.46900177001953,217.89039611816406,105.80784606933594,542.2100219726562,81.4599838256836,104.38436126708984,38.22075653076172,25833.34375,1592.429443359375,17.929826736450195
2023-09-13,171.88525390625,328.3690490722656,45.40030288696289,135.42140197753906,144.85000610351562,302.4044494628906,271.29998779296875,107.70999908447266,41.2239990234375,215.0790557861328,107.96049499511719,553.5599975585938,82.27120208740234,105.70757293701172,38.07322311401367,26228.32421875,1607.988525390625,18.402999877929688
2023-09-14,173.39483642578125,330.94866943359375,45.49612045288086,136.79827880859375,144.72000122070312,309.0064697265625,276.0400085449219,106.62999725341797,40.04899978637695,215.0594024658203,109.71737670898438,552.1599731445312,84.07591247558594,107.02142333984375,38.033878326416016,26539.673828125,1626.974365234375,18.838306427001953
2023-09-15,172.67454528808594,322.6627197265625,43.81825256347656,136.10484313964844,140.38999938964844,297.69573974609375,274.3900146484375,101.48999786376953,39.694000244140625,210.96029663085938,109.95869445800781,528.8900146484375,82.15061950683594,106.17682647705078,37.25687789916992,26608.693359375,1641.640380859375,19.16884422302246
2023-09-16,,,,,,,,,,,,,,,,26568.28125,1635.2216796875,19.140369415283203
2023-09-17,,,,,,,,,,,,,,,,26534.1875,1622.896728515625,18.831628799438477
2023-09-18,175.59503173828125,321.52923583984375,43.88412857055664,136.90725708007812,139.97999572753906,299.916259765625,265.2799987792969,102.37000274658203,39.439998626708984,211.34365844726562,108.31765747070312,532.4199829101562,81.98857879638672,105.8108139038086,37.36506652832031,26754.28125,1637.3470458984375,19.657245635986328
2023-09-19,176.6803741455078,321.128662109375,43.438968658447266,136.7388153076172,137.6300048828125,302.41436767578125,266.5,101.61000061035156,39.619998931884766,212.03173828125,108.85822296142578,541.6900024414062,81.91139221191406,103.90575408935547,35.742210388183594,27211.1171875,1643.544677734375,20.03618812561035
2023-09-20,173.14816284179688,313.4289855957031,42.160343170166016,132.4793701171875,135.2899932861328,297.06134033203125,262.5899963378906,100.33999633789062,38.630001068115234,209.40716552734375,108.95476531982422,535.780029296875,80.55075073242188,102.4980697631836,34.119346618652344,27132.0078125,1622.890625,20.3049373626709
2023-09-21,171.60894775390625,312.2174072265625,40.940616607666016,129.21051025390625,129.3300018310547,293.1556701660156,255.6999969482422,96.11000061035156,38.415000915527344,205.0623321533203,105.63409423828125,513.8800048828125,78.3967514038086,101.31562042236328,34.08000946044922,26567.6328125,1584.3070068359375,19.47907066345215
2023-09-22,172.45745849609375,309.7550354003906,41.53252410888672,129.0222930908203,129.1199951171875,296.4764709472656,244.8800048828125,96.19999694824219,37.98099899291992,202.91937255859375,105.24795532226562,512.9000244140625,80.40623474121094,101.05284881591797,33.61774444580078,26579.568359375,1593.268310546875,19.43814468383789
2023-09-23,,,,,,,,,,,,,,,,26579.390625,1593.8577880859375,19.47390365600586
2023-09-24,,,,,,,,,,,,,,,,26256.826171875,1580.8533935546875,19.374290466308594
2023-09-25,173.7302703857422,310.2729187011719,42.14338302612305,129.8741455078125,131.27000427246094,298.2112731933594,246.99000549316406,97.37999725341797,38.47999954223633,202.8309326171875,104.54328155517578,511.6000061035156,80.87271881103516,103.63359832763672,33.72593307495117,26298.48046875,1588.3228759765625,19.40414047241211
2023-09-26,169.665283203125,304.99652099609375,41.83295440673828,127.35810089111328,125.9800033569336,296.3575134277344,244.1199951171875,95.95999908447266,37.92499923706055,199.04638671875,101.24191284179688,506.29998779296875,79.15613555908203,102.96730041503906,33.27349853515625,26217.25,1593.417236328125,19.023286819458008
2023-09-27,168.15565490722656,305.6316223144531,42.388916015625,129.30955505371094,125.9800033569336,295.1481628417969,240.5,98.06999969482422,37.75899887084961,199.28231811523438,100.9909439086914,502.6000061035156,79.21625518798828,102.46993255615234,34.040672302246094,26352.716796875,1597.4912109375,19.130022048950195
2023-09-28,168.41217041015625,306.462158203125,43.008766174316406,131.06285095214844,125.9800033569336,301.31396484375,246.3800048828125,102.76000213623047,37.63600158691406,199.74432373046875,102.46788024902344,504.6700134277344,80.68943786621094,104.26235961914062,34.60129165649414,27021.546875,1652.8826904296875,19.957616806030273
2023-09-29,168.92529296875,308.52386474609375,43.41800308227539,129.62649536132812,127.12000274658203,297.59661865234375,250.22000122070312,102.81999969482422,37.7599983215332,199.3314666748047,102.245849609375,509.8999938964844,80.55171203613281,104.2248306274414,34.965206146240234,26911.720703125,1667.94384765625,20.300655364990234
2023-09-30,,,,,,,,,,,,,,,,26967.916015625,1671.161865234375,21.3951473236084
2023-10-01,,,,,,,,,,,,,,,,27983.75,1733.8104248046875,23.83648681640625
2023-10-02,171.43138122558594,314.4354248046875,44.6986198425293,132.9053192138672,129.4600067138672,304.14910888671875,251.60000610351562,103.2699966430664,38.03300094604492,200.24566650390625,103.00843048095703,521.1300048828125,80.97552490234375,104.26235961914062,34.87668228149414,27530.78515625,1663.6275634765625,23.371700286865234
2023-10-03,170.09939575195312,306.2178955078125,43.435970306396484,131.1817169189453,124.72000122070312,298.3203125,246.52999877929688,100.08000183105469,37.67499923706055,196.43165588378906,100.89442443847656,507.0299987792969,79.02425384521484,103.40837097167969,35.10289764404297,27429.978515625,1656.6856689453125,23.55269432067871
2023-10-04,171.3425750732422,311.6604309082031,43.95899200439453,133.96524047851562,127.0,302.9198913574219,261.1600036621094,104.06999969482422,37.689998626708984,198.4369354248047,103.36560821533203,518.4199829101562,79.89513397216797,103.08930969238281,35.338951110839844,27799.39453125,1647.838134765625,23.144786834716797
2023-10-05,172.57589721679688,312.05126953125,44.60478591918945,133.7968292236328,125.95999908447266,302.1367492675781,260.04998779296875,102.91000366210938,37.25899887084961,198.57455444335938,104.591552734375,516.4400024414062,79.89998626708984,103.0423812866211,35.29961013793945,27415.912109375,1611.4764404296875,22.694141387939453
2023-10-06,175.12149047851562,319.77044677734375,45.676788330078125,136.28318786621094,127.95999908447266,312.6841125488281,260.5299987792969,107.23999786376953,38.1510009765625,203.83358764648438,106.14570617675781,526.6799926757812,81.97541809082031,104.055908203125,35.59467697143555,27946.59765625,1645.83154296875,23.424453735351562
2023-10-07,,,,,,,,,,,,,,,,27968.83984375,1634.51123046875,23.287302017211914
2023-10-08,,,,,,,,,,,,,,,,27935.08984375,1633.548583984375,23.24642562866211
2023-10-09,176.60145568847656,322.27191162109375,45.18869400024414,137.11524963378906,128.25999450683594,315.588623046875,259.6700134277344,106.97000122070312,38.595001220703125,203.69593811035156,106.49321746826172,529.2899780273438,83.00537109375,104.9192886352539,35.46681594848633,27583.677734375,1579.806640625,22.118396759033203
2023-10-10,176.0094757080078,320.8746337890625,45.71271896362305,136.75865173339844,129.47999572753906,319.0383605957031,263.6199951171875,109.01000213623047,37.332000732421875,203.36175537109375,105.90437316894531,532.719970703125,83.250732421875,105.39788055419922,35.83073043823242,27391.01953125,1567.7130126953125,22.10511589050293
2023-10-11,177.40065002441406,324.8124084472656,46.71884536743164,139.22518920898438,131.8300018310547,324.96630859375,262.989990234375,108.30999755859375,36.59299850463867,203.332275390625,106.2240982055664,549.9099731445312,84.81700897216797,104.28114318847656,36.27332305908203,26873.3203125,1566.2547607421875,22.00741958618164
2023-10-12,178.2985382080078,323.58123779296875,46.857582092285156,137.6600799560547,132.3300018310547,321.3381042480469,258.8699951171875,108.79000091552734,36.119998931884766,202.18215942382812,105.71060943603516,559.6300048828125,87.82733917236328,104.6001968383789,36.233985900878906,26756.798828125,1539.6124267578125,21.300268173217773
2023-10-13,176.4633331298828,320.2297058105469,45.3763427734375,136.06521606445312,129.7899932861328,311.9505310058594,251.1199951171875,105.08999633789062,35.56800079345703,201.11068725585938,104.87740325927734,548.760009765625,85.65299224853516,101.97254180908203,35.3782958984375,26862.375,1552.0894775390625,21.834917068481445
2023-10-14,,,,,,,,,,,,,,,,26861.70703125,1555.2568359375,22.01171875
2023-10-15,,,,,,,,,,,,,,,,27159.65234375,1558.06982421875,21.922027587890625
2023-10-16,176.33505249023438,325.02734375,46.00917053222656,137.78884887695312,132.5500030517578,318.3543395996094,253.9199981689453,106.45999908447266,36.082000732421875,204.98365783691406,105.32308197021484,550.739990234375,87.53349304199219,103.70867156982422,35.95859146118164,28519.466796875,1600.5343017578125,23.98295783996582
2023-10-17,174.78599548339844,324.4606018066406,43.85618591308594,138.4029998779297,131.47000122070312,321.17950439453125,254.85000610351562,105.13999938964844,35.571998596191406,206.27139282226562,105.64278411865234,560.0900268554688,85.77131652832031,105.29466247558594,35.46681594848633,28415.748046875,1565.4395751953125,23.959318161010742
2023-10-18,173.4934539794922,322.5552673339844,42.11742401123047,136.65957641601562,128.1300048828125,314.21075439453125,242.67999267578125,102.16999816894531,34.61899948120117,201.3466033935547,104.87740325927734,557.8699951171875,86.02638244628906,104.14974212646484,35.0537223815918,28328.341796875,1563.7498779296875,23.432138442993164
2023-10-19,173.11859130859375,323.7375793457031,42.022613525390625,136.45155334472656,128.39999389648438,310.0869445800781,220.11000061035156,102.4000015258789,40.176998138427734,204.77725219726562,104.96459197998047,555.739990234375,84.16432189941406,104.4312973022461,35.08323287963867,28719.806640625,1567.45703125,24.93791961669922
2023-10-20,170.57298278808594,319.1939697265625,41.3099365234375,134.3218536376953,125.16999816894531,305.9631652832031,211.99000549316406,101.80999755859375,40.09600067138672,200.2653045654297,98.67679595947266,540.9600219726562,82.78715515136719,101.94437408447266,34.34556579589844,29682.94921875,1604.6668701171875,27.033674240112305
2023-10-21,,,,,,,,,,,,,,,,29918.412109375,1629.304443359375,29.386228561401367
2023-10-22,,,,,,,,,,,,,,,,29993.896484375,1663.429931640625,29.03668212890625
2023-10-23,170.69137573242188,321.7833251953125,42.89497756958008,135.21334838867188,126.55999755859375,311.2765197753906,212.0800018310547,100.01000213623047,40.683998107910156,198.56472778320312,100.43040466308594,540.4099731445312,83.62024688720703,101.97254180908203,33.29316711425781,33086.234375,1765.3826904296875,31.850984573364258
2023-10-24,171.12550354003906,322.96563720703125,43.58169174194336,137.50157165527344,128.55999755859375,309.8292236328125,216.52000427246094,101.66999816894531,41.37300109863281,200.7469940185547,99.98473358154297,539.5599975585938,85.45223236083984,102.65760803222656,34.02099609375,33901.52734375,1784.4375,30.15153694152832
2023-10-25,168.81674194335938,332.87359619140625,41.70120620727539,124.42601013183594,121.38999938964844,296.922607421875,212.4199981689453,96.05999755859375,41.125,193.70875549316406,98.26988983154297,521.1400146484375,82.39923095703125,98.33132934570312,32.28995132446289,34502.8203125,1787.3975830078125,32.46306610107422
2023-10-26,164.6629180908203,320.38604736328125,40.250911712646484,121.12739562988281,119.56999969482422,285.83990478515625,205.75999450683594,93.66999816894531,40.354000091552734,192.9125213623047,97.27198028564453,514.280029296875,80.1802749633789,99.11962127685547,31.98504638671875,34156.6484375,1804.039306640625,32.77549362182617
2023-10-27,165.9751739501953,322.2620544433594,40.424583435058594,121.01841735839844,127.73999786376953,294.1469421386719,207.3000030517578,96.43000030517578,39.7869987487793,193.2270965576172,97.84358978271484,508.1199951171875,81.30624389648438,99.9079360961914,34.95536804199219,33909.80078125,1780.0452880859375,31.73969841003418
2023-10-28,,,,,,,,,,,,,,,,34089.57421875,1776.6181640625,31.653318405151367
2023-10-29,,,,,,,,,,,,,,,,34538.48046875,1795.5460205078125,32.822608947753906
2023-10-30,168.01754760742188,329.5904846191406,41.084354400634766,123.28683471679688,132.7100067138672,300.02532958984375,197.36000061035156,96.18000030517578,41.007999420166016,195.88116455078125,98.4830322265625,526.9400024414062,81.58650970458984,101.19361114501953,35.10289764404297,34502.36328125,1810.088623046875,34.962337493896484
2023-10-31,168.49114990234375,330.3721618652344,40.70406723022461,122.91043090820312,133.08999633789062,298.6473693847656,200.83999633789062,98.5,41.16899871826172,197.4146270751953,100.17851257324219,532.0599975585938,81.59817504882812,102.28221893310547,35.899574279785156,34667.78125,1816.458984375,38.51951599121094
2023-11-01,171.6484375,338.1499938964844,42.24618148803711,125.2580795288086,137.0,309.1352844238281,205.66000366210938,108.04000091552734,42.01900100708008,200.44223022460938,102.45528411865234,544.5,82.72024536132812,104.06527709960938,36.67658233642578,35437.25390625,1847.0897216796875,41.461544036865234
2023-11-02,175.20040893554688,340.3484802246094,43.424991607666016,126.28826904296875,138.07000732421875,308.163818359375,218.50999450683594,107.83000183105469,42.47100067138672,204.57083129882812,103.54039764404297,558.7100219726562,84.50082397460938,110.13710021972656,37.079837799072266,34938.2421875,1800.6209716796875,40.20756912231445
2023-11-03,174.2926788330078,344.7259216308594,44.92118835449219,127.88311004638672,138.60000610351562,311.8613586425781,219.9600067138672,112.25,43.236000061035156,203.9416961669922,104.68363189697266,563.6599731445312,85.60449981689453,112.16414642333984,37.512596130371094,34732.32421875,1832.795166015625,39.51976013183594
2023-11-04,,,,,,,,,,,,,,,,35082.1953125,1857.6986083984375,42.346595764160156
2023-11-05,,,,,,,,,,,,,,,,35049.35546875,1894.15771484375,41.23860168457031
2023-11-06,176.83822631835938,348.37060546875,45.66580581665039,129.0222930908203,139.74000549316406,313.0509033203125,219.27000427246094,111.75,43.4739990234375,203.89254760742188,105.71060943603516,565.4500122070312,85.42508697509766,112.54893493652344,37.44845962524414,35037.37109375,1899.83740234375,42.12858963012695
2023-11-07,179.39369201660156,352.279052734375,45.86943054199219,129.7354736328125,142.7100067138672,316.0446472167969,222.17999267578125,113.44999694824219,43.46099853515625,208.2373809814453,105.59434509277344,585.2000122070312,87.07280731201172,113.2903060913086,38.25762176513672,35443.5625,1888.124267578125,43.09254455566406
2023-11-08,180.44940185546875,354.8879699707031,46.48727035522461,130.59725952148438,142.0800018310547,316.9963073730469,222.11000061035156,113.58999633789062,43.665000915527344,207.87367248535156,108.83028411865234,585.3099975585938,88.36365509033203,112.6709213256836,37.418853759765625,35655.27734375,1889.3223876953125,43.18988800048828
2023-11-09,179.97579956054688,352.43536376953125,46.862571716308594,129.01234436035156,140.60000610351562,317.75958251953125,209.97999572753906,113.48999786376953,43.51499938964844,206.43850708007812,108.6849594116211,577.739990234375,88.38789367675781,112.70845794677734,37.30044174194336,36693.125,2120.56103515625,45.444828033447266
2023-11-10,184.15484619140625,361.2098388671875,48.2449951171875,131.3402099609375,143.55999755859375,325.9079895019531,214.64999389648438,118.58999633789062,44.7239990234375,209.9969482421875,109.54722595214844,597.219970703125,92.86267852783203,116.56551361083984,38.346431732177734,37313.96875,2078.289794921875,56.64385223388672
2023-11-11,,,,,,,,,,,,,,,,37138.05078125,2052.7138671875,56.1026611328125
2023-11-12,,,,,,,,,,,,,,,,37054.51953125,2045.18701171875,56.15409851074219
2023-11-13,182.57411193847656,358.2882995605469,48.52946090698242,130.8449249267578,142.58999633789062,326.3243408203125,223.7100067138672,116.79000091552734,44.46200180053711,211.61888122558594,110.59358215332031,590.3400268554688,91.83561706542969,116.22764587402344,37.72475814819336,36502.35546875,2055.265380859375,51.90705108642578
2023-11-14,185.1823272705078,361.796142578125,49.56352996826172,132.36050415039062,145.8000030517578,333.3823547363281,237.41000366210938,119.87999725341797,44.8650016784668,217.41854858398438,112.48282623291016,604.3300170898438,94.3600845336914,119.52165222167969,38.889163970947266,35537.640625,1979.0526123046875,56.838375091552734
2023-11-15,185.7454833984375,361.9429931640625,48.79696273803711,133.35105895996094,143.1999969482422,329.8136901855469,242.83999633789062,118.0,46.194000244140625,215.68846130371094,110.50640106201172,595.3099975585938,94.59671783447266,120.9856185913086,40.07330322265625,37880.58203125,2060.408447265625,65.5344009399414
2023-11-16,187.42503356933594,368.3072204589844,49.38785934448242,135.6392822265625,142.8300018310547,331.2808532714844,233.58999633789062,119.83000183105469,46.69499969482422,217.68397521972656,111.09738159179688,602.0599975585938,93.0595474243164,120.77918243408203,42.77709197998047,36154.76953125,1960.881591796875,57.871402740478516
2023-11-17,187.4052276611328,362.1192626953125,49.20621109008789,134.03456115722656,145.17999267578125,332.12347412109375,234.3000030517578,120.62000274658203,46.590999603271484,217.4578857421875,111.76588439941406,602.6599731445312,94.82268524169922,121.50178527832031,43.23101806640625,36596.68359375,1961.28076171875,58.41593551635742
2023-11-18,,,,,,,,,,,,,,,,36585.703125,1963.2850341796875,58.512725830078125
2023-11-19,,,,,,,,,,,,,,,,37386.546875,2013.2044677734375,61.393558502197266
2023-11-20,189.14404296875,369.55059814453125,50.31513214111328,134.9656982421875,146.1300048828125,337.010498046875,235.60000610351562,121.52999877929688,47.446998596191406,221.30136108398438,113.27728271484375,612.7000122070312,96.56643676757812,121.5393295288086,44.14872360229492,37476.95703125,2022.2391357421875,56.53383255004883
2023-11-21,188.34376525878906,365.2720031738281,49.85099792480469,135.67892456054688,143.89999389648438,334.0466003417969,241.1999969482422,119.16000366210938,47.494998931884766,220.5051727294922,112.46343994140625,610.989990234375,95.15921783447266,119.20256805419922,43.063262939453125,35813.8125,1937.0667724609375,52.00047302246094
2023-11-22,189.00570678710938,369.9520263671875,48.62528610229492,137.1846160888672,146.7100067138672,338.5173034667969,234.2100067138672,122.51000213623047,47.79999923706055,220.0333251953125,112.61846160888672,619.719970703125,94.2669677734375,119.65302276611328,43.09286117553711,37432.33984375,2064.42529296875,57.588558197021484
2023-11-23,,,,,,,,,,,,,,,,37289.62109375,2062.210693359375,56.599369049072266
2023-11-24,187.68185424804688,369.5408020019531,47.68703842163086,135.4015655517578,146.74000549316406,335.2857360839844,235.4499969482422,122.30999755859375,47.95600128173828,220.56414794921875,112.62815856933594,619.4299926757812,94.9332504272461,119.88763427734375,43.3790283203125,37720.28125,2081.152099609375,56.86643981933594
2023-11-25,,,,,,,,,,,,,,,,37796.79296875,2084.4130859375,58.84648895263672
2023-11-26,,,,,,,,,,,,,,,,37479.12109375,2063.2861328125,57.6427001953125
2023-11-27,187.50404357910156,370.69610595703125,48.15217590332031,135.12420654296875,147.72999572753906,331.7864074707031,236.0800018310547,122.6500015258789,47.91699981689453,220.96713256835938,112.84130859375,619.27001953125,92.15664672851562,120.30994415283203,43.4974479675293,37254.16796875,2027.4173583984375,55.06462097167969
2023-11-28,188.106689453125,374.7006530761719,47.731956481933594,135.90675354003906,147.02999877929688,336.03900146484375,246.72000122070312,122.01000213623047,47.900001525878906,221.09494018554688,112.61846160888672,623.3200073242188,91.77936553955078,118.79903411865234,43.64546203613281,37831.0859375,2049.338134765625,58.19437026977539
2023-11-29,187.08908081054688,370.9311218261719,48.05036163330078,133.71759033203125,146.32000732421875,329.3081970214844,244.13999938964844,123.8499984741211,47.71900177001953,226.4326171875,112.58940124511719,617.3900146484375,91.24403381347656,120.80121612548828,44.34607696533203,37858.4921875,2029.92919921875,59.25012969970703
2023-11-30,187.66207885742188,370.9898986816406,46.68291091918945,131.28077697753906,146.08999633789062,324.3020935058594,240.0800018310547,121.16000366210938,47.39699935913086,247.61610412597656,112.58940124511719,611.010009765625,89.77960205078125,121.87786102294922,44.1092529296875,37712.74609375,2052.55615234375,59.24162292480469
2023-12-01,188.93658447265625,366.6818542480469,46.67792510986328,130.6170654296875,147.02999877929688,321.9924621582031,238.8300018310547,121.38999938964844,46.57400131225586,255.57833862304688,113.50981140136719,612.469970703125,90.19371795654297,122.46339416503906,43.16194152832031,38688.75,2087.139892578125,59.80399703979492
2023-12-02,,,,,,,,,,,,,,,,39476.33203125,2165.7041015625,63.83285903930664
2023-12-03,,,,,,,,,,,,,,,,39978.390625,2193.691650390625,63.03996658325195
2023-12-04,187.14834594726562,361.4241027832031,45.42525100708008,128.05152893066406,144.83999633789062,317.2342224121094,235.5800018310547,118.56999969482422,45.38999938964844,246.39718627929688,112.17279815673828,604.5599975585938,89.60891723632812,122.72782135009766,41.79030990600586,41980.09765625,2243.2158203125,61.526615142822266
2023-12-05,191.09033203125,364.73345947265625,46.48337173461914,129.75527954101562,146.8800048828125,315.519287109375,238.72000122070312,118.37999725341797,45.51499938964844,246.75111389160156,110.96174621582031,602.219970703125,88.55665588378906,123.4833755493164,41.365989685058594,44080.6484375,2293.841796875,60.99483108520508
2023-12-06,190.00355529785156,361.0911865234375,45.42226028442383,128.79443359375,144.52000427246094,314.68658447265625,239.3699951171875,116.81999969482422,44.67300033569336,244.89324951171875,108.53962707519531,595.7000122070312,87.63725280761719,122.73727416992188,40.72458267211914,43746.4453125,2231.661376953125,61.902957916259766
2023-12-07,191.9300537109375,363.1962585449219,46.51332473754883,135.6392822265625,146.8800048828125,323.7469482421875,242.63999938964844,128.3699951171875,45.20000076293945,244.6179962158203,109.35346221923828,608.780029296875,89.44306182861328,125.5516586303711,41.59295654296875,43292.6640625,2357.57958984375,67.83782958984375
2023-12-08,193.3527069091797,366.40771484375,47.42170715332031,133.71759033203125,147.4199981689453,329.8533630371094,243.83999633789062,128.9199981689453,45.375999450683594,246.54466247558594,110.07040405273438,610.010009765625,91.58055877685547,125.57998657226562,42.13568878173828,44166.6015625,2358.73193359375,75.00243377685547
2023-12-09,,,,,,,,,,,,,,,,43725.984375,2341.17529296875,72.25760650634766
2023-12-10,,,,,,,,,,,,,,,,43779.69921875,2352.462646484375,74.70588684082031
2023-12-11,190.8531951904297,363.5389404296875,46.54426574707031,132.03359985351562,145.88999938964844,322.44842529296875,239.74000549316406,134.41000366210938,45.98899841308594,247.81271362304688,111.54306030273438,625.2000122070312,99.81826782226562,128.53604125976562,43.95136260986328,41243.83203125,2224.578857421875,70.36717224121094
2023-12-12,192.36476135253906,366.5545959472656,47.572444915771484,131.2708740234375,147.47999572753906,331.310546875,237.00999450683594,137.61000061035156,46.29999923706055,252.08877563476562,97.66919708251953,633.6599731445312,103.99237823486328,129.08380126953125,43.45797348022461,41450.22265625,2202.0380859375,68.54067993164062
2023-12-13,195.5756378173828,366.5447692871094,48.00267791748047,131.32041931152344,148.83999633789062,331.8260803222656,239.2899932861328,138.19000244140625,47.99800109863281,252.94395446777344,99.7812728881836,624.260009765625,105.68084716796875,131.08599853515625,43.98097229003906,42890.7421875,2260.648681640625,70.76778411865234
2023-12-14,195.7238006591797,358.28118896484375,48.26420211791992,130.69631958007812,147.4199981689453,330.26971435546875,251.0500030517578,138.0,46.983001708984375,252.83580017089844,97.18476867675781,584.6400146484375,107.3101577758789,133.6359405517578,44.582908630371094,43023.97265625,2316.5791015625,75.62033081054688
2023-12-15,195.19032287597656,362.9808654785156,48.80324935913086,131.35011291503906,149.97000122070312,332.0044860839844,253.5,139.14999389648438,47.20600128173828,257.1511535644531,100.10098266601562,584.6799926757812,109.56497955322266,135.17535400390625,45.54995346069336,41929.7578125,2219.33740234375,72.36898803710938
2023-12-16,,,,,,,,,,,,,,,,42240.1171875,2226.926513671875,73.47350311279297
2023-12-17,,,,,,,,,,,,,,,,41364.6640625,2196.481201171875,71.00051879882812
2023-12-18,193.53054809570312,364.8607482910156,49.9881477355957,134.51995849609375,154.07000732421875,341.62005615234375,252.0800018310547,138.89999389648438,48.61199951171875,259.1072998046875,101.72865295410156,599.1300048828125,111.23890686035156,133.77757263183594,45.08616638183594,42623.5390625,2217.2734375,74.34716033935547
2023-12-19,194.56790161132812,365.4580078125,49.5159797668457,135.3619384765625,153.7899932861328,347.3100280761719,257.2200012207031,140.14999389648438,49.50199890136719,259.8445739746094,102.93971252441406,604.6400146484375,111.0274887084961,135.26979064941406,46.0433464050293,42270.52734375,2177.87255859375,72.9897689819336
2023-12-20,192.48330688476562,362.8731689453125,48.025630950927734,137.03599548339844,152.1199951171875,346.23944091796875,247.13999938964844,135.47000122070312,48.926998138427734,255.8240966796875,100.90513610839844,596.0599975585938,108.1825942993164,132.63485717773438,45.155242919921875,43652.25,2201.911376953125,82.19123077392578
2023-12-21,192.3350830078125,365.73211669921875,48.903079986572266,139.0963897705078,153.83999633789062,351.0075988769531,254.5,139.91000366210938,49.1609992980957,262.705078125,102.5618667602539,600.1400146484375,109.83009338378906,134.52369689941406,46.45779800415039,43869.15234375,2239.54248046875,93.85481262207031
2023-12-22,191.26815795898438,366.7503662109375,48.74335479736328,140.15631103515625,153.4199981689453,350.313720703125,252.5399932861328,139.60000610351562,48.67599868774414,261.8105163574219,102.89128112792969,598.75,109.31273651123047,135.51531982421875,47.365638732910156,43997.90234375,2326.52490234375,98.00369262695312
2023-12-23,,,,,,,,,,,,,,,,43739.54296875,2309.04638671875,107.59423065185547
2023-12-24,,,,,,,,,,,,,,,,43016.1171875,2265.692138671875,112.48521423339844
2023-12-25,,,,,,,,,,,,,,,,43613.140625,2272.561767578125,121.1464614868164
2023-12-26,190.7247772216797,366.8287353515625,49.19156265258789,140.18606567382812,153.41000366210938,351.74114990234375,256.6099853515625,143.41000366210938,49.11899948120117,261.692626953125,102.88158416748047,598.260009765625,110.27827453613281,137.3758544921875,49.83259963989258,42520.40234375,2231.46533203125,112.6767349243164
2023-12-27,190.8235626220703,366.2510986328125,49.32931900024414,139.04685974121094,153.33999633789062,354.71502685546875,261.44000244140625,146.07000732421875,49.17900085449219,262.18408203125,102.63937377929688,596.0800170898438,109.72098541259766,137.62139892578125,50.08916091918945,43442.85546875,2378.739990234375,107.02379608154297
2023-12-28,191.24839782714844,367.435791015625,49.43412780761719,138.90821838378906,153.3800048828125,355.20074462890625,253.17999267578125,148.75999450683594,49.05099868774414,261.0634460449219,102.93971252441406,595.52001953125,109.3546371459961,137.7536163330078,49.724056243896484,42627.85546875,2347.566162109375,102.10456848144531
2023-12-29,190.21099853515625,368.1798400878906,49.43412780761719,138.373291015625,151.94000244140625,350.8787841796875,248.47999572753906,147.41000366210938,48.6879997253418,258.6650085449219,102.14525604248047,596.5999755859375,108.75448608398438,136.5919647216797,49.58590316772461,42099.40234375,2300.690673828125,106.31151580810547
2023-12-30,,,,,,,,,,,,,,,,42156.90234375,2292.0654296875,101.84508514404297
2023-12-31,,,,,,,,,,,,,,,,42265.1875,2281.47119140625,101.50582122802734
2024-01-01,,,,,,,,,,,,,,,,44167.33203125,2352.327880859375,109.50868225097656
2024-01-02,183.4040069580078,363.1179504394531,48.0825309753418,136.86761474609375,149.92999267578125,343.2755126953125,248.4199981689453,138.5800018310547,46.849998474121094,251.774169921875,100.81793975830078,580.0700073242188,105.74687957763672,132.43650817871094,47.16828155517578,44957.96875,2355.83642578125,106.61122131347656
2024-01-03,182.03074645996094,362.8536071777344,47.484596252441406,137.6105499267578,148.47000122070312,341.4713439941406,238.4499969482422,135.32000732421875,47.0260009765625,247.55714416503906,99.26778411865234,571.7899780273438,103.13578033447266,129.95266723632812,46.42819595336914,42848.17578125,2210.761962890625,98.59443664550781
2024-01-04,179.71893310546875,360.2491760253906,47.912837982177734,135.10438537597656,144.57000732421875,344.0982666015625,237.92999267578125,136.00999450683594,47.46699905395508,246.96734619140625,99.39373779296875,567.0499877929688,102.20339965820312,128.60214233398438,46.25057601928711,44179.921875,2269.0380859375,105.0775375366211
2024-01-05,178.99771118164062,360.06317138671875,49.009883880615234,134.45059204101562,145.24000549316406,348.8862609863281,237.49000549316406,138.5800018310547,47.40599822998047,246.84934997558594,99.52938079833984,564.5999755859375,102.2297134399414,129.13099670410156,46.27030944824219,44162.69140625,2268.647216796875,99.97879028320312
2024-01-06,,,,,,,,,,,,,,,,43989.1953125,2241.624755859375,93.85771942138672
2024-01-07,,,,,,,,,,,,,,,,43943.09765625,2222.865966796875,89.2763442993164
2024-01-08,183.32496643066406,366.8580627441406,52.160282135009766,137.53128051757812,149.10000610351562,355.5378112792969,240.4499969482422,146.17999267578125,48.50299835205078,256.4335632324219,101.39926147460938,580.5499877929688,104.72095489501953,131.3031768798828,47.809696197509766,46970.50390625,2333.03271484375,97.79044342041016
2024-01-09,182.91001892089844,367.9350891113281,53.045711517333984,139.6214141845703,151.3699951171875,354.31854248046875,234.9600067138672,149.25999450683594,48.20899963378906,256.8955993652344,100.40133666992188,586.2000122070312,105.4653091430664,132.1154022216797,47.41497802734375,46139.73046875,2344.8271484375,99.40918731689453
2024-01-10,183.94740295410156,374.76922607421875,54.25356674194336,140.9388427734375,153.72999572753906,367.24505615234375,233.94000244140625,148.5399932861328,47.83300018310547,259.63812255859375,101.07242584228516,591.030029296875,105.27823638916016,131.56764221191406,46.84264373779297,46627.77734375,2582.103515625,102.03302001953125
2024-01-11,183.35462951660156,376.59033203125,54.72472381591797,140.74073791503906,155.17999267578125,366.4520263671875,227.22000122070312,148.02000427246094,49.222999572753906,266.7648620605469,101.89913177490234,597.489990234375,107.1693344116211,131.3031768798828,47.010398864746094,46368.5859375,2619.619140625,99.90943908691406
2024-01-12,183.6806182861328,380.35003662109375,54.6129264831543,141.30540466308594,154.6199951171875,371.2300109863281,218.88999938964844,146.55999755859375,49.215999603271484,267.3054504394531,103.67901611328125,596.5399780273438,107.91952514648438,132.4081573486328,46.49726486206055,42853.16796875,2524.460205078125,91.72090911865234
2024-01-13,,,,,,,,,,,,,,,,42842.3828125,2576.597900390625,95.73004913330078
2024-01-14,,,,,,,,,,,,,,,,41796.26953125,2472.2412109375,94.13314056396484
2024-01-15,,,,,,,,,,,,,,,,42511.96875,2511.36376953125,94.49022674560547
2024-01-16,181.41824340820312,382.1124572753906,56.28196334838867,141.1468963623047,153.16000366210938,364.26123046875,219.91000366210938,158.74000549316406,48.124000549316406,264.612060546875,103.64982604980469,597.6799926757812,108.62881469726562,133.2770538330078,46.43806457519531,43154.9453125,2587.691162109375,97.62691497802734
2024-01-17,180.47967529296875,381.32916259765625,55.953548431396484,140.1365203857422,151.7100067138672,365.16326904296875,215.5500030517578,160.1699981689453,48.03300094604492,266.8238220214844,103.51365661621094,596.0999755859375,107.5288314819336,131.5771026611328,45.4512825012207,42742.65234375,2528.369384765625,102.0635986328125
2024-01-18,186.3579864501953,385.63714599609375,57.005672454833984,142.1275634765625,153.5,372.855712890625,211.8800048828125,162.6699981689453,48.53099822998047,269.79241943359375,105.72144317626953,593.7000122070312,111.44935607910156,137.21530151367188,46.122291564941406,41262.05859375,2467.018798828125,94.2509536743164
2024-01-19,189.25270080566406,390.3368225097656,59.385440826416016,145.00025939941406,155.33999633789062,380.1120300292969,212.19000244140625,174.22999572753906,48.29499816894531,276.1032409667969,106.66486358642578,611.5499877929688,118.00533294677734,143.5146026611328,47.51365661621094,41618.40625,2489.49853515625,93.38616943359375
2024-01-20,,,,,,,,,,,,,,,,41665.5859375,2469.589111328125,92.56983947753906
2024-01-21,,,,,,,,,,,,,,,,41545.78515625,2453.9130859375,90.84843444824219
2024-01-22,191.5546112060547,388.2220153808594,59.54814910888672,144.61390686035156,154.77999877929688,378.4565124511719,208.8000030517578,168.17999267578125,48.57099914550781,275.53314208984375,107.08309173583984,603.5900268554688,118.9113998413086,144.3740234375,47.582733154296875,39507.3671875,2310.826416015625,83.62281036376953
2024-01-23,192.82911682128906,390.56201171875,59.76676559448242,145.6539764404297,156.02000427246094,381.8467712402344,209.13999938964844,168.4199981689453,49.21900177001953,272.06317138671875,108.76569366455078,597.1799926757812,119.47745513916016,144.96902465820312,48.243873596191406,39845.55078125,2240.68603515625,84.27450561523438
2024-01-24,192.15728759765625,394.1455078125,61.25312042236328,147.29833984375,156.8699951171875,387.29888916015625,207.8300018310547,178.2899932861328,54.48699951171875,272.1712951660156,111.17774200439453,606.47998046875,122.16259002685547,145.79063415527344,48.44123077392578,40077.07421875,2233.561767578125,88.73200988769531
2024-01-25,191.83128356933594,396.4072265625,61.50767135620117,150.43846130371094,157.75,389.7572937011719,182.6300048828125,180.3300018310547,56.20000076293945,274.2846984863281,111.84882354736328,622.5800170898438,119.83697509765625,145.8850860595703,48.89515686035156,39933.80859375,2217.710205078125,86.88921356201172
2024-01-26,190.10232543945312,395.48687744140625,60.922706604003906,150.75543212890625,159.1199951171875,390.708984375,183.25,177.25,57.04199981689453,275.17926025390625,111.49868774414062,613.9299926757812,117.38956451416016,142.343505859375,43.07312774658203,41816.87109375,2267.19970703125,92.44236755371094
2024-01-27,,,,,,,,,,,,,,,,42120.0546875,2267.885986328125,94.16321563720703
2024-01-28,,,,,,,,,,,,,,,,42035.59375,2257.208740234375,95.93798065185547
2024-01-29,189.420654296875,401.1558837890625,62.35416793823242,152.0630340576172,161.25999450683594,397.5290222167969,190.92999267578125,177.8300018310547,57.57899856567383,282.96453857421875,110.6330795288086,630.22998046875,118.64541625976562,141.32351684570312,43.2606201171875,43288.24609375,2317.064208984375,101.56666564941406
2024-01-30,185.7751007080078,400.0494689941406,62.66261672973633,150.0323486328125,159.0,396.5774230957031,191.58999633789062,172.05999755859375,56.28499984741211,282.8367919921875,111.03184509277344,627.9600219726562,117.70912170410156,137.866943359375,42.35277557373047,42952.609375,2344.49365234375,101.47297668457031
2024-01-31,182.178955078125,389.2696228027344,61.417823791503906,138.77940368652344,155.1999969482422,386.74383544921875,187.2899932861328,167.69000244140625,56.4109992980957,276.3096618652344,108.63925170898438,617.780029296875,114.96553802490234,140.25631713867188,42.51066207885742,42582.60546875,2282.54443359375,97.0287094116211
2024-02-01,184.6092987060547,395.34002685546875,62.91516876220703,139.8294219970703,159.27999877929688,391.3433837890625,188.86000061035156,170.47999572753906,56.750999450683594,278.9736328125,112.36429595947266,627.9099731445312,116.91508483886719,133.26760864257812,42.78696060180664,43075.7734375,2303.82470703125,97.84669494628906
2024-02-02,183.61146545410156,402.6245422363281,66.04261016845703,141.03793334960938,171.80999755859375,470.8551330566406,187.91000366210938,177.66000366210938,56.4640007019043,280.80194091796875,112.61717987060547,634.760009765625,119.2855224609375,133.81536865234375,42.03700256347656,43185.859375,2308.0380859375,100.44052124023438
2024-02-03,,,,,,,,,,,,,,,,42992.25,2296.038330078125,97.8799819946289
2024-02-04,,,,,,,,,,,,,,,,42583.58203125,2289.546142578125,95.47695922851562
2024-02-05,185.41944885253906,397.1709289550781,69.208984375,142.32566833496094,170.30999755859375,455.4107971191406,181.05999755859375,174.22999572753906,56.20600128173828,283.21026611328125,113.20074462890625,630.5,121.11328125,136.02532958984375,42.20475387573242,42658.66796875,2298.888916015625,95.54866027832031
2024-02-06,187.0199432373047,397.0142822265625,68.10194396972656,142.74171447753906,169.14999389648438,450.7616271972656,185.10000610351562,167.8800048828125,55.5880012512207,280.9691162109375,112.14061737060547,607.1400146484375,119.12088012695312,136.09144592285156,42.29877853393555,43084.671875,2372.201904296875,96.86107635498047
2024-02-07,187.1286163330078,405.39532470703125,69.97461700439453,144.16812133789062,170.52999877929688,465.50213623046875,187.5800018310547,170.94000244140625,55.93000030517578,283.92791748046875,114.0566177368164,615.8499755859375,122.47339630126953,137.7819366455078,42.33836364746094,44318.22265625,2423.7451171875,100.97927856445312
2024-02-08,186.05174255371094,405.4541015625,69.51742553710938,144.53465270996094,169.83999633789062,465.9085998535156,189.55999755859375,169.35000610351562,55.85300064086914,286.98504638671875,113.4827880859375,615.8599853515625,124.19786071777344,139.9446563720703,42.061256408691406,45301.56640625,2419.906494140625,102.78563690185547
2024-02-09,186.81341552734375,411.7594909667969,72.00501251220703,147.5955352783203,174.4499969482422,464.0350036621094,193.57000732421875,172.47999572753906,56.13199996948242,286.3460693359375,113.44387817382812,627.2100219726562,125.04354095458984,142.60794067382812,42.86289596557617,47147.19921875,2487.515625,106.93333435058594
2024-02-10,,,,,,,,,,,,,,,,47771.27734375,2501.228271484375,109.1314697265625
2024-02-11,,,,,,,,,,,,,,,,48293.91796875,2507.570556640625,107.49528503417969
2024-02-12,185.1317596435547,406.5801086425781,72.11980438232422,146.13938903808594,172.33999633789062,464.81817626953125,188.1300048828125,171.91000366210938,55.78499984741211,282.43377685546875,112.66580963134766,611.8400268554688,123.24697875976562,144.59124755859375,43.57545852661133,49958.22265625,2658.115966796875,111.99275207519531
2024-02-13,183.04449462890625,397.8269958496094,72.00003051757812,143.77191162109375,168.63999938964844,456.1145935058594,184.02000427246094,171.5399932861328,55.45199966430664,276.3686218261719,110.56500244140625,601.8900146484375,121.94630432128906,141.7012939453125,42.71444320678711,49742.44140625,2642.185302734375,112.57930755615234
2024-02-14,182.1641082763672,401.6720886230469,73.76888275146484,144.5643768310547,170.97999572753906,469.1600341796875,188.7100067138672,178.6999969482422,57.93299865722656,284.2326354980469,111.12910461425781,604.6599731445312,122.97611236572266,145.38455200195312,43.73380661010742,51826.6953125,2777.90234375,116.97632598876953
2024-02-15,181.87722778320312,398.798095703125,72.52909088134766,141.42425537109375,169.8000030517578,479.8164978027344,200.4499969482422,176.75999450683594,59.34600067138672,286.97515869140625,109.68965148925781,590.4400024414062,123.2537841796875,147.3111572265625,43.595252990722656,51938.5546875,2824.37890625,113.69940948486328
2024-02-16,180.3439483642578,396.3457946777344,72.4841537475586,139.19546508789062,169.50999450683594,469.19970703125,199.9499969482422,173.8699951171875,58.39500045776367,284.7929992675781,108.25992584228516,546.6599731445312,121.34516143798828,144.20401000976562,43.060829162597656,52160.203125,2803.69140625,110.44591522216797
2024-02-17,,,,,,,,,,,,,,,,51662.99609375,2786.672607421875,108.98401641845703
2024-02-18,,,,,,,,,,,,,,,,52122.546875,2878.998046875,112.17467498779297
2024-02-19,,,,,,,,,,,,,,,,51779.14453125,2943.57470703125,111.4853286743164
2024-02-20,179.60202026367188,395.0999755859375,69.32877349853516,139.78977966308594,167.0800018310547,467.64337158203125,193.75999450683594,165.69000244140625,57.51300048828125,281.51959228515625,105.4782943725586,541.9099731445312,119.50083923339844,143.5146026611328,44.060401916503906,52284.875,3013.503662109375,108.45964050292969
2024-02-21,180.3538360595703,394.5016784667969,67.352294921875,141.2063446044922,168.58999633789062,464.447998046875,194.77000427246094,164.2899932861328,57.334999084472656,278.7278747558594,105.19624328613281,538.52001953125,119.58853149414062,143.56179809570312,43.021240234375,51839.1796875,2970.35546875,105.1252212524414
2024-02-22,182.38174438476562,403.7908630371094,78.3986587524414,142.73179626464844,174.5800018310547,482.40948486328125,197.41000366210938,181.86000061035156,58.84700012207031,288.6561279296875,107.9681625366211,537.5700073242188,127.1343765258789,146.14955139160156,42.53630065917969,51304.97265625,2971.00732421875,101.66979217529297
2024-02-23,180.55169677734375,402.505859375,78.67715454101562,142.60305786132812,174.99000549316406,480.3255920410156,191.97000122070312,176.52000427246094,58.35599899291992,287.8205871582031,108.88239288330078,553.4400024414062,126.30329132080078,146.30067443847656,42.54619598388672,50731.94921875,2921.658203125,99.95469665527344
2024-02-24,,,,,,,,,,,,,,,,51571.1015625,2992.385986328125,104.1335220336914
2024-02-25,,,,,,,,,,,,,,,,51733.23828125,3112.697265625,103.4534912109375
2024-02-26,179.20635986328125,399.7593688964844,78.95166778564453,136.27325439453125,174.72999572753906,478.0530700683594,199.39999389648438,176.00999450683594,58.76499938964844,295.2815246582031,107.92925262451172,560.47998046875,127.54647064208984,148.30282592773438,42.54619598388672,54522.40234375,3178.99365234375,109.91853332519531
2024-02-27,180.66049194335938,399.70050048828125,78.56136322021484,137.57090759277344,173.5399932861328,483.3224182128906,199.72999572753906,178.0,60.16699981689453,294.4065856933594,108.32801818847656,552.489990234375,126.28965759277344,149.5022735595703,42.28887939453125,57085.37109375,3244.519287109375,108.3880844116211
2024-02-28,179.46356201171875,399.9358825683594,77.52519989013672,135.094482421875,173.16000366210938,480.3156433105469,202.0399932861328,176.5399932861328,59.64799880981445,294.6719970703125,108.61979675292969,551.8200073242188,125.62618255615234,147.93601989746094,41.556522369384766,62504.7890625,3385.703857421875,118.05220031738281
2024-02-29,178.80079650878906,405.7428894042969,78.97162628173828,137.15487670898438,176.75999450683594,486.3788757324219,201.8800048828125,192.52999877929688,60.29199981689453,303.5681457519531,108.61979675292969,560.280029296875,126.70469665527344,149.7775115966797,42.60557556152344,61198.3828125,3341.919677734375,125.71151733398438
2024-03-01,177.7225341796875,407.56732177734375,82.13301086425781,135.84732055664062,178.22000122070312,498.45574951171875,202.63999938964844,202.63999938964844,61.933998107910156,311.4910583496094,110.6622543334961,570.9299926757812,136.3189697265625,154.8083953857422,43.36762619018555,62440.6328125,3435.053955078125,129.9904022216797
2024-03-02,,,,,,,,,,,,,,,,62029.84765625,3422.0498046875,129.70018005371094
2024-03-03,,,,,,,,,,,,,,,,63167.37109375,3490.99365234375,130.45086669921875
2024-03-04,173.21170043945312,406.99847412109375,85.08576202392578,132.09303283691406,177.5800018310547,494.377197265625,188.13999938964844,205.36000061035156,61.58300018310547,309.28912353515625,110.93457794189453,567.9400024414062,136.6199951171875,158.10218811035156,45.1391487121582,68330.4140625,3630.433837890625,133.194580078125
2024-03-05,168.285400390625,394.96270751953125,85.81550598144531,131.41946411132812,174.1199951171875,486.46820068359375,180.74000549316406,205.1300048828125,59.849998474121094,293.66937255859375,107.90008544921875,544.8400268554688,130.82200622558594,153.2516632080078,42.71444320678711,63801.19921875,3554.964599609375,125.70671081542969
2024-03-06,167.29620361328125,394.41339111328125,88.54676055908203,130.16143798828125,173.50999450683594,492.2932434082031,176.5399932861328,210.6300048828125,59.76900100708008,298.60394287109375,109.1936264038086,543.0900268554688,131.5283966064453,159.36463928222656,44.05050277709961,66106.8046875,3819.226318359375,130.7420196533203
2024-03-07,167.177490234375,401.328857421875,92.50892639160156,133.1133270263672,176.82000732421875,508.27008056640625,178.64999389648438,211.3800048828125,60.85100173950195,297.2769470214844,111.40142059326172,556.0399780273438,137.082763671875,166.79705810546875,45.67357635498047,66925.484375,3874.34765625,143.9778594970703
2024-03-08,168.88882446289062,398.46453857421875,87.37679290771484,134.1336212158203,175.35000610351562,502.07781982421875,175.33999633789062,207.38999938964844,60.481998443603516,300.0882873535156,109.33951568603516,551.6900024414062,127.50652313232422,161.9085693359375,43.54576873779297,68300.09375,3892.06103515625,145.2400360107422
2024-03-09,,,,,,,,,,,,,,,,68498.8828125,3915.4189453125,144.6072540283203
2024-03-10,,,,,,,,,,,,,,,,69019.7890625,3881.193115234375,144.5151824951172
2024-03-11,170.8870391845703,396.7969970703125,85.6258316040039,136.37232971191406,171.9600067138672,479.8888854980469,177.77000427246094,198.38999938964844,60.09299850463867,300.7960510253906,111.00267028808594,560.4199829101562,125.98663330078125,162.43060302734375,44.39689254760742,72123.90625,4066.445068359375,148.75096130371094
2024-03-12,171.3618927001953,407.3515625,91.75421905517578,137.1945037841797,175.38999938964844,495.92523193359375,177.5399932861328,202.75999450683594,61.108001708984375,301.405517578125,124.04521179199219,579.1400146484375,125.86582946777344,164.29110717773438,44.77296829223633,71481.2890625,3980.273193359375,151.01544189453125
2024-03-13,169.28453063964844,407.175048828125,90.73098754882812,138.47232055664062,176.55999755859375,491.7772216796875,169.47999572753906,194.7899932861328,60.94499969482422,299.8898010253906,122.08055877685547,573.5499877929688,122.55230712890625,160.6555938720703,42.78371810913086,73083.5,4006.45703125,163.83981323242188
2024-03-14,171.1343536376953,417.1018371582031,87.79207611083984,141.7511444091797,178.75,488.0658874511719,162.5,187.05999755859375,61.30099868774414,298.5511169433594,122.09027099609375,570.4500122070312,122.9809799194336,159.8961944580078,42.30867385864258,71396.59375,3883.140380859375,176.67974853515625
2024-03-15,170.75845336914062,408.46978759765625,87.68527221679688,139.84922790527344,174.4199981689453,480.39501953125,163.57000732421875,191.05999755859375,60.5880012512207,289.7024230957031,122.10001373291016,492.4599914550781,120.37283325195312,158.70968627929688,42.199806213378906,69403.7734375,3735.22021484375,182.96469116210938
2024-03-16,,,,,,,,,,,,,,,,65315.1171875,3522.860107421875,181.88034057617188
2024-03-17,,,,,,,,,,,,,,,,68390.625,3642.4130859375,202.12356567382812
2024-03-18,171.84661865234375,409.3526611328125,88.30219268798828,146.2879638671875,174.47999572753906,493.17645263671875,173.8000030517578,190.64999389648438,61.8390007019043,295.78533935546875,124.29810333251953,513.8599853515625,120.54235076904297,158.4438934326172,42.26908493041992,67548.59375,3517.985107421875,195.9927520751953
2024-03-19,174.18115234375,413.3645324707031,89.24356842041016,145.64407348632812,175.89999389648438,492.4421081542969,171.32000732421875,181.4199981689453,62.07400131225586,296.71051025390625,125.65000915527344,521.1900024414062,120.61737823486328,155.76708984375,41.61589813232422,61912.7734375,3157.6181640625,170.0162811279297
2024-03-20,176.74322509765625,417.1116027832031,90.21587371826172,147.33798217773438,178.14999389648438,501.6510314941406,175.66000366210938,179.72999572753906,62.76900100708008,301.2677001953125,125.69863891601562,519.1400146484375,124.84812927246094,159.15582275390625,41.76435470581055,67913.671875,3513.39306640625,191.54962158203125
2024-03-21,169.5219268798828,421.1725769042969,91.27704620361328,146.20872497558594,178.14999389648438,503.8739318847656,172.82000732421875,178.67999267578125,62.270999908447266,303.54144287109375,125.47491455078125,511.25,131.89285278320312,162.1743621826172,41.98208236694336,65491.390625,3492.9912109375,179.2207489013672
2024-03-22,170.42213439941406,420.5545959472656,94.12611389160156,149.34886169433594,178.8699951171875,505.67999267578125,170.8300018310547,179.64999389648438,62.80099868774414,302.93115234375,124.28836059570312,499.5199890136719,132.4280242919922,161.46241760253906,42.13053512573242,63778.76171875,3333.68798828125,174.36370849609375
2024-03-23,,,,,,,,,,,,,,,,64062.203125,3336.593994140625,172.90225219726562
2024-03-24,,,,,,,,,,,,,,,,67234.171875,3454.636474609375,183.57345581054688
2024-03-25,169.00753784179688,414.7868957519531,94.83788299560547,148.65545654296875,179.7100067138672,499.1701965332031,172.6300048828125,178.6300048828125,62.74599838256836,301.248046875,122.62521362304688,507.2300109863281,132.24313354492188,159.01344299316406,41.39817428588867,69958.8125,3590.8837890625,189.0835418701172
2024-03-26,167.87982177734375,413.5999450683594,92.4011001586914,149.2498016357422,178.3000030517578,492.09478759765625,177.6699981689453,177.8699951171875,62.92399978637695,301.02166748046875,123.00453186035156,507.6000061035156,130.2774658203125,158.58628845214844,41.556522369384766,69987.8359375,3587.5048828125,190.69985961914062
2024-03-27,171.44102478027344,413.38409423828125,90.09410858154297,149.44789123535156,179.8300018310547,490.080322265625,179.8300018310547,179.58999633789062,61.35300064086914,296.6416320800781,121.83741760253906,504.3999938964844,129.0289764404297,160.54168701171875,43.318145751953125,69455.34375,3500.115234375,186.36146545410156
2024-03-28,169.63075256347656,412.687744140625,90.19992065429688,149.50732421875,180.3800048828125,481.86370849609375,175.7899932861328,180.49000549316406,60.733001708984375,296.4447326660156,122.16809844970703,504.6000061035156,129.6825714111328,160.70306396484375,43.714012145996094,70744.953125,3561.2939453125,189.6216278076172
2024-03-29,,,,,,,,,,,,,,,,69892.828125,3511.80615234375,192.2279510498047
2024-03-30,,,,,,,,,,,,,,,,69645.3046875,3507.9443359375,194.3855438232422
2024-03-31,,,,,,,,,,,,,,,,71333.6484375,3647.8564453125,202.87413024902344
2024-04-01,168.19638061523438,416.4642028808594,90.20689392089844,154.02435302734375,180.97000122070312,487.5895690917969,175.22000122070312,183.33999633789062,61.430999755859375,297.5077819824219,122.04166412353516,502.0899963378906,132.11395263671875,163.00015258789062,44.060401916503906,69702.1484375,3505.030029296875,192.5678253173828
2024-04-02,167.01922607421875,413.3940124511719,89.29747009277344,153.1031036376953,180.69000244140625,493.56341552734375,166.6300048828125,178.6999969482422,61.42100143432617,299.2204284667969,120.93289947509766,499.2099914550781,130.98876953125,162.3546905517578,43.48638916015625,65446.97265625,3277.234619140625,181.17225646972656
2024-04-03,167.8204803466797,412.42291259765625,88.810302734375,153.45973205566406,182.41000366210938,502.8617248535156,168.3800048828125,180.77000427246094,63.007999420166016,299.94879150390625,122.78083801269531,497.010009765625,133.38101196289062,165.07896423339844,39.913658142089844,65980.8125,3311.44189453125,185.2486114501953
2024-04-04,166.99945068359375,409.9019470214844,85.75658416748047,149.11109924316406,180.0,507.0097961425781,171.11000061035156,165.8300018310547,61.7140007019043,289.5154724121094,120.7870101928711,487.1099853515625,128.90863037109375,161.13970947265625,39.31985092163086,68508.84375,3330.04052734375,183.95811462402344
2024-04-05,167.751220703125,417.39605712890625,87.8559799194336,151.0625457763672,185.07000732421875,523.3041381835938,164.89999389648438,170.4199981689453,63.61800003051758,297.16326904296875,121.47754669189453,485.1199951171875,131.05430603027344,162.81980895996094,38.31037902832031,67837.640625,3318.88525390625,174.5015106201172
2024-04-06,,,,,,,,,,,,,,,,68896.109375,3354.183837890625,178.91534423828125
2024-04-07,,,,,,,,,,,,,,,,69362.5546875,3453.49462890625,179.6498565673828
2024-04-08,166.63343811035156,416.48382568359375,86.98246765136719,153.39036560058594,185.19000244140625,515.2760009765625,172.97999572753906,169.89999389648438,62.840999603271484,296.98614501953125,120.94261932373047,484.2799987792969,130.72848510742188,164.8036651611328,37.58791732788086,71631.359375,3695.292724609375,180.78477478027344
2024-04-09,167.8402862548828,418.1414794921875,85.20653533935547,155.12388610839844,185.6699981689453,512.9439697265625,176.8800048828125,170.77999877929688,61.81999969482422,297.6160888671875,120.24009704589844,492.54998779296875,130.53086853027344,166.65464782714844,37.93430709838867,69139.015625,3505.163330078125,172.4136199951172
2024-04-10,165.9706268310547,415.1791687011719,86.88864135742188,154.66822814941406,185.9499969482422,515.8515625,171.75999450683594,167.13999938964844,61.858001708984375,294.9093017578125,118.7959976196289,487.2200012207031,129.38511657714844,162.18382263183594,36.81596755981445,70587.8828125,3543.737060546875,173.43736267089844
2024-04-11,173.15232849121094,419.7600402832031,90.45945739746094,157.9074249267578,189.0500030517578,519.156005859375,174.60000610351562,170.5,62.87799835205078,294.4466552734375,120.24984741210938,484.2799987792969,135.2645263671875,166.23703002929688,37.24153137207031,70060.609375,3505.247802734375,172.5763702392578
2024-04-12,174.64605712890625,413.84515380859375,88.03366088867188,156.24322509765625,186.1300048828125,507.98223876953125,171.0500030517578,163.27999877929688,62.28300094604492,289.69268798828125,118.1715316772461,474.0899963378906,131.50833129882812,162.59197998046875,35.321556091308594,67195.8671875,3243.034912109375,153.63546752929688
2024-04-13,,,,,,,,,,,,,,,,63821.47265625,3004.900390625,139.34169006347656
2024-04-14,,,,,,,,,,,,,,,,65738.7265625,3156.94189453125,151.28494262695312
2024-04-15,170.82769775390625,405.7428894042969,85.85243225097656,153.4002685546875,183.6199951171875,496.4015808105469,161.47999572753906,160.32000732421875,60.71500015258789,268.6094055175781,116.97138214111328,470.1000061035156,128.24229431152344,161.2156219482422,35.935157775878906,63426.2109375,3101.600341796875,138.5086212158203
2024-04-16,167.5533905029297,406.6649169921875,87.26398468017578,152.9446258544922,183.32000732421875,495.9351806640625,157.11000061035156,163.4600067138672,61.75199890136719,273.0484924316406,117.69341278076172,476.2200012207031,130.03968811035156,160.01959228515625,35.88566970825195,63811.86328125,3084.920166015625,136.27932739257812
2024-04-17,166.1882781982422,403.97723388671875,83.88983154296875,154.00453186035156,181.27999877929688,490.3879089355469,155.4499969482422,154.02000427246094,61.36899948120117,271.9756164550781,115.79074096679688,474.45001220703125,125.49683380126953,155.97596740722656,35.31166076660156,61276.69140625,2984.7275390625,131.86618041992188
2024-04-18,165.23861694335938,396.5517883300781,84.52472686767578,154.53941345214844,179.22000122070312,497.95953369140625,149.92999267578125,155.0800018310547,61.055999755859375,267.6448059082031,113.18551635742188,473.17999267578125,123.18380737304688,153.24217224121094,34.67826843261719,63512.75390625,3066.027587890625,142.0823974609375
2024-04-19,163.2206268310547,391.5000915527344,76.068359375,152.63754272460938,174.6300048828125,477.38824462890625,147.0500030517578,146.63999938964844,55.50400161743164,266.11920166015625,112.09268188476562,465.0199890136719,117.87287139892578,149.62564086914062,33.84694290161133,63843.5703125,3059.278564453125,142.6804962158203
2024-04-20,,,,,,,,,,,,,,,,64994.44140625,3157.627197265625,151.13356018066406
2024-04-21,,,,,,,,,,,,,,,,64926.64453125,3147.28857421875,148.60931396484375
2024-04-22,164.05157470703125,393.3049011230469,79.38063049316406,154.80690002441406,177.22999572753906,478.0431213378906,142.0500030517578,148.63999938964844,55.459999084472656,269.50506591796875,111.75118255615234,466.8900146484375,119.8052749633789,152.046142578125,34.054771423339844,66837.6796875,3201.652099609375,157.03121948242188
2024-04-23,165.10012817382812,399.78875732421875,82.2806167602539,156.76824951171875,179.5399932861328,492.30322265625,144.67999267578125,152.27000427246094,57.775001525878906,272.3299560546875,112.2975845336914,472.8999938964844,122.22494506835938,153.15676879882812,33.92611312866211,66407.2734375,3219.91162109375,154.70130920410156
2024-04-24,167.1973114013672,401.2502746582031,79.53936767578125,157.63003540039062,176.58999633789062,489.72308349609375,162.1300048828125,151.74000549316406,55.512001037597656,271.84765625,112.5415267944336,477.1199951171875,122.97148895263672,155.3209686279297,34.14384078979492,64276.8984375,3139.80517578125,147.74514770507812
2024-04-25,168.05787658691406,391.421630859375,82.48926544189453,154.52955627441406,173.6699981689453,438.001953125,170.17999267578125,153.75999450683594,56.47999954223633,268.84564208984375,112.10245513916016,473.44000244140625,126.650390625,155.0077362060547,34.74754333496094,64481.70703125,3156.509521484375,144.89212036132812
2024-04-26,167.4742431640625,398.5626525878906,87.58345031738281,170.3291778564453,179.6199951171875,439.8973388671875,168.2899932861328,157.39999389648438,56.12300109863281,269.9775695800781,114.36614990234375,477.55999755859375,131.50833129882812,157.2478790283203,31.55088996887207,63755.3203125,3130.164794921875,139.10433959960938
2024-04-27,,,,,,,,,,,,,,,,63419.140625,3252.168212890625,141.28916931152344
2024-04-28,,,,,,,,,,,,,,,,63113.23046875,3262.774658203125,137.85641479492188
2024-04-29,171.62893676757812,394.5703125,87.60540008544922,164.5838623046875,180.9600067138672,429.30902099609375,194.0500030517578,160.1999969482422,55.94900131225586,271.40472412109375,113.66362762451172,473.07000732421875,130.97506713867188,160.60813903808594,31.036256790161133,63841.12109375,3215.428955078125,137.7766571044922
2024-04-30,168.49314880371094,381.89691162109375,86.25274658203125,161.2456512451172,175.0,426.8777770996094,183.27999877929688,158.3800048828125,55.06399917602539,264.711669921875,110.99010467529297,462.8299865722656,127.2227554321289,157.42823791503906,30.155445098876953,60636.85546875,3012.286865234375,126.96270751953125
2024-05-01,167.4742431640625,387.3998718261719,82.89754486083984,162.31544494628906,179.0,435.8287353515625,179.99000549316406,144.27000427246094,55.17100143432617,264.465576171875,111.84874725341797,469.3900146484375,121.60559844970703,155.776611328125,30.05647850036621,58254.01171875,2969.78466796875,134.6279754638672
2024-05-02,171.16404724121094,390.2445068359375,85.66874694824219,165.0494384765625,184.72000122070312,438.29962158203125,180.00999450683594,146.16000366210938,56.51499938964844,267.8515319824219,112.17073059082031,476.57000732421875,121.18583679199219,170.9546356201172,30.195032119750977,59123.43359375,2988.16845703125,137.81448364257812
2024-05-03,181.4024200439453,398.8961486816406,88.63561248779297,165.66358947753906,186.2100067138672,448.5009460449219,181.19000244140625,150.60000610351562,57.933998107910156,269.35748291015625,112.99037170410156,486.17999267578125,125.05455780029297,170.5179901123047,30.58100700378418,62889.8359375,3103.5419921875,143.77255249023438
2024-05-04,,,,,,,,,,,,,,,,63891.47265625,3117.576416015625,146.1350555419922
2024-05-05,,,,,,,,,,,,,,,,64031.1328125,3137.2490234375,145.71302795410156
2024-05-06,179.7504119873047,405.6448059082031,91.9808120727539,166.51547241210938,188.6999969482422,462.11602783203125,184.75999450683594,155.77999877929688,59.696998596191406,271.2965087890625,115.46873474121094,493.5899963378906,128.20513916015625,172.6157684326172,30.774776458740234,63161.94921875,3062.728759765625,152.80239868164062
2024-05-07,180.43296813964844,401.52496337890625,90.3975601196289,169.63580322265625,188.75999450683594,464.6564025878906,177.80999755859375,154.42999267578125,60.599998474121094,272.8221130371094,115.06867980957031,492.2699890136719,127.50066375732422,171.00210571289062,30.486604690551758,62334.81640625,3006.5771484375,148.1343231201172
2024-05-08,180.769287109375,402.70208740234375,90.25582122802734,167.783447265625,188.0,468.9830627441406,174.72000122070312,153.6199951171875,60.946998596191406,274.583984375,114.54178619384766,488.1000061035156,129.67864990234375,171.3817596435547,29.81089210510254,61187.94140625,2973.6572265625,142.29473876953125
2024-05-09,182.57960510253906,404.4481201171875,88.59368133544922,168.3579559326172,189.5,471.78143310546875,171.97000122070312,152.38999938964844,61.20899963378906,270.84375,113.80998229980469,482.6499938964844,127.75112915039062,171.3722686767578,29.90032386779785,63049.9609375,3036.0205078125,152.84994506835938
2024-05-10,181.32159423828125,406.8218688964844,89.72274017333984,167.060302734375,187.47999572753906,472.55548095703125,168.47000122070312,151.9199981689453,61.08700180053711,272.3201599121094,113.83926391601562,482.2900085449219,130.40562438964844,172.83409118652344,29.66183853149414,60792.77734375,2909.791259765625,146.21690368652344
2024-05-11,,,,,,,,,,,,,,,,60793.7109375,2911.60205078125,145.3143768310547
2024-05-12,,,,,,,,,,,,,,,,61448.39453125,2928.701904296875,143.52081298828125
2024-05-13,184.5210723876953,405.82135009765625,90.24283599853516,167.5457000732422,186.57000732421875,464.42816162109375,171.88999938964844,150.55999755859375,61.659000396728516,273.1567687988281,113.54654693603516,483.1099853515625,130.86647033691406,174.85594177246094,30.317676544189453,62901.44921875,2949.359619140625,147.28233337402344
2024-05-14,185.66021728515625,408.6070556640625,91.19818878173828,168.73439025878906,187.07000732421875,468.23876953125,177.5500030517578,153.16000366210938,61.36600112915039,272.4480895996094,117.93736267089844,475.95001220703125,135.02679443359375,179.37420654296875,30.854272842407227,61552.7890625,2881.157958984375,142.0303955078125
2024-05-15,187.92860412597656,415.7510986328125,94.46654510498047,170.88392639160156,185.99000549316406,477.8546447753906,173.99000549316406,159.6699981689453,61.35200119018555,283.0192565917969,118.67890930175781,485.3500061035156,140.5196990966797,184.72781372070312,31.072887420654297,66267.4921875,3037.056640625,158.18682861328125
2024-05-16,188.04745483398438,413.6974182128906,94.19599914550781,172.53817749023438,183.6300048828125,469.60821533203125,174.83999633789062,162.6199951171875,61.051998138427734,280.2041931152344,119.19605255126953,482.8800048828125,138.1675262451172,183.45587158203125,31.828094482421875,65231.58203125,2945.131103515625,159.116455078125
2024-05-17,188.07717895507812,412.9308776855469,92.31924438476562,174.4004669189453,184.6999969482422,468.29833984375,177.4600067138672,164.47000122070312,62.11000061035156,281.1195373535156,120.5035400390625,483.42999267578125,136.51988220214844,184.0159149169922,31.629356384277344,67051.875,3094.11865234375,169.53054809570312
2024-05-18,,,,,,,,,,,,,,,,66940.8046875,3122.948974609375,172.5391387939453
2024-05-19,,,,,,,,,,,,,,,,66278.3671875,3071.843017578125,170.0913543701172
2024-05-20,189.2361297607422,417.97210693359375,94.61626434326172,175.25233459472656,183.5399932861328,465.2518615722656,174.9499969482422,166.3300018310547,64.08200073242188,282.55657958984375,121.498779296875,484.69000244140625,138.35345458984375,187.71786499023438,31.897653579711914,71448.1953125,3663.85546875,186.52049255371094
2024-05-21,190.53375244140625,421.60797119140625,95.2212142944336,176.17361450195312,183.14999389648438,461.07403564453125,186.60000610351562,164.66000366210938,65.06099700927734,279.2986755371094,121.60611724853516,481.8500061035156,136.9024200439453,190.65097045898438,31.5399227142334,70136.53125,3789.312744140625,178.11614990234375
2024-05-22,189.09744262695312,423.06231689453125,94.78596496582031,174.71743774414062,183.1300048828125,464.1999206542969,180.11000061035156,165.52000427246094,64.0469970703125,279.35772705078125,121.57684326171875,483.92999267578125,136.22145080566406,192.6253204345703,31.221940994262695,69122.3359375,3737.2177734375,176.86077880859375
2024-05-23,185.11541748046875,419.603271484375,103.61969757080078,171.9141082763672,181.0500030517578,462.2152099609375,173.74000549316406,160.42999267578125,63.56700134277344,274.1903076171875,121.07923126220703,483.30999755859375,136.32418823242188,191.51473999023438,29.8903865814209,67929.5625,3776.92724609375,175.98577880859375
2024-05-24,188.18614196777344,422.70855712890625,106.28507232666016,173.34054565429688,180.75,474.5600280761719,179.24000549316406,166.36000061035156,64.67500305175781,268.009033203125,119.92786407470703,475.42999267578125,137.74778747558594,199.67807006835938,30.526351928710938,68526.1015625,3726.9345703125,167.7969207763672
2024-05-25,,,,,,,,,,,,,,,,69265.9453125,3749.236572265625,168.43763732910156
2024-05-26,,,,,,,,,,,,,,,,68518.09375,3825.8974609375,163.3509063720703
2024-05-27,,,,,,,,,,,,,,,,69394.5546875,3892.0068359375,169.9961395263672
2024-05-28,188.19602966308594,422.86578369140625,113.7042236328125,174.7372589111328,182.14999389648438,476.2470397949219,176.75,171.61000061035156,64.9000015258789,265.5876770019531,121.46952056884766,478.42999267578125,138.19883728027344,202.25991821289062,30.86421012878418,68296.21875,3840.25634765625,168.65084838867188
2024-05-29,188.4932098388672,421.7356872558594,114.62664031982422,174.24197387695312,182.02000427246094,470.7295837402344,176.19000244140625,165.13999938964844,65.46199798583984,267.34954833984375,120.73771667480469,477.6000061035156,136.06781005859375,197.6846923828125,29.94007110595703,67578.09375,3763.196533203125,168.0726776123047
2024-05-30,189.48377990722656,407.48687744140625,110.30911254882812,170.48768615722656,179.32000732421875,463.4754943847656,178.7899932861328,166.75,64.76599884033203,214.58238220214844,114.24906158447266,445.8699951171875,133.46620178222656,195.19708251953125,29.99969482421875,68364.9921875,3746.849609375,166.97653198242188
2024-05-31,190.43470764160156,407.9389343261719,109.44361114501953,170.87400817871094,176.44000244140625,463.2572021484375,178.0800018310547,166.89999389648438,64.16200256347656,230.75408935546875,114.34664154052734,444.760009765625,129.9897918701172,194.48223876953125,30.655534744262695,67491.4140625,3760.026611328125,165.63771057128906
2024-06-01,,,,,,,,,,,,,,,,67706.9375,3813.198974609375,166.03067016601562
2024-06-02,,,,,,,,,,,,,,,,67751.6015625,3780.89599609375,163.24990844726562
2024-06-03,192.19789123535156,406.3567810058594,114.80133819580078,171.53768920898438,178.33999633789062,473.8356018066406,176.2899932861328,163.5500030517578,63.37900161743164,232.89979553222656,116.38592529296875,439.0199890136719,129.33914184570312,196.25502014160156,30.099063873291016,68804.78125,3766.38916015625,164.9234619140625
2024-06-04,192.51486206054688,408.86260986328125,116.23584747314453,172.15185546875,179.33999633789062,473.33941650390625,174.77000427246094,159.99000549316406,63.1619987487793,231.16748046875,117.1567611694336,448.3699951171875,130.21188354492188,194.7872314453125,29.8407039642334,70567.765625,3812.515869140625,171.8019256591797
2024-06-05,194.0205078125,416.66510009765625,122.2284927368164,173.756591796875,181.27999877929688,491.2711486816406,175.0,166.1699981689453,65.0270004272461,232.8112030029297,119.6546401977539,455.79998779296875,138.26145935058594,201.96414184570312,30.585975646972656,71082.8203125,3864.260986328125,173.48291015625
2024-06-06,192.64366149902344,417.1662292480469,120.78897857666016,175.0641632080078,185.0,489.9811096191406,177.94000244140625,166.77999877929688,64.85199737548828,238.9432830810547,120.5035400390625,458.1300048828125,137.10496520996094,199.6195068359375,30.22824478149414,70757.1640625,3811.60595703125,170.01622009277344
2024-06-07,195.0308837890625,416.5078430175781,120.67916870117188,172.81553649902344,184.3000030517578,489.18719482421875,177.47999572753906,167.8699951171875,64.14700317382812,238.04759216308594,122.86482238769531,465.42999267578125,137.63037109375,196.9317169189453,30.546226501464844,69342.5859375,3678.629150390625,162.50704956054688
2024-06-08,,,,,,,,,,,,,,,,69305.7734375,3680.949951171875,157.96890258789062
2024-06-09,,,,,,,,,,,,,,,,69647.9921875,3705.90380859375,162.08360290527344
2024-06-10,191.29649353027344,420.458251953125,121.57960510253906,173.559326171875,187.05999755859375,498.75341796875,173.7899932861328,160.33999633789062,64.44999694824219,238.0377197265625,121.47927856445312,459.94000244140625,140.94041442871094,199.53372192382812,30.71515464782715,69512.28125,3666.717529296875,158.9280242919922
2024-06-11,205.1940155029297,425.1849365234375,120.71105194091797,175.1559600830078,187.22999572753906,503.58612060546875,170.66000366210938,158.9600067138672,64.8550033569336,237.2010955810547,120.87432098388672,462.69000244140625,142.9520721435547,198.74266052246094,30.7250919342041,67332.03125,3498.33056640625,149.42898559570312
2024-06-12,211.05812072753906,433.4197692871094,124.99397277832031,176.31629943847656,186.88999938964844,504.9456787109375,177.2899932861328,160.24000549316406,65.00599670410156,232.09271240234375,136.9739990234375,459.8699951171875,146.32571411132812,205.29049682617188,30.56610107421875,68241.1875,3559.61767578125,155.1775665283203
2024-06-13,212.2170867919922,433.93072509765625,129.396728515625,173.7080841064453,183.8300018310547,500.2419738769531,182.47000122070312,159.89999389648438,65.32599639892578,225.4291229248047,136.45684814453125,458.739990234375,164.27801513671875,207.59703063964844,30.26799201965332,66756.3984375,3469.28125,147.31442260742188
2024-06-14,210.4835968017578,434.9035949707031,131.66299438476562,175.3245849609375,183.66000366210938,500.79827880859375,178.00999450683594,159.6300048828125,66.93800354003906,228.2933807373047,134.77857971191406,525.3099975585938,169.76214599609375,205.2333221435547,30.258056640625,66011.09375,3480.27197265625,143.0944366455078
2024-06-15,,,,,,,,,,,,,,,,66191.0,3565.549560546875,145.41221618652344
2024-06-16,,,,,,,,,,,,,,,,66639.046875,3620.5634765625,151.12550354003906
2024-06-17,214.6241455078125,440.60308837890625,130.76446533203125,175.77084350585938,184.05999755859375,503.25177001953125,187.44000244140625,158.39999389648438,67.58300018310547,226.85633850097656,137.88140869140625,518.739990234375,178.94277954101562,211.8002471923828,30.784713745117188,66490.296875,3511.37890625,143.3342742919922
2024-06-18,212.26658630371094,438.6082458496094,135.35690307617188,173.63865661621094,182.80999755859375,496.1593322753906,184.86000061035156,154.6300048828125,68.56700134277344,228.16543579101562,141.130615234375,522.25,176.36460876464844,216.44187927246094,30.436920166015625,65140.74609375,3483.681396484375,137.50399780273438
2024-06-19,,,,,,,,,,,,,,,,64960.296875,3559.347412109375,135.60960388183594
2024-06-20,207.70010375976562,437.9793701171875,130.56480407714844,174.83863830566406,186.10000610351562,498.3546142578125,181.57000732421875,161.77999877929688,67.90299987792969,237.9983673095703,139.44259643554688,522.9500122070312,169.71519470214844,205.3667449951172,30.426984786987305,64828.65625,3511.0869140625,133.47296142578125
2024-06-21,205.5308074951172,441.9886779785156,126.36173248291016,178.14100646972656,189.0800018310547,491.4807434082031,183.00999450683594,161.22999572753906,68.61199951171875,241.2071075439453,138.06680297851562,533.4400024414062,162.2859344482422,202.56460571289062,30.894020080566406,64096.19921875,3516.07568359375,134.5883026123047
2024-06-22,,,,,,,,,,,,,,,,64252.578125,3494.8134765625,133.6702423095703
2024-06-23,,,,,,,,,,,,,,,,63180.796875,3418.61181640625,128.59042358398438
2024-06-24,206.1746826171875,439.9152526855469,117.91564178466797,177.73443603515625,185.57000732421875,495.5832214355469,182.5800018310547,160.25,66.9020004272461,236.1676025390625,136.49588012695312,524.1699829101562,156.28182983398438,191.42274475097656,30.37729835510254,60277.4140625,3350.25634765625,132.24139404296875
2024-06-25,207.0958709716797,443.1384582519531,125.88250732421875,182.50454711914062,186.33999633789062,507.1953125,187.35000610351562,160.25,67.24099731445312,237.95899963378906,135.7933349609375,526.8800048828125,155.16091918945312,192.6903839111328,30.546226501464844,61804.640625,3395.029052734375,136.5592041015625
2024-06-26,211.2364044189453,444.32745361328125,126.19202423095703,182.35580444335938,193.61000061035156,509.6985168457031,196.3699951171875,157.5399932861328,67.76899719238281,239.32713317871094,134.87615966796875,528.6599731445312,156.26123046875,188.0773162841797,30.347488403320312,60811.27734375,3369.477294921875,136.60914611816406
2024-06-27,212.07839965820312,445.0054931640625,123.78597259521484,183.87313842773438,197.85000610351562,516.0955810546875,197.4199981689453,159.47000122070312,68.43399810791016,248.8746337890625,136.77880859375,546.760009765625,155.73709106445312,185.9995574951172,30.397172927856445,61604.80078125,3444.800537109375,149.44837951660156
2024-06-28,208.63124084472656,439.20770263671875,123.33672332763672,180.64015197753906,193.25,500.8578186035156,197.8800048828125,162.2100067138672,67.48799896240234,253.05784606933594,137.7740936279297,555.5399780273438,157.5892333984375,189.84059143066406,30.774776458740234,60320.13671875,3373.635986328125,139.70339965820312
2024-06-29,,,,,,,,,,,,,,,,60887.37890625,3372.9677734375,140.01014709472656
2024-06-30,,,,,,,,,,,,,,,,62678.29296875,3432.88916015625,146.49249267578125
2024-07-01,214.703369140625,448.8183288574219,124.09546661376953,181.47317504882812,197.1999969482422,501.3147277832031,209.86000061035156,157.69000244140625,67.36100006103516,252.18177795410156,139.6182098388672,560.010009765625,161.0511474609375,190.65072631835938,30.645597457885742,62851.98046875,3440.341552734375,146.59506225585938
2024-07-02,218.1901397705078,451.3241271972656,122.4681625366211,183.70452880859375,200.0,506.1026611328125,231.25999450683594,164.30999755859375,67.95800018310547,252.162109375,139.80360412597656,567.7100219726562,162.6883544921875,190.77464294433594,30.874147415161133,62029.015625,3416.354736328125,153.7004852294922
2024-07-03,219.4580535888672,452.788330078125,128.0689239501953,184.2797088623047,197.58999633789062,506.5595397949219,246.38999938964844,163.89999389648438,68.2509994506836,256.8473205566406,140.87692260742188,570.1500244140625,169.72991943359375,194.25347900390625,31.033138275146484,60173.921875,3292.916748046875,140.73141479492188
2024-07-04,,,,,,,,,,,,,,,,56977.703125,3054.52197265625,127.55081939697266
2024-07-05,224.2028045654297,459.46063232421875,125.62295532226562,189.02008056640625,200.0,536.3097534179688,251.52000427246094,171.89999389648438,69.06500244140625,259.0520324707031,141.31600952148438,578.3400268554688,167.18673706054688,196.10250854492188,31.818159103393555,56662.375,2981.5986328125,134.3693389892578
2024-07-06,,,,,,,,,,,,,,,,58303.5390625,3069.3779296875,143.24118041992188
2024-07-07,,,,,,,,,,,,,,,,55849.109375,2929.38720703125,131.7740936279297
2024-07-08,225.66885375976562,458.16351318359375,127.9890365600586,187.46310424804688,199.2899932861328,525.79052734375,252.94000244140625,178.69000244140625,68.5739974975586,253.3235626220703,141.51113891601562,575.4000244140625,171.3632049560547,198.14218139648438,33.77574157714844,56705.09765625,3018.73193359375,139.4636993408203
2024-07-09,226.5207061767578,451.57958984375,131.16383361816406,187.4135284423828,199.33999633789062,526.4659423828125,262.3299865722656,177.10000610351562,68.5739974975586,248.84799194335938,137.26669311523438,566.02001953125,170.13136291503906,197.4082794189453,34.3719596862793,58009.2265625,3064.032958984375,141.34844970703125
2024-07-10,230.78013610839844,458.1734313964844,134.68801879882812,189.5952606201172,199.7899932861328,531.1246337890625,263.260009765625,183.9600067138672,67.76499938964844,249.00572204589844,138.6230010986328,564.5499877929688,171.2483673095703,199.00949096679688,34.65019226074219,57742.49609375,3102.21875,141.97479248046875
2024-07-11,225.42120361328125,446.8234558105469,127.19036102294922,184.03179931640625,195.0500030517578,509.2812805175781,241.02999877929688,181.94000244140625,65.2750015258789,247.55657958984375,139.68951416015625,557.6300048828125,167.44586181640625,190.47918701171875,33.2888298034668,57344.9140625,3100.330810546875,135.8832244873047
2024-07-12,228.36314392089844,445.693359375,129.02732849121094,183.5359344482422,194.49000549316406,495.5434875488281,248.22999572753906,181.61000061035156,64.76000213623047,250.36614990234375,141.65631103515625,559.0499877929688,166.92764282226562,192.9381866455078,34.27259063720703,57899.46484375,3134.15869140625,139.52801513671875
2024-07-13,,,,,,,,,,,,,,,,59231.953125,3177.19873046875,141.9249725341797
2024-07-14,,,,,,,,,,,,,,,,60787.79296875,3244.0791015625,147.622314453125
2024-07-15,232.18670654296875,446.09625244140625,128.2286376953125,184.98382568359375,192.72000122070312,492.8515930175781,252.63999938964844,179.8300018310547,65.6449966430664,249.27188110351562,139.9928741455078,565.7100219726562,168.25564575195312,198.4185791015625,34.242774963378906,64870.15234375,3489.552734375,159.93397521972656
2024-07-16,232.6027374267578,441.733154296875,126.1520767211914,182.3954620361328,193.02000427246094,486.5240478515625,256.55999755859375,177.5500030517578,65.63200378417969,252.3969268798828,139.5427703857422,566.5399780273438,166.25331115722656,199.8101348876953,34.12353515625,65097.1484375,3443.513427734375,160.5518798828125
2024-07-17,226.7188262939453,435.8371276855469,117.79584503173828,179.51950073242188,187.92999267578125,458.909423828125,248.5,159.42999267578125,64.74600219726562,247.65518188476562,136.2648162841797,563.0900268554688,153.1006622314453,182.6160125732422,34.242774963378906,64118.79296875,3388.75244140625,155.5841064453125
2024-07-18,222.06320190429688,432.74169921875,120.89073944091797,176.2171173095703,183.75,472.677001953125,249.22999572753906,155.77000427246094,64.30400085449219,243.84010314941406,135.06126403808594,556.8499755859375,157.55686950683594,182.4825897216797,34.65019226074219,63974.06640625,3426.258544921875,159.07241821289062
2024-07-19,222.19198608398438,429.53814697265625,117.73596954345703,176.18734741210938,183.1300048828125,473.6107482910156,239.1999969482422,151.5800018310547,63.33399963378906,244.11611938476562,135.5798797607422,551.0,154.44537353515625,177.47874450683594,32.7721061706543,66710.15625,3505.73486328125,169.1858673095703
2024-07-20,,,,,,,,,,,,,,,,67163.6484375,3519.29541015625,173.89178466796875
2024-07-21,,,,,,,,,,,,,,,,68154.5234375,3536.60546875,184.54161071777344
2024-07-22,221.84530639648438,435.26715087890625,123.33672332763672,180.1641387939453,182.5500030517578,484.14996337890625,251.50999450683594,155.8699951171875,64.75,250.47459411621094,137.15524291992188,554.8200073242188,158.08688354492188,185.82798767089844,33.15964889526367,67585.25,3440.419921875,178.97828674316406
2024-07-23,222.88536071777344,437.14410400390625,122.3882827758789,180.2831268310547,186.41000366210938,485.43133544921875,246.3800048828125,154.0,64.2760009765625,252.42648315429688,140.03199768066406,546.010009765625,160.74684143066406,184.28395080566406,32.7422981262207,65927.671875,3481.995849609375,172.757568359375
2024-07-24,216.47647094726562,421.47039794921875,114.06200408935547,171.1990509033203,180.8300018310547,458.1942138671875,215.99000549316406,144.6300048828125,63.5989990234375,246.235595703125,135.7853546142578,531.0399780273438,148.54632568359375,172.5797576904297,31.50017547607422,65372.1328125,3336.33935546875,178.0323028564453
2024-07-25,215.43638610839844,411.15228271484375,112.09524536132812,165.8933868408203,179.85000610351562,450.3865966796875,220.25,138.32000732421875,63.409000396728516,252.8799591064453,134.8557891845703,532.1500244140625,146.5047149658203,167.16607666015625,30.90395736694336,65777.2265625,3174.42724609375,171.96307373046875
2024-07-26,215.9019317626953,417.9032287597656,112.87395477294922,165.61572265625,182.5,462.5946960449219,219.8000030517578,139.99000549316406,63.137001037597656,258.9821472167969,136.02017211914062,542.4400024414062,148.83096313476562,171.60757446289062,31.152381896972656,67912.0625,3275.951416015625,183.13671875
2024-07-27,,,,,,,,,,,,,,,,67813.3359375,3247.60791015625,184.0854034423828
2024-07-28,,,,,,,,,,,,,,,,68255.8671875,3271.464599609375,184.88607788085938
2024-07-29,216.17930603027344,419.3379821777344,111.4063720703125,168.12472534179688,183.1999969482422,462.6046142578125,232.10000610351562,139.75,62.69599914550781,254.92062377929688,135.33523559570312,536.6099853515625,147.44699096679688,170.26370239257812,30.63566017150879,66819.9140625,3320.539306640625,182.7805938720703
2024-07-30,216.7340087890625,415.5940246582031,103.55931854248047,168.87844848632812,181.7100067138672,460.1014099121094,222.6199951171875,138.44000244140625,62.257999420166016,254.26992797851562,132.7519989013672,538.7100219726562,140.87066650390625,159.11228942871094,29.94007110595703,66201.015625,3278.667724609375,179.10719299316406
2024-07-31,219.98304748535156,411.1031799316406,116.82744598388672,170.11807250976562,186.97999572753906,471.6637878417969,232.07000732421875,144.47999572753906,62.834999084472656,255.12759399414062,136.4507293701172,551.6500244140625,157.71389770507812,172.46539306640625,30.546226501464844,64619.25,3231.295654296875,171.82615661621094
2024-08-01,216.29815673828125,409.8846130371094,109.03028869628906,169.3445281982422,184.07000732421875,494.4209899902344,216.86000061035156,132.5399932861328,62.48500061035156,249.46905517578125,134.55245971679688,546.4099731445312,144.3060760498047,156.31015014648438,28.866878509521484,65357.5,3201.564453125,167.672119140625
2024-08-02,217.7840118408203,401.4139404296875,107.0934829711914,165.27853393554688,167.89999389648438,484.88507080078125,207.6699981689453,132.5,61.36399841308594,240.50802612304688,130.41343688964844,526.1699829101562,141.16514587402344,151.8400421142578,21.3445987701416,61415.06640625,2986.01318359375,152.6382293701172
2024-08-03,,,,,,,,,,,,,,,,60680.09375,2903.3857421875,142.9219970703125
2024-08-04,,,,,,,,,,,,,,,,58116.9765625,2686.39892578125,138.05508422851562
2024-08-05,207.29400634765625,388.3049621582031,100.28470611572266,157.92996215820312,161.02000427246094,472.5578308105469,198.8800048828125,134.82000732421875,59.85499954223633,235.61842346191406,125.11000061035156,509.32000732421875,139.45724487304688,150.54383850097656,19.983234405517578,53991.45703125,2417.206298828125,129.8643035888672
2024-08-06,205.2732696533203,392.6877746582031,104.07845306396484,156.97792053222656,161.92999267578125,490.7953796386719,200.63999938964844,130.17999267578125,60.957000732421875,235.03680419921875,125.45247650146484,514.2000122070312,141.2633056640625,151.2777099609375,19.704999923706055,56034.31640625,2458.723876953125,144.09036254882812
2024-08-07,207.83880615234375,391.5281982421875,98.74725341796875,157.6225128173828,162.77000427246094,485.6598205566406,191.75999450683594,128.6699981689453,61.14799880981445,236.63380432128906,123.19216918945312,513.6199951171875,133.7545166015625,148.79962158203125,18.989999771118164,55027.4609375,2336.58935546875,144.63209533691406
2024-08-08,211.2958526611328,395.71441650390625,104.79727172851562,160.68690490722656,165.8000030517578,506.23175048828125,198.83999633789062,136.32000732421875,63.03499984741211,245.58494567871094,126.18635559082031,530.239990234375,143.0496826171875,157.21560668945312,20.489999771118164,61710.13671875,2683.352783203125,162.9307403564453
2024-08-09,214.19822692871094,398.9867248535156,104.57763671875,162.31332397460938,166.94000244140625,514.3175659179688,200.0,134.27000427246094,63.39400100708008,248.9465789794922,129.21966552734375,536.2999877929688,145.52317810058594,156.7676544189453,19.709999084472656,60880.11328125,2599.5986328125,156.45721435546875
2024-08-10,,,,,,,,,,,,,,,,60945.8125,2610.02294921875,153.95916748046875
2024-08-11,,,,,,,,,,,,,,,,58719.484375,2553.252197265625,141.52685546875
2024-08-12,215.7254180908203,399.76300048828125,108.84060668945312,160.94473266601562,166.8000030517578,512.5095825195312,197.49000549316406,136.77000427246094,63.31399917602539,247.74391174316406,129.72848510742188,530.9299926757812,145.8765411376953,155.25218200683594,19.360000610351562,59354.515625,2724.431884765625,146.45423889160156
2024-08-13,219.4344024658203,406.83831787109375,115.94889831542969,162.79925537109375,170.22999572753906,525.015625,207.8300018310547,141.1300048828125,64.802001953125,250.98721313476562,131.37234497070312,535.219970703125,153.27735900878906,161.52365112304688,20.469999313354492,60609.56640625,2703.671875,146.7126922607422
2024-08-14,219.8806610107422,409.638916015625,117.88570404052734,159.04067993164062,170.10000610351562,523.2476196289062,201.3800048828125,140.75,66.16799926757812,251.697021484375,132.68353271484375,539.7899780273438,154.7790985107422,159.31243896484375,19.920000076293945,58737.26953125,2662.914794921875,143.9234619140625
2024-08-15,222.85577392578125,414.482421875,122.6578369140625,159.96295166015625,177.58999633789062,533.7470092773438,214.13999938964844,147.36000061035156,66.3219985961914,259.06103515625,133.9849090576172,554.1599731445312,163.0633087158203,165.21218872070312,20.690000534057617,57560.09765625,2570.087646484375,142.74581909179688
2024-08-16,224.1747283935547,411.96221923828125,124.37500762939453,161.60919189453125,177.05999755859375,523.903076171875,216.1199951171875,148.55999755859375,67.40699768066406,259.1793518066406,134.5133056640625,553.4600219726562,162.660888671875,164.1065673828125,20.8700008392334,58894.10546875,2593.1865234375,139.33056640625
2024-08-17,,,,,,,,,,,,,,,,59478.97265625,2614.546875,141.7985076904297
2024-08-18,,,,,,,,,,,,,,,,58483.96484375,2613.357177734375,142.58688354492188
2024-08-19,224.0160675048828,414.97467041015625,129.7860870361328,165.28843688964844,178.22000122070312,525.750732421875,222.72000122070312,155.27999877929688,68.85299682617188,261.6142272949219,134.95362854003906,563.1199951171875,164.61415100097656,166.0890655517578,21.520000457763672,59493.453125,2637.306396484375,144.34368896484375
2024-08-20,224.6309051513672,418.19378662109375,127.04061126708984,165.79421997070312,178.8800048828125,523.2177734375,221.10000610351562,156.39999389648438,69.85399627685547,258.12445068359375,136.17674255371094,562.25,162.88662719726562,164.0398712158203,20.989999771118164,59012.79296875,2573.10693359375,143.16773986816406
2024-08-21,224.52183532714844,417.5440368652344,128.28857421875,164.47525024414062,180.11000061035156,531.5914306640625,223.27000427246094,157.80999755859375,69.71199798583984,257.3851013183594,137.18458557128906,565.7899780273438,162.71974182128906,166.0509490966797,21.40999984741211,61175.19140625,2631.3955078125,142.70960998535156
2024-08-22,222.66732788085938,409.0876159667969,123.53638458251953,162.4422607421875,176.1300048828125,528.3829956054688,210.66000366210938,151.6999969482422,68.89600372314453,254.92062377929688,135.1101837158203,557.4400024414062,159.34326171875,161.07569885253906,20.100000381469727,60381.9140625,2622.951416015625,143.2579345703125
2024-08-23,224.95819091796875,410.3083801269531,129.15711975097656,164.24716186523438,177.0399932861328,524.479248046875,220.32000732421875,154.97999572753906,68.6729965209961,260.2538146972656,136.19631958007812,558.2999877929688,163.28904724121094,165.36468505859375,20.540000915527344,64094.35546875,2764.447021484375,153.10708618164062
2024-08-24,,,,,,,,,,,,,,,,64178.9921875,2769.3896484375,160.73175048828125
2024-08-25,,,,,,,,,,,,,,,,64333.54296875,2749.15771484375,158.90911865234375
2024-08-26,225.29534912109375,407.0596618652344,126.25190734863281,164.7826690673828,175.5,517.6451416015625,213.2100067138672,149.99000549316406,68.84400177001953,261.51568603515625,135.9125518798828,559.4400024414062,156.67347717285156,161.54270935058594,20.1299991607666,62880.66015625,2681.340576171875,157.23687744140625
2024-08-27,226.13832092285156,407.4042663574219,128.0889129638672,163.31491088867188,173.1199951171875,515.6385498046875,209.2100067138672,150.5,69.5719985961914,260.4510192871094,135.50160217285156,567.8200073242188,158.4108123779297,165.77452087402344,20.06999969482422,59504.1328125,2458.7265625,146.8970947265625
2024-08-28,224.611083984375,404.2146301269531,125.40331268310547,161.50010681152344,170.8000030517578,513.3341674804688,205.75,146.36000061035156,68.38400268554688,255.22618103027344,134.9144744873047,560.5399780273438,155.2600555419922,163.7920684814453,19.610000610351562,59027.625,2528.41552734375,143.89138793945312
2024-08-29,227.88369750976562,406.6954345703125,117.3965072631836,160.43899536132812,172.1199951171875,514.7645263671875,206.27999877929688,145.49000549316406,69.24800109863281,253.363037109375,136.42138671875,569.6300048828125,154.0331268310547,161.54270935058594,20.1299991607666,59388.1796875,2528.792724609375,140.0540313720703
2024-08-30,227.1002655029297,410.6529235839844,119.17357635498047,162.02572631835938,178.5,517.8339233398438,214.11000061035156,148.55999755859375,70.13500213623047,249.31134033203125,138.25112915039062,574.4099731445312,159.8144073486328,167.0802764892578,22.040000915527344,59119.4765625,2525.822021484375,138.09999084472656
2024-08-31,,,,,,,,,,,,,,,,58969.8984375,2513.393798828125,135.37425231933594
2024-09-01,,,,,,,,,,,,,,,,57325.48828125,2427.90234375,128.6905517578125
2024-09-02,,,,,,,,,,,,,,,,59112.48046875,2538.187255859375,135.0023651123047
2024-09-03,220.9219207763672,403.07269287109375,107.8222885131836,156.05560302734375,176.25,508.3475341796875,210.60000610351562,136.94000244140625,67.53199768066406,244.54000854492188,136.49966430664062,571.0399780273438,149.96954345703125,155.58578491210938,20.100000381469727,57431.0234375,2420.603759765625,127.57758331298828
2024-09-04,219.0178680419922,402.54107666015625,106.03523254394531,155.15316772460938,173.3300018310547,509.32098388671875,219.41000366210938,140.8699951171875,67.96800231933594,244.16537475585938,137.72274780273438,575.25,151.27499389648438,157.5778045654297,19.43000030517578,57971.5390625,2448.97705078125,133.60391235351562
2024-09-05,220.53515625,402.03900146484375,107.0335922241211,155.93661499023438,177.88999938964844,513.4136352539062,230.1699981689453,139.44000244140625,68.36199951171875,242.62754821777344,139.5427703857422,567.9299926757812,149.9990234375,156.8305206298828,19.399999618530273,56160.48828125,2367.737548828125,129.32894897460938
2024-09-06,218.9881134033203,395.4530334472656,102.66080474853516,149.66900634765625,171.38999938964844,496.93414306640625,210.72999572753906,134.35000610351562,66.5770034790039,240.50802612304688,138.7599639892578,563.4099731445312,134.4710235595703,151.55174255371094,18.889999389648438,53948.75390625,2223.87646484375,124.99007415771484
2024-09-07,,,,,,,,,,,,,,,,54139.6875,2274.107177734375,127.72156524658203
2024-09-08,,,,,,,,,,,,,,,,54841.56640625,2297.29296875,129.98951721191406
2024-09-09,219.07737731933594,399.4105529785156,106.29480743408203,147.6730499267578,175.39999389648438,501.4240417480469,216.27000427246094,138.14999389648438,67.54199981689453,242.27259826660156,136.8812713623047,569.8800048828125,138.2205352783203,154.0234832763672,19.06999969482422,57019.53515625,2358.482177734375,135.02561950683594
2024-09-10,218.28399658203125,407.7586669921875,107.922119140625,147.62338256835938,179.5500030517578,501.4240417480469,226.1699981689453,142.83999633789062,67.36199951171875,242.66697692871094,152.53712463378906,574.47998046875,145.47410583496094,154.89527893066406,18.979999542236328,57648.7109375,2389.5810546875,135.63522338867188
2024-09-11,220.8128662109375,416.4612121582031,116.7176284790039,150.10592651367188,184.52000427246094,508.41705322265625,228.1300048828125,149.86000061035156,68.14700317382812,246.02859497070312,153.7993927001953,580.3800048828125,155.34840393066406,159.57049560546875,19.639999389648438,57343.171875,2339.841552734375,132.4973907470703
2024-09-12,220.9219207763672,420.35955810546875,118.95413970947266,153.611328125,187.0,522.0952758789062,229.80999755859375,150.77000427246094,68.68000030517578,249.774658203125,157.90907287597656,586.5499877929688,161.52227783203125,158.0568084716797,19.360000610351562,58127.01171875,2361.78173828125,136.14190673828125
2024-09-13,220.65420532226562,423.8938293457031,118.9141845703125,156.3620147705078,186.49000549316406,521.121826171875,230.2899932861328,152.30999755859375,69.70600128173828,250.95762634277344,158.54507446289062,536.8699951171875,164.59451293945312,160.69142150878906,19.65999984741211,60571.30078125,2441.607177734375,139.1005401611328
2024-09-14,,,,,,,,,,,,,,,,60005.12109375,2418.595703125,137.17977905273438
2024-09-15,,,,,,,,,,,,,,,,59182.8359375,2320.897216796875,131.4993896484375
2024-09-16,214.52545166015625,424.6321105957031,116.59780883789062,156.95779418945312,184.88999938964844,530.2294311523438,226.77999877929688,152.0800018310547,69.6500015258789,253.26443481445312,166.66653442382812,521.5,160.99224853515625,159.61839294433594,20.90999984741211,58192.5078125,2295.28369140625,131.47259521484375
2024-09-17,214.99156188964844,428.3828430175781,115.40967559814453,158.20904541015625,186.8800048828125,533.2520141601562,227.8699951171875,150.82000732421875,70.69100189208984,251.56881713867188,163.8680877685547,515.030029296875,159.47084045410156,161.62069702148438,21.469999313354492,60308.5390625,2341.707763671875,131.53707885742188
2024-09-18,218.85922241210938,424.11029052734375,113.19313049316406,158.69558715820312,186.42999267578125,534.8726196289062,227.1999969482422,148.2899932861328,69.0469970703125,249.23867797851562,160.99130249023438,508.1300048828125,158.68563842773438,161.23748779296875,20.770000457763672,61649.6796875,2369.72900390625,133.99185180664062
2024-09-19,226.97132873535156,431.8678283691406,117.68611145019531,161.00936889648438,189.8699951171875,555.9017944335938,243.9199981689453,156.74000549316406,70.43199920654297,262.6272277832031,163.9854736328125,526.4400024414062,164.86997985839844,166.62164306640625,21.139999389648438,62940.45703125,2464.752197265625,142.83627319335938
2024-09-20,226.306884765625,428.5010070800781,115.81903076171875,162.44924926757812,191.60000610351562,558.1388549804688,238.25,155.9499969482422,70.10299682617188,263.4270324707031,164.38668823242188,522.2999877929688,168.49392700195312,161.8314971923828,21.84000015258789,63192.9765625,2561.072021484375,146.56680297851562
2024-09-21,,,,,,,,,,,,,,,,63394.83984375,2615.857177734375,149.52703857421875
2024-09-22,,,,,,,,,,,,,,,,63648.7109375,2582.862548828125,144.80364990234375
2024-09-23,224.5912322998047,426.76837158203125,116.07862854003906,160.72140502929688,193.8800048828125,561.1813354492188,250.0,156.75,70.53700256347656,260.8697204589844,162.3807830810547,527.8699951171875,170.305908203125,158.9956817626953,22.559999465942383,63329.80078125,2648.54638671875,144.8149871826172
2024-09-24,225.48377990722656,422.495849609375,120.68143463134766,161.1583251953125,193.9600067138672,560.1075439453125,254.27000427246094,158.32000732421875,72.22599792480469,267.0210266113281,162.23397827148438,524.0700073242188,172.17697143554688,159.9441375732422,22.809999465942383,64301.96875,2654.35498046875,152.89215087890625
2024-09-25,224.49205017089844,425.39007568359375,123.31730651855469,160.36390686035156,192.52999877929688,565.05908203125,257.0199890136719,162.02000427246094,72.15599822998047,270.6248474121094,162.7036590576172,517.9000244140625,172.8466033935547,161.20875549316406,23.540000915527344,63143.14453125,2579.388671875,148.02342224121094
2024-09-26,225.63253784179688,424.6025390625,123.84648132324219,161.59524536132812,191.16000366210938,564.591796875,254.22000122070312,167.49000549316406,71.14299774169922,272.2737121582031,164.48451232910156,515.3800048828125,175.37744140625,165.4145050048828,23.920000076293945,65181.01953125,2632.199951171875,155.5760955810547
2024-09-27,225.90028381347656,421.36370849609375,121.21060180664062,162.80674743652344,187.97000122070312,564.1143798828125,260.4599914550781,164.35000610351562,70.73500061035156,273.142578125,165.1107635498047,515.47998046875,170.05970764160156,162.99070739746094,23.90999984741211,65790.6640625,2695.900634765625,157.74993896484375
2024-09-28,,,,,,,,,,,,,,,,65887.6484375,2677.5390625,156.9124298095703
2024-09-29,,,,,,,,,,,,,,,,65635.3046875,2659.346923828125,158.62916564941406
2024-09-30,231.0670928955078,423.6082763671875,121.25054931640625,164.69349670410156,186.3300018310547,569.1653442382812,261.6300048828125,164.0800018310547,70.927001953125,270.2496337890625,166.73507690429688,517.780029296875,169.8726043701172,162.91404724121094,23.459999084472656,63329.5,2603.062744140625,152.61846923828125
2024-10-01,224.3334197998047,414.1477355957031,116.81746673583984,165.82554626464844,185.1300048828125,573.1722412109375,258.0199890136719,159.75,70.61299896240234,267.4455261230469,163.56472778320312,502.79998779296875,164.9192352294922,158.82322692871094,22.690000534057617,60837.0078125,2448.921142578125,145.28988647460938
2024-10-02,224.89869689941406,410.64306640625,118.6645736694336,164.70343017578125,184.75999450683594,569.533203125,249.02000427246094,159.77999877929688,71.10900115966797,275.9467468261719,164.1029052734375,505.80999755859375,168.0606231689453,161.25662231445312,22.389999389648438,60632.78515625,2365.231689453125,140.38555908203125
2024-10-03,223.79786682128906,410.062255859375,122.65834045410156,164.70343017578125,181.9600067138672,579.4362182617188,240.66000366210938,162.85000610351562,70.68000030517578,277.3586120605469,163.27117919921875,503.79998779296875,169.27188110351562,161.8314971923828,22.260000228881836,60759.40234375,2349.791259765625,136.78518676757812
2024-10-04,224.9185028076172,409.5897521972656,124.72510528564453,165.89508056640625,186.50999450683594,592.5308837890625,250.0800018310547,170.89999389648438,71.97000122070312,284.1121520996094,167.18515014648438,507.2200012207031,173.9495391845703,161.81231689453125,22.59000015258789,62067.4765625,2414.7939453125,143.17227172851562
2024-10-05,,,,,,,,,,,,,,,,62089.94921875,2415.6318359375,142.7117462158203
2024-10-06,,,,,,,,,,,,,,,,62818.953125,2439.957763671875,146.44236755371094
2024-10-07,219.8509063720703,403.171142578125,127.52074432373047,161.84349060058594,180.8000030517578,581.434814453125,240.8300018310547,170.97000122070312,70.19200134277344,280.97235107421875,166.3142852783203,487.29998779296875,172.41331481933594,159.93455505371094,22.3799991607666,62236.66015625,2421.796630859375,143.99179077148438
2024-10-08,223.8970489501953,408.2607116699219,132.68267822265625,163.23374938964844,182.72000122070312,589.4984130859375,244.5,172.8000030517578,72.1760025024414,287.88385009765625,170.61965942382812,496.239990234375,177.97723388671875,159.35972595214844,23.31999969482422,62131.96875,2439.8408203125,143.39442443847656
2024-10-09,227.6357879638672,410.96795654296875,132.4430389404297,160.73130798339844,185.1699981689453,587.1319580078125,241.0500030517578,171.02000427246094,72.74299621582031,284.280029296875,174.45535278320312,494.0799865722656,183.11773681640625,163.07691955566406,23.459999084472656,60582.1015625,2368.283447265625,139.31553649902344
2024-10-10,227.1399383544922,409.37310791015625,134.5996856689453,160.9497833251953,186.64999389648438,580.4901733398438,238.77000427246094,164.17999267578125,73.02899932861328,286.5015563964844,172.02322387695312,503.57000732421875,182.86170959472656,161.44825744628906,23.219999313354492,60274.5,2383.85791015625,138.88841247558594
2024-10-11,225.66229248046875,409.845703125,134.58970642089844,162.10171508789062,188.82000732421875,586.5752563476562,217.8000030517578,167.88999938964844,72.27899932861328,284.4577331542969,172.37628173828125,495.4200134277344,178.71580505371094,162.8469696044922,23.559999465942383,62445.08984375,2436.513427734375,145.3811492919922
2024-10-12,,,,,,,,,,,,,,,,63193.0234375,2476.523193359375,146.5002899169922
2024-10-13,,,,,,,,,,,,,,,,62851.375,2467.677001953125,147.5724334716797
2024-10-14,229.3811798095703,412.6218566894531,137.85459899902344,163.80970764160156,187.5399932861328,587.0425415039062,219.16000366210938,165.27000427246094,71.30000305175781,287.9529724121094,172.71951293945312,509.6499938964844,179.53318786621094,170.5687255859375,23.440000534057617,66046.125,2628.89990234375,157.44512939453125
2024-10-15,231.91001892089844,412.2280578613281,131.3946990966797,164.30621337890625,187.69000244140625,582.9163208007812,219.57000732421875,156.63999938964844,70.5979995727539,284.7045593261719,170.72872924804688,508.0299987792969,173.29957580566406,166.7845001220703,22.65999984741211,67041.109375,2606.02197265625,154.7206268310547
2024-10-16,229.857177734375,409.6487731933594,135.5082550048828,164.00831604003906,186.88999938964844,573.4904174804688,221.3300018310547,156.1300048828125,70.19999694824219,287.182861328125,171.3955841064453,502.5400085449219,174.12681579589844,164.28404235839844,22.309999465942383,67612.71875,2611.10205078125,154.23422241210938
2024-10-17,230.22413635253906,410.2395324707031,136.7163848876953,161.7938690185547,187.52999877929688,573.629638671875,220.88999938964844,156.25,68.76499938964844,287.42962646484375,172.28799438476562,496.8299865722656,178.7650604248047,163.9199981689453,22.440000534057617,67399.8359375,2604.2734375,150.31602478027344
2024-10-18,233.0504913330078,411.65704345703125,137.7847137451172,162.28042602539062,188.99000549316406,573.1722412109375,220.6999969482422,155.97000122070312,76.38899993896484,289.2365417480469,171.317138671875,494.8999938964844,177.15003967285156,163.74754333496094,22.770000457763672,68418.7890625,2641.55224609375,154.97593688964844
2024-10-19,,,,,,,,,,,,,,,,68362.734375,2648.656982421875,159.6393585205078
2024-10-20,,,,,,,,,,,,,,,,69001.703125,2746.364013671875,166.9398193359375
2024-10-21,234.51820373535156,412.2673645019531,143.48580932617188,162.92591857910156,189.07000732421875,571.8698120117188,218.85000610351562,157.89999389648438,77.20700073242188,287.607421875,170.40509033203125,497.7099914550781,177.24851989746094,161.91769409179688,22.84000015258789,67367.8515625,2665.712158203125,166.2168731689453
2024-10-22,233.90338134765625,420.8616943359375,143.36598205566406,163.9884490966797,189.6999969482422,578.6806030273438,217.97000122070312,154.08999633789062,76.42400360107422,284.6847839355469,171.92514038085938,493.1099853515625,176.6478271484375,165.91270446777344,22.399999618530273,67361.40625,2620.197509765625,167.26014709472656
2024-10-23,228.84567260742188,417.99688720703125,139.34228515625,161.6448974609375,184.7100067138672,560.4655151367188,213.64999389648438,152.91000366210938,74.92900085449219,280.8340759277344,169.75784301757812,485.0299987792969,170.86720275878906,159.6088409423828,21.979999542236328,66432.1953125,2509.098876953125,170.9324951171875
2024-10-24,228.65724182128906,418.1249084472656,140.1909637451172,161.5853271484375,186.3800048828125,564.5320434570312,260.4800109863281,153.44000244140625,75.45500183105469,283.1346740722656,171.01312255859375,482.8699951171875,168.74014282226562,161.04588317871094,22.34000015258789,68161.0546875,2534.49853515625,177.1569366455078
2024-10-25,229.49026489257812,421.49163818359375,141.31919860839844,164.11753845214844,187.8300018310547,569.9707641601562,269.19000244140625,156.22999572753906,75.46800231933594,286.7878112792969,170.1697235107422,483.7200012207031,170.36497497558594,163.1248321533203,22.68000030517578,66642.4140625,2435.93408203125,164.75689697265625
2024-10-26,,,,,,,,,,,,,,,,67014.6953125,2479.603271484375,170.70596313476562
2024-10-27,,,,,,,,,,,,,,,,67929.296875,2505.940673828125,176.5491943359375
2024-10-28,231.46376037597656,419.9559631347656,140.30076599121094,165.5574493408203,188.38999938964844,574.8526000976562,262.510009765625,159.9199981689453,74.91200256347656,290.0560302734375,169.09095764160156,481.0400085449219,169.39993286132812,164.99298095703125,22.920000076293945,69907.7578125,2565.34814453125,178.1049041748047
2024-10-29,231.7315216064453,425.23260498046875,141.02964782714844,168.4967803955078,190.8300018310547,589.8861694335938,259.5199890136719,166.25,75.94400024414062,295.111328125,170.08145141601562,485.3900146484375,176.50991821289062,168.61436462402344,22.899999618530273,72720.4921875,2637.95751953125,179.36074829101562
2024-10-30,228.19113159179688,425.8035888671875,139.12261962890625,173.2434539794922,192.72999572753906,588.4146118164062,257.54998779296875,148.60000610351562,75.3740005493164,292.6528015136719,171.1896514892578,486.67999267578125,173.9495391845703,160.58602905273438,22.299999237060547,72339.5390625,2657.37255859375,174.9249725341797
2024-10-31,224.03587341308594,400.03070068359375,132.55288696289062,169.9168243408203,186.39999389648438,564.3331909179688,249.85000610351562,144.07000732421875,75.60299682617188,287.6864013671875,164.59939575195312,478.0799865722656,167.1842041015625,155.9395751953125,21.520000457763672,70215.1875,2515.79931640625,168.42999267578125
2024-11-01,221.060791015625,403.9881896972656,135.18873596191406,170.09556579589844,197.92999267578125,563.9154663085938,248.97999572753906,141.86000061035156,75.61000061035156,290.9940185546875,166.7373046875,482.79998779296875,166.3471221923828,158.33465576171875,23.200000762939453,69482.46875,2511.885498046875,166.2621307373047
2024-11-02,,,,,,,,,,,,,,,,69289.2734375,2491.068603515625,166.01034545898438
2024-11-03,,,,,,,,,,,,,,,,68741.1171875,2456.42529296875,162.55130004882812
2024-11-04,220.16824340820312,402.10791015625,135.8377685546875,168.0598602294922,195.77999877929688,557.4727172851562,242.83999633789062,140.7100067138672,75.5510025024414,294.2424621582031,166.3155975341797,481.3500061035156,165.98275756835938,158.24842834472656,22.520000457763672,67811.5078125,2397.0263671875,157.74710083007812
2024-11-05,221.59629821777344,405.061279296875,139.6917266845703,168.55638122558594,199.5,569.1554565429688,251.44000244140625,141.66000366210938,76.39099884033203,293.7289733886719,168.46331787109375,486.4200134277344,171.25128173828125,158.94775390625,23.31999969482422,69359.5625,2422.650634765625,166.72239685058594
2024-11-06,220.8723602294922,413.6456604003906,145.38282775878906,175.2791290283203,207.08999633789062,568.7775268554688,288.5299987792969,145.10000610351562,78.02100372314453,303.02001953125,177.7406768798828,504.8299865722656,176.81521606445312,165.73069763183594,25.049999237060547,75639.078125,2724.169189453125,186.9547882080078
2024-11-07,225.59286499023438,418.8139953613281,148.6477508544922,179.48959350585938,210.0500030517578,588.315185546875,296.9100036621094,149.82000732421875,79.65399932861328,306.8509826660156,182.77162170410156,500.9200134277344,181.0103302001953,165.65403747558594,26.229999542236328,75904.859375,2895.58544921875,196.3345947265625
2024-11-08,225.32481384277344,415.9689636230469,147.399658203125,177.10633850097656,208.17999267578125,585.9686889648438,321.2200012207031,147.9499969482422,79.50399780273438,317.8797912597656,185.5960235595703,494.67999267578125,180.84291076660156,163.73794555664062,26.200000762939453,76545.4765625,2962.296630859375,199.9390106201172
2024-11-09,,,,,,,,,,,,,,,,76778.8671875,3131.14453125,200.19491577148438
2024-11-10,,,,,,,,,,,,,,,,80474.1875,3191.331298828125,210.6137237548828
2024-11-11,222.61448669433594,411.5093994140625,145.0333709716797,179.09239196777344,206.83999633789062,579.833984375,350.0,147.35000610351562,80.54399871826172,337.40972900390625,185.47833251953125,504.4800109863281,176.18496704101562,161.22793579101562,25.049999237060547,88701.484375,3374.81298828125,222.6416778564453
2024-11-12,222.61448669433594,416.45135498046875,148.05865478515625,180.35350036621094,208.91000366210938,581.4745483398438,328.489990234375,143.6300048828125,81.94999694824219,336.8370666503906,185.91964721679688,526.4199829101562,173.5359344482422,156.5526885986328,24.15999984741211,87955.8125,3246.25732421875,212.2318115234375
2024-11-13,223.49806213378906,418.5875549316406,146.0417938232422,177.63262939453125,214.10000610351562,576.6821899414062,330.239990234375,139.3000030517578,83.0469970703125,337.39984130859375,185.9686737060547,532.5,170.93617248535156,153.68817138671875,24.920000076293945,90584.1640625,3192.595947265625,215.18455505371094
2024-11-14,226.5757598876953,420.2513122558594,146.53103637695312,174.35565185546875,211.47999572753906,573.8583374023438,311.17999267578125,138.83999633789062,83.72599792480469,327.4571228027344,183.43849182128906,529.8699951171875,167.78488159179688,157.08920288085938,25.030000686645508,87250.4296875,3058.94873046875,209.2190704345703
2024-11-15,223.3789520263672,408.54620361328125,141.75848388671875,171.28721618652344,202.61000061035156,550.9105224609375,320.7200012207031,134.89999389648438,82.39600372314453,321.14794921875,180.1924285888672,503.3699951171875,162.3292694091797,153.7648162841797,24.350000381469727,91066.0078125,3103.04052734375,218.09490966796875
2024-11-16,,,,,,,,,,,,,,,,90558.4765625,3133.27392578125,215.8488311767578
2024-11-17,,,,,,,,,,,,,,,,89845.8515625,3075.66162109375,237.57553100585938
2024-11-18,226.37718200683594,409.2944030761719,139.93136596679688,174.07760620117188,201.6999969482422,551.2285766601562,338.739990234375,138.92999267578125,84.70500183105469,318.1759948730469,182.1439666748047,499.510009765625,163.14663696289062,157.59693908691406,24.84000015258789,90542.640625,3207.8564453125,239.79425048828125
2024-11-19,226.63528442382812,411.2928161621094,146.7806396484375,176.8779296875,204.61000061035156,557.8804321289062,346.0,139.38999938964844,87.13200378417969,319.34100341796875,185.25277709960938,499.6099853515625,162.83151245117188,157.79812622070312,24.200000762939453,92343.7890625,3111.384033203125,238.09754943847656
2024-11-20,227.35011291503906,409.0285949707031,145.6623992919922,174.75286865234375,202.8800048828125,562.2849731445312,342.0299987792969,137.60000610351562,88.38500213623047,321.5823669433594,187.06704711914062,499.5,160.76348876953125,147.79623413085938,24.010000228881836,94339.4921875,3072.18798828125,235.4236602783203
2024-11-21,226.8735809326172,407.26287841796875,146.44119262695312,166.4611053466797,198.3800048828125,559.868896484375,339.6400146484375,137.49000549316406,89.74800109863281,331.534912109375,188.71461486816406,504.44000244140625,161.44297790527344,148.9363250732422,24.440000534057617,98504.7265625,3361.053955078125,257.0658874511719
2024-11-22,228.21385192871094,411.3367919921875,141.72854614257812,163.611083984375,197.1199951171875,555.9414672851562,352.55999755859375,138.35000610351562,89.77899932861328,337.69598388671875,188.5773162841797,512.1500244140625,161.72854614257812,150.21047973632812,24.5,98997.6640625,3331.600830078125,256.5186767578125
2024-11-23,,,,,,,,,,,,,,,,97777.28125,3396.223388671875,255.1785125732422
2024-11-24,,,,,,,,,,,,,,,,98013.8203125,3363.659912109375,252.91952514648438
2024-11-25,231.19223022460938,413.1025085449219,135.80780029296875,166.48094177246094,201.4499969482422,561.8773803710938,338.5899963378906,141.1300048828125,86.55899810791016,334.82281494140625,184.36033630371094,518.72998046875,162.30960083007812,152.15530395507812,24.8700008392334,93102.296875,3413.5439453125,234.4466094970703
2024-11-26,233.36647033691406,422.17755126953125,136.70639038085938,167.94068908691406,207.86000061035156,570.2590942382812,338.2300109863281,137.72000122070312,87.26000213623047,338.8413391113281,186.6943817138672,525.2999877929688,162.23080444335938,150.3446044921875,24.049999237060547,91985.3203125,3326.517333984375,230.9781951904297
2024-11-27,233.2373809814453,417.2454528808594,135.1288604736328,168.04991149902344,205.74000549316406,565.9439697265625,332.8900146484375,136.24000549316406,87.73400115966797,325.8378601074219,179.17250061035156,513.6799926757812,157.23800659179688,149.8368377685547,23.649999618530273,95962.53125,3657.249267578125,242.30221557617188
2024-11-28,,,,,,,,,,,,,,,,95652.46875,3579.8115234375,237.76400756835938
2024-11-29,235.62010192871094,417.70904541015625,138.03433227539062,167.77188110351562,207.88999938964844,571.0346069335938,345.1600036621094,137.17999267578125,88.68099975585938,325.8180847167969,181.27114868164062,515.9299926757812,159.611328125,151.8774871826172,24.049999237060547,97461.5234375,3593.494384765625,243.54949951171875
2024-11-30,,,,,,,,,,,,,,,,96449.0546875,3705.705322265625,237.74374389648438
2024-12-01,,,,,,,,,,,,,,,,97279.7890625,3711.1650390625,237.06993103027344
2024-12-02,237.8638153076172,425.1269836425781,138.41372680664062,170.29420471191406,210.7100067138672,589.438720703125,357.0899963378906,142.05999755859375,89.77400207519531,326.82525634765625,177.90737915039062,516.2000122070312,163.9738311767578,156.18862915039062,23.93000030517578,95865.3046875,3644.198486328125,225.75619506835938
2024-12-03,240.9017791748047,425.34393310546875,140.04116821289062,170.1452178955078,213.44000244140625,610.1396484375,351.4200134277344,141.97999572753906,90.21700286865234,327.23992919921875,179.3588104248047,516.260009765625,165.58883666992188,155.7575225830078,22.469999313354492,96002.1640625,3620.711669921875,234.2003173828125
2024-12-04,241.25917053222656,431.4794921875,144.91355895996094,173.1540985107422,218.16000366210938,610.2689819335938,357.92999267578125,143.99000549316406,91.10600280761719,363.2192077636719,184.55650329589844,536.489990234375,167.962158203125,156.4856414794922,21.959999084472656,98768.53125,3841.3310546875,229.11929321289062
2024-12-05,241.28897094726562,436.6088562011719,144.8436737060547,171.43617248535156,220.5500030517578,605.4466552734375,369.489990234375,141.36000061035156,91.78700256347656,356.811279296875,182.64413452148438,538.219970703125,167.87351989746094,154.46322631835938,20.799999237060547,96593.5703125,3811.00830078125,233.9987030029297
2024-12-06,241.09042358398438,437.5459289550781,142.22756958007812,173.49171447753906,227.02999877929688,620.2017211914062,389.2200012207031,138.58999633789062,93.4739990234375,357.41357421875,187.98892211914062,552.9600219726562,176.79554748535156,153.61572265625,20.920000076293945,99920.7109375,4005.810546875,237.0510711669922
2024-12-07,,,,,,,,,,,,,,,,99923.3359375,4002.692626953125,238.54795837402344
2024-12-08,,,,,,,,,,,,,,,,101236.015625,4005.70458984375,236.67233276367188
2024-12-09,244.9722442626953,439.96270751953125,138.60299682617188,174.34671020507812,226.08999633789062,610.0601196289062,389.7900085449219,130.8699951171875,91.36900329589844,347.1253356933594,186.7728729248047,547.9299926757812,176.21450805664062,154.80027770996094,20.809999465942383,97432.71875,3718.6904296875,217.34146118164062
2024-12-10,245.98487854003906,437.3092041015625,134.8685760498047,184.0895233154297,225.0399932861328,615.7772216796875,400.989990234375,127.73999786376953,91.33499908447266,344.41009521484375,174.30824279785156,547.0499877929688,169.19309997558594,150.678466796875,20.15999984741211,96675.4296875,3631.833740234375,213.82461547851562
2024-12-11,244.714111328125,442.892333984375,139.10226440429688,194.2598114013672,230.25999450683594,629.060791015625,424.7699890136719,130.14999389648438,93.65599822998047,350.3638610839844,175.1320343017578,549.9299926757812,180.4096221923828,153.92393493652344,20.1200008392334,101173.03125,3832.822021484375,227.44683837890625
2024-12-12,246.17352294921875,443.45458984375,137.1351776123047,190.83990478515625,228.97000122070312,627.1815795898438,418.1000061035156,130.60000610351562,92.55500030517578,353.503662109375,171.93499755859375,474.6300048828125,177.90830993652344,152.3927001953125,20.780000686645508,100043.0,3883.1015625,227.02671813964844
2024-12-13,246.34230041503906,441.1957092285156,134.04978942871094,188.71238708496094,227.4600067138672,616.80126953125,436.2300109863281,126.91000366210938,91.88700103759766,349.8306579589844,170.04222106933594,465.69000244140625,221.37600708007812,152.6719512939453,20.34000015258789,101459.2578125,3911.205322265625,224.83729553222656
2024-12-14,,,,,,,,,,,,,,,,101372.96875,3868.4052734375,219.84075927734375
2024-12-15,,,,,,,,,,,,,,,,104298.6953125,3951.941162109375,223.6576690673828
2024-12-16,249.23133850097656,445.4570617675781,131.8031463623047,195.51246643066406,232.92999267578125,621.169677734375,463.0199890136719,126.69000244140625,92.10800170898438,352.7137756347656,167.92393493652344,461.5299987792969,246.1921844482422,152.05560302734375,20.829999923706055,106029.71875,3987.48095703125,216.3349609375
2024-12-17,251.65374755859375,448.2880554199219,130.19554138183594,194.27969360351562,231.14999389648438,616.3933715820312,479.8599853515625,125.0199966430664,91.91300201416016,346.53289794921875,166.43328857421875,455.2300109863281,236.5709991455078,152.08450317382812,20.440000534057617,106140.6015625,3886.76611328125,222.8167266845703
2024-12-18,246.26284790039062,431.4499206542969,128.71774291992188,187.3006591796875,220.52000427246094,594.2528076171875,440.1300048828125,121.41000366210938,88.95500183105469,333.34649658203125,162.21630859375,441.30999755859375,220.2139892578125,147.3944549560547,19.299999237060547,100041.5390625,3618.791259765625,206.38174438476562
2024-12-19,247.99032592773438,431.0947570800781,130.48509216308594,187.41001892089844,223.2899932861328,592.6406860351562,436.1700134277344,118.87999725341797,90.2040023803711,332.3580017089844,165.53103637695312,437.3900146484375,214.9947052001953,144.8423614501953,19.059999465942383,97490.953125,3417.927978515625,194.28451538085938
2024-12-20,252.65647888183594,430.6706848144531,134.49913024902344,190.29310607910156,224.9199981689453,582.3713989257812,421.05999755859375,119.20999908447266,90.90499877929688,339.6925354003906,166.3842315673828,447.1700134277344,217.42706298828125,147.2403564453125,19.520000457763672,97755.9296875,3472.553466796875,194.2081756591797
2024-12-21,,,,,,,,,,,,,,,,97224.7265625,3337.222412109375,181.30145263671875
2024-12-22,,,,,,,,,,,,,,,,95104.9375,3277.53515625,180.16891479492188
2024-12-23,253.43084716796875,429.3389587402344,139.46168518066406,193.4943084716797,225.05999755859375,596.8995971679688,430.6000061035156,124.5999984741211,91.1449966430664,338.95123291015625,165.87428283691406,446.739990234375,229.424072265625,152.3927001953125,20.200000762939453,94686.2421875,3415.785400390625,189.75369262695312
2024-12-24,256.3396911621094,433.363525390625,140.01089477539062,194.96568298339844,229.0500030517578,604.7608032226562,462.2799987792969,126.29000091552734,93.21199798583984,340.46356201171875,168.1004638671875,447.94000244140625,236.66177368164062,153.4712677001953,20.399999618530273,98676.09375,3492.0498046875,196.98902893066406
2024-12-25,,,,,,,,,,,,,,,,99299.1953125,3493.2353515625,197.4790802001953
2024-12-26,257.15380859375,432.1601257324219,139.72132873535156,194.45867919921875,227.0500030517578,600.3824462890625,454.1300048828125,125.05999755859375,92.41400146484375,337.7848205566406,168.36524963378906,450.1600036621094,242.27024841308594,152.6719512939453,20.440000534057617,95795.515625,3331.225830078125,188.21810913085938
2024-12-27,253.74853515625,424.6830749511719,136.80564880371094,191.6352081298828,223.75,596.8599243164062,431.6600036621094,125.19000244140625,90.75499725341797,334.552490234375,165.69776916503906,446.4800109863281,238.7056884765625,151.42962646484375,20.299999237060547,94164.859375,3328.9169921875,183.82847595214844
2024-12-28,,,,,,,,,,,,,,,,95163.9296875,3397.90234375,195.01353454589844
2024-12-29,,,,,,,,,,,,,,,,93530.2265625,3349.513427734375,189.7442626953125
2024-12-30,250.38296508789062,419.0604553222656,137.2849578857422,190.12411499023438,221.3000030517578,588.3319702148438,417.4100036621094,122.44000244140625,90.04299926757812,331.8736267089844,163.68736267089844,445.79998779296875,232.61341857910156,148.86793518066406,19.81999969482422,92643.2109375,3356.392578125,191.02804565429688
2024-12-31,248.61578369140625,415.7757263183594,134.0897216796875,188.19540405273438,219.38999938964844,582.6302490234375,403.8399963378906,120.79000091552734,89.13200378417969,330.4798583984375,163.4225616455078,444.67999267578125,228.92050170898438,147.943359375,20.049999237060547,93429.203125,3332.53173828125,189.2644805908203
2025-01-01,,,,,,,,,,,,,,,,94419.7578125,3353.504150390625,193.8737335205078
2025-01-02,242.09312438964844,412.8953552246094,138.10374450683594,188.3246612548828,220.22000122070312,596.2926635742188,379.2799987792969,120.62999725341797,88.6729965209961,326.8521728515625,162.82435607910156,441.0,229.05873107910156,147.962646484375,20.219999313354492,96886.875,3451.392578125,207.7670440673828
2025-01-03,241.60665893554688,417.6005859375,144.25454711914062,190.67088317871094,224.19000244140625,601.6561279296875,410.44000244140625,125.37000274658203,88.1050033569336,329.06640625,163.10874938964844,430.57000732421875,229.62158203125,151.99783325195312,20.559999465942383,98107.4296875,3605.009765625,217.74732971191406
2025-01-04,,,,,,,,,,,,,,,,98236.2265625,3657.706787109375,216.6229248046875
2025-01-05,,,,,,,,,,,,,,,,98314.9609375,3634.103759765625,213.3936309814453
2025-01-06,243.23484802246094,422.0394287109375,149.20716857910156,195.7212371826172,227.61000061035156,627.1005249023438,411.04998779296875,129.5500030517578,88.17900085449219,326.72369384765625,162.49090576171875,431.17999267578125,233.4329376220703,153.94317626953125,19.8700008392334,102078.0859375,3688.611328125,218.72312927246094
2025-01-07,240.46493530273438,416.6338806152344,139.9310302734375,194.34930419921875,222.11000061035156,614.8509521484375,394.3599853515625,127.33000183105469,87.91899871826172,321.1881408691406,158.9015655517578,422.6300048828125,225.7607879638672,154.58843994140625,20.010000228881836,96922.703125,3381.577392578125,202.23025512695312
2025-01-08,240.95140075683594,418.79412841796875,139.90106201171875,192.8182830810547,222.1300048828125,607.7161865234375,394.94000244140625,121.83999633789062,87.5,323.1354675292969,159.99014282226562,419.5799865722656,226.42233276367188,153.2016143798828,19.8799991607666,95043.5234375,3326.329345703125,197.55905151367188
2025-01-09,,,,,,,,,,,,,,,,92484.0390625,3219.4306640625,185.02528381347656
2025-01-10,235.14353942871094,413.2603454589844,135.7073211669922,190.91940307617188,218.94000244140625,612.8308715820312,394.739990234375,116.04000091552734,83.76899719238281,314.1897277832031,151.88937377929688,405.9200134277344,221.4853057861328,151.17922973632812,19.149999618530273,94701.453125,3267.489990234375,187.5791778564453
2025-01-11,,,,,,,,,,,,,,,,94566.59375,3282.2177734375,187.99551391601562
2025-01-12,,,,,,,,,,,,,,,,94488.4375,3265.951171875,188.5603790283203
2025-01-13,232.71119689941406,411.5242004394531,133.03131103515625,189.8954315185547,218.4600067138672,605.3379516601562,403.30999755859375,117.31999969482422,84.02899932861328,315.3956298828125,151.31918334960938,408.5,222.45297241210938,151.32371520996094,19.200000762939453,94516.5234375,3135.499755859375,182.83535766601562
2025-01-14,231.59927368164062,410.02490234375,131.56349182128906,188.55331420898438,217.75999450683594,591.3272705078125,396.3599853515625,116.08999633789062,82.83999633789062,319.81414794921875,153.66880798339844,412.7099914550781,221.8704071044922,153.63499450683594,19.200000762939453,96534.046875,3223.6845703125,187.49859619140625
2025-01-15,236.15621948242188,420.5203857421875,136.0368194580078,194.40896606445312,223.35000610351562,614.084716796875,428.2200012207031,119.95999908447266,84.82599639892578,317.4615783691406,155.63499450683594,417.2799987792969,225.1288604736328,158.33468627929688,19.719999313354492,100504.4921875,3450.53759765625,205.91134643554688
2025-01-16,226.61544799804688,418.8138427734375,133.37081909179688,191.7843780517578,220.66000366210938,608.2933959960938,413.82000732421875,118.44000244140625,84.23699951171875,316.31494140625,156.84420776367188,426.92999267578125,226.5211181640625,155.46478271484375,19.670000076293945,99756.90625,3308.34521484375,211.22784423828125
2025-01-17,228.3230438232422,423.2034606933594,137.504638671875,194.8563232421875,225.94000244140625,609.756103515625,426.5,121.45999908447266,85.80999755859375,320.8223876953125,158.3090362548828,429.989990234375,234.44996643066406,158.47914123535156,21.489999771118164,104462.0390625,3474.107177734375,219.62161254882812
2025-01-18,,,,,,,,,,,,,,,,104408.0703125,3305.78955078125,261.8697509765625
2025-01-19,,,,,,,,,,,,,,,,101089.609375,3208.96435546875,250.58636474609375
2025-01-20,,,,,,,,,,,,,,,,102016.6640625,3278.035400390625,242.25022888183594
2025-01-21,221.0359344482422,422.6806335449219,140.61996459960938,196.89437866210938,230.7100067138672,613.4280395507812,424.07000732421875,122.27999877929688,86.96800231933594,323.0761413574219,169.654052734375,436.3599853515625,237.28384399414062,161.08900451660156,21.770000457763672,106146.265625,3327.40625,250.41378784179688
2025-01-22,222.21737670898438,440.1402587890625,146.85067749023438,197.2124786376953,235.00999450683594,620.433349609375,415.1099853515625,123.75,95.39900207519531,328.78961181640625,181.10719299316406,437.32000732421875,237.87628173828125,163.94924926757812,21.860000610351562,103653.0703125,3240.224609375,257.23736572265625
2025-01-23,222.048583984375,440.643310546875,147.00047302246094,196.8247833251953,235.4199981689453,633.3197021484375,412.3800048828125,123.04000091552734,98.48600006103516,330.8061218261719,183.3191680908203,437.2799987792969,237.25421142578125,167.9169921875,21.56999969482422,103960.171875,3334.714111328125,253.4552001953125
2025-01-24,221.17494201660156,438.029296875,142.40731811523438,199.04176330566406,234.85000610351562,644.3053588867188,406.5799865722656,122.83999633789062,97.75900268554688,330.03509521484375,180.49766540527344,435.3800048828125,241.6185760498047,165.7501220703125,20.829999923706055,104819.484375,3309.554931640625,253.36122131347656
2025-01-25,,,,,,,,,,,,,,,,104714.6484375,3317.26953125,256.0735778808594
2025-01-26,,,,,,,,,,,,,,,,102682.5,3236.13427734375,240.88345336914062
2025-01-27,228.20391845703125,428.6582946777344,118.24339294433594,190.69078063964844,235.4199981689453,656.6343994140625,397.1499938964844,115.01000213623047,97.18900299072266,343.10284423828125,155.60548400878906,438.6000061035156,199.58462524414062,164.85450744628906,20.290000915527344,102087.6875,3178.92041015625,235.07444763183594
2025-01-28,236.5433807373047,441.1266784667969,128.79763793945312,194.16038513183594,238.14999389648438,671.0133666992188,398.0899963378906,114.16999816894531,97.18299865722656,355.80487060546875,161.22886657714844,442.8399963378906,204.74874877929688,165.21084594726562,19.799999237060547,101332.4765625,3077.112548828125,227.20396423339844
2025-01-29,237.63546752929688,436.32275390625,123.51551818847656,194.269775390625,237.07000732421875,673.1627197265625,389.1000061035156,117.3499984741211,97.81500244140625,349.92340087890625,159.2823028564453,441.67999267578125,203.75149536132812,165.36492919921875,19.75,103703.2109375,3112.9990234375,227.94493103027344
2025-01-30,235.8782196044922,409.3540954589844,124.464111328125,199.69790649414062,234.63999938964844,683.6210327148438,400.2799987792969,118.86000061035156,97.3239974975586,339.6134948730469,167.50106811523438,446.0,212.94424438476562,165.57679748535156,20.010000228881836,104735.3046875,3247.780029296875,239.0231475830078
2025-01-31,234.29966735839844,409.42315673828125,119.89093780517578,202.82952880859375,237.67999267578125,685.7903442382812,404.6000061035156,115.94999694824219,97.6760025024414,337.7650451660156,167.18646240234375,437.45001220703125,218.4835968017578,166.53982543945312,19.43000030517578,102405.0234375,3298.26513671875,231.63790893554688
2025-02-01,,,,,,,,,,,,,,,,100655.90625,3118.32861328125,213.78501892089844
2025-02-02,,,,,,,,,,,,,,,,97688.9765625,2868.69287109375,203.11962890625
2025-02-03,226.3672637939453,405.33941650390625,116.48603820800781,200.0557861328125,237.4199981689453,694.0296630859375,383.67999267578125,114.2699966430664,97.89399719238281,335.3333740234375,165.75112915039062,438.6000061035156,214.98817443847656,163.94924926757812,19.3799991607666,101405.421875,2884.566650390625,216.1495819091797
2025-02-04,231.12274169921875,406.76971435546875,118.47305297851562,205.17576599121094,242.05999755859375,700.7264404296875,392.2099914550781,119.5,99.48699951171875,340.1769104003906,165.05311584472656,440.2300109863281,219.62899780273438,166.64576721191406,19.290000915527344,97871.8203125,2735.05126953125,207.09197998046875
2025-02-05,230.7951202392578,407.6772155761719,124.64384460449219,190.2135772705078,236.1699981689453,701.4031372070312,378.1700134277344,112.01000213623047,101.11100006103516,343.92327880859375,168.75941467285156,437.6300048828125,229.07847595214844,169.36158752441406,19.649999618530273,96615.4453125,2787.779052734375,195.98814392089844
2025-02-06,231.5397186279297,410.1728515625,128.4880828857422,190.48202514648438,238.8300018310547,708.4881591796875,374.32000732421875,110.16000366210938,101.56800079345703,327.00042724609375,169.43775939941406,435.3999938964844,228.44654846191406,163.06326293945312,19.3799991607666,96593.296875,2688.40087890625,189.77249145507812
2025-02-07,225.99000549316406,404.18524169921875,129.6463623046875,184.25851440429688,229.14999389648438,711.0057373046875,361.6199951171875,107.55999755859375,101.39299774169922,322.0777893066406,171.51210021972656,433.07000732421875,222.0382537841797,161.75350952148438,19.100000381469727,96529.0859375,2622.211181640625,192.20465087890625
2025-02-08,,,,,,,,,,,,,,,,96482.453125,2632.308349609375,199.5998992919922
2025-02-09,,,,,,,,,,,,,,,,96500.09375,2628.72119140625,200.49755859375
2025-02-10,226.25833129882812,406.6217041015625,133.37081909179688,185.38194274902344,233.13999938964844,713.8715209960938,350.7300109863281,110.4800033569336,102.76000213623047,323.4320068359375,175.89674377441406,451.1000061035156,232.08018493652344,165.02786254882812,19.770000457763672,97437.5546875,2661.166748046875,200.35635375976562
2025-02-11,231.1979522705078,405.8523254394531,132.60198974609375,184.2386474609375,232.75999450683594,716.2597045898438,328.5,111.0999984741211,100.80799865722656,320.6642150878906,174.1959686279297,458.82000732421875,232.08018493652344,165.63458251953125,20.969999313354492,95747.4296875,2602.781982421875,197.98236083984375
2025-02-12,235.42196655273438,403.4848937988281,130.94442749023438,182.53860473632812,228.92999267578125,721.8123168945312,336.510009765625,111.72000122070312,102.73100280761719,322.36444091796875,169.30996704101562,462.760009765625,233.3737335205078,163.9973907470703,22.479999542236328,97885.859375,2736.902099609375,196.7738037109375
2025-02-13,240.05349731445312,404.9645690917969,135.08824157714844,185.0538787841797,230.3699951171875,724.9766845703125,355.94000244140625,111.80999755859375,104.36900329589844,326.051513671875,170.9222412109375,459.2200012207031,232.8306427001953,165.78866577148438,24.1299991607666,96623.8671875,2675.902587890625,194.46095275878906
2025-02-14,243.104736328125,402.8831787109375,138.64292907714844,184.149169921875,228.67999267578125,733.0467529296875,355.8399963378906,113.0999984741211,105.86000061035156,322.7796325683594,171.21717834472656,460.1600036621094,230.10537719726562,165.86570739746094,23.600000381469727,97508.96875,2726.091552734375,199.9356689453125
2025-02-15,,,,,,,,,,,,,,,,97580.3515625,2693.559814453125,194.48208618164062
2025-02-16,,,,,,,,,,,,,,,,96175.03125,2663.31591796875,188.4864044189453
2025-02-17,,,,,,,,,,,,,,,,95773.3828125,2743.19970703125,177.6897430419922
2025-02-18,242.9755096435547,404.0767517089844,139.19210815429688,182.6976776123047,226.64999389648438,712.8466186523438,354.1099853515625,114.27999877929688,103.58499908447266,325.1717529296875,176.7618865966797,464.1099853515625,225.6521759033203,167.22360229492188,27.389999389648438,95539.546875,2669.3388671875,169.08428955078125
2025-02-19,243.37307739257812,409.1370544433594,139.02235412597656,184.18893432617188,226.6300048828125,700.30859375,360.55999755859375,114.69000244140625,104.33300018310547,320.79278564453125,178.45281982421875,456.989990234375,225.84967041015625,168.74522399902344,25.719999313354492,96635.609375,2715.77099609375,169.01080322265625
2025-02-20,244.32720947265625,411.3017272949219,139.90106201171875,183.4830780029297,222.8800048828125,691.4225463867188,354.3999938964844,114.16999816894531,102.4540023803711,314.7630310058594,173.02606201171875,454.69000244140625,223.88473510742188,167.28138732910156,26.09000015258789,98333.9375,2740.386474609375,176.04888916015625
2025-02-21,244.0489044189453,403.47357177734375,134.22952270507812,178.61167907714844,216.5800018310547,680.1879272460938,337.79998779296875,110.83999633789062,100.31500244140625,306.23236083984375,164.97445678710938,444.32000732421875,215.90647888183594,159.31698608398438,24.8700008392334,96125.546875,2659.655517578125,168.89163208007812
2025-02-22,,,,,,,,,,,,,,,,96577.7578125,2764.029296875,172.16285705566406
2025-02-23,,,,,,,,,,,,,,,,96273.921875,2821.310302734375,168.03811645507812
2025-02-24,245.58944702148438,399.3124084472656,130.08572387695312,178.20408630371094,212.7100067138672,664.8439331054688,330.5299987792969,108.11000061035156,98.84700012207031,304.76947021484375,167.08815002441406,444.4200134277344,205.3115692138672,155.14700317382812,24.270000457763672,91418.171875,2513.8212890625,141.98948669433594
2025-02-25,245.52978515625,393.283203125,126.44114685058594,174.3964080810547,212.8000030517578,654.26611328125,302.79998779296875,103.95999908447266,97.7239990234375,302.3575134277344,165.69212341308594,443.4100036621094,199.98947143554688,155.26254272460938,22.989999771118164,88736.171875,2493.592529296875,144.10775756835938
2025-02-26,238.89064025878906,395.09197998046875,131.08424377441406,171.7220916748047,214.35000610351562,670.3864135742188,290.79998779296875,104.73999786376953,99.00599670410156,303.7908020019531,169.5557403564453,441.5,210.25851440429688,156.1100311279297,23.520000457763672,84347.0234375,2331.45263671875,134.83132934570312
2025-02-27,235.84934997558594,387.97552490234375,119.97081756591797,167.51678466796875,208.74000549316406,655.0025024414062,281.95001220703125,99.51000213623047,96.30699920654297,291.5039978027344,161.97601318359375,437.19000244140625,195.3091583251953,148.7331085205078,23.09000015258789,84704.2265625,2305.484375,137.6208038330078
2025-02-28,240.36158752441406,392.3837585449219,124.73370361328125,169.28640747070312,212.27999877929688,664.91357421875,292.9800109863281,99.86000061035156,98.05599975585938,294.4200439453125,163.25404357910156,438.55999755859375,196.91860961914062,151.36219787597656,23.729999542236328,84373.0078125,2237.9052734375,148.03001403808594
2025-03-01,,,,,,,,,,,,,,,,86031.9140625,2216.643310546875,143.6757049560547
2025-03-02,,,,,,,,,,,,,,,,94248.3515625,2519.694580078125,178.49549865722656
2025-03-03,236.57489013671875,383.98236083984375,113.88990020751953,166.0354766845703,205.02000427246094,651.828125,284.6499938964844,98.2300033569336,97.37000274658203,289.6851501464844,159.2823028564453,440.7200012207031,185.010498046875,147.943359375,22.739999771118164,86065.671875,2145.573974609375,142.02108764648438
2025-03-04,234.4877166748047,384.1009826660156,115.81702423095703,169.9226837158203,203.8000030517578,636.8522338867188,272.0400085449219,100.75,97.25800323486328,284.0310363769531,154.80918884277344,446.0299987792969,185.11911010742188,148.75234985351562,21.329999923706055,87222.1953125,2170.01513671875,144.9165802001953
2025-03-05,234.2988739013672,396.3669738769531,117.12506866455078,172.0104217529297,208.36000061035156,653.2411499023438,279.1000061035156,101.66999816894531,99.09200286865234,288.6076965332031,158.83009338378906,451.239990234375,189.16748046875,152.63345336914062,20.809999465942383,90623.5625,2241.977294921875,146.26730346679688
2025-03-06,233.8914031982422,392.284912109375,110.40511322021484,171.34432983398438,200.6999969482422,624.841552734375,263.45001220703125,98.8499984741211,90.63600158691406,282.7558898925781,148.38954162597656,444.7799987792969,177.1902313232422,151.084228515625,20.75,89961.7265625,2202.476806640625,143.355224609375
2025-03-07,237.60853576660156,388.7464599609375,112.52194213867188,172.8455047607422,199.25,622.5827026367188,262.6700134277344,100.30999755859375,89.11100006103516,279.6322937011719,152.53822326660156,449.3999938964844,192.5049285888672,156.09971618652344,20.639999389648438,86742.671875,2138.987548828125,139.20913696289062
2025-03-08,,,,,,,,,,,,,,,,86154.59375,2201.51025390625,136.94207763671875
2025-03-09,,,,,,,,,,,,,,,,80601.0390625,2015.5091552734375,126.43543243408203
2025-03-10,226.08938598632812,375.7490539550781,106.82044982910156,165.092041015625,194.5399932861328,595.048828125,222.14999389648438,96.62999725341797,86.66799926757812,269.75732421875,146.2758331298828,435.0799865722656,182.12725830078125,150.0579071044922,19.93000030517578,78532.0,1861.1513671875,118.291748046875
2025-03-11,219.48997497558594,376.0356750488281,108.5978012084961,163.2706298828125,196.58999633789062,602.7308959960938,230.5800018310547,96.76000213623047,89.51000213623047,273.8595275878906,141.74375915527344,433.6600036621094,187.6962432861328,148.23764038085938,19.780000686645508,82862.2109375,1919.844970703125,125.26394653320312
2025-03-12,215.65354919433594,378.82293701171875,115.57803344726562,166.32623291015625,198.88999938964844,616.5126342773438,248.08999633789062,100.79000091552734,91.96800231933594,281.30279541015625,148.3403778076172,438.6000061035156,191.7841033935547,147.94715881347656,20.68000030517578,83722.359375,1908.982666015625,126.58324432373047
2025-03-13,208.39816284179688,374.37518310546875,115.41825103759766,161.9966583251953,193.88999938964844,587.7350463867188,240.67999267578125,98.11000061035156,89.01699829101562,268.61065673828125,145.16494750976562,377.8399963378906,188.95025634765625,147.1144561767578,23.700000762939453,81066.703125,1862.9696044921875,123.28614807128906
2025-03-14,212.18490600585938,384.05157470703125,121.49972534179688,164.7138214111328,197.9499969482422,605.1494750976562,249.97999572753906,100.97000122070312,91.80000305175781,276.1824645996094,146.74778747558594,394.739990234375,193.07760620117188,151.6071014404297,24.049999237060547,83969.1015625,1909.467529296875,133.31448364257812
2025-03-15,,,,,,,,,,,,,,,,84343.109375,1937.3946533203125,135.91253662109375
2025-03-16,,,,,,,,,,,,,,,,82579.6875,1887.43505859375,125.98810577392578
2025-03-17,212.6917724609375,384.18994140625,119.36272430419922,163.51943969726562,195.74000549316406,602.4603271484375,238.00999450683594,104.58999633789062,95.00199890136719,277.5169677734375,151.40765380859375,399.3399963378906,192.0507354736328,152.93359375,25.690000534057617,84075.6875,1927.0029296875,128.16371154785156
2025-03-18,211.38978576660156,379.070068359375,115.2684555053711,159.9164581298828,192.82000732421875,580.01123046875,225.30999755859375,103.51000213623047,92.99800109863281,275.52020263671875,146.92471313476562,391.3699951171875,186.29412841796875,151.32630920410156,25.920000076293945,82718.5,1932.54345703125,125.31269836425781
2025-03-19,213.92422485351562,383.3201599121094,117.35552978515625,163.121337890625,195.5399932861328,581.7044067382812,235.86000061035156,106.2300033569336,95.9489974975586,276.172607421875,149.87400817871094,387.8900146484375,193.1072540283203,153.23373413085938,24.1200008392334,86854.2265625,2057.7490234375,135.572509765625
2025-03-20,212.79116821289062,382.3515625,118.3641128540039,162.03643798828125,194.9499969482422,583.6365966796875,236.25999450683594,107.13999938964844,95.08399963378906,275.8167419433594,150.1394500732422,389.6099853515625,188.70986938476562,152.93359375,23.959999084472656,84167.1953125,1982.099853515625,127.49718475341797
2025-03-21,216.93569946289062,386.72027587890625,117.5352783203125,163.2208709716797,196.2100067138672,593.84521484375,248.7100067138672,106.44000244140625,96.02899932861328,277.388427734375,149.65774536132812,387.260009765625,189.8191375732422,151.83949279785156,24.260000228881836,84043.2421875,1964.8475341796875,128.43031311035156
2025-03-22,,,,,,,,,,,,,,,,83832.484375,1980.037841796875,128.4849853515625
2025-03-23,,,,,,,,,,,,,,,,86054.375,2005.2991943359375,132.5993194580078
2025-03-24,219.38064575195312,388.5191345214844,121.24009704589844,166.8935546875,203.25999450683594,616.3540649414062,278.3900146484375,113.8499984741211,97.1989974975586,282.6669006347656,152.2531280517578,394.4700012207031,189.41305541992188,154.99594116210938,24.219999313354492,87498.9140625,2077.47900390625,140.86927795410156
2025-03-25,222.38217163085938,390.574951171875,120.52110290527344,169.7600555419922,205.7100067138672,623.7839965820312,288.1400146484375,114.80999755859375,99.72799682617188,285.2864074707031,151.32899475097656,403.6400146484375,186.45176696777344,155.063720703125,24.200000762939453,87471.703125,2067.76416015625,143.81707763671875
2025-03-26,220.17576599121094,385.4452209472656,113.60079956054688,164.28582763671875,201.1300048828125,608.5158081054688,272.05999755859375,110.19000244140625,97.06500244140625,277.7541809082031,145.30258178710938,397.80999755859375,177.5481414794922,153.35960388183594,23.420000076293945,86900.8828125,2009.1893310546875,137.28857421875
2025-03-27,222.48158264160156,386.0481262207031,111.27406311035156,161.47909545898438,201.36000061035156,600.149658203125,273.1300048828125,106.6500015258789,97.6719970703125,274.6108093261719,143.31671142578125,396.1499938964844,170.3380584716797,152.95294189453125,23.6200008392334,87177.1015625,2002.357421875,138.34738159179688
2025-03-28,216.5679168701172,374.40484619140625,109.51652526855469,153.60618591308594,192.72000122070312,574.4139404296875,263.54998779296875,103.22000122070312,93.38500213623047,266.861083984375,138.4897003173828,385.7099914550781,167.49562072753906,147.8696746826172,22.709999084472656,84353.1484375,1895.5029296875,129.42315673828125
2025-03-29,,,,,,,,,,,,,,,,82597.5859375,1827.3203125,124.587646484375
2025-03-30,,,,,,,,,,,,,,,,82334.5234375,1806.2186279296875,124.64263153076172
2025-03-31,220.7720947265625,371.0343933105469,108.22832489013672,153.9147186279297,190.25999450683594,574.035400390625,259.1600036621094,102.73999786376953,93.25299835205078,265.2695617675781,137.44760131835938,383.5299987792969,165.8218536376953,148.73141479492188,22.709999084472656,82548.9140625,1823.47998046875,124.69412994384766
2025-04-01,221.82562255859375,377.7554626464844,109.995849609375,156.33334350585938,192.1699981689453,583.6365966796875,268.4599914550781,102.77999877929688,92.83799743652344,267.08843994140625,139.54159545898438,383.20001220703125,166.90139770507812,148.18922424316406,22.049999237060547,85169.171875,1905.491455078125,126.68238067626953
2025-04-02,222.5213165283203,377.7060852050781,110.26547241210938,156.30345153808594,196.00999450683594,581.5748901367188,282.760009765625,102.95999908447266,93.552001953125,268.4129638671875,143.39535522460938,385.7799987792969,170.43710327148438,149.18650817871094,21.979999542236328,82485.7109375,1795.313232421875,117.75762939453125
2025-04-03,201.9478759765625,368.78082275390625,101.65753936767578,150.01312255859375,178.41000366210938,529.475830078125,267.2799987792969,93.80000305175781,91.70500183105469,252.29083251953125,134.9112091064453,367.25,152.53074645996094,134.99208068847656,22.43000030517578,83102.828125,1815.63720703125,117.06145477294922
2025-04-04,187.22840881347656,355.6648254394531,94.17801666259766,144.91712951660156,171.0,502.69439697265625,239.42999267578125,85.76000213623047,85.58599853515625,237.98745727539062,126.10260009765625,349.07000732421875,144.8848876953125,123.41193389892578,19.850000381469727,83843.8046875,1815.335205078125,122.78688049316406
2025-04-05,,,,,,,,,,,,,,,,83504.796875,1805.9732666015625,120.25899505615234
2025-04-06,,,,,,,,,,,,,,,,78214.484375,1576.72802734375,105.7120132446289
2025-04-07,180.35069274902344,353.70782470703125,97.50334930419922,146.06173706054688,175.25999450683594,514.1678466796875,233.2899932861328,83.63999938964844,86.78299713134766,241.39772033691406,125.01134490966797,340.70001220703125,152.65951538085938,125.60016632080078,19.56999969482422,79235.3359375,1555.240966796875,106.90277862548828
2025-04-08,171.36595153808594,350.4460754394531,96.16523742675781,144.02134704589844,170.66000366210938,508.3912658691406,221.86000061035156,78.20999908447266,87.04000091552734,241.1802520751953,122.39629364013672,340.0,154.53134155273438,120.70085906982422,18.1299991607666,76271.953125,1472.5531005859375,105.51219177246094
2025-04-09,197.63438415527344,385.95916748046875,114.16999816894531,157.96563720703125,191.10000610351562,583.4075317382812,272.20001220703125,96.83999633789062,94.5469970703125,262.1163635253906,137.3296356201172,364.6400146484375,183.3716278076172,139.02964782714844,21.530000686645508,82573.953125,1668.0400390625,119.05754089355469
2025-04-10,189.25592041015625,376.92523193359375,107.4194564819336,152.10325622558594,181.22000122070312,544.0867309570312,252.39999389648438,88.69999694824219,92.11699676513672,252.5782928466797,131.56768798828125,350.04998779296875,170.6450958251953,130.1315155029297,19.8799991607666,79626.140625,1522.518798828125,112.80392456054688
2025-04-11,196.93869018554688,383.94287109375,110.7747573852539,156.40298461914062,184.8699951171875,541.377685546875,252.30999755859375,93.4000015258789,91.8290023803711,252.4595184326172,130.5810546875,352.4700012207031,180.1925048828125,134.82749938964844,19.739999771118164,83404.8359375,1567.1497802734375,121.53237915039062
2025-04-12,,,,,,,,,,,,,,,,85287.109375,1643.528564453125,132.26055908203125
2025-04-13,,,,,,,,,,,,,,,,83684.9765625,1596.685791015625,128.58079528808594
2025-04-14,201.28195190429688,383.3102722167969,110.55506134033203,158.32394409179688,182.1199951171875,529.33642578125,252.35000610351562,94.5,93.12799835205078,252.0139923095703,132.84043884277344,350.9100036621094,176.64688110351562,134.76939392089844,20.309999465942383,84542.390625,1622.7698974609375,129.3103790283203
2025-04-15,200.90426635742188,381.2544250488281,112.04297637939453,155.57691955566406,179.58999633789062,519.4166259765625,254.11000061035156,95.29000091552734,97.62799835205078,252.39019775390625,132.14981079101562,350.3800048828125,177.231201171875,134.19815063476562,19.850000381469727,83668.9921875,1588.6324462890625,126.26313018798828
2025-04-16,193.08241271972656,367.2982482910156,104.3437728881836,152.6108856201172,174.3300018310547,500.2840881347656,241.5500030517578,88.29000091552734,96.16300201416016,247.35092163085938,128.02566528320312,344.19000244140625,172.9329071044922,131.428955078125,19.229999542236328,84033.8671875,1578.1053466796875,131.44969177246094
2025-04-17,195.77581787109375,363.5126647949219,101.34796142578125,150.45106506347656,172.61000061035156,499.45745849609375,241.3699951171875,87.5,97.3030014038086,244.79661560058594,126.90090942382812,348.79998779296875,169.34765625,132.3197479248047,18.93000030517578,84895.75,1582.54833984375,134.69874572753906
2025-04-18,,,,,,,,,,,,,,,,84450.8046875,1588.9246826171875,134.07350158691406
2025-04-19,,,,,,,,,,,,,,,,85063.4140625,1612.9228515625,139.75025939941406
2025-04-20,,,,,,,,,,,,,,,,85174.3046875,1587.5142822265625,137.77459716796875
2025-04-21,191.97918701171875,354.9531555175781,96.77438354492188,146.97740173339844,167.32000732421875,482.7052917480469,227.5,85.55999755859375,98.79100036621094,233.90621948242188,121.17842864990234,343.2200012207031,164.61358642578125,131.8162384033203,18.84000015258789,87518.90625,1579.7344970703125,136.7043914794922
2025-04-22,198.5189666748047,362.5638427734375,98.75160217285156,150.75958251953125,173.17999267578125,498.26226806640625,237.97000122070312,86.26000213623047,104.03399658203125,240.96517944335938,125.53934478759766,349.9100036621094,167.9512176513672,134.3336944580078,19.510000228881836,93441.890625,1757.3316650390625,148.73941040039062
2025-04-23,203.3492431640625,370.0460205078125,102.5662612915039,154.6214141845703,180.60000610351562,518.1717529296875,250.74000549316406,90.38999938964844,104.95899963378906,247.9845428466797,129.6437530517578,351.9599914550781,175.21080017089844,135.9990692138672,20.59000015258789,93699.109375,1796.104248046875,151.15272521972656
2025-04-24,207.09617614746094,382.8061828613281,106.28104400634766,158.53297424316406,186.5399932861328,530.999755859375,259.510009765625,94.47000122070312,109.68699645996094,262.0628967285156,135.6720733642578,360.9100036621094,186.34283447265625,142.53469848632812,21.489999771118164,93943.796875,1769.8316650390625,152.3036346435547
2025-04-25,208.00062561035156,387.3033752441406,110.85466003417969,161.20037841796875,188.99000549316406,545.0628051757812,284.95001220703125,96.6500015258789,110.15299987792969,265.1814880371094,136.6389923095703,367.7200012207031,190.462890625,143.841796875,20.049999237060547,94720.5,1786.634521484375,150.91500854492188
2025-04-26,,,,,,,,,,,,,,,,94646.9296875,1821.881103515625,149.28936767578125
2025-04-27,,,,,,,,,,,,,,,,93754.84375,1792.864990234375,148.24583435058594
2025-04-28,208.85537719726562,386.62139892578125,108.57783508300781,159.8567352294922,187.6999969482422,547.5228881835938,285.8800048828125,96.38999938964844,111.03800201416016,262.9935302734375,138.2669219970703,368.6199951171875,190.62135314941406,142.931640625,20.510000228881836,94978.75,1798.851806640625,147.8099365234375
2025-04-29,209.9188232421875,389.4679870605469,108.867431640625,159.40882873535156,187.38999938964844,552.203857421875,292.0299987792969,96.05999755859375,112.56400299072266,265.0924072265625,138.90823364257812,370.9800109863281,189.33384704589844,142.2151641845703,20.34000015258789,94284.7890625,1799.1756591796875,146.42787170410156
2025-04-30,211.20098876953125,390.673828125,108.76756286621094,158.0552215576172,184.4199981689453,546.7858276367188,282.1600036621094,97.3499984741211,113.1719970703125,266.0329284667969,138.83917236328125,374.9800109863281,190.62135314941406,143.74497985839844,20.100000381469727,94207.3125,1793.775390625,147.64320373535156
2025-05-01,212.0159454345703,420.464111328125,111.45380401611328,160.54348754882812,190.1999969482422,569.9022216796875,280.5199890136719,96.6500015258789,113.34700012207031,266.646728515625,143.54544067382812,374.6300048828125,195.43467712402344,130.9158172607422,19.979999542236328,96492.3359375,1839.2215576171875,150.84658813476562
2025-05-02,204.09466552734375,430.2295227050781,114.33976745605469,163.2606658935547,189.97999572753906,594.6121826171875,287.2099914550781,98.80000305175781,115.64900207519531,272.3394470214844,148.7153778076172,380.8699951171875,201.68406677246094,135.3697052001953,20.6200008392334,96910.0703125,1842.7078857421875,148.05003356933594
2025-05-03,,,,,,,,,,,,,,,,95891.796875,1833.8397216796875,146.79605102539062
2025-05-04,,,,,,,,,,,,,,,,94315.9765625,1808.59423828125,143.98306274414062
2025-05-05,197.67416381835938,431.10919189453125,113.66072082519531,163.43984985351562,186.35000610351562,596.8531494140625,280.260009765625,100.58999633789062,113.40599822998047,269.9138488769531,147.2946319580078,381.05999755859375,198.7921142578125,135.01144409179688,20.270000457763672,94748.0546875,1819.697509765625,146.69664001464844
2025-05-06,197.29647827148438,428.2823486328125,113.38111877441406,162.4644317626953,185.00999450683594,584.9412841796875,275.3500061035156,98.62000274658203,113.76899719238281,270.6365966796875,145.72589111328125,382.9800109863281,198.16815185546875,135.4568328857422,19.940000534057617,96802.4765625,1815.0875244140625,146.7664031982422
2025-05-07,195.05029296875,428.3218994140625,116.89618682861328,150.6699981689453,188.7100067138672,594.4030151367188,276.2200012207031,100.36000061035156,115.54100036621094,275.4581298828125,147.37355041503906,384.9700012207031,202.8428192138672,139.71710205078125,20.309999465942383,97032.3203125,1811.606689453125,147.2137451171875
2025-05-08,196.28268432617188,433.0859375,117.20574951171875,153.55641174316406,192.0800018310547,595.5982055664062,284.82000732421875,101.69999694824219,114.44300079345703,276.9530029296875,148.2911376953125,383.989990234375,205.77438354492188,140.49168395996094,21.0,103241.4609375,2206.5146484375,163.96078491210938
2025-05-09,197.3163299560547,433.6394958496094,116.48675537109375,152.0336151123047,193.05999755859375,590.1004028320312,298.260009765625,102.83999633789062,114.02200317382812,272.6761169433594,148.3306121826172,383.2799987792969,206.2002410888672,140.56912231445312,21.420000076293945,102970.8515625,2345.50732421875,172.82827758789062
2025-05-10,,,,,,,,,,,,,,,,104696.328125,2582.422607421875,177.62181091308594
2025-05-11,,,,,,,,,,,,,,,,104106.359375,2510.23779296875,173.02645874023438
2025-05-12,209.77613830566406,444.0473327636719,122.82787322998047,157.71681213378906,208.63999938964844,636.8511352539062,318.3800048828125,108.12000274658203,111.0,285.94256591796875,155.11865234375,395.94000244140625,219.4517364501953,147.2887420654297,22.18000030517578,102812.953125,2496.397705078125,174.24789428710938
2025-05-13,211.90582275390625,443.9287109375,129.7481689453125,158.78176879882812,211.3699951171875,653.3841552734375,334.07000732421875,112.45999908447266,113.84400177001953,286.28912353515625,160.1011505126953,397.3999938964844,230.1876220703125,146.53350830078125,22.559999465942383,104169.8125,2680.129638671875,184.00625610351562
2025-05-14,211.30873107910156,447.6845397949219,135.15060424804688,164.59437561035156,210.25,656.7007446289062,347.67999267578125,117.72000122070312,115.0989990234375,287.8434143066406,160.77206420898438,399.4700012207031,229.89051818847656,148.12144470214844,21.520000457763672,103539.4140625,2610.063232421875,176.709228515625
2025-05-15,210.43296813964844,448.6946105957031,134.64129638671875,163.1909942626953,205.1699981689453,641.2831420898438,342.82000732421875,114.98999786376953,117.7979965209961,287.8632507324219,157.26951599121094,404.69000244140625,230.405517578125,147.76316833496094,21.549999237060547,103744.640625,2546.85693359375,169.00999450683594
2025-05-16,210.24386596679688,449.82342529296875,135.2104949951172,165.41055297851562,205.58999633789062,637.7574462890625,349.9800109863281,117.16999816894531,119.15299987792969,288.24932861328125,158.34494018554688,417.1300048828125,226.41421508789062,147.6566619873047,21.65999984741211,103489.2890625,2536.297607421875,167.33395385742188
2025-05-17,,,,,,,,,,,,,,,,103191.0859375,2475.75439453125,165.9308319091797
2025-05-18,,,,,,,,,,,,,,,,106446.0078125,2498.233642578125,173.89871215820312
2025-05-19,207.77581787109375,454.37841796875,135.38027954101562,165.75889587402344,206.16000366210938,637.8471069335938,342.0899963378906,114.73999786376953,119.16400146484375,284.764404296875,157.5063018798828,420.67999267578125,228.41482543945312,148.8185577392578,21.3799991607666,105606.1796875,2529.166748046875,166.86422729492188
2025-05-20,205.8650360107422,453.6852722167969,134.1919403076172,163.21090698242188,204.07000732421875,634.5304565429688,343.82000732421875,113.51000213623047,119.2020034790039,285.1901550292969,158.16734313964844,417.6099853515625,229.45472717285156,148.93475341796875,21.270000457763672,106791.0859375,2524.173095703125,168.4836883544922
2025-05-21,201.1179656982422,448.14007568359375,131.6155548095703,167.76943969726562,201.1199951171875,632.9369506835938,334.6199951171875,112.05999755859375,119.46299743652344,279.4677429199219,155.07916259765625,414.0299987792969,227.52346801757812,146.5044708251953,20.690000534057617,109678.078125,2552.34716796875,173.68173217773438
2025-05-22,200.3914794921875,450.40765380859375,132.64410400390625,170.068603515625,203.10000610351562,634.0026245117188,341.0400085449219,110.70999908447266,118.7969970703125,280.59637451171875,155.20745849609375,414.3299865722656,228.31578063964844,142.68960571289062,20.549999237060547,111673.28125,2664.156982421875,179.69094848632812
2025-05-23,194.33079528808594,445.7734680175781,131.10626220703125,167.6798553466797,200.99000549316406,624.5309448242188,339.3399963378906,110.30999755859375,118.53900146484375,270.4089050292969,153.88536071777344,407.69000244140625,226.52316284179688,140.7628173828125,20.049999237060547,107287.796875,2526.44189453125,173.82542419433594
2025-05-24,,,,,,,,,,,,,,,,107791.15625,2530.646240234375,176.0424041748047
2025-05-25,,,,,,,,,,,,,,,,109035.390625,2551.763916015625,175.72547912597656
2025-05-26,,,,,,,,,,,,,,,,109440.3671875,2564.138427734375,174.90789794921875
2025-05-27,199.24705505371094,456.18060302734375,135.3103790283203,172.0890655517578,206.02000427246094,639.7294311523438,362.8900146484375,114.55999755859375,121.15699768066406,274.428466796875,159.74595642089844,413.1000061035156,233.3865966796875,143.9095916748047,20.549999237060547,108994.640625,2663.06982421875,176.815185546875
2025-05-28,199.45602416992188,452.8832092285156,134.621337890625,171.55162048339844,204.72000122070312,640.9844360351562,356.8999938964844,112.86000061035156,120.8550033569336,273.280029296875,161.6600341796875,412.2300109863281,237.13027954101562,142.9123077392578,20.3700008392334,107802.328125,2682.212890625,172.18955993652344
2025-05-29,198.98825073242188,454.1902770996094,138.99520874023438,171.05397033691406,205.6999969482422,642.4484252929688,358.42999267578125,113.02999877929688,118.48600006103516,264.2607727050781,160.7227020263672,413.3599853515625,239.6459197998047,143.6287841796875,20.25,105641.7578125,2632.65478515625,166.5881805419922
2025-05-30,199.88394165039062,455.8537902832031,134.94088745117188,170.93453979492188,205.00999450683594,644.8786010742188,346.4599914550781,110.7300033569336,120.7229995727539,262.7261962890625,163.31756591796875,415.0899963378906,239.74496459960938,140.58853149414062,19.549999237060547,103998.5703125,2529.943603515625,156.23471069335938
2025-05-31,,,,,,,,,,,,,,,,104638.09375,2529.08740234375,156.63894653320312
2025-06-01,,,,,,,,,,,,,,,,105652.1015625,2536.266357421875,157.7845458984375
2025-06-02,200.72984313964844,457.4480895996094,137.187744140625,168.23724365234375,206.64999389648438,668.1942138671875,342.69000244140625,114.62999725341797,121.89800262451172,259.0135192871094,164.34365844726562,403.3999938964844,246.3211669921875,141.9730987548828,19.739999771118164,105881.53125,2607.097412109375,156.99806213378906
2025-06-03,202.2923126220703,458.4382629394531,141.02236938476562,165.4005889892578,205.7100067138672,664.1604614257812,344.2699890136719,117.30999755859375,121.79399871826172,261.8351745605469,166.8793182373047,412.489990234375,254.38299560546875,144.20973205566406,20.290000915527344,105432.46875,2593.2802734375,155.34317016601562
2025-06-04,201.84445190429688,459.3294982910156,141.72137451171875,167.2618408203125,207.22999572753906,685.1753540039062,332.04998779296875,118.58000183105469,123.96600341796875,260.5481262207031,165.8532257080078,413.9100036621094,258.57232666015625,144.3162384033203,20.25,104731.984375,2608.64306640625,153.35964965820312
2025-06-05,199.66500854492188,463.1022033691406,139.79408264160156,167.4210968017578,207.91000366210938,681.8588256835938,284.70001220703125,115.69000244140625,125.052001953125,264.47857666015625,168.85260009765625,415.20001220703125,257.43341064453125,143.7318115234375,19.989999771118164,101575.953125,2416.28564453125,144.54295349121094
2025-06-06,202.93917846679688,465.7757873535156,141.52166748046875,172.8654327392578,213.57000732421875,694.8960571289062,295.1400146484375,116.19000244140625,124.14700317382812,271.7751159667969,171.69410705566406,416.9200134277344,244.55825805664062,145.36822509765625,20.059999465942383,104390.34375,2477.19482421875,147.9131317138672
2025-06-07,,,,,,,,,,,,,,,,105615.625,2526.50537109375,150.13406372070312
2025-06-08,,,,,,,,,,,,,,,,105793.6484375,2510.787109375,152.4300994873047
2025-06-09,200.48106384277344,468.1225891113281,142.430419921875,175.47628784179688,216.97999572753906,691.2608032226562,308.5799865722656,121.7300033569336,122.44599914550781,269.53765869140625,174.7822723388672,416.260009765625,241.9337158203125,151.378173828125,20.479999542236328,110294.1015625,2681.51708984375,161.08865356445312
2025-06-10,201.69517517089844,466.3104553222656,143.758544921875,177.9775390625,217.61000061035156,699.567138671875,326.0899963378906,123.23999786376953,120.36199951171875,265.5478210449219,175.10784912109375,416.05999755859375,242.28036499023438,155.0016632080078,22.079999923706055,110257.234375,2813.517578125,165.02816772460938
2025-06-11,197.82391357421875,467.99383544921875,142.64002990722656,176.73191833496094,213.1999969482422,691.3404541015625,326.42999267578125,121.13999938964844,121.98799896240234,263.26080322265625,174.02255249023438,412.8399963378906,250.48081970214844,155.34254455566406,20.68000030517578,108686.625,2773.529296875,161.0558624267578
2025-06-12,198.24188232421875,474.1826171875,144.80712890625,175.087646484375,213.24000549316406,690.5635375976562,319.1099853515625,118.5,121.50299835205078,264.2508544921875,197.18873596191406,413.67999267578125,253.6104736328125,154.58279418945312,20.770000457763672,105929.0546875,2651.795166015625,152.7896728515625
2025-06-13,195.50509643554688,470.3109130859375,141.78115844726562,174.06121826171875,212.10000610351562,680.1158447265625,325.30999755859375,116.16000366210938,121.21499633789062,255.82565307617188,212.34344482421875,391.67999267578125,246.31126403808594,150.7060546875,20.139999389648438,106090.96875,2579.486083984375,148.62835693359375
2025-06-14,,,,,,,,,,,,,,,,105472.40625,2533.444091796875,144.7637481689453
2025-06-15,,,,,,,,,,,,,,,,105552.0234375,2546.837158203125,152.81439208984375
2025-06-16,197.4656219482422,474.45001220703125,144.49754333496094,176.15394592285156,216.10000610351562,699.8262939453125,329.1300048828125,126.38999938964844,122.53500366210938,261.25103759765625,208.27850341796875,401.7300109863281,249.67860412597656,152.80026245117188,20.739999771118164,106796.7578125,2540.60498046875,150.8699951171875
2025-06-17,194.69900512695312,473.3608093261719,143.92828369140625,175.33677673339844,214.82000732421875,694.9522705078125,316.3500061035156,127.0999984741211,122.06700134277344,260.1422119140625,205.3975067138672,382.67999267578125,246.9748077392578,150.4528045654297,20.799999237060547,104601.1171875,2510.761474609375,147.7498016357422
2025-06-18,195.63449096679688,475.53924560546875,145.2864990234375,172.71595764160156,212.52000427246094,693.4970703125,322.04998779296875,126.79000091552734,122.22899627685547,257.3221130371094,208.0515594482422,378.0400085449219,248.84666442871094,149.6443328857422,21.489999771118164,104883.328125,2524.301513671875,146.35311889648438
2025-06-19,,,,,,,,,,,,,,,,104684.2890625,2521.653564453125,147.07147216796875
2025-06-20,200.03321838378906,472.72705078125,143.65866088867188,166.05923461914062,209.69000244140625,680.120849609375,322.1600036621094,128.24000549316406,123.14099884033203,258.4425964355469,202.42774963378906,376.9200134277344,248.171630859375,147.39427185058594,21.079999923706055,103309.6015625,2407.30419921875,140.16859436035156
2025-06-21,,,,,,,,,,,,,,,,102257.40625,2300.49560546875,135.1610107421875
2025-06-22,,,,,,,,,,,,,,,,100987.140625,2228.213134765625,131.61569213867188
2025-06-23,200.53082275390625,481.24285888671875,143.9782257080078,164.6142578125,208.47000122070312,696.248046875,348.67999267578125,129.5800018310547,125.35399627685547,261.1993103027344,204.27276611328125,380.1199951171875,251.92413330078125,149.16705322265625,21.190000534057617,105577.7734375,2421.824951171875,144.8467254638672
2025-06-24,199.3365936279297,485.3126220703125,147.70326232910156,166.1887969970703,212.77000427246094,709.8734130859375,340.4700012207031,138.42999267578125,127.91100311279297,268.8941650390625,212.3927764892578,382.3399963378906,261.85137939453125,151.67039489746094,22.549999237060547,106045.6328125,2448.0087890625,145.95452880859375
2025-06-25,200.59051513671875,487.45147705078125,154.10475158691406,170.0851287841797,211.99000549316406,706.3648681640625,327.54998779296875,143.39999389648438,127.5250015258789,265.51275634765625,207.903564453125,387.54998779296875,262.7250061035156,151.88465881347656,22.200000762939453,107361.2578125,2419.310302734375,143.505126953125
2025-06-26,200.03321838378906,492.580810546875,154.81381225585938,172.9351806640625,217.1199951171875,723.718017578125,325.7799987792969,143.67999267578125,130.66700744628906,268.46771240234375,209.9755096435547,384.95001220703125,268.20489501953125,154.08602905273438,22.5,106960.0,2416.146728515625,139.0598602294922
2025-06-27,200.11282348632812,491.0855712890625,157.5401611328125,177.90777587890625,223.3000030517578,731.2334594726562,323.6300048828125,143.80999755859375,132.31199645996094,271.12530517578125,207.42999267578125,385.8299865722656,267.3908386230469,154.42694091796875,22.690000534057617,107088.4296875,2423.866943359375,142.1914825439453
2025-06-28,,,,,,,,,,,,,,,,107327.703125,2437.109375,150.8275604248047
2025-06-29,,,,,,,,,,,,,,,,108385.5703125,2500.9599609375,153.35308837890625
2025-06-30,204.18316650390625,492.5411682128906,157.7798614501953,175.61581420898438,219.38999938964844,735.6788330078125,317.6600036621094,141.89999389648438,133.91299438476562,270.4013671875,215.70785522460938,386.8800048828125,273.64495849609375,155.12826538085938,22.399999618530273,107135.3359375,2486.46435546875,154.7353057861328
2025-07-01,206.82041931152344,487.2336120605469,153.09609985351562,175.22715759277344,220.4600067138672,716.8704223632812,300.7099914550781,136.11000061035156,129.36000061035156,269.6279602050781,216.033447265625,392.1000061035156,262.8143310546875,155.26463317871094,22.850000381469727,105698.28125,2405.792724609375,146.9266357421875
2025-07-02,211.41819763183594,486.28302001953125,157.0408477783203,178.01739501953125,219.9199981689453,711.2388916015625,315.6499938964844,138.52000427246094,128.48599243164062,266.9505615234375,226.90615844726562,378.4700012207031,267.936767578125,158.10888671875,21.8799991607666,108859.3203125,2571.33544921875,152.22763061523438
2025-07-03,212.52284240722656,493.9571838378906,159.12806701660156,178.904296875,223.41000366210938,716.6610717773438,315.3500061035156,137.91000366210938,129.71800231933594,269.86590576171875,234.1480712890625,379.30999755859375,273.17840576171875,158.0017547607422,22.489999771118164,109647.9765625,2591.00732421875,152.40179443359375
2025-07-04,,,,,,,,,,,,,,,,108034.3359375,2508.518310546875,147.76364135742188
2025-07-05,,,,,,,,,,,,,,,,108231.1796875,2517.280029296875,147.64144897460938
2025-07-06,,,,,,,,,,,,,,,,109232.0703125,2571.236572265625,151.87294006347656
2025-07-07,208.94017028808594,492.8481140136719,158.02952575683594,176.17385864257812,223.47000122070312,716.0032348632812,293.94000244140625,134.8000030517578,128.96200561523438,267.5356140136719,229.15570068359375,376.92999267578125,272.1856689453125,153.98861694335938,22.0,108299.8515625,2543.01318359375,148.87234497070312
2025-07-08,208.9998779296875,491.7588806152344,159.7871856689453,173.75233459472656,219.36000061035156,718.315673828125,297.80999755859375,137.82000732421875,127.53099822998047,271.35333251953125,231.36573791503906,382.239990234375,269.8229675292969,155.31333923339844,23.59000015258789,108950.2734375,2615.505859375,151.81039428710938
2025-07-09,210.12445068359375,498.5815124511719,162.66336059570312,176.00445556640625,222.5399932861328,730.3861694335938,295.8800048828125,138.41000366210938,128.8280029296875,268.646240234375,232.65823364257812,373.3800048828125,275.8786315917969,155.2159423828125,23.440000534057617,111326.5546875,2770.777587890625,157.28150939941406
2025-07-10,211.3883514404297,496.5713195800781,163.88172912597656,177.00094604492188,222.25999450683594,724.8642578125,309.8699951171875,144.16000366210938,125.05899810791016,261.7545471191406,232.3517303466797,371.42999267578125,273.39678955078125,154.9626922607422,23.81999969482422,115987.203125,2954.84521484375,164.06277465820312
2025-07-11,210.1443328857422,498.393310546875,164.70062255859375,179.56199645996094,225.02000427246094,715.166015625,313.510009765625,146.4199981689453,124.51100158691406,255.90408325195312,227.96176147460938,363.3500061035156,272.38421630859375,153.37496948242188,23.43000030517578,117516.9921875,2957.88623046875,162.8833770751953
2025-07-12,,,,,,,,,,,,,,,,117435.2265625,2942.91162109375,160.68484497070312
2025-07-13,,,,,,,,,,,,,,,,119116.1171875,2973.35888671875,161.1940155029297
2025-07-14,207.6165771484375,498.09625244140625,163.8517608642578,180.92723083496094,225.69000244140625,718.5648193359375,316.8999938964844,146.24000549316406,126.19499969482422,257.50054931640625,226.69618225097656,366.989990234375,273.5953369140625,150.28721618652344,23.299999237060547,119849.703125,3013.350830078125,162.2752227783203
2025-07-15,208.1042022705078,500.86883544921875,170.4729461669922,181.36570739746094,226.35000610351562,708.0692749023438,310.7799987792969,155.61000061035156,126.0270004272461,255.4181671142578,232.31219482421875,364.17999267578125,278.896484375,150.2969512939453,22.920000076293945,117777.1875,3139.8896484375,163.950439453125
2025-07-16,209.14915466308594,500.67083740234375,171.14205932617188,182.3323211669922,223.19000244140625,700.6136474609375,321.6700134277344,160.0800018310547,125.03099822998047,255.78509521484375,238.58074951171875,361.7699890136719,278.7674255371094,150.07293701171875,22.690000534057617,118738.5078125,3371.5068359375,173.70848083496094
2025-07-17,209.00985717773438,506.6912841796875,172.7698974609375,182.94020080566406,223.8800048828125,699.1185913085938,319.4100036621094,160.41000366210938,127.41699981689453,257.69891357421875,245.94677734375,366.45001220703125,284.3664245605469,148.65078735351562,22.799999237060547,119289.84375,3476.784423828125,175.7930450439453
2025-07-18,210.16424560546875,505.05743408203125,172.18067932128906,184.4150390625,226.1300048828125,701.9793090820312,329.6499938964844,156.99000549316406,120.92400360107422,260.17791748046875,242.6839599609375,365.7900085449219,281.279052734375,150.78399658203125,23.100000381469727,118003.2265625,3549.016357421875,177.38197326660156
2025-07-19,,,,,,,,,,,,,,,,117939.9765625,3595.273681640625,177.07012939453125
2025-07-20,,,,,,,,,,,,,,,,117300.7890625,3759.471435546875,181.54603576660156
2025-07-21,211.45802307128906,505.06732177734375,171.15206909179688,189.43746948242188,229.3000030517578,710.6408081054688,328.489990234375,157.0,123.3270034790039,260.0787353515625,240.79550170898438,367.67999267578125,286.1136169433594,154.84579467773438,23.260000228881836,117439.5390625,3763.371337890625,195.9942626953125
2025-07-22,213.36875915527344,500.32421875,166.80783081054688,190.67315673828125,227.47000122070312,702.5075073242188,332.1099853515625,154.72000122070312,119.00800323486328,261.37774658203125,235.4266815185547,372.8699951171875,276.5635986328125,153.89122009277344,23.239999771118164,119995.4140625,3749.1455078125,205.70054626464844
2025-07-23,213.11996459960938,500.9183654785156,170.55284118652344,189.56700134277344,228.2899932861328,711.2489013671875,332.55999755859375,158.64999389648438,117.6780014038086,264.977294921875,239.17396545410156,372.4599914550781,281.6264953613281,155.73220825195312,23.489999771118164,118754.9609375,3629.70361328125,189.54293823242188
2025-07-24,212.7318572998047,505.8793640136719,173.50892639160156,191.500244140625,232.22999572753906,712.4649047851562,305.29998779296875,162.1199951171875,118.07599639892578,265.4532775878906,240.093505859375,371.69000244140625,286.6099853515625,154.7191619873047,22.6299991607666,118368.0,3708.005615234375,182.60606384277344
2025-07-25,212.8512725830078,508.6816711425781,173.26922607421875,192.5067138671875,231.44000244140625,710.3517456054688,316.05999755859375,166.47000122070312,118.04900360107422,266.8514404296875,242.35768127441406,370.739990234375,288.06927490234375,154.2905731201172,20.700000762939453,117635.8828125,3727.266845703125,186.7796630859375
2025-07-26,,,,,,,,,,,,,,,,117947.3671875,3741.39599609375,184.91387939453125
2025-07-27,,,,,,,,,,,,,,,,119448.4921875,3875.24658203125,188.73348999023438
2025-07-28,213.02044677734375,507.4834289550781,176.51490783691406,191.90882873535156,232.7899932861328,715.28564453125,325.5899963378906,173.66000366210938,117.45999908447266,267.98187255859375,244.91851806640625,369.4700012207031,292.1592712402344,156.87184143066406,20.68000030517578,117924.4765625,3787.42578125,182.54156494140625
2025-07-29,210.25384521484375,507.55279541015625,175.27655029296875,195.06776428222656,231.00999450683594,697.7132568359375,321.20001220703125,177.44000244140625,116.8740005493164,265.1458740234375,247.16293334960938,370.70001220703125,295.2566833496094,157.87510681152344,20.40999984741211,117922.1484375,3793.454833984375,181.33531188964844
2025-07-30,208.04449462890625,508.2162170410156,179.03155517578125,195.84507751464844,230.19000244140625,692.9389038085938,319.0400085449219,179.50999450683594,118.41999816894531,262.5875244140625,247.77593994140625,364.0,300.4188232421875,154.9334716796875,20.34000015258789,117831.1875,3808.20166015625,177.6940155029297
2025-07-31,206.5716094970703,528.2779541015625,177.6334228515625,191.23118591308594,234.11000061035156,770.913330078125,308.2699890136719,176.30999755859375,115.94000244140625,256.161865234375,250.9102020263672,357.69000244140625,291.5636901855469,142.9525604248047,19.799999237060547,115758.203125,3696.707763671875,172.42434692382812
2025-08-01,201.40658569335938,518.9797973632812,173.4889373779297,188.47085571289062,214.75,747.5598754882812,302.6300048828125,171.6999969482422,115.86000061035156,248.63560485839844,241.66558837890625,347.79998779296875,286.54052734375,144.345458984375,19.309999465942383,113320.0859375,3488.365966796875,162.87709045410156
2025-08-02,,,,,,,,,,,,,,,,112526.9140625,3392.7412109375,158.48301696777344
2025-08-03,,,,,,,,,,,,,,,,114217.671875,3497.379150390625,161.95497131347656
2025-08-04,202.37193298339844,530.3969116210938,179.7605743408203,194.3602294921875,211.64999389648438,773.8338012695312,309.260009765625,176.77999877929688,117.0989990234375,250.2023468017578,249.68417358398438,338.8500061035156,295.554443359375,143.68310546875,19.5,115071.8828125,3718.986083984375,169.42568969726562
2025-08-05,201.94398498535156,522.5841674804688,178.0229034423828,193.9915313720703,213.75,760.9658813476562,308.7200012207031,174.30999755859375,114.78700256347656,245.41287231445312,252.78878784179688,338.739990234375,290.7992858886719,142.9038543701172,20.190000534057617,114141.4453125,3611.8994140625,164.096435546875
2025-08-06,212.22430419921875,519.8016967773438,179.18133544921875,195.4065704345703,222.30999755859375,769.468017578125,319.9100036621094,163.1199951171875,117.8479995727539,247.07876586914062,253.54022216796875,345.6199951171875,299.4757385253906,142.05642700195312,20.40999984741211,115028.0,3683.920654296875,168.1757354736328
2025-08-07,218.9716796875,515.7418212890625,180.52955627441406,195.8350830078125,223.1300048828125,759.3412475585938,322.2699890136719,172.39999389648438,118.03700256347656,238.85836791992188,246.57957458496094,338.2699890136719,301.550537109375,142.1148681640625,19.770000457763672,117496.8984375,3914.325927734375,175.4854278564453
2025-08-08,228.2468719482422,516.9300537109375,182.4569854736328,200.71800231933594,222.69000244140625,766.786865234375,329.6499938964844,172.75999450683594,121.16400146484375,238.491455078125,247.23214721679688,341.04998779296875,302.751708984375,143.7318115234375,19.950000762939453,116688.7265625,4009.848876953125,176.76329040527344
2025-08-09,,,,,,,,,,,,,,,,116500.359375,4263.59912109375,180.18234252929688
2025-08-10,,,,,,,,,,,,,,,,119306.7578125,4254.2177734375,182.90301513671875
2025-08-11,226.34390258789062,516.6627197265625,181.81784057617188,200.29946899414062,221.3000030517578,763.3681030273438,339.0299987792969,172.27999877929688,121.83100128173828,230.72718811035156,249.8324737548828,333.6499938964844,301.6894836425781,144.13116455078125,20.649999618530273,118731.4453125,4226.966796875,174.97781372070312
2025-08-12,228.80479431152344,524.0595703125,182.9163818359375,202.63133239746094,221.47000122070312,787.419189453125,340.8399963378906,174.9499969482422,122.52799987792969,229.7157440185547,250.9991912841797,338.42999267578125,310.5545349121094,149.7417449951172,21.809999465942383,120172.90625,4590.9248046875,191.85682678222656
2025-08-13,232.47125244140625,515.484375,181.3484649658203,201.25613403320312,224.55999755859375,777.5316162109375,339.3800048828125,184.4199981689453,120.44400024414062,235.04066467285156,241.42828369140625,351.07000732421875,306.84173583984375,152.5275421142578,22.219999313354492,123344.0625,4756.27587890625,201.59042358398438
2025-08-14,231.9232635498047,517.36572265625,181.77789306640625,202.2327117919922,230.97999572753906,779.5748901367188,335.5799865722656,180.9499969482422,123.05599975585938,231.41136169433594,242.19949340820312,348.5799865722656,308.9662170410156,153.98861694335938,23.860000610351562,118359.578125,4548.16650390625,192.58595275878906
2025-08-15,230.73764038085938,515.078369140625,180.20999145507812,203.18936157226562,231.02999877929688,782.664794921875,330.55999755859375,177.50999450683594,123.8949966430664,240.4052734375,245.48207092285156,354.8500061035156,304.11175537109375,153.75486755371094,24.559999465942383,117398.3515625,4439.98876953125,185.7412567138672
2025-08-16,,,,,,,,,,,,,,,,117491.3515625,4426.18017578125,189.76699829101562
2025-08-17,,,,,,,,,,,,,,,,117453.0625,4473.271484375,191.16482543945312
2025-08-18,230.04022216796875,512.0383911132812,181.7678985595703,202.79075622558594,231.49000549316406,764.8631591796875,335.1600036621094,176.13999938964844,124.50900268554688,241.92242431640625,246.26319885253906,357.239990234375,303.5359802246094,154.77760314941406,23.65999984741211,116252.3125,4312.5048828125,183.0698699951172
2025-08-19,229.71144104003906,504.78021240234375,175.40638732910156,200.86749267578125,228.00999450683594,749.0250854492188,329.30999755859375,166.5500030517578,121.41500091552734,243.9353790283203,231.97601318359375,361.0299987792969,292.764892578125,152.1963653564453,25.309999465942383,112831.1796875,4073.464111328125,176.11227416992188
2025-08-20,225.17819213867188,500.76983642578125,175.1667022705078,198.62533569335938,223.80999755859375,745.27734375,323.8999938964844,165.1999969482422,121.38600158691406,244.381591796875,232.4110565185547,353.42999267578125,289.0520935058594,151.40737915039062,23.540000915527344,114274.7421875,4334.50048828125,187.5863037109375
2025-08-21,224.072265625,500.1251220703125,174.74725341796875,199.05381774902344,221.9499969482422,736.6854858398438,320.1099853515625,163.7100067138672,120.62100219726562,243.76681518554688,230.532470703125,353.42999267578125,287.4934997558594,150.13136291503906,23.5,112419.03125,4223.2099609375,180.28062438964844
2025-08-22,226.9217529296875,503.09075927734375,177.7532501220703,205.37171936035156,228.83999633789062,752.32421875,340.010009765625,167.75999450683594,120.46499633789062,246.20614624023438,233.70628356933594,362.0899963378906,291.86151123046875,153.91070556640625,24.799999237060547,116874.0859375,4831.3486328125,200.64744567871094
2025-08-23,,,,,,,,,,,,,,,,115374.328125,4776.09033203125,203.93673706054688
2025-08-24,,,,,,,,,,,,,,,,113458.4296875,4779.6474609375,205.8523712158203
2025-08-25,226.323974609375,500.1449890136719,179.57083129882812,207.7633819580078,227.94000244140625,750.8390502929688,346.6000061035156,163.36000061035156,121.80699920654297,245.7896728515625,232.7571258544922,363.2099914550781,292.08984375,152.3619384765625,24.549999237060547,110124.3515625,4372.98779296875,187.2784423828125
2025-08-26,228.46604919433594,497.9430847167969,181.52822875976562,206.41807556152344,228.7100067138672,751.636474609375,351.6700134277344,166.6199951171875,122.60900115966797,241.69436645507812,231.57064819335938,354.9100036621094,295.8423156738281,155.0406036376953,24.350000381469727,111802.65625,4600.4267578125,195.90509033203125
2025-08-27,229.6417236328125,502.6047058105469,181.35845947265625,206.75689697265625,229.1199951171875,744.9384155273438,349.6000061035156,167.1300048828125,122.3499984741211,248.0604705810547,233.15260314941406,356.3500061035156,298.0660400390625,155.6250457763672,24.850000381469727,111222.0625,4503.39306640625,202.92337036132812
2025-08-28,231.70408630371094,505.4810485839844,179.93035888671875,210.90240478515625,231.60000610351562,748.6563110351562,345.9800109863281,168.5800018310547,123.1449966430664,252.393798828125,237.61180114746094,353.9599914550781,306.4049377441406,156.62831115722656,24.93000030517578,112544.8046875,4507.177734375,214.4056396484375
2025-08-29,231.28562927246094,502.5551452636719,173.9483184814453,212.16796875,229.0,736.286865234375,333.8699951171875,162.6300048828125,120.82499694824219,254.099365234375,223.58169555664062,356.70001220703125,295.22686767578125,156.56015014648438,24.350000381469727,108410.8359375,4360.15283203125,205.22000122070312
2025-08-30,,,,,,,,,,,,,,,,108808.0703125,4374.1533203125,202.86013793945312
2025-08-31,,,,,,,,,,,,,,,,108236.7109375,4390.01904296875,200.86354064941406
2025-09-01,,,,,,,,,,,,,,,,109250.59375,4314.47021484375,197.10833740234375
2025-09-02,228.8745574951172,500.9979248046875,170.55284118652344,210.6134033203125,225.33999633789062,732.70849609375,329.3599853515625,162.32000732421875,121.41100311279297,250.73780822753906,222.76104736328125,345.6300048828125,296.0706787109375,154.66070556640625,24.209999084472656,111200.5859375,4325.36572265625,209.48153686523438
2025-09-03,237.59234619140625,501.22607421875,170.39306640625,229.8561248779297,225.99000549316406,734.6422119140625,334.0899963378906,162.1300048828125,122.61799621582031,254.29766845703125,220.93190002441406,348.5,300.19049072265625,153.19964599609375,24.0,111723.2109375,4450.38916015625,210.74630737304688
2025-09-04,238.89752197265625,503.8247375488281,171.43167114257812,231.49038696289062,235.67999267578125,746.204345703125,338.5299987792969,161.7899932861328,125.74800109863281,241.96206665039062,220.48695373535156,344.30999755859375,303.8735046386719,156.45191955566406,24.610000610351562,110723.6015625,4298.744140625,202.5601806640625
2025-09-05,238.80784606933594,490.9605712890625,166.7978515625,234.1809844970703,232.3300018310547,749.9918823242188,350.8399963378906,151.13999938964844,124.38200378417969,248.65542602539062,230.176513671875,348.9700012207031,332.4541015625,156.57925415039062,24.489999771118164,110650.984375,4306.98876953125,203.49851989746094
2025-09-06,,,,,,,,,,,,,,,,110224.6953125,4274.2421875,200.24630737304688
2025-09-07,,,,,,,,,,,,,,,,111167.6171875,4305.34765625,206.4681854248047
2025-09-08,237.00450134277344,494.1344299316406,168.0861358642578,233.43292236328125,235.83999633789062,749.8423461914062,346.3999938964844,151.41000366210938,124.47599792480469,250.15277099609375,235.7925262451172,358.6600036621094,343.13580322265625,156.97109985351562,24.479999542236328,112071.4296875,4308.072265625,214.1864013671875
2025-09-09,233.48751831054688,494.34271240234375,170.53286743164062,239.00843811035156,238.24000549316406,763.1985473632812,346.9700012207031,155.82000732421875,126.32499694824219,249.9445343017578,238.78836059570312,354.05999755859375,334.2211608886719,155.42330932617188,24.440000534057617,111530.546875,4309.04150390625,217.2506866455078
2025-09-10,225.955322265625,496.2867431640625,177.09414672851562,238.5496063232422,230.3300018310547,749.5233764648438,347.7900085449219,159.5399932861328,124.77100372314453,240.5341796875,324.6299743652344,350.1600036621094,366.8818359375,155.70741271972656,24.770000457763672,113955.359375,4349.14599609375,223.98690795898438
2025-09-11,229.18341064453125,496.9215087890625,176.94432067871094,239.7465057373047,229.9499969482422,748.4469604492188,368.80999755859375,155.6699981689453,120.3499984741211,244.21302795410156,304.390625,350.54998779296875,357.01416015625,158.21519470214844,24.610000610351562,115507.5390625,4461.2333984375,228.7561798095703
2025-09-12,233.2085418701172,505.73895263671875,177.59349060058594,240.17538452148438,228.14999389648438,753.1216430664062,395.94000244140625,158.57000732421875,118.84400177001953,240.72256469726562,288.8873291015625,349.3599853515625,357.2523498535156,158.52867126464844,24.079999923706055,116101.578125,4715.24609375,242.30328369140625
2025-09-13,,,,,,,,,,,,,,,,115950.5078125,4668.1796875,242.5959014892578
2025-09-14,,,,,,,,,,,,,,,,115407.65625,4609.59765625,240.5576934814453
2025-09-15,235.82884216308594,511.15435791015625,177.52357482910156,250.95733642578125,231.42999267578125,762.2018432617188,410.0400085449219,161.16000366210938,120.22599792480469,240.48460388183594,298.7351379394531,347.1000061035156,361.4416809082031,157.9311065673828,24.770000457763672,115444.875,4526.8203125,234.35755920410156
2025-09-16,237.2735137939453,504.8859558105469,174.65724182128906,250.50851440429688,234.0500030517578,776.4551391601562,421.6199951171875,160.4600067138672,120.0510025024414,237.301513671875,303.19427490234375,352.7300109863281,357.38140869140625,160.79153442382812,25.270000457763672,116843.1875,4503.564453125,236.9895782470703
2025-09-17,238.1104278564453,505.8579406738281,170.07308959960938,248.8827362060547,231.6199951171875,773.1858520507812,425.8599853515625,159.16000366210938,122.8499984741211,240.59544372558594,298.01336669921875,362.07000732421875,343.6520690917969,161.888671875,24.899999618530273,116468.5078125,4592.7333984375,244.85745239257812
2025-09-18,237.00450134277344,504.30078125,176.01551818847656,251.3762664794922,231.22999572753906,777.7011108398438,416.8500061035156,157.9199981689453,120.77799987792969,242.651611328125,293.27734375,367.4599914550781,342.8380126953125,164.7001495361328,30.56999969482422,117137.203125,4589.9189453125,247.6371307373047
2025-09-19,244.59646606445312,513.703369140625,176.4449462890625,254.05929565429688,231.47999572753906,775.837158203125,426.07000732421875,157.38999938964844,122.6969985961914,245.44288635253906,305.181640625,365.8999938964844,342.43096923828125,163.44627380371094,29.579999923706055,115688.859375,4470.9169921875,238.55270385742188
2025-09-20,,,,,,,,,,,,,,,,115721.9609375,4482.265625,239.5924835205078
2025-09-21,,,,,,,,,,,,,,,,115306.09375,4451.3291015625,236.57545471191406
2025-09-22,255.1374969482422,510.2518310546875,183.37612915039062,251.8749542236328,227.6300048828125,763.175048828125,434.2099914550781,159.7899932861328,122.73699951171875,248.02557373046875,324.4519958496094,364.0799865722656,336.9019775390625,166.25770568847656,28.760000228881836,112748.5078125,4202.87744140625,220.49644470214844
2025-09-23,253.4936065673828,505.0744323730469,178.2027130126953,251.00721740722656,220.7100067138672,753.4404907226562,425.8500061035156,160.89999389648438,121.84700012207031,242.92974853515625,310.2933654785156,361.7799987792969,337.0511169433594,166.0715789794922,29.34000015258789,112014.5,4165.50390625,213.71730041503906
2025-09-24,251.3813934326172,505.9869079589844,176.74456787109375,246.49893188476562,220.2100067138672,758.6867065429688,442.7900085449219,160.8800048828125,120.3949966430664,244.25088500976562,304.98388671875,353.2699890136719,337.4190368652344,170.0095672607422,31.219999313354492,113328.6328125,4153.46923828125,211.75625610351562
2025-09-25,255.92459106445312,502.8923645019531,177.4636688232422,245.15243530273438,218.14999389648438,746.9672241210938,423.3900146484375,161.27000427246094,120.8239974975586,239.34381103515625,288.0469055175781,354.1600036621094,334.22698974609375,166.21852111816406,33.9900016784668,109049.2890625,3868.333984375,192.38076782226562
2025-09-26,254.51980590820312,507.28619384765625,177.96302795410156,245.90049743652344,219.77999877929688,741.8206787109375,440.3999938964844,159.4600067138672,121.06099700927734,241.8072967529297,280.265625,360.3699951171875,332.66571044921875,165.74830627441406,35.5,109712.828125,4035.887939453125,205.35255432128906
2025-09-27,,,,,,,,,,,,,,,,109681.9453125,4018.658203125,203.5833282470703
2025-09-28,,,,,,,,,,,,,,,,112122.640625,4141.4765625,210.7377471923828
2025-09-29,253.4936065673828,510.40057373046875,181.61837768554688,243.4169464111328,222.1699981689453,741.4716186523438,443.2099914550781,161.36000061035156,120.64099884033203,243.46615600585938,279.5735168457031,359.4200134277344,326.0726318359375,161.92788696289062,34.47999954223633,114400.3828125,4217.341796875,213.05340576171875
2025-09-30,253.69287109375,513.7232666015625,186.3423309326172,242.4694366455078,219.57000732421875,732.4749755859375,444.7200012207031,161.7899932861328,119.89199829101562,235.42015075683594,278.0706481933594,352.75,328.0714416503906,162.9662628173828,33.54999923706055,114056.0859375,4145.95751953125,208.7431182861328
2025-10-01,254.5098419189453,515.4689331054688,187.0015106201172,244.26473999023438,220.6300048828125,715.4791870117188,459.4599914550781,164.00999450683594,117.08999633789062,234.118896484375,285.7530822753906,343.7200012207031,331.5320739746094,163.09361267089844,35.939998626708984,118648.9296875,4351.1123046875,221.67587280273438
2025-10-02,256.1836853027344,511.53131103515625,188.64939880371094,245.0526885986328,222.41000366210938,725.1640014648438,436.0,169.72999572753906,116.25299835205078,237.28762817382812,285.52569580078125,351.4800109863281,336.29534912109375,165.40545654296875,37.29999923706055,120681.2578125,4487.923828125,234.85687255859375
2025-10-03,257.07037353515625,513.1281127929688,187.38099670410156,244.71360778808594,219.50999450683594,708.7167358398438,429.8299865722656,164.6699981689453,115.33200073242188,238.75775146484375,282.9154357910156,346.739990234375,336.48431396484375,165.7287139892578,36.83000183105469,122266.53125,4514.87060546875,233.00196838378906
2025-10-04,,,,,,,,,,,,,,,,122425.4296875,4489.197265625,228.00320434570312
2025-10-05,,,,,,,,,,,,,,,,123513.4765625,4515.4228515625,228.6011962890625
2025-10-06,255.7452850341797,524.256591796875,185.30364990234375,249.7803955078125,220.89999389648438,713.8035278320312,453.25,203.7100067138672,116.33100128173828,244.14161682128906,288.3039855957031,350.1400146484375,333.6203308105469,165.18014526367188,36.59000015258789,124752.53125,4687.771484375,232.5160369873047
2025-10-07,255.53607177734375,519.7039794921875,184.80429077148438,245.1225128173828,221.77999877929688,711.230224609375,433.0899963378906,211.50999450683594,119.10600280761719,238.14187622070312,281.0368347167969,348.30999755859375,334.53521728515625,162.08462524414062,37.16999816894531,121451.3828125,4451.15185546875,220.4827117919922
2025-10-08,257.1102600097656,520.5669555664062,188.86911010742188,243.9854736328125,225.22000122070312,715.9779663085938,438.69000244140625,235.55999755859375,121.42500305175781,238.82728576660156,285.37738037109375,348.7699890136719,343.5745849609375,164.34747314453125,37.43000030517578,123354.8671875,4527.64794921875,229.10121154785156
2025-10-09,253.1050262451172,518.136962890625,192.32470703125,240.9034881591797,227.74000549316406,731.6072387695312,435.5400085449219,232.88999938964844,123.10700225830078,243.6946258544922,294.12298583984375,347.4700012207031,343.09722900390625,162.28053283691406,37.79999923706055,121705.5859375,4369.1435546875,220.99107360839844
2025-10-10,244.3673095703125,506.790283203125,182.92669677734375,235.9563751220703,216.3699951171875,703.4703979492188,413.489990234375,214.89999389648438,122.00800323486328,240.06895446777344,290.1612548828125,337.510009765625,322.82086181640625,150.4567413330078,36.369998931884766,113214.3671875,3843.0087890625,188.6638641357422
2025-10-11,,,,,,,,,,,,,,,,110807.8828125,3750.611572265625,178.05416870117188
2025-10-12,,,,,,,,,,,,,,,,115169.765625,4164.427734375,197.508544921875
2025-10-13,246.74851989746094,509.85504150390625,188.0801239013672,243.51669311523438,220.07000732421875,713.8433837890625,435.8999938964844,216.4199981689453,121.90299987792969,247.09182739257812,305.06744384765625,339.32000732421875,354.712158203125,158.47967529296875,37.220001220703125,115271.078125,4245.4677734375,208.36729431152344
2025-10-14,246.85812377929688,509.37896728515625,179.80067443847656,244.8133087158203,216.38999938964844,706.8117065429688,429.239990234375,218.08999633789062,121.53500366210938,238.1716766357422,296.1435241699219,335.94000244140625,342.2121887207031,158.44049072265625,35.630001068115234,113118.6640625,4125.412109375,202.46034240722656
2025-10-15,248.4223175048828,509.2401123046875,179.60093688964844,250.37884521484375,215.57000732421875,715.6885986328125,435.1499938964844,238.60000610351562,120.3290023803711,235.00296020507812,300.7193908691406,330.6300048828125,349.3720397949219,159.64540100097656,37.150001525878906,110783.1640625,3987.45947265625,194.02186584472656
2025-10-16,246.53927612304688,507.4349670410156,181.5784149169922,250.8077392578125,214.47000122070312,710.2228393554688,428.75,234.55999755859375,118.35900115966797,244.36016845703125,310.009765625,329.2300109863281,352.1763610839844,160.73275756835938,36.84000015258789,108186.0390625,3894.75439453125,184.68894958496094
2025-10-17,251.36148071289062,509.38897705078125,182.9866180419922,252.6429443359375,213.0399932861328,715.0602416992188,439.30999755859375,233.0800018310547,119.93599700927734,241.45962524414062,288.5269775390625,333.260009765625,347.3831787109375,160.1156005859375,37.0099983215332,106467.7890625,3832.558837890625,182.0347900390625
2025-10-18,,,,,,,,,,,,,,,,107198.265625,3890.34619140625,187.66029357910156
2025-10-19,,,,,,,,,,,,,,,,108666.7109375,3984.649658203125,187.79820251464844
2025-10-20,261.27484130859375,512.5726318359375,182.40736389160156,255.88453674316406,216.47999572753906,730.2706298828125,447.42999267578125,240.55999755859375,123.85600280761719,252.5849609375,274.5319519042969,343.3999938964844,347.293701171875,163.6323699951172,38.099998474121094,110588.9296875,3980.76025390625,189.75067138671875
2025-10-21,261.8028869628906,513.4356079101562,180.9292449951172,249.81033325195312,222.02999877929688,731.367919921875,442.6000061035156,238.02999877929688,124.13500213623047,261.65411376953125,272.5213623046875,357.54998779296875,340.7503967285156,165.38587951660156,38.119998931884766,108476.890625,3876.76416015625,185.66627502441406
2025-10-22,257.4988098144531,516.2921142578125,180.05035400390625,251.03713989257812,217.9499969482422,731.5075073242188,438.9700012207031,230.22999572753906,111.63700103759766,254.9292449951172,270.05517578125,354.0899963378906,338.4035339355469,165.81689453125,36.91999816894531,107688.5859375,3808.122314453125,180.14813232421875
2025-10-23,258.6246032714844,516.3118896484375,181.92796325683594,252.42355346679688,221.08999633789062,732.095947265625,448.9800109863281,234.99000549316406,111.35900115966797,253.34983825683594,277.3943786621094,354.1199951171875,342.3713073730469,166.56137084960938,38.15999984741211,110069.7265625,3856.0263671875,191.38827514648438
2025-10-24,261.85272216796875,519.3370971679688,186.02272033691406,259.2458190917969,224.2100067138672,736.444580078125,433.7200012207031,252.9199981689453,109.46900177001953,253.1313018798828,280.62322998046875,353.5199890136719,352.156494140625,165.4936065673828,38.279998779296875,111033.921875,3934.5673828125,193.5602264404297
2025-10-25,,,,,,,,,,,,,,,,111641.7265625,3953.470947265625,194.04037475585938
2025-10-26,,,,,,,,,,,,,,,,114472.4453125,4157.9892578125,200.02862548828125
2025-10-27,267.8206787109375,527.1825561523438,191.24607849121094,268.5715026855469,226.97000122070312,748.872314453125,452.4200134277344,259.6700134277344,109.45600128173828,253.76702880859375,278.7116394042969,357.79998779296875,360.0323181152344,183.851318359375,39.540000915527344,114119.328125,4120.1220703125,198.74171447753906
2025-10-28,268.00994873046875,537.6464233398438,200.77394104003906,266.7762145996094,229.25,749.4906616210938,460.54998779296875,258.010009765625,110.25,252.56509399414062,278.1470947265625,359.9100036621094,370.8914794921875,177.33697509765625,41.529998779296875,112956.1640625,3982.262451171875,194.4427947998047
2025-10-29,268.7074279785156,537.130615234375,206.77627563476562,273.8578186035156,230.3000030517578,749.7200317382812,461.510009765625,264.3299865722656,110.04100036621094,249.7837677001953,272.6699523925781,337.8599853515625,383.8289794921875,175.02513122558594,41.34000015258789,110055.3046875,3903.35302734375,194.41087341308594
2025-10-30,270.4011535644531,521.4695434570312,202.63156127929688,280.7499084472656,222.86000061035156,664.7410888671875,440.1000061035156,254.83999633789062,108.9000015258789,254.9391632080078,254.4358367919922,339.239990234375,374.37200927734375,173.64389038085938,40.15999984741211,108305.546875,3804.375244140625,184.62442016601562
2025-10-31,269.37493896484375,513.5844116210938,202.23207092285156,280.4606018066406,244.22000122070312,646.6681518554688,456.55999755859375,256.1199951171875,111.88600158691406,258.6741027832031,260.1011657714844,340.30999755859375,367.5700988769531,177.20962524414062,39.9900016784668,109556.1640625,3847.080322265625,187.20947265625
2025-11-01,,,,,,,,,,,,,,,,110064.015625,3874.18798828125,186.3800506591797
2025-11-02,,,,,,,,,,,,,,,,110639.625,3911.063232421875,187.8259735107422
2025-11-03,268.0597839355469,512.810791015625,206.61647033691406,282.98406982421875,254.0,636.0557250976562,468.3699951171875,259.6499938964844,110.00900268554688,259.597900390625,255.3866424560547,337.4700012207031,360.5295104980469,177.03330993652344,39.5,106547.5234375,3602.30810546875,166.0906982421875
2025-11-04,269.0461730957031,510.1328430175781,198.43690490722656,276.8200988769531,249.32000732421875,625.6926879882812,444.260009765625,250.0500030517578,109.2959976196289,252.743896484375,245.7991180419922,335.3500061035156,349.9786682128906,169.31407165527344,37.029998779296875,101590.5234375,3292.574462890625,155.40318298339844
2025-11-05,269.14581298828125,503.02130126953125,194.9613494873047,283.5724792480469,250.1999969482422,634.30029296875,462.07000732421875,256.3299865722656,109.84600067138672,250.99562072753906,247.91868591308594,335.5299987792969,356.9794616699219,176.0537109375,38.380001068115234,103891.8359375,3425.171142578125,162.56607055664062
2025-11-06,268.7771301269531,493.0434265136719,187.84043884277344,284.0113830566406,243.0399932861328,617.3344116210938,445.9100036621094,237.6999969482422,109.7020034790039,237.67503356933594,241.47088623046875,327.3500061035156,353.6083068847656,169.66671752929688,37.2400016784668,101301.2890625,3312.2578125,155.06591796875
2025-11-07,267.48193359375,492.7657165527344,187.9103240966797,278.1067199707031,244.41000366210938,620.0972900390625,429.5199890136719,233.5399932861328,110.36599731445312,238.28097534179688,236.97422790527344,326.95001220703125,347.4826354980469,167.40383911132812,38.130001068115234,103372.40625,3435.301025390625,161.7081756591797
2025-11-08,,,,,,,,,,,,,,,,102282.1171875,3400.3759765625,158.10250854492188
2025-11-09,,,,,,,,,,,,,,,,104719.640625,3582.621337890625,164.45384216308594
2025-11-10,268.6985778808594,501.8707580566406,198.7964630126953,289.3475036621094,248.39999389648438,630.1212158203125,445.2300109863281,243.97999572753906,112.00700378417969,240.0987548828125,238.52926635742188,328.8500061035156,356.39276123046875,168.06997680664062,38.45000076293945,105996.59375,3568.4599609375,167.36700439453125
2025-11-11,274.5028076171875,504.5289001464844,192.91395568847656,290.55438232421875,249.10000610351562,625.4533081054688,439.6199951171875,237.52000427246094,113.64399719238281,242.87014770507812,233.89395141601562,333.2200012207031,349.9985656738281,170.43080139160156,37.880001068115234,102997.46875,3415.2822265625,154.56832885742188
2025-11-12,272.7276611328125,506.9688720703125,193.55313110351562,285.9662780761719,244.1999969482422,607.43017578125,430.6000061035156,258.8900146484375,115.75,244.38003540039062,224.8214569091797,337.04998779296875,353.24041748046875,173.06593322753906,37.88999938964844,101663.1875,3413.09423828125,153.2620391845703
2025-11-13,272.2090759277344,499.1828918457031,186.62197875976562,277.847412109375,237.5800018310547,608.3079223632812,401.989990234375,247.9600067138672,115.4229965209961,238.82728576660156,215.49148559570312,333.6000061035156,338.0852966308594,170.940185546875,35.90999984741211,99697.4921875,3232.757080078125,145.1084747314453
2025-11-14,271.6705322265625,506.0166320800781,189.92774963378906,275.6930236816406,234.69000244140625,607.8790283203125,404.3500061035156,246.80999755859375,111.21700286865234,242.0357666015625,220.72103881835938,331.1099853515625,340.5514831542969,170.43080139160156,35.52000045776367,94397.7890625,3103.78564453125,138.67660522460938
2025-11-15,,,,,,,,,,,,,,,,95549.1484375,3166.63134765625,139.5352020263672
2025-11-16,,,,,,,,,,,,,,,,94177.078125,3092.847412109375,137.26573181152344
2025-11-17,266.7339782714844,503.34857177734375,186.36231994628906,284.2806396484375,232.8699951171875,600.4483642578125,408.9200134277344,240.52000427246094,110.29000091552734,235.44993591308594,217.75958251953125,325.07000732421875,340.74041748046875,163.34829711914062,34.709999084472656,92093.875,3024.538818359375,130.8482666015625
2025-11-18,266.7139892578125,489.76043701171875,181.1289825439453,283.5426025390625,222.5500030517578,596.1395874023438,401.25,230.2899932861328,114.08999633789062,231.9434814453125,218.38357543945312,324.4700012207031,338.6024475097656,161.69276428222656,34.33000183105469,92948.875,3122.97900390625,140.71438598632812
2025-11-19,267.83099365234375,483.14483642578125,186.28240966796875,292.05047607421875,222.69000244140625,588.7886962890625,403.989990234375,223.5500030517578,110.0,226.36094665527344,223.3754119873047,318.1099853515625,352.4448547363281,162.7213592529297,35.11000061035156,91465.9921875,3023.07080078125,136.76695251464844
2025-11-20,265.5272521972656,475.41387939453125,180.40989685058594,288.6991882324219,217.13999938964844,587.6217041015625,395.2300109863281,206.02000427246094,105.66999816894531,223.86767578125,208.6772003173828,312.3999938964844,344.88720703125,156.3343505859375,33.619998931884766,86631.8984375,2831.777587890625,133.51715087890625
2025-11-21,270.75299072265625,469.1436462402344,178.65213012695312,298.8827209472656,220.69000244140625,592.70849609375,391.0899963378906,203.77999877929688,104.30999755859375,225.59608459472656,196.86114501953125,324.19000244140625,338.3040771484375,159.9686737060547,34.5,85090.6875,2765.69921875,128.50050354003906
2025-11-22,,,,,,,,,,,,,,,,84648.359375,2767.607421875,127.55120086669922
2025-11-23,,,,,,,,,,,,,,,,86805.0078125,2801.676025390625,130.70506286621094
2025-11-24,275.1710205078125,471.0118103027344,182.3174591064453,317.75360107421875,226.27999877929688,611.4596557617188,417.7799987792969,215.0500030517578,106.97000122070312,225.30801391601562,198.36663818359375,318.7300109863281,375.8536376953125,161.69276428222656,35.790000915527344,88270.5625,2952.71337890625,138.37135314941406
2025-11-25,276.2181396484375,473.98297119140625,177.59349060058594,322.60101318359375,229.6699981689453,634.5695190429688,419.3999938964844,206.1300048828125,104.4000015258789,232.55934143066406,195.14767456054688,319.54998779296875,382.8842468261719,159.9686737060547,35.83000183105469,87341.890625,2957.936279296875,138.89114379882812
2025-11-26,276.79656982421875,482.4393310546875,180.03036499023438,319.1201171875,229.16000366210938,631.9663696289062,426.5799865722656,214.24000549316406,106.13999938964844,226.62913513183594,203.00193786621094,317.5199890136719,395.3543701171875,161.77113342285156,36.810001373291016,90518.3671875,3027.81201171875,143.01219177246094
2025-11-27,,,,,,,,,,,,,,,,91285.375,3014.542236328125,140.84640502929688
2025-11-28,278.0930480957031,488.9082946777344,176.7745361328125,319.3495178222656,233.22000122070312,646.2691650390625,430.1700134277344,217.52999877929688,107.58000183105469,229.00320434570312,200.02069091796875,320.1300048828125,400.71429443359375,164.66094970703125,40.560001373291016,90919.265625,3032.304443359375,137.39019775390625
2025-11-29,,,,,,,,,,,,,,,,90851.7578125,2991.685302734375,136.0817108154297
2025-11-30,,,,,,,,,,,,,,,,90394.3125,2992.112548828125,133.5648193359375
2025-12-01,282.33148193359375,483.6714782714844,179.69082641601562,314.0732421875,233.8800048828125,639.2074584960938,430.1400146484375,219.75999450683594,109.12999725341797,231.2779541015625,199.0203399658203,322.8500061035156,383.9283752441406,164.61196899414062,40.0099983215332,86321.5703125,2800.18896484375,126.70902252197266
2025-12-02,285.4131164550781,486.91094970703125,181.22886657714844,314.9908142089844,234.4199981689453,645.4213256835938,429.239990234375,215.24000549316406,109.3499984741211,233.1454315185547,199.17881774902344,322.80999755859375,379.4435729980469,167.21771240234375,43.470001220703125,91350.203125,2997.939697265625,138.67420959472656
2025-12-03,283.378662109375,474.7182922363281,179.36123657226562,318.8008728027344,232.3800048828125,637.9407958984375,446.739990234375,217.60000610351562,103.95999908447266,237.12869262695312,205.74545288085938,326.7799987792969,378.4888916015625,171.4985809326172,43.7599983215332,93527.8046875,3191.57177734375,144.89849853515625
2025-12-04,279.93804931640625,477.8087158203125,183.15660095214844,316.796142578125,229.11000061035156,659.81396484375,454.5299987792969,215.97999572753906,103.22000122070312,245.8104248046875,212.2824249267578,328.7300109863281,378.90655517578125,171.66595458984375,40.5,92141.625,3134.31640625,139.0145263671875
2025-12-05,278.0232238769531,480.11407470703125,182.1877899169922,320.4366149902344,229.52999877929688,671.673095703125,455.0,217.97000122070312,100.23999786376953,258.8330383300781,215.50135803222656,346.260009765625,388.0652160644531,172.11886596679688,41.40999984741211,89387.7578125,3024.432861328125,133.322998046875
2025-12-06,,,,,,,,,,,,,,,,89272.375,3040.207763671875,132.34844970703125
2025-12-07,,,,,,,,,,,,,,,,90405.640625,3061.3017578125,132.09356689453125
2025-12-08,277.1356506347656,487.92449951171875,185.323974609375,313.1109313964844,226.88999938964844,665.0702514648438,439.5799865722656,221.11000061035156,96.79000091552734,257.7999572753906,218.43309020996094,339.1199951171875,398.86468505859375,172.6111602783203,40.29999923706055,90640.203125,3125.197998046875,133.27822875976562
2025-12-09,276.42755126953125,488.918212890625,184.7446746826172,316.4643859863281,227.9199981689453,655.2557983398438,445.1700134277344,221.6199951171875,96.70999908447266,259.280029296875,219.41363525390625,344.32000732421875,404.0257873535156,173.29054260253906,40.5,92691.7109375,3321.114990234375,137.901611328125
2025-12-10,278.0232238769531,475.5430603027344,183.55612182617188,319.58831787109375,231.77999877929688,648.4435424804688,451.45001220703125,221.4199981689453,92.70999908447266,262.4388427734375,220.87948608398438,343.1300048828125,410.6685485839844,179.4049530029297,40.779998779296875,92020.9453125,3325.39013671875,136.46902465820312
2025-12-11,277.2752380371094,480.4221496582031,180.70957946777344,311.8233947753906,230.27999877929688,651.016845703125,446.8900146484375,221.42999267578125,94.08999633789062,260.6011657714844,196.9503173828125,350.42999267578125,404.1053466796875,178.4794158935547,39.5099983215332,92511.3359375,3237.056884765625,136.37156677246094
2025-12-12,277.52459716796875,475.5132751464844,174.80679321289062,308.68951416015625,226.19000244140625,642.5587158203125,458.9599914550781,210.77999877929688,95.19000244140625,260.4819641113281,188.15512084960938,356.42999267578125,357.92413330078125,175.54530334472656,37.810001373291016,90270.4140625,3084.172607421875,132.3242950439453
2025-12-13,,,,,,,,,,,,,,,,90298.7109375,3116.6953125,133.24746704101562
2025-12-14,,,,,,,,,,,,,,,,88175.1796875,3060.5947265625,129.48109436035156
2025-12-15,273.3658752441406,471.82666015625,176.07522583007812,307.62158203125,222.5399932861328,646.3570556640625,475.30999755859375,207.5800018310547,93.7699966430664,252.88296508789062,183.15338134765625,351.1499938964844,337.916259765625,176.5003662109375,37.5099983215332,86419.78125,2964.18310546875,127.75711822509766
2025-12-16,273.8645324707031,473.38677978515625,177.5034942626953,305.97479248046875,222.55999755859375,655.9798583984375,489.8800048828125,209.1699981689453,94.56999969482422,253.21075439453125,186.8477325439453,347.8900146484375,339.39794921875,173.40869140625,37.310001373291016,87843.984375,2964.180908203125,129.25120544433594
2025-12-17,271.1020812988281,473.1184387207031,170.73175048828125,296.1439208984375,221.27000427246094,648.343505859375,467.260009765625,198.11000061035156,94.79000091552734,256.41925048828125,176.75511169433594,354.6600036621094,324.2030944824219,169.6868896484375,36.04999923706055,86143.7578125,2831.403564453125,123.11980438232422
2025-12-18,271.45111083984375,480.9289245605469,173.9278564453125,301.8727722167969,226.75999450683594,663.2669067382812,483.3699951171875,201.05999755859375,94.0,256.54461669921875,178.3101043701172,355.80999755859375,328.0415954589844,171.50840759277344,36.279998779296875,85462.5078125,2827.069091796875,119.57015228271484
2025-12-19,272.9271545410156,482.856689453125,180.76953125,306.56365966796875,227.35000610351562,657.5969848632812,481.20001220703125,213.42999267578125,94.38999938964844,258.59417724609375,190.1360321044922,355.8599853515625,338.4631652832031,172.55209350585938,36.81999969482422,88103.3828125,2977.970703125,126.1927490234375
2025-12-20,,,,,,,,,,,,,,,,88344.0,2977.58251953125,125.80903625488281
2025-12-21,,,,,,,,,,,,,,,,88621.75,3001.61376953125,125.99150085449219
2025-12-22,270.23443603515625,481.86297607421875,183.4662322998047,309.1785583496094,228.42999267578125,660.3220825195312,488.7300109863281,214.9499969482422,93.2300033569336,263.290283203125,196.48480224609375,357.5299987792969,340.19683837890625,171.53794860839844,36.369998931884766,88490.015625,3006.07373046875,125.80123138427734
2025-12-23,271.62066650390625,483.7807922363281,188.97952270507812,313.73968505859375,232.13999938964844,663.7559814453125,485.55999755859375,214.89999389648438,93.5,262.0963439941406,193.4738311767578,352.4200134277344,348.0379333496094,172.05978393554688,36.349998474121094,87414.0,2963.3740234375,123.85721588134766
2025-12-24,273.06671142578125,484.94342041015625,188.38023376464844,313.4801940917969,232.3800048828125,666.3613891601562,485.3999938964844,215.0399932861328,93.63999938964844,263.9170837402344,195.60330200195312,352.9800109863281,348.93463134765625,172.07948303222656,36.15999984741211,87611.9609375,2945.590576171875,122.45860290527344
2025-12-25,,,,,,,,,,,,,,,,87234.7421875,2903.57958984375,119.9471206665039
2025-12-26,272.6578369140625,484.6354064941406,190.2978973388672,312.9013366699219,232.52000427246094,662.10888671875,475.19000244140625,214.99000549316406,94.47000122070312,264.73291015625,196.0985107421875,353.79998779296875,350.8376159667969,172.11886596679688,36.20000076293945,87301.4296875,2925.74560546875,122.19595336914062
2025-12-27,,,,,,,,,,,,,,,,87802.15625,2947.998291015625,124.64771270751953
2025-12-28,,,,,,,,,,,,,,,,87835.8359375,2948.568115234375,125.19935607910156
2025-12-29,273.0168762207031,484.02923583984375,187.99070739746094,312.95123291015625,232.07000732421875,657.5171508789062,459.6400146484375,215.61000061035156,94.1500015258789,264.8821716308594,193.51345825195312,353.1600036621094,348.1076965332031,170.76010131835938,36.68000030517578,87138.140625,2934.538330078125,123.12522888183594
2025-12-30,272.33868408203125,484.4068603515625,187.31153869628906,313.24066162109375,232.52999877929688,664.7642211914062,454.42999267578125,215.33999633789062,93.77999877929688,264.5737609863281,195.3259735107422,352.510009765625,348.56597900390625,170.9767303466797,37.29999923706055,88430.1328125,2971.416748046875,124.93132019042969
2025-12-31,271.12200927734375,480.5711669921875,186.27279663085938,312.3923034667969,230.82000732421875,658.9146728515625,449.7200012207031,214.16000366210938,93.76000213623047,263.56884765625,193.04794311523438,349.989990234375,344.82977294921875,168.416748046875,36.900001525878906,87508.828125,2967.03759765625,124.48446655273438
2026-01-01,,,,,,,,,,,,,,,,88731.984375,3000.394287109375,126.76112365722656
2026-01-02,270.27435302734375,469.95849609375,188.6199493408203,314.53814697265625,226.5,649.2518920898438,438.07000732421875,223.47000122070312,90.98999786376953,252.3360137939453,193.84030151367188,333.29998779296875,346.3441467285156,170.31703186035156,39.380001068115234,89944.6953125,3124.422607421875,132.1336669921875
2026-01-03,,,,,,,,,,,,,,,,90603.1875,3125.91748046875,133.29847717285156
2026-01-04,,,,,,,,,,,,,,,,91413.4921875,3140.71044921875,133.8996124267578
2026-01-05,266.5345458984375,469.86907958984375,187.89083862304688,315.92547607421875,233.05999755859375,657.616943359375,451.6700134277344,221.0800018310547,91.45999908447266,254.962646484375,190.75010681152344,331.55999755859375,342.15960693359375,173.5957794189453,39.369998931884766,93882.5546875,3226.13037109375,137.98997497558594
2026-01-06,261.64776611328125,475.4933776855469,187.0119171142578,313.7297058105469,240.92999267578125,659.4437255859375,432.9599914550781,214.35000610351562,90.6500015258789,261.56903076171875,191.89903259277344,335.989990234375,342.50830078125,179.64125061035156,40.040000915527344,93729.03125,3295.94677734375,141.09841918945312
2026-01-07,259.6233215332031,480.4221496582031,188.87962341308594,321.3548889160156,241.55999755859375,647.5349731445312,431.4100036621094,210.02000427246094,90.7300033569336,264.772705078125,190.99771118164062,338.1000061035156,342.2392883300781,177.4160614013672,42.630001068115234,91308.0546875,3166.843994140625,136.31301879882812
2026-01-08,258.33685302734375,475.0959167480469,184.8145751953125,324.80816650390625,246.2899932861328,644.9096069335938,435.79998779296875,204.67999267578125,90.52999877929688,259.2110290527344,187.8381805419922,339.0400085449219,331.2597351074219,179.0701904296875,41.11000061035156,91027.125,3104.382568359375,138.29342651367188
2026-01-09,258.6659240722656,476.258544921875,184.63479614257812,327.9320983886719,247.3800048828125,651.8970947265625,445.010009765625,203.1699981689453,89.45999908447266,258.6240234375,197.14321899414062,333.95001220703125,343.7038879394531,175.04315185546875,45.54999923706055,90513.1015625,3083.047119140625,135.7563934326172
2026-01-10,,,,,,,,,,,,,,,,90386.6484375,3082.39599609375,135.7270050048828
2026-01-11,,,,,,,,,,,,,,,,90827.4609375,3118.88525390625,139.49046325683594
2026-01-12,259.54351806640625,474.1717529296875,184.71470642089844,331.2156677246094,246.47000122070312,640.826904296875,448.9599914550781,207.69000244140625,89.41000366210938,258.08673095703125,203.26048278808594,327.6499938964844,350.9173278808594,166.66415405273438,44.060001373291016,91192.9921875,3092.3251953125,139.1361846923828
2026-01-13,260.34136962890625,467.70281982421875,185.58364868164062,335.3177185058594,242.60000610351562,629.96630859375,447.20001220703125,220.97000122070312,90.31999969482422,239.839599609375,200.88705444335938,309.92999267578125,353.3085021972656,162.74542236328125,47.290000915527344,95321.78125,3322.095458984375,145.36087036132812
2026-01-14,259.25433349609375,456.4840087890625,182.91690063476562,335.1879577636719,236.64999389648438,614.4240112304688,439.20001220703125,223.60000610351562,88.55000305175781,238.35714721679688,192.2672576904297,304.44000244140625,338.642578125,162.0069580078125,48.720001220703125,96929.328125,3354.72265625,146.7528076171875
2026-01-15,257.5090637207031,453.7811279296875,186.82212829589844,332.1338806152344,238.17999267578125,619.694580078125,438.57000732421875,227.9199981689453,88.05000305175781,232.34771728515625,188.53335571289062,304.0899963378906,341.76104736328125,158.90545654296875,48.31999969482422,95551.1875,3317.101318359375,142.3324432373047
2026-01-16,254.83636474609375,456.9609375,186.0031280517578,329.35931396484375,239.1199951171875,619.1455688476562,437.5,231.8300018310547,88.0,225.96022033691406,189.76473999023438,296.1199951171875,350.4191589355469,156.96578979492188,46.959999084472656,95525.1171875,3295.482177734375,144.8604736328125
2026-01-17,,,,,,,,,,,,,,,,95099.921875,3308.8642578125,143.72567749023438
2026-01-18,,,,,,,,,,,,,,,,93634.4296875,3281.15771484375,137.99542236328125
2026-01-19,,,,,,,,,,,,,,,,92553.59375,3186.62109375,133.3386993408203
2026-01-20,246.0303192138672,451.65460205078125,177.85308837890625,321.3748474121094,231.0,603.0443115234375,419.25,231.9199981689453,87.26000213623047,218.95587158203125,178.67221069335938,290.3699951171875,331.3793029785156,151.6981658935547,48.560001373291016,88310.90625,2935.605712890625,125.70572662353516
2026-01-21,246.97775268554688,441.3102111816406,183.09669494628906,327.7424621582031,231.30999755859375,611.8685913085938,431.44000244140625,249.8000030517578,85.36000061035156,220.45822143554688,172.67410278320312,294.2300109863281,327.5932312011719,153.96273803710938,54.25,89376.9609375,2978.901123046875,129.3790740966797
2026-01-22,247.67584228515625,448.29595947265625,184.6148223876953,329.8982849121094,234.33999633789062,646.476806640625,449.3599853515625,253.72999572753906,83.54000091552734,226.9352569580078,176.9442596435547,299.7300109863281,324.2953796386719,155.3707275390625,54.31999969482422,89462.453125,2949.63330078125,128.28834533691406
2026-01-23,247.36668395996094,463.0125732421875,187.44137573242188,327.2933044433594,239.16000366210938,657.5870361328125,449.05999755859375,259.67999267578125,86.12000274658203,226.8954620361328,175.9313507080078,301.07000732421875,318.8753662109375,153.4212188720703,45.06999969482422,89503.875,2953.25634765625,127.36157989501953
2026-01-24,,,,,,,,,,,,,,,,89110.734375,2948.74072265625,127.05381774902344
2026-01-25,,,,,,,,,,,,,,,,86572.21875,2815.90234375,118.77285766601562
2026-01-26,254.7166748046875,467.3152770996094,186.2428436279297,332.61297607421875,238.4199981689453,671.1627807617188,435.20001220703125,251.30999755859375,85.69999694824219,228.23863220214844,181.1747283935547,304.7200012207031,323.6577453613281,152.14122009277344,42.4900016784668,88267.140625,2926.45703125,124.13972473144531
2026-01-27,257.56890869140625,477.5503234863281,188.29034423828125,333.90045166015625,244.67999267578125,671.7716674804688,430.8999938964844,252.02999877929688,85.58000183105469,227.37301635742188,173.68701171875,297.4200134277344,331.568603515625,150.6840057373047,43.93000030517578,89102.5703125,3022.2109375,127.05479431152344
2026-01-28,255.74388122558594,478.5937194824219,191.28668212890625,335.357666015625,243.00999450683594,667.5392456054688,431.4599914550781,252.74000549316406,84.63999938964844,226.80592346191406,171.60159301757812,299.5799865722656,332.0169372558594,150.34925842285156,48.779998779296875,89184.5703125,3006.607421875,125.11844635009766
2026-01-29,257.578857421875,430.76715087890625,192.27548217773438,337.59326171875,241.72999572753906,736.995361328125,416.55999755859375,252.17999267578125,83.16000366210938,212.99618530273438,167.83787536621094,291.6499938964844,329.51617431640625,149.8766326904297,48.65999984741211,84561.5859375,2818.232666015625,117.60576629638672
2026-01-30,258.775634765625,427.577392578125,190.8971710205078,337.3437805175781,239.3000030517578,715.2241821289062,430.4100036621094,236.72999572753906,83.48999786376953,211.21524047851562,163.43858337402344,293.25,330.08404541015625,149.25631713867188,46.470001220703125,84128.65625,2702.375244140625,117.363037109375
2026-01-31,,,,,,,,,,,,,,,,78621.1171875,2445.091796875,105.441650390625
2026-02-01,,,,,,,,,,,,,,,,76974.4453125,2267.96484375,100.85052490234375
2026-02-02,269.2770690917969,420.70098876953125,185.38388061523438,343.0227355957031,242.9600067138672,705.152099609375,421.80999755859375,246.27000427246094,82.76000213623047,209.74273681640625,158.94993591308594,293.3800048828125,329.8947448730469,150.27047729492188,48.810001373291016,78688.765625,2344.356689453125,104.47115325927734
2026-02-03,268.7485046386719,408.61767578125,180.12030029296875,339.0504455566406,238.6199951171875,690.4683227539062,421.9599914550781,242.11000061035156,79.94000244140625,195.38580322265625,153.59732055664062,271.92999267578125,319.154296875,144.91421508789062,49.25,75633.546875,2227.558837890625,97.56390380859375
2026-02-04,275.73944091796875,411.5788879394531,173.97781372070312,332.3934020996094,232.99000549316406,667.7987670898438,406.010009765625,200.19000244140625,80.16000366210938,198.4302978515625,145.65280151367188,279.7099914550781,306.9194030761719,146.59788513183594,48.599998474121094,73019.703125,2143.504150390625,92.02930450439453
2026-02-05,275.1610107421875,391.1882629394531,171.67062377929688,330.60687255859375,222.69000244140625,669.0166015625,397.2099914550781,192.5,80.87000274658203,189.0082550048828,135.53347778320312,269.3900146484375,309.3703918457031,134.20172119140625,48.2400016784668,62702.09765625,1821.68310546875,78.18741607666016
2026-02-06,277.36505126953125,398.6111755371094,185.18414306640625,322.233154296875,210.32000732421875,660.2822265625,411.1099853515625,208.44000244140625,82.19999694824219,190.3812713623047,141.8295135498047,268.3800048828125,331.6981506347656,135.2257080078125,50.59000015258789,70555.390625,2063.386962890625,87.46477508544922
2026-02-07,,,,,,,,,,,,,,,,69281.96875,2090.54931640625,87.63983154296875
2026-02-08,,,,,,,,,,,,,,,,70264.7265625,2088.762939453125,87.04410552978516
2026-02-09,274.13079833984375,410.99261474609375,189.80848693847656,323.6903381347656,208.72000122070312,676.0140991210938,417.32000732421875,216.0,81.47000122070312,193.04769897460938,155.50401306152344,266.8999938964844,342.67767333984375,136.7912139892578,50.2400016784668,70120.78125,2103.567626953125,86.7017822265625
2026-02-10,273.19244384765625,410.6646423339844,188.31031799316406,317.9614562988281,206.9600067138672,669.5256958007812,425.2099914550781,213.57000732421875,82.20999908447266,192.4706268310547,158.7811279296875,264.6700134277344,339.1905212402344,137.93336486816406,47.130001068115234,68793.9609375,2019.4974365234375,82.91548156738281
2026-02-11,275.00921630859375,401.8207702636719,189.81849670410156,310.35626220703125,204.0800018310547,667.4993286132812,428.2699890136719,213.5800018310547,79.62000274658203,184.0634002685547,156.07005310058594,257.1600036621094,341.50201416015625,138.8687286376953,48.290000915527344,66991.96875,1940.621337890625,79.2542495727539
2026-02-12,261.2637634277344,399.3067626953125,186.7122802734375,308.4000549316406,199.60000610351562,648.6529541015625,417.07000732421875,205.94000244140625,75.86000061035156,184.49122619628906,155.394775390625,262.5,329.9545593261719,136.33831787109375,46.47999954223633,66221.84375,1946.940673828125,78.34844207763672
2026-02-13,255.32435607910156,398.7900085449219,182.58729553222656,305.1264343261719,198.7899932861328,638.630859375,417.44000244140625,207.32000732421875,76.87000274658203,188.75950622558594,159.02938842773438,263.9700012207031,323.9765625,138.5339813232422,46.790000915527344,68857.84375,2048.52734375,84.32254028320312
2026-02-14,,,,,,,,,,,,,,,,69767.625,2086.009765625,88.16083526611328
2026-02-15,,,,,,,,,,,,,,,,68788.1875,1966.04296875,86.00509643554688
2026-02-16,,,,,,,,,,,,,,,,68843.15625,1997.917724609375,86.42878723144531
2026-02-17,263.4099426269531,394.3581237792969,184.7446746826172,301.43359375,201.14999389648438,638.151611328125,410.6300048828125,203.0800018310547,77.0,183.35699462890625,152.9021759033203,260.45001220703125,331.31951904296875,140.43426513671875,46.18000030517578,67494.21875,1992.1943359375,85.1976089477539
2026-02-18,263.8791198730469,397.0808410644531,187.75099182128906,302.7410888671875,204.7899932861328,642.0746459960938,411.32000732421875,200.1199951171875,77.98999786376953,186.8392791748047,155.0869140625,263.1700134277344,332.28594970703125,141.03489685058594,45.459999084472656,66425.3203125,1953.97412109375,81.56694793701172
2026-02-19,260.11578369140625,396.8517761230469,187.6710968017578,302.26202392578125,204.86000061035156,643.6318969726562,411.7099914550781,203.3699951171875,77.0,184.35194396972656,155.454345703125,259.2099914550781,332.76416015625,139.09519958496094,44.619998931884766,66957.5234375,1948.2010498046875,82.39324951171875
2026-02-20,264.1086730957031,395.6267395019531,189.58877563476562,314.36846923828125,210.11000061035156,654.4924926757812,411.82000732421875,200.14999389648438,78.66999816894531,184.22259521484375,147.0530242919922,258.6099853515625,331.4291076660156,140.680419921875,44.11000061035156,68005.421875,1969.0223388671875,84.6351089477539
2026-02-21,,,,,,,,,,,,,,,,68003.765625,1973.7371826171875,85.21113586425781
2026-02-22,,,,,,,,,,,,,,,,67659.390625,1957.805908203125,82.79097747802734
2026-02-23,265.705810546875,382.9182434082031,191.316650390625,310.8852233886719,205.27000427246094,636.1152954101562,399.8299865722656,196.60000610351562,76.0199966430664,177.25804138183594,140.32997131347656,246.67999267578125,329.1275939941406,138.24844360351562,43.630001068115234,64616.73828125,1855.5028076171875,77.7533187866211
2026-02-24,271.6552429199219,387.429931640625,192.61508178710938,310.29638671875,208.55999755859375,638.16162109375,409.3800048828125,213.83999633789062,78.04000091552734,184.48129272460938,145.12648010253906,255.1699981689453,324.2953796386719,142.55116271972656,46.119998931884766,64080.04296875,1852.969482421875,79.0365219116211
2026-02-25,273.74151611328125,398.9831237792969,195.32176208496094,312.29248046875,210.63999938964844,652.5260620117188,417.3999938964844,210.86000061035156,82.69999694824219,190.77923583984375,146.8643341064453,257.80999755859375,331.0903625488281,143.57516479492188,46.880001068115234,67960.125,2054.6279296875,87.91560363769531
2026-02-26,272.4637756347656,400.0986022949219,184.66476440429688,306.7832336425781,207.9199981689453,655.8401489257812,408.5799865722656,203.67999267578125,84.58999633789062,198.46014404296875,149.26756286621094,259.0400085449219,320.519287109375,143.34869384765625,45.459999084472656,67453.7734375,2026.7926025390625,85.90911865234375
2026-02-27,263.70941162109375,391.15484619140625,176.97415161132812,311.15472412109375,210.0,647.02587890625,402.510009765625,200.2100067138672,96.23999786376953,193.80384826660156,144.3916015625,262.4100036621094,318.377197265625,140.16842651367188,45.61000061035156,65881.796875,1930.7618408203125,81.95148468017578
2026-02-28,,,,,,,,,,,,,,,,66995.859375,1965.050537109375,84.36618041992188
2026-03-01,,,,,,,,,,,,,,,,65738.1015625,1939.066650390625,83.5776596069336
2026-03-02,264.2484130859375,396.9413757324219,182.25770568847656,305.9248962402344,208.38999938964844,652.396240234375,403.32000732421875,198.6199951171875,97.08999633789062,191.97315979003906,148.21490478515625,260.8800048828125,317.6498718261719,138.85890197753906,45.5,68775.8515625,2027.2689208984375,86.634521484375
2026-03-03,263.2801818847656,402.2996826171875,179.83065795898438,302.9905700683594,208.72999572753906,653.91357421875,392.42999267578125,190.9499969482422,97.69999694824219,195.05746459960938,147.97657775878906,270.989990234375,312.68817138671875,136.0035400390625,43.099998474121094,68293.6484375,1982.7689208984375,87.0197525024414
2026-03-04,262.0523376464844,403.5645751953125,182.8170166015625,302.54150390625,216.82000732421875,666.541015625,405.94000244140625,202.07000732421875,98.66000366210938,192.1024932861328,151.31326293945312,273.1199951171875,316.3645935058594,137.36228942871094,45.58000183105469,72710.578125,2126.50537109375,90.83426666259766
2026-03-05,259.8263244628906,409.0224304199219,183.11663818359375,300.29583740234375,218.94000244140625,659.393798828125,405.54998779296875,199.4499969482422,99.16999816894531,200.37042236328125,153.71649169921875,281.739990234375,331.54864501953125,135.75698852539062,45.95000076293945,70841.125,2071.60546875,88.69110870361328
2026-03-06,257.0013427734375,407.30938720703125,177.6033935546875,297.9404296875,213.2100067138672,643.7117309570312,396.7300109863281,192.42999267578125,99.0199966430664,201.0867919921875,151.89918518066406,283.6199951171875,329.26708984375,134.45889282226562,43.41999816894531,68136.4921875,1978.751220703125,84.68180084228516
2026-03-07,,,,,,,,,,,,,,,,67272.59375,1969.4554443359375,83.1799545288086
2026-03-08,,,,,,,,,,,,,,,,65969.78125,1936.604736328125,81.62458801269531
2026-03-09,259.41705322265625,407.757568359375,182.427490234375,305.98040771484375,213.49000549316406,646.2373046875,398.67999267578125,202.67999267578125,98.31999969482422,197.78358459472656,150.50889587402344,282.44000244140625,344.4810485839844,136.85691833496094,45.58000183105469,68402.3828125,1992.938232421875,84.93617248535156
2026-03-10,260.3653564453125,404.122314453125,184.54490661621094,306.65960693359375,214.3300018310547,652.9053344726562,399.239990234375,203.22999572753906,96.94000244140625,193.92324829101562,148.36386108398438,275.1300048828125,341.3226623535156,133.97332763671875,46.779998779296875,69926.921875,2037.1204833984375,85.83822631835938
2026-03-11,260.34539794921875,403.245849609375,185.8134307861328,308.31756591796875,212.64999389648438,653.6939086914062,407.82000732421875,204.8300018310547,94.88999938964844,193.14718627929688,161.98870849609375,273.7099914550781,340.3163757324219,132.9031219482422,47.97999954223633,70204.8828125,2051.5732421875,86.56493377685547
2026-03-12,255.3043975830078,400.2380065917969,182.9268035888672,303.17388916015625,209.52999877929688,637.0436401367188,395.010009765625,197.74000549316406,94.30999755859375,198.27110290527344,158.05618286132812,269.7799987792969,334.7369384765625,129.9600830078125,45.25,70493.4609375,2073.13623046875,86.86779022216797
2026-03-13,249.6744384765625,393.9534912109375,180.0401611328125,301.9054870605469,207.6699981689453,612.6171875,391.20001220703125,193.38999938964844,95.30999755859375,191.853759765625,154.03427124023438,249.32000732421875,320.9776306152344,128.64215087890625,45.77000045776367,70968.265625,2092.5634765625,88.15328979492188
2026-03-14,,,,,,,,,,,,,,,,71214.625,2097.086669921875,88.07068634033203
2026-03-15,,,,,,,,,,,,,,,,72789.9140625,2177.476318359375,92.25182342529297
2026-03-16,252.36964416503906,398.33575439453125,183.0067138671875,305.1814270019531,211.74000549316406,626.8690185546875,395.55999755859375,196.5800018310547,95.19999694824219,197.33587646484375,154.88832092285156,251.86000061035156,323.7275085449219,128.21604919433594,45.7599983215332,74861.0859375,2351.176025390625,96.22372436523438
2026-03-17,253.77711486816406,397.7979431152344,181.71820068359375,310.5347900390625,215.1999969482422,622.0834350585938,399.2699890136719,196.30999755859375,94.36000061035156,194.3212127685547,153.6171875,254.1999969482422,320.1307373046875,130.3960723876953,44.060001373291016,73922.4765625,2318.053466796875,94.70597076416016
2026-03-18,249.49476623535156,390.20867919921875,180.1899871826172,307.30877685546875,209.8699951171875,615.1099243164062,392.7799987792969,199.4600067138672,94.69999694824219,193.3561248779297,151.83958435058594,246.0,314.7704772949219,129.2862548828125,45.029998779296875,71245.578125,2203.671630859375,90.06571960449219
2026-03-19,248.5165252685547,387.4498596191406,178.3521270751953,306.7494812011719,208.75999450683594,606.1382446289062,380.29998779296875,205.27000427246094,91.73999786376953,194.00283813476562,154.44143676757812,245.99000549316406,318.6661376953125,130.08888244628906,46.18000030517578,69912.7890625,2137.423828125,88.9178466796875
2026-03-20,247.54823303222656,380.3287048339844,172.4989471435547,300.6270751953125,205.3699951171875,593.1102905273438,367.9599914550781,201.3300018310547,91.81999969482422,194.39085388183594,148.6419219970703,248.14999389648438,309.3703918457031,128.72140502929688,43.869998931884766,70522.5859375,2146.4970703125,89.85356903076172
2026-03-21,,,,,,,,,,,,,,,,68711.5234375,2076.68994140625,87.46537017822266
2026-03-22,,,,,,,,,,,,,,,,67845.2109375,2053.04833984375,86.12834930419922
2026-03-23,251.04200744628906,381.4541931152344,175.43553161621094,301.685791015625,210.13999938964844,603.5006713867188,380.8500061035156,202.67999267578125,93.37999725341797,194.19186401367188,153.2696075439453,247.63999938964844,322.0003967285156,127.18548583984375,44.0099983215332,70914.859375,2152.14599609375,91.42407989501953
2026-03-24,251.1917266845703,371.2355651855469,174.99603271484375,290.0801696777344,207.24000549316406,592.3709716796875,383.0299987792969,205.3699951171875,90.91999816894531,182.09344482421875,146.06988525390625,238.8699951171875,317.78704833984375,127.50257873535156,44.060001373291016,70517.859375,2155.704345703125,90.82242584228516
2026-03-25,252.16998291015625,369.5424499511719,178.47198486328125,290.5695495605469,211.7100067138672,594.3391723632812,385.95001220703125,220.27000427246094,92.27999877929688,181.03880310058594,145.00730895996094,237.25,318.30621337890625,129.16732788085938,47.18000030517578,71309.8828125,2168.021484375,91.70822143554688
2026-03-26,252.43951416015625,364.4928894042969,171.04066467285156,280.57196044921875,207.5399932861328,547.032958984375,372.1099853515625,203.77000427246094,93.31999969482422,184.70018005371094,141.819580078125,240.8800048828125,308.9310607910156,129.35560607910156,44.099998474121094,68791.625,2059.578369140625,86.44393157958984
2026-03-27,248.35679626464844,355.3300476074219,167.32498168945312,274.0001220703125,199.33999633789062,525.233154296875,361.8299865722656,201.99000549316406,93.43000030517578,178.40220642089844,138.69142150878906,234.83999633789062,300.2048645019531,125.95672607421875,43.130001068115234,66338.375,1991.27197265625,83.01882934570312
2026-03-28,,,,,,,,,,,,,,,,66319.6953125,1992.694580078125,82.0156021118164
2026-03-29,,,,,,,,,,,,,,,,65954.921875,1982.5596923828125,81.42240142822266
2026-03-30,246.19065856933594,357.5111999511719,164.97772216796875,273.1611633300781,200.9499969482422,535.8833618164062,355.2799987792969,196.0399932861328,92.97000122070312,184.09324645996094,137.83738708496094,241.1300048828125,292.94635009765625,125.9170913696289,41.189998626708984,66691.4453125,2023.514892578125,82.44405364990234
2026-03-31,253.33790588378906,368.67596435546875,174.1969757080078,287.2037353515625,208.27000427246094,571.6002197265625,371.75,203.42999267578125,96.1500015258789,185.72496032714844,146.08975219726562,243.0800018310547,309.02093505859375,127.611572265625,44.130001068115234,68233.3125,2104.708251953125,83.10646057128906
2026-04-01,255.1746368408203,367.8791809082031,175.54541015625,297.0215759277344,210.57000732421875,578.6936645507812,381.260009765625,210.2100067138672,95.55000305175781,185.29713439941406,144.22279357910156,241.3699951171875,312.99462890625,126.12519073486328,48.029998779296875,68078.5546875,2138.737060546875,81.19525909423828
2026-04-02,255.464111328125,371.9526672363281,177.18348693847656,295.403564453125,209.77000427246094,573.9281005859375,360.5899963378906,217.5,98.66000366210938,186.2323760986328,145.36480712890625,242.9199981689453,314.0529479980469,125.64954376220703,50.380001068115234,66888.5703125,2056.8525390625,78.9513168334961
2026-04-03,,,,,,,,,,,,,,,,66931.1015625,2053.38525390625,80.36854553222656
2026-04-04,,,,,,,,,,,,,,,,67290.515625,2065.3515625,80.80838012695312
2026-04-05,,,,,,,,,,,,,,,,68981.8984375,2108.99560546875,81.8544921875
2026-04-06,258.39886474609375,371.3750305175781,177.43319702148438,299.6183166503906,212.7899932861328,572.4894409179688,352.82000732421875,220.17999267578125,98.93000030517578,184.09324645996094,144.53062438964844,244.36000061035156,313.9331359863281,124.5892562866211,50.779998779296875,68859.828125,2107.761474609375,80.15157318115234
2026-04-07,253.0484161376953,370.78741455078125,177.89266967773438,305.08154296875,213.77000427246094,574.5175170898438,346.6499938964844,221.52999877929688,98.81999969482422,182.03375244140625,142.1770782470703,240.13999938964844,333.4422607421875,122.94430541992188,52.90999984741211,71940.703125,2241.806640625,85.64801025390625
2026-04-08,258.4388122558594,372.8191223144531,181.8680419921875,316.9268798828125,221.25,611.8529052734375,343.25,231.82000732421875,99.38999938964844,175.47708129882812,142.66368103027344,239.30999755859375,350.0759582519531,126.35310363769531,58.95000076293945,71123.359375,2190.33544921875,82.58169555664062
2026-04-09,260.0259704589844,371.5642395019531,183.69590759277344,318.09539794921875,233.64999389648438,627.8081665039062,345.6199951171875,236.63999938964844,102.05000305175781,170.41018676757812,137.38204956054688,229.94000244140625,354.34918212890625,126.5909194946289,61.720001220703125,71767.828125,2189.14404296875,83.2977294921875
2026-04-10,260.0159912109375,369.37310791015625,188.41041564941406,316.8469543457031,238.3800048828125,629.2767333984375,348.95001220703125,245.0399932861328,103.01000213623047,164.53533935546875,137.6112518310547,225.35000610351562,370.9628601074219,126.89810180664062,62.380001068115234,72979.046875,2245.148681640625,84.82847595214844
2026-04-11,,,,,,,,,,,,,,,,73054.2734375,2285.39013671875,84.94876861572266
2026-04-12,,,,,,,,,,,,,,,,70753.40625,2192.201171875,81.53523254394531
2026-04-13,258.73828125,382.8186340332031,189.08961486816406,320.91192626953125,239.88999938964844,633.9425048828125,352.4200134277344,246.8300018310547,103.16000366210938,172.37510681152344,155.08047485351562,240.11000061035156,379.1499328613281,130.0492706298828,65.18000030517578,74484.640625,2370.71484375,86.65656280517578
2026-04-14,258.3689270019531,391.5233459472656,196.28123474121094,332.49755859375,249.02000427246094,661.8765258789062,364.20001220703125,255.07000732421875,106.27999877929688,170.86898803710938,162.4348907470703,235.72000122070312,380.17828369140625,131.63473510742188,63.810001373291016,74181.609375,2323.30859375,83.77462768554688
2026-04-15,265.95538330078125,409.5602722167969,198.63848876953125,336.70233154296875,248.5,670.9581909179688,391.95001220703125,258.1199951171875,107.70999908447266,177.14280700683594,169.22128295898438,244.66000366210938,396.0931091308594,131.8428497314453,64.94000244140625,74805.078125,2359.43701171875,84.9193344116211
2026-04-16,262.9307861328125,418.56378173828125,198.1190948486328,335.6036682128906,249.6999969482422,676.2432250976562,388.8999938964844,278.260009765625,107.79000091552734,180.75347900390625,177.72171020507812,248.16000366210938,397.8403625488281,133.2499542236328,68.5,75152.1328125,2348.64501953125,88.99420928955078
2026-04-17,269.7486267089844,421.0835876464844,201.44520568847656,341.2566833496094,250.55999755859375,687.9124145507812,400.6199951171875,278.3900146484375,97.30999755859375,181.67111206054688,174.4530792236328,244.4499969482422,405.8976135253906,134.96424865722656,68.5,77126.875,2421.07177734375,88.87416076660156
2026-04-18,,,,,,,,,,,,,,,,75726.2109375,2351.1005859375,86.20271301269531
2026-04-19,,,,,,,,,,,,,,,,73856.3515625,2264.9169921875,83.58094787597656
2026-04-20,272.5635681152344,416.38262939453125,201.82476806640625,337.0019836425781,248.27999877929688,670.2887573242188,392.5,274.95001220703125,94.83000183105469,185.7904815673828,176.96435546875,248.6300048828125,398.9985046386719,136.2722930908203,65.69999694824219,75872.5234375,2315.21240234375,85.33295440673828
2026-04-21,265.69586181640625,422.4480285644531,199.64732360839844,331.8783264160156,249.91000366210938,668.220703125,386.4200134277344,284.489990234375,92.58000183105469,186.62831115722656,180.54190063476562,247.17999267578125,401.5345153808594,134.33006286621094,66.26000213623047,76352.7734375,2327.970458984375,86.02946472167969
2026-04-22,272.68341064453125,431.1726989746094,202.26426696777344,338.8996276855469,255.36000061035156,674.09521484375,387.510009765625,303.4599914550781,93.23999786376953,189.3114013671875,186.84996032714844,255.94000244140625,421.98211669921875,134.83543395996094,65.2699966430664,78203.1015625,2376.088134765625,86.91582489013672
2026-04-23,272.9429016113281,414.0719909667969,199.4075927734375,338.47015380859375,255.0800018310547,658.5396728515625,373.7200012207031,305.3299865722656,92.81999969482422,172.85386657714844,175.66885375976562,238.97999572753906,419.27642822265625,132.7346649169922,66.77999877929688,78268.953125,2331.513916015625,86.14105987548828
2026-04-24,270.5771179199219,422.90618896484375,208.0275421142578,343.9732971191406,263.989990234375,674.4049682617188,376.29998779296875,347.80999755859375,92.44000244140625,177.70135498046875,172.67926025390625,245.44000244140625,422.09197998046875,147.49948120117188,82.54000091552734,77455.3125,2315.690185546875,86.23188018798828
2026-04-25,,,,,,,,,,,,,,,,77612.015625,2318.8291015625,86.15117645263672
2026-04-26,,,,,,,,,,,,,,,,78657.5390625,2369.72900390625,86.97038269042969
2026-04-27,267.1332702636719,423.1053771972656,216.3578338623047,349.90594482421875,261.1199951171875,677.9916381835938,378.6700134277344,334.6300048828125,91.37000274658203,179.71615600585938,172.36036682128906,239.30999755859375,417.5391845703125,148.8966827392578,84.98999786376953,77366.625,2303.06396484375,84.81778717041016
2026-04-28,270.2277526855469,427.5174865722656,212.92184448242188,349.3466491699219,259.70001220703125,670.7183837890625,376.0199890136719,323.2099914550781,92.2699966430664,180.8532257080078,165.3846435546875,243.1999969482422,399.19818115234375,148.63905334472656,84.5199966430664,76350.671875,2289.419677734375,84.03897857666016
2026-04-29,269.688720703125,422.746826171875,209.00640869140625,349.5064697265625,263.0400085449219,668.5004272460938,372.79998779296875,337.1099853515625,92.12000274658203,180.75347900390625,163.26202392578125,243.57000732421875,404.809326171875,154.58460998535156,94.75,75776.1328125,2253.415771484375,83.02687072753906
2026-04-30,270.86663818359375,406.1341552734375,199.33767700195312,384.3232421875,265.05999755859375,611.3433837890625,381.6300048828125,354.489990234375,93.61000061035156,176.07554626464844,160.83047485351562,246.10000610351562,416.7703857421875,177.95066833496094,94.4800033569336,76304.3203125,2256.251220703125,83.02375793457031
2026-05-01,279.6409912109375,412.76727294921875,198.21897888183594,385.2121887207031,268.260009765625,608.1863403320312,390.82000732421875,360.5400085449219,92.05999755859375,183.3468017578125,171.23428344726562,250.7100067138672,420.6142883300781,175.40399169921875,99.62000274658203,78179.0,2295.09375,83.72350311279297
2026-05-02,,,,,,,,,,,,,,,,78657.25,2316.23193359375,84.276611328125
2026-05-03,,,,,,,,,,,,,,,,78538.2265625,2321.6357421875,83.89957427978516
2026-05-04,276.3368225097656,411.9505615234375,198.24893188476562,382.7751770019531,272.04998779296875,609.8447875976562,392.510009765625,341.5400085449219,91.0199966430664,185.00250244140625,179.66494750976562,253.9600067138672,415.84185791015625,166.852294921875,95.77999877929688,79827.90625,2346.39697265625,84.08985900878906
2026-05-05,283.67376708984375,409.7196044921875,196.271240234375,387.9487609863281,273.54998779296875,604.3998413085938,389.3699951171875,355.260009765625,87.88999938964844,186.50863647460938,184.70741271972656,255.6199951171875,426.6846923828125,184.857421875,108.1500015258789,80927.0546875,2361.1826171875,86.3191909790039
2026-05-06,286.99786376953125,412.2891845703125,207.5880584716797,397.546875,274.989990234375,612.3125,398.7300109863281,421.3900146484375,88.2699966430664,180.7235565185547,193.35731506347656,250.1699981689453,424.7677307128906,190.82281494140625,113.01000213623047,81427.53125,2350.802001953125,89.14501953125
2026-05-07,286.927978515625,419.07171630859375,211.2537841796875,397.4969177246094,271.1700134277344,616.2388305664062,411.7900085449219,408.4599914550781,88.25,185.86029052734375,193.91537475585938,256.510009765625,411.9080810546875,200.71226501464844,109.62000274658203,80009.9921875,2291.107666015625,88.40478515625
2026-05-08,292.7974853515625,413.44451904296875,214.94947814941406,400.3034362792969,272.67999267578125,609.0654907226562,428.3500061035156,455.19000244140625,87.48999786376953,181.35194396972656,195.27066040039062,253.0399932861328,429.3205261230469,217.10218811035156,124.91999816894531,80186.765625,2306.97216796875,91.94982147216797
2026-05-09,,,,,,,,,,,,,,,,80664.3671875,2326.727294921875,93.14551544189453
2026-05-10,,,,,,,,,,,,,,,,82138.9296875,2369.0439453125,96.42698669433594
2026-05-11,292.42779541015625,410.99444580078125,219.18453979492188,388.15850830078125,268.989990234375,598.3054809570312,445.0,458.7900085449219,85.44999694824219,177.0330810546875,193.16796875,246.14999389648438,427.75299072265625,235.3748779296875,129.44000244140625,81728.296875,2339.36083984375,97.35015106201172
2026-05-12,294.54595947265625,406.1241760253906,220.52297973632812,386.8701171875,265.82000732421875,602.441650390625,433.45001220703125,448.2900085449219,87.66000366210938,170.86898803710938,186.18228149414062,240.8300018310547,418.6374206542969,208.40185546875,120.61000061035156,80477.4921875,2274.6435546875,94.28429412841797
2026-05-13,298.6124572753906,403.57452392578125,225.56710815429688,402.1211853027344,270.1300048828125,616.0590209960938,445.2699890136719,445.5,87.55999755859375,165.41307067871094,189.10211181640625,236.07000732421875,416.13140869140625,211.23590087890625,120.29000091552734,79277.1171875,2257.576416015625,91.0854721069336
2026-05-14,297.9530334472656,407.7774658203125,235.465576171875,400.5731201171875,267.2200012207031,617.8573608398438,443.29998779296875,449.70001220703125,86.94000244140625,167.14859008789062,194.9318389892578,237.00999450683594,439.0950622558594,198.26467895507812,115.93000030517578,81051.25,2280.934814453125,92.14872741699219
2026-05-15,299.9713134765625,420.2170715332031,225.05770874023438,396.2884216308594,264.1400146484375,613.6612548828125,422.239990234375,424.1000061035156,87.0199966430664,173.06332397460938,192.2810516357422,247.60000610351562,424.51812744140625,199.66188049316406,108.7699966430664,79065.6796875,2223.328857421875,89.20035552978516
2026-05-16,,,,,,,,,,,,,,,,78131.4375,2179.751953125,86.53648376464844
2026-05-17,,,,,,,,,,,,,,,,77429.3515625,2127.645263671875,85.1729507446289
2026-05-18,297.5833435058594,421.83056640625,222.0612030029297,396.4482421875,264.8599853515625,610.64404296875,409.989990234375,420.989990234375,89.6500015258789,179.01795959472656,185.96304321289062,255.63999938964844,420.0451965332031,201.79237365722656,108.16999816894531,76954.171875,2128.51611328125,85.2968978881836
2026-05-19,298.7123718261719,415.7352600097656,220.35317993164062,387.1797180175781,259.3399963378906,602.052001953125,404.1099853515625,414.04998779296875,89.33000183105469,178.95811462402344,180.83090209960938,254.99000549316406,410.4204406738281,193.83522033691406,110.80000305175781,76750.90625,2109.9638671875,84.20860290527344
2026-05-20,301.98956298828125,419.36053466796875,223.20985412597656,388.4281921386719,265.010009765625,604.499755859375,417.260009765625,447.5799865722656,88.08999633789062,179.63636779785156,187.50767517089844,253.3699951171875,417.0998840332031,200.67262268066406,118.95999908447266,77457.7734375,2126.9833984375,86.04193878173828
2026-05-21,304.7271728515625,418.3025207519531,219.25445556640625,387.1797180175781,268.4599914550781,606.8175659179688,417.8500061035156,449.5899963378906,89.30000305175781,175.8561248779297,189.11209106445312,244.10000610351562,413.9149169921875,211.47373962402344,118.5,77539.171875,2131.41064453125,87.15620422363281
2026-05-22,308.55389404296875,417.7835388183594,215.07933044433594,382.49554443359375,266.32000732421875,609.6949462890625,426.010009765625,467.510009765625,88.5999984741211,179.6064453125,191.41407775878906,244.75999450683594,413.485595703125,235.99917602539062,119.83999633789062,75488.2421875,2064.636962890625,84.30709075927734
2026-05-23,,,,,,,,,,,,,,,,76673.3671875,2115.951416015625,85.65848541259766
2026-05-24,,,,,,,,,,,,,,,,76981.125,2097.993896484375,85.24969482421875
2026-05-25,,,,,,,,,,,,,,,,77279.9296875,2111.370361328125,85.01050567626953
2026-05-26,308.0643005371094,415.248291015625,214.60987854003906,388.398193359375,265.2900085449219,611.7730102539062,433.5899963378906,503.8900146484375,87.68000030517578,178.61898803710938,192.3906707763672,240.49000549316406,421.3431701660156,246.5624542236328,123.5199966430664,75825.734375,2070.858154296875,83.58651733398438
2026-05-27,310.5821533203125,411.8946228027344,212.35250854492188,388.3482360839844,271.8500061035156,634.6718139648438,440.3599853515625,495.5400085449219,87.3499984741211,177.0530242919922,190.2979736328125,238.24000549316406,421.193359375,231.2823486328125,121.7699966430664,74344.703125,2022.1982421875,82.36812591552734
2026-05-28,312.24072265625,426.18768310546875,214.00057983398438,389.64666748046875,274.0,634.7017211914062,442.1000061035156,518.0900268554688,86.36000061035156,175.7164764404297,202.99378967285156,241.44000244140625,425.9059143066406,241.08262634277344,120.88999938964844,73536.5546875,2007.552734375,81.98542785644531
2026-05-29,311.7911071777344,449.3940124511719,210.8942108154297,379.8687744140625,270.6400146484375,631.92431640625,435.7900085449219,516.0999755859375,86.0199966430664,190.60804748535156,224.9972381591797,259.2099914550781,446.06402587890625,248.7425079345703,114.68000030517578,73372.5234375,2011.978515625,81.93248748779297
2026-05-30,,,,,,,,,,,,,,,,73754.8359375,2019.458251953125,82.54729461669922
2026-05-31,,,,,,,,,,,,,,,,73579.6875,2004.341552734375,82.29830169677734
2026-06-01,306.0460510253906,459.6546936035156,224.09881591796875,375.9037170410156,261.260009765625,599.9139404296875,415.8800048828125,510.1300048828125,85.8499984741211,209.0604248046875,247.28968811035156,274.0299987792969,459.2431640625,226.91238403320312,109.33000183105469,71319.7734375,2003.22119140625,81.08702087402344
2026-06-02,314.92840576171875,440.48077392578125,222.56060791015625,361.4017028808594,256.5199890136719,597.0765991210938,423.739990234375,521.5399780273438,83.33000183105469,200.32296752929688,243.73207092285156,262.1099853515625,480.8090515136719,238.65484619140625,107.93000030517578,66703.65625,1857.71630859375,74.14286041259766
2026-06-03,309.9926452636719,426.53704833984375,214.5,358.54522705078125,250.02000427246094,622.4031372070312,423.70001220703125,542.52001953125,81.5199966430664,190.1193084716797,229.53146362304688,256.239990234375,478.4727478027344,247.7416534423828,112.70999908447266,64014.3671875,1811.7322998046875,71.61238098144531
2026-06-04,310.9618225097656,427.2456970214844,218.66000366210938,371.7289123535156,253.7899932861328,626.9888916015625,418.45001220703125,523.2000122070312,81.55999755859375,188.26409912109375,235.5206298828125,258.4200134277344,418.248046875,241.2569580078125,111.77999877929688,63801.57421875,1769.58056640625,68.71892547607422
2026-06-05,307.0751647949219,415.8870849609375,205.10000610351562,368.07342529296875,246.02999877929688,592.450927734375,391.0,466.3800048828125,82.18000030517578,185.1820526123047,212.93917846679688,251.44000244140625,385.1204833984375,214.77110290527344,99.16999816894531,60922.66796875,1580.86083984375,63.486942291259766
2026-06-06,,,,,,,,,,,,,,,,60867.4140625,1568.7677001953125,62.18980407714844
2026-06-07,,,,,,,,,,,,,,,,63239.51953125,1686.396240234375,66.31063079833984
2026-06-08,301.2801818847656,410.9663391113281,208.63999938964844,363.0766296386719,245.22000122070312,584.8479614257812,408.95001220703125,490.3299865722656,82.63999938964844,182.08006286621094,211.0856475830078,244.99000549316406,395.9732971191406,216.59120178222656,110.2699966430664,63090.58984375,1690.1485595703125,66.79495239257812
2026-06-09,290.29962158203125,402.6520080566406,208.19000244140625,364.0260314941406,244.19000244140625,584.0487060546875,396.67999267578125,475.510009765625,81.41000366210938,174.8986053466797,205.0964813232422,237.8800048828125,391.5403137207031,204.30804443359375,107.91999816894531,61643.78125,1637.7066650390625,64.9620590209961
2026-06-10,291.3287353515625,396.61334228515625,200.4199981689453,356.1510925292969,238.0,570.4512939453125,381.5899963378906,452.3999938964844,82.0,170.47999572753906,200.56224060058594,233.3800048828125,371.51202392578125,190.16502380371094,107.04000091552734,61449.2890625,1620.1376953125,63.160953521728516
2026-06-11,295.375244140625,389.6065673828125,204.8699951171875,357.5401611328125,241.50999450683594,567.9036254882812,399.1499938964844,488.45001220703125,81.2699966430664,166.4499969482422,183.4617462158203,218.8000030517578,384.9607238769531,201.8613739013672,116.95999908447266,63561.0546875,1672.2806396484375,66.82200622558594
2026-06-12,290.879150390625,390.00579833984375,205.19000244140625,359.4489440917969,238.5500030517578,566.4549560546875,406.42999267578125,511.57000732421875,80.33999633789062,165.88999938964844,183.49163818359375,204.02000427246094,381.4662780761719,210.57394409179688,124.56999969482422,63543.19921875,1665.1278076171875,66.74927520751953
2026-06-13,,,,,,,,,,,,,,,,64421.32421875,1680.214599609375,68.87278747558594
2026-06-14,,,,,,,,,,,,,,,,65710.3984375,1724.61328125,71.16618347167969
2026-06-15,296.1645812988281,399.0088806152344,212.4499969482422,369.1127624511719,246.02000427246094,593.47998046875,411.1499938964844,547.260009765625,81.66999816894531,164.5500030517578,191.97213745117188,206.36000061035156,393.3175048828125,219.61474609375,127.86000061035156,66289.5,1794.961181640625,73.97933197021484
2026-06-16,298.9821472167969,393.0899963378906,207.41000366210938,373.01025390625,246.0,600.2100219726562,404.6600036621094,507.2900085449219,78.72000122070312,161.7100067138672,187.6770782470703,207.32000732421875,376.1147155761719,212.91123962402344,117.05000305175781,65600.640625,1790.398193359375,73.41378784179688
2026-06-17,295.6949768066406,378.1980285644531,204.64999389648438,363.55633544921875,237.5,567.5800170898438,396.3800048828125,512.47998046875,76.95999908447266,155.02000427246094,182.8937225341797,196.27999877929688,392.2791442871094,211.8171844482422,121.0999984741211,64418.4453125,1747.885498046875,71.93098449707031
2026-06-18,297.7532043457031,378.6871032714844,210.69000244140625,367.7935791015625,244.38999938964844,577.219970703125,400.489990234375,537.3699951171875,77.37999725341797,151.77999877929688,183.6510772705078,195.16000366210938,410.70001220703125,224.88604736328125,133.99000549316406,62896.47265625,1709.533447265625,69.62649536132812
2026-06-19,,,,,,,,,,,,,,,,63540.8359375,1710.982421875,69.7206039428711
2026-06-20,,,,,,,,,,,,,,,,64239.67578125,1739.3013916015625,73.17265319824219
2026-06-21,,,,,,,,,,,,,,,,63237.5390625,1704.58056640625,72.41815948486328
2026-06-22,296.75408935546875,366.6497802734375,208.64999389648438,349.45538330078125,232.7899932861328,563.8499755859375,405.04998779296875,551.6300048828125,72.87999725341797,150.1199951171875,174.4630584716797,194.89999389648438,392.1300048828125,220.69883728027344,140.94000244140625,63952.10546875,1726.5108642578125,71.90816497802734
2026-06-23,294.04638671875,373.23736572265625,200.0399932861328,345.90765380859375,234.11000061035156,562.2000122070312,381.6099853515625,519.8499755859375,72.81999969482422,153.4199981689453,164.58740234375,197.42999267578125,380.1499938964844,203.02503967285156,132.27999877929688,62668.01953125,1665.436767578125,69.64368438720703
2026-06-24,292.8274230957031,364.7733154296875,199.0,345.0682067871094,234.27000427246094,557.6699829101562,375.5299987792969,519.739990234375,71.83999633789062,152.75999450683594,156.98385620117188,196.57000732421875,382.07000732421875,196.34141540527344,131.64999389648438,60995.1328125,1619.9249267578125,67.98249816894531
2026-06-25,274.91290283203125,352.1670227050781,195.74000549316406,343.48919677734375,227.00999450683594,542.8699951171875,375.1199951171875,532.5700073242188,70.9000015258789,150.19000244140625,151.9314422607422,193.41000366210938,378.9100036621094,203.79086303710938,132.8699951171875,59721.67578125,1564.816650390625,67.57408905029297
2026-06-26,283.53546142578125,372.2691955566406,192.52999877929688,337.17327880859375,232.69000244140625,550.25,379.7099914550781,521.5800170898438,73.80999755859375,158.3699951171875,148.0150604248047,202.72999572753906,365.0199890136719,188.3648223876953,128.32000732421875,60016.4296875,1576.6160888671875,71.83538055419922
2026-06-27,,,,,,,,,,,,,,,,59940.09765625,1571.5882568359375,70.41069793701172
2026-06-28,,,,,,,,,,,,,,,,59532.33984375,1570.3612060546875,71.31294250488281
2026-06-29,281.4972229003906,367.8774719238281,194.97000122070312,353.4228210449219,240.13999938964844,562.5999755859375,411.8399963378906,539.489990234375,73.77999877929688,157.92999267578125,147.2477264404297,206.42999267578125,372.45001220703125,187.69845581054688,131.72000122070312,60138.37890625,1610.205810546875,74.94681549072266
2026-06-30,289.11065673828125,372.319091796875,200.08999633789062,357.14044189453125,238.33999633789062,563.2899780273438,420.6000061035156,580.9099731445312,71.4000015258789,156.66000366210938,146.04193115234375,205.02000427246094,377.75,183.7897186279297,139.6300048828125,58558.859375,1569.5838623046875,73.52330780029297
2026-07-01,294.1263427734375,383.5579528808594,197.5800018310547,360.97796630859375,241.6999969482422,612.9099731445312,425.29998779296875,540.8800048828125,74.19000244140625,163.22999572753906,142.00596618652344,210.97999572753906,369.3399963378906,180.9352569580078,127.0199966430664,60003.7578125,1608.960693359375,77.38370513916016
2026-07-02,308.3640441894531,389.7562561035156,194.8300018310547,359.6788024902344,242.6699981689453,582.9000244140625,393.45001220703125,517.8200073242188,77.6500015258789,166.11000061035156,139.78370666503906,219.72000122070312,360.45001220703125,175.2959442138672,120.3499984741211,61485.30078125,1698.16943359375,80.64398193359375
2026-07-03,,,,,,,,,,,,,,,,62544.19921875,1756.5186767578125,82.28005981445312
2026-07-04,,,,,,,,,,,,,,,,63088.3046875,1779.032958984375,81.6496353149414
2026-07-05,,,,,,,,,,,,,,,,63547.8828125,1783.0059814453125,81.42304229736328
2026-07-06,312.3905944824219,386.0133056640625,195.5500030517578,366.2245788574219,244.16000366210938,600.2899780273438,419.7699890136719,552.0499877929688,76.0199966430664,165.64999389648438,143.2615966796875,218.07000732421875,373.8999938964844,185.47056579589844,122.19999694824219,63995.015625,1797.57373046875,81.91517639160156
2026-07-07,310.3923034667969,388.109375,196.92999267578125,366.7942199707031,245.97999572753906,615.5800170898438,402.8999938964844,516.1099853515625,76.18000030517578,169.52000427246094,141.1090850830078,221.5399932861328,370.7799987792969,181.9795684814453,110.38999938964844,63297.39453125,1768.511474609375,80.6487045288086
2026-07-08,313.1199645996094,382.6197204589844,204.1199951171875,361.6875305175781,243.6199951171875,603.1199951171875,394.05999755859375,517.4099731445312,75.58999633789062,166.5800018310547,140.00294494628906,220.94000244140625,388.69000244140625,185.55014038085938,110.23999786376953,62257.57421875,1742.6776123046875,77.78702545166016
2026-07-09,315.947509765625,383.6377868652344,202.77999877929688,358.65948486328125,247.0399932861328,631.47998046875,406.54998779296875,546.719970703125,75.47000122070312,162.5,143.72000122070312,222.64999389648438,401.1099853515625,190.0755157470703,112.54000091552734,63193.1484375,1744.484619140625,78.04546356201172
2026-07-10,315.0483093261719,384.37640380859375,210.9600067138672,356.9505615234375,245.33999633789062,669.2100219726562,407.760009765625,557.8900146484375,73.37000274658203,163.32000732421875,140.63999938964844,223.63999938964844,399.9700012207031,188.1360626220703,109.83999633789062,64127.140625,1795.6932373046875,78.06661224365234
2026-07-11,,,,,,,,,,,,,,,,63802.02734375,1788.099609375,76.82416534423828
2026-07-12,,,,,,,,,,,,,,,,63758.21875,1805.7880859375,76.87384033203125
2026-07-13,317.03656005859375,390.2553405761719,203.52999877929688,352.2835693359375,247.30999755859375,656.72998046875,394.760009765625,534.3900146484375,73.83000183105469,171.22000122070312,131.5399932861328,230.61000061035156,384.04998779296875,182.98410034179688,103.12000274658203,62239.12109375,1773.500732421875,74.86138916015625
2026-07-14,314.58868408203125,384.20672607421875,211.8000030517578,359.2790832519531,247.49000549316406,661.0399780273438,396.17999267578125,548.1300048828125,73.52999877929688,167.55999755859375,127.94000244140625,220.77999877929688,389.1099853515625,177.1359405517578,107.76000213623047,64956.11328125,1889.4798583984375,77.76244354248047
2026-07-15,327.2178039550781,394.8866271972656,212.5,370.6817626953125,254.9600067138672,681.3099975585938,394.4599914550781,529.1400146484375,73.68000030517578,167.0,132.49000549316406,224.55999755859375,394.2799987792969,177.01658630371094,102.98999786376953,64712.375,1916.9437255859375,77.26406860351562
2026-07-16,332.97283935546875,400.3463439941406,207.39999389648438,354.2322998046875,249.88999938964844,664.5399780273438,391.05999755859375,500.94000244140625,74.3499984741211,172.67999267578125,124.20999908447266,235.30999755859375,374.45001220703125,169.6864776611328,96.9800033569336,63789.28125,1863.193359375,75.27197265625
2026-07-17,333.452392578125,393.08001708984375,202.80999755859375,346.5472412109375,247.22999572753906,646.010009765625,380.8399963378906,495.760009765625,68.94999694824219,170.77000427246094,126.41000366210938,237.25,370.8299865722656,170.8501434326172,95.04000091552734,63899.4609375,1840.9881591796875,75.0115966796875
2026-07-18,,,,,,,,,,,,,,,,64796.6015625,1861.39208984375,75.46090698242188
2026-07-19,,,,,,,,,,,,,,,,64690.8046875,1871.508544921875,76.35526275634766
2026-07-20,326.3085632324219,401.53411865234375,203.27999877929688,351.7638854980469,249.99000549316406,645.8499755859375,369.57000732421875,503.57000732421875,67.5999984741211,173.7899932861328,121.37999725341797,234.74000549316406,378.1600036621094,169.39805603027344,97.05999755859375,65230.02734375,1903.7589111328125,77.79191589355469
2026-07-21,327.45758056640625,397.00262451171875,207.2899932861328,346.927001953125,247.5500030517578,643.8099975585938,378.92999267578125,544.4299926757812,68.66999816894531,170.05999755859375,127.05000305175781,227.16000366210938,386.5,172.5608367919922,105.44999694824219,66505.125,1928.3837890625,78.10860443115234
2026-07-22,325.60919189453125,389.6065673828125,212.05999755859375,341.8702392578125,244.85000610351562,627.1699829101562,374.010009765625,552.3300170898438,68.52999877929688,163.0,125.83999633789062,218.36000061035156,396.80999755859375,174.67930603027344,102.62000274658203,66100.796875,1933.4901123046875,77.90626525878906
2026-07-23,321.3828430175781,380.8630065917969,208.75999450683594,317.4859313964844,233.66000366210938,606.0999755859375,319.69000244140625,539.6900024414062,68.88999938964844,156.92999267578125,120.04000091552734,212.1699981689453,392.4700012207031,170.18377685546875,100.2300033569336,65044.8125,1877.1002197265625,75.85980224609375
2026-07-24,332.7330322265625,380.9828186035156,206.83999633789062,319.53460693359375,232.11000061035156,595.1900024414062,313.0299987792969,521.9500122070312,70.08999633789062,163.66000366210938,114.98999786376953,225.11000061035156,381.9200134277344,166.06617736816406,92.31999969482422,64098.49609375,1860.1767578125,73.87991333007812
2026-07-25,,,,,,,,,,,,,,,,64311.8125,1873.222412109375,74.4285659790039
2026-07-26,,,,,,,,,,,,,,,,65340.30078125,1953.4112548828125,76.60216522216797
2026-07-27,336.61968994140625,388.368896484375,196.50999450683594,326.3502197265625,231.38999938964844,593.8699951171875,309.2200012207031,494.95001220703125,70.4000015258789,173.60000610351562,119.9000015258789,237.75,383.2200012207031,169.1195526123047,91.66999816894531,63724.8984375,1890.613525390625,74.141845703125
2026-07-28,339.78692626953125,392.61090087890625,197.00999450683594,333.4956359863281,230.86000061035156,593.4099731445312,307.44000244140625,454.6199951171875,72.38999938964844,181.5,119.95999908447266,249.17999267578125,380.9100036621094,161.99832153320312,86.30000305175781,63871.36328125,1919.948486328125,73.69912719726562
2026-07-29,337.8985900878906,389.8061828613281,190.00999450683594,336.49371337890625,226.64999389648438,585.6099853515625,298.32000732421875,429.55999755859375,73.62999725341797,188.3800048828125,117.73999786376953,263.42999267578125,370.32000732421875,154.83729553222656,81.87999725341797,63908.16796875,1908.51904296875,73.59720611572266
2026-07-30,333.1426696777344,450.2524108886719,195.0399932861328,333.4456787109375,235.5,539.030029296875,308.8500061035156,485.3900146484375,73.16999816894531,180.7100067138672,127.55999755859375,247.89999389648438,387.8399963378906,150.77938842773438,91.12999725341797,64725.30859375,1917.3729248046875,74.46800231933594
2026-07-31,308.6438293457031,463.8468017578125,200.75,355.9012451171875,271.5799865722656,556.7100219726562,311.2099914550781,476.1499938964844,71.70999908447266,184.02000427246094,129.8699951171875,250.41000366210938,389.2799987792969,146.81097412109375,90.19999694824219,62813.74609375,1860.345947265625,72.78968048095703
2026-08-01,,,,,,,,,,,,,,,,62763.3203125,1843.417724609375,71.86627960205078
2026-08-02,,,,,,,,,,,,,,,,63482.0,1882.52197265625,73.44882202148438
2026-08-03,303.1585693359375,486.73370361328125,206.63999938964844,373.27008056640625,284.0199890136719,590.239990234375,322.0799865722656,484.6400146484375,73.33000183105469,185.9499969482422,141.85000610351562,251.33999633789062,392.2300109863281,150.7495574951172,91.0,63460.8984375,1858.2564697265625,73.47370147705078
2026-08-04,309.1134033203125,491.884033203125,211.94000244140625,377.40740966796875,277.4200134277344,587.9400024414062,327.3500061035156,518.5800170898438,73.56999969482422,190.99000549316406,145.74000549316406,257.489990234375,418.1600036621094,161.78945922851562,100.86000061035156,64055.953125,1868.3858642578125,73.71775817871094
2026-08-05,310.7320251464844,486.5440673828125,219.22000122070312,362.1971740722656,272.6499938964844,588.77001953125,321.54998779296875,482.04998779296875,74.19999694824219,192.97999572753906,144.38999938964844,259.32000732421875,418.2799987792969,156.67727661132812,101.05999755859375,64597.5,1906.5260009765625,73.96138000488281
2026-08-06,312.14080810546875,498.9207458496094,218.99000549316406,357.52020263671875,272.260009765625,589.9000244140625,319.5299987792969,489.2799987792969,73.69000244140625,186.77000427246094,143.47000122070312,260.239990234375,420.57000732421875,159.5218048095703,99.80999755859375,64262.11328125,1902.0574951171875,72.57652282714844
2026-08-07,313.05999755859375,499.0505065917969,223.9600067138672,354.0723876953125,274.4800109863281,592.0999755859375,328.5799865722656,483.3599853515625,74.13999938964844,192.74000549316406,147.02000427246094,265.2099914550781,427.760009765625,166.9513702392578,101.6500015258789,64880.19140625,1913.2794189453125,73.64265441894531
2026-08-08,,,,,,,,,,,,,,,,64904.6875,1915.532958984375,75.97223663330078
2026-08-09,,,,,,,,,,,,,,,,64844.88671875,1908.6827392578125,76.21212768554688
2026-08-10,308.260009765625,505.109130859375,217.5500030517578,357.29034423828125,278.0899963378906,594.9199829101562,330.8800048828125,469.55999755859375,76.29000091552734,197.50999450683594,151.0500030517578,272.9599914550781,422.3999938964844,161.2921600341797,97.5199966430664,63910.5859375,1871.2786865234375,75.94520568847656
2026-08-11,304.9100036621094,502.86334228515625,217.5,343.5791320800781,272.2699890136719,599.1199951171875,332.80999755859375,474.32000732421875,74.79000091552734,197.47000122070312,145.47999572753906,263.7099914550781,416.0799865722656,161.7993927001953,97.70999908447266,63551.875,1881.37353515625,76.19506072998047
2026-08-12,302.25,491.5047302246094,224.08999633789062,343.3193359375,267.2799987792969,578.8499755859375,327.510009765625,482.92999267578125,74.20999908447266,193.32000732421875,153.27999877929688,258.75,416.04998779296875,162.1873016357422,100.94999694824219,63402.43359375,1878.135009765625,75.5254898071289
2026-08-13,305.260009765625,495.9463806152344,225.3000030517578,346.13751220703125,265.1300048828125,594.969970703125,339.9599914550781,483.010009765625,78.23999786376953,201.3699951171875,156.22000122070312,270.489990234375,417.82000732421875,163.89797973632812,104.55999755859375,63402.171875,1883.9913330078125,76.17732238769531
2026-08-14,305.92999267578125,494.4691467285156,225.16000366210938,345.67779541015625,262.6499938964844,589.8499755859375,342.2699890136719,514.3900146484375,78.16000366210938,196.2100067138672,150.52000427246094,264.0199890136719,392.989990234375,164.89256286621094,102.5,62975.59375,1880.6500244140625,75.32730865478516
2026-08-15,,,,,,,,,,,,,,,,63024.3203125,1880.9083251953125,75.27230072021484
2026-08-16,,,,,,,,,,,,,,,,62818.65234375,1873.9429931640625,74.53901672363281
2026-08-17,305.5899963378906,479.44744873046875,225.00999450683594,343.7790222167969,261.30999755859375,568.969970703125,339.29998779296875,506.0,76.0199966430664,190.97000122070312,146.64999389648438,254.0399932861328,392.42999267578125,161.30210876464844,103.48999786376953,64506.25390625,1912.2021484375,75.9440689086914
2026-08-18,310.0299987792969,480.72503662109375,219.74000549316406,343.9789123535156,259.45001220703125,543.6699829101562,336.8699951171875,484.3900146484375,77.7699966430664,196.13999938964844,142.7899932861328,263.1400146484375,380.0,159.32289123535156,96.69000244140625,64680.7109375,1916.4595947265625,77.03120422363281
2026-08-19,316.8299865722656,483.3999938964844,217.55999755859375,344.4985656738281,265.8399963378906,546.030029296875,351.1199951171875,466.4200134277344,80.22000122070312,206.08999633789062,143.80999755859375,272.4700012207031,362.4800109863281,161.0335693359375,92.80000305175781,69266.1875,2251.4580078125,85.37448120117188
2026-08-20,311.29998779296875,481.1499938964844,216.85000610351562,340.451171875,260.1099853515625,545.8300170898438,345.1300048828125,469.4599914550781,80.13999938964844,205.42999267578125,142.07000732421875,272.2200012207031,364.0299987792969,159.86990356445312,92.12999725341797,73032.7578125,2326.384765625,87.6369400024414
2026-08-21,309.3500061035156,483.239990234375,214.72000122070312,344.5985107421875,258.6300048828125,549.9000244140625,362.8599853515625,473.25,79.58999633789062,209.1699981689453,146.47000122070312,275.29998779296875,368.45001220703125,159.87985229492188,90.06999969482422,78335.1875,2515.28173828125,93.65361022949219
2026-08-22,,,,,,,,,,,,,,,,77083.4140625,2424.251220703125,93.91252899169922
2026-08-23,,,,,,,,,,,,,,,,77755.265625,2463.81591796875,95.44223022460938
2026-08-24,310.3399963378906,487.30999755859375,208.47999572753906,347.83642578125,262.07000732421875,559.02001953125,348.95001220703125,456.75,80.01000213623047,209.05999755859375,142.4499969482422,276.2699890136719,358.760009765625,157.67185974121094,87.26000213623047,78964.484375,2481.831298828125,98.5616683959961
2026-08-25,309.8999938964844,491.7099914550781,213.0500030517578,346.73712158203125,261.05999755859375,570.0499877929688,350.25,479.17999267578125,82.2300033569336,205.69000244140625,144.75999450683594,273.9200134277344,356.739990234375,159.6908721923828,87.4800033569336,78564.9765625,2443.159423828125,96.6035385131836
2026-08-26,313.45001220703125,496.3699951171875,209.66000366210938,341.7803039550781,260.2799987792969,576.1400146484375,345.82000732421875,480.92999267578125,81.45999908447266,205.6199951171875,148.8699951171875,273.4700012207031,355.5899963378906,162.83377075195312,88.23999786376953,79027.421875,2506.260986328125,102.16743469238281
2026-08-27,314.5799865722656,505.05999755859375,227.97999572753906,340.4311828613281,256.260009765625,571.0999755859375,354.80999755859375,476.6700134277344,79.83999633789062,252.0500030517578,151.94000244140625,289.1499938964844,371.5400085449219,163.88803100585938,92.08999633789062,80257.5390625,2510.41015625,109.20824432373047
2026-08-28,319.70001220703125,513.530029296875,217.5500030517578,346.36737060546875,266.42999267578125,578.02001953125,348.75,465.5799865722656,81.72000122070312,256.0,150.85000610351562,291.5199890136719,368.7900085449219,163.30123901367188,89.47000122070312,77830.2890625,2442.535888671875,104.126953125
2026-08-29,,,,,,,,,,,,,,,,78245.8125,2457.686279296875,105.65202331542969
2026-08-30,,,,,,,,,,,,,,,,77667.5703125,2417.938720703125,101.87669372558594
2026-08-31,316.8500061035156,507.2900085449219,220.77999877929688,339.13201904296875,259.7699890136719,572.3400268554688,367.95001220703125,470.7200012207031,81.05000305175781,257.5400085449219,149.1199951171875,292.7900085449219,370.3399963378906,169.5571746826172,89.51000213623047,78548.6328125,2466.8203125,102.99690246582031
2026-09-01,325.1300048828125,501.0199890136719,217.44000244140625,334.8047790527344,254.9199981689453,578.5399780273438,356.0899963378906,459.6099853515625,80.80999755859375,258.1099853515625,141.32000732421875,286.0799865722656,369.67999267578125,165.7081298828125,88.97000122070312,77403.625,2417.842041015625,99.98687744140625
2026-09-02,324.9599914550781,496.82000732421875,224.41000366210938,336.9034423828125,254.97999572753906,592.8499755859375,357.010009765625,457.05999755859375,82.7300033569336,256.92999267578125,145.75,279.7900085449219,367.239990234375,169.04000854492188,90.05000305175781,77300.4765625,2391.5009765625,100.3856201171875
2026-09-03,328.2099914550781,510.1199951171875,228.4499969482422,342.260009765625,258.8999938964844,610.6799926757812,376.3699951171875,456.1600036621094,82.66999816894531,264.42999267578125,154.0399932861328,285.75,357.1600036621094,168.57000732421875,91.66999816894531,81271.7421875,2508.020751953125,103.97835540771484
2026-09-04,319.9700012207031,499.70001220703125,230.36000061035156,338.4599914550781,258.510009765625,616.77001953125,354.0799865722656,477.57000732421875,78.25,259.2300109863281,158.77999877929688,266.510009765625,357.8999938964844,168.74000549316406,95.80000305175781,79671.96875,2456.078125,101.9494857788086
2026-09-05,,,,,,,,,,,,,,,,79823.8671875,2480.735595703125,103.18762969970703
2026-09-06,,,,,,,,,,,,,,,,80350.046875,2514.548828125,106.4476318359375
2026-09-07,,,,,,,,,,,,,,,,79115.8515625,2490.9580078125,103.8662338256836
2026-09-08,316.2200012207031,493.95001220703125,225.72999572753906,338.3599853515625,256.9700012207031,613.47998046875,368.1600036621094,505.739990234375,76.7699966430664,249.1199951171875,162.52000427246094,257.260009765625,368.55999755859375,174.08999633789062,104.47000122070312,78438.578125,2484.94140625,103.32512664794922
2026-09-09,315.3399963378906,491.6499938964844,223.6699981689453,330.6499938964844,252.39999389648438,653.6900024414062,367.80999755859375,521.094970703125,76.02999877929688,244.1999969482422,161.72000122070312,254.86000061035156,364.3800048828125,176.39999389648438,106.23999786376953,78186.796875,2465.030029296875,102.2300033569336
